ISO-10303-21;
HEADER;
FILE_DESCRIPTION(('Open CASCADE Model'),'2;1');
FILE_NAME('Open CASCADE Shape Model','2026-07-30T13:11:42',('Author'),(
    'Open CASCADE'),'Open CASCADE STEP processor 7.9','Open CASCADE 7.9'
  ,'Unknown');
FILE_SCHEMA(('AUTOMOTIVE_DESIGN { 1 0 10303 214 1 1 1 1 }'));
ENDSEC;
DATA;
#1 = APPLICATION_PROTOCOL_DEFINITION('international standard',
  'automotive_design',2000,#2);
#2 = APPLICATION_CONTEXT(
  'core data for automotive mechanical design processes');
#3 = SHAPE_DEFINITION_REPRESENTATION(#4,#10);
#4 = PRODUCT_DEFINITION_SHAPE('','',#5);
#5 = PRODUCT_DEFINITION('design','',#6,#9);
#6 = PRODUCT_DEFINITION_FORMATION('','',#7);
#7 = PRODUCT('Open CASCADE STEP translator 7.9 10',
  'Open CASCADE STEP translator 7.9 10','',(#8));
#8 = PRODUCT_CONTEXT('',#2,'mechanical');
#9 = PRODUCT_DEFINITION_CONTEXT('part definition',#2,'design');
#10 = SHAPE_REPRESENTATION('',(#11,#15,#19,#23,#27),#31);
#11 = AXIS2_PLACEMENT_3D('',#12,#13,#14);
#12 = CARTESIAN_POINT('',(0.,0.,0.));
#13 = DIRECTION('',(0.,0.,1.));
#14 = DIRECTION('',(1.,0.,-0.));
#15 = AXIS2_PLACEMENT_3D('',#16,#17,#18);
#16 = CARTESIAN_POINT('',(0.,0.,0.));
#17 = DIRECTION('',(0.,0.,1.));
#18 = DIRECTION('',(1.,0.,-0.));
#19 = AXIS2_PLACEMENT_3D('',#20,#21,#22);
#20 = CARTESIAN_POINT('',(0.,0.,0.));
#21 = DIRECTION('',(0.,0.,1.));
#22 = DIRECTION('',(1.,0.,-0.));
#23 = AXIS2_PLACEMENT_3D('',#24,#25,#26);
#24 = CARTESIAN_POINT('',(0.,0.,0.));
#25 = DIRECTION('',(0.,0.,1.));
#26 = DIRECTION('',(1.,0.,-0.));
#27 = AXIS2_PLACEMENT_3D('',#28,#29,#30);
#28 = CARTESIAN_POINT('',(0.,0.,0.));
#29 = DIRECTION('',(0.,0.,1.));
#30 = DIRECTION('',(1.,0.,-0.));
#31 = ( GEOMETRIC_REPRESENTATION_CONTEXT(3) 
GLOBAL_UNCERTAINTY_ASSIGNED_CONTEXT((#35)) GLOBAL_UNIT_ASSIGNED_CONTEXT(
(#32,#33,#34)) REPRESENTATION_CONTEXT('Context #1',
  '3D Context with UNIT and UNCERTAINTY') );
#32 = ( LENGTH_UNIT() NAMED_UNIT(*) SI_UNIT(.MILLI.,.METRE.) );
#33 = ( NAMED_UNIT(*) PLANE_ANGLE_UNIT() SI_UNIT($,.RADIAN.) );
#34 = ( NAMED_UNIT(*) SI_UNIT($,.STERADIAN.) SOLID_ANGLE_UNIT() );
#35 = UNCERTAINTY_MEASURE_WITH_UNIT(LENGTH_MEASURE(1.E-07),#32,
  'distance_accuracy_value','confusion accuracy');
#36 = PRODUCT_RELATED_PRODUCT_CATEGORY('part',$,(#7));
#37 = SHAPE_DEFINITION_REPRESENTATION(#38,#44);
#38 = PRODUCT_DEFINITION_SHAPE('','',#39);
#39 = PRODUCT_DEFINITION('design','',#40,#43);
#40 = PRODUCT_DEFINITION_FORMATION('','',#41);
#41 = PRODUCT('Open CASCADE STEP translator 7.9 10.1',
  'Open CASCADE STEP translator 7.9 10.1','',(#42));
#42 = PRODUCT_CONTEXT('',#2,'mechanical');
#43 = PRODUCT_DEFINITION_CONTEXT('part definition',#2,'design');
#44 = ADVANCED_BREP_SHAPE_REPRESENTATION('',(#11,#45),#2306);
#45 = MANIFOLD_SOLID_BREP('',#46);
#46 = CLOSED_SHELL('',(#47,#229,#285,#655,#705,#755,#1024,#1080,#1139,
    #1166,#1193,#1220,#1247,#1493,#1520,#1615,#1642,#1669,#1696,#1703,
    #1762,#1797,#1828,#1912,#1961,#2010,#2059,#2108,#2136,#2171,#2230,
    #2239,#2298,#2302));
#47 = ADVANCED_FACE('',(#48,#84,#198),#61,.F.);
#48 = FACE_BOUND('',#49,.T.);
#49 = EDGE_LOOP('',(#50));
#50 = ORIENTED_EDGE('',*,*,#51,.T.);
#51 = EDGE_CURVE('',#52,#52,#54,.T.);
#52 = VERTEX_POINT('',#53);
#53 = CARTESIAN_POINT('',(0.,-30.,9.25));
#54 = SURFACE_CURVE('',#55,(#60,#72),.PCURVE_S1.);
#55 = CIRCLE('',#56,6.25);
#56 = AXIS2_PLACEMENT_3D('',#57,#58,#59);
#57 = CARTESIAN_POINT('',(0.,-30.,15.5));
#58 = DIRECTION('',(1.,0.,-0.));
#59 = DIRECTION('',(-0.,-0.,-1.));
#60 = PCURVE('',#61,#66);
#61 = PLANE('',#62);
#62 = AXIS2_PLACEMENT_3D('',#63,#64,#65);
#63 = CARTESIAN_POINT('',(0.,-48.5,31.));
#64 = DIRECTION('',(1.,-0.,-0.));
#65 = DIRECTION('',(0.,0.,1.));
#66 = DEFINITIONAL_REPRESENTATION('',(#67),#71);
#67 = CIRCLE('',#68,6.25);
#68 = AXIS2_PLACEMENT_2D('',#69,#70);
#69 = CARTESIAN_POINT('',(-15.5,-18.5));
#70 = DIRECTION('',(-1.,0.));
#71 = ( GEOMETRIC_REPRESENTATION_CONTEXT(2) 
PARAMETRIC_REPRESENTATION_CONTEXT() REPRESENTATION_CONTEXT('2D SPACE',''
  ) );
#72 = PCURVE('',#73,#78);
#73 = TOROIDAL_SURFACE('',#74,6.25,1.5);
#74 = AXIS2_PLACEMENT_3D('',#75,#76,#77);
#75 = CARTESIAN_POINT('',(-1.5,-30.,15.5));
#76 = DIRECTION('',(1.,-0.,-0.));
#77 = DIRECTION('',(-0.,-0.,-1.));
#78 = DEFINITIONAL_REPRESENTATION('',(#79),#83);
#79 = LINE('',#80,#81);
#80 = CARTESIAN_POINT('',(0.,1.570796326795));
#81 = VECTOR('',#82,1.);
#82 = DIRECTION('',(1.,0.));
#83 = ( GEOMETRIC_REPRESENTATION_CONTEXT(2) 
PARAMETRIC_REPRESENTATION_CONTEXT() REPRESENTATION_CONTEXT('2D SPACE',''
  ) );
#84 = FACE_BOUND('',#85,.T.);
#85 = EDGE_LOOP('',(#86,#116,#144,#172));
#86 = ORIENTED_EDGE('',*,*,#87,.F.);
#87 = EDGE_CURVE('',#88,#90,#92,.T.);
#88 = VERTEX_POINT('',#89);
#89 = CARTESIAN_POINT('',(-8.881784197001E-16,-48.5,26.5));
#90 = VERTEX_POINT('',#91);
#91 = CARTESIAN_POINT('',(-8.881784197001E-16,-48.5,4.5));
#92 = SURFACE_CURVE('',#93,(#97,#104),.PCURVE_S1.);
#93 = LINE('',#94,#95);
#94 = CARTESIAN_POINT('',(0.,-48.5,31.));
#95 = VECTOR('',#96,1.);
#96 = DIRECTION('',(-0.,-0.,-1.));
#97 = PCURVE('',#61,#98);
#98 = DEFINITIONAL_REPRESENTATION('',(#99),#103);
#99 = LINE('',#100,#101);
#100 = CARTESIAN_POINT('',(-0.,-0.));
#101 = VECTOR('',#102,1.);
#102 = DIRECTION('',(-1.,0.));
#103 = ( GEOMETRIC_REPRESENTATION_CONTEXT(2) 
PARAMETRIC_REPRESENTATION_CONTEXT() REPRESENTATION_CONTEXT('2D SPACE',''
  ) );
#104 = PCURVE('',#105,#110);
#105 = PLANE('',#106);
#106 = AXIS2_PLACEMENT_3D('',#107,#108,#109);
#107 = CARTESIAN_POINT('',(17.,-48.5,15.5));
#108 = DIRECTION('',(-0.,1.,-0.));
#109 = DIRECTION('',(0.,0.,1.));
#110 = DEFINITIONAL_REPRESENTATION('',(#111),#115);
#111 = LINE('',#112,#113);
#112 = CARTESIAN_POINT('',(15.5,-17.));
#113 = VECTOR('',#114,1.);
#114 = DIRECTION('',(-1.,0.));
#115 = ( GEOMETRIC_REPRESENTATION_CONTEXT(2) 
PARAMETRIC_REPRESENTATION_CONTEXT() REPRESENTATION_CONTEXT('2D SPACE',''
  ) );
#116 = ORIENTED_EDGE('',*,*,#117,.T.);
#117 = EDGE_CURVE('',#88,#118,#120,.T.);
#118 = VERTEX_POINT('',#119);
#119 = CARTESIAN_POINT('',(-8.881784197001E-16,48.5,26.5));
#120 = SURFACE_CURVE('',#121,(#125,#132),.PCURVE_S1.);
#121 = LINE('',#122,#123);
#122 = CARTESIAN_POINT('',(-8.881784197001E-16,-48.5,26.5));
#123 = VECTOR('',#124,1.);
#124 = DIRECTION('',(-0.,1.,-0.));
#125 = PCURVE('',#61,#126);
#126 = DEFINITIONAL_REPRESENTATION('',(#127),#131);
#127 = LINE('',#128,#129);
#128 = CARTESIAN_POINT('',(-4.5,0.));
#129 = VECTOR('',#130,1.);
#130 = DIRECTION('',(-0.,-1.));
#131 = ( GEOMETRIC_REPRESENTATION_CONTEXT(2) 
PARAMETRIC_REPRESENTATION_CONTEXT() REPRESENTATION_CONTEXT('2D SPACE',''
  ) );
#132 = PCURVE('',#133,#138);
#133 = CYLINDRICAL_SURFACE('',#134,4.5);
#134 = AXIS2_PLACEMENT_3D('',#135,#136,#137);
#135 = CARTESIAN_POINT('',(4.5,-48.5,26.5));
#136 = DIRECTION('',(-0.,1.,-0.));
#137 = DIRECTION('',(-1.,-0.,0.));
#138 = DEFINITIONAL_REPRESENTATION('',(#139),#143);
#139 = LINE('',#140,#141);
#140 = CARTESIAN_POINT('',(0.,0.));
#141 = VECTOR('',#142,1.);
#142 = DIRECTION('',(0.,1.));
#143 = ( GEOMETRIC_REPRESENTATION_CONTEXT(2) 
PARAMETRIC_REPRESENTATION_CONTEXT() REPRESENTATION_CONTEXT('2D SPACE',''
  ) );
#144 = ORIENTED_EDGE('',*,*,#145,.T.);
#145 = EDGE_CURVE('',#118,#146,#148,.T.);
#146 = VERTEX_POINT('',#147);
#147 = CARTESIAN_POINT('',(-8.881784197001E-16,48.5,4.5));
#148 = SURFACE_CURVE('',#149,(#153,#160),.PCURVE_S1.);
#149 = LINE('',#150,#151);
#150 = CARTESIAN_POINT('',(0.,48.5,31.));
#151 = VECTOR('',#152,1.);
#152 = DIRECTION('',(-0.,-0.,-1.));
#153 = PCURVE('',#61,#154);
#154 = DEFINITIONAL_REPRESENTATION('',(#155),#159);
#155 = LINE('',#156,#157);
#156 = CARTESIAN_POINT('',(-0.,-97.));
#157 = VECTOR('',#158,1.);
#158 = DIRECTION('',(-1.,0.));
#159 = ( GEOMETRIC_REPRESENTATION_CONTEXT(2) 
PARAMETRIC_REPRESENTATION_CONTEXT() REPRESENTATION_CONTEXT('2D SPACE',''
  ) );
#160 = PCURVE('',#161,#166);
#161 = PLANE('',#162);
#162 = AXIS2_PLACEMENT_3D('',#163,#164,#165);
#163 = CARTESIAN_POINT('',(17.,48.5,15.5));
#164 = DIRECTION('',(-0.,1.,-0.));
#165 = DIRECTION('',(0.,0.,1.));
#166 = DEFINITIONAL_REPRESENTATION('',(#167),#171);
#167 = LINE('',#168,#169);
#168 = CARTESIAN_POINT('',(15.5,-17.));
#169 = VECTOR('',#170,1.);
#170 = DIRECTION('',(-1.,0.));
#171 = ( GEOMETRIC_REPRESENTATION_CONTEXT(2) 
PARAMETRIC_REPRESENTATION_CONTEXT() REPRESENTATION_CONTEXT('2D SPACE',''
  ) );
#172 = ORIENTED_EDGE('',*,*,#173,.F.);
#173 = EDGE_CURVE('',#90,#146,#174,.T.);
#174 = SURFACE_CURVE('',#175,(#179,#186),.PCURVE_S1.);
#175 = LINE('',#176,#177);
#176 = CARTESIAN_POINT('',(-8.881784197001E-16,-48.5,4.5));
#177 = VECTOR('',#178,1.);
#178 = DIRECTION('',(-0.,1.,-0.));
#179 = PCURVE('',#61,#180);
#180 = DEFINITIONAL_REPRESENTATION('',(#181),#185);
#181 = LINE('',#182,#183);
#182 = CARTESIAN_POINT('',(-26.5,0.));
#183 = VECTOR('',#184,1.);
#184 = DIRECTION('',(-0.,-1.));
#185 = ( GEOMETRIC_REPRESENTATION_CONTEXT(2) 
PARAMETRIC_REPRESENTATION_CONTEXT() REPRESENTATION_CONTEXT('2D SPACE',''
  ) );
#186 = PCURVE('',#187,#192);
#187 = CYLINDRICAL_SURFACE('',#188,4.5);
#188 = AXIS2_PLACEMENT_3D('',#189,#190,#191);
#189 = CARTESIAN_POINT('',(4.5,-48.5,4.5));
#190 = DIRECTION('',(-0.,1.,-0.));
#191 = DIRECTION('',(0.,-0.,-1.));
#192 = DEFINITIONAL_REPRESENTATION('',(#193),#197);
#193 = LINE('',#194,#195);
#194 = CARTESIAN_POINT('',(1.570796326795,0.));
#195 = VECTOR('',#196,1.);
#196 = DIRECTION('',(0.,1.));
#197 = ( GEOMETRIC_REPRESENTATION_CONTEXT(2) 
PARAMETRIC_REPRESENTATION_CONTEXT() REPRESENTATION_CONTEXT('2D SPACE',''
  ) );
#198 = FACE_BOUND('',#199,.T.);
#199 = EDGE_LOOP('',(#200));
#200 = ORIENTED_EDGE('',*,*,#201,.T.);
#201 = EDGE_CURVE('',#202,#202,#204,.T.);
#202 = VERTEX_POINT('',#203);
#203 = CARTESIAN_POINT('',(0.,30.,9.25));
#204 = SURFACE_CURVE('',#205,(#210,#217),.PCURVE_S1.);
#205 = CIRCLE('',#206,6.25);
#206 = AXIS2_PLACEMENT_3D('',#207,#208,#209);
#207 = CARTESIAN_POINT('',(0.,30.,15.5));
#208 = DIRECTION('',(1.,0.,-0.));
#209 = DIRECTION('',(-0.,-0.,-1.));
#210 = PCURVE('',#61,#211);
#211 = DEFINITIONAL_REPRESENTATION('',(#212),#216);
#212 = CIRCLE('',#213,6.25);
#213 = AXIS2_PLACEMENT_2D('',#214,#215);
#214 = CARTESIAN_POINT('',(-15.5,-78.5));
#215 = DIRECTION('',(-1.,0.));
#216 = ( GEOMETRIC_REPRESENTATION_CONTEXT(2) 
PARAMETRIC_REPRESENTATION_CONTEXT() REPRESENTATION_CONTEXT('2D SPACE',''
  ) );
#217 = PCURVE('',#218,#223);
#218 = TOROIDAL_SURFACE('',#219,6.25,1.5);
#219 = AXIS2_PLACEMENT_3D('',#220,#221,#222);
#220 = CARTESIAN_POINT('',(-1.5,30.,15.5));
#221 = DIRECTION('',(1.,-0.,-0.));
#222 = DIRECTION('',(-0.,-0.,-1.));
#223 = DEFINITIONAL_REPRESENTATION('',(#224),#228);
#224 = LINE('',#225,#226);
#225 = CARTESIAN_POINT('',(0.,1.570796326795));
#226 = VECTOR('',#227,1.);
#227 = DIRECTION('',(1.,0.));
#228 = ( GEOMETRIC_REPRESENTATION_CONTEXT(2) 
PARAMETRIC_REPRESENTATION_CONTEXT() REPRESENTATION_CONTEXT('2D SPACE',''
  ) );
#229 = ADVANCED_FACE('',(#230),#73,.F.);
#230 = FACE_BOUND('',#231,.F.);
#231 = EDGE_LOOP('',(#232,#256,#257,#258));
#232 = ORIENTED_EDGE('',*,*,#233,.F.);
#233 = EDGE_CURVE('',#52,#234,#236,.T.);
#234 = VERTEX_POINT('',#235);
#235 = CARTESIAN_POINT('',(-1.5,-30.,10.75));
#236 = SEAM_CURVE('',#237,(#242,#249),.PCURVE_S1.);
#237 = CIRCLE('',#238,1.5);
#238 = AXIS2_PLACEMENT_3D('',#239,#240,#241);
#239 = CARTESIAN_POINT('',(-1.5,-30.,9.25));
#240 = DIRECTION('',(0.,-1.,0.));
#241 = DIRECTION('',(-0.,-0.,-1.));
#242 = PCURVE('',#73,#243);
#243 = DEFINITIONAL_REPRESENTATION('',(#244),#248);
#244 = LINE('',#245,#246);
#245 = CARTESIAN_POINT('',(0.,0.));
#246 = VECTOR('',#247,1.);
#247 = DIRECTION('',(0.,1.));
#248 = ( GEOMETRIC_REPRESENTATION_CONTEXT(2) 
PARAMETRIC_REPRESENTATION_CONTEXT() REPRESENTATION_CONTEXT('2D SPACE',''
  ) );
#249 = PCURVE('',#73,#250);
#250 = DEFINITIONAL_REPRESENTATION('',(#251),#255);
#251 = LINE('',#252,#253);
#252 = CARTESIAN_POINT('',(6.28318530718,0.));
#253 = VECTOR('',#254,1.);
#254 = DIRECTION('',(0.,1.));
#255 = ( GEOMETRIC_REPRESENTATION_CONTEXT(2) 
PARAMETRIC_REPRESENTATION_CONTEXT() REPRESENTATION_CONTEXT('2D SPACE',''
  ) );
#256 = ORIENTED_EDGE('',*,*,#51,.T.);
#257 = ORIENTED_EDGE('',*,*,#233,.T.);
#258 = ORIENTED_EDGE('',*,*,#259,.F.);
#259 = EDGE_CURVE('',#234,#234,#260,.T.);
#260 = SURFACE_CURVE('',#261,(#266,#273),.PCURVE_S1.);
#261 = CIRCLE('',#262,4.75);
#262 = AXIS2_PLACEMENT_3D('',#263,#264,#265);
#263 = CARTESIAN_POINT('',(-1.5,-30.,15.5));
#264 = DIRECTION('',(1.,0.,-0.));
#265 = DIRECTION('',(-0.,-0.,-1.));
#266 = PCURVE('',#73,#267);
#267 = DEFINITIONAL_REPRESENTATION('',(#268),#272);
#268 = LINE('',#269,#270);
#269 = CARTESIAN_POINT('',(0.,3.14159265359));
#270 = VECTOR('',#271,1.);
#271 = DIRECTION('',(1.,0.));
#272 = ( GEOMETRIC_REPRESENTATION_CONTEXT(2) 
PARAMETRIC_REPRESENTATION_CONTEXT() REPRESENTATION_CONTEXT('2D SPACE',''
  ) );
#273 = PCURVE('',#274,#279);
#274 = CYLINDRICAL_SURFACE('',#275,4.75);
#275 = AXIS2_PLACEMENT_3D('',#276,#277,#278);
#276 = CARTESIAN_POINT('',(0.,-30.,15.5));
#277 = DIRECTION('',(-1.,-0.,-0.));
#278 = DIRECTION('',(-0.,-0.,-1.));
#279 = DEFINITIONAL_REPRESENTATION('',(#280),#284);
#280 = LINE('',#281,#282);
#281 = CARTESIAN_POINT('',(-0.,1.5));
#282 = VECTOR('',#283,1.);
#283 = DIRECTION('',(-1.,0.));
#284 = ( GEOMETRIC_REPRESENTATION_CONTEXT(2) 
PARAMETRIC_REPRESENTATION_CONTEXT() REPRESENTATION_CONTEXT('2D SPACE',''
  ) );
#285 = ADVANCED_FACE('',(#286),#105,.F.);
#286 = FACE_BOUND('',#287,.T.);
#287 = EDGE_LOOP('',(#288,#318,#340,#341,#365,#393,#426,#454,#487,#515,
    #543,#571,#600,#628));
#288 = ORIENTED_EDGE('',*,*,#289,.T.);
#289 = EDGE_CURVE('',#290,#292,#294,.T.);
#290 = VERTEX_POINT('',#291);
#291 = CARTESIAN_POINT('',(32.2,-48.5,31.));
#292 = VERTEX_POINT('',#293);
#293 = CARTESIAN_POINT('',(4.5,-48.5,31.));
#294 = SURFACE_CURVE('',#295,(#299,#306),.PCURVE_S1.);
#295 = LINE('',#296,#297);
#296 = CARTESIAN_POINT('',(34.,-48.5,31.));
#297 = VECTOR('',#298,1.);
#298 = DIRECTION('',(-1.,-0.,-0.));
#299 = PCURVE('',#105,#300);
#300 = DEFINITIONAL_REPRESENTATION('',(#301),#305);
#301 = LINE('',#302,#303);
#302 = CARTESIAN_POINT('',(15.5,17.));
#303 = VECTOR('',#304,1.);
#304 = DIRECTION('',(-0.,-1.));
#305 = ( GEOMETRIC_REPRESENTATION_CONTEXT(2) 
PARAMETRIC_REPRESENTATION_CONTEXT() REPRESENTATION_CONTEXT('2D SPACE',''
  ) );
#306 = PCURVE('',#307,#312);
#307 = PLANE('',#308);
#308 = AXIS2_PLACEMENT_3D('',#309,#310,#311);
#309 = CARTESIAN_POINT('',(34.,-48.5,31.));
#310 = DIRECTION('',(-0.,0.,-1.));
#311 = DIRECTION('',(1.,0.,0.));
#312 = DEFINITIONAL_REPRESENTATION('',(#313),#317);
#313 = LINE('',#314,#315);
#314 = CARTESIAN_POINT('',(-0.,-0.));
#315 = VECTOR('',#316,1.);
#316 = DIRECTION('',(-1.,0.));
#317 = ( GEOMETRIC_REPRESENTATION_CONTEXT(2) 
PARAMETRIC_REPRESENTATION_CONTEXT() REPRESENTATION_CONTEXT('2D SPACE',''
  ) );
#318 = ORIENTED_EDGE('',*,*,#319,.F.);
#319 = EDGE_CURVE('',#88,#292,#320,.T.);
#320 = SURFACE_CURVE('',#321,(#326,#333),.PCURVE_S1.);
#321 = CIRCLE('',#322,4.5);
#322 = AXIS2_PLACEMENT_3D('',#323,#324,#325);
#323 = CARTESIAN_POINT('',(4.5,-48.5,26.5));
#324 = DIRECTION('',(0.,1.,-0.));
#325 = DIRECTION('',(-0.,-0.,-1.));
#326 = PCURVE('',#105,#327);
#327 = DEFINITIONAL_REPRESENTATION('',(#328),#332);
#328 = CIRCLE('',#329,4.5);
#329 = AXIS2_PLACEMENT_2D('',#330,#331);
#330 = CARTESIAN_POINT('',(11.,-12.5));
#331 = DIRECTION('',(-1.,0.));
#332 = ( GEOMETRIC_REPRESENTATION_CONTEXT(2) 
PARAMETRIC_REPRESENTATION_CONTEXT() REPRESENTATION_CONTEXT('2D SPACE',''
  ) );
#333 = PCURVE('',#133,#334);
#334 = DEFINITIONAL_REPRESENTATION('',(#335),#339);
#335 = LINE('',#336,#337);
#336 = CARTESIAN_POINT('',(-1.570796326795,0.));
#337 = VECTOR('',#338,1.);
#338 = DIRECTION('',(1.,0.));
#339 = ( GEOMETRIC_REPRESENTATION_CONTEXT(2) 
PARAMETRIC_REPRESENTATION_CONTEXT() REPRESENTATION_CONTEXT('2D SPACE',''
  ) );
#340 = ORIENTED_EDGE('',*,*,#87,.T.);
#341 = ORIENTED_EDGE('',*,*,#342,.F.);
#342 = EDGE_CURVE('',#343,#90,#345,.T.);
#343 = VERTEX_POINT('',#344);
#344 = CARTESIAN_POINT('',(4.5,-48.5,-8.881784197001E-16));
#345 = SURFACE_CURVE('',#346,(#351,#358),.PCURVE_S1.);
#346 = CIRCLE('',#347,4.5);
#347 = AXIS2_PLACEMENT_3D('',#348,#349,#350);
#348 = CARTESIAN_POINT('',(4.5,-48.5,4.5));
#349 = DIRECTION('',(0.,1.,-0.));
#350 = DIRECTION('',(-0.,-0.,-1.));
#351 = PCURVE('',#105,#352);
#352 = DEFINITIONAL_REPRESENTATION('',(#353),#357);
#353 = CIRCLE('',#354,4.5);
#354 = AXIS2_PLACEMENT_2D('',#355,#356);
#355 = CARTESIAN_POINT('',(-11.,-12.5));
#356 = DIRECTION('',(-1.,0.));
#357 = ( GEOMETRIC_REPRESENTATION_CONTEXT(2) 
PARAMETRIC_REPRESENTATION_CONTEXT() REPRESENTATION_CONTEXT('2D SPACE',''
  ) );
#358 = PCURVE('',#187,#359);
#359 = DEFINITIONAL_REPRESENTATION('',(#360),#364);
#360 = LINE('',#361,#362);
#361 = CARTESIAN_POINT('',(0.,0.));
#362 = VECTOR('',#363,1.);
#363 = DIRECTION('',(1.,0.));
#364 = ( GEOMETRIC_REPRESENTATION_CONTEXT(2) 
PARAMETRIC_REPRESENTATION_CONTEXT() REPRESENTATION_CONTEXT('2D SPACE',''
  ) );
#365 = ORIENTED_EDGE('',*,*,#366,.T.);
#366 = EDGE_CURVE('',#343,#367,#369,.T.);
#367 = VERTEX_POINT('',#368);
#368 = CARTESIAN_POINT('',(32.2,-48.5,-4.440892098501E-16));
#369 = SURFACE_CURVE('',#370,(#374,#381),.PCURVE_S1.);
#370 = LINE('',#371,#372);
#371 = CARTESIAN_POINT('',(0.,-48.5,0.));
#372 = VECTOR('',#373,1.);
#373 = DIRECTION('',(1.,-0.,-0.));
#374 = PCURVE('',#105,#375);
#375 = DEFINITIONAL_REPRESENTATION('',(#376),#380);
#376 = LINE('',#377,#378);
#377 = CARTESIAN_POINT('',(-15.5,-17.));
#378 = VECTOR('',#379,1.);
#379 = DIRECTION('',(-0.,1.));
#380 = ( GEOMETRIC_REPRESENTATION_CONTEXT(2) 
PARAMETRIC_REPRESENTATION_CONTEXT() REPRESENTATION_CONTEXT('2D SPACE',''
  ) );
#381 = PCURVE('',#382,#387);
#382 = PLANE('',#383);
#383 = AXIS2_PLACEMENT_3D('',#384,#385,#386);
#384 = CARTESIAN_POINT('',(0.,-48.5,0.));
#385 = DIRECTION('',(-0.,-0.,1.));
#386 = DIRECTION('',(-1.,0.,0.));
#387 = DEFINITIONAL_REPRESENTATION('',(#388),#392);
#388 = LINE('',#389,#390);
#389 = CARTESIAN_POINT('',(-0.,-0.));
#390 = VECTOR('',#391,1.);
#391 = DIRECTION('',(-1.,0.));
#392 = ( GEOMETRIC_REPRESENTATION_CONTEXT(2) 
PARAMETRIC_REPRESENTATION_CONTEXT() REPRESENTATION_CONTEXT('2D SPACE',''
  ) );
#393 = ORIENTED_EDGE('',*,*,#394,.T.);
#394 = EDGE_CURVE('',#367,#395,#397,.T.);
#395 = VERTEX_POINT('',#396);
#396 = CARTESIAN_POINT('',(34.,-48.5,1.8));
#397 = SURFACE_CURVE('',#398,(#403,#414),.PCURVE_S1.);
#398 = CIRCLE('',#399,1.8);
#399 = AXIS2_PLACEMENT_3D('',#400,#401,#402);
#400 = CARTESIAN_POINT('',(32.2,-48.5,1.8));
#401 = DIRECTION('',(0.,-1.,0.));
#402 = DIRECTION('',(0.,-0.,-1.));
#403 = PCURVE('',#105,#404);
#404 = DEFINITIONAL_REPRESENTATION('',(#405),#413);
#405 = ( BOUNDED_CURVE() B_SPLINE_CURVE(2,(#406,#407,#408,#409,#410,#411
,#412),.UNSPECIFIED.,.T.,.F.) B_SPLINE_CURVE_WITH_KNOTS((1,2,2,2,2,1),(
    -2.094395102393,0.,2.094395102393,4.188790204786,6.28318530718,
8.377580409573),.UNSPECIFIED.) CURVE() GEOMETRIC_REPRESENTATION_ITEM() 
RATIONAL_B_SPLINE_CURVE((1.,0.5,1.,0.5,1.,0.5,1.)) REPRESENTATION_ITEM(
  '') );
#406 = CARTESIAN_POINT('',(-15.5,15.2));
#407 = CARTESIAN_POINT('',(-15.5,18.317691453624));
#408 = CARTESIAN_POINT('',(-12.8,16.758845726812));
#409 = CARTESIAN_POINT('',(-10.1,15.2));
#410 = CARTESIAN_POINT('',(-12.8,13.641154273188));
#411 = CARTESIAN_POINT('',(-15.5,12.082308546376));
#412 = CARTESIAN_POINT('',(-15.5,15.2));
#413 = ( GEOMETRIC_REPRESENTATION_CONTEXT(2) 
PARAMETRIC_REPRESENTATION_CONTEXT() REPRESENTATION_CONTEXT('2D SPACE',''
  ) );
#414 = PCURVE('',#415,#420);
#415 = CYLINDRICAL_SURFACE('',#416,1.8);
#416 = AXIS2_PLACEMENT_3D('',#417,#418,#419);
#417 = CARTESIAN_POINT('',(32.2,-48.5,1.8));
#418 = DIRECTION('',(-0.,1.,-0.));
#419 = DIRECTION('',(0.,-0.,-1.));
#420 = DEFINITIONAL_REPRESENTATION('',(#421),#425);
#421 = LINE('',#422,#423);
#422 = CARTESIAN_POINT('',(-0.,0.));
#423 = VECTOR('',#424,1.);
#424 = DIRECTION('',(-1.,0.));
#425 = ( GEOMETRIC_REPRESENTATION_CONTEXT(2) 
PARAMETRIC_REPRESENTATION_CONTEXT() REPRESENTATION_CONTEXT('2D SPACE',''
  ) );
#426 = ORIENTED_EDGE('',*,*,#427,.T.);
#427 = EDGE_CURVE('',#395,#428,#430,.T.);
#428 = VERTEX_POINT('',#429);
#429 = CARTESIAN_POINT('',(34.,-48.5,3.2));
#430 = SURFACE_CURVE('',#431,(#435,#442),.PCURVE_S1.);
#431 = LINE('',#432,#433);
#432 = CARTESIAN_POINT('',(34.,-48.5,0.));
#433 = VECTOR('',#434,1.);
#434 = DIRECTION('',(-0.,-0.,1.));
#435 = PCURVE('',#105,#436);
#436 = DEFINITIONAL_REPRESENTATION('',(#437),#441);
#437 = LINE('',#438,#439);
#438 = CARTESIAN_POINT('',(-15.5,17.));
#439 = VECTOR('',#440,1.);
#440 = DIRECTION('',(1.,-0.));
#441 = ( GEOMETRIC_REPRESENTATION_CONTEXT(2) 
PARAMETRIC_REPRESENTATION_CONTEXT() REPRESENTATION_CONTEXT('2D SPACE',''
  ) );
#442 = PCURVE('',#443,#448);
#443 = PLANE('',#444);
#444 = AXIS2_PLACEMENT_3D('',#445,#446,#447);
#445 = CARTESIAN_POINT('',(34.,-48.5,0.));
#446 = DIRECTION('',(-1.,-0.,-0.));
#447 = DIRECTION('',(0.,0.,-1.));
#448 = DEFINITIONAL_REPRESENTATION('',(#449),#453);
#449 = LINE('',#450,#451);
#450 = CARTESIAN_POINT('',(-0.,-0.));
#451 = VECTOR('',#452,1.);
#452 = DIRECTION('',(-1.,-0.));
#453 = ( GEOMETRIC_REPRESENTATION_CONTEXT(2) 
PARAMETRIC_REPRESENTATION_CONTEXT() REPRESENTATION_CONTEXT('2D SPACE',''
  ) );
#454 = ORIENTED_EDGE('',*,*,#455,.T.);
#455 = EDGE_CURVE('',#428,#456,#458,.T.);
#456 = VERTEX_POINT('',#457);
#457 = CARTESIAN_POINT('',(32.2,-48.5,5.));
#458 = SURFACE_CURVE('',#459,(#464,#475),.PCURVE_S1.);
#459 = CIRCLE('',#460,1.8);
#460 = AXIS2_PLACEMENT_3D('',#461,#462,#463);
#461 = CARTESIAN_POINT('',(32.2,-48.5,3.2));
#462 = DIRECTION('',(0.,-1.,0.));
#463 = DIRECTION('',(-0.,-0.,1.));
#464 = PCURVE('',#105,#465);
#465 = DEFINITIONAL_REPRESENTATION('',(#466),#474);
#466 = ( BOUNDED_CURVE() B_SPLINE_CURVE(2,(#467,#468,#469,#470,#471,#472
,#473),.UNSPECIFIED.,.T.,.F.) B_SPLINE_CURVE_WITH_KNOTS((1,2,2,2,2,1),(
    -2.094395102393,0.,2.094395102393,4.188790204786,6.28318530718,
8.377580409573),.UNSPECIFIED.) CURVE() GEOMETRIC_REPRESENTATION_ITEM() 
RATIONAL_B_SPLINE_CURVE((1.,0.5,1.,0.5,1.,0.5,1.)) REPRESENTATION_ITEM(
  '') );
#467 = CARTESIAN_POINT('',(-10.5,15.2));
#468 = CARTESIAN_POINT('',(-10.5,12.082308546376));
#469 = CARTESIAN_POINT('',(-13.2,13.641154273188));
#470 = CARTESIAN_POINT('',(-15.9,15.2));
#471 = CARTESIAN_POINT('',(-13.2,16.758845726812));
#472 = CARTESIAN_POINT('',(-10.5,18.317691453624));
#473 = CARTESIAN_POINT('',(-10.5,15.2));
#474 = ( GEOMETRIC_REPRESENTATION_CONTEXT(2) 
PARAMETRIC_REPRESENTATION_CONTEXT() REPRESENTATION_CONTEXT('2D SPACE',''
  ) );
#475 = PCURVE('',#476,#481);
#476 = CYLINDRICAL_SURFACE('',#477,1.8);
#477 = AXIS2_PLACEMENT_3D('',#478,#479,#480);
#478 = CARTESIAN_POINT('',(32.2,48.5,3.2));
#479 = DIRECTION('',(-0.,-1.,-0.));
#480 = DIRECTION('',(1.,-0.,-0.));
#481 = DEFINITIONAL_REPRESENTATION('',(#482),#486);
#482 = LINE('',#483,#484);
#483 = CARTESIAN_POINT('',(-4.712388980385,97.));
#484 = VECTOR('',#485,1.);
#485 = DIRECTION('',(1.,0.));
#486 = ( GEOMETRIC_REPRESENTATION_CONTEXT(2) 
PARAMETRIC_REPRESENTATION_CONTEXT() REPRESENTATION_CONTEXT('2D SPACE',''
  ) );
#487 = ORIENTED_EDGE('',*,*,#488,.F.);
#488 = EDGE_CURVE('',#489,#456,#491,.T.);
#489 = VERTEX_POINT('',#490);
#490 = CARTESIAN_POINT('',(5.,-48.5,5.));
#491 = SURFACE_CURVE('',#492,(#496,#503),.PCURVE_S1.);
#492 = LINE('',#493,#494);
#493 = CARTESIAN_POINT('',(5.,-48.5,5.));
#494 = VECTOR('',#495,1.);
#495 = DIRECTION('',(1.,-0.,-0.));
#496 = PCURVE('',#105,#497);
#497 = DEFINITIONAL_REPRESENTATION('',(#498),#502);
#498 = LINE('',#499,#500);
#499 = CARTESIAN_POINT('',(-10.5,-12.));
#500 = VECTOR('',#501,1.);
#501 = DIRECTION('',(-0.,1.));
#502 = ( GEOMETRIC_REPRESENTATION_CONTEXT(2) 
PARAMETRIC_REPRESENTATION_CONTEXT() REPRESENTATION_CONTEXT('2D SPACE',''
  ) );
#503 = PCURVE('',#504,#509);
#504 = PLANE('',#505);
#505 = AXIS2_PLACEMENT_3D('',#506,#507,#508);
#506 = CARTESIAN_POINT('',(5.,-48.5,5.));
#507 = DIRECTION('',(-0.,-0.,1.));
#508 = DIRECTION('',(-1.,0.,0.));
#509 = DEFINITIONAL_REPRESENTATION('',(#510),#514);
#510 = LINE('',#511,#512);
#511 = CARTESIAN_POINT('',(-0.,-0.));
#512 = VECTOR('',#513,1.);
#513 = DIRECTION('',(-1.,0.));
#514 = ( GEOMETRIC_REPRESENTATION_CONTEXT(2) 
PARAMETRIC_REPRESENTATION_CONTEXT() REPRESENTATION_CONTEXT('2D SPACE',''
  ) );
#515 = ORIENTED_EDGE('',*,*,#516,.F.);
#516 = EDGE_CURVE('',#517,#489,#519,.T.);
#517 = VERTEX_POINT('',#518);
#518 = CARTESIAN_POINT('',(5.,-48.5,26.));
#519 = SURFACE_CURVE('',#520,(#524,#531),.PCURVE_S1.);
#520 = LINE('',#521,#522);
#521 = CARTESIAN_POINT('',(5.,-48.5,26.));
#522 = VECTOR('',#523,1.);
#523 = DIRECTION('',(-0.,-0.,-1.));
#524 = PCURVE('',#105,#525);
#525 = DEFINITIONAL_REPRESENTATION('',(#526),#530);
#526 = LINE('',#527,#528);
#527 = CARTESIAN_POINT('',(10.5,-12.));
#528 = VECTOR('',#529,1.);
#529 = DIRECTION('',(-1.,0.));
#530 = ( GEOMETRIC_REPRESENTATION_CONTEXT(2) 
PARAMETRIC_REPRESENTATION_CONTEXT() REPRESENTATION_CONTEXT('2D SPACE',''
  ) );
#531 = PCURVE('',#532,#537);
#532 = PLANE('',#533);
#533 = AXIS2_PLACEMENT_3D('',#534,#535,#536);
#534 = CARTESIAN_POINT('',(5.,-48.5,26.));
#535 = DIRECTION('',(1.,-0.,-0.));
#536 = DIRECTION('',(0.,0.,1.));
#537 = DEFINITIONAL_REPRESENTATION('',(#538),#542);
#538 = LINE('',#539,#540);
#539 = CARTESIAN_POINT('',(-0.,-0.));
#540 = VECTOR('',#541,1.);
#541 = DIRECTION('',(-1.,0.));
#542 = ( GEOMETRIC_REPRESENTATION_CONTEXT(2) 
PARAMETRIC_REPRESENTATION_CONTEXT() REPRESENTATION_CONTEXT('2D SPACE',''
  ) );
#543 = ORIENTED_EDGE('',*,*,#544,.F.);
#544 = EDGE_CURVE('',#545,#517,#547,.T.);
#545 = VERTEX_POINT('',#546);
#546 = CARTESIAN_POINT('',(32.2,-48.5,26.));
#547 = SURFACE_CURVE('',#548,(#552,#559),.PCURVE_S1.);
#548 = LINE('',#549,#550);
#549 = CARTESIAN_POINT('',(39.,-48.5,26.));
#550 = VECTOR('',#551,1.);
#551 = DIRECTION('',(-1.,-0.,-0.));
#552 = PCURVE('',#105,#553);
#553 = DEFINITIONAL_REPRESENTATION('',(#554),#558);
#554 = LINE('',#555,#556);
#555 = CARTESIAN_POINT('',(10.5,22.));
#556 = VECTOR('',#557,1.);
#557 = DIRECTION('',(-0.,-1.));
#558 = ( GEOMETRIC_REPRESENTATION_CONTEXT(2) 
PARAMETRIC_REPRESENTATION_CONTEXT() REPRESENTATION_CONTEXT('2D SPACE',''
  ) );
#559 = PCURVE('',#560,#565);
#560 = PLANE('',#561);
#561 = AXIS2_PLACEMENT_3D('',#562,#563,#564);
#562 = CARTESIAN_POINT('',(39.,-48.5,26.));
#563 = DIRECTION('',(-0.,0.,-1.));
#564 = DIRECTION('',(1.,0.,0.));
#565 = DEFINITIONAL_REPRESENTATION('',(#566),#570);
#566 = LINE('',#567,#568);
#567 = CARTESIAN_POINT('',(-0.,-0.));
#568 = VECTOR('',#569,1.);
#569 = DIRECTION('',(-1.,0.));
#570 = ( GEOMETRIC_REPRESENTATION_CONTEXT(2) 
PARAMETRIC_REPRESENTATION_CONTEXT() REPRESENTATION_CONTEXT('2D SPACE',''
  ) );
#571 = ORIENTED_EDGE('',*,*,#572,.F.);
#572 = EDGE_CURVE('',#573,#545,#575,.T.);
#573 = VERTEX_POINT('',#574);
#574 = CARTESIAN_POINT('',(34.,-48.5,27.8));
#575 = SURFACE_CURVE('',#576,(#581,#588),.PCURVE_S1.);
#576 = CIRCLE('',#577,1.8);
#577 = AXIS2_PLACEMENT_3D('',#578,#579,#580);
#578 = CARTESIAN_POINT('',(32.2,-48.5,27.8));
#579 = DIRECTION('',(0.,1.,-0.));
#580 = DIRECTION('',(-0.,-0.,-1.));
#581 = PCURVE('',#105,#582);
#582 = DEFINITIONAL_REPRESENTATION('',(#583),#587);
#583 = CIRCLE('',#584,1.8);
#584 = AXIS2_PLACEMENT_2D('',#585,#586);
#585 = CARTESIAN_POINT('',(12.3,15.2));
#586 = DIRECTION('',(-1.,0.));
#587 = ( GEOMETRIC_REPRESENTATION_CONTEXT(2) 
PARAMETRIC_REPRESENTATION_CONTEXT() REPRESENTATION_CONTEXT('2D SPACE',''
  ) );
#588 = PCURVE('',#589,#594);
#589 = CYLINDRICAL_SURFACE('',#590,1.8);
#590 = AXIS2_PLACEMENT_3D('',#591,#592,#593);
#591 = CARTESIAN_POINT('',(32.2,-48.5,27.8));
#592 = DIRECTION('',(-0.,1.,-0.));
#593 = DIRECTION('',(1.,-0.,-0.));
#594 = DEFINITIONAL_REPRESENTATION('',(#595),#599);
#595 = LINE('',#596,#597);
#596 = CARTESIAN_POINT('',(-4.712388980385,0.));
#597 = VECTOR('',#598,1.);
#598 = DIRECTION('',(1.,0.));
#599 = ( GEOMETRIC_REPRESENTATION_CONTEXT(2) 
PARAMETRIC_REPRESENTATION_CONTEXT() REPRESENTATION_CONTEXT('2D SPACE',''
  ) );
#600 = ORIENTED_EDGE('',*,*,#601,.T.);
#601 = EDGE_CURVE('',#573,#602,#604,.T.);
#602 = VERTEX_POINT('',#603);
#603 = CARTESIAN_POINT('',(34.,-48.5,29.2));
#604 = SURFACE_CURVE('',#605,(#609,#616),.PCURVE_S1.);
#605 = LINE('',#606,#607);
#606 = CARTESIAN_POINT('',(34.,-48.5,0.));
#607 = VECTOR('',#608,1.);
#608 = DIRECTION('',(-0.,-0.,1.));
#609 = PCURVE('',#105,#610);
#610 = DEFINITIONAL_REPRESENTATION('',(#611),#615);
#611 = LINE('',#612,#613);
#612 = CARTESIAN_POINT('',(-15.5,17.));
#613 = VECTOR('',#614,1.);
#614 = DIRECTION('',(1.,-0.));
#615 = ( GEOMETRIC_REPRESENTATION_CONTEXT(2) 
PARAMETRIC_REPRESENTATION_CONTEXT() REPRESENTATION_CONTEXT('2D SPACE',''
  ) );
#616 = PCURVE('',#617,#622);
#617 = PLANE('',#618);
#618 = AXIS2_PLACEMENT_3D('',#619,#620,#621);
#619 = CARTESIAN_POINT('',(34.,-48.5,0.));
#620 = DIRECTION('',(-1.,-0.,-0.));
#621 = DIRECTION('',(0.,0.,-1.));
#622 = DEFINITIONAL_REPRESENTATION('',(#623),#627);
#623 = LINE('',#624,#625);
#624 = CARTESIAN_POINT('',(-0.,-0.));
#625 = VECTOR('',#626,1.);
#626 = DIRECTION('',(-1.,-0.));
#627 = ( GEOMETRIC_REPRESENTATION_CONTEXT(2) 
PARAMETRIC_REPRESENTATION_CONTEXT() REPRESENTATION_CONTEXT('2D SPACE',''
  ) );
#628 = ORIENTED_EDGE('',*,*,#629,.F.);
#629 = EDGE_CURVE('',#290,#602,#630,.T.);
#630 = SURFACE_CURVE('',#631,(#636,#643),.PCURVE_S1.);
#631 = CIRCLE('',#632,1.8);
#632 = AXIS2_PLACEMENT_3D('',#633,#634,#635);
#633 = CARTESIAN_POINT('',(32.2,-48.5,29.2));
#634 = DIRECTION('',(0.,1.,-0.));
#635 = DIRECTION('',(-0.,-0.,-1.));
#636 = PCURVE('',#105,#637);
#637 = DEFINITIONAL_REPRESENTATION('',(#638),#642);
#638 = CIRCLE('',#639,1.8);
#639 = AXIS2_PLACEMENT_2D('',#640,#641);
#640 = CARTESIAN_POINT('',(13.7,15.2));
#641 = DIRECTION('',(-1.,0.));
#642 = ( GEOMETRIC_REPRESENTATION_CONTEXT(2) 
PARAMETRIC_REPRESENTATION_CONTEXT() REPRESENTATION_CONTEXT('2D SPACE',''
  ) );
#643 = PCURVE('',#644,#649);
#644 = CYLINDRICAL_SURFACE('',#645,1.8);
#645 = AXIS2_PLACEMENT_3D('',#646,#647,#648);
#646 = CARTESIAN_POINT('',(32.2,-48.5,29.2));
#647 = DIRECTION('',(-0.,1.,-0.));
#648 = DIRECTION('',(-0.,-0.,1.));
#649 = DEFINITIONAL_REPRESENTATION('',(#650),#654);
#650 = LINE('',#651,#652);
#651 = CARTESIAN_POINT('',(-3.14159265359,0.));
#652 = VECTOR('',#653,1.);
#653 = DIRECTION('',(1.,0.));
#654 = ( GEOMETRIC_REPRESENTATION_CONTEXT(2) 
PARAMETRIC_REPRESENTATION_CONTEXT() REPRESENTATION_CONTEXT('2D SPACE',''
  ) );
#655 = ADVANCED_FACE('',(#656),#133,.T.);
#656 = FACE_BOUND('',#657,.T.);
#657 = EDGE_LOOP('',(#658,#659,#682,#704));
#658 = ORIENTED_EDGE('',*,*,#319,.T.);
#659 = ORIENTED_EDGE('',*,*,#660,.T.);
#660 = EDGE_CURVE('',#292,#661,#663,.T.);
#661 = VERTEX_POINT('',#662);
#662 = CARTESIAN_POINT('',(4.5,48.5,31.));
#663 = SURFACE_CURVE('',#664,(#668,#675),.PCURVE_S1.);
#664 = LINE('',#665,#666);
#665 = CARTESIAN_POINT('',(4.5,-48.5,31.));
#666 = VECTOR('',#667,1.);
#667 = DIRECTION('',(-0.,1.,-0.));
#668 = PCURVE('',#133,#669);
#669 = DEFINITIONAL_REPRESENTATION('',(#670),#674);
#670 = LINE('',#671,#672);
#671 = CARTESIAN_POINT('',(1.570796326795,0.));
#672 = VECTOR('',#673,1.);
#673 = DIRECTION('',(0.,1.));
#674 = ( GEOMETRIC_REPRESENTATION_CONTEXT(2) 
PARAMETRIC_REPRESENTATION_CONTEXT() REPRESENTATION_CONTEXT('2D SPACE',''
  ) );
#675 = PCURVE('',#307,#676);
#676 = DEFINITIONAL_REPRESENTATION('',(#677),#681);
#677 = LINE('',#678,#679);
#678 = CARTESIAN_POINT('',(-29.5,0.));
#679 = VECTOR('',#680,1.);
#680 = DIRECTION('',(-0.,-1.));
#681 = ( GEOMETRIC_REPRESENTATION_CONTEXT(2) 
PARAMETRIC_REPRESENTATION_CONTEXT() REPRESENTATION_CONTEXT('2D SPACE',''
  ) );
#682 = ORIENTED_EDGE('',*,*,#683,.F.);
#683 = EDGE_CURVE('',#118,#661,#684,.T.);
#684 = SURFACE_CURVE('',#685,(#690,#697),.PCURVE_S1.);
#685 = CIRCLE('',#686,4.5);
#686 = AXIS2_PLACEMENT_3D('',#687,#688,#689);
#687 = CARTESIAN_POINT('',(4.5,48.5,26.5));
#688 = DIRECTION('',(0.,1.,-0.));
#689 = DIRECTION('',(-0.,-0.,-1.));
#690 = PCURVE('',#133,#691);
#691 = DEFINITIONAL_REPRESENTATION('',(#692),#696);
#692 = LINE('',#693,#694);
#693 = CARTESIAN_POINT('',(-1.570796326795,97.));
#694 = VECTOR('',#695,1.);
#695 = DIRECTION('',(1.,0.));
#696 = ( GEOMETRIC_REPRESENTATION_CONTEXT(2) 
PARAMETRIC_REPRESENTATION_CONTEXT() REPRESENTATION_CONTEXT('2D SPACE',''
  ) );
#697 = PCURVE('',#161,#698);
#698 = DEFINITIONAL_REPRESENTATION('',(#699),#703);
#699 = CIRCLE('',#700,4.5);
#700 = AXIS2_PLACEMENT_2D('',#701,#702);
#701 = CARTESIAN_POINT('',(11.,-12.5));
#702 = DIRECTION('',(-1.,0.));
#703 = ( GEOMETRIC_REPRESENTATION_CONTEXT(2) 
PARAMETRIC_REPRESENTATION_CONTEXT() REPRESENTATION_CONTEXT('2D SPACE',''
  ) );
#704 = ORIENTED_EDGE('',*,*,#117,.F.);
#705 = ADVANCED_FACE('',(#706),#187,.T.);
#706 = FACE_BOUND('',#707,.T.);
#707 = EDGE_LOOP('',(#708,#709,#710,#734));
#708 = ORIENTED_EDGE('',*,*,#342,.T.);
#709 = ORIENTED_EDGE('',*,*,#173,.T.);
#710 = ORIENTED_EDGE('',*,*,#711,.F.);
#711 = EDGE_CURVE('',#712,#146,#714,.T.);
#712 = VERTEX_POINT('',#713);
#713 = CARTESIAN_POINT('',(4.5,48.5,-8.881784197001E-16));
#714 = SURFACE_CURVE('',#715,(#720,#727),.PCURVE_S1.);
#715 = CIRCLE('',#716,4.5);
#716 = AXIS2_PLACEMENT_3D('',#717,#718,#719);
#717 = CARTESIAN_POINT('',(4.5,48.5,4.5));
#718 = DIRECTION('',(0.,1.,-0.));
#719 = DIRECTION('',(-0.,-0.,-1.));
#720 = PCURVE('',#187,#721);
#721 = DEFINITIONAL_REPRESENTATION('',(#722),#726);
#722 = LINE('',#723,#724);
#723 = CARTESIAN_POINT('',(0.,97.));
#724 = VECTOR('',#725,1.);
#725 = DIRECTION('',(1.,0.));
#726 = ( GEOMETRIC_REPRESENTATION_CONTEXT(2) 
PARAMETRIC_REPRESENTATION_CONTEXT() REPRESENTATION_CONTEXT('2D SPACE',''
  ) );
#727 = PCURVE('',#161,#728);
#728 = DEFINITIONAL_REPRESENTATION('',(#729),#733);
#729 = CIRCLE('',#730,4.5);
#730 = AXIS2_PLACEMENT_2D('',#731,#732);
#731 = CARTESIAN_POINT('',(-11.,-12.5));
#732 = DIRECTION('',(-1.,0.));
#733 = ( GEOMETRIC_REPRESENTATION_CONTEXT(2) 
PARAMETRIC_REPRESENTATION_CONTEXT() REPRESENTATION_CONTEXT('2D SPACE',''
  ) );
#734 = ORIENTED_EDGE('',*,*,#735,.F.);
#735 = EDGE_CURVE('',#343,#712,#736,.T.);
#736 = SURFACE_CURVE('',#737,(#741,#748),.PCURVE_S1.);
#737 = LINE('',#738,#739);
#738 = CARTESIAN_POINT('',(4.5,-48.5,-8.881784197001E-16));
#739 = VECTOR('',#740,1.);
#740 = DIRECTION('',(-0.,1.,-0.));
#741 = PCURVE('',#187,#742);
#742 = DEFINITIONAL_REPRESENTATION('',(#743),#747);
#743 = LINE('',#744,#745);
#744 = CARTESIAN_POINT('',(0.,0.));
#745 = VECTOR('',#746,1.);
#746 = DIRECTION('',(0.,1.));
#747 = ( GEOMETRIC_REPRESENTATION_CONTEXT(2) 
PARAMETRIC_REPRESENTATION_CONTEXT() REPRESENTATION_CONTEXT('2D SPACE',''
  ) );
#748 = PCURVE('',#382,#749);
#749 = DEFINITIONAL_REPRESENTATION('',(#750),#754);
#750 = LINE('',#751,#752);
#751 = CARTESIAN_POINT('',(-4.5,-0.));
#752 = VECTOR('',#753,1.);
#753 = DIRECTION('',(-0.,-1.));
#754 = ( GEOMETRIC_REPRESENTATION_CONTEXT(2) 
PARAMETRIC_REPRESENTATION_CONTEXT() REPRESENTATION_CONTEXT('2D SPACE',''
  ) );
#755 = ADVANCED_FACE('',(#756),#161,.T.);
#756 = FACE_BOUND('',#757,.F.);
#757 = EDGE_LOOP('',(#758,#781,#782,#783,#784,#807,#835,#858,#886,#909,
    #932,#955,#979,#1002));
#758 = ORIENTED_EDGE('',*,*,#759,.T.);
#759 = EDGE_CURVE('',#760,#661,#762,.T.);
#760 = VERTEX_POINT('',#761);
#761 = CARTESIAN_POINT('',(32.2,48.5,31.));
#762 = SURFACE_CURVE('',#763,(#767,#774),.PCURVE_S1.);
#763 = LINE('',#764,#765);
#764 = CARTESIAN_POINT('',(34.,48.5,31.));
#765 = VECTOR('',#766,1.);
#766 = DIRECTION('',(-1.,-0.,-0.));
#767 = PCURVE('',#161,#768);
#768 = DEFINITIONAL_REPRESENTATION('',(#769),#773);
#769 = LINE('',#770,#771);
#770 = CARTESIAN_POINT('',(15.5,17.));
#771 = VECTOR('',#772,1.);
#772 = DIRECTION('',(-0.,-1.));
#773 = ( GEOMETRIC_REPRESENTATION_CONTEXT(2) 
PARAMETRIC_REPRESENTATION_CONTEXT() REPRESENTATION_CONTEXT('2D SPACE',''
  ) );
#774 = PCURVE('',#307,#775);
#775 = DEFINITIONAL_REPRESENTATION('',(#776),#780);
#776 = LINE('',#777,#778);
#777 = CARTESIAN_POINT('',(-0.,-97.));
#778 = VECTOR('',#779,1.);
#779 = DIRECTION('',(-1.,0.));
#780 = ( GEOMETRIC_REPRESENTATION_CONTEXT(2) 
PARAMETRIC_REPRESENTATION_CONTEXT() REPRESENTATION_CONTEXT('2D SPACE',''
  ) );
#781 = ORIENTED_EDGE('',*,*,#683,.F.);
#782 = ORIENTED_EDGE('',*,*,#145,.T.);
#783 = ORIENTED_EDGE('',*,*,#711,.F.);
#784 = ORIENTED_EDGE('',*,*,#785,.T.);
#785 = EDGE_CURVE('',#712,#786,#788,.T.);
#786 = VERTEX_POINT('',#787);
#787 = CARTESIAN_POINT('',(32.2,48.5,-4.440892098501E-16));
#788 = SURFACE_CURVE('',#789,(#793,#800),.PCURVE_S1.);
#789 = LINE('',#790,#791);
#790 = CARTESIAN_POINT('',(0.,48.5,0.));
#791 = VECTOR('',#792,1.);
#792 = DIRECTION('',(1.,-0.,-0.));
#793 = PCURVE('',#161,#794);
#794 = DEFINITIONAL_REPRESENTATION('',(#795),#799);
#795 = LINE('',#796,#797);
#796 = CARTESIAN_POINT('',(-15.5,-17.));
#797 = VECTOR('',#798,1.);
#798 = DIRECTION('',(-0.,1.));
#799 = ( GEOMETRIC_REPRESENTATION_CONTEXT(2) 
PARAMETRIC_REPRESENTATION_CONTEXT() REPRESENTATION_CONTEXT('2D SPACE',''
  ) );
#800 = PCURVE('',#382,#801);
#801 = DEFINITIONAL_REPRESENTATION('',(#802),#806);
#802 = LINE('',#803,#804);
#803 = CARTESIAN_POINT('',(-0.,-97.));
#804 = VECTOR('',#805,1.);
#805 = DIRECTION('',(-1.,0.));
#806 = ( GEOMETRIC_REPRESENTATION_CONTEXT(2) 
PARAMETRIC_REPRESENTATION_CONTEXT() REPRESENTATION_CONTEXT('2D SPACE',''
  ) );
#807 = ORIENTED_EDGE('',*,*,#808,.T.);
#808 = EDGE_CURVE('',#786,#809,#811,.T.);
#809 = VERTEX_POINT('',#810);
#810 = CARTESIAN_POINT('',(34.,48.5,1.8));
#811 = SURFACE_CURVE('',#812,(#817,#828),.PCURVE_S1.);
#812 = CIRCLE('',#813,1.8);
#813 = AXIS2_PLACEMENT_3D('',#814,#815,#816);
#814 = CARTESIAN_POINT('',(32.2,48.5,1.8));
#815 = DIRECTION('',(0.,-1.,0.));
#816 = DIRECTION('',(0.,-0.,-1.));
#817 = PCURVE('',#161,#818);
#818 = DEFINITIONAL_REPRESENTATION('',(#819),#827);
#819 = ( BOUNDED_CURVE() B_SPLINE_CURVE(2,(#820,#821,#822,#823,#824,#825
,#826),.UNSPECIFIED.,.T.,.F.) B_SPLINE_CURVE_WITH_KNOTS((1,2,2,2,2,1),(
    -2.094395102393,0.,2.094395102393,4.188790204786,6.28318530718,
8.377580409573),.UNSPECIFIED.) CURVE() GEOMETRIC_REPRESENTATION_ITEM() 
RATIONAL_B_SPLINE_CURVE((1.,0.5,1.,0.5,1.,0.5,1.)) REPRESENTATION_ITEM(
  '') );
#820 = CARTESIAN_POINT('',(-15.5,15.2));
#821 = CARTESIAN_POINT('',(-15.5,18.317691453624));
#822 = CARTESIAN_POINT('',(-12.8,16.758845726812));
#823 = CARTESIAN_POINT('',(-10.1,15.2));
#824 = CARTESIAN_POINT('',(-12.8,13.641154273188));
#825 = CARTESIAN_POINT('',(-15.5,12.082308546376));
#826 = CARTESIAN_POINT('',(-15.5,15.2));
#827 = ( GEOMETRIC_REPRESENTATION_CONTEXT(2) 
PARAMETRIC_REPRESENTATION_CONTEXT() REPRESENTATION_CONTEXT('2D SPACE',''
  ) );
#828 = PCURVE('',#415,#829);
#829 = DEFINITIONAL_REPRESENTATION('',(#830),#834);
#830 = LINE('',#831,#832);
#831 = CARTESIAN_POINT('',(-0.,97.));
#832 = VECTOR('',#833,1.);
#833 = DIRECTION('',(-1.,0.));
#834 = ( GEOMETRIC_REPRESENTATION_CONTEXT(2) 
PARAMETRIC_REPRESENTATION_CONTEXT() REPRESENTATION_CONTEXT('2D SPACE',''
  ) );
#835 = ORIENTED_EDGE('',*,*,#836,.T.);
#836 = EDGE_CURVE('',#809,#837,#839,.T.);
#837 = VERTEX_POINT('',#838);
#838 = CARTESIAN_POINT('',(34.,48.5,3.2));
#839 = SURFACE_CURVE('',#840,(#844,#851),.PCURVE_S1.);
#840 = LINE('',#841,#842);
#841 = CARTESIAN_POINT('',(34.,48.5,0.));
#842 = VECTOR('',#843,1.);
#843 = DIRECTION('',(-0.,-0.,1.));
#844 = PCURVE('',#161,#845);
#845 = DEFINITIONAL_REPRESENTATION('',(#846),#850);
#846 = LINE('',#847,#848);
#847 = CARTESIAN_POINT('',(-15.5,17.));
#848 = VECTOR('',#849,1.);
#849 = DIRECTION('',(1.,-0.));
#850 = ( GEOMETRIC_REPRESENTATION_CONTEXT(2) 
PARAMETRIC_REPRESENTATION_CONTEXT() REPRESENTATION_CONTEXT('2D SPACE',''
  ) );
#851 = PCURVE('',#443,#852);
#852 = DEFINITIONAL_REPRESENTATION('',(#853),#857);
#853 = LINE('',#854,#855);
#854 = CARTESIAN_POINT('',(-0.,-97.));
#855 = VECTOR('',#856,1.);
#856 = DIRECTION('',(-1.,-0.));
#857 = ( GEOMETRIC_REPRESENTATION_CONTEXT(2) 
PARAMETRIC_REPRESENTATION_CONTEXT() REPRESENTATION_CONTEXT('2D SPACE',''
  ) );
#858 = ORIENTED_EDGE('',*,*,#859,.T.);
#859 = EDGE_CURVE('',#837,#860,#862,.T.);
#860 = VERTEX_POINT('',#861);
#861 = CARTESIAN_POINT('',(32.2,48.5,5.));
#862 = SURFACE_CURVE('',#863,(#868,#879),.PCURVE_S1.);
#863 = CIRCLE('',#864,1.8);
#864 = AXIS2_PLACEMENT_3D('',#865,#866,#867);
#865 = CARTESIAN_POINT('',(32.2,48.5,3.2));
#866 = DIRECTION('',(0.,-1.,0.));
#867 = DIRECTION('',(-0.,-0.,1.));
#868 = PCURVE('',#161,#869);
#869 = DEFINITIONAL_REPRESENTATION('',(#870),#878);
#870 = ( BOUNDED_CURVE() B_SPLINE_CURVE(2,(#871,#872,#873,#874,#875,#876
,#877),.UNSPECIFIED.,.T.,.F.) B_SPLINE_CURVE_WITH_KNOTS((1,2,2,2,2,1),(
    -2.094395102393,0.,2.094395102393,4.188790204786,6.28318530718,
8.377580409573),.UNSPECIFIED.) CURVE() GEOMETRIC_REPRESENTATION_ITEM() 
RATIONAL_B_SPLINE_CURVE((1.,0.5,1.,0.5,1.,0.5,1.)) REPRESENTATION_ITEM(
  '') );
#871 = CARTESIAN_POINT('',(-10.5,15.2));
#872 = CARTESIAN_POINT('',(-10.5,12.082308546376));
#873 = CARTESIAN_POINT('',(-13.2,13.641154273188));
#874 = CARTESIAN_POINT('',(-15.9,15.2));
#875 = CARTESIAN_POINT('',(-13.2,16.758845726812));
#876 = CARTESIAN_POINT('',(-10.5,18.317691453624));
#877 = CARTESIAN_POINT('',(-10.5,15.2));
#878 = ( GEOMETRIC_REPRESENTATION_CONTEXT(2) 
PARAMETRIC_REPRESENTATION_CONTEXT() REPRESENTATION_CONTEXT('2D SPACE',''
  ) );
#879 = PCURVE('',#476,#880);
#880 = DEFINITIONAL_REPRESENTATION('',(#881),#885);
#881 = LINE('',#882,#883);
#882 = CARTESIAN_POINT('',(-4.712388980385,0.));
#883 = VECTOR('',#884,1.);
#884 = DIRECTION('',(1.,0.));
#885 = ( GEOMETRIC_REPRESENTATION_CONTEXT(2) 
PARAMETRIC_REPRESENTATION_CONTEXT() REPRESENTATION_CONTEXT('2D SPACE',''
  ) );
#886 = ORIENTED_EDGE('',*,*,#887,.F.);
#887 = EDGE_CURVE('',#888,#860,#890,.T.);
#888 = VERTEX_POINT('',#889);
#889 = CARTESIAN_POINT('',(5.,48.5,5.));
#890 = SURFACE_CURVE('',#891,(#895,#902),.PCURVE_S1.);
#891 = LINE('',#892,#893);
#892 = CARTESIAN_POINT('',(5.,48.5,5.));
#893 = VECTOR('',#894,1.);
#894 = DIRECTION('',(1.,-0.,-0.));
#895 = PCURVE('',#161,#896);
#896 = DEFINITIONAL_REPRESENTATION('',(#897),#901);
#897 = LINE('',#898,#899);
#898 = CARTESIAN_POINT('',(-10.5,-12.));
#899 = VECTOR('',#900,1.);
#900 = DIRECTION('',(-0.,1.));
#901 = ( GEOMETRIC_REPRESENTATION_CONTEXT(2) 
PARAMETRIC_REPRESENTATION_CONTEXT() REPRESENTATION_CONTEXT('2D SPACE',''
  ) );
#902 = PCURVE('',#504,#903);
#903 = DEFINITIONAL_REPRESENTATION('',(#904),#908);
#904 = LINE('',#905,#906);
#905 = CARTESIAN_POINT('',(-0.,-97.));
#906 = VECTOR('',#907,1.);
#907 = DIRECTION('',(-1.,0.));
#908 = ( GEOMETRIC_REPRESENTATION_CONTEXT(2) 
PARAMETRIC_REPRESENTATION_CONTEXT() REPRESENTATION_CONTEXT('2D SPACE',''
  ) );
#909 = ORIENTED_EDGE('',*,*,#910,.F.);
#910 = EDGE_CURVE('',#911,#888,#913,.T.);
#911 = VERTEX_POINT('',#912);
#912 = CARTESIAN_POINT('',(5.,48.5,26.));
#913 = SURFACE_CURVE('',#914,(#918,#925),.PCURVE_S1.);
#914 = LINE('',#915,#916);
#915 = CARTESIAN_POINT('',(5.,48.5,26.));
#916 = VECTOR('',#917,1.);
#917 = DIRECTION('',(-0.,-0.,-1.));
#918 = PCURVE('',#161,#919);
#919 = DEFINITIONAL_REPRESENTATION('',(#920),#924);
#920 = LINE('',#921,#922);
#921 = CARTESIAN_POINT('',(10.5,-12.));
#922 = VECTOR('',#923,1.);
#923 = DIRECTION('',(-1.,0.));
#924 = ( GEOMETRIC_REPRESENTATION_CONTEXT(2) 
PARAMETRIC_REPRESENTATION_CONTEXT() REPRESENTATION_CONTEXT('2D SPACE',''
  ) );
#925 = PCURVE('',#532,#926);
#926 = DEFINITIONAL_REPRESENTATION('',(#927),#931);
#927 = LINE('',#928,#929);
#928 = CARTESIAN_POINT('',(-0.,-97.));
#929 = VECTOR('',#930,1.);
#930 = DIRECTION('',(-1.,0.));
#931 = ( GEOMETRIC_REPRESENTATION_CONTEXT(2) 
PARAMETRIC_REPRESENTATION_CONTEXT() REPRESENTATION_CONTEXT('2D SPACE',''
  ) );
#932 = ORIENTED_EDGE('',*,*,#933,.F.);
#933 = EDGE_CURVE('',#934,#911,#936,.T.);
#934 = VERTEX_POINT('',#935);
#935 = CARTESIAN_POINT('',(32.2,48.5,26.));
#936 = SURFACE_CURVE('',#937,(#941,#948),.PCURVE_S1.);
#937 = LINE('',#938,#939);
#938 = CARTESIAN_POINT('',(39.,48.5,26.));
#939 = VECTOR('',#940,1.);
#940 = DIRECTION('',(-1.,-0.,-0.));
#941 = PCURVE('',#161,#942);
#942 = DEFINITIONAL_REPRESENTATION('',(#943),#947);
#943 = LINE('',#944,#945);
#944 = CARTESIAN_POINT('',(10.5,22.));
#945 = VECTOR('',#946,1.);
#946 = DIRECTION('',(-0.,-1.));
#947 = ( GEOMETRIC_REPRESENTATION_CONTEXT(2) 
PARAMETRIC_REPRESENTATION_CONTEXT() REPRESENTATION_CONTEXT('2D SPACE',''
  ) );
#948 = PCURVE('',#560,#949);
#949 = DEFINITIONAL_REPRESENTATION('',(#950),#954);
#950 = LINE('',#951,#952);
#951 = CARTESIAN_POINT('',(-0.,-97.));
#952 = VECTOR('',#953,1.);
#953 = DIRECTION('',(-1.,0.));
#954 = ( GEOMETRIC_REPRESENTATION_CONTEXT(2) 
PARAMETRIC_REPRESENTATION_CONTEXT() REPRESENTATION_CONTEXT('2D SPACE',''
  ) );
#955 = ORIENTED_EDGE('',*,*,#956,.F.);
#956 = EDGE_CURVE('',#957,#934,#959,.T.);
#957 = VERTEX_POINT('',#958);
#958 = CARTESIAN_POINT('',(34.,48.5,27.8));
#959 = SURFACE_CURVE('',#960,(#965,#972),.PCURVE_S1.);
#960 = CIRCLE('',#961,1.8);
#961 = AXIS2_PLACEMENT_3D('',#962,#963,#964);
#962 = CARTESIAN_POINT('',(32.2,48.5,27.8));
#963 = DIRECTION('',(0.,1.,-0.));
#964 = DIRECTION('',(-0.,-0.,-1.));
#965 = PCURVE('',#161,#966);
#966 = DEFINITIONAL_REPRESENTATION('',(#967),#971);
#967 = CIRCLE('',#968,1.8);
#968 = AXIS2_PLACEMENT_2D('',#969,#970);
#969 = CARTESIAN_POINT('',(12.3,15.2));
#970 = DIRECTION('',(-1.,0.));
#971 = ( GEOMETRIC_REPRESENTATION_CONTEXT(2) 
PARAMETRIC_REPRESENTATION_CONTEXT() REPRESENTATION_CONTEXT('2D SPACE',''
  ) );
#972 = PCURVE('',#589,#973);
#973 = DEFINITIONAL_REPRESENTATION('',(#974),#978);
#974 = LINE('',#975,#976);
#975 = CARTESIAN_POINT('',(-4.712388980385,97.));
#976 = VECTOR('',#977,1.);
#977 = DIRECTION('',(1.,0.));
#978 = ( GEOMETRIC_REPRESENTATION_CONTEXT(2) 
PARAMETRIC_REPRESENTATION_CONTEXT() REPRESENTATION_CONTEXT('2D SPACE',''
  ) );
#979 = ORIENTED_EDGE('',*,*,#980,.T.);
#980 = EDGE_CURVE('',#957,#981,#983,.T.);
#981 = VERTEX_POINT('',#982);
#982 = CARTESIAN_POINT('',(34.,48.5,29.2));
#983 = SURFACE_CURVE('',#984,(#988,#995),.PCURVE_S1.);
#984 = LINE('',#985,#986);
#985 = CARTESIAN_POINT('',(34.,48.5,0.));
#986 = VECTOR('',#987,1.);
#987 = DIRECTION('',(-0.,-0.,1.));
#988 = PCURVE('',#161,#989);
#989 = DEFINITIONAL_REPRESENTATION('',(#990),#994);
#990 = LINE('',#991,#992);
#991 = CARTESIAN_POINT('',(-15.5,17.));
#992 = VECTOR('',#993,1.);
#993 = DIRECTION('',(1.,-0.));
#994 = ( GEOMETRIC_REPRESENTATION_CONTEXT(2) 
PARAMETRIC_REPRESENTATION_CONTEXT() REPRESENTATION_CONTEXT('2D SPACE',''
  ) );
#995 = PCURVE('',#617,#996);
#996 = DEFINITIONAL_REPRESENTATION('',(#997),#1001);
#997 = LINE('',#998,#999);
#998 = CARTESIAN_POINT('',(-0.,-97.));
#999 = VECTOR('',#1000,1.);
#1000 = DIRECTION('',(-1.,-0.));
#1001 = ( GEOMETRIC_REPRESENTATION_CONTEXT(2) 
PARAMETRIC_REPRESENTATION_CONTEXT() REPRESENTATION_CONTEXT('2D SPACE',''
  ) );
#1002 = ORIENTED_EDGE('',*,*,#1003,.F.);
#1003 = EDGE_CURVE('',#760,#981,#1004,.T.);
#1004 = SURFACE_CURVE('',#1005,(#1010,#1017),.PCURVE_S1.);
#1005 = CIRCLE('',#1006,1.8);
#1006 = AXIS2_PLACEMENT_3D('',#1007,#1008,#1009);
#1007 = CARTESIAN_POINT('',(32.2,48.5,29.2));
#1008 = DIRECTION('',(0.,1.,-0.));
#1009 = DIRECTION('',(-0.,-0.,-1.));
#1010 = PCURVE('',#161,#1011);
#1011 = DEFINITIONAL_REPRESENTATION('',(#1012),#1016);
#1012 = CIRCLE('',#1013,1.8);
#1013 = AXIS2_PLACEMENT_2D('',#1014,#1015);
#1014 = CARTESIAN_POINT('',(13.7,15.2));
#1015 = DIRECTION('',(-1.,0.));
#1016 = ( GEOMETRIC_REPRESENTATION_CONTEXT(2) 
PARAMETRIC_REPRESENTATION_CONTEXT() REPRESENTATION_CONTEXT('2D SPACE',''
  ) );
#1017 = PCURVE('',#644,#1018);
#1018 = DEFINITIONAL_REPRESENTATION('',(#1019),#1023);
#1019 = LINE('',#1020,#1021);
#1020 = CARTESIAN_POINT('',(-3.14159265359,97.));
#1021 = VECTOR('',#1022,1.);
#1022 = DIRECTION('',(1.,0.));
#1023 = ( GEOMETRIC_REPRESENTATION_CONTEXT(2) 
PARAMETRIC_REPRESENTATION_CONTEXT() REPRESENTATION_CONTEXT('2D SPACE',''
  ) );
#1024 = ADVANCED_FACE('',(#1025),#218,.F.);
#1025 = FACE_BOUND('',#1026,.F.);
#1026 = EDGE_LOOP('',(#1027,#1051,#1052,#1053));
#1027 = ORIENTED_EDGE('',*,*,#1028,.F.);
#1028 = EDGE_CURVE('',#202,#1029,#1031,.T.);
#1029 = VERTEX_POINT('',#1030);
#1030 = CARTESIAN_POINT('',(-1.5,30.,10.75));
#1031 = SEAM_CURVE('',#1032,(#1037,#1044),.PCURVE_S1.);
#1032 = CIRCLE('',#1033,1.5);
#1033 = AXIS2_PLACEMENT_3D('',#1034,#1035,#1036);
#1034 = CARTESIAN_POINT('',(-1.5,30.,9.25));
#1035 = DIRECTION('',(0.,-1.,0.));
#1036 = DIRECTION('',(-0.,-0.,-1.));
#1037 = PCURVE('',#218,#1038);
#1038 = DEFINITIONAL_REPRESENTATION('',(#1039),#1043);
#1039 = LINE('',#1040,#1041);
#1040 = CARTESIAN_POINT('',(0.,0.));
#1041 = VECTOR('',#1042,1.);
#1042 = DIRECTION('',(0.,1.));
#1043 = ( GEOMETRIC_REPRESENTATION_CONTEXT(2) 
PARAMETRIC_REPRESENTATION_CONTEXT() REPRESENTATION_CONTEXT('2D SPACE',''
  ) );
#1044 = PCURVE('',#218,#1045);
#1045 = DEFINITIONAL_REPRESENTATION('',(#1046),#1050);
#1046 = LINE('',#1047,#1048);
#1047 = CARTESIAN_POINT('',(6.28318530718,0.));
#1048 = VECTOR('',#1049,1.);
#1049 = DIRECTION('',(0.,1.));
#1050 = ( GEOMETRIC_REPRESENTATION_CONTEXT(2) 
PARAMETRIC_REPRESENTATION_CONTEXT() REPRESENTATION_CONTEXT('2D SPACE',''
  ) );
#1051 = ORIENTED_EDGE('',*,*,#201,.T.);
#1052 = ORIENTED_EDGE('',*,*,#1028,.T.);
#1053 = ORIENTED_EDGE('',*,*,#1054,.F.);
#1054 = EDGE_CURVE('',#1029,#1029,#1055,.T.);
#1055 = SURFACE_CURVE('',#1056,(#1061,#1068),.PCURVE_S1.);
#1056 = CIRCLE('',#1057,4.75);
#1057 = AXIS2_PLACEMENT_3D('',#1058,#1059,#1060);
#1058 = CARTESIAN_POINT('',(-1.5,30.,15.5));
#1059 = DIRECTION('',(1.,0.,-0.));
#1060 = DIRECTION('',(-0.,-0.,-1.));
#1061 = PCURVE('',#218,#1062);
#1062 = DEFINITIONAL_REPRESENTATION('',(#1063),#1067);
#1063 = LINE('',#1064,#1065);
#1064 = CARTESIAN_POINT('',(0.,3.14159265359));
#1065 = VECTOR('',#1066,1.);
#1066 = DIRECTION('',(1.,0.));
#1067 = ( GEOMETRIC_REPRESENTATION_CONTEXT(2) 
PARAMETRIC_REPRESENTATION_CONTEXT() REPRESENTATION_CONTEXT('2D SPACE',''
  ) );
#1068 = PCURVE('',#1069,#1074);
#1069 = CYLINDRICAL_SURFACE('',#1070,4.75);
#1070 = AXIS2_PLACEMENT_3D('',#1071,#1072,#1073);
#1071 = CARTESIAN_POINT('',(0.,30.,15.5));
#1072 = DIRECTION('',(-1.,-0.,-0.));
#1073 = DIRECTION('',(-0.,-0.,-1.));
#1074 = DEFINITIONAL_REPRESENTATION('',(#1075),#1079);
#1075 = LINE('',#1076,#1077);
#1076 = CARTESIAN_POINT('',(-0.,1.5));
#1077 = VECTOR('',#1078,1.);
#1078 = DIRECTION('',(-1.,0.));
#1079 = ( GEOMETRIC_REPRESENTATION_CONTEXT(2) 
PARAMETRIC_REPRESENTATION_CONTEXT() REPRESENTATION_CONTEXT('2D SPACE',''
  ) );
#1080 = ADVANCED_FACE('',(#1081),#274,.T.);
#1081 = FACE_BOUND('',#1082,.F.);
#1082 = EDGE_LOOP('',(#1083,#1106,#1137,#1138));
#1083 = ORIENTED_EDGE('',*,*,#1084,.T.);
#1084 = EDGE_CURVE('',#234,#1085,#1087,.T.);
#1085 = VERTEX_POINT('',#1086);
#1086 = CARTESIAN_POINT('',(-9.,-30.,10.75));
#1087 = SEAM_CURVE('',#1088,(#1092,#1099),.PCURVE_S1.);
#1088 = LINE('',#1089,#1090);
#1089 = CARTESIAN_POINT('',(0.,-30.,10.75));
#1090 = VECTOR('',#1091,1.);
#1091 = DIRECTION('',(-1.,-0.,-0.));
#1092 = PCURVE('',#274,#1093);
#1093 = DEFINITIONAL_REPRESENTATION('',(#1094),#1098);
#1094 = LINE('',#1095,#1096);
#1095 = CARTESIAN_POINT('',(-6.28318530718,-0.));
#1096 = VECTOR('',#1097,1.);
#1097 = DIRECTION('',(-0.,1.));
#1098 = ( GEOMETRIC_REPRESENTATION_CONTEXT(2) 
PARAMETRIC_REPRESENTATION_CONTEXT() REPRESENTATION_CONTEXT('2D SPACE',''
  ) );
#1099 = PCURVE('',#274,#1100);
#1100 = DEFINITIONAL_REPRESENTATION('',(#1101),#1105);
#1101 = LINE('',#1102,#1103);
#1102 = CARTESIAN_POINT('',(-0.,-0.));
#1103 = VECTOR('',#1104,1.);
#1104 = DIRECTION('',(-0.,1.));
#1105 = ( GEOMETRIC_REPRESENTATION_CONTEXT(2) 
PARAMETRIC_REPRESENTATION_CONTEXT() REPRESENTATION_CONTEXT('2D SPACE',''
  ) );
#1106 = ORIENTED_EDGE('',*,*,#1107,.F.);
#1107 = EDGE_CURVE('',#1085,#1085,#1108,.T.);
#1108 = SURFACE_CURVE('',#1109,(#1114,#1121),.PCURVE_S1.);
#1109 = CIRCLE('',#1110,4.75);
#1110 = AXIS2_PLACEMENT_3D('',#1111,#1112,#1113);
#1111 = CARTESIAN_POINT('',(-9.,-30.,15.5));
#1112 = DIRECTION('',(1.,0.,-0.));
#1113 = DIRECTION('',(-0.,-0.,-1.));
#1114 = PCURVE('',#274,#1115);
#1115 = DEFINITIONAL_REPRESENTATION('',(#1116),#1120);
#1116 = LINE('',#1117,#1118);
#1117 = CARTESIAN_POINT('',(-0.,9.));
#1118 = VECTOR('',#1119,1.);
#1119 = DIRECTION('',(-1.,0.));
#1120 = ( GEOMETRIC_REPRESENTATION_CONTEXT(2) 
PARAMETRIC_REPRESENTATION_CONTEXT() REPRESENTATION_CONTEXT('2D SPACE',''
  ) );
#1121 = PCURVE('',#1122,#1127);
#1122 = PLANE('',#1123);
#1123 = AXIS2_PLACEMENT_3D('',#1124,#1125,#1126);
#1124 = CARTESIAN_POINT('',(-9.,-30.,15.5));
#1125 = DIRECTION('',(-1.,-0.,-0.));
#1126 = DIRECTION('',(0.,0.,1.));
#1127 = DEFINITIONAL_REPRESENTATION('',(#1128),#1136);
#1128 = ( BOUNDED_CURVE() B_SPLINE_CURVE(2,(#1129,#1130,#1131,#1132,
#1133,#1134,#1135),.UNSPECIFIED.,.T.,.F.) B_SPLINE_CURVE_WITH_KNOTS((1,2
    ,2,2,2,1),(-2.094395102393,0.,2.094395102393,4.188790204786,
6.28318530718,8.377580409573),.UNSPECIFIED.) CURVE() 
GEOMETRIC_REPRESENTATION_ITEM() RATIONAL_B_SPLINE_CURVE((1.,0.5,1.,0.5,
1.,0.5,1.)) REPRESENTATION_ITEM('') );
#1129 = CARTESIAN_POINT('',(-4.75,0.));
#1130 = CARTESIAN_POINT('',(-4.75,8.227241335952));
#1131 = CARTESIAN_POINT('',(2.375,4.113620667976));
#1132 = CARTESIAN_POINT('',(9.5,1.16341445919E-15));
#1133 = CARTESIAN_POINT('',(2.375,-4.113620667976));
#1134 = CARTESIAN_POINT('',(-4.75,-8.227241335952));
#1135 = CARTESIAN_POINT('',(-4.75,0.));
#1136 = ( GEOMETRIC_REPRESENTATION_CONTEXT(2) 
PARAMETRIC_REPRESENTATION_CONTEXT() REPRESENTATION_CONTEXT('2D SPACE',''
  ) );
#1137 = ORIENTED_EDGE('',*,*,#1084,.F.);
#1138 = ORIENTED_EDGE('',*,*,#259,.T.);
#1139 = ADVANCED_FACE('',(#1140),#307,.F.);
#1140 = FACE_BOUND('',#1141,.T.);
#1141 = EDGE_LOOP('',(#1142,#1143,#1164,#1165));
#1142 = ORIENTED_EDGE('',*,*,#289,.F.);
#1143 = ORIENTED_EDGE('',*,*,#1144,.T.);
#1144 = EDGE_CURVE('',#290,#760,#1145,.T.);
#1145 = SURFACE_CURVE('',#1146,(#1150,#1157),.PCURVE_S1.);
#1146 = LINE('',#1147,#1148);
#1147 = CARTESIAN_POINT('',(32.2,-48.5,31.));
#1148 = VECTOR('',#1149,1.);
#1149 = DIRECTION('',(-0.,1.,-0.));
#1150 = PCURVE('',#307,#1151);
#1151 = DEFINITIONAL_REPRESENTATION('',(#1152),#1156);
#1152 = LINE('',#1153,#1154);
#1153 = CARTESIAN_POINT('',(-1.8,0.));
#1154 = VECTOR('',#1155,1.);
#1155 = DIRECTION('',(-0.,-1.));
#1156 = ( GEOMETRIC_REPRESENTATION_CONTEXT(2) 
PARAMETRIC_REPRESENTATION_CONTEXT() REPRESENTATION_CONTEXT('2D SPACE',''
  ) );
#1157 = PCURVE('',#644,#1158);
#1158 = DEFINITIONAL_REPRESENTATION('',(#1159),#1163);
#1159 = LINE('',#1160,#1161);
#1160 = CARTESIAN_POINT('',(0.,0.));
#1161 = VECTOR('',#1162,1.);
#1162 = DIRECTION('',(0.,1.));
#1163 = ( GEOMETRIC_REPRESENTATION_CONTEXT(2) 
PARAMETRIC_REPRESENTATION_CONTEXT() REPRESENTATION_CONTEXT('2D SPACE',''
  ) );
#1164 = ORIENTED_EDGE('',*,*,#759,.T.);
#1165 = ORIENTED_EDGE('',*,*,#660,.F.);
#1166 = ADVANCED_FACE('',(#1167),#644,.T.);
#1167 = FACE_BOUND('',#1168,.T.);
#1168 = EDGE_LOOP('',(#1169,#1170,#1191,#1192));
#1169 = ORIENTED_EDGE('',*,*,#629,.T.);
#1170 = ORIENTED_EDGE('',*,*,#1171,.T.);
#1171 = EDGE_CURVE('',#602,#981,#1172,.T.);
#1172 = SURFACE_CURVE('',#1173,(#1177,#1184),.PCURVE_S1.);
#1173 = LINE('',#1174,#1175);
#1174 = CARTESIAN_POINT('',(34.,-48.5,29.2));
#1175 = VECTOR('',#1176,1.);
#1176 = DIRECTION('',(-0.,1.,-0.));
#1177 = PCURVE('',#644,#1178);
#1178 = DEFINITIONAL_REPRESENTATION('',(#1179),#1183);
#1179 = LINE('',#1180,#1181);
#1180 = CARTESIAN_POINT('',(1.570796326795,0.));
#1181 = VECTOR('',#1182,1.);
#1182 = DIRECTION('',(0.,1.));
#1183 = ( GEOMETRIC_REPRESENTATION_CONTEXT(2) 
PARAMETRIC_REPRESENTATION_CONTEXT() REPRESENTATION_CONTEXT('2D SPACE',''
  ) );
#1184 = PCURVE('',#617,#1185);
#1185 = DEFINITIONAL_REPRESENTATION('',(#1186),#1190);
#1186 = LINE('',#1187,#1188);
#1187 = CARTESIAN_POINT('',(-29.2,-0.));
#1188 = VECTOR('',#1189,1.);
#1189 = DIRECTION('',(-0.,-1.));
#1190 = ( GEOMETRIC_REPRESENTATION_CONTEXT(2) 
PARAMETRIC_REPRESENTATION_CONTEXT() REPRESENTATION_CONTEXT('2D SPACE',''
  ) );
#1191 = ORIENTED_EDGE('',*,*,#1003,.F.);
#1192 = ORIENTED_EDGE('',*,*,#1144,.F.);
#1193 = ADVANCED_FACE('',(#1194),#617,.F.);
#1194 = FACE_BOUND('',#1195,.T.);
#1195 = EDGE_LOOP('',(#1196,#1197,#1218,#1219));
#1196 = ORIENTED_EDGE('',*,*,#601,.F.);
#1197 = ORIENTED_EDGE('',*,*,#1198,.T.);
#1198 = EDGE_CURVE('',#573,#957,#1199,.T.);
#1199 = SURFACE_CURVE('',#1200,(#1204,#1211),.PCURVE_S1.);
#1200 = LINE('',#1201,#1202);
#1201 = CARTESIAN_POINT('',(34.,-48.5,27.8));
#1202 = VECTOR('',#1203,1.);
#1203 = DIRECTION('',(-0.,1.,-0.));
#1204 = PCURVE('',#617,#1205);
#1205 = DEFINITIONAL_REPRESENTATION('',(#1206),#1210);
#1206 = LINE('',#1207,#1208);
#1207 = CARTESIAN_POINT('',(-27.8,-0.));
#1208 = VECTOR('',#1209,1.);
#1209 = DIRECTION('',(-0.,-1.));
#1210 = ( GEOMETRIC_REPRESENTATION_CONTEXT(2) 
PARAMETRIC_REPRESENTATION_CONTEXT() REPRESENTATION_CONTEXT('2D SPACE',''
  ) );
#1211 = PCURVE('',#589,#1212);
#1212 = DEFINITIONAL_REPRESENTATION('',(#1213),#1217);
#1213 = LINE('',#1214,#1215);
#1214 = CARTESIAN_POINT('',(0.,0.));
#1215 = VECTOR('',#1216,1.);
#1216 = DIRECTION('',(0.,1.));
#1217 = ( GEOMETRIC_REPRESENTATION_CONTEXT(2) 
PARAMETRIC_REPRESENTATION_CONTEXT() REPRESENTATION_CONTEXT('2D SPACE',''
  ) );
#1218 = ORIENTED_EDGE('',*,*,#980,.T.);
#1219 = ORIENTED_EDGE('',*,*,#1171,.F.);
#1220 = ADVANCED_FACE('',(#1221),#589,.T.);
#1221 = FACE_BOUND('',#1222,.T.);
#1222 = EDGE_LOOP('',(#1223,#1224,#1245,#1246));
#1223 = ORIENTED_EDGE('',*,*,#572,.T.);
#1224 = ORIENTED_EDGE('',*,*,#1225,.T.);
#1225 = EDGE_CURVE('',#545,#934,#1226,.T.);
#1226 = SURFACE_CURVE('',#1227,(#1231,#1238),.PCURVE_S1.);
#1227 = LINE('',#1228,#1229);
#1228 = CARTESIAN_POINT('',(32.2,-48.5,26.));
#1229 = VECTOR('',#1230,1.);
#1230 = DIRECTION('',(-0.,1.,-0.));
#1231 = PCURVE('',#589,#1232);
#1232 = DEFINITIONAL_REPRESENTATION('',(#1233),#1237);
#1233 = LINE('',#1234,#1235);
#1234 = CARTESIAN_POINT('',(1.570796326795,0.));
#1235 = VECTOR('',#1236,1.);
#1236 = DIRECTION('',(0.,1.));
#1237 = ( GEOMETRIC_REPRESENTATION_CONTEXT(2) 
PARAMETRIC_REPRESENTATION_CONTEXT() REPRESENTATION_CONTEXT('2D SPACE',''
  ) );
#1238 = PCURVE('',#560,#1239);
#1239 = DEFINITIONAL_REPRESENTATION('',(#1240),#1244);
#1240 = LINE('',#1241,#1242);
#1241 = CARTESIAN_POINT('',(-6.8,0.));
#1242 = VECTOR('',#1243,1.);
#1243 = DIRECTION('',(-0.,-1.));
#1244 = ( GEOMETRIC_REPRESENTATION_CONTEXT(2) 
PARAMETRIC_REPRESENTATION_CONTEXT() REPRESENTATION_CONTEXT('2D SPACE',''
  ) );
#1245 = ORIENTED_EDGE('',*,*,#956,.F.);
#1246 = ORIENTED_EDGE('',*,*,#1198,.F.);
#1247 = ADVANCED_FACE('',(#1248),#560,.T.);
#1248 = FACE_BOUND('',#1249,.F.);
#1249 = EDGE_LOOP('',(#1250,#1251,#1252,#1253,#1276,#1304,#1332,#1360,
    #1388,#1416,#1444,#1472));
#1250 = ORIENTED_EDGE('',*,*,#544,.F.);
#1251 = ORIENTED_EDGE('',*,*,#1225,.T.);
#1252 = ORIENTED_EDGE('',*,*,#933,.T.);
#1253 = ORIENTED_EDGE('',*,*,#1254,.F.);
#1254 = EDGE_CURVE('',#1255,#911,#1257,.T.);
#1255 = VERTEX_POINT('',#1256);
#1256 = CARTESIAN_POINT('',(5.,-22.16,26.));
#1257 = SURFACE_CURVE('',#1258,(#1262,#1269),.PCURVE_S1.);
#1258 = LINE('',#1259,#1260);
#1259 = CARTESIAN_POINT('',(5.,-48.5,26.));
#1260 = VECTOR('',#1261,1.);
#1261 = DIRECTION('',(-0.,1.,-0.));
#1262 = PCURVE('',#560,#1263);
#1263 = DEFINITIONAL_REPRESENTATION('',(#1264),#1268);
#1264 = LINE('',#1265,#1266);
#1265 = CARTESIAN_POINT('',(-34.,0.));
#1266 = VECTOR('',#1267,1.);
#1267 = DIRECTION('',(-0.,-1.));
#1268 = ( GEOMETRIC_REPRESENTATION_CONTEXT(2) 
PARAMETRIC_REPRESENTATION_CONTEXT() REPRESENTATION_CONTEXT('2D SPACE',''
  ) );
#1269 = PCURVE('',#532,#1270);
#1270 = DEFINITIONAL_REPRESENTATION('',(#1271),#1275);
#1271 = LINE('',#1272,#1273);
#1272 = CARTESIAN_POINT('',(-0.,-0.));
#1273 = VECTOR('',#1274,1.);
#1274 = DIRECTION('',(-0.,-1.));
#1275 = ( GEOMETRIC_REPRESENTATION_CONTEXT(2) 
PARAMETRIC_REPRESENTATION_CONTEXT() REPRESENTATION_CONTEXT('2D SPACE',''
  ) );
#1276 = ORIENTED_EDGE('',*,*,#1277,.F.);
#1277 = EDGE_CURVE('',#1278,#1255,#1280,.T.);
#1278 = VERTEX_POINT('',#1279);
#1279 = CARTESIAN_POINT('',(7.,-22.16,26.));
#1280 = SURFACE_CURVE('',#1281,(#1285,#1292),.PCURVE_S1.);
#1281 = LINE('',#1282,#1283);
#1282 = CARTESIAN_POINT('',(22.,-22.16,26.));
#1283 = VECTOR('',#1284,1.);
#1284 = DIRECTION('',(-1.,-0.,-0.));
#1285 = PCURVE('',#560,#1286);
#1286 = DEFINITIONAL_REPRESENTATION('',(#1287),#1291);
#1287 = LINE('',#1288,#1289);
#1288 = CARTESIAN_POINT('',(-17.,-26.34));
#1289 = VECTOR('',#1290,1.);
#1290 = DIRECTION('',(-1.,0.));
#1291 = ( GEOMETRIC_REPRESENTATION_CONTEXT(2) 
PARAMETRIC_REPRESENTATION_CONTEXT() REPRESENTATION_CONTEXT('2D SPACE',''
  ) );
#1292 = PCURVE('',#1293,#1298);
#1293 = PLANE('',#1294);
#1294 = AXIS2_PLACEMENT_3D('',#1295,#1296,#1297);
#1295 = CARTESIAN_POINT('',(5.,-22.16,26.));
#1296 = DIRECTION('',(-0.,1.,-0.));
#1297 = DIRECTION('',(0.,0.,1.));
#1298 = DEFINITIONAL_REPRESENTATION('',(#1299),#1303);
#1299 = LINE('',#1300,#1301);
#1300 = CARTESIAN_POINT('',(0.,17.));
#1301 = VECTOR('',#1302,1.);
#1302 = DIRECTION('',(-0.,-1.));
#1303 = ( GEOMETRIC_REPRESENTATION_CONTEXT(2) 
PARAMETRIC_REPRESENTATION_CONTEXT() REPRESENTATION_CONTEXT('2D SPACE',''
  ) );
#1304 = ORIENTED_EDGE('',*,*,#1305,.T.);
#1305 = EDGE_CURVE('',#1278,#1306,#1308,.T.);
#1306 = VERTEX_POINT('',#1307);
#1307 = CARTESIAN_POINT('',(7.,29.1,26.));
#1308 = SURFACE_CURVE('',#1309,(#1313,#1320),.PCURVE_S1.);
#1309 = LINE('',#1310,#1311);
#1310 = CARTESIAN_POINT('',(7.,-38.8,26.));
#1311 = VECTOR('',#1312,1.);
#1312 = DIRECTION('',(-0.,1.,-0.));
#1313 = PCURVE('',#560,#1314);
#1314 = DEFINITIONAL_REPRESENTATION('',(#1315),#1319);
#1315 = LINE('',#1316,#1317);
#1316 = CARTESIAN_POINT('',(-32.,-9.7));
#1317 = VECTOR('',#1318,1.);
#1318 = DIRECTION('',(-0.,-1.));
#1319 = ( GEOMETRIC_REPRESENTATION_CONTEXT(2) 
PARAMETRIC_REPRESENTATION_CONTEXT() REPRESENTATION_CONTEXT('2D SPACE',''
  ) );
#1320 = PCURVE('',#1321,#1326);
#1321 = PLANE('',#1322);
#1322 = AXIS2_PLACEMENT_3D('',#1323,#1324,#1325);
#1323 = CARTESIAN_POINT('',(7.,-29.1,26.5));
#1324 = DIRECTION('',(1.,-0.,-0.));
#1325 = DIRECTION('',(0.,0.,1.));
#1326 = DEFINITIONAL_REPRESENTATION('',(#1327),#1331);
#1327 = LINE('',#1328,#1329);
#1328 = CARTESIAN_POINT('',(-0.5,9.7));
#1329 = VECTOR('',#1330,1.);
#1330 = DIRECTION('',(-0.,-1.));
#1331 = ( GEOMETRIC_REPRESENTATION_CONTEXT(2) 
PARAMETRIC_REPRESENTATION_CONTEXT() REPRESENTATION_CONTEXT('2D SPACE',''
  ) );
#1332 = ORIENTED_EDGE('',*,*,#1333,.F.);
#1333 = EDGE_CURVE('',#1334,#1306,#1336,.T.);
#1334 = VERTEX_POINT('',#1335);
#1335 = CARTESIAN_POINT('',(32.,29.1,26.));
#1336 = SURFACE_CURVE('',#1337,(#1341,#1348),.PCURVE_S1.);
#1337 = LINE('',#1338,#1339);
#1338 = CARTESIAN_POINT('',(29.25,29.1,26.));
#1339 = VECTOR('',#1340,1.);
#1340 = DIRECTION('',(-1.,-0.,-0.));
#1341 = PCURVE('',#560,#1342);
#1342 = DEFINITIONAL_REPRESENTATION('',(#1343),#1347);
#1343 = LINE('',#1344,#1345);
#1344 = CARTESIAN_POINT('',(-9.75,-77.6));
#1345 = VECTOR('',#1346,1.);
#1346 = DIRECTION('',(-1.,0.));
#1347 = ( GEOMETRIC_REPRESENTATION_CONTEXT(2) 
PARAMETRIC_REPRESENTATION_CONTEXT() REPRESENTATION_CONTEXT('2D SPACE',''
  ) );
#1348 = PCURVE('',#1349,#1354);
#1349 = PLANE('',#1350);
#1350 = AXIS2_PLACEMENT_3D('',#1351,#1352,#1353);
#1351 = CARTESIAN_POINT('',(19.5,29.1,26.));
#1352 = DIRECTION('',(-0.,1.,-0.));
#1353 = DIRECTION('',(0.,0.,1.));
#1354 = DEFINITIONAL_REPRESENTATION('',(#1355),#1359);
#1355 = LINE('',#1356,#1357);
#1356 = CARTESIAN_POINT('',(0.,9.75));
#1357 = VECTOR('',#1358,1.);
#1358 = DIRECTION('',(-0.,-1.));
#1359 = ( GEOMETRIC_REPRESENTATION_CONTEXT(2) 
PARAMETRIC_REPRESENTATION_CONTEXT() REPRESENTATION_CONTEXT('2D SPACE',''
  ) );
#1360 = ORIENTED_EDGE('',*,*,#1361,.T.);
#1361 = EDGE_CURVE('',#1334,#1362,#1364,.T.);
#1362 = VERTEX_POINT('',#1363);
#1363 = CARTESIAN_POINT('',(32.,-29.1,26.));
#1364 = SURFACE_CURVE('',#1365,(#1369,#1376),.PCURVE_S1.);
#1365 = LINE('',#1366,#1367);
#1366 = CARTESIAN_POINT('',(32.,-38.8,26.));
#1367 = VECTOR('',#1368,1.);
#1368 = DIRECTION('',(-0.,-1.,-0.));
#1369 = PCURVE('',#560,#1370);
#1370 = DEFINITIONAL_REPRESENTATION('',(#1371),#1375);
#1371 = LINE('',#1372,#1373);
#1372 = CARTESIAN_POINT('',(-7.,-9.7));
#1373 = VECTOR('',#1374,1.);
#1374 = DIRECTION('',(-0.,1.));
#1375 = ( GEOMETRIC_REPRESENTATION_CONTEXT(2) 
PARAMETRIC_REPRESENTATION_CONTEXT() REPRESENTATION_CONTEXT('2D SPACE',''
  ) );
#1376 = PCURVE('',#1377,#1382);
#1377 = PLANE('',#1378);
#1378 = AXIS2_PLACEMENT_3D('',#1379,#1380,#1381);
#1379 = CARTESIAN_POINT('',(32.,-29.1,25.5));
#1380 = DIRECTION('',(-1.,-0.,-0.));
#1381 = DIRECTION('',(0.,0.,-1.));
#1382 = DEFINITIONAL_REPRESENTATION('',(#1383),#1387);
#1383 = LINE('',#1384,#1385);
#1384 = CARTESIAN_POINT('',(-0.5,9.7));
#1385 = VECTOR('',#1386,1.);
#1386 = DIRECTION('',(-0.,1.));
#1387 = ( GEOMETRIC_REPRESENTATION_CONTEXT(2) 
PARAMETRIC_REPRESENTATION_CONTEXT() REPRESENTATION_CONTEXT('2D SPACE',''
  ) );
#1388 = ORIENTED_EDGE('',*,*,#1389,.T.);
#1389 = EDGE_CURVE('',#1362,#1390,#1392,.T.);
#1390 = VERTEX_POINT('',#1391);
#1391 = CARTESIAN_POINT('',(8.,-29.1,26.));
#1392 = SURFACE_CURVE('',#1393,(#1397,#1404),.PCURVE_S1.);
#1393 = LINE('',#1394,#1395);
#1394 = CARTESIAN_POINT('',(29.25,-29.1,26.));
#1395 = VECTOR('',#1396,1.);
#1396 = DIRECTION('',(-1.,-0.,-0.));
#1397 = PCURVE('',#560,#1398);
#1398 = DEFINITIONAL_REPRESENTATION('',(#1399),#1403);
#1399 = LINE('',#1400,#1401);
#1400 = CARTESIAN_POINT('',(-9.75,-19.4));
#1401 = VECTOR('',#1402,1.);
#1402 = DIRECTION('',(-1.,0.));
#1403 = ( GEOMETRIC_REPRESENTATION_CONTEXT(2) 
PARAMETRIC_REPRESENTATION_CONTEXT() REPRESENTATION_CONTEXT('2D SPACE',''
  ) );
#1404 = PCURVE('',#1405,#1410);
#1405 = PLANE('',#1406);
#1406 = AXIS2_PLACEMENT_3D('',#1407,#1408,#1409);
#1407 = CARTESIAN_POINT('',(19.5,-29.1,26.));
#1408 = DIRECTION('',(-0.,1.,-0.));
#1409 = DIRECTION('',(0.,0.,1.));
#1410 = DEFINITIONAL_REPRESENTATION('',(#1411),#1415);
#1411 = LINE('',#1412,#1413);
#1412 = CARTESIAN_POINT('',(0.,9.75));
#1413 = VECTOR('',#1414,1.);
#1414 = DIRECTION('',(-0.,-1.));
#1415 = ( GEOMETRIC_REPRESENTATION_CONTEXT(2) 
PARAMETRIC_REPRESENTATION_CONTEXT() REPRESENTATION_CONTEXT('2D SPACE',''
  ) );
#1416 = ORIENTED_EDGE('',*,*,#1417,.F.);
#1417 = EDGE_CURVE('',#1418,#1390,#1420,.T.);
#1418 = VERTEX_POINT('',#1419);
#1419 = CARTESIAN_POINT('',(8.,-32.16,26.));
#1420 = SURFACE_CURVE('',#1421,(#1425,#1432),.PCURVE_S1.);
#1421 = LINE('',#1422,#1423);
#1422 = CARTESIAN_POINT('',(8.,-32.16,26.));
#1423 = VECTOR('',#1424,1.);
#1424 = DIRECTION('',(-0.,1.,-0.));
#1425 = PCURVE('',#560,#1426);
#1426 = DEFINITIONAL_REPRESENTATION('',(#1427),#1431);
#1427 = LINE('',#1428,#1429);
#1428 = CARTESIAN_POINT('',(-31.,-16.34));
#1429 = VECTOR('',#1430,1.);
#1430 = DIRECTION('',(-0.,-1.));
#1431 = ( GEOMETRIC_REPRESENTATION_CONTEXT(2) 
PARAMETRIC_REPRESENTATION_CONTEXT() REPRESENTATION_CONTEXT('2D SPACE',''
  ) );
#1432 = PCURVE('',#1433,#1438);
#1433 = CYLINDRICAL_SURFACE('',#1434,3.);
#1434 = AXIS2_PLACEMENT_3D('',#1435,#1436,#1437);
#1435 = CARTESIAN_POINT('',(5.,-32.16,26.));
#1436 = DIRECTION('',(-0.,-1.,-0.));
#1437 = DIRECTION('',(1.,-0.,-0.));
#1438 = DEFINITIONAL_REPRESENTATION('',(#1439),#1443);
#1439 = LINE('',#1440,#1441);
#1440 = CARTESIAN_POINT('',(0.,0.));
#1441 = VECTOR('',#1442,1.);
#1442 = DIRECTION('',(0.,-1.));
#1443 = ( GEOMETRIC_REPRESENTATION_CONTEXT(2) 
PARAMETRIC_REPRESENTATION_CONTEXT() REPRESENTATION_CONTEXT('2D SPACE',''
  ) );
#1444 = ORIENTED_EDGE('',*,*,#1445,.T.);
#1445 = EDGE_CURVE('',#1418,#1446,#1448,.T.);
#1446 = VERTEX_POINT('',#1447);
#1447 = CARTESIAN_POINT('',(5.,-32.16,26.));
#1448 = SURFACE_CURVE('',#1449,(#1453,#1460),.PCURVE_S1.);
#1449 = LINE('',#1450,#1451);
#1450 = CARTESIAN_POINT('',(22.,-32.16,26.));
#1451 = VECTOR('',#1452,1.);
#1452 = DIRECTION('',(-1.,-0.,-0.));
#1453 = PCURVE('',#560,#1454);
#1454 = DEFINITIONAL_REPRESENTATION('',(#1455),#1459);
#1455 = LINE('',#1456,#1457);
#1456 = CARTESIAN_POINT('',(-17.,-16.34));
#1457 = VECTOR('',#1458,1.);
#1458 = DIRECTION('',(-1.,0.));
#1459 = ( GEOMETRIC_REPRESENTATION_CONTEXT(2) 
PARAMETRIC_REPRESENTATION_CONTEXT() REPRESENTATION_CONTEXT('2D SPACE',''
  ) );
#1460 = PCURVE('',#1461,#1466);
#1461 = PLANE('',#1462);
#1462 = AXIS2_PLACEMENT_3D('',#1463,#1464,#1465);
#1463 = CARTESIAN_POINT('',(5.,-32.16,26.));
#1464 = DIRECTION('',(-0.,1.,-0.));
#1465 = DIRECTION('',(0.,0.,1.));
#1466 = DEFINITIONAL_REPRESENTATION('',(#1467),#1471);
#1467 = LINE('',#1468,#1469);
#1468 = CARTESIAN_POINT('',(0.,17.));
#1469 = VECTOR('',#1470,1.);
#1470 = DIRECTION('',(-0.,-1.));
#1471 = ( GEOMETRIC_REPRESENTATION_CONTEXT(2) 
PARAMETRIC_REPRESENTATION_CONTEXT() REPRESENTATION_CONTEXT('2D SPACE',''
  ) );
#1472 = ORIENTED_EDGE('',*,*,#1473,.F.);
#1473 = EDGE_CURVE('',#517,#1446,#1474,.T.);
#1474 = SURFACE_CURVE('',#1475,(#1479,#1486),.PCURVE_S1.);
#1475 = LINE('',#1476,#1477);
#1476 = CARTESIAN_POINT('',(5.,-48.5,26.));
#1477 = VECTOR('',#1478,1.);
#1478 = DIRECTION('',(-0.,1.,-0.));
#1479 = PCURVE('',#560,#1480);
#1480 = DEFINITIONAL_REPRESENTATION('',(#1481),#1485);
#1481 = LINE('',#1482,#1483);
#1482 = CARTESIAN_POINT('',(-34.,0.));
#1483 = VECTOR('',#1484,1.);
#1484 = DIRECTION('',(-0.,-1.));
#1485 = ( GEOMETRIC_REPRESENTATION_CONTEXT(2) 
PARAMETRIC_REPRESENTATION_CONTEXT() REPRESENTATION_CONTEXT('2D SPACE',''
  ) );
#1486 = PCURVE('',#532,#1487);
#1487 = DEFINITIONAL_REPRESENTATION('',(#1488),#1492);
#1488 = LINE('',#1489,#1490);
#1489 = CARTESIAN_POINT('',(-0.,-0.));
#1490 = VECTOR('',#1491,1.);
#1491 = DIRECTION('',(-0.,-1.));
#1492 = ( GEOMETRIC_REPRESENTATION_CONTEXT(2) 
PARAMETRIC_REPRESENTATION_CONTEXT() REPRESENTATION_CONTEXT('2D SPACE',''
  ) );
#1493 = ADVANCED_FACE('',(#1494),#382,.F.);
#1494 = FACE_BOUND('',#1495,.T.);
#1495 = EDGE_LOOP('',(#1496,#1497,#1498,#1499));
#1496 = ORIENTED_EDGE('',*,*,#366,.F.);
#1497 = ORIENTED_EDGE('',*,*,#735,.T.);
#1498 = ORIENTED_EDGE('',*,*,#785,.T.);
#1499 = ORIENTED_EDGE('',*,*,#1500,.F.);
#1500 = EDGE_CURVE('',#367,#786,#1501,.T.);
#1501 = SURFACE_CURVE('',#1502,(#1506,#1513),.PCURVE_S1.);
#1502 = LINE('',#1503,#1504);
#1503 = CARTESIAN_POINT('',(32.2,-48.5,-4.440892098501E-16));
#1504 = VECTOR('',#1505,1.);
#1505 = DIRECTION('',(-0.,1.,-0.));
#1506 = PCURVE('',#382,#1507);
#1507 = DEFINITIONAL_REPRESENTATION('',(#1508),#1512);
#1508 = LINE('',#1509,#1510);
#1509 = CARTESIAN_POINT('',(-32.2,-0.));
#1510 = VECTOR('',#1511,1.);
#1511 = DIRECTION('',(-0.,-1.));
#1512 = ( GEOMETRIC_REPRESENTATION_CONTEXT(2) 
PARAMETRIC_REPRESENTATION_CONTEXT() REPRESENTATION_CONTEXT('2D SPACE',''
  ) );
#1513 = PCURVE('',#415,#1514);
#1514 = DEFINITIONAL_REPRESENTATION('',(#1515),#1519);
#1515 = LINE('',#1516,#1517);
#1516 = CARTESIAN_POINT('',(-0.,0.));
#1517 = VECTOR('',#1518,1.);
#1518 = DIRECTION('',(-0.,1.));
#1519 = ( GEOMETRIC_REPRESENTATION_CONTEXT(2) 
PARAMETRIC_REPRESENTATION_CONTEXT() REPRESENTATION_CONTEXT('2D SPACE',''
  ) );
#1520 = ADVANCED_FACE('',(#1521),#532,.T.);
#1521 = FACE_BOUND('',#1522,.F.);
#1522 = EDGE_LOOP('',(#1523,#1524,#1525,#1548,#1571,#1592,#1593,#1594));
#1523 = ORIENTED_EDGE('',*,*,#516,.F.);
#1524 = ORIENTED_EDGE('',*,*,#1473,.T.);
#1525 = ORIENTED_EDGE('',*,*,#1526,.T.);
#1526 = EDGE_CURVE('',#1446,#1527,#1529,.T.);
#1527 = VERTEX_POINT('',#1528);
#1528 = CARTESIAN_POINT('',(5.,-32.16,23.));
#1529 = SURFACE_CURVE('',#1530,(#1534,#1541),.PCURVE_S1.);
#1530 = LINE('',#1531,#1532);
#1531 = CARTESIAN_POINT('',(5.,-32.16,26.));
#1532 = VECTOR('',#1533,1.);
#1533 = DIRECTION('',(-0.,-0.,-1.));
#1534 = PCURVE('',#532,#1535);
#1535 = DEFINITIONAL_REPRESENTATION('',(#1536),#1540);
#1536 = LINE('',#1537,#1538);
#1537 = CARTESIAN_POINT('',(-0.,-16.34));
#1538 = VECTOR('',#1539,1.);
#1539 = DIRECTION('',(-1.,0.));
#1540 = ( GEOMETRIC_REPRESENTATION_CONTEXT(2) 
PARAMETRIC_REPRESENTATION_CONTEXT() REPRESENTATION_CONTEXT('2D SPACE',''
  ) );
#1541 = PCURVE('',#1461,#1542);
#1542 = DEFINITIONAL_REPRESENTATION('',(#1543),#1547);
#1543 = LINE('',#1544,#1545);
#1544 = CARTESIAN_POINT('',(0.,-0.));
#1545 = VECTOR('',#1546,1.);
#1546 = DIRECTION('',(-1.,0.));
#1547 = ( GEOMETRIC_REPRESENTATION_CONTEXT(2) 
PARAMETRIC_REPRESENTATION_CONTEXT() REPRESENTATION_CONTEXT('2D SPACE',''
  ) );
#1548 = ORIENTED_EDGE('',*,*,#1549,.F.);
#1549 = EDGE_CURVE('',#1550,#1527,#1552,.T.);
#1550 = VERTEX_POINT('',#1551);
#1551 = CARTESIAN_POINT('',(5.,-22.16,23.));
#1552 = SURFACE_CURVE('',#1553,(#1557,#1564),.PCURVE_S1.);
#1553 = LINE('',#1554,#1555);
#1554 = CARTESIAN_POINT('',(5.,-32.16,23.));
#1555 = VECTOR('',#1556,1.);
#1556 = DIRECTION('',(-0.,-1.,-0.));
#1557 = PCURVE('',#532,#1558);
#1558 = DEFINITIONAL_REPRESENTATION('',(#1559),#1563);
#1559 = LINE('',#1560,#1561);
#1560 = CARTESIAN_POINT('',(-3.,-16.34));
#1561 = VECTOR('',#1562,1.);
#1562 = DIRECTION('',(-0.,1.));
#1563 = ( GEOMETRIC_REPRESENTATION_CONTEXT(2) 
PARAMETRIC_REPRESENTATION_CONTEXT() REPRESENTATION_CONTEXT('2D SPACE',''
  ) );
#1564 = PCURVE('',#1433,#1565);
#1565 = DEFINITIONAL_REPRESENTATION('',(#1566),#1570);
#1566 = LINE('',#1567,#1568);
#1567 = CARTESIAN_POINT('',(4.712388980385,0.));
#1568 = VECTOR('',#1569,1.);
#1569 = DIRECTION('',(0.,1.));
#1570 = ( GEOMETRIC_REPRESENTATION_CONTEXT(2) 
PARAMETRIC_REPRESENTATION_CONTEXT() REPRESENTATION_CONTEXT('2D SPACE',''
  ) );
#1571 = ORIENTED_EDGE('',*,*,#1572,.F.);
#1572 = EDGE_CURVE('',#1255,#1550,#1573,.T.);
#1573 = SURFACE_CURVE('',#1574,(#1578,#1585),.PCURVE_S1.);
#1574 = LINE('',#1575,#1576);
#1575 = CARTESIAN_POINT('',(5.,-22.16,26.));
#1576 = VECTOR('',#1577,1.);
#1577 = DIRECTION('',(-0.,-0.,-1.));
#1578 = PCURVE('',#532,#1579);
#1579 = DEFINITIONAL_REPRESENTATION('',(#1580),#1584);
#1580 = LINE('',#1581,#1582);
#1581 = CARTESIAN_POINT('',(-0.,-26.34));
#1582 = VECTOR('',#1583,1.);
#1583 = DIRECTION('',(-1.,0.));
#1584 = ( GEOMETRIC_REPRESENTATION_CONTEXT(2) 
PARAMETRIC_REPRESENTATION_CONTEXT() REPRESENTATION_CONTEXT('2D SPACE',''
  ) );
#1585 = PCURVE('',#1293,#1586);
#1586 = DEFINITIONAL_REPRESENTATION('',(#1587),#1591);
#1587 = LINE('',#1588,#1589);
#1588 = CARTESIAN_POINT('',(0.,-0.));
#1589 = VECTOR('',#1590,1.);
#1590 = DIRECTION('',(-1.,0.));
#1591 = ( GEOMETRIC_REPRESENTATION_CONTEXT(2) 
PARAMETRIC_REPRESENTATION_CONTEXT() REPRESENTATION_CONTEXT('2D SPACE',''
  ) );
#1592 = ORIENTED_EDGE('',*,*,#1254,.T.);
#1593 = ORIENTED_EDGE('',*,*,#910,.T.);
#1594 = ORIENTED_EDGE('',*,*,#1595,.F.);
#1595 = EDGE_CURVE('',#489,#888,#1596,.T.);
#1596 = SURFACE_CURVE('',#1597,(#1601,#1608),.PCURVE_S1.);
#1597 = LINE('',#1598,#1599);
#1598 = CARTESIAN_POINT('',(5.,-48.5,5.));
#1599 = VECTOR('',#1600,1.);
#1600 = DIRECTION('',(-0.,1.,-0.));
#1601 = PCURVE('',#532,#1602);
#1602 = DEFINITIONAL_REPRESENTATION('',(#1603),#1607);
#1603 = LINE('',#1604,#1605);
#1604 = CARTESIAN_POINT('',(-21.,0.));
#1605 = VECTOR('',#1606,1.);
#1606 = DIRECTION('',(-0.,-1.));
#1607 = ( GEOMETRIC_REPRESENTATION_CONTEXT(2) 
PARAMETRIC_REPRESENTATION_CONTEXT() REPRESENTATION_CONTEXT('2D SPACE',''
  ) );
#1608 = PCURVE('',#504,#1609);
#1609 = DEFINITIONAL_REPRESENTATION('',(#1610),#1614);
#1610 = LINE('',#1611,#1612);
#1611 = CARTESIAN_POINT('',(-0.,-0.));
#1612 = VECTOR('',#1613,1.);
#1613 = DIRECTION('',(-0.,-1.));
#1614 = ( GEOMETRIC_REPRESENTATION_CONTEXT(2) 
PARAMETRIC_REPRESENTATION_CONTEXT() REPRESENTATION_CONTEXT('2D SPACE',''
  ) );
#1615 = ADVANCED_FACE('',(#1616),#415,.T.);
#1616 = FACE_BOUND('',#1617,.F.);
#1617 = EDGE_LOOP('',(#1618,#1619,#1640,#1641));
#1618 = ORIENTED_EDGE('',*,*,#394,.T.);
#1619 = ORIENTED_EDGE('',*,*,#1620,.T.);
#1620 = EDGE_CURVE('',#395,#809,#1621,.T.);
#1621 = SURFACE_CURVE('',#1622,(#1626,#1633),.PCURVE_S1.);
#1622 = LINE('',#1623,#1624);
#1623 = CARTESIAN_POINT('',(34.,-48.5,1.8));
#1624 = VECTOR('',#1625,1.);
#1625 = DIRECTION('',(-0.,1.,-0.));
#1626 = PCURVE('',#415,#1627);
#1627 = DEFINITIONAL_REPRESENTATION('',(#1628),#1632);
#1628 = LINE('',#1629,#1630);
#1629 = CARTESIAN_POINT('',(-1.570796326795,0.));
#1630 = VECTOR('',#1631,1.);
#1631 = DIRECTION('',(-0.,1.));
#1632 = ( GEOMETRIC_REPRESENTATION_CONTEXT(2) 
PARAMETRIC_REPRESENTATION_CONTEXT() REPRESENTATION_CONTEXT('2D SPACE',''
  ) );
#1633 = PCURVE('',#443,#1634);
#1634 = DEFINITIONAL_REPRESENTATION('',(#1635),#1639);
#1635 = LINE('',#1636,#1637);
#1636 = CARTESIAN_POINT('',(-1.8,-0.));
#1637 = VECTOR('',#1638,1.);
#1638 = DIRECTION('',(-0.,-1.));
#1639 = ( GEOMETRIC_REPRESENTATION_CONTEXT(2) 
PARAMETRIC_REPRESENTATION_CONTEXT() REPRESENTATION_CONTEXT('2D SPACE',''
  ) );
#1640 = ORIENTED_EDGE('',*,*,#808,.F.);
#1641 = ORIENTED_EDGE('',*,*,#1500,.F.);
#1642 = ADVANCED_FACE('',(#1643),#504,.T.);
#1643 = FACE_BOUND('',#1644,.F.);
#1644 = EDGE_LOOP('',(#1645,#1646,#1647,#1648));
#1645 = ORIENTED_EDGE('',*,*,#488,.F.);
#1646 = ORIENTED_EDGE('',*,*,#1595,.T.);
#1647 = ORIENTED_EDGE('',*,*,#887,.T.);
#1648 = ORIENTED_EDGE('',*,*,#1649,.T.);
#1649 = EDGE_CURVE('',#860,#456,#1650,.T.);
#1650 = SURFACE_CURVE('',#1651,(#1655,#1662),.PCURVE_S1.);
#1651 = LINE('',#1652,#1653);
#1652 = CARTESIAN_POINT('',(32.2,48.5,5.));
#1653 = VECTOR('',#1654,1.);
#1654 = DIRECTION('',(-0.,-1.,-0.));
#1655 = PCURVE('',#504,#1656);
#1656 = DEFINITIONAL_REPRESENTATION('',(#1657),#1661);
#1657 = LINE('',#1658,#1659);
#1658 = CARTESIAN_POINT('',(-27.2,-97.));
#1659 = VECTOR('',#1660,1.);
#1660 = DIRECTION('',(-0.,1.));
#1661 = ( GEOMETRIC_REPRESENTATION_CONTEXT(2) 
PARAMETRIC_REPRESENTATION_CONTEXT() REPRESENTATION_CONTEXT('2D SPACE',''
  ) );
#1662 = PCURVE('',#476,#1663);
#1663 = DEFINITIONAL_REPRESENTATION('',(#1664),#1668);
#1664 = LINE('',#1665,#1666);
#1665 = CARTESIAN_POINT('',(1.570796326795,0.));
#1666 = VECTOR('',#1667,1.);
#1667 = DIRECTION('',(0.,1.));
#1668 = ( GEOMETRIC_REPRESENTATION_CONTEXT(2) 
PARAMETRIC_REPRESENTATION_CONTEXT() REPRESENTATION_CONTEXT('2D SPACE',''
  ) );
#1669 = ADVANCED_FACE('',(#1670),#443,.F.);
#1670 = FACE_BOUND('',#1671,.T.);
#1671 = EDGE_LOOP('',(#1672,#1673,#1674,#1675));
#1672 = ORIENTED_EDGE('',*,*,#427,.F.);
#1673 = ORIENTED_EDGE('',*,*,#1620,.T.);
#1674 = ORIENTED_EDGE('',*,*,#836,.T.);
#1675 = ORIENTED_EDGE('',*,*,#1676,.T.);
#1676 = EDGE_CURVE('',#837,#428,#1677,.T.);
#1677 = SURFACE_CURVE('',#1678,(#1682,#1689),.PCURVE_S1.);
#1678 = LINE('',#1679,#1680);
#1679 = CARTESIAN_POINT('',(34.,48.5,3.2));
#1680 = VECTOR('',#1681,1.);
#1681 = DIRECTION('',(-0.,-1.,-0.));
#1682 = PCURVE('',#443,#1683);
#1683 = DEFINITIONAL_REPRESENTATION('',(#1684),#1688);
#1684 = LINE('',#1685,#1686);
#1685 = CARTESIAN_POINT('',(-3.2,-97.));
#1686 = VECTOR('',#1687,1.);
#1687 = DIRECTION('',(-0.,1.));
#1688 = ( GEOMETRIC_REPRESENTATION_CONTEXT(2) 
PARAMETRIC_REPRESENTATION_CONTEXT() REPRESENTATION_CONTEXT('2D SPACE',''
  ) );
#1689 = PCURVE('',#476,#1690);
#1690 = DEFINITIONAL_REPRESENTATION('',(#1691),#1695);
#1691 = LINE('',#1692,#1693);
#1692 = CARTESIAN_POINT('',(0.,0.));
#1693 = VECTOR('',#1694,1.);
#1694 = DIRECTION('',(0.,1.));
#1695 = ( GEOMETRIC_REPRESENTATION_CONTEXT(2) 
PARAMETRIC_REPRESENTATION_CONTEXT() REPRESENTATION_CONTEXT('2D SPACE',''
  ) );
#1696 = ADVANCED_FACE('',(#1697),#476,.T.);
#1697 = FACE_BOUND('',#1698,.T.);
#1698 = EDGE_LOOP('',(#1699,#1700,#1701,#1702));
#1699 = ORIENTED_EDGE('',*,*,#859,.T.);
#1700 = ORIENTED_EDGE('',*,*,#1649,.T.);
#1701 = ORIENTED_EDGE('',*,*,#455,.F.);
#1702 = ORIENTED_EDGE('',*,*,#1676,.F.);
#1703 = ADVANCED_FACE('',(#1704),#1069,.T.);
#1704 = FACE_BOUND('',#1705,.F.);
#1705 = EDGE_LOOP('',(#1706,#1729,#1760,#1761));
#1706 = ORIENTED_EDGE('',*,*,#1707,.T.);
#1707 = EDGE_CURVE('',#1029,#1708,#1710,.T.);
#1708 = VERTEX_POINT('',#1709);
#1709 = CARTESIAN_POINT('',(-9.,30.,10.75));
#1710 = SEAM_CURVE('',#1711,(#1715,#1722),.PCURVE_S1.);
#1711 = LINE('',#1712,#1713);
#1712 = CARTESIAN_POINT('',(0.,30.,10.75));
#1713 = VECTOR('',#1714,1.);
#1714 = DIRECTION('',(-1.,-0.,-0.));
#1715 = PCURVE('',#1069,#1716);
#1716 = DEFINITIONAL_REPRESENTATION('',(#1717),#1721);
#1717 = LINE('',#1718,#1719);
#1718 = CARTESIAN_POINT('',(-6.28318530718,-0.));
#1719 = VECTOR('',#1720,1.);
#1720 = DIRECTION('',(-0.,1.));
#1721 = ( GEOMETRIC_REPRESENTATION_CONTEXT(2) 
PARAMETRIC_REPRESENTATION_CONTEXT() REPRESENTATION_CONTEXT('2D SPACE',''
  ) );
#1722 = PCURVE('',#1069,#1723);
#1723 = DEFINITIONAL_REPRESENTATION('',(#1724),#1728);
#1724 = LINE('',#1725,#1726);
#1725 = CARTESIAN_POINT('',(-0.,-0.));
#1726 = VECTOR('',#1727,1.);
#1727 = DIRECTION('',(-0.,1.));
#1728 = ( GEOMETRIC_REPRESENTATION_CONTEXT(2) 
PARAMETRIC_REPRESENTATION_CONTEXT() REPRESENTATION_CONTEXT('2D SPACE',''
  ) );
#1729 = ORIENTED_EDGE('',*,*,#1730,.F.);
#1730 = EDGE_CURVE('',#1708,#1708,#1731,.T.);
#1731 = SURFACE_CURVE('',#1732,(#1737,#1744),.PCURVE_S1.);
#1732 = CIRCLE('',#1733,4.75);
#1733 = AXIS2_PLACEMENT_3D('',#1734,#1735,#1736);
#1734 = CARTESIAN_POINT('',(-9.,30.,15.5));
#1735 = DIRECTION('',(1.,0.,-0.));
#1736 = DIRECTION('',(-0.,-0.,-1.));
#1737 = PCURVE('',#1069,#1738);
#1738 = DEFINITIONAL_REPRESENTATION('',(#1739),#1743);
#1739 = LINE('',#1740,#1741);
#1740 = CARTESIAN_POINT('',(-0.,9.));
#1741 = VECTOR('',#1742,1.);
#1742 = DIRECTION('',(-1.,0.));
#1743 = ( GEOMETRIC_REPRESENTATION_CONTEXT(2) 
PARAMETRIC_REPRESENTATION_CONTEXT() REPRESENTATION_CONTEXT('2D SPACE',''
  ) );
#1744 = PCURVE('',#1745,#1750);
#1745 = PLANE('',#1746);
#1746 = AXIS2_PLACEMENT_3D('',#1747,#1748,#1749);
#1747 = CARTESIAN_POINT('',(-9.,30.,15.5));
#1748 = DIRECTION('',(-1.,-0.,-0.));
#1749 = DIRECTION('',(0.,0.,1.));
#1750 = DEFINITIONAL_REPRESENTATION('',(#1751),#1759);
#1751 = ( BOUNDED_CURVE() B_SPLINE_CURVE(2,(#1752,#1753,#1754,#1755,
#1756,#1757,#1758),.UNSPECIFIED.,.T.,.F.) B_SPLINE_CURVE_WITH_KNOTS((1,2
    ,2,2,2,1),(-2.094395102393,0.,2.094395102393,4.188790204786,
6.28318530718,8.377580409573),.UNSPECIFIED.) CURVE() 
GEOMETRIC_REPRESENTATION_ITEM() RATIONAL_B_SPLINE_CURVE((1.,0.5,1.,0.5,
1.,0.5,1.)) REPRESENTATION_ITEM('') );
#1752 = CARTESIAN_POINT('',(-4.75,0.));
#1753 = CARTESIAN_POINT('',(-4.75,8.227241335952));
#1754 = CARTESIAN_POINT('',(2.375,4.113620667976));
#1755 = CARTESIAN_POINT('',(9.5,1.16341445919E-15));
#1756 = CARTESIAN_POINT('',(2.375,-4.113620667976));
#1757 = CARTESIAN_POINT('',(-4.75,-8.227241335952));
#1758 = CARTESIAN_POINT('',(-4.75,0.));
#1759 = ( GEOMETRIC_REPRESENTATION_CONTEXT(2) 
PARAMETRIC_REPRESENTATION_CONTEXT() REPRESENTATION_CONTEXT('2D SPACE',''
  ) );
#1760 = ORIENTED_EDGE('',*,*,#1707,.F.);
#1761 = ORIENTED_EDGE('',*,*,#1054,.T.);
#1762 = ADVANCED_FACE('',(#1763,#1766),#1122,.T.);
#1763 = FACE_BOUND('',#1764,.F.);
#1764 = EDGE_LOOP('',(#1765));
#1765 = ORIENTED_EDGE('',*,*,#1107,.T.);
#1766 = FACE_BOUND('',#1767,.F.);
#1767 = EDGE_LOOP('',(#1768));
#1768 = ORIENTED_EDGE('',*,*,#1769,.T.);
#1769 = EDGE_CURVE('',#1770,#1770,#1772,.T.);
#1770 = VERTEX_POINT('',#1771);
#1771 = CARTESIAN_POINT('',(-9.,-30.,17.5));
#1772 = SURFACE_CURVE('',#1773,(#1778,#1785),.PCURVE_S1.);
#1773 = CIRCLE('',#1774,2.);
#1774 = AXIS2_PLACEMENT_3D('',#1775,#1776,#1777);
#1775 = CARTESIAN_POINT('',(-9.,-30.,15.5));
#1776 = DIRECTION('',(-1.,-0.,-0.));
#1777 = DIRECTION('',(-0.,-0.,1.));
#1778 = PCURVE('',#1122,#1779);
#1779 = DEFINITIONAL_REPRESENTATION('',(#1780),#1784);
#1780 = CIRCLE('',#1781,2.);
#1781 = AXIS2_PLACEMENT_2D('',#1782,#1783);
#1782 = CARTESIAN_POINT('',(0.,0.));
#1783 = DIRECTION('',(1.,-0.));
#1784 = ( GEOMETRIC_REPRESENTATION_CONTEXT(2) 
PARAMETRIC_REPRESENTATION_CONTEXT() REPRESENTATION_CONTEXT('2D SPACE',''
  ) );
#1785 = PCURVE('',#1786,#1791);
#1786 = CYLINDRICAL_SURFACE('',#1787,2.);
#1787 = AXIS2_PLACEMENT_3D('',#1788,#1789,#1790);
#1788 = CARTESIAN_POINT('',(-9.,-30.,15.5));
#1789 = DIRECTION('',(1.,-0.,-0.));
#1790 = DIRECTION('',(-0.,-0.,1.));
#1791 = DEFINITIONAL_REPRESENTATION('',(#1792),#1796);
#1792 = LINE('',#1793,#1794);
#1793 = CARTESIAN_POINT('',(-0.,0.));
#1794 = VECTOR('',#1795,1.);
#1795 = DIRECTION('',(-1.,0.));
#1796 = ( GEOMETRIC_REPRESENTATION_CONTEXT(2) 
PARAMETRIC_REPRESENTATION_CONTEXT() REPRESENTATION_CONTEXT('2D SPACE',''
  ) );
#1797 = ADVANCED_FACE('',(#1798),#1461,.T.);
#1798 = FACE_BOUND('',#1799,.F.);
#1799 = EDGE_LOOP('',(#1800,#1801,#1827));
#1800 = ORIENTED_EDGE('',*,*,#1445,.F.);
#1801 = ORIENTED_EDGE('',*,*,#1802,.T.);
#1802 = EDGE_CURVE('',#1418,#1527,#1803,.T.);
#1803 = SURFACE_CURVE('',#1804,(#1809,#1820),.PCURVE_S1.);
#1804 = CIRCLE('',#1805,3.);
#1805 = AXIS2_PLACEMENT_3D('',#1806,#1807,#1808);
#1806 = CARTESIAN_POINT('',(5.,-32.16,26.));
#1807 = DIRECTION('',(-0.,-1.,-0.));
#1808 = DIRECTION('',(1.,-0.,-0.));
#1809 = PCURVE('',#1461,#1810);
#1810 = DEFINITIONAL_REPRESENTATION('',(#1811),#1819);
#1811 = ( BOUNDED_CURVE() B_SPLINE_CURVE(2,(#1812,#1813,#1814,#1815,
#1816,#1817,#1818),.UNSPECIFIED.,.T.,.F.) B_SPLINE_CURVE_WITH_KNOTS((1,2
    ,2,2,2,1),(-2.094395102393,0.,2.094395102393,4.188790204786,
6.28318530718,8.377580409573),.UNSPECIFIED.) CURVE() 
GEOMETRIC_REPRESENTATION_ITEM() RATIONAL_B_SPLINE_CURVE((1.,0.5,1.,0.5,
1.,0.5,1.)) REPRESENTATION_ITEM('') );
#1812 = CARTESIAN_POINT('',(0.,3.));
#1813 = CARTESIAN_POINT('',(5.196152422707,3.));
#1814 = CARTESIAN_POINT('',(2.598076211353,-1.5));
#1815 = CARTESIAN_POINT('',(7.347880794884E-16,-6.));
#1816 = CARTESIAN_POINT('',(-2.598076211353,-1.5));
#1817 = CARTESIAN_POINT('',(-5.196152422707,3.));
#1818 = CARTESIAN_POINT('',(0.,3.));
#1819 = ( GEOMETRIC_REPRESENTATION_CONTEXT(2) 
PARAMETRIC_REPRESENTATION_CONTEXT() REPRESENTATION_CONTEXT('2D SPACE',''
  ) );
#1820 = PCURVE('',#1433,#1821);
#1821 = DEFINITIONAL_REPRESENTATION('',(#1822),#1826);
#1822 = LINE('',#1823,#1824);
#1823 = CARTESIAN_POINT('',(0.,0.));
#1824 = VECTOR('',#1825,1.);
#1825 = DIRECTION('',(1.,0.));
#1826 = ( GEOMETRIC_REPRESENTATION_CONTEXT(2) 
PARAMETRIC_REPRESENTATION_CONTEXT() REPRESENTATION_CONTEXT('2D SPACE',''
  ) );
#1827 = ORIENTED_EDGE('',*,*,#1526,.F.);
#1828 = ADVANCED_FACE('',(#1829),#1433,.F.);
#1829 = FACE_BOUND('',#1830,.F.);
#1830 = EDGE_LOOP('',(#1831,#1832,#1833,#1857,#1885,#1911));
#1831 = ORIENTED_EDGE('',*,*,#1802,.F.);
#1832 = ORIENTED_EDGE('',*,*,#1417,.T.);
#1833 = ORIENTED_EDGE('',*,*,#1834,.F.);
#1834 = EDGE_CURVE('',#1835,#1390,#1837,.T.);
#1835 = VERTEX_POINT('',#1836);
#1836 = CARTESIAN_POINT('',(7.95803989155,-29.1,26.5));
#1837 = SURFACE_CURVE('',#1838,(#1843,#1850),.PCURVE_S1.);
#1838 = CIRCLE('',#1839,3.);
#1839 = AXIS2_PLACEMENT_3D('',#1840,#1841,#1842);
#1840 = CARTESIAN_POINT('',(5.,-29.1,26.));
#1841 = DIRECTION('',(0.,1.,-0.));
#1842 = DIRECTION('',(1.,-0.,-0.));
#1843 = PCURVE('',#1433,#1844);
#1844 = DEFINITIONAL_REPRESENTATION('',(#1845),#1849);
#1845 = LINE('',#1846,#1847);
#1846 = CARTESIAN_POINT('',(6.28318530718,-3.06));
#1847 = VECTOR('',#1848,1.);
#1848 = DIRECTION('',(-1.,0.));
#1849 = ( GEOMETRIC_REPRESENTATION_CONTEXT(2) 
PARAMETRIC_REPRESENTATION_CONTEXT() REPRESENTATION_CONTEXT('2D SPACE',''
  ) );
#1850 = PCURVE('',#1405,#1851);
#1851 = DEFINITIONAL_REPRESENTATION('',(#1852),#1856);
#1852 = CIRCLE('',#1853,3.);
#1853 = AXIS2_PLACEMENT_2D('',#1854,#1855);
#1854 = CARTESIAN_POINT('',(0.,-14.5));
#1855 = DIRECTION('',(-0.,1.));
#1856 = ( GEOMETRIC_REPRESENTATION_CONTEXT(2) 
PARAMETRIC_REPRESENTATION_CONTEXT() REPRESENTATION_CONTEXT('2D SPACE',''
  ) );
#1857 = ORIENTED_EDGE('',*,*,#1858,.F.);
#1858 = EDGE_CURVE('',#1859,#1835,#1861,.T.);
#1859 = VERTEX_POINT('',#1860);
#1860 = CARTESIAN_POINT('',(7.95803989155,-22.16,26.5));
#1861 = SURFACE_CURVE('',#1862,(#1866,#1873),.PCURVE_S1.);
#1862 = LINE('',#1863,#1864);
#1863 = CARTESIAN_POINT('',(7.95803989155,-32.16,26.5));
#1864 = VECTOR('',#1865,1.);
#1865 = DIRECTION('',(-0.,-1.,-0.));
#1866 = PCURVE('',#1433,#1867);
#1867 = DEFINITIONAL_REPRESENTATION('',(#1868),#1872);
#1868 = LINE('',#1869,#1870);
#1869 = CARTESIAN_POINT('',(0.16744807922,0.));
#1870 = VECTOR('',#1871,1.);
#1871 = DIRECTION('',(0.,1.));
#1872 = ( GEOMETRIC_REPRESENTATION_CONTEXT(2) 
PARAMETRIC_REPRESENTATION_CONTEXT() REPRESENTATION_CONTEXT('2D SPACE',''
  ) );
#1873 = PCURVE('',#1874,#1879);
#1874 = PLANE('',#1875);
#1875 = AXIS2_PLACEMENT_3D('',#1876,#1877,#1878);
#1876 = CARTESIAN_POINT('',(32.,-29.1,26.5));
#1877 = DIRECTION('',(-0.,0.,-1.));
#1878 = DIRECTION('',(1.,0.,0.));
#1879 = DEFINITIONAL_REPRESENTATION('',(#1880),#1884);
#1880 = LINE('',#1881,#1882);
#1881 = CARTESIAN_POINT('',(-24.04196010845,3.06));
#1882 = VECTOR('',#1883,1.);
#1883 = DIRECTION('',(-0.,1.));
#1884 = ( GEOMETRIC_REPRESENTATION_CONTEXT(2) 
PARAMETRIC_REPRESENTATION_CONTEXT() REPRESENTATION_CONTEXT('2D SPACE',''
  ) );
#1885 = ORIENTED_EDGE('',*,*,#1886,.T.);
#1886 = EDGE_CURVE('',#1859,#1550,#1887,.T.);
#1887 = SURFACE_CURVE('',#1888,(#1893,#1900),.PCURVE_S1.);
#1888 = CIRCLE('',#1889,3.);
#1889 = AXIS2_PLACEMENT_3D('',#1890,#1891,#1892);
#1890 = CARTESIAN_POINT('',(5.,-22.16,26.));
#1891 = DIRECTION('',(-0.,-1.,-0.));
#1892 = DIRECTION('',(1.,-0.,-0.));
#1893 = PCURVE('',#1433,#1894);
#1894 = DEFINITIONAL_REPRESENTATION('',(#1895),#1899);
#1895 = LINE('',#1896,#1897);
#1896 = CARTESIAN_POINT('',(0.,-10.));
#1897 = VECTOR('',#1898,1.);
#1898 = DIRECTION('',(1.,0.));
#1899 = ( GEOMETRIC_REPRESENTATION_CONTEXT(2) 
PARAMETRIC_REPRESENTATION_CONTEXT() REPRESENTATION_CONTEXT('2D SPACE',''
  ) );
#1900 = PCURVE('',#1293,#1901);
#1901 = DEFINITIONAL_REPRESENTATION('',(#1902),#1910);
#1902 = ( BOUNDED_CURVE() B_SPLINE_CURVE(2,(#1903,#1904,#1905,#1906,
#1907,#1908,#1909),.UNSPECIFIED.,.T.,.F.) B_SPLINE_CURVE_WITH_KNOTS((1,2
    ,2,2,2,1),(-2.094395102393,0.,2.094395102393,4.188790204786,
6.28318530718,8.377580409573),.UNSPECIFIED.) CURVE() 
GEOMETRIC_REPRESENTATION_ITEM() RATIONAL_B_SPLINE_CURVE((1.,0.5,1.,0.5,
1.,0.5,1.)) REPRESENTATION_ITEM('') );
#1903 = CARTESIAN_POINT('',(0.,3.));
#1904 = CARTESIAN_POINT('',(5.196152422707,3.));
#1905 = CARTESIAN_POINT('',(2.598076211353,-1.5));
#1906 = CARTESIAN_POINT('',(7.347880794884E-16,-6.));
#1907 = CARTESIAN_POINT('',(-2.598076211353,-1.5));
#1908 = CARTESIAN_POINT('',(-5.196152422707,3.));
#1909 = CARTESIAN_POINT('',(0.,3.));
#1910 = ( GEOMETRIC_REPRESENTATION_CONTEXT(2) 
PARAMETRIC_REPRESENTATION_CONTEXT() REPRESENTATION_CONTEXT('2D SPACE',''
  ) );
#1911 = ORIENTED_EDGE('',*,*,#1549,.T.);
#1912 = ADVANCED_FACE('',(#1913),#1405,.T.);
#1913 = FACE_BOUND('',#1914,.F.);
#1914 = EDGE_LOOP('',(#1915,#1916,#1939,#1960));
#1915 = ORIENTED_EDGE('',*,*,#1389,.F.);
#1916 = ORIENTED_EDGE('',*,*,#1917,.T.);
#1917 = EDGE_CURVE('',#1362,#1918,#1920,.T.);
#1918 = VERTEX_POINT('',#1919);
#1919 = CARTESIAN_POINT('',(32.,-29.1,26.5));
#1920 = SURFACE_CURVE('',#1921,(#1925,#1932),.PCURVE_S1.);
#1921 = LINE('',#1922,#1923);
#1922 = CARTESIAN_POINT('',(32.,-29.1,25.5));
#1923 = VECTOR('',#1924,1.);
#1924 = DIRECTION('',(-0.,-0.,1.));
#1925 = PCURVE('',#1405,#1926);
#1926 = DEFINITIONAL_REPRESENTATION('',(#1927),#1931);
#1927 = LINE('',#1928,#1929);
#1928 = CARTESIAN_POINT('',(-0.5,12.5));
#1929 = VECTOR('',#1930,1.);
#1930 = DIRECTION('',(1.,-0.));
#1931 = ( GEOMETRIC_REPRESENTATION_CONTEXT(2) 
PARAMETRIC_REPRESENTATION_CONTEXT() REPRESENTATION_CONTEXT('2D SPACE',''
  ) );
#1932 = PCURVE('',#1377,#1933);
#1933 = DEFINITIONAL_REPRESENTATION('',(#1934),#1938);
#1934 = LINE('',#1935,#1936);
#1935 = CARTESIAN_POINT('',(-0.,-0.));
#1936 = VECTOR('',#1937,1.);
#1937 = DIRECTION('',(-1.,-0.));
#1938 = ( GEOMETRIC_REPRESENTATION_CONTEXT(2) 
PARAMETRIC_REPRESENTATION_CONTEXT() REPRESENTATION_CONTEXT('2D SPACE',''
  ) );
#1939 = ORIENTED_EDGE('',*,*,#1940,.T.);
#1940 = EDGE_CURVE('',#1918,#1835,#1941,.T.);
#1941 = SURFACE_CURVE('',#1942,(#1946,#1953),.PCURVE_S1.);
#1942 = LINE('',#1943,#1944);
#1943 = CARTESIAN_POINT('',(32.,-29.1,26.5));
#1944 = VECTOR('',#1945,1.);
#1945 = DIRECTION('',(-1.,-0.,-0.));
#1946 = PCURVE('',#1405,#1947);
#1947 = DEFINITIONAL_REPRESENTATION('',(#1948),#1952);
#1948 = LINE('',#1949,#1950);
#1949 = CARTESIAN_POINT('',(0.5,12.5));
#1950 = VECTOR('',#1951,1.);
#1951 = DIRECTION('',(-0.,-1.));
#1952 = ( GEOMETRIC_REPRESENTATION_CONTEXT(2) 
PARAMETRIC_REPRESENTATION_CONTEXT() REPRESENTATION_CONTEXT('2D SPACE',''
  ) );
#1953 = PCURVE('',#1874,#1954);
#1954 = DEFINITIONAL_REPRESENTATION('',(#1955),#1959);
#1955 = LINE('',#1956,#1957);
#1956 = CARTESIAN_POINT('',(-0.,-0.));
#1957 = VECTOR('',#1958,1.);
#1958 = DIRECTION('',(-1.,0.));
#1959 = ( GEOMETRIC_REPRESENTATION_CONTEXT(2) 
PARAMETRIC_REPRESENTATION_CONTEXT() REPRESENTATION_CONTEXT('2D SPACE',''
  ) );
#1960 = ORIENTED_EDGE('',*,*,#1834,.T.);
#1961 = ADVANCED_FACE('',(#1962),#1377,.T.);
#1962 = FACE_BOUND('',#1963,.F.);
#1963 = EDGE_LOOP('',(#1964,#1965,#1966,#1989));
#1964 = ORIENTED_EDGE('',*,*,#1917,.F.);
#1965 = ORIENTED_EDGE('',*,*,#1361,.F.);
#1966 = ORIENTED_EDGE('',*,*,#1967,.T.);
#1967 = EDGE_CURVE('',#1334,#1968,#1970,.T.);
#1968 = VERTEX_POINT('',#1969);
#1969 = CARTESIAN_POINT('',(32.,29.1,26.5));
#1970 = SURFACE_CURVE('',#1971,(#1975,#1982),.PCURVE_S1.);
#1971 = LINE('',#1972,#1973);
#1972 = CARTESIAN_POINT('',(32.,29.1,25.5));
#1973 = VECTOR('',#1974,1.);
#1974 = DIRECTION('',(-0.,-0.,1.));
#1975 = PCURVE('',#1377,#1976);
#1976 = DEFINITIONAL_REPRESENTATION('',(#1977),#1981);
#1977 = LINE('',#1978,#1979);
#1978 = CARTESIAN_POINT('',(-0.,-58.2));
#1979 = VECTOR('',#1980,1.);
#1980 = DIRECTION('',(-1.,-0.));
#1981 = ( GEOMETRIC_REPRESENTATION_CONTEXT(2) 
PARAMETRIC_REPRESENTATION_CONTEXT() REPRESENTATION_CONTEXT('2D SPACE',''
  ) );
#1982 = PCURVE('',#1349,#1983);
#1983 = DEFINITIONAL_REPRESENTATION('',(#1984),#1988);
#1984 = LINE('',#1985,#1986);
#1985 = CARTESIAN_POINT('',(-0.5,12.5));
#1986 = VECTOR('',#1987,1.);
#1987 = DIRECTION('',(1.,-0.));
#1988 = ( GEOMETRIC_REPRESENTATION_CONTEXT(2) 
PARAMETRIC_REPRESENTATION_CONTEXT() REPRESENTATION_CONTEXT('2D SPACE',''
  ) );
#1989 = ORIENTED_EDGE('',*,*,#1990,.F.);
#1990 = EDGE_CURVE('',#1918,#1968,#1991,.T.);
#1991 = SURFACE_CURVE('',#1992,(#1996,#2003),.PCURVE_S1.);
#1992 = LINE('',#1993,#1994);
#1993 = CARTESIAN_POINT('',(32.,-29.1,26.5));
#1994 = VECTOR('',#1995,1.);
#1995 = DIRECTION('',(-0.,1.,-0.));
#1996 = PCURVE('',#1377,#1997);
#1997 = DEFINITIONAL_REPRESENTATION('',(#1998),#2002);
#1998 = LINE('',#1999,#2000);
#1999 = CARTESIAN_POINT('',(-1.,-0.));
#2000 = VECTOR('',#2001,1.);
#2001 = DIRECTION('',(-0.,-1.));
#2002 = ( GEOMETRIC_REPRESENTATION_CONTEXT(2) 
PARAMETRIC_REPRESENTATION_CONTEXT() REPRESENTATION_CONTEXT('2D SPACE',''
  ) );
#2003 = PCURVE('',#1874,#2004);
#2004 = DEFINITIONAL_REPRESENTATION('',(#2005),#2009);
#2005 = LINE('',#2006,#2007);
#2006 = CARTESIAN_POINT('',(-0.,-0.));
#2007 = VECTOR('',#2008,1.);
#2008 = DIRECTION('',(-0.,-1.));
#2009 = ( GEOMETRIC_REPRESENTATION_CONTEXT(2) 
PARAMETRIC_REPRESENTATION_CONTEXT() REPRESENTATION_CONTEXT('2D SPACE',''
  ) );
#2010 = ADVANCED_FACE('',(#2011),#1349,.F.);
#2011 = FACE_BOUND('',#2012,.T.);
#2012 = EDGE_LOOP('',(#2013,#2036,#2037,#2038));
#2013 = ORIENTED_EDGE('',*,*,#2014,.T.);
#2014 = EDGE_CURVE('',#2015,#1306,#2017,.T.);
#2015 = VERTEX_POINT('',#2016);
#2016 = CARTESIAN_POINT('',(7.,29.1,26.5));
#2017 = SURFACE_CURVE('',#2018,(#2022,#2029),.PCURVE_S1.);
#2018 = LINE('',#2019,#2020);
#2019 = CARTESIAN_POINT('',(7.,29.1,26.5));
#2020 = VECTOR('',#2021,1.);
#2021 = DIRECTION('',(-0.,-0.,-1.));
#2022 = PCURVE('',#1349,#2023);
#2023 = DEFINITIONAL_REPRESENTATION('',(#2024),#2028);
#2024 = LINE('',#2025,#2026);
#2025 = CARTESIAN_POINT('',(0.5,-12.5));
#2026 = VECTOR('',#2027,1.);
#2027 = DIRECTION('',(-1.,0.));
#2028 = ( GEOMETRIC_REPRESENTATION_CONTEXT(2) 
PARAMETRIC_REPRESENTATION_CONTEXT() REPRESENTATION_CONTEXT('2D SPACE',''
  ) );
#2029 = PCURVE('',#1321,#2030);
#2030 = DEFINITIONAL_REPRESENTATION('',(#2031),#2035);
#2031 = LINE('',#2032,#2033);
#2032 = CARTESIAN_POINT('',(-0.,-58.2));
#2033 = VECTOR('',#2034,1.);
#2034 = DIRECTION('',(-1.,0.));
#2035 = ( GEOMETRIC_REPRESENTATION_CONTEXT(2) 
PARAMETRIC_REPRESENTATION_CONTEXT() REPRESENTATION_CONTEXT('2D SPACE',''
  ) );
#2036 = ORIENTED_EDGE('',*,*,#1333,.F.);
#2037 = ORIENTED_EDGE('',*,*,#1967,.T.);
#2038 = ORIENTED_EDGE('',*,*,#2039,.T.);
#2039 = EDGE_CURVE('',#1968,#2015,#2040,.T.);
#2040 = SURFACE_CURVE('',#2041,(#2045,#2052),.PCURVE_S1.);
#2041 = LINE('',#2042,#2043);
#2042 = CARTESIAN_POINT('',(32.,29.1,26.5));
#2043 = VECTOR('',#2044,1.);
#2044 = DIRECTION('',(-1.,-0.,-0.));
#2045 = PCURVE('',#1349,#2046);
#2046 = DEFINITIONAL_REPRESENTATION('',(#2047),#2051);
#2047 = LINE('',#2048,#2049);
#2048 = CARTESIAN_POINT('',(0.5,12.5));
#2049 = VECTOR('',#2050,1.);
#2050 = DIRECTION('',(-0.,-1.));
#2051 = ( GEOMETRIC_REPRESENTATION_CONTEXT(2) 
PARAMETRIC_REPRESENTATION_CONTEXT() REPRESENTATION_CONTEXT('2D SPACE',''
  ) );
#2052 = PCURVE('',#1874,#2053);
#2053 = DEFINITIONAL_REPRESENTATION('',(#2054),#2058);
#2054 = LINE('',#2055,#2056);
#2055 = CARTESIAN_POINT('',(-0.,-58.2));
#2056 = VECTOR('',#2057,1.);
#2057 = DIRECTION('',(-1.,0.));
#2058 = ( GEOMETRIC_REPRESENTATION_CONTEXT(2) 
PARAMETRIC_REPRESENTATION_CONTEXT() REPRESENTATION_CONTEXT('2D SPACE',''
  ) );
#2059 = ADVANCED_FACE('',(#2060),#1321,.T.);
#2060 = FACE_BOUND('',#2061,.F.);
#2061 = EDGE_LOOP('',(#2062,#2085,#2106,#2107));
#2062 = ORIENTED_EDGE('',*,*,#2063,.T.);
#2063 = EDGE_CURVE('',#1278,#2064,#2066,.T.);
#2064 = VERTEX_POINT('',#2065);
#2065 = CARTESIAN_POINT('',(7.,-22.16,26.5));
#2066 = SURFACE_CURVE('',#2067,(#2071,#2078),.PCURVE_S1.);
#2067 = LINE('',#2068,#2069);
#2068 = CARTESIAN_POINT('',(7.,-22.16,26.25));
#2069 = VECTOR('',#2070,1.);
#2070 = DIRECTION('',(-0.,-0.,1.));
#2071 = PCURVE('',#1321,#2072);
#2072 = DEFINITIONAL_REPRESENTATION('',(#2073),#2077);
#2073 = LINE('',#2074,#2075);
#2074 = CARTESIAN_POINT('',(-0.25,-6.94));
#2075 = VECTOR('',#2076,1.);
#2076 = DIRECTION('',(1.,-0.));
#2077 = ( GEOMETRIC_REPRESENTATION_CONTEXT(2) 
PARAMETRIC_REPRESENTATION_CONTEXT() REPRESENTATION_CONTEXT('2D SPACE',''
  ) );
#2078 = PCURVE('',#1293,#2079);
#2079 = DEFINITIONAL_REPRESENTATION('',(#2080),#2084);
#2080 = LINE('',#2081,#2082);
#2081 = CARTESIAN_POINT('',(0.25,2.));
#2082 = VECTOR('',#2083,1.);
#2083 = DIRECTION('',(1.,-0.));
#2084 = ( GEOMETRIC_REPRESENTATION_CONTEXT(2) 
PARAMETRIC_REPRESENTATION_CONTEXT() REPRESENTATION_CONTEXT('2D SPACE',''
  ) );
#2085 = ORIENTED_EDGE('',*,*,#2086,.T.);
#2086 = EDGE_CURVE('',#2064,#2015,#2087,.T.);
#2087 = SURFACE_CURVE('',#2088,(#2092,#2099),.PCURVE_S1.);
#2088 = LINE('',#2089,#2090);
#2089 = CARTESIAN_POINT('',(7.,-29.1,26.5));
#2090 = VECTOR('',#2091,1.);
#2091 = DIRECTION('',(-0.,1.,-0.));
#2092 = PCURVE('',#1321,#2093);
#2093 = DEFINITIONAL_REPRESENTATION('',(#2094),#2098);
#2094 = LINE('',#2095,#2096);
#2095 = CARTESIAN_POINT('',(-0.,-0.));
#2096 = VECTOR('',#2097,1.);
#2097 = DIRECTION('',(-0.,-1.));
#2098 = ( GEOMETRIC_REPRESENTATION_CONTEXT(2) 
PARAMETRIC_REPRESENTATION_CONTEXT() REPRESENTATION_CONTEXT('2D SPACE',''
  ) );
#2099 = PCURVE('',#1874,#2100);
#2100 = DEFINITIONAL_REPRESENTATION('',(#2101),#2105);
#2101 = LINE('',#2102,#2103);
#2102 = CARTESIAN_POINT('',(-25.,0.));
#2103 = VECTOR('',#2104,1.);
#2104 = DIRECTION('',(-0.,-1.));
#2105 = ( GEOMETRIC_REPRESENTATION_CONTEXT(2) 
PARAMETRIC_REPRESENTATION_CONTEXT() REPRESENTATION_CONTEXT('2D SPACE',''
  ) );
#2106 = ORIENTED_EDGE('',*,*,#2014,.T.);
#2107 = ORIENTED_EDGE('',*,*,#1305,.F.);
#2108 = ADVANCED_FACE('',(#2109),#1293,.F.);
#2109 = FACE_BOUND('',#2110,.T.);
#2110 = EDGE_LOOP('',(#2111,#2112,#2113,#2134,#2135));
#2111 = ORIENTED_EDGE('',*,*,#1277,.F.);
#2112 = ORIENTED_EDGE('',*,*,#2063,.T.);
#2113 = ORIENTED_EDGE('',*,*,#2114,.T.);
#2114 = EDGE_CURVE('',#2064,#1859,#2115,.T.);
#2115 = SURFACE_CURVE('',#2116,(#2120,#2127),.PCURVE_S1.);
#2116 = LINE('',#2117,#2118);
#2117 = CARTESIAN_POINT('',(18.5,-22.16,26.5));
#2118 = VECTOR('',#2119,1.);
#2119 = DIRECTION('',(1.,-0.,-0.));
#2120 = PCURVE('',#1293,#2121);
#2121 = DEFINITIONAL_REPRESENTATION('',(#2122),#2126);
#2122 = LINE('',#2123,#2124);
#2123 = CARTESIAN_POINT('',(0.5,13.5));
#2124 = VECTOR('',#2125,1.);
#2125 = DIRECTION('',(-0.,1.));
#2126 = ( GEOMETRIC_REPRESENTATION_CONTEXT(2) 
PARAMETRIC_REPRESENTATION_CONTEXT() REPRESENTATION_CONTEXT('2D SPACE',''
  ) );
#2127 = PCURVE('',#1874,#2128);
#2128 = DEFINITIONAL_REPRESENTATION('',(#2129),#2133);
#2129 = LINE('',#2130,#2131);
#2130 = CARTESIAN_POINT('',(-13.5,-6.94));
#2131 = VECTOR('',#2132,1.);
#2132 = DIRECTION('',(1.,-0.));
#2133 = ( GEOMETRIC_REPRESENTATION_CONTEXT(2) 
PARAMETRIC_REPRESENTATION_CONTEXT() REPRESENTATION_CONTEXT('2D SPACE',''
  ) );
#2134 = ORIENTED_EDGE('',*,*,#1886,.T.);
#2135 = ORIENTED_EDGE('',*,*,#1572,.F.);
#2136 = ADVANCED_FACE('',(#2137,#2140),#1745,.T.);
#2137 = FACE_BOUND('',#2138,.F.);
#2138 = EDGE_LOOP('',(#2139));
#2139 = ORIENTED_EDGE('',*,*,#1730,.T.);
#2140 = FACE_BOUND('',#2141,.F.);
#2141 = EDGE_LOOP('',(#2142));
#2142 = ORIENTED_EDGE('',*,*,#2143,.T.);
#2143 = EDGE_CURVE('',#2144,#2144,#2146,.T.);
#2144 = VERTEX_POINT('',#2145);
#2145 = CARTESIAN_POINT('',(-9.,30.,17.5));
#2146 = SURFACE_CURVE('',#2147,(#2152,#2159),.PCURVE_S1.);
#2147 = CIRCLE('',#2148,2.);
#2148 = AXIS2_PLACEMENT_3D('',#2149,#2150,#2151);
#2149 = CARTESIAN_POINT('',(-9.,30.,15.5));
#2150 = DIRECTION('',(-1.,-0.,-0.));
#2151 = DIRECTION('',(-0.,-0.,1.));
#2152 = PCURVE('',#1745,#2153);
#2153 = DEFINITIONAL_REPRESENTATION('',(#2154),#2158);
#2154 = CIRCLE('',#2155,2.);
#2155 = AXIS2_PLACEMENT_2D('',#2156,#2157);
#2156 = CARTESIAN_POINT('',(0.,0.));
#2157 = DIRECTION('',(1.,-0.));
#2158 = ( GEOMETRIC_REPRESENTATION_CONTEXT(2) 
PARAMETRIC_REPRESENTATION_CONTEXT() REPRESENTATION_CONTEXT('2D SPACE',''
  ) );
#2159 = PCURVE('',#2160,#2165);
#2160 = CYLINDRICAL_SURFACE('',#2161,2.);
#2161 = AXIS2_PLACEMENT_3D('',#2162,#2163,#2164);
#2162 = CARTESIAN_POINT('',(-9.,30.,15.5));
#2163 = DIRECTION('',(1.,-0.,-0.));
#2164 = DIRECTION('',(-0.,-0.,1.));
#2165 = DEFINITIONAL_REPRESENTATION('',(#2166),#2170);
#2166 = LINE('',#2167,#2168);
#2167 = CARTESIAN_POINT('',(-0.,0.));
#2168 = VECTOR('',#2169,1.);
#2169 = DIRECTION('',(-1.,0.));
#2170 = ( GEOMETRIC_REPRESENTATION_CONTEXT(2) 
PARAMETRIC_REPRESENTATION_CONTEXT() REPRESENTATION_CONTEXT('2D SPACE',''
  ) );
#2171 = ADVANCED_FACE('',(#2172),#1786,.F.);
#2172 = FACE_BOUND('',#2173,.T.);
#2173 = EDGE_LOOP('',(#2174,#2207,#2228,#2229));
#2174 = ORIENTED_EDGE('',*,*,#2175,.F.);
#2175 = EDGE_CURVE('',#2176,#2176,#2178,.T.);
#2176 = VERTEX_POINT('',#2177);
#2177 = CARTESIAN_POINT('',(-3.,-30.,17.5));
#2178 = SURFACE_CURVE('',#2179,(#2184,#2191),.PCURVE_S1.);
#2179 = CIRCLE('',#2180,2.);
#2180 = AXIS2_PLACEMENT_3D('',#2181,#2182,#2183);
#2181 = CARTESIAN_POINT('',(-3.,-30.,15.5));
#2182 = DIRECTION('',(-1.,-0.,-0.));
#2183 = DIRECTION('',(-0.,-0.,1.));
#2184 = PCURVE('',#1786,#2185);
#2185 = DEFINITIONAL_REPRESENTATION('',(#2186),#2190);
#2186 = LINE('',#2187,#2188);
#2187 = CARTESIAN_POINT('',(-0.,6.));
#2188 = VECTOR('',#2189,1.);
#2189 = DIRECTION('',(-1.,0.));
#2190 = ( GEOMETRIC_REPRESENTATION_CONTEXT(2) 
PARAMETRIC_REPRESENTATION_CONTEXT() REPRESENTATION_CONTEXT('2D SPACE',''
  ) );
#2191 = PCURVE('',#2192,#2197);
#2192 = PLANE('',#2193);
#2193 = AXIS2_PLACEMENT_3D('',#2194,#2195,#2196);
#2194 = CARTESIAN_POINT('',(-3.,-30.,15.5));
#2195 = DIRECTION('',(1.,-0.,-0.));
#2196 = DIRECTION('',(0.,0.,-1.));
#2197 = DEFINITIONAL_REPRESENTATION('',(#2198),#2206);
#2198 = ( BOUNDED_CURVE() B_SPLINE_CURVE(2,(#2199,#2200,#2201,#2202,
#2203,#2204,#2205),.UNSPECIFIED.,.T.,.F.) B_SPLINE_CURVE_WITH_KNOTS((1,2
    ,2,2,2,1),(-2.094395102393,0.,2.094395102393,4.188790204786,
6.28318530718,8.377580409573),.UNSPECIFIED.) CURVE() 
GEOMETRIC_REPRESENTATION_ITEM() RATIONAL_B_SPLINE_CURVE((1.,0.5,1.,0.5,
1.,0.5,1.)) REPRESENTATION_ITEM('') );
#2199 = CARTESIAN_POINT('',(-2.,0.));
#2200 = CARTESIAN_POINT('',(-2.,3.464101615138));
#2201 = CARTESIAN_POINT('',(1.,1.732050807569));
#2202 = CARTESIAN_POINT('',(4.,4.898587196589E-16));
#2203 = CARTESIAN_POINT('',(1.,-1.732050807569));
#2204 = CARTESIAN_POINT('',(-2.,-3.464101615138));
#2205 = CARTESIAN_POINT('',(-2.,0.));
#2206 = ( GEOMETRIC_REPRESENTATION_CONTEXT(2) 
PARAMETRIC_REPRESENTATION_CONTEXT() REPRESENTATION_CONTEXT('2D SPACE',''
  ) );
#2207 = ORIENTED_EDGE('',*,*,#2208,.F.);
#2208 = EDGE_CURVE('',#1770,#2176,#2209,.T.);
#2209 = SEAM_CURVE('',#2210,(#2214,#2221),.PCURVE_S1.);
#2210 = LINE('',#2211,#2212);
#2211 = CARTESIAN_POINT('',(-9.,-30.,17.5));
#2212 = VECTOR('',#2213,1.);
#2213 = DIRECTION('',(1.,-0.,-0.));
#2214 = PCURVE('',#1786,#2215);
#2215 = DEFINITIONAL_REPRESENTATION('',(#2216),#2220);
#2216 = LINE('',#2217,#2218);
#2217 = CARTESIAN_POINT('',(-6.28318530718,-0.));
#2218 = VECTOR('',#2219,1.);
#2219 = DIRECTION('',(-0.,1.));
#2220 = ( GEOMETRIC_REPRESENTATION_CONTEXT(2) 
PARAMETRIC_REPRESENTATION_CONTEXT() REPRESENTATION_CONTEXT('2D SPACE',''
  ) );
#2221 = PCURVE('',#1786,#2222);
#2222 = DEFINITIONAL_REPRESENTATION('',(#2223),#2227);
#2223 = LINE('',#2224,#2225);
#2224 = CARTESIAN_POINT('',(-0.,-0.));
#2225 = VECTOR('',#2226,1.);
#2226 = DIRECTION('',(-0.,1.));
#2227 = ( GEOMETRIC_REPRESENTATION_CONTEXT(2) 
PARAMETRIC_REPRESENTATION_CONTEXT() REPRESENTATION_CONTEXT('2D SPACE',''
  ) );
#2228 = ORIENTED_EDGE('',*,*,#1769,.T.);
#2229 = ORIENTED_EDGE('',*,*,#2208,.T.);
#2230 = ADVANCED_FACE('',(#2231),#1874,.T.);
#2231 = FACE_BOUND('',#2232,.F.);
#2232 = EDGE_LOOP('',(#2233,#2234,#2235,#2236,#2237,#2238));
#2233 = ORIENTED_EDGE('',*,*,#1940,.F.);
#2234 = ORIENTED_EDGE('',*,*,#1990,.T.);
#2235 = ORIENTED_EDGE('',*,*,#2039,.T.);
#2236 = ORIENTED_EDGE('',*,*,#2086,.F.);
#2237 = ORIENTED_EDGE('',*,*,#2114,.T.);
#2238 = ORIENTED_EDGE('',*,*,#1858,.T.);
#2239 = ADVANCED_FACE('',(#2240),#2160,.F.);
#2240 = FACE_BOUND('',#2241,.T.);
#2241 = EDGE_LOOP('',(#2242,#2275,#2296,#2297));
#2242 = ORIENTED_EDGE('',*,*,#2243,.F.);
#2243 = EDGE_CURVE('',#2244,#2244,#2246,.T.);
#2244 = VERTEX_POINT('',#2245);
#2245 = CARTESIAN_POINT('',(-3.,30.,17.5));
#2246 = SURFACE_CURVE('',#2247,(#2252,#2259),.PCURVE_S1.);
#2247 = CIRCLE('',#2248,2.);
#2248 = AXIS2_PLACEMENT_3D('',#2249,#2250,#2251);
#2249 = CARTESIAN_POINT('',(-3.,30.,15.5));
#2250 = DIRECTION('',(-1.,-0.,-0.));
#2251 = DIRECTION('',(-0.,-0.,1.));
#2252 = PCURVE('',#2160,#2253);
#2253 = DEFINITIONAL_REPRESENTATION('',(#2254),#2258);
#2254 = LINE('',#2255,#2256);
#2255 = CARTESIAN_POINT('',(-0.,6.));
#2256 = VECTOR('',#2257,1.);
#2257 = DIRECTION('',(-1.,0.));
#2258 = ( GEOMETRIC_REPRESENTATION_CONTEXT(2) 
PARAMETRIC_REPRESENTATION_CONTEXT() REPRESENTATION_CONTEXT('2D SPACE',''
  ) );
#2259 = PCURVE('',#2260,#2265);
#2260 = PLANE('',#2261);
#2261 = AXIS2_PLACEMENT_3D('',#2262,#2263,#2264);
#2262 = CARTESIAN_POINT('',(-3.,30.,15.5));
#2263 = DIRECTION('',(1.,-0.,-0.));
#2264 = DIRECTION('',(0.,0.,-1.));
#2265 = DEFINITIONAL_REPRESENTATION('',(#2266),#2274);
#2266 = ( BOUNDED_CURVE() B_SPLINE_CURVE(2,(#2267,#2268,#2269,#2270,
#2271,#2272,#2273),.UNSPECIFIED.,.T.,.F.) B_SPLINE_CURVE_WITH_KNOTS((1,2
    ,2,2,2,1),(-2.094395102393,0.,2.094395102393,4.188790204786,
6.28318530718,8.377580409573),.UNSPECIFIED.) CURVE() 
GEOMETRIC_REPRESENTATION_ITEM() RATIONAL_B_SPLINE_CURVE((1.,0.5,1.,0.5,
1.,0.5,1.)) REPRESENTATION_ITEM('') );
#2267 = CARTESIAN_POINT('',(-2.,0.));
#2268 = CARTESIAN_POINT('',(-2.,3.464101615138));
#2269 = CARTESIAN_POINT('',(1.,1.732050807569));
#2270 = CARTESIAN_POINT('',(4.,4.898587196589E-16));
#2271 = CARTESIAN_POINT('',(1.,-1.732050807569));
#2272 = CARTESIAN_POINT('',(-2.,-3.464101615138));
#2273 = CARTESIAN_POINT('',(-2.,0.));
#2274 = ( GEOMETRIC_REPRESENTATION_CONTEXT(2) 
PARAMETRIC_REPRESENTATION_CONTEXT() REPRESENTATION_CONTEXT('2D SPACE',''
  ) );
#2275 = ORIENTED_EDGE('',*,*,#2276,.F.);
#2276 = EDGE_CURVE('',#2144,#2244,#2277,.T.);
#2277 = SEAM_CURVE('',#2278,(#2282,#2289),.PCURVE_S1.);
#2278 = LINE('',#2279,#2280);
#2279 = CARTESIAN_POINT('',(-9.,30.,17.5));
#2280 = VECTOR('',#2281,1.);
#2281 = DIRECTION('',(1.,-0.,-0.));
#2282 = PCURVE('',#2160,#2283);
#2283 = DEFINITIONAL_REPRESENTATION('',(#2284),#2288);
#2284 = LINE('',#2285,#2286);
#2285 = CARTESIAN_POINT('',(-6.28318530718,-0.));
#2286 = VECTOR('',#2287,1.);
#2287 = DIRECTION('',(-0.,1.));
#2288 = ( GEOMETRIC_REPRESENTATION_CONTEXT(2) 
PARAMETRIC_REPRESENTATION_CONTEXT() REPRESENTATION_CONTEXT('2D SPACE',''
  ) );
#2289 = PCURVE('',#2160,#2290);
#2290 = DEFINITIONAL_REPRESENTATION('',(#2291),#2295);
#2291 = LINE('',#2292,#2293);
#2292 = CARTESIAN_POINT('',(-0.,-0.));
#2293 = VECTOR('',#2294,1.);
#2294 = DIRECTION('',(-0.,1.));
#2295 = ( GEOMETRIC_REPRESENTATION_CONTEXT(2) 
PARAMETRIC_REPRESENTATION_CONTEXT() REPRESENTATION_CONTEXT('2D SPACE',''
  ) );
#2296 = ORIENTED_EDGE('',*,*,#2143,.T.);
#2297 = ORIENTED_EDGE('',*,*,#2276,.T.);
#2298 = ADVANCED_FACE('',(#2299),#2192,.F.);
#2299 = FACE_BOUND('',#2300,.T.);
#2300 = EDGE_LOOP('',(#2301));
#2301 = ORIENTED_EDGE('',*,*,#2175,.T.);
#2302 = ADVANCED_FACE('',(#2303),#2260,.F.);
#2303 = FACE_BOUND('',#2304,.T.);
#2304 = EDGE_LOOP('',(#2305));
#2305 = ORIENTED_EDGE('',*,*,#2243,.T.);
#2306 = ( GEOMETRIC_REPRESENTATION_CONTEXT(3) 
GLOBAL_UNCERTAINTY_ASSIGNED_CONTEXT((#2310)) 
GLOBAL_UNIT_ASSIGNED_CONTEXT((#2307,#2308,#2309)) REPRESENTATION_CONTEXT
('Context #1','3D Context with UNIT and UNCERTAINTY') );
#2307 = ( LENGTH_UNIT() NAMED_UNIT(*) SI_UNIT(.MILLI.,.METRE.) );
#2308 = ( NAMED_UNIT(*) PLANE_ANGLE_UNIT() SI_UNIT($,.RADIAN.) );
#2309 = ( NAMED_UNIT(*) SI_UNIT($,.STERADIAN.) SOLID_ANGLE_UNIT() );
#2310 = UNCERTAINTY_MEASURE_WITH_UNIT(LENGTH_MEASURE(1.E-07),#2307,
  'distance_accuracy_value','confusion accuracy');
#2311 = CONTEXT_DEPENDENT_SHAPE_REPRESENTATION(#2312,#2314);
#2312 = ( REPRESENTATION_RELATIONSHIP('','',#44,#10) 
REPRESENTATION_RELATIONSHIP_WITH_TRANSFORMATION(#2313) 
SHAPE_REPRESENTATION_RELATIONSHIP() );
#2313 = ITEM_DEFINED_TRANSFORMATION('','',#11,#15);
#2314 = PRODUCT_DEFINITION_SHAPE('Placement','Placement of an item',
  #2315);
#2315 = NEXT_ASSEMBLY_USAGE_OCCURRENCE('9','','',#5,#39,$);
#2316 = PRODUCT_RELATED_PRODUCT_CATEGORY('part',$,(#41));
#2317 = SHAPE_DEFINITION_REPRESENTATION(#2318,#2324);
#2318 = PRODUCT_DEFINITION_SHAPE('','',#2319);
#2319 = PRODUCT_DEFINITION('design','',#2320,#2323);
#2320 = PRODUCT_DEFINITION_FORMATION('','',#2321);
#2321 = PRODUCT('Open CASCADE STEP translator 7.9 10.2',
  'Open CASCADE STEP translator 7.9 10.2','',(#2322));
#2322 = PRODUCT_CONTEXT('',#2,'mechanical');
#2323 = PRODUCT_DEFINITION_CONTEXT('part definition',#2,'design');
#2324 = ADVANCED_BREP_SHAPE_REPRESENTATION('',(#11,#2325),#4754);
#2325 = MANIFOLD_SOLID_BREP('',#2326);
#2326 = CLOSED_SHELL('',(#2327,#2554,#2789,#2925,#3111,#3147,#3201,#3399
    ,#3699,#3888,#4014,#4068,#4118,#4145,#4204,#4263,#4313,#4363,#4390,
    #4444,#4500,#4560,#4614,#4679,#4686,#4720,#4727));
#2327 = ADVANCED_FACE('',(#2328),#2342,.F.);
#2328 = FACE_BOUND('',#2329,.T.);
#2329 = EDGE_LOOP('',(#2330,#2365,#2393,#2421,#2449,#2477,#2505,#2528));
#2330 = ORIENTED_EDGE('',*,*,#2331,.F.);
#2331 = EDGE_CURVE('',#2332,#2334,#2336,.T.);
#2332 = VERTEX_POINT('',#2333);
#2333 = CARTESIAN_POINT('',(-52.,15.65,11.));
#2334 = VERTEX_POINT('',#2335);
#2335 = CARTESIAN_POINT('',(-46.,15.65,11.));
#2336 = SURFACE_CURVE('',#2337,(#2341,#2353),.PCURVE_S1.);
#2337 = LINE('',#2338,#2339);
#2338 = CARTESIAN_POINT('',(-58.,15.65,11.));
#2339 = VECTOR('',#2340,1.);
#2340 = DIRECTION('',(1.,-0.,-0.));
#2341 = PCURVE('',#2342,#2347);
#2342 = PLANE('',#2343);
#2343 = AXIS2_PLACEMENT_3D('',#2344,#2345,#2346);
#2344 = CARTESIAN_POINT('',(-58.,15.65,11.));
#2345 = DIRECTION('',(-0.,-0.,1.));
#2346 = DIRECTION('',(-1.,0.,0.));
#2347 = DEFINITIONAL_REPRESENTATION('',(#2348),#2352);
#2348 = LINE('',#2349,#2350);
#2349 = CARTESIAN_POINT('',(-0.,-0.));
#2350 = VECTOR('',#2351,1.);
#2351 = DIRECTION('',(-1.,0.));
#2352 = ( GEOMETRIC_REPRESENTATION_CONTEXT(2) 
PARAMETRIC_REPRESENTATION_CONTEXT() REPRESENTATION_CONTEXT('2D SPACE',''
  ) );
#2353 = PCURVE('',#2354,#2359);
#2354 = PLANE('',#2355);
#2355 = AXIS2_PLACEMENT_3D('',#2356,#2357,#2358);
#2356 = CARTESIAN_POINT('',(-49.,15.65,27.5));
#2357 = DIRECTION('',(-0.,1.,-0.));
#2358 = DIRECTION('',(0.,0.,1.));
#2359 = DEFINITIONAL_REPRESENTATION('',(#2360),#2364);
#2360 = LINE('',#2361,#2362);
#2361 = CARTESIAN_POINT('',(-16.5,-9.));
#2362 = VECTOR('',#2363,1.);
#2363 = DIRECTION('',(-0.,1.));
#2364 = ( GEOMETRIC_REPRESENTATION_CONTEXT(2) 
PARAMETRIC_REPRESENTATION_CONTEXT() REPRESENTATION_CONTEXT('2D SPACE',''
  ) );
#2365 = ORIENTED_EDGE('',*,*,#2366,.T.);
#2366 = EDGE_CURVE('',#2332,#2367,#2369,.T.);
#2367 = VERTEX_POINT('',#2368);
#2368 = CARTESIAN_POINT('',(-52.,44.35,11.));
#2369 = SURFACE_CURVE('',#2370,(#2374,#2381),.PCURVE_S1.);
#2370 = LINE('',#2371,#2372);
#2371 = CARTESIAN_POINT('',(-52.,15.65,11.));
#2372 = VECTOR('',#2373,1.);
#2373 = DIRECTION('',(-0.,1.,-0.));
#2374 = PCURVE('',#2342,#2375);
#2375 = DEFINITIONAL_REPRESENTATION('',(#2376),#2380);
#2376 = LINE('',#2377,#2378);
#2377 = CARTESIAN_POINT('',(-6.,-0.));
#2378 = VECTOR('',#2379,1.);
#2379 = DIRECTION('',(-0.,-1.));
#2380 = ( GEOMETRIC_REPRESENTATION_CONTEXT(2) 
PARAMETRIC_REPRESENTATION_CONTEXT() REPRESENTATION_CONTEXT('2D SPACE',''
  ) );
#2381 = PCURVE('',#2382,#2387);
#2382 = CYLINDRICAL_SURFACE('',#2383,6.);
#2383 = AXIS2_PLACEMENT_3D('',#2384,#2385,#2386);
#2384 = CARTESIAN_POINT('',(-52.,15.65,17.));
#2385 = DIRECTION('',(-0.,1.,-0.));
#2386 = DIRECTION('',(0.,-0.,-1.));
#2387 = DEFINITIONAL_REPRESENTATION('',(#2388),#2392);
#2388 = LINE('',#2389,#2390);
#2389 = CARTESIAN_POINT('',(0.,0.));
#2390 = VECTOR('',#2391,1.);
#2391 = DIRECTION('',(0.,1.));
#2392 = ( GEOMETRIC_REPRESENTATION_CONTEXT(2) 
PARAMETRIC_REPRESENTATION_CONTEXT() REPRESENTATION_CONTEXT('2D SPACE',''
  ) );
#2393 = ORIENTED_EDGE('',*,*,#2394,.T.);
#2394 = EDGE_CURVE('',#2367,#2395,#2397,.T.);
#2395 = VERTEX_POINT('',#2396);
#2396 = CARTESIAN_POINT('',(-46.,44.35,11.));
#2397 = SURFACE_CURVE('',#2398,(#2402,#2409),.PCURVE_S1.);
#2398 = LINE('',#2399,#2400);
#2399 = CARTESIAN_POINT('',(-58.,44.35,11.));
#2400 = VECTOR('',#2401,1.);
#2401 = DIRECTION('',(1.,-0.,-0.));
#2402 = PCURVE('',#2342,#2403);
#2403 = DEFINITIONAL_REPRESENTATION('',(#2404),#2408);
#2404 = LINE('',#2405,#2406);
#2405 = CARTESIAN_POINT('',(-0.,-28.7));
#2406 = VECTOR('',#2407,1.);
#2407 = DIRECTION('',(-1.,0.));
#2408 = ( GEOMETRIC_REPRESENTATION_CONTEXT(2) 
PARAMETRIC_REPRESENTATION_CONTEXT() REPRESENTATION_CONTEXT('2D SPACE',''
  ) );
#2409 = PCURVE('',#2410,#2415);
#2410 = PLANE('',#2411);
#2411 = AXIS2_PLACEMENT_3D('',#2412,#2413,#2414);
#2412 = CARTESIAN_POINT('',(-49.,44.35,27.5));
#2413 = DIRECTION('',(-0.,1.,-0.));
#2414 = DIRECTION('',(0.,0.,1.));
#2415 = DEFINITIONAL_REPRESENTATION('',(#2416),#2420);
#2416 = LINE('',#2417,#2418);
#2417 = CARTESIAN_POINT('',(-16.5,-9.));
#2418 = VECTOR('',#2419,1.);
#2419 = DIRECTION('',(-0.,1.));
#2420 = ( GEOMETRIC_REPRESENTATION_CONTEXT(2) 
PARAMETRIC_REPRESENTATION_CONTEXT() REPRESENTATION_CONTEXT('2D SPACE',''
  ) );
#2421 = ORIENTED_EDGE('',*,*,#2422,.F.);
#2422 = EDGE_CURVE('',#2423,#2395,#2425,.T.);
#2423 = VERTEX_POINT('',#2424);
#2424 = CARTESIAN_POINT('',(-46.,33.579455265819,11.));
#2425 = SURFACE_CURVE('',#2426,(#2430,#2437),.PCURVE_S1.);
#2426 = LINE('',#2427,#2428);
#2427 = CARTESIAN_POINT('',(-46.,15.65,11.));
#2428 = VECTOR('',#2429,1.);
#2429 = DIRECTION('',(-0.,1.,-0.));
#2430 = PCURVE('',#2342,#2431);
#2431 = DEFINITIONAL_REPRESENTATION('',(#2432),#2436);
#2432 = LINE('',#2433,#2434);
#2433 = CARTESIAN_POINT('',(-12.,-0.));
#2434 = VECTOR('',#2435,1.);
#2435 = DIRECTION('',(-0.,-1.));
#2436 = ( GEOMETRIC_REPRESENTATION_CONTEXT(2) 
PARAMETRIC_REPRESENTATION_CONTEXT() REPRESENTATION_CONTEXT('2D SPACE',''
  ) );
#2437 = PCURVE('',#2438,#2443);
#2438 = CYLINDRICAL_SURFACE('',#2439,6.);
#2439 = AXIS2_PLACEMENT_3D('',#2440,#2441,#2442);
#2440 = CARTESIAN_POINT('',(-46.,15.65,17.));
#2441 = DIRECTION('',(-0.,1.,-0.));
#2442 = DIRECTION('',(0.,-0.,-1.));
#2443 = DEFINITIONAL_REPRESENTATION('',(#2444),#2448);
#2444 = LINE('',#2445,#2446);
#2445 = CARTESIAN_POINT('',(-0.,0.));
#2446 = VECTOR('',#2447,1.);
#2447 = DIRECTION('',(-0.,1.));
#2448 = ( GEOMETRIC_REPRESENTATION_CONTEXT(2) 
PARAMETRIC_REPRESENTATION_CONTEXT() REPRESENTATION_CONTEXT('2D SPACE',''
  ) );
#2449 = ORIENTED_EDGE('',*,*,#2450,.T.);
#2450 = EDGE_CURVE('',#2423,#2451,#2453,.T.);
#2451 = VERTEX_POINT('',#2452);
#2452 = CARTESIAN_POINT('',(-49.,33.579455265819,11.));
#2453 = SURFACE_CURVE('',#2454,(#2458,#2465),.PCURVE_S1.);
#2454 = LINE('',#2455,#2456);
#2455 = CARTESIAN_POINT('',(-39.5,33.579455265819,11.));
#2456 = VECTOR('',#2457,1.);
#2457 = DIRECTION('',(-1.,-0.,-0.));
#2458 = PCURVE('',#2342,#2459);
#2459 = DEFINITIONAL_REPRESENTATION('',(#2460),#2464);
#2460 = LINE('',#2461,#2462);
#2461 = CARTESIAN_POINT('',(-18.5,-17.92945526581));
#2462 = VECTOR('',#2463,1.);
#2463 = DIRECTION('',(1.,-0.));
#2464 = ( GEOMETRIC_REPRESENTATION_CONTEXT(2) 
PARAMETRIC_REPRESENTATION_CONTEXT() REPRESENTATION_CONTEXT('2D SPACE',''
  ) );
#2465 = PCURVE('',#2466,#2471);
#2466 = CYLINDRICAL_SURFACE('',#2467,5.75);
#2467 = AXIS2_PLACEMENT_3D('',#2468,#2469,#2470);
#2468 = CARTESIAN_POINT('',(-39.5,30.,15.5));
#2469 = DIRECTION('',(-1.,-0.,-0.));
#2470 = DIRECTION('',(-0.,-0.,-1.));
#2471 = DEFINITIONAL_REPRESENTATION('',(#2472),#2476);
#2472 = LINE('',#2473,#2474);
#2473 = CARTESIAN_POINT('',(-0.671950896496,0.));
#2474 = VECTOR('',#2475,1.);
#2475 = DIRECTION('',(-0.,1.));
#2476 = ( GEOMETRIC_REPRESENTATION_CONTEXT(2) 
PARAMETRIC_REPRESENTATION_CONTEXT() REPRESENTATION_CONTEXT('2D SPACE',''
  ) );
#2477 = ORIENTED_EDGE('',*,*,#2478,.F.);
#2478 = EDGE_CURVE('',#2479,#2451,#2481,.T.);
#2479 = VERTEX_POINT('',#2480);
#2480 = CARTESIAN_POINT('',(-49.,26.420544734181,11.));
#2481 = SURFACE_CURVE('',#2482,(#2486,#2493),.PCURVE_S1.);
#2482 = LINE('',#2483,#2484);
#2483 = CARTESIAN_POINT('',(-49.,22.825,11.));
#2484 = VECTOR('',#2485,1.);
#2485 = DIRECTION('',(-0.,1.,-0.));
#2486 = PCURVE('',#2342,#2487);
#2487 = DEFINITIONAL_REPRESENTATION('',(#2488),#2492);
#2488 = LINE('',#2489,#2490);
#2489 = CARTESIAN_POINT('',(-9.,-7.175));
#2490 = VECTOR('',#2491,1.);
#2491 = DIRECTION('',(-0.,-1.));
#2492 = ( GEOMETRIC_REPRESENTATION_CONTEXT(2) 
PARAMETRIC_REPRESENTATION_CONTEXT() REPRESENTATION_CONTEXT('2D SPACE',''
  ) );
#2493 = PCURVE('',#2494,#2499);
#2494 = PLANE('',#2495);
#2495 = AXIS2_PLACEMENT_3D('',#2496,#2497,#2498);
#2496 = CARTESIAN_POINT('',(-49.,30.,15.5));
#2497 = DIRECTION('',(-1.,-0.,-0.));
#2498 = DIRECTION('',(0.,0.,1.));
#2499 = DEFINITIONAL_REPRESENTATION('',(#2500),#2504);
#2500 = LINE('',#2501,#2502);
#2501 = CARTESIAN_POINT('',(-4.5,-7.175));
#2502 = VECTOR('',#2503,1.);
#2503 = DIRECTION('',(0.,1.));
#2504 = ( GEOMETRIC_REPRESENTATION_CONTEXT(2) 
PARAMETRIC_REPRESENTATION_CONTEXT() REPRESENTATION_CONTEXT('2D SPACE',''
  ) );
#2505 = ORIENTED_EDGE('',*,*,#2506,.F.);
#2506 = EDGE_CURVE('',#2507,#2479,#2509,.T.);
#2507 = VERTEX_POINT('',#2508);
#2508 = CARTESIAN_POINT('',(-46.,26.420544734181,11.));
#2509 = SURFACE_CURVE('',#2510,(#2514,#2521),.PCURVE_S1.);
#2510 = LINE('',#2511,#2512);
#2511 = CARTESIAN_POINT('',(-39.5,26.420544734181,11.));
#2512 = VECTOR('',#2513,1.);
#2513 = DIRECTION('',(-1.,-0.,-0.));
#2514 = PCURVE('',#2342,#2515);
#2515 = DEFINITIONAL_REPRESENTATION('',(#2516),#2520);
#2516 = LINE('',#2517,#2518);
#2517 = CARTESIAN_POINT('',(-18.5,-10.77054473418));
#2518 = VECTOR('',#2519,1.);
#2519 = DIRECTION('',(1.,-0.));
#2520 = ( GEOMETRIC_REPRESENTATION_CONTEXT(2) 
PARAMETRIC_REPRESENTATION_CONTEXT() REPRESENTATION_CONTEXT('2D SPACE',''
  ) );
#2521 = PCURVE('',#2466,#2522);
#2522 = DEFINITIONAL_REPRESENTATION('',(#2523),#2527);
#2523 = LINE('',#2524,#2525);
#2524 = CARTESIAN_POINT('',(-5.611234410684,0.));
#2525 = VECTOR('',#2526,1.);
#2526 = DIRECTION('',(-0.,1.));
#2527 = ( GEOMETRIC_REPRESENTATION_CONTEXT(2) 
PARAMETRIC_REPRESENTATION_CONTEXT() REPRESENTATION_CONTEXT('2D SPACE',''
  ) );
#2528 = ORIENTED_EDGE('',*,*,#2529,.F.);
#2529 = EDGE_CURVE('',#2334,#2507,#2530,.T.);
#2530 = SURFACE_CURVE('',#2531,(#2535,#2542),.PCURVE_S1.);
#2531 = LINE('',#2532,#2533);
#2532 = CARTESIAN_POINT('',(-46.,15.65,11.));
#2533 = VECTOR('',#2534,1.);
#2534 = DIRECTION('',(-0.,1.,-0.));
#2535 = PCURVE('',#2342,#2536);
#2536 = DEFINITIONAL_REPRESENTATION('',(#2537),#2541);
#2537 = LINE('',#2538,#2539);
#2538 = CARTESIAN_POINT('',(-12.,-0.));
#2539 = VECTOR('',#2540,1.);
#2540 = DIRECTION('',(-0.,-1.));
#2541 = ( GEOMETRIC_REPRESENTATION_CONTEXT(2) 
PARAMETRIC_REPRESENTATION_CONTEXT() REPRESENTATION_CONTEXT('2D SPACE',''
  ) );
#2542 = PCURVE('',#2543,#2548);
#2543 = CYLINDRICAL_SURFACE('',#2544,6.);
#2544 = AXIS2_PLACEMENT_3D('',#2545,#2546,#2547);
#2545 = CARTESIAN_POINT('',(-46.,15.65,17.));
#2546 = DIRECTION('',(-0.,1.,-0.));
#2547 = DIRECTION('',(0.,-0.,-1.));
#2548 = DEFINITIONAL_REPRESENTATION('',(#2549),#2553);
#2549 = LINE('',#2550,#2551);
#2550 = CARTESIAN_POINT('',(-0.,0.));
#2551 = VECTOR('',#2552,1.);
#2552 = DIRECTION('',(-0.,1.));
#2553 = ( GEOMETRIC_REPRESENTATION_CONTEXT(2) 
PARAMETRIC_REPRESENTATION_CONTEXT() REPRESENTATION_CONTEXT('2D SPACE',''
  ) );
#2554 = ADVANCED_FACE('',(#2555,#2758),#2354,.F.);
#2555 = FACE_BOUND('',#2556,.T.);
#2556 = EDGE_LOOP('',(#2557,#2558,#2586,#2614,#2647,#2675,#2708,#2736));
#2557 = ORIENTED_EDGE('',*,*,#2331,.T.);
#2558 = ORIENTED_EDGE('',*,*,#2559,.T.);
#2559 = EDGE_CURVE('',#2334,#2560,#2562,.T.);
#2560 = VERTEX_POINT('',#2561);
#2561 = CARTESIAN_POINT('',(-40.,15.65,17.));
#2562 = SURFACE_CURVE('',#2563,(#2568,#2579),.PCURVE_S1.);
#2563 = CIRCLE('',#2564,6.);
#2564 = AXIS2_PLACEMENT_3D('',#2565,#2566,#2567);
#2565 = CARTESIAN_POINT('',(-46.,15.65,17.));
#2566 = DIRECTION('',(0.,-1.,0.));
#2567 = DIRECTION('',(0.,-0.,-1.));
#2568 = PCURVE('',#2354,#2569);
#2569 = DEFINITIONAL_REPRESENTATION('',(#2570),#2578);
#2570 = ( BOUNDED_CURVE() B_SPLINE_CURVE(2,(#2571,#2572,#2573,#2574,
#2575,#2576,#2577),.UNSPECIFIED.,.T.,.F.) B_SPLINE_CURVE_WITH_KNOTS((1,2
    ,2,2,2,1),(-2.094395102393,0.,2.094395102393,4.188790204786,
6.28318530718,8.377580409573),.UNSPECIFIED.) CURVE() 
GEOMETRIC_REPRESENTATION_ITEM() RATIONAL_B_SPLINE_CURVE((1.,0.5,1.,0.5,
1.,0.5,1.)) REPRESENTATION_ITEM('') );
#2571 = CARTESIAN_POINT('',(-16.5,3.));
#2572 = CARTESIAN_POINT('',(-16.5,13.392304845413));
#2573 = CARTESIAN_POINT('',(-7.5,8.196152422707));
#2574 = CARTESIAN_POINT('',(1.5,3.));
#2575 = CARTESIAN_POINT('',(-7.5,-2.196152422707));
#2576 = CARTESIAN_POINT('',(-16.5,-7.392304845413));
#2577 = CARTESIAN_POINT('',(-16.5,3.));
#2578 = ( GEOMETRIC_REPRESENTATION_CONTEXT(2) 
PARAMETRIC_REPRESENTATION_CONTEXT() REPRESENTATION_CONTEXT('2D SPACE',''
  ) );
#2579 = PCURVE('',#2543,#2580);
#2580 = DEFINITIONAL_REPRESENTATION('',(#2581),#2585);
#2581 = LINE('',#2582,#2583);
#2582 = CARTESIAN_POINT('',(-0.,0.));
#2583 = VECTOR('',#2584,1.);
#2584 = DIRECTION('',(-1.,0.));
#2585 = ( GEOMETRIC_REPRESENTATION_CONTEXT(2) 
PARAMETRIC_REPRESENTATION_CONTEXT() REPRESENTATION_CONTEXT('2D SPACE',''
  ) );
#2586 = ORIENTED_EDGE('',*,*,#2587,.T.);
#2587 = EDGE_CURVE('',#2560,#2588,#2590,.T.);
#2588 = VERTEX_POINT('',#2589);
#2589 = CARTESIAN_POINT('',(-40.,15.65,38.));
#2590 = SURFACE_CURVE('',#2591,(#2595,#2602),.PCURVE_S1.);
#2591 = LINE('',#2592,#2593);
#2592 = CARTESIAN_POINT('',(-40.,15.65,11.));
#2593 = VECTOR('',#2594,1.);
#2594 = DIRECTION('',(-0.,-0.,1.));
#2595 = PCURVE('',#2354,#2596);
#2596 = DEFINITIONAL_REPRESENTATION('',(#2597),#2601);
#2597 = LINE('',#2598,#2599);
#2598 = CARTESIAN_POINT('',(-16.5,9.));
#2599 = VECTOR('',#2600,1.);
#2600 = DIRECTION('',(1.,-0.));
#2601 = ( GEOMETRIC_REPRESENTATION_CONTEXT(2) 
PARAMETRIC_REPRESENTATION_CONTEXT() REPRESENTATION_CONTEXT('2D SPACE',''
  ) );
#2602 = PCURVE('',#2603,#2608);
#2603 = PLANE('',#2604);
#2604 = AXIS2_PLACEMENT_3D('',#2605,#2606,#2607);
#2605 = CARTESIAN_POINT('',(-40.,15.65,11.));
#2606 = DIRECTION('',(-1.,-0.,-0.));
#2607 = DIRECTION('',(0.,0.,-1.));
#2608 = DEFINITIONAL_REPRESENTATION('',(#2609),#2613);
#2609 = LINE('',#2610,#2611);
#2610 = CARTESIAN_POINT('',(-0.,-0.));
#2611 = VECTOR('',#2612,1.);
#2612 = DIRECTION('',(-1.,-0.));
#2613 = ( GEOMETRIC_REPRESENTATION_CONTEXT(2) 
PARAMETRIC_REPRESENTATION_CONTEXT() REPRESENTATION_CONTEXT('2D SPACE',''
  ) );
#2614 = ORIENTED_EDGE('',*,*,#2615,.T.);
#2615 = EDGE_CURVE('',#2588,#2616,#2618,.T.);
#2616 = VERTEX_POINT('',#2617);
#2617 = CARTESIAN_POINT('',(-46.,15.65,44.));
#2618 = SURFACE_CURVE('',#2619,(#2624,#2635),.PCURVE_S1.);
#2619 = CIRCLE('',#2620,6.);
#2620 = AXIS2_PLACEMENT_3D('',#2621,#2622,#2623);
#2621 = CARTESIAN_POINT('',(-46.,15.65,38.));
#2622 = DIRECTION('',(0.,-1.,0.));
#2623 = DIRECTION('',(0.,-0.,-1.));
#2624 = PCURVE('',#2354,#2625);
#2625 = DEFINITIONAL_REPRESENTATION('',(#2626),#2634);
#2626 = ( BOUNDED_CURVE() B_SPLINE_CURVE(2,(#2627,#2628,#2629,#2630,
#2631,#2632,#2633),.UNSPECIFIED.,.T.,.F.) B_SPLINE_CURVE_WITH_KNOTS((1,2
    ,2,2,2,1),(-2.094395102393,0.,2.094395102393,4.188790204786,
6.28318530718,8.377580409573),.UNSPECIFIED.) CURVE() 
GEOMETRIC_REPRESENTATION_ITEM() RATIONAL_B_SPLINE_CURVE((1.,0.5,1.,0.5,
1.,0.5,1.)) REPRESENTATION_ITEM('') );
#2627 = CARTESIAN_POINT('',(4.5,3.));
#2628 = CARTESIAN_POINT('',(4.5,13.392304845413));
#2629 = CARTESIAN_POINT('',(13.5,8.196152422707));
#2630 = CARTESIAN_POINT('',(22.5,3.));
#2631 = CARTESIAN_POINT('',(13.5,-2.196152422707));
#2632 = CARTESIAN_POINT('',(4.5,-7.392304845413));
#2633 = CARTESIAN_POINT('',(4.5,3.));
#2634 = ( GEOMETRIC_REPRESENTATION_CONTEXT(2) 
PARAMETRIC_REPRESENTATION_CONTEXT() REPRESENTATION_CONTEXT('2D SPACE',''
  ) );
#2635 = PCURVE('',#2636,#2641);
#2636 = CYLINDRICAL_SURFACE('',#2637,6.);
#2637 = AXIS2_PLACEMENT_3D('',#2638,#2639,#2640);
#2638 = CARTESIAN_POINT('',(-46.,15.65,38.));
#2639 = DIRECTION('',(-0.,1.,-0.));
#2640 = DIRECTION('',(1.,-0.,-0.));
#2641 = DEFINITIONAL_REPRESENTATION('',(#2642),#2646);
#2642 = LINE('',#2643,#2644);
#2643 = CARTESIAN_POINT('',(1.570796326795,-0.));
#2644 = VECTOR('',#2645,1.);
#2645 = DIRECTION('',(-1.,0.));
#2646 = ( GEOMETRIC_REPRESENTATION_CONTEXT(2) 
PARAMETRIC_REPRESENTATION_CONTEXT() REPRESENTATION_CONTEXT('2D SPACE',''
  ) );
#2647 = ORIENTED_EDGE('',*,*,#2648,.T.);
#2648 = EDGE_CURVE('',#2616,#2649,#2651,.T.);
#2649 = VERTEX_POINT('',#2650);
#2650 = CARTESIAN_POINT('',(-52.,15.65,44.));
#2651 = SURFACE_CURVE('',#2652,(#2656,#2663),.PCURVE_S1.);
#2652 = LINE('',#2653,#2654);
#2653 = CARTESIAN_POINT('',(-40.,15.65,44.));
#2654 = VECTOR('',#2655,1.);
#2655 = DIRECTION('',(-1.,-0.,-0.));
#2656 = PCURVE('',#2354,#2657);
#2657 = DEFINITIONAL_REPRESENTATION('',(#2658),#2662);
#2658 = LINE('',#2659,#2660);
#2659 = CARTESIAN_POINT('',(16.5,9.));
#2660 = VECTOR('',#2661,1.);
#2661 = DIRECTION('',(-0.,-1.));
#2662 = ( GEOMETRIC_REPRESENTATION_CONTEXT(2) 
PARAMETRIC_REPRESENTATION_CONTEXT() REPRESENTATION_CONTEXT('2D SPACE',''
  ) );
#2663 = PCURVE('',#2664,#2669);
#2664 = PLANE('',#2665);
#2665 = AXIS2_PLACEMENT_3D('',#2666,#2667,#2668);
#2666 = CARTESIAN_POINT('',(-40.,15.65,44.));
#2667 = DIRECTION('',(-0.,0.,-1.));
#2668 = DIRECTION('',(1.,0.,0.));
#2669 = DEFINITIONAL_REPRESENTATION('',(#2670),#2674);
#2670 = LINE('',#2671,#2672);
#2671 = CARTESIAN_POINT('',(-0.,-0.));
#2672 = VECTOR('',#2673,1.);
#2673 = DIRECTION('',(-1.,0.));
#2674 = ( GEOMETRIC_REPRESENTATION_CONTEXT(2) 
PARAMETRIC_REPRESENTATION_CONTEXT() REPRESENTATION_CONTEXT('2D SPACE',''
  ) );
#2675 = ORIENTED_EDGE('',*,*,#2676,.T.);
#2676 = EDGE_CURVE('',#2649,#2677,#2679,.T.);
#2677 = VERTEX_POINT('',#2678);
#2678 = CARTESIAN_POINT('',(-58.,15.65,38.));
#2679 = SURFACE_CURVE('',#2680,(#2685,#2696),.PCURVE_S1.);
#2680 = CIRCLE('',#2681,6.);
#2681 = AXIS2_PLACEMENT_3D('',#2682,#2683,#2684);
#2682 = CARTESIAN_POINT('',(-52.,15.65,38.));
#2683 = DIRECTION('',(0.,-1.,0.));
#2684 = DIRECTION('',(0.,-0.,-1.));
#2685 = PCURVE('',#2354,#2686);
#2686 = DEFINITIONAL_REPRESENTATION('',(#2687),#2695);
#2687 = ( BOUNDED_CURVE() B_SPLINE_CURVE(2,(#2688,#2689,#2690,#2691,
#2692,#2693,#2694),.UNSPECIFIED.,.T.,.F.) B_SPLINE_CURVE_WITH_KNOTS((1,2
    ,2,2,2,1),(-2.094395102393,0.,2.094395102393,4.188790204786,
6.28318530718,8.377580409573),.UNSPECIFIED.) CURVE() 
GEOMETRIC_REPRESENTATION_ITEM() RATIONAL_B_SPLINE_CURVE((1.,0.5,1.,0.5,
1.,0.5,1.)) REPRESENTATION_ITEM('') );
#2688 = CARTESIAN_POINT('',(4.5,-3.));
#2689 = CARTESIAN_POINT('',(4.5,7.392304845413));
#2690 = CARTESIAN_POINT('',(13.5,2.196152422707));
#2691 = CARTESIAN_POINT('',(22.5,-3.));
#2692 = CARTESIAN_POINT('',(13.5,-8.196152422707));
#2693 = CARTESIAN_POINT('',(4.5,-13.39230484541));
#2694 = CARTESIAN_POINT('',(4.5,-3.));
#2695 = ( GEOMETRIC_REPRESENTATION_CONTEXT(2) 
PARAMETRIC_REPRESENTATION_CONTEXT() REPRESENTATION_CONTEXT('2D SPACE',''
  ) );
#2696 = PCURVE('',#2697,#2702);
#2697 = CYLINDRICAL_SURFACE('',#2698,6.);
#2698 = AXIS2_PLACEMENT_3D('',#2699,#2700,#2701);
#2699 = CARTESIAN_POINT('',(-52.,15.65,38.));
#2700 = DIRECTION('',(-0.,1.,-0.));
#2701 = DIRECTION('',(-0.,-0.,1.));
#2702 = DEFINITIONAL_REPRESENTATION('',(#2703),#2707);
#2703 = LINE('',#2704,#2705);
#2704 = CARTESIAN_POINT('',(3.14159265359,-0.));
#2705 = VECTOR('',#2706,1.);
#2706 = DIRECTION('',(-1.,0.));
#2707 = ( GEOMETRIC_REPRESENTATION_CONTEXT(2) 
PARAMETRIC_REPRESENTATION_CONTEXT() REPRESENTATION_CONTEXT('2D SPACE',''
  ) );
#2708 = ORIENTED_EDGE('',*,*,#2709,.T.);
#2709 = EDGE_CURVE('',#2677,#2710,#2712,.T.);
#2710 = VERTEX_POINT('',#2711);
#2711 = CARTESIAN_POINT('',(-58.,15.65,17.));
#2712 = SURFACE_CURVE('',#2713,(#2717,#2724),.PCURVE_S1.);
#2713 = LINE('',#2714,#2715);
#2714 = CARTESIAN_POINT('',(-58.,15.65,44.));
#2715 = VECTOR('',#2716,1.);
#2716 = DIRECTION('',(-0.,-0.,-1.));
#2717 = PCURVE('',#2354,#2718);
#2718 = DEFINITIONAL_REPRESENTATION('',(#2719),#2723);
#2719 = LINE('',#2720,#2721);
#2720 = CARTESIAN_POINT('',(16.5,-9.));
#2721 = VECTOR('',#2722,1.);
#2722 = DIRECTION('',(-1.,0.));
#2723 = ( GEOMETRIC_REPRESENTATION_CONTEXT(2) 
PARAMETRIC_REPRESENTATION_CONTEXT() REPRESENTATION_CONTEXT('2D SPACE',''
  ) );
#2724 = PCURVE('',#2725,#2730);
#2725 = PLANE('',#2726);
#2726 = AXIS2_PLACEMENT_3D('',#2727,#2728,#2729);
#2727 = CARTESIAN_POINT('',(-58.,15.65,44.));
#2728 = DIRECTION('',(1.,-0.,-0.));
#2729 = DIRECTION('',(0.,0.,1.));
#2730 = DEFINITIONAL_REPRESENTATION('',(#2731),#2735);
#2731 = LINE('',#2732,#2733);
#2732 = CARTESIAN_POINT('',(-0.,-0.));
#2733 = VECTOR('',#2734,1.);
#2734 = DIRECTION('',(-1.,0.));
#2735 = ( GEOMETRIC_REPRESENTATION_CONTEXT(2) 
PARAMETRIC_REPRESENTATION_CONTEXT() REPRESENTATION_CONTEXT('2D SPACE',''
  ) );
#2736 = ORIENTED_EDGE('',*,*,#2737,.F.);
#2737 = EDGE_CURVE('',#2332,#2710,#2738,.T.);
#2738 = SURFACE_CURVE('',#2739,(#2744,#2751),.PCURVE_S1.);
#2739 = CIRCLE('',#2740,6.);
#2740 = AXIS2_PLACEMENT_3D('',#2741,#2742,#2743);
#2741 = CARTESIAN_POINT('',(-52.,15.65,17.));
#2742 = DIRECTION('',(0.,1.,-0.));
#2743 = DIRECTION('',(-0.,-0.,-1.));
#2744 = PCURVE('',#2354,#2745);
#2745 = DEFINITIONAL_REPRESENTATION('',(#2746),#2750);
#2746 = CIRCLE('',#2747,6.);
#2747 = AXIS2_PLACEMENT_2D('',#2748,#2749);
#2748 = CARTESIAN_POINT('',(-10.5,-3.));
#2749 = DIRECTION('',(-1.,0.));
#2750 = ( GEOMETRIC_REPRESENTATION_CONTEXT(2) 
PARAMETRIC_REPRESENTATION_CONTEXT() REPRESENTATION_CONTEXT('2D SPACE',''
  ) );
#2751 = PCURVE('',#2382,#2752);
#2752 = DEFINITIONAL_REPRESENTATION('',(#2753),#2757);
#2753 = LINE('',#2754,#2755);
#2754 = CARTESIAN_POINT('',(0.,0.));
#2755 = VECTOR('',#2756,1.);
#2756 = DIRECTION('',(1.,0.));
#2757 = ( GEOMETRIC_REPRESENTATION_CONTEXT(2) 
PARAMETRIC_REPRESENTATION_CONTEXT() REPRESENTATION_CONTEXT('2D SPACE',''
  ) );
#2758 = FACE_BOUND('',#2759,.T.);
#2759 = EDGE_LOOP('',(#2760));
#2760 = ORIENTED_EDGE('',*,*,#2761,.T.);
#2761 = EDGE_CURVE('',#2762,#2762,#2764,.T.);
#2762 = VERTEX_POINT('',#2763);
#2763 = CARTESIAN_POINT('',(-55.,15.65,41.5));
#2764 = SURFACE_CURVE('',#2765,(#2770,#2777),.PCURVE_S1.);
#2765 = CIRCLE('',#2766,2.);
#2766 = AXIS2_PLACEMENT_3D('',#2767,#2768,#2769);
#2767 = CARTESIAN_POINT('',(-55.,15.65,39.5));
#2768 = DIRECTION('',(0.,1.,0.));
#2769 = DIRECTION('',(-0.,-0.,1.));
#2770 = PCURVE('',#2354,#2771);
#2771 = DEFINITIONAL_REPRESENTATION('',(#2772),#2776);
#2772 = CIRCLE('',#2773,2.);
#2773 = AXIS2_PLACEMENT_2D('',#2774,#2775);
#2774 = CARTESIAN_POINT('',(12.,-6.));
#2775 = DIRECTION('',(1.,-0.));
#2776 = ( GEOMETRIC_REPRESENTATION_CONTEXT(2) 
PARAMETRIC_REPRESENTATION_CONTEXT() REPRESENTATION_CONTEXT('2D SPACE',''
  ) );
#2777 = PCURVE('',#2778,#2783);
#2778 = CYLINDRICAL_SURFACE('',#2779,2.);
#2779 = AXIS2_PLACEMENT_3D('',#2780,#2781,#2782);
#2780 = CARTESIAN_POINT('',(-55.,21.65,39.5));
#2781 = DIRECTION('',(-0.,-1.,-0.));
#2782 = DIRECTION('',(-0.,-0.,1.));
#2783 = DEFINITIONAL_REPRESENTATION('',(#2784),#2788);
#2784 = LINE('',#2785,#2786);
#2785 = CARTESIAN_POINT('',(-0.,6.));
#2786 = VECTOR('',#2787,1.);
#2787 = DIRECTION('',(-1.,0.));
#2788 = ( GEOMETRIC_REPRESENTATION_CONTEXT(2) 
PARAMETRIC_REPRESENTATION_CONTEXT() REPRESENTATION_CONTEXT('2D SPACE',''
  ) );
#2789 = ADVANCED_FACE('',(#2790),#2543,.T.);
#2790 = FACE_BOUND('',#2791,.F.);
#2791 = EDGE_LOOP('',(#2792,#2793,#2794,#2817));
#2792 = ORIENTED_EDGE('',*,*,#2529,.F.);
#2793 = ORIENTED_EDGE('',*,*,#2559,.T.);
#2794 = ORIENTED_EDGE('',*,*,#2795,.T.);
#2795 = EDGE_CURVE('',#2560,#2796,#2798,.T.);
#2796 = VERTEX_POINT('',#2797);
#2797 = CARTESIAN_POINT('',(-40.,24.449099172206,17.));
#2798 = SURFACE_CURVE('',#2799,(#2803,#2810),.PCURVE_S1.);
#2799 = LINE('',#2800,#2801);
#2800 = CARTESIAN_POINT('',(-40.,15.65,17.));
#2801 = VECTOR('',#2802,1.);
#2802 = DIRECTION('',(-0.,1.,-0.));
#2803 = PCURVE('',#2543,#2804);
#2804 = DEFINITIONAL_REPRESENTATION('',(#2805),#2809);
#2805 = LINE('',#2806,#2807);
#2806 = CARTESIAN_POINT('',(-1.570796326795,0.));
#2807 = VECTOR('',#2808,1.);
#2808 = DIRECTION('',(-0.,1.));
#2809 = ( GEOMETRIC_REPRESENTATION_CONTEXT(2) 
PARAMETRIC_REPRESENTATION_CONTEXT() REPRESENTATION_CONTEXT('2D SPACE',''
  ) );
#2810 = PCURVE('',#2603,#2811);
#2811 = DEFINITIONAL_REPRESENTATION('',(#2812),#2816);
#2812 = LINE('',#2813,#2814);
#2813 = CARTESIAN_POINT('',(-6.,-0.));
#2814 = VECTOR('',#2815,1.);
#2815 = DIRECTION('',(-0.,-1.));
#2816 = ( GEOMETRIC_REPRESENTATION_CONTEXT(2) 
PARAMETRIC_REPRESENTATION_CONTEXT() REPRESENTATION_CONTEXT('2D SPACE',''
  ) );
#2817 = ORIENTED_EDGE('',*,*,#2818,.T.);
#2818 = EDGE_CURVE('',#2796,#2507,#2819,.T.);
#2819 = SURFACE_CURVE('',#2820,(#2853,#2889),.PCURVE_S1.);
#2820 = B_SPLINE_CURVE_WITH_KNOTS('',7,(#2821,#2822,#2823,#2824,#2825,
    #2826,#2827,#2828,#2829,#2830,#2831,#2832,#2833,#2834,#2835,#2836,
    #2837,#2838,#2839,#2840,#2841,#2842,#2843,#2844,#2845,#2846,#2847,
    #2848,#2849,#2850,#2851,#2852),.UNSPECIFIED.,.F.,.F.,(8,6,6,6,6,8),(
    0.,0.179827366231,0.351516487445,0.609183124931,0.8265418779,1.),
  .UNSPECIFIED.);
#2821 = CARTESIAN_POINT('',(-40.,24.449099172206,17.));
#2822 = CARTESIAN_POINT('',(-40.,24.371518097384,16.712903431699));
#2823 = CARTESIAN_POINT('',(-40.01602634404,24.310243359095,
    16.417360042257));
#2824 = CARTESIAN_POINT('',(-40.04978041021,24.267330577013,
    16.117732081325));
#2825 = CARTESIAN_POINT('',(-40.10183236796,24.243475078217,
    15.818517223981));
#2826 = CARTESIAN_POINT('',(-40.17153539009,24.238100463724,
    15.524208297973));
#2827 = CARTESIAN_POINT('',(-40.25693267924,24.249451083435,
    15.239198742947));
#2828 = CARTESIAN_POINT('',(-40.44795932498,24.298783617761,
    14.70855424411));
#2829 = CARTESIAN_POINT('',(-40.5527606645,24.335605299582,
    14.460991409969));
#2830 = CARTESIAN_POINT('',(-40.66752708833,24.383146639201,
    14.22530210578));
#2831 = CARTESIAN_POINT('',(-40.79082503144,24.439600316706,
    14.001569763865));
#2832 = CARTESIAN_POINT('',(-40.9213293285,24.503326875875,
    13.789741410182));
#2833 = CARTESIAN_POINT('',(-41.05782248027,24.572834605632,
    13.589659169548));
#2834 = CARTESIAN_POINT('',(-41.41133940293,24.75773271038,
    13.118080985835));
#2835 = CARTESIAN_POINT('',(-41.63556743135,24.879247163352,
    12.859523373604));
#2836 = CARTESIAN_POINT('',(-41.86928906129,25.007449033748,
    12.623772551339));
#2837 = CARTESIAN_POINT('',(-42.11084265035,25.139386100892,
    12.409093161293));
#2838 = CARTESIAN_POINT('',(-42.35940289388,25.272722828507,
    12.213824805083));
#2839 = CARTESIAN_POINT('',(-42.61487133057,25.405472764211,
    12.036560645134));
#2840 = CARTESIAN_POINT('',(-43.09966145022,25.645250017943,
    11.741148887686));
#2841 = CARTESIAN_POINT('',(-43.32658101617,25.752934204063,
    11.618237603438));
#2842 = CARTESIAN_POINT('',(-43.5585342446,25.857136730046,
    11.507193977726));
#2843 = CARTESIAN_POINT('',(-43.79546836204,25.95625288047,
    11.40788116832));
#2844 = CARTESIAN_POINT('',(-44.03738533591,26.048459709972,
    11.320310539471));
#2845 = CARTESIAN_POINT('',(-44.28438218408,26.13172863479,
    11.244625380046));
#2846 = CARTESIAN_POINT('',(-44.73802610521,26.261520578241,
    11.130543070797));
#2847 = CARTESIAN_POINT('',(-44.94338417803,26.312250909729,
    11.08754184684));
#2848 = CARTESIAN_POINT('',(-45.15162896073,26.354572058846,
    11.052760638067));
#2849 = CARTESIAN_POINT('',(-45.36193892686,26.387249690655,
    11.026483822465));
#2850 = CARTESIAN_POINT('',(-45.57372168226,26.409405951166,
    11.008860262359));
#2851 = CARTESIAN_POINT('',(-45.78653405084,26.420544734181,11.));
#2852 = CARTESIAN_POINT('',(-46.,26.420544734181,11.));
#2853 = PCURVE('',#2543,#2854);
#2854 = DEFINITIONAL_REPRESENTATION('',(#2855),#2888);
#2855 = B_SPLINE_CURVE_WITH_KNOTS('',7,(#2856,#2857,#2858,#2859,#2860,
    #2861,#2862,#2863,#2864,#2865,#2866,#2867,#2868,#2869,#2870,#2871,
    #2872,#2873,#2874,#2875,#2876,#2877,#2878,#2879,#2880,#2881,#2882,
    #2883,#2884,#2885,#2886,#2887),.UNSPECIFIED.,.F.,.F.,(8,6,6,6,6,8),(
    0.,0.179827366231,0.351516487445,0.609183124931,0.8265418779,1.),
  .UNSPECIFIED.);
#2856 = CARTESIAN_POINT('',(-1.570796326795,8.799099172206));
#2857 = CARTESIAN_POINT('',(-1.522946898745,8.721518097384));
#2858 = CARTESIAN_POINT('',(-1.473689584554,8.660243359095));
#2859 = CARTESIAN_POINT('',(-1.423572945395,8.617330577013));
#2860 = CARTESIAN_POINT('',(-1.373119150635,8.593475078217));
#2861 = CARTESIAN_POINT('',(-1.322850974933,8.588100463724));
#2862 = CARTESIAN_POINT('',(-1.273336241478,8.599451083435));
#2863 = CARTESIAN_POINT('',(-1.179339379307,8.648783617761));
#2864 = CARTESIAN_POINT('',(-1.134601567888,8.685605299582));
#2865 = CARTESIAN_POINT('',(-1.09100509809,8.733146639201));
#2866 = CARTESIAN_POINT('',(-1.0485222698,8.789600316706));
#2867 = CARTESIAN_POINT('',(-1.007128214308,8.853326875875));
#2868 = CARTESIAN_POINT('',(-0.966800860255,8.922834605632));
#2869 = CARTESIAN_POINT('',(-0.868572074313,9.10773271038));
#2870 = CARTESIAN_POINT('',(-0.811675841711,9.229247163352));
#2871 = CARTESIAN_POINT('',(-0.756537355432,9.357449033748));
#2872 = CARTESIAN_POINT('',(-0.702861612359,9.489386100892));
#2873 = CARTESIAN_POINT('',(-0.650329609259,9.622722828507));
#2874 = CARTESIAN_POINT('',(-0.59859666049,9.755472764211));
#2875 = CARTESIAN_POINT('',(-0.503979072487,9.995250017943));
#2876 = CARTESIAN_POINT('',(-0.461023104401,10.102934204063));
#2877 = CARTESIAN_POINT('',(-0.418247754901,10.207136730046));
#2878 = CARTESIAN_POINT('',(-0.375524424569,10.30625288047));
#2879 = CARTESIAN_POINT('',(-0.332730033374,10.398459709972));
#2880 = CARTESIAN_POINT('',(-0.289730435014,10.48172863479));
#2881 = CARTESIAN_POINT('',(-0.21176898078,10.611520578241));
#2882 = CARTESIAN_POINT('',(-0.176828282219,10.662250909729));
#2883 = CARTESIAN_POINT('',(-0.141687251654,10.704572058846));
#2884 = CARTESIAN_POINT('',(-0.106417180927,10.737249690655));
#2885 = CARTESIAN_POINT('',(-7.104634184571E-02,10.759405951166));
#2886 = CARTESIAN_POINT('',(-3.557765819194E-02,10.770544734181));
#2887 = CARTESIAN_POINT('',(0.,10.770544734181));
#2888 = ( GEOMETRIC_REPRESENTATION_CONTEXT(2) 
PARAMETRIC_REPRESENTATION_CONTEXT() REPRESENTATION_CONTEXT('2D SPACE',''
  ) );
#2889 = PCURVE('',#2466,#2890);
#2890 = DEFINITIONAL_REPRESENTATION('',(#2891),#2924);
#2891 = B_SPLINE_CURVE_WITH_KNOTS('',7,(#2892,#2893,#2894,#2895,#2896,
    #2897,#2898,#2899,#2900,#2901,#2902,#2903,#2904,#2905,#2906,#2907,
    #2908,#2909,#2910,#2911,#2912,#2913,#2914,#2915,#2916,#2917,#2918,
    #2919,#2920,#2921,#2922,#2923),.UNSPECIFIED.,.F.,.F.,(8,6,6,6,6,8),(
    0.,0.179827366231,0.351516487445,0.609183124931,0.8265418779,1.),
  .UNSPECIFIED.);
#2892 = CARTESIAN_POINT('',(-4.448466132255,0.5));
#2893 = CARTESIAN_POINT('',(-4.500186848803,0.5));
#2894 = CARTESIAN_POINT('',(-4.552586004067,0.516026344045));
#2895 = CARTESIAN_POINT('',(-4.605063457717,0.549780410216));
#2896 = CARTESIAN_POINT('',(-4.657086293021,0.601832367966));
#2897 = CARTESIAN_POINT('',(-4.708137987655,0.67153539009));
#2898 = CARTESIAN_POINT('',(-4.757674850923,0.756932679241));
#2899 = CARTESIAN_POINT('',(-4.850358802071,0.947959324983));
#2900 = CARTESIAN_POINT('',(-4.893821163013,1.052760664503));
#2901 = CARTESIAN_POINT('',(-4.935551383075,1.167527088334));
#2902 = CARTESIAN_POINT('',(-4.975603453323,1.290825031444));
#2903 = CARTESIAN_POINT('',(-5.014017959246,1.421329328504));
#2904 = CARTESIAN_POINT('',(-5.050826358681,1.557822480276));
#2905 = CARTESIAN_POINT('',(-5.138918644453,1.91133940293));
#2906 = CARTESIAN_POINT('',(-5.18849647611,2.135567431355));
#2907 = CARTESIAN_POINT('',(-5.23504735347,2.369289061293));
#2908 = CARTESIAN_POINT('',(-5.278771618768,2.610842650359));
#2909 = CARTESIAN_POINT('',(-5.31982834988,2.85940289388));
#2910 = CARTESIAN_POINT('',(-5.358314014447,3.114871330579));
#2911 = CARTESIAN_POINT('',(-5.424483582458,3.599661450227));
#2912 = CARTESIAN_POINT('',(-5.452882782128,3.826581016176));
#2913 = CARTESIAN_POINT('',(-5.47934287201,4.058534244602));
#2914 = CARTESIAN_POINT('',(-5.50372752746,4.295468362049));
#2915 = CARTESIAN_POINT('',(-5.525834008509,4.53738533591));
#2916 = CARTESIAN_POINT('',(-5.545400988476,4.784382184081));
#2917 = CARTESIAN_POINT('',(-5.575453606161,5.238026105216));
#2918 = CARTESIAN_POINT('',(-5.587017463673,5.443384178035));
#2919 = CARTESIAN_POINT('',(-5.596543178186,5.651628960734));
#2920 = CARTESIAN_POINT('',(-5.603835437825,5.861938926861));
#2921 = CARTESIAN_POINT('',(-5.608759154984,6.073721682261));
#2922 = CARTESIAN_POINT('',(-5.611234410684,6.286534050848));
#2923 = CARTESIAN_POINT('',(-5.611234410684,6.5));
#2924 = ( GEOMETRIC_REPRESENTATION_CONTEXT(2) 
PARAMETRIC_REPRESENTATION_CONTEXT() REPRESENTATION_CONTEXT('2D SPACE',''
  ) );
#2925 = ADVANCED_FACE('',(#2926),#2466,.F.);
#2926 = FACE_BOUND('',#2927,.T.);
#2927 = EDGE_LOOP('',(#2928,#2954,#2955,#3083,#3109,#3110));
#2928 = ORIENTED_EDGE('',*,*,#2929,.F.);
#2929 = EDGE_CURVE('',#2451,#2479,#2930,.T.);
#2930 = SURFACE_CURVE('',#2931,(#2936,#2943),.PCURVE_S1.);
#2931 = CIRCLE('',#2932,5.75);
#2932 = AXIS2_PLACEMENT_3D('',#2933,#2934,#2935);
#2933 = CARTESIAN_POINT('',(-49.,30.,15.5));
#2934 = DIRECTION('',(1.,0.,-0.));
#2935 = DIRECTION('',(-0.,-0.,-1.));
#2936 = PCURVE('',#2466,#2937);
#2937 = DEFINITIONAL_REPRESENTATION('',(#2938),#2942);
#2938 = LINE('',#2939,#2940);
#2939 = CARTESIAN_POINT('',(-0.,9.5));
#2940 = VECTOR('',#2941,1.);
#2941 = DIRECTION('',(-1.,0.));
#2942 = ( GEOMETRIC_REPRESENTATION_CONTEXT(2) 
PARAMETRIC_REPRESENTATION_CONTEXT() REPRESENTATION_CONTEXT('2D SPACE',''
  ) );
#2943 = PCURVE('',#2494,#2944);
#2944 = DEFINITIONAL_REPRESENTATION('',(#2945),#2953);
#2945 = ( BOUNDED_CURVE() B_SPLINE_CURVE(2,(#2946,#2947,#2948,#2949,
#2950,#2951,#2952),.UNSPECIFIED.,.T.,.F.) B_SPLINE_CURVE_WITH_KNOTS((1,2
    ,2,2,2,1),(-2.094395102393,0.,2.094395102393,4.188790204786,
6.28318530718,8.377580409573),.UNSPECIFIED.) CURVE() 
GEOMETRIC_REPRESENTATION_ITEM() RATIONAL_B_SPLINE_CURVE((1.,0.5,1.,0.5,
1.,0.5,1.)) REPRESENTATION_ITEM('') );
#2946 = CARTESIAN_POINT('',(-5.75,0.));
#2947 = CARTESIAN_POINT('',(-5.75,9.959292143521));
#2948 = CARTESIAN_POINT('',(2.875,4.979646071761));
#2949 = CARTESIAN_POINT('',(11.5,1.408343819019E-15));
#2950 = CARTESIAN_POINT('',(2.875,-4.979646071761));
#2951 = CARTESIAN_POINT('',(-5.75,-9.959292143521));
#2952 = CARTESIAN_POINT('',(-5.75,0.));
#2953 = ( GEOMETRIC_REPRESENTATION_CONTEXT(2) 
PARAMETRIC_REPRESENTATION_CONTEXT() REPRESENTATION_CONTEXT('2D SPACE',''
  ) );
#2954 = ORIENTED_EDGE('',*,*,#2450,.F.);
#2955 = ORIENTED_EDGE('',*,*,#2956,.T.);
#2956 = EDGE_CURVE('',#2423,#2957,#2959,.T.);
#2957 = VERTEX_POINT('',#2958);
#2958 = CARTESIAN_POINT('',(-40.,35.550900827794,17.));
#2959 = SURFACE_CURVE('',#2960,(#2999,#3041),.PCURVE_S1.);
#2960 = B_SPLINE_CURVE_WITH_KNOTS('',7,(#2961,#2962,#2963,#2964,#2965,
    #2966,#2967,#2968,#2969,#2970,#2971,#2972,#2973,#2974,#2975,#2976,
    #2977,#2978,#2979,#2980,#2981,#2982,#2983,#2984,#2985,#2986,#2987,
    #2988,#2989,#2990,#2991,#2992,#2993,#2994,#2995,#2996,#2997,#2998),
  .UNSPECIFIED.,.F.,.F.,(8,6,6,6,6,6,8),(0.,0.170268649693,
    0.392056660368,0.64928749123,0.744809017791,0.930344395883,1.),
  .UNSPECIFIED.);
#2961 = CARTESIAN_POINT('',(-46.,33.579455265819,11.));
#2962 = CARTESIAN_POINT('',(-45.79055221659,33.579455265819,11.));
#2963 = CARTESIAN_POINT('',(-45.58173178528,33.590178666392,
    11.008529853139));
#2964 = CARTESIAN_POINT('',(-45.37390240803,33.61151117735,
    11.02549817362));
#2965 = CARTESIAN_POINT('',(-45.16748614695,33.642988615497,
    11.050799573314));
#2966 = CARTESIAN_POINT('',(-44.96303889023,33.683792555576,
    11.084292421651));
#2967 = CARTESIAN_POINT('',(-44.76132355891,33.732774374433,
    11.125713254181));
#2968 = CARTESIAN_POINT('',(-44.30554571998,33.861104615946,
    11.238112568635));
#2969 = CARTESIAN_POINT('',(-44.05323123634,33.945405051922,
    11.314459661817));
#2970 = CARTESIAN_POINT('',(-43.80619362257,34.039128142865,
    11.403185952827));
#2971 = CARTESIAN_POINT('',(-43.56433195766,34.140110764311,
    11.504134898019));
#2972 = CARTESIAN_POINT('',(-43.3276512734,34.246409707052,
    11.617289133911));
#2973 = CARTESIAN_POINT('',(-43.09621631175,34.356318001307,
    11.742787261247));
#2974 = CARTESIAN_POINT('',(-42.60784086225,34.598167294575,
    12.041396675686));
#2975 = CARTESIAN_POINT('',(-42.35305081448,34.730666858653,
    12.218719285988));
#2976 = CARTESIAN_POINT('',(-42.10514576443,34.863710079143,
    12.413995093697));
#2977 = CARTESIAN_POINT('',(-41.86422952307,34.995321363333,
    12.6286291786));
#2978 = CARTESIAN_POINT('',(-41.63113014598,35.123174135048,
    12.864276458293));
#2979 = CARTESIAN_POINT('',(-41.40750795113,35.244326517891,
    13.122664286708));
#2980 = CARTESIAN_POINT('',(-41.11737072654,35.39599907175,
    13.510425623358));
#2981 = CARTESIAN_POINT('',(-41.04041464622,35.435642520158,
    13.618857284813));
#2982 = CARTESIAN_POINT('',(-40.96521099099,35.473653850534,
    13.730801970408));
#2983 = CARTESIAN_POINT('',(-40.89192249233,35.509809694116,
    13.846335164676));
#2984 = CARTESIAN_POINT('',(-40.82073129095,35.543866376247,
    13.96552438415));
#2985 = CARTESIAN_POINT('',(-40.7518380946,35.575558701409,
    14.088428667358));
#2986 = CARTESIAN_POINT('',(-40.55653503579,35.66100439269,
    14.461133229805));
#2987 = CARTESIAN_POINT('',(-40.43575986844,35.707991283569,
    14.723935708174));
#2988 = CARTESIAN_POINT('',(-40.32679014381,35.742328780035,
    15.001168342212));
#2989 = CARTESIAN_POINT('',(-40.23241771618,35.761276352605,
    15.290294443004));
#2990 = CARTESIAN_POINT('',(-40.15466555199,35.762660149981,
    15.588560179884));
#2991 = CARTESIAN_POINT('',(-40.0948300974,35.744922015523,
    15.89303985604));
#2992 = CARTESIAN_POINT('',(-40.03794552923,35.692956783877,
    16.316265558166));
#2993 = CARTESIAN_POINT('',(-40.02508535384,35.676004510789,
    16.431778107161));
#2994 = CARTESIAN_POINT('',(-40.01489743161,35.656288506533,
    16.547017580746));
#2995 = CARTESIAN_POINT('',(-40.00735872894,35.633841929803,
    16.661720599146));
#2996 = CARTESIAN_POINT('',(-40.00241864657,35.608727612337,
    16.775625088064));
#2997 = CARTESIAN_POINT('',(-40.,35.581038955655,16.888470827403));
#2998 = CARTESIAN_POINT('',(-40.,35.550900827794,17.));
#2999 = PCURVE('',#2466,#3000);
#3000 = DEFINITIONAL_REPRESENTATION('',(#3001),#3040);
#3001 = B_SPLINE_CURVE_WITH_KNOTS('',7,(#3002,#3003,#3004,#3005,#3006,
    #3007,#3008,#3009,#3010,#3011,#3012,#3013,#3014,#3015,#3016,#3017,
    #3018,#3019,#3020,#3021,#3022,#3023,#3024,#3025,#3026,#3027,#3028,
    #3029,#3030,#3031,#3032,#3033,#3034,#3035,#3036,#3037,#3038,#3039),
  .UNSPECIFIED.,.F.,.F.,(8,6,6,6,6,6,8),(0.,0.170268649693,
    0.392056660368,0.64928749123,0.744809017791,0.930344395883,1.),
  .UNSPECIFIED.);
#3002 = CARTESIAN_POINT('',(-0.671950896496,6.5));
#3003 = CARTESIAN_POINT('',(-0.671950896496,6.290552216594));
#3004 = CARTESIAN_POINT('',(-0.674333849268,6.081731785286));
#3005 = CARTESIAN_POINT('',(-0.679074494187,5.873902408035));
#3006 = CARTESIAN_POINT('',(-0.686097822061,5.667486146957));
#3007 = CARTESIAN_POINT('',(-0.695277548238,5.463038890234));
#3008 = CARTESIAN_POINT('',(-0.706431915077,5.261323558912));
#3009 = CARTESIAN_POINT('',(-0.736100408241,4.805545719986));
#3010 = CARTESIAN_POINT('',(-0.755877591216,4.553231236343));
#3011 = CARTESIAN_POINT('',(-0.778313407595,4.306193622576));
#3012 = CARTESIAN_POINT('',(-0.803127893391,4.064331957669));
#3013 = CARTESIAN_POINT('',(-0.830103678478,3.827651273404));
#3014 = CARTESIAN_POINT('',(-0.859094795261,3.596216311752));
#3015 = CARTESIAN_POINT('',(-0.925923281098,3.107840862256));
#3016 = CARTESIAN_POINT('',(-0.964391007923,2.853050814482));
#3017 = CARTESIAN_POINT('',(-1.005420153268,2.60514576443));
#3018 = CARTESIAN_POINT('',(-1.049108300365,2.364229523076));
#3019 = CARTESIAN_POINT('',(-1.095614728291,2.131130145986));
#3020 = CARTESIAN_POINT('',(-1.1451394652,1.907507951132));
#3021 = CARTESIAN_POINT('',(-1.217551522347,1.617370726548));
#3022 = CARTESIAN_POINT('',(-1.237625006152,1.540414646228));
#3023 = CARTESIAN_POINT('',(-1.258176419796,1.46521099099));
#3024 = CARTESIAN_POINT('',(-1.279218733121,1.391922492336));
#3025 = CARTESIAN_POINT('',(-1.300765499296,1.320731290955));
#3026 = CARTESIAN_POINT('',(-1.322831316934,1.251838094602));
#3027 = CARTESIAN_POINT('',(-1.389331093252,1.056535035798));
#3028 = CARTESIAN_POINT('',(-1.435706221757,0.935759868443));
#3029 = CARTESIAN_POINT('',(-1.484173814406,0.826790143817));
#3030 = CARTESIAN_POINT('',(-1.53440648913,0.732417716181));
#3031 = CARTESIAN_POINT('',(-1.586118605446,0.654665551997));
#3032 = CARTESIAN_POINT('',(-1.639052908801,0.594830097403));
#3033 = CARTESIAN_POINT('',(-1.713210128033,0.537945529238));
#3034 = CARTESIAN_POINT('',(-1.733508826607,0.525085353841));
#3035 = CARTESIAN_POINT('',(-1.753832500664,0.514897431614));
#3036 = CARTESIAN_POINT('',(-1.774148886816,0.507358728949));
#3037 = CARTESIAN_POINT('',(-1.794425094743,0.502418646571));
#3038 = CARTESIAN_POINT('',(-1.814627089684,0.5));
#3039 = CARTESIAN_POINT('',(-1.834719174925,0.5));
#3040 = ( GEOMETRIC_REPRESENTATION_CONTEXT(2) 
PARAMETRIC_REPRESENTATION_CONTEXT() REPRESENTATION_CONTEXT('2D SPACE',''
  ) );
#3041 = PCURVE('',#2438,#3042);
#3042 = DEFINITIONAL_REPRESENTATION('',(#3043),#3082);
#3043 = B_SPLINE_CURVE_WITH_KNOTS('',7,(#3044,#3045,#3046,#3047,#3048,
    #3049,#3050,#3051,#3052,#3053,#3054,#3055,#3056,#3057,#3058,#3059,
    #3060,#3061,#3062,#3063,#3064,#3065,#3066,#3067,#3068,#3069,#3070,
    #3071,#3072,#3073,#3074,#3075,#3076,#3077,#3078,#3079,#3080,#3081),
  .UNSPECIFIED.,.F.,.F.,(8,6,6,6,6,6,8),(0.,0.170268649693,
    0.392056660368,0.64928749123,0.744809017791,0.930344395883,1.),
  .UNSPECIFIED.);
#3044 = CARTESIAN_POINT('',(0.,17.929455265819));
#3045 = CARTESIAN_POINT('',(-3.490796390099E-02,17.929455265819));
#3046 = CARTESIAN_POINT('',(-6.971132899437E-02,17.940178666392));
#3047 = CARTESIAN_POINT('',(-0.104419177944,17.96151117735));
#3048 = CARTESIAN_POINT('',(-0.139028251646,17.992988615497));
#3049 = CARTESIAN_POINT('',(-0.17351241468,18.033792555576));
#3050 = CARTESIAN_POINT('',(-0.207806626444,18.082774374433));
#3051 = CARTESIAN_POINT('',(-0.286045407029,18.211104615946));
#3052 = CARTESIAN_POINT('',(-0.329921413767,18.295405051922));
#3053 = CARTESIAN_POINT('',(-0.373578704331,18.389128142865));
#3054 = CARTESIAN_POINT('',(-0.417159162108,18.490110764311));
#3055 = CARTESIAN_POINT('',(-0.46079184838,18.596409707052));
#3056 = CARTESIAN_POINT('',(-0.50461144085,18.706318001307));
#3057 = CARTESIAN_POINT('',(-0.600016740328,18.948167294575));
#3058 = CARTESIAN_POINT('',(-0.651662893056,19.080666858653));
#3059 = CARTESIAN_POINT('',(-0.704110568853,19.213710079143));
#3060 = CARTESIAN_POINT('',(-0.757702788443,19.345321363334));
#3061 = CARTESIAN_POINT('',(-0.812756892068,19.473174135048));
#3062 = CARTESIAN_POINT('',(-0.869566290476,19.594326517891));
#3063 = CARTESIAN_POINT('',(-0.950281575978,19.74599907175));
#3064 = CARTESIAN_POINT('',(-0.972435379975,19.785642520158));
#3065 = CARTESIAN_POINT('',(-0.994900066188,19.823653850534));
#3066 = CARTESIAN_POINT('',(-1.017688590479,19.859809694116));
#3067 = CARTESIAN_POINT('',(-1.040813374295,19.893866376247));
#3068 = CARTESIAN_POINT('',(-1.064286719726,19.925558701409));
#3069 = CARTESIAN_POINT('',(-1.134415960664,20.01100439269));
#3070 = CARTESIAN_POINT('',(-1.18255544813,20.057991283569));
#3071 = CARTESIAN_POINT('',(-1.232073919879,20.092328780035));
#3072 = CARTESIAN_POINT('',(-1.28260142445,20.111276352605));
#3073 = CARTESIAN_POINT('',(-1.33382187683,20.112660149981));
#3074 = CARTESIAN_POINT('',(-1.385444672586,20.094922015523));
#3075 = CARTESIAN_POINT('',(-1.456616578919,20.042956783878));
#3076 = CARTESIAN_POINT('',(-1.47598260413,20.026004510789));
#3077 = CARTESIAN_POINT('',(-1.495256183994,20.006288506533));
#3078 = CARTESIAN_POINT('',(-1.51440594196,19.983841929803));
#3079 = CARTESIAN_POINT('',(-1.533400505768,19.958727612337));
#3080 = CARTESIAN_POINT('',(-1.552208131362,19.931038955655));
#3081 = CARTESIAN_POINT('',(-1.570796326795,19.900900827794));
#3082 = ( GEOMETRIC_REPRESENTATION_CONTEXT(2) 
PARAMETRIC_REPRESENTATION_CONTEXT() REPRESENTATION_CONTEXT('2D SPACE',''
  ) );
#3083 = ORIENTED_EDGE('',*,*,#3084,.T.);
#3084 = EDGE_CURVE('',#2957,#2796,#3085,.T.);
#3085 = SURFACE_CURVE('',#3086,(#3091,#3098),.PCURVE_S1.);
#3086 = CIRCLE('',#3087,5.75);
#3087 = AXIS2_PLACEMENT_3D('',#3088,#3089,#3090);
#3088 = CARTESIAN_POINT('',(-40.,30.,15.5));
#3089 = DIRECTION('',(1.,0.,-0.));
#3090 = DIRECTION('',(-0.,-0.,-1.));
#3091 = PCURVE('',#2466,#3092);
#3092 = DEFINITIONAL_REPRESENTATION('',(#3093),#3097);
#3093 = LINE('',#3094,#3095);
#3094 = CARTESIAN_POINT('',(-0.,0.5));
#3095 = VECTOR('',#3096,1.);
#3096 = DIRECTION('',(-1.,0.));
#3097 = ( GEOMETRIC_REPRESENTATION_CONTEXT(2) 
PARAMETRIC_REPRESENTATION_CONTEXT() REPRESENTATION_CONTEXT('2D SPACE',''
  ) );
#3098 = PCURVE('',#2603,#3099);
#3099 = DEFINITIONAL_REPRESENTATION('',(#3100),#3108);
#3100 = ( BOUNDED_CURVE() B_SPLINE_CURVE(2,(#3101,#3102,#3103,#3104,
#3105,#3106,#3107),.UNSPECIFIED.,.T.,.F.) B_SPLINE_CURVE_WITH_KNOTS((1,2
    ,2,2,2,1),(-2.094395102393,0.,2.094395102393,4.188790204786,
6.28318530718,8.377580409573),.UNSPECIFIED.) CURVE() 
GEOMETRIC_REPRESENTATION_ITEM() RATIONAL_B_SPLINE_CURVE((1.,0.5,1.,0.5,
1.,0.5,1.)) REPRESENTATION_ITEM('') );
#3101 = CARTESIAN_POINT('',(1.25,-14.35));
#3102 = CARTESIAN_POINT('',(1.25,-24.30929214352));
#3103 = CARTESIAN_POINT('',(-7.375,-19.32964607176));
#3104 = CARTESIAN_POINT('',(-16.,-14.35));
#3105 = CARTESIAN_POINT('',(-7.375,-9.370353928239));
#3106 = CARTESIAN_POINT('',(1.25,-4.390707856479));
#3107 = CARTESIAN_POINT('',(1.25,-14.35));
#3108 = ( GEOMETRIC_REPRESENTATION_CONTEXT(2) 
PARAMETRIC_REPRESENTATION_CONTEXT() REPRESENTATION_CONTEXT('2D SPACE',''
  ) );
#3109 = ORIENTED_EDGE('',*,*,#2818,.T.);
#3110 = ORIENTED_EDGE('',*,*,#2506,.T.);
#3111 = ADVANCED_FACE('',(#3112,#3116),#2494,.F.);
#3112 = FACE_BOUND('',#3113,.T.);
#3113 = EDGE_LOOP('',(#3114,#3115));
#3114 = ORIENTED_EDGE('',*,*,#2478,.T.);
#3115 = ORIENTED_EDGE('',*,*,#2929,.T.);
#3116 = FACE_BOUND('',#3117,.T.);
#3117 = EDGE_LOOP('',(#3118));
#3118 = ORIENTED_EDGE('',*,*,#3119,.T.);
#3119 = EDGE_CURVE('',#3120,#3120,#3122,.T.);
#3120 = VERTEX_POINT('',#3121);
#3121 = CARTESIAN_POINT('',(-49.,30.,17.2));
#3122 = SURFACE_CURVE('',#3123,(#3128,#3135),.PCURVE_S1.);
#3123 = CIRCLE('',#3124,1.7);
#3124 = AXIS2_PLACEMENT_3D('',#3125,#3126,#3127);
#3125 = CARTESIAN_POINT('',(-49.,30.,15.5));
#3126 = DIRECTION('',(-1.,-0.,-0.));
#3127 = DIRECTION('',(-0.,-0.,1.));
#3128 = PCURVE('',#2494,#3129);
#3129 = DEFINITIONAL_REPRESENTATION('',(#3130),#3134);
#3130 = CIRCLE('',#3131,1.7);
#3131 = AXIS2_PLACEMENT_2D('',#3132,#3133);
#3132 = CARTESIAN_POINT('',(0.,0.));
#3133 = DIRECTION('',(1.,-0.));
#3134 = ( GEOMETRIC_REPRESENTATION_CONTEXT(2) 
PARAMETRIC_REPRESENTATION_CONTEXT() REPRESENTATION_CONTEXT('2D SPACE',''
  ) );
#3135 = PCURVE('',#3136,#3141);
#3136 = CYLINDRICAL_SURFACE('',#3137,1.7);
#3137 = AXIS2_PLACEMENT_3D('',#3138,#3139,#3140);
#3138 = CARTESIAN_POINT('',(-59.,30.,15.5));
#3139 = DIRECTION('',(1.,-0.,-0.));
#3140 = DIRECTION('',(-0.,-0.,1.));
#3141 = DEFINITIONAL_REPRESENTATION('',(#3142),#3146);
#3142 = LINE('',#3143,#3144);
#3143 = CARTESIAN_POINT('',(-0.,10.));
#3144 = VECTOR('',#3145,1.);
#3145 = DIRECTION('',(-1.,0.));
#3146 = ( GEOMETRIC_REPRESENTATION_CONTEXT(2) 
PARAMETRIC_REPRESENTATION_CONTEXT() REPRESENTATION_CONTEXT('2D SPACE',''
  ) );
#3147 = ADVANCED_FACE('',(#3148),#2438,.T.);
#3148 = FACE_BOUND('',#3149,.F.);
#3149 = EDGE_LOOP('',(#3150,#3151,#3152,#3175));
#3150 = ORIENTED_EDGE('',*,*,#2422,.F.);
#3151 = ORIENTED_EDGE('',*,*,#2956,.T.);
#3152 = ORIENTED_EDGE('',*,*,#3153,.T.);
#3153 = EDGE_CURVE('',#2957,#3154,#3156,.T.);
#3154 = VERTEX_POINT('',#3155);
#3155 = CARTESIAN_POINT('',(-40.,44.35,17.));
#3156 = SURFACE_CURVE('',#3157,(#3161,#3168),.PCURVE_S1.);
#3157 = LINE('',#3158,#3159);
#3158 = CARTESIAN_POINT('',(-40.,15.65,17.));
#3159 = VECTOR('',#3160,1.);
#3160 = DIRECTION('',(-0.,1.,-0.));
#3161 = PCURVE('',#2438,#3162);
#3162 = DEFINITIONAL_REPRESENTATION('',(#3163),#3167);
#3163 = LINE('',#3164,#3165);
#3164 = CARTESIAN_POINT('',(-1.570796326795,0.));
#3165 = VECTOR('',#3166,1.);
#3166 = DIRECTION('',(-0.,1.));
#3167 = ( GEOMETRIC_REPRESENTATION_CONTEXT(2) 
PARAMETRIC_REPRESENTATION_CONTEXT() REPRESENTATION_CONTEXT('2D SPACE',''
  ) );
#3168 = PCURVE('',#2603,#3169);
#3169 = DEFINITIONAL_REPRESENTATION('',(#3170),#3174);
#3170 = LINE('',#3171,#3172);
#3171 = CARTESIAN_POINT('',(-6.,-0.));
#3172 = VECTOR('',#3173,1.);
#3173 = DIRECTION('',(-0.,-1.));
#3174 = ( GEOMETRIC_REPRESENTATION_CONTEXT(2) 
PARAMETRIC_REPRESENTATION_CONTEXT() REPRESENTATION_CONTEXT('2D SPACE',''
  ) );
#3175 = ORIENTED_EDGE('',*,*,#3176,.F.);
#3176 = EDGE_CURVE('',#2395,#3154,#3177,.T.);
#3177 = SURFACE_CURVE('',#3178,(#3183,#3190),.PCURVE_S1.);
#3178 = CIRCLE('',#3179,6.);
#3179 = AXIS2_PLACEMENT_3D('',#3180,#3181,#3182);
#3180 = CARTESIAN_POINT('',(-46.,44.35,17.));
#3181 = DIRECTION('',(0.,-1.,0.));
#3182 = DIRECTION('',(0.,-0.,-1.));
#3183 = PCURVE('',#2438,#3184);
#3184 = DEFINITIONAL_REPRESENTATION('',(#3185),#3189);
#3185 = LINE('',#3186,#3187);
#3186 = CARTESIAN_POINT('',(-0.,28.7));
#3187 = VECTOR('',#3188,1.);
#3188 = DIRECTION('',(-1.,0.));
#3189 = ( GEOMETRIC_REPRESENTATION_CONTEXT(2) 
PARAMETRIC_REPRESENTATION_CONTEXT() REPRESENTATION_CONTEXT('2D SPACE',''
  ) );
#3190 = PCURVE('',#2410,#3191);
#3191 = DEFINITIONAL_REPRESENTATION('',(#3192),#3200);
#3192 = ( BOUNDED_CURVE() B_SPLINE_CURVE(2,(#3193,#3194,#3195,#3196,
#3197,#3198,#3199),.UNSPECIFIED.,.T.,.F.) B_SPLINE_CURVE_WITH_KNOTS((1,2
    ,2,2,2,1),(-2.094395102393,0.,2.094395102393,4.188790204786,
6.28318530718,8.377580409573),.UNSPECIFIED.) CURVE() 
GEOMETRIC_REPRESENTATION_ITEM() RATIONAL_B_SPLINE_CURVE((1.,0.5,1.,0.5,
1.,0.5,1.)) REPRESENTATION_ITEM('') );
#3193 = CARTESIAN_POINT('',(-16.5,3.));
#3194 = CARTESIAN_POINT('',(-16.5,13.392304845413));
#3195 = CARTESIAN_POINT('',(-7.5,8.196152422707));
#3196 = CARTESIAN_POINT('',(1.5,3.));
#3197 = CARTESIAN_POINT('',(-7.5,-2.196152422707));
#3198 = CARTESIAN_POINT('',(-16.5,-7.392304845413));
#3199 = CARTESIAN_POINT('',(-16.5,3.));
#3200 = ( GEOMETRIC_REPRESENTATION_CONTEXT(2) 
PARAMETRIC_REPRESENTATION_CONTEXT() REPRESENTATION_CONTEXT('2D SPACE',''
  ) );
#3201 = ADVANCED_FACE('',(#3202,#3368),#2410,.T.);
#3202 = FACE_BOUND('',#3203,.F.);
#3203 = EDGE_LOOP('',(#3204,#3205,#3206,#3229,#3262,#3290,#3323,#3346));
#3204 = ORIENTED_EDGE('',*,*,#2394,.T.);
#3205 = ORIENTED_EDGE('',*,*,#3176,.T.);
#3206 = ORIENTED_EDGE('',*,*,#3207,.T.);
#3207 = EDGE_CURVE('',#3154,#3208,#3210,.T.);
#3208 = VERTEX_POINT('',#3209);
#3209 = CARTESIAN_POINT('',(-40.,44.35,38.));
#3210 = SURFACE_CURVE('',#3211,(#3215,#3222),.PCURVE_S1.);
#3211 = LINE('',#3212,#3213);
#3212 = CARTESIAN_POINT('',(-40.,44.35,11.));
#3213 = VECTOR('',#3214,1.);
#3214 = DIRECTION('',(-0.,-0.,1.));
#3215 = PCURVE('',#2410,#3216);
#3216 = DEFINITIONAL_REPRESENTATION('',(#3217),#3221);
#3217 = LINE('',#3218,#3219);
#3218 = CARTESIAN_POINT('',(-16.5,9.));
#3219 = VECTOR('',#3220,1.);
#3220 = DIRECTION('',(1.,-0.));
#3221 = ( GEOMETRIC_REPRESENTATION_CONTEXT(2) 
PARAMETRIC_REPRESENTATION_CONTEXT() REPRESENTATION_CONTEXT('2D SPACE',''
  ) );
#3222 = PCURVE('',#2603,#3223);
#3223 = DEFINITIONAL_REPRESENTATION('',(#3224),#3228);
#3224 = LINE('',#3225,#3226);
#3225 = CARTESIAN_POINT('',(-0.,-28.7));
#3226 = VECTOR('',#3227,1.);
#3227 = DIRECTION('',(-1.,-0.));
#3228 = ( GEOMETRIC_REPRESENTATION_CONTEXT(2) 
PARAMETRIC_REPRESENTATION_CONTEXT() REPRESENTATION_CONTEXT('2D SPACE',''
  ) );
#3229 = ORIENTED_EDGE('',*,*,#3230,.T.);
#3230 = EDGE_CURVE('',#3208,#3231,#3233,.T.);
#3231 = VERTEX_POINT('',#3232);
#3232 = CARTESIAN_POINT('',(-46.,44.35,44.));
#3233 = SURFACE_CURVE('',#3234,(#3239,#3250),.PCURVE_S1.);
#3234 = CIRCLE('',#3235,6.);
#3235 = AXIS2_PLACEMENT_3D('',#3236,#3237,#3238);
#3236 = CARTESIAN_POINT('',(-46.,44.35,38.));
#3237 = DIRECTION('',(0.,-1.,0.));
#3238 = DIRECTION('',(0.,-0.,-1.));
#3239 = PCURVE('',#2410,#3240);
#3240 = DEFINITIONAL_REPRESENTATION('',(#3241),#3249);
#3241 = ( BOUNDED_CURVE() B_SPLINE_CURVE(2,(#3242,#3243,#3244,#3245,
#3246,#3247,#3248),.UNSPECIFIED.,.T.,.F.) B_SPLINE_CURVE_WITH_KNOTS((1,2
    ,2,2,2,1),(-2.094395102393,0.,2.094395102393,4.188790204786,
6.28318530718,8.377580409573),.UNSPECIFIED.) CURVE() 
GEOMETRIC_REPRESENTATION_ITEM() RATIONAL_B_SPLINE_CURVE((1.,0.5,1.,0.5,
1.,0.5,1.)) REPRESENTATION_ITEM('') );
#3242 = CARTESIAN_POINT('',(4.5,3.));
#3243 = CARTESIAN_POINT('',(4.5,13.392304845413));
#3244 = CARTESIAN_POINT('',(13.5,8.196152422707));
#3245 = CARTESIAN_POINT('',(22.5,3.));
#3246 = CARTESIAN_POINT('',(13.5,-2.196152422707));
#3247 = CARTESIAN_POINT('',(4.5,-7.392304845413));
#3248 = CARTESIAN_POINT('',(4.5,3.));
#3249 = ( GEOMETRIC_REPRESENTATION_CONTEXT(2) 
PARAMETRIC_REPRESENTATION_CONTEXT() REPRESENTATION_CONTEXT('2D SPACE',''
  ) );
#3250 = PCURVE('',#3251,#3256);
#3251 = CYLINDRICAL_SURFACE('',#3252,6.);
#3252 = AXIS2_PLACEMENT_3D('',#3253,#3254,#3255);
#3253 = CARTESIAN_POINT('',(-46.,15.65,38.));
#3254 = DIRECTION('',(-0.,1.,-0.));
#3255 = DIRECTION('',(1.,-0.,-0.));
#3256 = DEFINITIONAL_REPRESENTATION('',(#3257),#3261);
#3257 = LINE('',#3258,#3259);
#3258 = CARTESIAN_POINT('',(1.570796326795,28.7));
#3259 = VECTOR('',#3260,1.);
#3260 = DIRECTION('',(-1.,0.));
#3261 = ( GEOMETRIC_REPRESENTATION_CONTEXT(2) 
PARAMETRIC_REPRESENTATION_CONTEXT() REPRESENTATION_CONTEXT('2D SPACE',''
  ) );
#3262 = ORIENTED_EDGE('',*,*,#3263,.T.);
#3263 = EDGE_CURVE('',#3231,#3264,#3266,.T.);
#3264 = VERTEX_POINT('',#3265);
#3265 = CARTESIAN_POINT('',(-52.,44.35,44.));
#3266 = SURFACE_CURVE('',#3267,(#3271,#3278),.PCURVE_S1.);
#3267 = LINE('',#3268,#3269);
#3268 = CARTESIAN_POINT('',(-40.,44.35,44.));
#3269 = VECTOR('',#3270,1.);
#3270 = DIRECTION('',(-1.,-0.,-0.));
#3271 = PCURVE('',#2410,#3272);
#3272 = DEFINITIONAL_REPRESENTATION('',(#3273),#3277);
#3273 = LINE('',#3274,#3275);
#3274 = CARTESIAN_POINT('',(16.5,9.));
#3275 = VECTOR('',#3276,1.);
#3276 = DIRECTION('',(-0.,-1.));
#3277 = ( GEOMETRIC_REPRESENTATION_CONTEXT(2) 
PARAMETRIC_REPRESENTATION_CONTEXT() REPRESENTATION_CONTEXT('2D SPACE',''
  ) );
#3278 = PCURVE('',#3279,#3284);
#3279 = PLANE('',#3280);
#3280 = AXIS2_PLACEMENT_3D('',#3281,#3282,#3283);
#3281 = CARTESIAN_POINT('',(-40.,15.65,44.));
#3282 = DIRECTION('',(-0.,0.,-1.));
#3283 = DIRECTION('',(1.,0.,0.));
#3284 = DEFINITIONAL_REPRESENTATION('',(#3285),#3289);
#3285 = LINE('',#3286,#3287);
#3286 = CARTESIAN_POINT('',(-0.,-28.7));
#3287 = VECTOR('',#3288,1.);
#3288 = DIRECTION('',(-1.,0.));
#3289 = ( GEOMETRIC_REPRESENTATION_CONTEXT(2) 
PARAMETRIC_REPRESENTATION_CONTEXT() REPRESENTATION_CONTEXT('2D SPACE',''
  ) );
#3290 = ORIENTED_EDGE('',*,*,#3291,.T.);
#3291 = EDGE_CURVE('',#3264,#3292,#3294,.T.);
#3292 = VERTEX_POINT('',#3293);
#3293 = CARTESIAN_POINT('',(-58.,44.35,38.));
#3294 = SURFACE_CURVE('',#3295,(#3300,#3311),.PCURVE_S1.);
#3295 = CIRCLE('',#3296,6.);
#3296 = AXIS2_PLACEMENT_3D('',#3297,#3298,#3299);
#3297 = CARTESIAN_POINT('',(-52.,44.35,38.));
#3298 = DIRECTION('',(0.,-1.,0.));
#3299 = DIRECTION('',(0.,-0.,-1.));
#3300 = PCURVE('',#2410,#3301);
#3301 = DEFINITIONAL_REPRESENTATION('',(#3302),#3310);
#3302 = ( BOUNDED_CURVE() B_SPLINE_CURVE(2,(#3303,#3304,#3305,#3306,
#3307,#3308,#3309),.UNSPECIFIED.,.T.,.F.) B_SPLINE_CURVE_WITH_KNOTS((1,2
    ,2,2,2,1),(-2.094395102393,0.,2.094395102393,4.188790204786,
6.28318530718,8.377580409573),.UNSPECIFIED.) CURVE() 
GEOMETRIC_REPRESENTATION_ITEM() RATIONAL_B_SPLINE_CURVE((1.,0.5,1.,0.5,
1.,0.5,1.)) REPRESENTATION_ITEM('') );
#3303 = CARTESIAN_POINT('',(4.5,-3.));
#3304 = CARTESIAN_POINT('',(4.5,7.392304845413));
#3305 = CARTESIAN_POINT('',(13.5,2.196152422707));
#3306 = CARTESIAN_POINT('',(22.5,-3.));
#3307 = CARTESIAN_POINT('',(13.5,-8.196152422707));
#3308 = CARTESIAN_POINT('',(4.5,-13.39230484541));
#3309 = CARTESIAN_POINT('',(4.5,-3.));
#3310 = ( GEOMETRIC_REPRESENTATION_CONTEXT(2) 
PARAMETRIC_REPRESENTATION_CONTEXT() REPRESENTATION_CONTEXT('2D SPACE',''
  ) );
#3311 = PCURVE('',#3312,#3317);
#3312 = CYLINDRICAL_SURFACE('',#3313,6.);
#3313 = AXIS2_PLACEMENT_3D('',#3314,#3315,#3316);
#3314 = CARTESIAN_POINT('',(-52.,15.65,38.));
#3315 = DIRECTION('',(-0.,1.,-0.));
#3316 = DIRECTION('',(-0.,-0.,1.));
#3317 = DEFINITIONAL_REPRESENTATION('',(#3318),#3322);
#3318 = LINE('',#3319,#3320);
#3319 = CARTESIAN_POINT('',(3.14159265359,28.7));
#3320 = VECTOR('',#3321,1.);
#3321 = DIRECTION('',(-1.,0.));
#3322 = ( GEOMETRIC_REPRESENTATION_CONTEXT(2) 
PARAMETRIC_REPRESENTATION_CONTEXT() REPRESENTATION_CONTEXT('2D SPACE',''
  ) );
#3323 = ORIENTED_EDGE('',*,*,#3324,.T.);
#3324 = EDGE_CURVE('',#3292,#3325,#3327,.T.);
#3325 = VERTEX_POINT('',#3326);
#3326 = CARTESIAN_POINT('',(-58.,44.35,17.));
#3327 = SURFACE_CURVE('',#3328,(#3332,#3339),.PCURVE_S1.);
#3328 = LINE('',#3329,#3330);
#3329 = CARTESIAN_POINT('',(-58.,44.35,44.));
#3330 = VECTOR('',#3331,1.);
#3331 = DIRECTION('',(-0.,-0.,-1.));
#3332 = PCURVE('',#2410,#3333);
#3333 = DEFINITIONAL_REPRESENTATION('',(#3334),#3338);
#3334 = LINE('',#3335,#3336);
#3335 = CARTESIAN_POINT('',(16.5,-9.));
#3336 = VECTOR('',#3337,1.);
#3337 = DIRECTION('',(-1.,0.));
#3338 = ( GEOMETRIC_REPRESENTATION_CONTEXT(2) 
PARAMETRIC_REPRESENTATION_CONTEXT() REPRESENTATION_CONTEXT('2D SPACE',''
  ) );
#3339 = PCURVE('',#2725,#3340);
#3340 = DEFINITIONAL_REPRESENTATION('',(#3341),#3345);
#3341 = LINE('',#3342,#3343);
#3342 = CARTESIAN_POINT('',(-0.,-28.7));
#3343 = VECTOR('',#3344,1.);
#3344 = DIRECTION('',(-1.,0.));
#3345 = ( GEOMETRIC_REPRESENTATION_CONTEXT(2) 
PARAMETRIC_REPRESENTATION_CONTEXT() REPRESENTATION_CONTEXT('2D SPACE',''
  ) );
#3346 = ORIENTED_EDGE('',*,*,#3347,.F.);
#3347 = EDGE_CURVE('',#2367,#3325,#3348,.T.);
#3348 = SURFACE_CURVE('',#3349,(#3354,#3361),.PCURVE_S1.);
#3349 = CIRCLE('',#3350,6.);
#3350 = AXIS2_PLACEMENT_3D('',#3351,#3352,#3353);
#3351 = CARTESIAN_POINT('',(-52.,44.35,17.));
#3352 = DIRECTION('',(0.,1.,-0.));
#3353 = DIRECTION('',(-0.,-0.,-1.));
#3354 = PCURVE('',#2410,#3355);
#3355 = DEFINITIONAL_REPRESENTATION('',(#3356),#3360);
#3356 = CIRCLE('',#3357,6.);
#3357 = AXIS2_PLACEMENT_2D('',#3358,#3359);
#3358 = CARTESIAN_POINT('',(-10.5,-3.));
#3359 = DIRECTION('',(-1.,0.));
#3360 = ( GEOMETRIC_REPRESENTATION_CONTEXT(2) 
PARAMETRIC_REPRESENTATION_CONTEXT() REPRESENTATION_CONTEXT('2D SPACE',''
  ) );
#3361 = PCURVE('',#2382,#3362);
#3362 = DEFINITIONAL_REPRESENTATION('',(#3363),#3367);
#3363 = LINE('',#3364,#3365);
#3364 = CARTESIAN_POINT('',(0.,28.7));
#3365 = VECTOR('',#3366,1.);
#3366 = DIRECTION('',(1.,0.));
#3367 = ( GEOMETRIC_REPRESENTATION_CONTEXT(2) 
PARAMETRIC_REPRESENTATION_CONTEXT() REPRESENTATION_CONTEXT('2D SPACE',''
  ) );
#3368 = FACE_BOUND('',#3369,.F.);
#3369 = EDGE_LOOP('',(#3370));
#3370 = ORIENTED_EDGE('',*,*,#3371,.T.);
#3371 = EDGE_CURVE('',#3372,#3372,#3374,.T.);
#3372 = VERTEX_POINT('',#3373);
#3373 = CARTESIAN_POINT('',(-55.,44.35,41.2));
#3374 = SURFACE_CURVE('',#3375,(#3380,#3387),.PCURVE_S1.);
#3375 = CIRCLE('',#3376,1.7);
#3376 = AXIS2_PLACEMENT_3D('',#3377,#3378,#3379);
#3377 = CARTESIAN_POINT('',(-55.,44.35,39.5));
#3378 = DIRECTION('',(0.,1.,0.));
#3379 = DIRECTION('',(-0.,-0.,1.));
#3380 = PCURVE('',#2410,#3381);
#3381 = DEFINITIONAL_REPRESENTATION('',(#3382),#3386);
#3382 = CIRCLE('',#3383,1.7);
#3383 = AXIS2_PLACEMENT_2D('',#3384,#3385);
#3384 = CARTESIAN_POINT('',(12.,-6.));
#3385 = DIRECTION('',(1.,-0.));
#3386 = ( GEOMETRIC_REPRESENTATION_CONTEXT(2) 
PARAMETRIC_REPRESENTATION_CONTEXT() REPRESENTATION_CONTEXT('2D SPACE',''
  ) );
#3387 = PCURVE('',#3388,#3393);
#3388 = CYLINDRICAL_SURFACE('',#3389,1.7);
#3389 = AXIS2_PLACEMENT_3D('',#3390,#3391,#3392);
#3390 = CARTESIAN_POINT('',(-55.,44.35,39.5));
#3391 = DIRECTION('',(-0.,-1.,-0.));
#3392 = DIRECTION('',(-0.,-0.,1.));
#3393 = DEFINITIONAL_REPRESENTATION('',(#3394),#3398);
#3394 = LINE('',#3395,#3396);
#3395 = CARTESIAN_POINT('',(-0.,0.));
#3396 = VECTOR('',#3397,1.);
#3397 = DIRECTION('',(-1.,0.));
#3398 = ( GEOMETRIC_REPRESENTATION_CONTEXT(2) 
PARAMETRIC_REPRESENTATION_CONTEXT() REPRESENTATION_CONTEXT('2D SPACE',''
  ) );
#3399 = ADVANCED_FACE('',(#3400),#2382,.T.);
#3400 = FACE_BOUND('',#3401,.T.);
#3401 = EDGE_LOOP('',(#3402,#3403,#3404,#3427,#3677,#3698));
#3402 = ORIENTED_EDGE('',*,*,#2366,.F.);
#3403 = ORIENTED_EDGE('',*,*,#2737,.T.);
#3404 = ORIENTED_EDGE('',*,*,#3405,.T.);
#3405 = EDGE_CURVE('',#2710,#3406,#3408,.T.);
#3406 = VERTEX_POINT('',#3407);
#3407 = CARTESIAN_POINT('',(-58.,27.57667583679,17.));
#3408 = SURFACE_CURVE('',#3409,(#3413,#3420),.PCURVE_S1.);
#3409 = LINE('',#3410,#3411);
#3410 = CARTESIAN_POINT('',(-58.,15.65,17.));
#3411 = VECTOR('',#3412,1.);
#3412 = DIRECTION('',(-0.,1.,-0.));
#3413 = PCURVE('',#2382,#3414);
#3414 = DEFINITIONAL_REPRESENTATION('',(#3415),#3419);
#3415 = LINE('',#3416,#3417);
#3416 = CARTESIAN_POINT('',(1.570796326795,0.));
#3417 = VECTOR('',#3418,1.);
#3418 = DIRECTION('',(0.,1.));
#3419 = ( GEOMETRIC_REPRESENTATION_CONTEXT(2) 
PARAMETRIC_REPRESENTATION_CONTEXT() REPRESENTATION_CONTEXT('2D SPACE',''
  ) );
#3420 = PCURVE('',#2725,#3421);
#3421 = DEFINITIONAL_REPRESENTATION('',(#3422),#3426);
#3422 = LINE('',#3423,#3424);
#3423 = CARTESIAN_POINT('',(-27.,0.));
#3424 = VECTOR('',#3425,1.);
#3425 = DIRECTION('',(-0.,-1.));
#3426 = ( GEOMETRIC_REPRESENTATION_CONTEXT(2) 
PARAMETRIC_REPRESENTATION_CONTEXT() REPRESENTATION_CONTEXT('2D SPACE',''
  ) );
#3427 = ORIENTED_EDGE('',*,*,#3428,.F.);
#3428 = EDGE_CURVE('',#3429,#3406,#3431,.T.);
#3429 = VERTEX_POINT('',#3430);
#3430 = CARTESIAN_POINT('',(-58.,32.42332416321,17.));
#3431 = SURFACE_CURVE('',#3432,(#3510,#3591),.PCURVE_S1.);
#3432 = B_SPLINE_CURVE_WITH_KNOTS('',6,(#3433,#3434,#3435,#3436,#3437,
    #3438,#3439,#3440,#3441,#3442,#3443,#3444,#3445,#3446,#3447,#3448,
    #3449,#3450,#3451,#3452,#3453,#3454,#3455,#3456,#3457,#3458,#3459,
    #3460,#3461,#3462,#3463,#3464,#3465,#3466,#3467,#3468,#3469,#3470,
    #3471,#3472,#3473,#3474,#3475,#3476,#3477,#3478,#3479,#3480,#3481,
    #3482,#3483,#3484,#3485,#3486,#3487,#3488,#3489,#3490,#3491,#3492,
    #3493,#3494,#3495,#3496,#3497,#3498,#3499,#3500,#3501,#3502,#3503,
    #3504,#3505,#3506,#3507,#3508,#3509),.UNSPECIFIED.,.F.,.F.,(7,5,5,5,
    5,5,5,5,5,5,5,5,5,5,5,7),(0.,8.460773702904E-02,0.140331781158,
    0.173904707533,0.213893961546,0.317043884578,0.417328619702,
    0.499373521622,0.554545677581,0.684892224871,0.757056241234,
    0.825169146012,0.859547835668,0.91653357536,0.968546147946,1.),
  .UNSPECIFIED.);
#3433 = CARTESIAN_POINT('',(-58.,32.423324163211,17.));
#3434 = CARTESIAN_POINT('',(-58.,32.522899675311,16.839130836974));
#3435 = CARTESIAN_POINT('',(-57.9948242171,32.612887021279,
    16.665117005634));
#3436 = CARTESIAN_POINT('',(-57.98288682619,32.689859541587,
    16.480011204995));
#3437 = CARTESIAN_POINT('',(-57.96279190143,32.751463881022,
    16.286407936223));
#3438 = CARTESIAN_POINT('',(-57.93371459072,32.796289338742,
    16.087178863273));
#3439 = CARTESIAN_POINT('',(-57.8704054799,32.841976551998,
    15.752342306449));
#3440 = CARTESIAN_POINT('',(-57.84146334405,32.852520971374,
    15.618978636448));
#3441 = CARTESIAN_POINT('',(-57.80878871344,32.855468584293,
    15.486197806691));
#3442 = CARTESIAN_POINT('',(-57.77262041792,32.851034069413,
    15.354987117569));
#3443 = CARTESIAN_POINT('',(-57.73336338153,32.839645721738,
    15.226311942188));
#3444 = CARTESIAN_POINT('',(-57.66641613557,32.811280574739,
    15.0256511823));
#3445 = CARTESIAN_POINT('',(-57.64030891993,32.798315685205,
    14.951397875573));
#3446 = CARTESIAN_POINT('',(-57.61334604776,32.783166057864,
    14.87841896668));
#3447 = CARTESIAN_POINT('',(-57.58561458353,32.765950901342,
    14.806793369256));
#3448 = CARTESIAN_POINT('',(-57.55720721151,32.746792907799,
    14.736593506911));
#3449 = CARTESIAN_POINT('',(-57.49369776367,32.700835003293,
    14.586045875723));
#3450 = CARTESIAN_POINT('',(-57.45834803131,32.673270547694,
    14.506309835809));
#3451 = CARTESIAN_POINT('',(-57.42230036683,32.643310002312,
    14.428701781099));
#3452 = CARTESIAN_POINT('',(-57.38568010446,32.611124729949,
    14.353236187754));
#3453 = CARTESIAN_POINT('',(-57.34860924012,32.576873084241,
    14.279918416378));
#3454 = CARTESIAN_POINT('',(-57.21472327954,32.447397792028,
    14.025159902633));
#3455 = CARTESIAN_POINT('',(-57.11597527678,32.341270739103,
    13.855754183723));
#3456 = CARTESIAN_POINT('',(-57.016723625,32.22456070038,13.70003425335)
  );
#3457 = CARTESIAN_POINT('',(-56.91845252821,32.098706612039,
    13.557319441379));
#3458 = CARTESIAN_POINT('',(-56.82248435278,31.964548187766,
    13.42702999059));
#3459 = CARTESIAN_POINT('',(-56.64061146229,31.684324277123,
    13.193956868651));
#3460 = CARTESIAN_POINT('',(-56.55440407296,31.538544027397,
    13.090385740909));
#3461 = CARTESIAN_POINT('',(-56.47320575284,31.38576961562,
    12.998174434118));
#3462 = CARTESIAN_POINT('',(-56.39871208677,31.226480431071,
    12.917509644549));
#3463 = CARTESIAN_POINT('',(-56.33278996736,31.061010832778,
    12.848714306617));
#3464 = CARTESIAN_POINT('',(-56.23205929431,30.749334107442,
    12.746313140966));
#3465 = CARTESIAN_POINT('',(-56.19370090188,30.604875406025,
    12.708510018624));
#3466 = CARTESIAN_POINT('',(-56.16374414588,30.457318875178,
    12.679694283903));
#3467 = CARTESIAN_POINT('',(-56.14324824907,30.30763572986,
    12.660217426264));
#3468 = CARTESIAN_POINT('',(-56.13279720681,30.156699369467,
    12.650288812213));
#3469 = CARTESIAN_POINT('',(-56.13229757723,29.903563025031,
    12.649814163745));
#3470 = CARTESIAN_POINT('',(-56.1366877691,29.801833037475,
    12.653985405755));
#3471 = CARTESIAN_POINT('',(-56.14566360612,29.700461871229,
    12.662509173058));
#3472 = CARTESIAN_POINT('',(-56.15910085196,29.599773067084,
    12.675339884649));
#3473 = CARTESIAN_POINT('',(-56.17676271894,29.500105938792,
    12.692383197141));
#3474 = CARTESIAN_POINT('',(-56.24920329952,29.16960085481,
    12.763333050123));
#3475 = CARTESIAN_POINT('',(-56.32147788095,28.946394601392,
    12.835540491586));
#3476 = CARTESIAN_POINT('',(-56.41104849783,28.73269387683,
    12.928425267958));
#3477 = CARTESIAN_POINT('',(-56.51359930921,28.529401131362,
    13.041186199147));
#3478 = CARTESIAN_POINT('',(-56.62511862035,28.337827186269,
    13.17316909206));
#3479 = CARTESIAN_POINT('',(-56.80662118073,28.060986304084,
    13.40729397739));
#3480 = CARTESIAN_POINT('',(-56.87307775079,27.966204545453,
    13.496656106681));
#3481 = CARTESIAN_POINT('',(-56.94081618584,27.875445782866,
    13.592054567786));
#3482 = CARTESIAN_POINT('',(-57.00936537852,27.788963949407,
    13.693658959563));
#3483 = CARTESIAN_POINT('',(-57.07824290974,27.707143915744,
    13.801671721659));
#3484 = CARTESIAN_POINT('',(-57.21173787387,27.558220603528,
    14.024484116004));
#3485 = CARTESIAN_POINT('',(-57.2764260046,27.490494563112,
    14.138643734357));
#3486 = CARTESIAN_POINT('',(-57.34049825139,27.427871603981,
    14.258892738089));
#3487 = CARTESIAN_POINT('',(-57.40342715208,27.370982067403,
    14.385325901739));
#3488 = CARTESIAN_POINT('',(-57.4646433116,27.320585517322,
    14.517981647793));
#3489 = CARTESIAN_POINT('',(-57.55326212343,27.255885062348,
    14.726880273213));
#3490 = CARTESIAN_POINT('',(-57.58239285385,27.23606965184,
    14.798516306435));
#3491 = CARTESIAN_POINT('',(-57.61082468223,27.218276253411,
    14.871648508726));
#3492 = CARTESIAN_POINT('',(-57.63845820286,27.202635708538,
    14.94620111168));
#3493 = CARTESIAN_POINT('',(-57.665199988,27.189275285986,15.02209125077
    ));
#3494 = CARTESIAN_POINT('',(-57.73366932125,27.160158666329,
    15.227090373739));
#3495 = CARTESIAN_POINT('',(-57.77375222973,27.1485768824,
    15.358572390513));
#3496 = CARTESIAN_POINT('',(-57.8106059759,27.144261485747,
    15.492689624094));
#3497 = CARTESIAN_POINT('',(-57.84379619992,27.147663770467,
    15.628411714127));
#3498 = CARTESIAN_POINT('',(-57.87307896118,27.159006047189,
    15.76468017779));
#3499 = CARTESIAN_POINT('',(-57.92148658577,27.195857294677,
    16.024354239117));
#3500 = CARTESIAN_POINT('',(-57.94121288004,27.219996453646,
    16.147510451134));
#3501 = CARTESIAN_POINT('',(-57.95753875131,27.250602997143,
    16.269067367659));
#3502 = CARTESIAN_POINT('',(-57.97057135703,27.287412784424,
    16.388202218042));
#3503 = CARTESIAN_POINT('',(-57.98052717804,27.329974258434,
    16.504129393738));
#3504 = CARTESIAN_POINT('',(-57.99204882022,27.406462489393,
    16.68384140844));
#3505 = CARTESIAN_POINT('',(-57.99537770504,27.437167950185,
    16.75016061596));
#3506 = CARTESIAN_POINT('',(-57.99776363301,27.469653085683,
    16.815001615615));
#3507 = CARTESIAN_POINT('',(-57.99927953678,27.503810133175,
    16.878295833512));
#3508 = CARTESIAN_POINT('',(-58.,27.539524794584,16.939980654489));
#3509 = CARTESIAN_POINT('',(-58.,27.576675836789,17.));
#3510 = PCURVE('',#2382,#3511);
#3511 = DEFINITIONAL_REPRESENTATION('',(#3512),#3590);
#3512 = B_SPLINE_CURVE_WITH_KNOTS('',6,(#3513,#3514,#3515,#3516,#3517,
    #3518,#3519,#3520,#3521,#3522,#3523,#3524,#3525,#3526,#3527,#3528,
    #3529,#3530,#3531,#3532,#3533,#3534,#3535,#3536,#3537,#3538,#3539,
    #3540,#3541,#3542,#3543,#3544,#3545,#3546,#3547,#3548,#3549,#3550,
    #3551,#3552,#3553,#3554,#3555,#3556,#3557,#3558,#3559,#3560,#3561,
    #3562,#3563,#3564,#3565,#3566,#3567,#3568,#3569,#3570,#3571,#3572,
    #3573,#3574,#3575,#3576,#3577,#3578,#3579,#3580,#3581,#3582,#3583,
    #3584,#3585,#3586,#3587,#3588,#3589),.UNSPECIFIED.,.F.,.F.,(7,5,5,5,
    5,5,5,5,5,5,5,5,5,5,5,7),(0.,8.460773702904E-02,0.140331781158,
    0.173904707533,0.213893961546,0.317043884578,0.417328619702,
    0.499373521622,0.554545677581,0.684892224871,0.757056241234,
    0.825169146012,0.859547835668,0.91653357536,0.968546147946,1.),
  .UNSPECIFIED.);
#3513 = CARTESIAN_POINT('',(1.570796326795,16.773324163211));
#3514 = CARTESIAN_POINT('',(1.543984799624,16.872899675311));
#3515 = CARTESIAN_POINT('',(1.514982476834,16.962887021279));
#3516 = CARTESIAN_POINT('',(1.484096899735,17.039859541587));
#3517 = CARTESIAN_POINT('',(1.451697071048,17.101463881021));
#3518 = CARTESIAN_POINT('',(1.418169926208,17.146289338742));
#3519 = CARTESIAN_POINT('',(1.361375080174,17.191976551998));
#3520 = CARTESIAN_POINT('',(1.338638604282,17.202520971374));
#3521 = CARTESIAN_POINT('',(1.315861355915,17.205468584293));
#3522 = CARTESIAN_POINT('',(1.293190052341,17.201034069413));
#3523 = CARTESIAN_POINT('',(1.270775849452,17.189645721738));
#3524 = CARTESIAN_POINT('',(1.235520166576,17.161280574739));
#3525 = CARTESIAN_POINT('',(1.22240367815,17.148315685205));
#3526 = CARTESIAN_POINT('',(1.209439306769,17.133166057864));
#3527 = CARTESIAN_POINT('',(1.196640411429,17.115950901342));
#3528 = CARTESIAN_POINT('',(1.184020161778,17.096792907799));
#3529 = CARTESIAN_POINT('',(1.156787604046,17.050835003293));
#3530 = CARTESIAN_POINT('',(1.14225321112,17.023270547694));
#3531 = CARTESIAN_POINT('',(1.127994538983,16.993310002312));
#3532 = CARTESIAN_POINT('',(1.114017162965,16.961124729949));
#3533 = CARTESIAN_POINT('',(1.10032605268,16.926873084241));
#3534 = CARTESIAN_POINT('',(1.052359817227,16.797397792028));
#3535 = CARTESIAN_POINT('',(1.019710403004,16.691270739103));
#3536 = CARTESIAN_POINT('',(0.988966642041,16.574560700379));
#3537 = CARTESIAN_POINT('',(0.960110393525,16.448706612039));
#3538 = CARTESIAN_POINT('',(0.933151055791,16.314548187766));
#3539 = CARTESIAN_POINT('',(0.883878337267,16.034324277123));
#3540 = CARTESIAN_POINT('',(0.861430453944,15.888544027397));
#3541 = CARTESIAN_POINT('',(0.840963081796,15.73576961562));
#3542 = CARTESIAN_POINT('',(0.822668044699,15.576480431071));
#3543 = CARTESIAN_POINT('',(0.806789185139,15.411010832778));
#3544 = CARTESIAN_POINT('',(0.782849058887,15.099334107442));
#3545 = CARTESIAN_POINT('',(0.773874197455,14.954875406025));
#3546 = CARTESIAN_POINT('',(0.766946795014,14.807318875178));
#3547 = CARTESIAN_POINT('',(0.762234360276,14.65763572986));
#3548 = CARTESIAN_POINT('',(0.759831820547,14.506699369467));
#3549 = CARTESIAN_POINT('',(0.759716963041,14.253563025031));
#3550 = CARTESIAN_POINT('',(0.76072626084,14.151833037475));
#3551 = CARTESIAN_POINT('',(0.76278931737,14.050461871229));
#3552 = CARTESIAN_POINT('',(0.765885815404,13.949773067084));
#3553 = CARTESIAN_POINT('',(0.76997640288,13.850105938792));
#3554 = CARTESIAN_POINT('',(0.78687604074,13.51960085481));
#3555 = CARTESIAN_POINT('',(0.803902561394,13.296394601392));
#3556 = CARTESIAN_POINT('',(0.825403012503,13.08269387683));
#3557 = CARTESIAN_POINT('',(0.850785559754,12.879401131362));
#3558 = CARTESIAN_POINT('',(0.8795582355,12.687827186269));
#3559 = CARTESIAN_POINT('',(0.928931429238,12.410986304084));
#3560 = CARTESIAN_POINT('',(0.947488456134,12.316204545453));
#3561 = CARTESIAN_POINT('',(0.966981351962,12.225445782866));
#3562 = CARTESIAN_POINT('',(0.987399371444,12.138963949407));
#3563 = CARTESIAN_POINT('',(1.008741913623,12.057143915744));
#3564 = CARTESIAN_POINT('',(1.052032363083,11.908220603528));
#3565 = CARTESIAN_POINT('',(1.073894858612,11.840494563112));
#3566 = CARTESIAN_POINT('',(1.096591863697,11.777871603981));
#3567 = CARTESIAN_POINT('',(1.120115269242,11.720982067403));
#3568 = CARTESIAN_POINT('',(1.14445331631,11.670585517322));
#3569 = CARTESIAN_POINT('',(1.182273038352,11.605885062348));
#3570 = CARTESIAN_POINT('',(1.195160348086,11.58606965184));
#3571 = CARTESIAN_POINT('',(1.20823539767,11.568276253411));
#3572 = CARTESIAN_POINT('',(1.221484359756,11.552635708538));
#3573 = CARTESIAN_POINT('',(1.234893193401,11.539275285986));
#3574 = CARTESIAN_POINT('',(1.270915057908,11.510158666329));
#3575 = CARTESIAN_POINT('',(1.293816390798,11.4985768824));
#3576 = CARTESIAN_POINT('',(1.316984196774,11.494261485747));
#3577 = CARTESIAN_POINT('',(1.340257122398,11.497663770467));
#3578 = CARTESIAN_POINT('',(1.363478301514,11.509006047189));
#3579 = CARTESIAN_POINT('',(1.407502889418,11.545857294677));
#3580 = CARTESIAN_POINT('',(1.428283773832,11.569996453646));
#3581 = CARTESIAN_POINT('',(1.44871559516,11.600602997143));
#3582 = CARTESIAN_POINT('',(1.468681366576,11.637412784424));
#3583 = CARTESIAN_POINT('',(1.488069175095,11.679974258434));
#3584 = CARTESIAN_POINT('',(1.518082670424,11.756462489393));
#3585 = CARTESIAN_POINT('',(1.529148721622,11.787167950185));
#3586 = CARTESIAN_POINT('',(1.539961462304,11.819653085683));
#3587 = CARTESIAN_POINT('',(1.550512298601,11.853810133175));
#3588 = CARTESIAN_POINT('',(1.560793102543,11.889524794584));
#3589 = CARTESIAN_POINT('',(1.570796326795,11.926675836789));
#3590 = ( GEOMETRIC_REPRESENTATION_CONTEXT(2) 
PARAMETRIC_REPRESENTATION_CONTEXT() REPRESENTATION_CONTEXT('2D SPACE',''
  ) );
#3591 = PCURVE('',#3592,#3597);
#3592 = CYLINDRICAL_SURFACE('',#3593,2.85);
#3593 = AXIS2_PLACEMENT_3D('',#3594,#3595,#3596);
#3594 = CARTESIAN_POINT('',(-58.5,30.,15.5));
#3595 = DIRECTION('',(1.,-0.,-0.));
#3596 = DIRECTION('',(-0.,-0.,1.));
#3597 = DEFINITIONAL_REPRESENTATION('',(#3598),#3676);
#3598 = B_SPLINE_CURVE_WITH_KNOTS('',6,(#3599,#3600,#3601,#3602,#3603,
    #3604,#3605,#3606,#3607,#3608,#3609,#3610,#3611,#3612,#3613,#3614,
    #3615,#3616,#3617,#3618,#3619,#3620,#3621,#3622,#3623,#3624,#3625,
    #3626,#3627,#3628,#3629,#3630,#3631,#3632,#3633,#3634,#3635,#3636,
    #3637,#3638,#3639,#3640,#3641,#3642,#3643,#3644,#3645,#3646,#3647,
    #3648,#3649,#3650,#3651,#3652,#3653,#3654,#3655,#3656,#3657,#3658,
    #3659,#3660,#3661,#3662,#3663,#3664,#3665,#3666,#3667,#3668,#3669,
    #3670,#3671,#3672,#3673,#3674,#3675),.UNSPECIFIED.,.F.,.F.,(7,5,5,5,
    5,5,5,5,5,5,5,5,5,5,5,7),(0.,8.460773702904E-02,0.140331781158,
    0.173904707533,0.213893961546,0.317043884578,0.417328619702,
    0.499373521622,0.554545677581,0.684892224871,0.757056241234,
    0.825169146012,0.859547835668,0.91653357536,0.968546147946,1.),
  .UNSPECIFIED.);
#3599 = CARTESIAN_POINT('',(-1.016534492343,0.5));
#3600 = CARTESIAN_POINT('',(-1.082918167077,0.5));
#3601 = CARTESIAN_POINT('',(-1.15145279547,0.505175782891));
#3602 = CARTESIAN_POINT('',(-1.221420045878,0.517113173809));
#3603 = CARTESIAN_POINT('',(-1.292307601583,0.537208098563));
#3604 = CARTESIAN_POINT('',(-1.363697062451,0.566285409278));
#3605 = CARTESIAN_POINT('',(-1.482272188338,0.629594520094));
#3606 = CARTESIAN_POINT('',(-1.529137017394,0.65853665595));
#3607 = CARTESIAN_POINT('',(-1.575626836736,0.691211286554));
#3608 = CARTESIAN_POINT('',(-1.62158744023,0.72737958208));
#3609 = CARTESIAN_POINT('',(-1.666851510219,0.766636618461));
#3610 = CARTESIAN_POINT('',(-1.737958764184,0.833583864428));
#3611 = CARTESIAN_POINT('',(-1.764392808837,0.859691080061));
#3612 = CARTESIAN_POINT('',(-1.790525781351,0.886653952238));
#3613 = CARTESIAN_POINT('',(-1.816354964102,0.914385416466));
#3614 = CARTESIAN_POINT('',(-1.841875888662,0.942792788482));
#3615 = CARTESIAN_POINT('',(-1.897106141459,1.006302236327));
#3616 = CARTESIAN_POINT('',(-1.926688511428,1.041651968683));
#3617 = CARTESIAN_POINT('',(-1.9558509091,1.077699633161));
#3618 = CARTESIAN_POINT('',(-1.984612554673,1.114319895533));
#3619 = CARTESIAN_POINT('',(-2.012991263016,1.151390759876));
#3620 = CARTESIAN_POINT('',(-2.113262211199,1.28527672046));
#3621 = CARTESIAN_POINT('',(-2.183123390768,1.384024723213));
#3622 = CARTESIAN_POINT('',(-2.251064357616,1.483276374992));
#3623 = CARTESIAN_POINT('',(-2.317526572412,1.581547471787));
#3624 = CARTESIAN_POINT('',(-2.382950958729,1.677515647212));
#3625 = CARTESIAN_POINT('',(-2.510840049773,1.859388537706));
#3626 = CARTESIAN_POINT('',(-2.573404710564,1.945595927035));
#3627 = CARTESIAN_POINT('',(-2.635757739159,2.026794247151));
#3628 = CARTESIAN_POINT('',(-2.69814707935,2.101287913227));
#3629 = CARTESIAN_POINT('',(-2.760840434805,2.167210032635));
#3630 = CARTESIAN_POINT('',(-2.87595188927,2.267940705686));
#3631 = CARTESIAN_POINT('',(-2.928246880141,2.306299098117));
#3632 = CARTESIAN_POINT('',(-2.980840752699,2.336255854119));
#3633 = CARTESIAN_POINT('',(-3.033643830325,2.35675175093));
#3634 = CARTESIAN_POINT('',(-3.086610324231,2.367202793188));
#3635 = CARTESIAN_POINT('',(-3.175430250349,2.367702422765));
#3636 = CARTESIAN_POINT('',(-3.211122221674,2.363312230897));
#3637 = CARTESIAN_POINT('',(-3.246767243741,2.354336393875));
#3638 = CARTESIAN_POINT('',(-3.282333730686,2.340899148039));
#3639 = CARTESIAN_POINT('',(-3.31778080184,2.323237281059));
#3640 = CARTESIAN_POINT('',(-3.436389486034,2.250796700475));
#3641 = CARTESIAN_POINT('',(-3.518281301332,2.178522119042));
#3642 = CARTESIAN_POINT('',(-3.59947308508,2.088951502161));
#3643 = CARTESIAN_POINT('',(-3.680472600594,1.986400690787));
#3644 = CARTESIAN_POINT('',(-3.761702760406,1.874881379648));
#3645 = CARTESIAN_POINT('',(-3.888919496714,1.693378819266));
#3646 = CARTESIAN_POINT('',(-3.934560118845,1.626922249205));
#3647 = CARTESIAN_POINT('',(-3.980658619178,1.559183814158));
#3648 = CARTESIAN_POINT('',(-4.027363761708,1.490634621475));
#3649 = CARTESIAN_POINT('',(-4.074826053458,1.421757090253));
#3650 = CARTESIAN_POINT('',(-4.168860824337,1.288262126124));
#3651 = CARTESIAN_POINT('',(-4.215367968107,1.223573995394));
#3652 = CARTESIAN_POINT('',(-4.262828436342,1.159501748602));
#3653 = CARTESIAN_POINT('',(-4.311348801601,1.096572847918));
#3654 = CARTESIAN_POINT('',(-4.361042716449,1.035356688392));
#3655 = CARTESIAN_POINT('',(-4.437775623379,0.946737876561));
#3656 = CARTESIAN_POINT('',(-4.46384284098,0.917607146149));
#3657 = CARTESIAN_POINT('',(-4.490232327362,0.889175317768));
#3658 = CARTESIAN_POINT('',(-4.516939690106,0.861541797139));
#3659 = CARTESIAN_POINT('',(-4.543962435106,0.834800011995));
#3660 = CARTESIAN_POINT('',(-4.616613858751,0.766330678748));
#3661 = CARTESIAN_POINT('',(-4.662860936658,0.726247770267));
#3662 = CARTESIAN_POINT('',(-4.709832441207,0.689394024098));
#3663 = CARTESIAN_POINT('',(-4.757350045458,0.656203800077));
#3664 = CARTESIAN_POINT('',(-4.805248396774,0.626921038816));
#3665 = CARTESIAN_POINT('',(-4.897275018217,0.578513414223));
#3666 = CARTESIAN_POINT('',(-4.941249172789,0.558787119953));
#3667 = CARTESIAN_POINT('',(-4.985138807653,0.542461248681));
#3668 = CARTESIAN_POINT('',(-5.028800046566,0.52942864297));
#3669 = CARTESIAN_POINT('',(-5.072075674291,0.51947282196));
#3670 = CARTESIAN_POINT('',(-5.14060627279,0.50795117978));
#3671 = CARTESIAN_POINT('',(-5.166236791156,0.504622294956));
#3672 = CARTESIAN_POINT('',(-5.191665608613,0.502236366983));
#3673 = CARTESIAN_POINT('',(-5.216884462954,0.500720463217));
#3674 = CARTESIAN_POINT('',(-5.241883453366,0.5));
#3675 = CARTESIAN_POINT('',(-5.266650814837,0.5));
#3676 = ( GEOMETRIC_REPRESENTATION_CONTEXT(2) 
PARAMETRIC_REPRESENTATION_CONTEXT() REPRESENTATION_CONTEXT('2D SPACE',''
  ) );
#3677 = ORIENTED_EDGE('',*,*,#3678,.T.);
#3678 = EDGE_CURVE('',#3429,#3325,#3679,.T.);
#3679 = SURFACE_CURVE('',#3680,(#3684,#3691),.PCURVE_S1.);
#3680 = LINE('',#3681,#3682);
#3681 = CARTESIAN_POINT('',(-58.,15.65,17.));
#3682 = VECTOR('',#3683,1.);
#3683 = DIRECTION('',(-0.,1.,-0.));
#3684 = PCURVE('',#2382,#3685);
#3685 = DEFINITIONAL_REPRESENTATION('',(#3686),#3690);
#3686 = LINE('',#3687,#3688);
#3687 = CARTESIAN_POINT('',(1.570796326795,0.));
#3688 = VECTOR('',#3689,1.);
#3689 = DIRECTION('',(0.,1.));
#3690 = ( GEOMETRIC_REPRESENTATION_CONTEXT(2) 
PARAMETRIC_REPRESENTATION_CONTEXT() REPRESENTATION_CONTEXT('2D SPACE',''
  ) );
#3691 = PCURVE('',#2725,#3692);
#3692 = DEFINITIONAL_REPRESENTATION('',(#3693),#3697);
#3693 = LINE('',#3694,#3695);
#3694 = CARTESIAN_POINT('',(-27.,0.));
#3695 = VECTOR('',#3696,1.);
#3696 = DIRECTION('',(-0.,-1.));
#3697 = ( GEOMETRIC_REPRESENTATION_CONTEXT(2) 
PARAMETRIC_REPRESENTATION_CONTEXT() REPRESENTATION_CONTEXT('2D SPACE',''
  ) );
#3698 = ORIENTED_EDGE('',*,*,#3347,.F.);
#3699 = ADVANCED_FACE('',(#3700),#2725,.F.);
#3700 = FACE_BOUND('',#3701,.T.);
#3701 = EDGE_LOOP('',(#3702,#3703,#3726,#3754,#3782,#3810,#3831,#3832,
    #3833,#3861,#3887));
#3702 = ORIENTED_EDGE('',*,*,#2709,.F.);
#3703 = ORIENTED_EDGE('',*,*,#3704,.T.);
#3704 = EDGE_CURVE('',#2677,#3705,#3707,.T.);
#3705 = VERTEX_POINT('',#3706);
#3706 = CARTESIAN_POINT('',(-58.,23.65,38.));
#3707 = SURFACE_CURVE('',#3708,(#3712,#3719),.PCURVE_S1.);
#3708 = LINE('',#3709,#3710);
#3709 = CARTESIAN_POINT('',(-58.,15.65,38.));
#3710 = VECTOR('',#3711,1.);
#3711 = DIRECTION('',(-0.,1.,-0.));
#3712 = PCURVE('',#2725,#3713);
#3713 = DEFINITIONAL_REPRESENTATION('',(#3714),#3718);
#3714 = LINE('',#3715,#3716);
#3715 = CARTESIAN_POINT('',(-6.,0.));
#3716 = VECTOR('',#3717,1.);
#3717 = DIRECTION('',(-0.,-1.));
#3718 = ( GEOMETRIC_REPRESENTATION_CONTEXT(2) 
PARAMETRIC_REPRESENTATION_CONTEXT() REPRESENTATION_CONTEXT('2D SPACE',''
  ) );
#3719 = PCURVE('',#2697,#3720);
#3720 = DEFINITIONAL_REPRESENTATION('',(#3721),#3725);
#3721 = LINE('',#3722,#3723);
#3722 = CARTESIAN_POINT('',(-1.570796326795,0.));
#3723 = VECTOR('',#3724,1.);
#3724 = DIRECTION('',(-0.,1.));
#3725 = ( GEOMETRIC_REPRESENTATION_CONTEXT(2) 
PARAMETRIC_REPRESENTATION_CONTEXT() REPRESENTATION_CONTEXT('2D SPACE',''
  ) );
#3726 = ORIENTED_EDGE('',*,*,#3727,.F.);
#3727 = EDGE_CURVE('',#3728,#3705,#3730,.T.);
#3728 = VERTEX_POINT('',#3729);
#3729 = CARTESIAN_POINT('',(-58.,23.65,33.453306688776));
#3730 = SURFACE_CURVE('',#3731,(#3735,#3742),.PCURVE_S1.);
#3731 = LINE('',#3732,#3733);
#3732 = CARTESIAN_POINT('',(-58.,23.65,41.75));
#3733 = VECTOR('',#3734,1.);
#3734 = DIRECTION('',(-0.,-0.,1.));
#3735 = PCURVE('',#2725,#3736);
#3736 = DEFINITIONAL_REPRESENTATION('',(#3737),#3741);
#3737 = LINE('',#3738,#3739);
#3738 = CARTESIAN_POINT('',(-2.25,-8.));
#3739 = VECTOR('',#3740,1.);
#3740 = DIRECTION('',(1.,-0.));
#3741 = ( GEOMETRIC_REPRESENTATION_CONTEXT(2) 
PARAMETRIC_REPRESENTATION_CONTEXT() REPRESENTATION_CONTEXT('2D SPACE',''
  ) );
#3742 = PCURVE('',#3743,#3748);
#3743 = PLANE('',#3744);
#3744 = AXIS2_PLACEMENT_3D('',#3745,#3746,#3747);
#3745 = CARTESIAN_POINT('',(-55.,23.65,39.5));
#3746 = DIRECTION('',(-0.,-1.,-0.));
#3747 = DIRECTION('',(0.,0.,-1.));
#3748 = DEFINITIONAL_REPRESENTATION('',(#3749),#3753);
#3749 = LINE('',#3750,#3751);
#3750 = CARTESIAN_POINT('',(-2.25,-3.));
#3751 = VECTOR('',#3752,1.);
#3752 = DIRECTION('',(-1.,0.));
#3753 = ( GEOMETRIC_REPRESENTATION_CONTEXT(2) 
PARAMETRIC_REPRESENTATION_CONTEXT() REPRESENTATION_CONTEXT('2D SPACE',''
  ) );
#3754 = ORIENTED_EDGE('',*,*,#3755,.F.);
#3755 = EDGE_CURVE('',#3756,#3728,#3758,.T.);
#3756 = VERTEX_POINT('',#3757);
#3757 = CARTESIAN_POINT('',(-58.,36.35,33.453306688776));
#3758 = SURFACE_CURVE('',#3759,(#3763,#3770),.PCURVE_S1.);
#3759 = LINE('',#3760,#3761);
#3760 = CARTESIAN_POINT('',(-58.,36.35,33.453306688776));
#3761 = VECTOR('',#3762,1.);
#3762 = DIRECTION('',(-0.,-1.,-0.));
#3763 = PCURVE('',#2725,#3764);
#3764 = DEFINITIONAL_REPRESENTATION('',(#3765),#3769);
#3765 = LINE('',#3766,#3767);
#3766 = CARTESIAN_POINT('',(-10.54669331122,-20.7));
#3767 = VECTOR('',#3768,1.);
#3768 = DIRECTION('',(-0.,1.));
#3769 = ( GEOMETRIC_REPRESENTATION_CONTEXT(2) 
PARAMETRIC_REPRESENTATION_CONTEXT() REPRESENTATION_CONTEXT('2D SPACE',''
  ) );
#3770 = PCURVE('',#3771,#3776);
#3771 = CYLINDRICAL_SURFACE('',#3772,6.75);
#3772 = AXIS2_PLACEMENT_3D('',#3773,#3774,#3775);
#3773 = CARTESIAN_POINT('',(-55.,36.35,39.5));
#3774 = DIRECTION('',(-0.,-1.,-0.));
#3775 = DIRECTION('',(-0.,-0.,1.));
#3776 = DEFINITIONAL_REPRESENTATION('',(#3777),#3781);
#3777 = LINE('',#3778,#3779);
#3778 = CARTESIAN_POINT('',(-3.602146645271,0.));
#3779 = VECTOR('',#3780,1.);
#3780 = DIRECTION('',(-0.,1.));
#3781 = ( GEOMETRIC_REPRESENTATION_CONTEXT(2) 
PARAMETRIC_REPRESENTATION_CONTEXT() REPRESENTATION_CONTEXT('2D SPACE',''
  ) );
#3782 = ORIENTED_EDGE('',*,*,#3783,.T.);
#3783 = EDGE_CURVE('',#3756,#3784,#3786,.T.);
#3784 = VERTEX_POINT('',#3785);
#3785 = CARTESIAN_POINT('',(-58.,36.35,38.));
#3786 = SURFACE_CURVE('',#3787,(#3791,#3798),.PCURVE_S1.);
#3787 = LINE('',#3788,#3789);
#3788 = CARTESIAN_POINT('',(-58.,36.35,41.75));
#3789 = VECTOR('',#3790,1.);
#3790 = DIRECTION('',(-0.,-0.,1.));
#3791 = PCURVE('',#2725,#3792);
#3792 = DEFINITIONAL_REPRESENTATION('',(#3793),#3797);
#3793 = LINE('',#3794,#3795);
#3794 = CARTESIAN_POINT('',(-2.25,-20.7));
#3795 = VECTOR('',#3796,1.);
#3796 = DIRECTION('',(1.,-0.));
#3797 = ( GEOMETRIC_REPRESENTATION_CONTEXT(2) 
PARAMETRIC_REPRESENTATION_CONTEXT() REPRESENTATION_CONTEXT('2D SPACE',''
  ) );
#3798 = PCURVE('',#3799,#3804);
#3799 = PLANE('',#3800);
#3800 = AXIS2_PLACEMENT_3D('',#3801,#3802,#3803);
#3801 = CARTESIAN_POINT('',(-55.,36.35,39.5));
#3802 = DIRECTION('',(-0.,-1.,-0.));
#3803 = DIRECTION('',(0.,0.,-1.));
#3804 = DEFINITIONAL_REPRESENTATION('',(#3805),#3809);
#3805 = LINE('',#3806,#3807);
#3806 = CARTESIAN_POINT('',(-2.25,-3.));
#3807 = VECTOR('',#3808,1.);
#3808 = DIRECTION('',(-1.,0.));
#3809 = ( GEOMETRIC_REPRESENTATION_CONTEXT(2) 
PARAMETRIC_REPRESENTATION_CONTEXT() REPRESENTATION_CONTEXT('2D SPACE',''
  ) );
#3810 = ORIENTED_EDGE('',*,*,#3811,.T.);
#3811 = EDGE_CURVE('',#3784,#3292,#3812,.T.);
#3812 = SURFACE_CURVE('',#3813,(#3817,#3824),.PCURVE_S1.);
#3813 = LINE('',#3814,#3815);
#3814 = CARTESIAN_POINT('',(-58.,15.65,38.));
#3815 = VECTOR('',#3816,1.);
#3816 = DIRECTION('',(-0.,1.,-0.));
#3817 = PCURVE('',#2725,#3818);
#3818 = DEFINITIONAL_REPRESENTATION('',(#3819),#3823);
#3819 = LINE('',#3820,#3821);
#3820 = CARTESIAN_POINT('',(-6.,0.));
#3821 = VECTOR('',#3822,1.);
#3822 = DIRECTION('',(-0.,-1.));
#3823 = ( GEOMETRIC_REPRESENTATION_CONTEXT(2) 
PARAMETRIC_REPRESENTATION_CONTEXT() REPRESENTATION_CONTEXT('2D SPACE',''
  ) );
#3824 = PCURVE('',#3312,#3825);
#3825 = DEFINITIONAL_REPRESENTATION('',(#3826),#3830);
#3826 = LINE('',#3827,#3828);
#3827 = CARTESIAN_POINT('',(-1.570796326795,0.));
#3828 = VECTOR('',#3829,1.);
#3829 = DIRECTION('',(-0.,1.));
#3830 = ( GEOMETRIC_REPRESENTATION_CONTEXT(2) 
PARAMETRIC_REPRESENTATION_CONTEXT() REPRESENTATION_CONTEXT('2D SPACE',''
  ) );
#3831 = ORIENTED_EDGE('',*,*,#3324,.T.);
#3832 = ORIENTED_EDGE('',*,*,#3678,.F.);
#3833 = ORIENTED_EDGE('',*,*,#3834,.F.);
#3834 = EDGE_CURVE('',#3835,#3429,#3837,.T.);
#3835 = VERTEX_POINT('',#3836);
#3836 = CARTESIAN_POINT('',(-58.,30.,18.35));
#3837 = SURFACE_CURVE('',#3838,(#3843,#3854),.PCURVE_S1.);
#3838 = CIRCLE('',#3839,2.85);
#3839 = AXIS2_PLACEMENT_3D('',#3840,#3841,#3842);
#3840 = CARTESIAN_POINT('',(-58.,30.,15.5));
#3841 = DIRECTION('',(-1.,-0.,-0.));
#3842 = DIRECTION('',(-0.,-0.,1.));
#3843 = PCURVE('',#2725,#3844);
#3844 = DEFINITIONAL_REPRESENTATION('',(#3845),#3853);
#3845 = ( BOUNDED_CURVE() B_SPLINE_CURVE(2,(#3846,#3847,#3848,#3849,
#3850,#3851,#3852),.UNSPECIFIED.,.T.,.F.) B_SPLINE_CURVE_WITH_KNOTS((1,2
    ,2,2,2,1),(-2.094395102393,0.,2.094395102393,4.188790204786,
6.28318530718,8.377580409573),.UNSPECIFIED.) CURVE() 
GEOMETRIC_REPRESENTATION_ITEM() RATIONAL_B_SPLINE_CURVE((1.,0.5,1.,0.5,
1.,0.5,1.)) REPRESENTATION_ITEM('') );
#3846 = CARTESIAN_POINT('',(-25.65,-14.35));
#3847 = CARTESIAN_POINT('',(-25.65,-19.28634480157));
#3848 = CARTESIAN_POINT('',(-29.925,-16.81817240078));
#3849 = CARTESIAN_POINT('',(-34.2,-14.35));
#3850 = CARTESIAN_POINT('',(-29.925,-11.88182759921));
#3851 = CARTESIAN_POINT('',(-25.65,-9.413655198429));
#3852 = CARTESIAN_POINT('',(-25.65,-14.35));
#3853 = ( GEOMETRIC_REPRESENTATION_CONTEXT(2) 
PARAMETRIC_REPRESENTATION_CONTEXT() REPRESENTATION_CONTEXT('2D SPACE',''
  ) );
#3854 = PCURVE('',#3592,#3855);
#3855 = DEFINITIONAL_REPRESENTATION('',(#3856),#3860);
#3856 = LINE('',#3857,#3858);
#3857 = CARTESIAN_POINT('',(-0.,0.5));
#3858 = VECTOR('',#3859,1.);
#3859 = DIRECTION('',(-1.,0.));
#3860 = ( GEOMETRIC_REPRESENTATION_CONTEXT(2) 
PARAMETRIC_REPRESENTATION_CONTEXT() REPRESENTATION_CONTEXT('2D SPACE',''
  ) );
#3861 = ORIENTED_EDGE('',*,*,#3862,.F.);
#3862 = EDGE_CURVE('',#3406,#3835,#3863,.T.);
#3863 = SURFACE_CURVE('',#3864,(#3869,#3880),.PCURVE_S1.);
#3864 = CIRCLE('',#3865,2.85);
#3865 = AXIS2_PLACEMENT_3D('',#3866,#3867,#3868);
#3866 = CARTESIAN_POINT('',(-58.,30.,15.5));
#3867 = DIRECTION('',(-1.,-0.,-0.));
#3868 = DIRECTION('',(-0.,-0.,1.));
#3869 = PCURVE('',#2725,#3870);
#3870 = DEFINITIONAL_REPRESENTATION('',(#3871),#3879);
#3871 = ( BOUNDED_CURVE() B_SPLINE_CURVE(2,(#3872,#3873,#3874,#3875,
#3876,#3877,#3878),.UNSPECIFIED.,.T.,.F.) B_SPLINE_CURVE_WITH_KNOTS((1,2
    ,2,2,2,1),(-2.094395102393,0.,2.094395102393,4.188790204786,
6.28318530718,8.377580409573),.UNSPECIFIED.) CURVE() 
GEOMETRIC_REPRESENTATION_ITEM() RATIONAL_B_SPLINE_CURVE((1.,0.5,1.,0.5,
1.,0.5,1.)) REPRESENTATION_ITEM('') );
#3872 = CARTESIAN_POINT('',(-25.65,-14.35));
#3873 = CARTESIAN_POINT('',(-25.65,-19.28634480157));
#3874 = CARTESIAN_POINT('',(-29.925,-16.81817240078));
#3875 = CARTESIAN_POINT('',(-34.2,-14.35));
#3876 = CARTESIAN_POINT('',(-29.925,-11.88182759921));
#3877 = CARTESIAN_POINT('',(-25.65,-9.413655198429));
#3878 = CARTESIAN_POINT('',(-25.65,-14.35));
#3879 = ( GEOMETRIC_REPRESENTATION_CONTEXT(2) 
PARAMETRIC_REPRESENTATION_CONTEXT() REPRESENTATION_CONTEXT('2D SPACE',''
  ) );
#3880 = PCURVE('',#3592,#3881);
#3881 = DEFINITIONAL_REPRESENTATION('',(#3882),#3886);
#3882 = LINE('',#3883,#3884);
#3883 = CARTESIAN_POINT('',(-0.,0.5));
#3884 = VECTOR('',#3885,1.);
#3885 = DIRECTION('',(-1.,0.));
#3886 = ( GEOMETRIC_REPRESENTATION_CONTEXT(2) 
PARAMETRIC_REPRESENTATION_CONTEXT() REPRESENTATION_CONTEXT('2D SPACE',''
  ) );
#3887 = ORIENTED_EDGE('',*,*,#3405,.F.);
#3888 = ADVANCED_FACE('',(#3889),#2603,.F.);
#3889 = FACE_BOUND('',#3890,.T.);
#3890 = EDGE_LOOP('',(#3891,#3892,#3893,#3894,#3895,#3896,#3919,#3942,
    #3970,#3993));
#3891 = ORIENTED_EDGE('',*,*,#2587,.F.);
#3892 = ORIENTED_EDGE('',*,*,#2795,.T.);
#3893 = ORIENTED_EDGE('',*,*,#3084,.F.);
#3894 = ORIENTED_EDGE('',*,*,#3153,.T.);
#3895 = ORIENTED_EDGE('',*,*,#3207,.T.);
#3896 = ORIENTED_EDGE('',*,*,#3897,.F.);
#3897 = EDGE_CURVE('',#3898,#3208,#3900,.T.);
#3898 = VERTEX_POINT('',#3899);
#3899 = CARTESIAN_POINT('',(-40.,36.35,38.));
#3900 = SURFACE_CURVE('',#3901,(#3905,#3912),.PCURVE_S1.);
#3901 = LINE('',#3902,#3903);
#3902 = CARTESIAN_POINT('',(-40.,15.65,38.));
#3903 = VECTOR('',#3904,1.);
#3904 = DIRECTION('',(-0.,1.,-0.));
#3905 = PCURVE('',#2603,#3906);
#3906 = DEFINITIONAL_REPRESENTATION('',(#3907),#3911);
#3907 = LINE('',#3908,#3909);
#3908 = CARTESIAN_POINT('',(-27.,-0.));
#3909 = VECTOR('',#3910,1.);
#3910 = DIRECTION('',(-0.,-1.));
#3911 = ( GEOMETRIC_REPRESENTATION_CONTEXT(2) 
PARAMETRIC_REPRESENTATION_CONTEXT() REPRESENTATION_CONTEXT('2D SPACE',''
  ) );
#3912 = PCURVE('',#3251,#3913);
#3913 = DEFINITIONAL_REPRESENTATION('',(#3914),#3918);
#3914 = LINE('',#3915,#3916);
#3915 = CARTESIAN_POINT('',(-0.,0.));
#3916 = VECTOR('',#3917,1.);
#3917 = DIRECTION('',(-0.,1.));
#3918 = ( GEOMETRIC_REPRESENTATION_CONTEXT(2) 
PARAMETRIC_REPRESENTATION_CONTEXT() REPRESENTATION_CONTEXT('2D SPACE',''
  ) );
#3919 = ORIENTED_EDGE('',*,*,#3920,.F.);
#3920 = EDGE_CURVE('',#3921,#3898,#3923,.T.);
#3921 = VERTEX_POINT('',#3922);
#3922 = CARTESIAN_POINT('',(-40.,36.35,32.75));
#3923 = SURFACE_CURVE('',#3924,(#3928,#3935),.PCURVE_S1.);
#3924 = LINE('',#3925,#3926);
#3925 = CARTESIAN_POINT('',(-40.,36.35,25.25));
#3926 = VECTOR('',#3927,1.);
#3927 = DIRECTION('',(-0.,-0.,1.));
#3928 = PCURVE('',#2603,#3929);
#3929 = DEFINITIONAL_REPRESENTATION('',(#3930),#3934);
#3930 = LINE('',#3931,#3932);
#3931 = CARTESIAN_POINT('',(-14.25,-20.7));
#3932 = VECTOR('',#3933,1.);
#3933 = DIRECTION('',(-1.,-0.));
#3934 = ( GEOMETRIC_REPRESENTATION_CONTEXT(2) 
PARAMETRIC_REPRESENTATION_CONTEXT() REPRESENTATION_CONTEXT('2D SPACE',''
  ) );
#3935 = PCURVE('',#3799,#3936);
#3936 = DEFINITIONAL_REPRESENTATION('',(#3937),#3941);
#3937 = LINE('',#3938,#3939);
#3938 = CARTESIAN_POINT('',(14.25,15.));
#3939 = VECTOR('',#3940,1.);
#3940 = DIRECTION('',(-1.,0.));
#3941 = ( GEOMETRIC_REPRESENTATION_CONTEXT(2) 
PARAMETRIC_REPRESENTATION_CONTEXT() REPRESENTATION_CONTEXT('2D SPACE',''
  ) );
#3942 = ORIENTED_EDGE('',*,*,#3943,.T.);
#3943 = EDGE_CURVE('',#3921,#3944,#3946,.T.);
#3944 = VERTEX_POINT('',#3945);
#3945 = CARTESIAN_POINT('',(-40.,23.65,32.75));
#3946 = SURFACE_CURVE('',#3947,(#3951,#3958),.PCURVE_S1.);
#3947 = LINE('',#3948,#3949);
#3948 = CARTESIAN_POINT('',(-40.,19.65,32.75));
#3949 = VECTOR('',#3950,1.);
#3950 = DIRECTION('',(-0.,-1.,-0.));
#3951 = PCURVE('',#2603,#3952);
#3952 = DEFINITIONAL_REPRESENTATION('',(#3953),#3957);
#3953 = LINE('',#3954,#3955);
#3954 = CARTESIAN_POINT('',(-21.75,-4.));
#3955 = VECTOR('',#3956,1.);
#3956 = DIRECTION('',(-0.,1.));
#3957 = ( GEOMETRIC_REPRESENTATION_CONTEXT(2) 
PARAMETRIC_REPRESENTATION_CONTEXT() REPRESENTATION_CONTEXT('2D SPACE',''
  ) );
#3958 = PCURVE('',#3959,#3964);
#3959 = PLANE('',#3960);
#3960 = AXIS2_PLACEMENT_3D('',#3961,#3962,#3963);
#3961 = CARTESIAN_POINT('',(-55.,23.65,32.75));
#3962 = DIRECTION('',(-0.,-0.,1.));
#3963 = DIRECTION('',(-1.,0.,0.));
#3964 = DEFINITIONAL_REPRESENTATION('',(#3965),#3969);
#3965 = LINE('',#3966,#3967);
#3966 = CARTESIAN_POINT('',(-15.,4.));
#3967 = VECTOR('',#3968,1.);
#3968 = DIRECTION('',(-0.,1.));
#3969 = ( GEOMETRIC_REPRESENTATION_CONTEXT(2) 
PARAMETRIC_REPRESENTATION_CONTEXT() REPRESENTATION_CONTEXT('2D SPACE',''
  ) );
#3970 = ORIENTED_EDGE('',*,*,#3971,.T.);
#3971 = EDGE_CURVE('',#3944,#3972,#3974,.T.);
#3972 = VERTEX_POINT('',#3973);
#3973 = CARTESIAN_POINT('',(-40.,23.65,38.));
#3974 = SURFACE_CURVE('',#3975,(#3979,#3986),.PCURVE_S1.);
#3975 = LINE('',#3976,#3977);
#3976 = CARTESIAN_POINT('',(-40.,23.65,25.25));
#3977 = VECTOR('',#3978,1.);
#3978 = DIRECTION('',(-0.,-0.,1.));
#3979 = PCURVE('',#2603,#3980);
#3980 = DEFINITIONAL_REPRESENTATION('',(#3981),#3985);
#3981 = LINE('',#3982,#3983);
#3982 = CARTESIAN_POINT('',(-14.25,-8.));
#3983 = VECTOR('',#3984,1.);
#3984 = DIRECTION('',(-1.,-0.));
#3985 = ( GEOMETRIC_REPRESENTATION_CONTEXT(2) 
PARAMETRIC_REPRESENTATION_CONTEXT() REPRESENTATION_CONTEXT('2D SPACE',''
  ) );
#3986 = PCURVE('',#3743,#3987);
#3987 = DEFINITIONAL_REPRESENTATION('',(#3988),#3992);
#3988 = LINE('',#3989,#3990);
#3989 = CARTESIAN_POINT('',(14.25,15.));
#3990 = VECTOR('',#3991,1.);
#3991 = DIRECTION('',(-1.,0.));
#3992 = ( GEOMETRIC_REPRESENTATION_CONTEXT(2) 
PARAMETRIC_REPRESENTATION_CONTEXT() REPRESENTATION_CONTEXT('2D SPACE',''
  ) );
#3993 = ORIENTED_EDGE('',*,*,#3994,.F.);
#3994 = EDGE_CURVE('',#2588,#3972,#3995,.T.);
#3995 = SURFACE_CURVE('',#3996,(#4000,#4007),.PCURVE_S1.);
#3996 = LINE('',#3997,#3998);
#3997 = CARTESIAN_POINT('',(-40.,15.65,38.));
#3998 = VECTOR('',#3999,1.);
#3999 = DIRECTION('',(-0.,1.,-0.));
#4000 = PCURVE('',#2603,#4001);
#4001 = DEFINITIONAL_REPRESENTATION('',(#4002),#4006);
#4002 = LINE('',#4003,#4004);
#4003 = CARTESIAN_POINT('',(-27.,-0.));
#4004 = VECTOR('',#4005,1.);
#4005 = DIRECTION('',(-0.,-1.));
#4006 = ( GEOMETRIC_REPRESENTATION_CONTEXT(2) 
PARAMETRIC_REPRESENTATION_CONTEXT() REPRESENTATION_CONTEXT('2D SPACE',''
  ) );
#4007 = PCURVE('',#2636,#4008);
#4008 = DEFINITIONAL_REPRESENTATION('',(#4009),#4013);
#4009 = LINE('',#4010,#4011);
#4010 = CARTESIAN_POINT('',(-0.,0.));
#4011 = VECTOR('',#4012,1.);
#4012 = DIRECTION('',(-0.,1.));
#4013 = ( GEOMETRIC_REPRESENTATION_CONTEXT(2) 
PARAMETRIC_REPRESENTATION_CONTEXT() REPRESENTATION_CONTEXT('2D SPACE',''
  ) );
#4014 = ADVANCED_FACE('',(#4015),#2697,.T.);
#4015 = FACE_BOUND('',#4016,.F.);
#4016 = EDGE_LOOP('',(#4017,#4040,#4041,#4042));
#4017 = ORIENTED_EDGE('',*,*,#4018,.F.);
#4018 = EDGE_CURVE('',#2649,#4019,#4021,.T.);
#4019 = VERTEX_POINT('',#4020);
#4020 = CARTESIAN_POINT('',(-52.,23.65,44.));
#4021 = SURFACE_CURVE('',#4022,(#4026,#4033),.PCURVE_S1.);
#4022 = LINE('',#4023,#4024);
#4023 = CARTESIAN_POINT('',(-52.,15.65,44.));
#4024 = VECTOR('',#4025,1.);
#4025 = DIRECTION('',(-0.,1.,-0.));
#4026 = PCURVE('',#2697,#4027);
#4027 = DEFINITIONAL_REPRESENTATION('',(#4028),#4032);
#4028 = LINE('',#4029,#4030);
#4029 = CARTESIAN_POINT('',(-0.,0.));
#4030 = VECTOR('',#4031,1.);
#4031 = DIRECTION('',(-0.,1.));
#4032 = ( GEOMETRIC_REPRESENTATION_CONTEXT(2) 
PARAMETRIC_REPRESENTATION_CONTEXT() REPRESENTATION_CONTEXT('2D SPACE',''
  ) );
#4033 = PCURVE('',#2664,#4034);
#4034 = DEFINITIONAL_REPRESENTATION('',(#4035),#4039);
#4035 = LINE('',#4036,#4037);
#4036 = CARTESIAN_POINT('',(-12.,0.));
#4037 = VECTOR('',#4038,1.);
#4038 = DIRECTION('',(-0.,-1.));
#4039 = ( GEOMETRIC_REPRESENTATION_CONTEXT(2) 
PARAMETRIC_REPRESENTATION_CONTEXT() REPRESENTATION_CONTEXT('2D SPACE',''
  ) );
#4040 = ORIENTED_EDGE('',*,*,#2676,.T.);
#4041 = ORIENTED_EDGE('',*,*,#3704,.T.);
#4042 = ORIENTED_EDGE('',*,*,#4043,.T.);
#4043 = EDGE_CURVE('',#3705,#4019,#4044,.T.);
#4044 = SURFACE_CURVE('',#4045,(#4050,#4057),.PCURVE_S1.);
#4045 = CIRCLE('',#4046,6.);
#4046 = AXIS2_PLACEMENT_3D('',#4047,#4048,#4049);
#4047 = CARTESIAN_POINT('',(-52.,23.65,38.));
#4048 = DIRECTION('',(-0.,1.,0.));
#4049 = DIRECTION('',(-1.,-0.,-0.));
#4050 = PCURVE('',#2697,#4051);
#4051 = DEFINITIONAL_REPRESENTATION('',(#4052),#4056);
#4052 = LINE('',#4053,#4054);
#4053 = CARTESIAN_POINT('',(-1.570796326795,8.));
#4054 = VECTOR('',#4055,1.);
#4055 = DIRECTION('',(1.,-0.));
#4056 = ( GEOMETRIC_REPRESENTATION_CONTEXT(2) 
PARAMETRIC_REPRESENTATION_CONTEXT() REPRESENTATION_CONTEXT('2D SPACE',''
  ) );
#4057 = PCURVE('',#3743,#4058);
#4058 = DEFINITIONAL_REPRESENTATION('',(#4059),#4067);
#4059 = ( BOUNDED_CURVE() B_SPLINE_CURVE(2,(#4060,#4061,#4062,#4063,
#4064,#4065,#4066),.UNSPECIFIED.,.T.,.F.) B_SPLINE_CURVE_WITH_KNOTS((1,2
    ,2,2,2,1),(-2.094395102393,0.,2.094395102393,4.188790204786,
6.28318530718,8.377580409573),.UNSPECIFIED.) CURVE() 
GEOMETRIC_REPRESENTATION_ITEM() RATIONAL_B_SPLINE_CURVE((1.,0.5,1.,0.5,
1.,0.5,1.)) REPRESENTATION_ITEM('') );
#4060 = CARTESIAN_POINT('',(1.5,-3.));
#4061 = CARTESIAN_POINT('',(-8.892304845413,-3.));
#4062 = CARTESIAN_POINT('',(-3.696152422707,6.));
#4063 = CARTESIAN_POINT('',(1.5,15.));
#4064 = CARTESIAN_POINT('',(6.696152422707,6.));
#4065 = CARTESIAN_POINT('',(11.892304845413,-3.));
#4066 = CARTESIAN_POINT('',(1.5,-3.));
#4067 = ( GEOMETRIC_REPRESENTATION_CONTEXT(2) 
PARAMETRIC_REPRESENTATION_CONTEXT() REPRESENTATION_CONTEXT('2D SPACE',''
  ) );
#4068 = ADVANCED_FACE('',(#4069),#2636,.T.);
#4069 = FACE_BOUND('',#4070,.F.);
#4070 = EDGE_LOOP('',(#4071,#4072,#4073,#4096));
#4071 = ORIENTED_EDGE('',*,*,#3994,.F.);
#4072 = ORIENTED_EDGE('',*,*,#2615,.T.);
#4073 = ORIENTED_EDGE('',*,*,#4074,.T.);
#4074 = EDGE_CURVE('',#2616,#4075,#4077,.T.);
#4075 = VERTEX_POINT('',#4076);
#4076 = CARTESIAN_POINT('',(-46.,23.65,44.));
#4077 = SURFACE_CURVE('',#4078,(#4082,#4089),.PCURVE_S1.);
#4078 = LINE('',#4079,#4080);
#4079 = CARTESIAN_POINT('',(-46.,15.65,44.));
#4080 = VECTOR('',#4081,1.);
#4081 = DIRECTION('',(-0.,1.,-0.));
#4082 = PCURVE('',#2636,#4083);
#4083 = DEFINITIONAL_REPRESENTATION('',(#4084),#4088);
#4084 = LINE('',#4085,#4086);
#4085 = CARTESIAN_POINT('',(-1.570796326795,0.));
#4086 = VECTOR('',#4087,1.);
#4087 = DIRECTION('',(-0.,1.));
#4088 = ( GEOMETRIC_REPRESENTATION_CONTEXT(2) 
PARAMETRIC_REPRESENTATION_CONTEXT() REPRESENTATION_CONTEXT('2D SPACE',''
  ) );
#4089 = PCURVE('',#2664,#4090);
#4090 = DEFINITIONAL_REPRESENTATION('',(#4091),#4095);
#4091 = LINE('',#4092,#4093);
#4092 = CARTESIAN_POINT('',(-6.,0.));
#4093 = VECTOR('',#4094,1.);
#4094 = DIRECTION('',(-0.,-1.));
#4095 = ( GEOMETRIC_REPRESENTATION_CONTEXT(2) 
PARAMETRIC_REPRESENTATION_CONTEXT() REPRESENTATION_CONTEXT('2D SPACE',''
  ) );
#4096 = ORIENTED_EDGE('',*,*,#4097,.F.);
#4097 = EDGE_CURVE('',#3972,#4075,#4098,.T.);
#4098 = SURFACE_CURVE('',#4099,(#4104,#4111),.PCURVE_S1.);
#4099 = CIRCLE('',#4100,6.);
#4100 = AXIS2_PLACEMENT_3D('',#4101,#4102,#4103);
#4101 = CARTESIAN_POINT('',(-46.,23.65,38.));
#4102 = DIRECTION('',(-0.,-1.,-0.));
#4103 = DIRECTION('',(1.,-0.,-0.));
#4104 = PCURVE('',#2636,#4105);
#4105 = DEFINITIONAL_REPRESENTATION('',(#4106),#4110);
#4106 = LINE('',#4107,#4108);
#4107 = CARTESIAN_POINT('',(-0.,8.));
#4108 = VECTOR('',#4109,1.);
#4109 = DIRECTION('',(-1.,0.));
#4110 = ( GEOMETRIC_REPRESENTATION_CONTEXT(2) 
PARAMETRIC_REPRESENTATION_CONTEXT() REPRESENTATION_CONTEXT('2D SPACE',''
  ) );
#4111 = PCURVE('',#3743,#4112);
#4112 = DEFINITIONAL_REPRESENTATION('',(#4113),#4117);
#4113 = CIRCLE('',#4114,6.);
#4114 = AXIS2_PLACEMENT_2D('',#4115,#4116);
#4115 = CARTESIAN_POINT('',(1.5,9.));
#4116 = DIRECTION('',(-0.,1.));
#4117 = ( GEOMETRIC_REPRESENTATION_CONTEXT(2) 
PARAMETRIC_REPRESENTATION_CONTEXT() REPRESENTATION_CONTEXT('2D SPACE',''
  ) );
#4118 = ADVANCED_FACE('',(#4119),#2664,.F.);
#4119 = FACE_BOUND('',#4120,.T.);
#4120 = EDGE_LOOP('',(#4121,#4122,#4123,#4144));
#4121 = ORIENTED_EDGE('',*,*,#2648,.F.);
#4122 = ORIENTED_EDGE('',*,*,#4074,.T.);
#4123 = ORIENTED_EDGE('',*,*,#4124,.F.);
#4124 = EDGE_CURVE('',#4019,#4075,#4125,.T.);
#4125 = SURFACE_CURVE('',#4126,(#4130,#4137),.PCURVE_S1.);
#4126 = LINE('',#4127,#4128);
#4127 = CARTESIAN_POINT('',(-52.,23.65,44.));
#4128 = VECTOR('',#4129,1.);
#4129 = DIRECTION('',(1.,-5.921189464668E-16,-0.));
#4130 = PCURVE('',#2664,#4131);
#4131 = DEFINITIONAL_REPRESENTATION('',(#4132),#4136);
#4132 = LINE('',#4133,#4134);
#4133 = CARTESIAN_POINT('',(-12.,-8.));
#4134 = VECTOR('',#4135,1.);
#4135 = DIRECTION('',(1.,5.921189464668E-16));
#4136 = ( GEOMETRIC_REPRESENTATION_CONTEXT(2) 
PARAMETRIC_REPRESENTATION_CONTEXT() REPRESENTATION_CONTEXT('2D SPACE',''
  ) );
#4137 = PCURVE('',#3743,#4138);
#4138 = DEFINITIONAL_REPRESENTATION('',(#4139),#4143);
#4139 = LINE('',#4140,#4141);
#4140 = CARTESIAN_POINT('',(-4.5,3.));
#4141 = VECTOR('',#4142,1.);
#4142 = DIRECTION('',(-0.,1.));
#4143 = ( GEOMETRIC_REPRESENTATION_CONTEXT(2) 
PARAMETRIC_REPRESENTATION_CONTEXT() REPRESENTATION_CONTEXT('2D SPACE',''
  ) );
#4144 = ORIENTED_EDGE('',*,*,#4018,.F.);
#4145 = ADVANCED_FACE('',(#4146),#2778,.F.);
#4146 = FACE_BOUND('',#4147,.T.);
#4147 = EDGE_LOOP('',(#4148,#4149,#4172,#4203));
#4148 = ORIENTED_EDGE('',*,*,#2761,.F.);
#4149 = ORIENTED_EDGE('',*,*,#4150,.F.);
#4150 = EDGE_CURVE('',#4151,#2762,#4153,.T.);
#4151 = VERTEX_POINT('',#4152);
#4152 = CARTESIAN_POINT('',(-55.,21.65,41.5));
#4153 = SEAM_CURVE('',#4154,(#4158,#4165),.PCURVE_S1.);
#4154 = LINE('',#4155,#4156);
#4155 = CARTESIAN_POINT('',(-55.,21.65,41.5));
#4156 = VECTOR('',#4157,1.);
#4157 = DIRECTION('',(-0.,-1.,-0.));
#4158 = PCURVE('',#2778,#4159);
#4159 = DEFINITIONAL_REPRESENTATION('',(#4160),#4164);
#4160 = LINE('',#4161,#4162);
#4161 = CARTESIAN_POINT('',(-6.28318530718,-0.));
#4162 = VECTOR('',#4163,1.);
#4163 = DIRECTION('',(-0.,1.));
#4164 = ( GEOMETRIC_REPRESENTATION_CONTEXT(2) 
PARAMETRIC_REPRESENTATION_CONTEXT() REPRESENTATION_CONTEXT('2D SPACE',''
  ) );
#4165 = PCURVE('',#2778,#4166);
#4166 = DEFINITIONAL_REPRESENTATION('',(#4167),#4171);
#4167 = LINE('',#4168,#4169);
#4168 = CARTESIAN_POINT('',(-0.,-0.));
#4169 = VECTOR('',#4170,1.);
#4170 = DIRECTION('',(-0.,1.));
#4171 = ( GEOMETRIC_REPRESENTATION_CONTEXT(2) 
PARAMETRIC_REPRESENTATION_CONTEXT() REPRESENTATION_CONTEXT('2D SPACE',''
  ) );
#4172 = ORIENTED_EDGE('',*,*,#4173,.T.);
#4173 = EDGE_CURVE('',#4151,#4151,#4174,.T.);
#4174 = SURFACE_CURVE('',#4175,(#4180,#4187),.PCURVE_S1.);
#4175 = CIRCLE('',#4176,2.);
#4176 = AXIS2_PLACEMENT_3D('',#4177,#4178,#4179);
#4177 = CARTESIAN_POINT('',(-55.,21.65,39.5));
#4178 = DIRECTION('',(0.,1.,0.));
#4179 = DIRECTION('',(-0.,-0.,1.));
#4180 = PCURVE('',#2778,#4181);
#4181 = DEFINITIONAL_REPRESENTATION('',(#4182),#4186);
#4182 = LINE('',#4183,#4184);
#4183 = CARTESIAN_POINT('',(-0.,0.));
#4184 = VECTOR('',#4185,1.);
#4185 = DIRECTION('',(-1.,0.));
#4186 = ( GEOMETRIC_REPRESENTATION_CONTEXT(2) 
PARAMETRIC_REPRESENTATION_CONTEXT() REPRESENTATION_CONTEXT('2D SPACE',''
  ) );
#4187 = PCURVE('',#4188,#4193);
#4188 = PLANE('',#4189);
#4189 = AXIS2_PLACEMENT_3D('',#4190,#4191,#4192);
#4190 = CARTESIAN_POINT('',(-55.,21.65,39.5));
#4191 = DIRECTION('',(-0.,-1.,-0.));
#4192 = DIRECTION('',(0.,0.,-1.));
#4193 = DEFINITIONAL_REPRESENTATION('',(#4194),#4202);
#4194 = ( BOUNDED_CURVE() B_SPLINE_CURVE(2,(#4195,#4196,#4197,#4198,
#4199,#4200,#4201),.UNSPECIFIED.,.T.,.F.) B_SPLINE_CURVE_WITH_KNOTS((1,2
    ,2,2,2,1),(-2.094395102393,0.,2.094395102393,4.188790204786,
6.28318530718,8.377580409573),.UNSPECIFIED.) CURVE() 
GEOMETRIC_REPRESENTATION_ITEM() RATIONAL_B_SPLINE_CURVE((1.,0.5,1.,0.5,
1.,0.5,1.)) REPRESENTATION_ITEM('') );
#4195 = CARTESIAN_POINT('',(-2.,0.));
#4196 = CARTESIAN_POINT('',(-2.,3.464101615138));
#4197 = CARTESIAN_POINT('',(1.,1.732050807569));
#4198 = CARTESIAN_POINT('',(4.,4.898587196589E-16));
#4199 = CARTESIAN_POINT('',(1.,-1.732050807569));
#4200 = CARTESIAN_POINT('',(-2.,-3.464101615138));
#4201 = CARTESIAN_POINT('',(-2.,0.));
#4202 = ( GEOMETRIC_REPRESENTATION_CONTEXT(2) 
PARAMETRIC_REPRESENTATION_CONTEXT() REPRESENTATION_CONTEXT('2D SPACE',''
  ) );
#4203 = ORIENTED_EDGE('',*,*,#4150,.T.);
#4204 = ADVANCED_FACE('',(#4205),#3136,.F.);
#4205 = FACE_BOUND('',#4206,.T.);
#4206 = EDGE_LOOP('',(#4207,#4230,#4231,#4232));
#4207 = ORIENTED_EDGE('',*,*,#4208,.T.);
#4208 = EDGE_CURVE('',#4209,#3120,#4211,.T.);
#4209 = VERTEX_POINT('',#4210);
#4210 = CARTESIAN_POINT('',(-55.3,30.,17.2));
#4211 = SEAM_CURVE('',#4212,(#4216,#4223),.PCURVE_S1.);
#4212 = LINE('',#4213,#4214);
#4213 = CARTESIAN_POINT('',(-59.,30.,17.2));
#4214 = VECTOR('',#4215,1.);
#4215 = DIRECTION('',(1.,-0.,-0.));
#4216 = PCURVE('',#3136,#4217);
#4217 = DEFINITIONAL_REPRESENTATION('',(#4218),#4222);
#4218 = LINE('',#4219,#4220);
#4219 = CARTESIAN_POINT('',(-6.28318530718,-0.));
#4220 = VECTOR('',#4221,1.);
#4221 = DIRECTION('',(-0.,1.));
#4222 = ( GEOMETRIC_REPRESENTATION_CONTEXT(2) 
PARAMETRIC_REPRESENTATION_CONTEXT() REPRESENTATION_CONTEXT('2D SPACE',''
  ) );
#4223 = PCURVE('',#3136,#4224);
#4224 = DEFINITIONAL_REPRESENTATION('',(#4225),#4229);
#4225 = LINE('',#4226,#4227);
#4226 = CARTESIAN_POINT('',(-0.,-0.));
#4227 = VECTOR('',#4228,1.);
#4228 = DIRECTION('',(-0.,1.));
#4229 = ( GEOMETRIC_REPRESENTATION_CONTEXT(2) 
PARAMETRIC_REPRESENTATION_CONTEXT() REPRESENTATION_CONTEXT('2D SPACE',''
  ) );
#4230 = ORIENTED_EDGE('',*,*,#3119,.F.);
#4231 = ORIENTED_EDGE('',*,*,#4208,.F.);
#4232 = ORIENTED_EDGE('',*,*,#4233,.T.);
#4233 = EDGE_CURVE('',#4209,#4209,#4234,.T.);
#4234 = SURFACE_CURVE('',#4235,(#4240,#4247),.PCURVE_S1.);
#4235 = CIRCLE('',#4236,1.7);
#4236 = AXIS2_PLACEMENT_3D('',#4237,#4238,#4239);
#4237 = CARTESIAN_POINT('',(-55.3,30.,15.5));
#4238 = DIRECTION('',(-1.,-0.,-0.));
#4239 = DIRECTION('',(-0.,-0.,1.));
#4240 = PCURVE('',#3136,#4241);
#4241 = DEFINITIONAL_REPRESENTATION('',(#4242),#4246);
#4242 = LINE('',#4243,#4244);
#4243 = CARTESIAN_POINT('',(-0.,3.7));
#4244 = VECTOR('',#4245,1.);
#4245 = DIRECTION('',(-1.,0.));
#4246 = ( GEOMETRIC_REPRESENTATION_CONTEXT(2) 
PARAMETRIC_REPRESENTATION_CONTEXT() REPRESENTATION_CONTEXT('2D SPACE',''
  ) );
#4247 = PCURVE('',#4248,#4253);
#4248 = PLANE('',#4249);
#4249 = AXIS2_PLACEMENT_3D('',#4250,#4251,#4252);
#4250 = CARTESIAN_POINT('',(-55.3,30.,15.5));
#4251 = DIRECTION('',(1.,-0.,-0.));
#4252 = DIRECTION('',(0.,0.,-1.));
#4253 = DEFINITIONAL_REPRESENTATION('',(#4254),#4262);
#4254 = ( BOUNDED_CURVE() B_SPLINE_CURVE(2,(#4255,#4256,#4257,#4258,
#4259,#4260,#4261),.UNSPECIFIED.,.T.,.F.) B_SPLINE_CURVE_WITH_KNOTS((1,2
    ,2,2,2,1),(-2.094395102393,0.,2.094395102393,4.188790204786,
6.28318530718,8.377580409573),.UNSPECIFIED.) CURVE() 
GEOMETRIC_REPRESENTATION_ITEM() RATIONAL_B_SPLINE_CURVE((1.,0.5,1.,0.5,
1.,0.5,1.)) REPRESENTATION_ITEM('') );
#4255 = CARTESIAN_POINT('',(-1.7,0.));
#4256 = CARTESIAN_POINT('',(-1.7,2.944486372867));
#4257 = CARTESIAN_POINT('',(0.85,1.472243186434));
#4258 = CARTESIAN_POINT('',(3.4,4.163799117101E-16));
#4259 = CARTESIAN_POINT('',(0.85,-1.472243186434));
#4260 = CARTESIAN_POINT('',(-1.7,-2.944486372867));
#4261 = CARTESIAN_POINT('',(-1.7,0.));
#4262 = ( GEOMETRIC_REPRESENTATION_CONTEXT(2) 
PARAMETRIC_REPRESENTATION_CONTEXT() REPRESENTATION_CONTEXT('2D SPACE',''
  ) );
#4263 = ADVANCED_FACE('',(#4264),#3312,.T.);
#4264 = FACE_BOUND('',#4265,.F.);
#4265 = EDGE_LOOP('',(#4266,#4289,#4311,#4312));
#4266 = ORIENTED_EDGE('',*,*,#4267,.F.);
#4267 = EDGE_CURVE('',#4268,#3264,#4270,.T.);
#4268 = VERTEX_POINT('',#4269);
#4269 = CARTESIAN_POINT('',(-52.,36.35,44.));
#4270 = SURFACE_CURVE('',#4271,(#4275,#4282),.PCURVE_S1.);
#4271 = LINE('',#4272,#4273);
#4272 = CARTESIAN_POINT('',(-52.,15.65,44.));
#4273 = VECTOR('',#4274,1.);
#4274 = DIRECTION('',(-0.,1.,-0.));
#4275 = PCURVE('',#3312,#4276);
#4276 = DEFINITIONAL_REPRESENTATION('',(#4277),#4281);
#4277 = LINE('',#4278,#4279);
#4278 = CARTESIAN_POINT('',(-0.,0.));
#4279 = VECTOR('',#4280,1.);
#4280 = DIRECTION('',(-0.,1.));
#4281 = ( GEOMETRIC_REPRESENTATION_CONTEXT(2) 
PARAMETRIC_REPRESENTATION_CONTEXT() REPRESENTATION_CONTEXT('2D SPACE',''
  ) );
#4282 = PCURVE('',#3279,#4283);
#4283 = DEFINITIONAL_REPRESENTATION('',(#4284),#4288);
#4284 = LINE('',#4285,#4286);
#4285 = CARTESIAN_POINT('',(-12.,0.));
#4286 = VECTOR('',#4287,1.);
#4287 = DIRECTION('',(-0.,-1.));
#4288 = ( GEOMETRIC_REPRESENTATION_CONTEXT(2) 
PARAMETRIC_REPRESENTATION_CONTEXT() REPRESENTATION_CONTEXT('2D SPACE',''
  ) );
#4289 = ORIENTED_EDGE('',*,*,#4290,.T.);
#4290 = EDGE_CURVE('',#4268,#3784,#4291,.T.);
#4291 = SURFACE_CURVE('',#4292,(#4297,#4304),.PCURVE_S1.);
#4292 = CIRCLE('',#4293,6.);
#4293 = AXIS2_PLACEMENT_3D('',#4294,#4295,#4296);
#4294 = CARTESIAN_POINT('',(-52.,36.35,38.));
#4295 = DIRECTION('',(0.,-1.,0.));
#4296 = DIRECTION('',(-0.,-0.,1.));
#4297 = PCURVE('',#3312,#4298);
#4298 = DEFINITIONAL_REPRESENTATION('',(#4299),#4303);
#4299 = LINE('',#4300,#4301);
#4300 = CARTESIAN_POINT('',(-0.,20.7));
#4301 = VECTOR('',#4302,1.);
#4302 = DIRECTION('',(-1.,0.));
#4303 = ( GEOMETRIC_REPRESENTATION_CONTEXT(2) 
PARAMETRIC_REPRESENTATION_CONTEXT() REPRESENTATION_CONTEXT('2D SPACE',''
  ) );
#4304 = PCURVE('',#3799,#4305);
#4305 = DEFINITIONAL_REPRESENTATION('',(#4306),#4310);
#4306 = CIRCLE('',#4307,6.);
#4307 = AXIS2_PLACEMENT_2D('',#4308,#4309);
#4308 = CARTESIAN_POINT('',(1.5,3.));
#4309 = DIRECTION('',(-1.,0.));
#4310 = ( GEOMETRIC_REPRESENTATION_CONTEXT(2) 
PARAMETRIC_REPRESENTATION_CONTEXT() REPRESENTATION_CONTEXT('2D SPACE',''
  ) );
#4311 = ORIENTED_EDGE('',*,*,#3811,.T.);
#4312 = ORIENTED_EDGE('',*,*,#3291,.F.);
#4313 = ADVANCED_FACE('',(#4314),#3251,.T.);
#4314 = FACE_BOUND('',#4315,.F.);
#4315 = EDGE_LOOP('',(#4316,#4317,#4341,#4362));
#4316 = ORIENTED_EDGE('',*,*,#3897,.F.);
#4317 = ORIENTED_EDGE('',*,*,#4318,.T.);
#4318 = EDGE_CURVE('',#3898,#4319,#4321,.T.);
#4319 = VERTEX_POINT('',#4320);
#4320 = CARTESIAN_POINT('',(-46.,36.35,44.));
#4321 = SURFACE_CURVE('',#4322,(#4327,#4334),.PCURVE_S1.);
#4322 = CIRCLE('',#4323,6.);
#4323 = AXIS2_PLACEMENT_3D('',#4324,#4325,#4326);
#4324 = CARTESIAN_POINT('',(-46.,36.35,38.));
#4325 = DIRECTION('',(-0.,-1.,-0.));
#4326 = DIRECTION('',(1.,-0.,-0.));
#4327 = PCURVE('',#3251,#4328);
#4328 = DEFINITIONAL_REPRESENTATION('',(#4329),#4333);
#4329 = LINE('',#4330,#4331);
#4330 = CARTESIAN_POINT('',(-0.,20.7));
#4331 = VECTOR('',#4332,1.);
#4332 = DIRECTION('',(-1.,0.));
#4333 = ( GEOMETRIC_REPRESENTATION_CONTEXT(2) 
PARAMETRIC_REPRESENTATION_CONTEXT() REPRESENTATION_CONTEXT('2D SPACE',''
  ) );
#4334 = PCURVE('',#3799,#4335);
#4335 = DEFINITIONAL_REPRESENTATION('',(#4336),#4340);
#4336 = CIRCLE('',#4337,6.);
#4337 = AXIS2_PLACEMENT_2D('',#4338,#4339);
#4338 = CARTESIAN_POINT('',(1.5,9.));
#4339 = DIRECTION('',(-0.,1.));
#4340 = ( GEOMETRIC_REPRESENTATION_CONTEXT(2) 
PARAMETRIC_REPRESENTATION_CONTEXT() REPRESENTATION_CONTEXT('2D SPACE',''
  ) );
#4341 = ORIENTED_EDGE('',*,*,#4342,.T.);
#4342 = EDGE_CURVE('',#4319,#3231,#4343,.T.);
#4343 = SURFACE_CURVE('',#4344,(#4348,#4355),.PCURVE_S1.);
#4344 = LINE('',#4345,#4346);
#4345 = CARTESIAN_POINT('',(-46.,15.65,44.));
#4346 = VECTOR('',#4347,1.);
#4347 = DIRECTION('',(-0.,1.,-0.));
#4348 = PCURVE('',#3251,#4349);
#4349 = DEFINITIONAL_REPRESENTATION('',(#4350),#4354);
#4350 = LINE('',#4351,#4352);
#4351 = CARTESIAN_POINT('',(-1.570796326795,0.));
#4352 = VECTOR('',#4353,1.);
#4353 = DIRECTION('',(-0.,1.));
#4354 = ( GEOMETRIC_REPRESENTATION_CONTEXT(2) 
PARAMETRIC_REPRESENTATION_CONTEXT() REPRESENTATION_CONTEXT('2D SPACE',''
  ) );
#4355 = PCURVE('',#3279,#4356);
#4356 = DEFINITIONAL_REPRESENTATION('',(#4357),#4361);
#4357 = LINE('',#4358,#4359);
#4358 = CARTESIAN_POINT('',(-6.,0.));
#4359 = VECTOR('',#4360,1.);
#4360 = DIRECTION('',(-0.,-1.));
#4361 = ( GEOMETRIC_REPRESENTATION_CONTEXT(2) 
PARAMETRIC_REPRESENTATION_CONTEXT() REPRESENTATION_CONTEXT('2D SPACE',''
  ) );
#4362 = ORIENTED_EDGE('',*,*,#3230,.F.);
#4363 = ADVANCED_FACE('',(#4364),#3279,.F.);
#4364 = FACE_BOUND('',#4365,.T.);
#4365 = EDGE_LOOP('',(#4366,#4387,#4388,#4389));
#4366 = ORIENTED_EDGE('',*,*,#4367,.F.);
#4367 = EDGE_CURVE('',#4319,#4268,#4368,.T.);
#4368 = SURFACE_CURVE('',#4369,(#4373,#4380),.PCURVE_S1.);
#4369 = LINE('',#4370,#4371);
#4370 = CARTESIAN_POINT('',(-46.,36.35,44.));
#4371 = VECTOR('',#4372,1.);
#4372 = DIRECTION('',(-1.,1.184237892934E-15,0.));
#4373 = PCURVE('',#3279,#4374);
#4374 = DEFINITIONAL_REPRESENTATION('',(#4375),#4379);
#4375 = LINE('',#4376,#4377);
#4376 = CARTESIAN_POINT('',(-6.,-20.7));
#4377 = VECTOR('',#4378,1.);
#4378 = DIRECTION('',(-1.,-1.184237892934E-15));
#4379 = ( GEOMETRIC_REPRESENTATION_CONTEXT(2) 
PARAMETRIC_REPRESENTATION_CONTEXT() REPRESENTATION_CONTEXT('2D SPACE',''
  ) );
#4380 = PCURVE('',#3799,#4381);
#4381 = DEFINITIONAL_REPRESENTATION('',(#4382),#4386);
#4382 = LINE('',#4383,#4384);
#4383 = CARTESIAN_POINT('',(-4.5,9.));
#4384 = VECTOR('',#4385,1.);
#4385 = DIRECTION('',(-0.,-1.));
#4386 = ( GEOMETRIC_REPRESENTATION_CONTEXT(2) 
PARAMETRIC_REPRESENTATION_CONTEXT() REPRESENTATION_CONTEXT('2D SPACE',''
  ) );
#4387 = ORIENTED_EDGE('',*,*,#4342,.T.);
#4388 = ORIENTED_EDGE('',*,*,#3263,.T.);
#4389 = ORIENTED_EDGE('',*,*,#4267,.F.);
#4390 = ADVANCED_FACE('',(#4391),#3388,.F.);
#4391 = FACE_BOUND('',#4392,.T.);
#4392 = EDGE_LOOP('',(#4393,#4421,#4442,#4443));
#4393 = ORIENTED_EDGE('',*,*,#4394,.F.);
#4394 = EDGE_CURVE('',#4395,#4395,#4397,.T.);
#4395 = VERTEX_POINT('',#4396);
#4396 = CARTESIAN_POINT('',(-55.,36.35,41.2));
#4397 = SURFACE_CURVE('',#4398,(#4403,#4410),.PCURVE_S1.);
#4398 = CIRCLE('',#4399,1.7);
#4399 = AXIS2_PLACEMENT_3D('',#4400,#4401,#4402);
#4400 = CARTESIAN_POINT('',(-55.,36.35,39.5));
#4401 = DIRECTION('',(0.,1.,0.));
#4402 = DIRECTION('',(-0.,-0.,1.));
#4403 = PCURVE('',#3388,#4404);
#4404 = DEFINITIONAL_REPRESENTATION('',(#4405),#4409);
#4405 = LINE('',#4406,#4407);
#4406 = CARTESIAN_POINT('',(-0.,8.));
#4407 = VECTOR('',#4408,1.);
#4408 = DIRECTION('',(-1.,0.));
#4409 = ( GEOMETRIC_REPRESENTATION_CONTEXT(2) 
PARAMETRIC_REPRESENTATION_CONTEXT() REPRESENTATION_CONTEXT('2D SPACE',''
  ) );
#4410 = PCURVE('',#3799,#4411);
#4411 = DEFINITIONAL_REPRESENTATION('',(#4412),#4420);
#4412 = ( BOUNDED_CURVE() B_SPLINE_CURVE(2,(#4413,#4414,#4415,#4416,
#4417,#4418,#4419),.UNSPECIFIED.,.T.,.F.) B_SPLINE_CURVE_WITH_KNOTS((1,2
    ,2,2,2,1),(-2.094395102393,0.,2.094395102393,4.188790204786,
6.28318530718,8.377580409573),.UNSPECIFIED.) CURVE() 
GEOMETRIC_REPRESENTATION_ITEM() RATIONAL_B_SPLINE_CURVE((1.,0.5,1.,0.5,
1.,0.5,1.)) REPRESENTATION_ITEM('') );
#4413 = CARTESIAN_POINT('',(-1.7,0.));
#4414 = CARTESIAN_POINT('',(-1.7,2.944486372867));
#4415 = CARTESIAN_POINT('',(0.85,1.472243186434));
#4416 = CARTESIAN_POINT('',(3.4,4.163799117101E-16));
#4417 = CARTESIAN_POINT('',(0.85,-1.472243186434));
#4418 = CARTESIAN_POINT('',(-1.7,-2.944486372867));
#4419 = CARTESIAN_POINT('',(-1.7,0.));
#4420 = ( GEOMETRIC_REPRESENTATION_CONTEXT(2) 
PARAMETRIC_REPRESENTATION_CONTEXT() REPRESENTATION_CONTEXT('2D SPACE',''
  ) );
#4421 = ORIENTED_EDGE('',*,*,#4422,.F.);
#4422 = EDGE_CURVE('',#3372,#4395,#4423,.T.);
#4423 = SEAM_CURVE('',#4424,(#4428,#4435),.PCURVE_S1.);
#4424 = LINE('',#4425,#4426);
#4425 = CARTESIAN_POINT('',(-55.,44.35,41.2));
#4426 = VECTOR('',#4427,1.);
#4427 = DIRECTION('',(-0.,-1.,-0.));
#4428 = PCURVE('',#3388,#4429);
#4429 = DEFINITIONAL_REPRESENTATION('',(#4430),#4434);
#4430 = LINE('',#4431,#4432);
#4431 = CARTESIAN_POINT('',(-6.28318530718,-0.));
#4432 = VECTOR('',#4433,1.);
#4433 = DIRECTION('',(-0.,1.));
#4434 = ( GEOMETRIC_REPRESENTATION_CONTEXT(2) 
PARAMETRIC_REPRESENTATION_CONTEXT() REPRESENTATION_CONTEXT('2D SPACE',''
  ) );
#4435 = PCURVE('',#3388,#4436);
#4436 = DEFINITIONAL_REPRESENTATION('',(#4437),#4441);
#4437 = LINE('',#4438,#4439);
#4438 = CARTESIAN_POINT('',(-0.,-0.));
#4439 = VECTOR('',#4440,1.);
#4440 = DIRECTION('',(-0.,1.));
#4441 = ( GEOMETRIC_REPRESENTATION_CONTEXT(2) 
PARAMETRIC_REPRESENTATION_CONTEXT() REPRESENTATION_CONTEXT('2D SPACE',''
  ) );
#4442 = ORIENTED_EDGE('',*,*,#3371,.T.);
#4443 = ORIENTED_EDGE('',*,*,#4422,.T.);
#4444 = ADVANCED_FACE('',(#4445),#3592,.F.);
#4445 = FACE_BOUND('',#4446,.T.);
#4446 = EDGE_LOOP('',(#4447,#4470,#4496,#4497,#4498,#4499));
#4447 = ORIENTED_EDGE('',*,*,#4448,.T.);
#4448 = EDGE_CURVE('',#3835,#4449,#4451,.T.);
#4449 = VERTEX_POINT('',#4450);
#4450 = CARTESIAN_POINT('',(-55.3,30.,18.35));
#4451 = SEAM_CURVE('',#4452,(#4456,#4463),.PCURVE_S1.);
#4452 = LINE('',#4453,#4454);
#4453 = CARTESIAN_POINT('',(-58.5,30.,18.35));
#4454 = VECTOR('',#4455,1.);
#4455 = DIRECTION('',(1.,-0.,-0.));
#4456 = PCURVE('',#3592,#4457);
#4457 = DEFINITIONAL_REPRESENTATION('',(#4458),#4462);
#4458 = LINE('',#4459,#4460);
#4459 = CARTESIAN_POINT('',(-6.28318530718,-0.));
#4460 = VECTOR('',#4461,1.);
#4461 = DIRECTION('',(-0.,1.));
#4462 = ( GEOMETRIC_REPRESENTATION_CONTEXT(2) 
PARAMETRIC_REPRESENTATION_CONTEXT() REPRESENTATION_CONTEXT('2D SPACE',''
  ) );
#4463 = PCURVE('',#3592,#4464);
#4464 = DEFINITIONAL_REPRESENTATION('',(#4465),#4469);
#4465 = LINE('',#4466,#4467);
#4466 = CARTESIAN_POINT('',(-0.,-0.));
#4467 = VECTOR('',#4468,1.);
#4468 = DIRECTION('',(-0.,1.));
#4469 = ( GEOMETRIC_REPRESENTATION_CONTEXT(2) 
PARAMETRIC_REPRESENTATION_CONTEXT() REPRESENTATION_CONTEXT('2D SPACE',''
  ) );
#4470 = ORIENTED_EDGE('',*,*,#4471,.F.);
#4471 = EDGE_CURVE('',#4449,#4449,#4472,.T.);
#4472 = SURFACE_CURVE('',#4473,(#4478,#4485),.PCURVE_S1.);
#4473 = CIRCLE('',#4474,2.85);
#4474 = AXIS2_PLACEMENT_3D('',#4475,#4476,#4477);
#4475 = CARTESIAN_POINT('',(-55.3,30.,15.5));
#4476 = DIRECTION('',(-1.,-0.,-0.));
#4477 = DIRECTION('',(-0.,-0.,1.));
#4478 = PCURVE('',#3592,#4479);
#4479 = DEFINITIONAL_REPRESENTATION('',(#4480),#4484);
#4480 = LINE('',#4481,#4482);
#4481 = CARTESIAN_POINT('',(-0.,3.2));
#4482 = VECTOR('',#4483,1.);
#4483 = DIRECTION('',(-1.,0.));
#4484 = ( GEOMETRIC_REPRESENTATION_CONTEXT(2) 
PARAMETRIC_REPRESENTATION_CONTEXT() REPRESENTATION_CONTEXT('2D SPACE',''
  ) );
#4485 = PCURVE('',#4248,#4486);
#4486 = DEFINITIONAL_REPRESENTATION('',(#4487),#4495);
#4487 = ( BOUNDED_CURVE() B_SPLINE_CURVE(2,(#4488,#4489,#4490,#4491,
#4492,#4493,#4494),.UNSPECIFIED.,.T.,.F.) B_SPLINE_CURVE_WITH_KNOTS((1,2
    ,2,2,2,1),(-2.094395102393,0.,2.094395102393,4.188790204786,
6.28318530718,8.377580409573),.UNSPECIFIED.) CURVE() 
GEOMETRIC_REPRESENTATION_ITEM() RATIONAL_B_SPLINE_CURVE((1.,0.5,1.,0.5,
1.,0.5,1.)) REPRESENTATION_ITEM('') );
#4488 = CARTESIAN_POINT('',(-2.85,0.));
#4489 = CARTESIAN_POINT('',(-2.85,4.936344801571));
#4490 = CARTESIAN_POINT('',(1.425,2.468172400786));
#4491 = CARTESIAN_POINT('',(5.7,6.98048675514E-16));
#4492 = CARTESIAN_POINT('',(1.425,-2.468172400786));
#4493 = CARTESIAN_POINT('',(-2.85,-4.936344801571));
#4494 = CARTESIAN_POINT('',(-2.85,0.));
#4495 = ( GEOMETRIC_REPRESENTATION_CONTEXT(2) 
PARAMETRIC_REPRESENTATION_CONTEXT() REPRESENTATION_CONTEXT('2D SPACE',''
  ) );
#4496 = ORIENTED_EDGE('',*,*,#4448,.F.);
#4497 = ORIENTED_EDGE('',*,*,#3834,.T.);
#4498 = ORIENTED_EDGE('',*,*,#3428,.T.);
#4499 = ORIENTED_EDGE('',*,*,#3862,.T.);
#4500 = ADVANCED_FACE('',(#4501,#4557),#3799,.T.);
#4501 = FACE_BOUND('',#4502,.F.);
#4502 = EDGE_LOOP('',(#4503,#4504,#4505,#4506,#4507,#4530,#4556));
#4503 = ORIENTED_EDGE('',*,*,#4290,.F.);
#4504 = ORIENTED_EDGE('',*,*,#4367,.F.);
#4505 = ORIENTED_EDGE('',*,*,#4318,.F.);
#4506 = ORIENTED_EDGE('',*,*,#3920,.F.);
#4507 = ORIENTED_EDGE('',*,*,#4508,.F.);
#4508 = EDGE_CURVE('',#4509,#3921,#4511,.T.);
#4509 = VERTEX_POINT('',#4510);
#4510 = CARTESIAN_POINT('',(-55.,36.35,32.75));
#4511 = SURFACE_CURVE('',#4512,(#4516,#4523),.PCURVE_S1.);
#4512 = LINE('',#4513,#4514);
#4513 = CARTESIAN_POINT('',(-55.,36.35,32.75));
#4514 = VECTOR('',#4515,1.);
#4515 = DIRECTION('',(1.,-0.,-0.));
#4516 = PCURVE('',#3799,#4517);
#4517 = DEFINITIONAL_REPRESENTATION('',(#4518),#4522);
#4518 = LINE('',#4519,#4520);
#4519 = CARTESIAN_POINT('',(6.75,-0.));
#4520 = VECTOR('',#4521,1.);
#4521 = DIRECTION('',(-0.,1.));
#4522 = ( GEOMETRIC_REPRESENTATION_CONTEXT(2) 
PARAMETRIC_REPRESENTATION_CONTEXT() REPRESENTATION_CONTEXT('2D SPACE',''
  ) );
#4523 = PCURVE('',#3959,#4524);
#4524 = DEFINITIONAL_REPRESENTATION('',(#4525),#4529);
#4525 = LINE('',#4526,#4527);
#4526 = CARTESIAN_POINT('',(-0.,-12.7));
#4527 = VECTOR('',#4528,1.);
#4528 = DIRECTION('',(-1.,0.));
#4529 = ( GEOMETRIC_REPRESENTATION_CONTEXT(2) 
PARAMETRIC_REPRESENTATION_CONTEXT() REPRESENTATION_CONTEXT('2D SPACE',''
  ) );
#4530 = ORIENTED_EDGE('',*,*,#4531,.T.);
#4531 = EDGE_CURVE('',#4509,#3756,#4532,.T.);
#4532 = SURFACE_CURVE('',#4533,(#4538,#4549),.PCURVE_S1.);
#4533 = CIRCLE('',#4534,6.75);
#4534 = AXIS2_PLACEMENT_3D('',#4535,#4536,#4537);
#4535 = CARTESIAN_POINT('',(-55.,36.35,39.5));
#4536 = DIRECTION('',(0.,1.,0.));
#4537 = DIRECTION('',(-0.,-0.,1.));
#4538 = PCURVE('',#3799,#4539);
#4539 = DEFINITIONAL_REPRESENTATION('',(#4540),#4548);
#4540 = ( BOUNDED_CURVE() B_SPLINE_CURVE(2,(#4541,#4542,#4543,#4544,
#4545,#4546,#4547),.UNSPECIFIED.,.T.,.F.) B_SPLINE_CURVE_WITH_KNOTS((1,2
    ,2,2,2,1),(-2.094395102393,0.,2.094395102393,4.188790204786,
6.28318530718,8.377580409573),.UNSPECIFIED.) CURVE() 
GEOMETRIC_REPRESENTATION_ITEM() RATIONAL_B_SPLINE_CURVE((1.,0.5,1.,0.5,
1.,0.5,1.)) REPRESENTATION_ITEM('') );
#4541 = CARTESIAN_POINT('',(-6.75,0.));
#4542 = CARTESIAN_POINT('',(-6.75,11.69134295109));
#4543 = CARTESIAN_POINT('',(3.375,5.845671475545));
#4544 = CARTESIAN_POINT('',(13.5,1.653273178849E-15));
#4545 = CARTESIAN_POINT('',(3.375,-5.845671475545));
#4546 = CARTESIAN_POINT('',(-6.75,-11.69134295109));
#4547 = CARTESIAN_POINT('',(-6.75,0.));
#4548 = ( GEOMETRIC_REPRESENTATION_CONTEXT(2) 
PARAMETRIC_REPRESENTATION_CONTEXT() REPRESENTATION_CONTEXT('2D SPACE',''
  ) );
#4549 = PCURVE('',#3771,#4550);
#4550 = DEFINITIONAL_REPRESENTATION('',(#4551),#4555);
#4551 = LINE('',#4552,#4553);
#4552 = CARTESIAN_POINT('',(-0.,0.));
#4553 = VECTOR('',#4554,1.);
#4554 = DIRECTION('',(-1.,0.));
#4555 = ( GEOMETRIC_REPRESENTATION_CONTEXT(2) 
PARAMETRIC_REPRESENTATION_CONTEXT() REPRESENTATION_CONTEXT('2D SPACE',''
  ) );
#4556 = ORIENTED_EDGE('',*,*,#3783,.T.);
#4557 = FACE_BOUND('',#4558,.F.);
#4558 = EDGE_LOOP('',(#4559));
#4559 = ORIENTED_EDGE('',*,*,#4394,.F.);
#4560 = ADVANCED_FACE('',(#4561),#3771,.F.);
#4561 = FACE_BOUND('',#4562,.T.);
#4562 = EDGE_LOOP('',(#4563,#4591,#4612,#4613));
#4563 = ORIENTED_EDGE('',*,*,#4564,.F.);
#4564 = EDGE_CURVE('',#4565,#3728,#4567,.T.);
#4565 = VERTEX_POINT('',#4566);
#4566 = CARTESIAN_POINT('',(-55.,23.65,32.75));
#4567 = SURFACE_CURVE('',#4568,(#4573,#4580),.PCURVE_S1.);
#4568 = CIRCLE('',#4569,6.75);
#4569 = AXIS2_PLACEMENT_3D('',#4570,#4571,#4572);
#4570 = CARTESIAN_POINT('',(-55.,23.65,39.5));
#4571 = DIRECTION('',(0.,1.,0.));
#4572 = DIRECTION('',(-0.,-0.,1.));
#4573 = PCURVE('',#3771,#4574);
#4574 = DEFINITIONAL_REPRESENTATION('',(#4575),#4579);
#4575 = LINE('',#4576,#4577);
#4576 = CARTESIAN_POINT('',(-0.,12.7));
#4577 = VECTOR('',#4578,1.);
#4578 = DIRECTION('',(-1.,0.));
#4579 = ( GEOMETRIC_REPRESENTATION_CONTEXT(2) 
PARAMETRIC_REPRESENTATION_CONTEXT() REPRESENTATION_CONTEXT('2D SPACE',''
  ) );
#4580 = PCURVE('',#3743,#4581);
#4581 = DEFINITIONAL_REPRESENTATION('',(#4582),#4590);
#4582 = ( BOUNDED_CURVE() B_SPLINE_CURVE(2,(#4583,#4584,#4585,#4586,
#4587,#4588,#4589),.UNSPECIFIED.,.T.,.F.) B_SPLINE_CURVE_WITH_KNOTS((1,2
    ,2,2,2,1),(-2.094395102393,0.,2.094395102393,4.188790204786,
6.28318530718,8.377580409573),.UNSPECIFIED.) CURVE() 
GEOMETRIC_REPRESENTATION_ITEM() RATIONAL_B_SPLINE_CURVE((1.,0.5,1.,0.5,
1.,0.5,1.)) REPRESENTATION_ITEM('') );
#4583 = CARTESIAN_POINT('',(-6.75,0.));
#4584 = CARTESIAN_POINT('',(-6.75,11.69134295109));
#4585 = CARTESIAN_POINT('',(3.375,5.845671475545));
#4586 = CARTESIAN_POINT('',(13.5,1.653273178849E-15));
#4587 = CARTESIAN_POINT('',(3.375,-5.845671475545));
#4588 = CARTESIAN_POINT('',(-6.75,-11.69134295109));
#4589 = CARTESIAN_POINT('',(-6.75,0.));
#4590 = ( GEOMETRIC_REPRESENTATION_CONTEXT(2) 
PARAMETRIC_REPRESENTATION_CONTEXT() REPRESENTATION_CONTEXT('2D SPACE',''
  ) );
#4591 = ORIENTED_EDGE('',*,*,#4592,.T.);
#4592 = EDGE_CURVE('',#4565,#4509,#4593,.T.);
#4593 = SURFACE_CURVE('',#4594,(#4598,#4605),.PCURVE_S1.);
#4594 = LINE('',#4595,#4596);
#4595 = CARTESIAN_POINT('',(-55.,23.65,32.75));
#4596 = VECTOR('',#4597,1.);
#4597 = DIRECTION('',(-0.,1.,-0.));
#4598 = PCURVE('',#3771,#4599);
#4599 = DEFINITIONAL_REPRESENTATION('',(#4600),#4604);
#4600 = LINE('',#4601,#4602);
#4601 = CARTESIAN_POINT('',(-3.14159265359,12.7));
#4602 = VECTOR('',#4603,1.);
#4603 = DIRECTION('',(-0.,-1.));
#4604 = ( GEOMETRIC_REPRESENTATION_CONTEXT(2) 
PARAMETRIC_REPRESENTATION_CONTEXT() REPRESENTATION_CONTEXT('2D SPACE',''
  ) );
#4605 = PCURVE('',#3959,#4606);
#4606 = DEFINITIONAL_REPRESENTATION('',(#4607),#4611);
#4607 = LINE('',#4608,#4609);
#4608 = CARTESIAN_POINT('',(-0.,-0.));
#4609 = VECTOR('',#4610,1.);
#4610 = DIRECTION('',(-0.,-1.));
#4611 = ( GEOMETRIC_REPRESENTATION_CONTEXT(2) 
PARAMETRIC_REPRESENTATION_CONTEXT() REPRESENTATION_CONTEXT('2D SPACE',''
  ) );
#4612 = ORIENTED_EDGE('',*,*,#4531,.T.);
#4613 = ORIENTED_EDGE('',*,*,#3755,.T.);
#4614 = ADVANCED_FACE('',(#4615,#4644),#3743,.F.);
#4615 = FACE_BOUND('',#4616,.T.);
#4616 = EDGE_LOOP('',(#4617,#4618,#4619,#4620,#4621,#4642,#4643));
#4617 = ORIENTED_EDGE('',*,*,#4043,.T.);
#4618 = ORIENTED_EDGE('',*,*,#4124,.T.);
#4619 = ORIENTED_EDGE('',*,*,#4097,.F.);
#4620 = ORIENTED_EDGE('',*,*,#3971,.F.);
#4621 = ORIENTED_EDGE('',*,*,#4622,.F.);
#4622 = EDGE_CURVE('',#4565,#3944,#4623,.T.);
#4623 = SURFACE_CURVE('',#4624,(#4628,#4635),.PCURVE_S1.);
#4624 = LINE('',#4625,#4626);
#4625 = CARTESIAN_POINT('',(-55.,23.65,32.75));
#4626 = VECTOR('',#4627,1.);
#4627 = DIRECTION('',(1.,-0.,-0.));
#4628 = PCURVE('',#3743,#4629);
#4629 = DEFINITIONAL_REPRESENTATION('',(#4630),#4634);
#4630 = LINE('',#4631,#4632);
#4631 = CARTESIAN_POINT('',(6.75,-0.));
#4632 = VECTOR('',#4633,1.);
#4633 = DIRECTION('',(-0.,1.));
#4634 = ( GEOMETRIC_REPRESENTATION_CONTEXT(2) 
PARAMETRIC_REPRESENTATION_CONTEXT() REPRESENTATION_CONTEXT('2D SPACE',''
  ) );
#4635 = PCURVE('',#3959,#4636);
#4636 = DEFINITIONAL_REPRESENTATION('',(#4637),#4641);
#4637 = LINE('',#4638,#4639);
#4638 = CARTESIAN_POINT('',(-0.,-0.));
#4639 = VECTOR('',#4640,1.);
#4640 = DIRECTION('',(-1.,0.));
#4641 = ( GEOMETRIC_REPRESENTATION_CONTEXT(2) 
PARAMETRIC_REPRESENTATION_CONTEXT() REPRESENTATION_CONTEXT('2D SPACE',''
  ) );
#4642 = ORIENTED_EDGE('',*,*,#4564,.T.);
#4643 = ORIENTED_EDGE('',*,*,#3727,.T.);
#4644 = FACE_BOUND('',#4645,.T.);
#4645 = EDGE_LOOP('',(#4646));
#4646 = ORIENTED_EDGE('',*,*,#4647,.F.);
#4647 = EDGE_CURVE('',#4648,#4648,#4650,.T.);
#4648 = VERTEX_POINT('',#4649);
#4649 = CARTESIAN_POINT('',(-55.,23.65,41.2));
#4650 = SURFACE_CURVE('',#4651,(#4656,#4667),.PCURVE_S1.);
#4651 = CIRCLE('',#4652,1.7);
#4652 = AXIS2_PLACEMENT_3D('',#4653,#4654,#4655);
#4653 = CARTESIAN_POINT('',(-55.,23.65,39.5));
#4654 = DIRECTION('',(0.,1.,0.));
#4655 = DIRECTION('',(-0.,-0.,1.));
#4656 = PCURVE('',#3743,#4657);
#4657 = DEFINITIONAL_REPRESENTATION('',(#4658),#4666);
#4658 = ( BOUNDED_CURVE() B_SPLINE_CURVE(2,(#4659,#4660,#4661,#4662,
#4663,#4664,#4665),.UNSPECIFIED.,.T.,.F.) B_SPLINE_CURVE_WITH_KNOTS((1,2
    ,2,2,2,1),(-2.094395102393,0.,2.094395102393,4.188790204786,
6.28318530718,8.377580409573),.UNSPECIFIED.) CURVE() 
GEOMETRIC_REPRESENTATION_ITEM() RATIONAL_B_SPLINE_CURVE((1.,0.5,1.,0.5,
1.,0.5,1.)) REPRESENTATION_ITEM('') );
#4659 = CARTESIAN_POINT('',(-1.7,0.));
#4660 = CARTESIAN_POINT('',(-1.7,2.944486372867));
#4661 = CARTESIAN_POINT('',(0.85,1.472243186434));
#4662 = CARTESIAN_POINT('',(3.4,4.163799117101E-16));
#4663 = CARTESIAN_POINT('',(0.85,-1.472243186434));
#4664 = CARTESIAN_POINT('',(-1.7,-2.944486372867));
#4665 = CARTESIAN_POINT('',(-1.7,0.));
#4666 = ( GEOMETRIC_REPRESENTATION_CONTEXT(2) 
PARAMETRIC_REPRESENTATION_CONTEXT() REPRESENTATION_CONTEXT('2D SPACE',''
  ) );
#4667 = PCURVE('',#4668,#4673);
#4668 = CYLINDRICAL_SURFACE('',#4669,1.7);
#4669 = AXIS2_PLACEMENT_3D('',#4670,#4671,#4672);
#4670 = CARTESIAN_POINT('',(-55.,44.35,39.5));
#4671 = DIRECTION('',(-0.,-1.,-0.));
#4672 = DIRECTION('',(-0.,-0.,1.));
#4673 = DEFINITIONAL_REPRESENTATION('',(#4674),#4678);
#4674 = LINE('',#4675,#4676);
#4675 = CARTESIAN_POINT('',(-0.,20.7));
#4676 = VECTOR('',#4677,1.);
#4677 = DIRECTION('',(-1.,0.));
#4678 = ( GEOMETRIC_REPRESENTATION_CONTEXT(2) 
PARAMETRIC_REPRESENTATION_CONTEXT() REPRESENTATION_CONTEXT('2D SPACE',''
  ) );
#4679 = ADVANCED_FACE('',(#4680),#3959,.T.);
#4680 = FACE_BOUND('',#4681,.F.);
#4681 = EDGE_LOOP('',(#4682,#4683,#4684,#4685));
#4682 = ORIENTED_EDGE('',*,*,#4622,.F.);
#4683 = ORIENTED_EDGE('',*,*,#4592,.T.);
#4684 = ORIENTED_EDGE('',*,*,#4508,.T.);
#4685 = ORIENTED_EDGE('',*,*,#3943,.T.);
#4686 = ADVANCED_FACE('',(#4687,#4690),#4188,.T.);
#4687 = FACE_BOUND('',#4688,.F.);
#4688 = EDGE_LOOP('',(#4689));
#4689 = ORIENTED_EDGE('',*,*,#4173,.T.);
#4690 = FACE_BOUND('',#4691,.F.);
#4691 = EDGE_LOOP('',(#4692));
#4692 = ORIENTED_EDGE('',*,*,#4693,.F.);
#4693 = EDGE_CURVE('',#4694,#4694,#4696,.T.);
#4694 = VERTEX_POINT('',#4695);
#4695 = CARTESIAN_POINT('',(-55.,21.65,41.2));
#4696 = SURFACE_CURVE('',#4697,(#4702,#4713),.PCURVE_S1.);
#4697 = CIRCLE('',#4698,1.7);
#4698 = AXIS2_PLACEMENT_3D('',#4699,#4700,#4701);
#4699 = CARTESIAN_POINT('',(-55.,21.65,39.5));
#4700 = DIRECTION('',(0.,1.,0.));
#4701 = DIRECTION('',(-0.,-0.,1.));
#4702 = PCURVE('',#4188,#4703);
#4703 = DEFINITIONAL_REPRESENTATION('',(#4704),#4712);
#4704 = ( BOUNDED_CURVE() B_SPLINE_CURVE(2,(#4705,#4706,#4707,#4708,
#4709,#4710,#4711),.UNSPECIFIED.,.T.,.F.) B_SPLINE_CURVE_WITH_KNOTS((1,2
    ,2,2,2,1),(-2.094395102393,0.,2.094395102393,4.188790204786,
6.28318530718,8.377580409573),.UNSPECIFIED.) CURVE() 
GEOMETRIC_REPRESENTATION_ITEM() RATIONAL_B_SPLINE_CURVE((1.,0.5,1.,0.5,
1.,0.5,1.)) REPRESENTATION_ITEM('') );
#4705 = CARTESIAN_POINT('',(-1.7,0.));
#4706 = CARTESIAN_POINT('',(-1.7,2.944486372867));
#4707 = CARTESIAN_POINT('',(0.85,1.472243186434));
#4708 = CARTESIAN_POINT('',(3.4,4.163799117101E-16));
#4709 = CARTESIAN_POINT('',(0.85,-1.472243186434));
#4710 = CARTESIAN_POINT('',(-1.7,-2.944486372867));
#4711 = CARTESIAN_POINT('',(-1.7,0.));
#4712 = ( GEOMETRIC_REPRESENTATION_CONTEXT(2) 
PARAMETRIC_REPRESENTATION_CONTEXT() REPRESENTATION_CONTEXT('2D SPACE',''
  ) );
#4713 = PCURVE('',#4668,#4714);
#4714 = DEFINITIONAL_REPRESENTATION('',(#4715),#4719);
#4715 = LINE('',#4716,#4717);
#4716 = CARTESIAN_POINT('',(-0.,22.7));
#4717 = VECTOR('',#4718,1.);
#4718 = DIRECTION('',(-1.,0.));
#4719 = ( GEOMETRIC_REPRESENTATION_CONTEXT(2) 
PARAMETRIC_REPRESENTATION_CONTEXT() REPRESENTATION_CONTEXT('2D SPACE',''
  ) );
#4720 = ADVANCED_FACE('',(#4721,#4724),#4248,.F.);
#4721 = FACE_BOUND('',#4722,.T.);
#4722 = EDGE_LOOP('',(#4723));
#4723 = ORIENTED_EDGE('',*,*,#4471,.T.);
#4724 = FACE_BOUND('',#4725,.T.);
#4725 = EDGE_LOOP('',(#4726));
#4726 = ORIENTED_EDGE('',*,*,#4233,.F.);
#4727 = ADVANCED_FACE('',(#4728),#4668,.F.);
#4728 = FACE_BOUND('',#4729,.T.);
#4729 = EDGE_LOOP('',(#4730,#4731,#4752,#4753));
#4730 = ORIENTED_EDGE('',*,*,#4647,.T.);
#4731 = ORIENTED_EDGE('',*,*,#4732,.T.);
#4732 = EDGE_CURVE('',#4648,#4694,#4733,.T.);
#4733 = SEAM_CURVE('',#4734,(#4738,#4745),.PCURVE_S1.);
#4734 = LINE('',#4735,#4736);
#4735 = CARTESIAN_POINT('',(-55.,44.35,41.2));
#4736 = VECTOR('',#4737,1.);
#4737 = DIRECTION('',(-0.,-1.,-0.));
#4738 = PCURVE('',#4668,#4739);
#4739 = DEFINITIONAL_REPRESENTATION('',(#4740),#4744);
#4740 = LINE('',#4741,#4742);
#4741 = CARTESIAN_POINT('',(-0.,-0.));
#4742 = VECTOR('',#4743,1.);
#4743 = DIRECTION('',(-0.,1.));
#4744 = ( GEOMETRIC_REPRESENTATION_CONTEXT(2) 
PARAMETRIC_REPRESENTATION_CONTEXT() REPRESENTATION_CONTEXT('2D SPACE',''
  ) );
#4745 = PCURVE('',#4668,#4746);
#4746 = DEFINITIONAL_REPRESENTATION('',(#4747),#4751);
#4747 = LINE('',#4748,#4749);
#4748 = CARTESIAN_POINT('',(-6.28318530718,-0.));
#4749 = VECTOR('',#4750,1.);
#4750 = DIRECTION('',(-0.,1.));
#4751 = ( GEOMETRIC_REPRESENTATION_CONTEXT(2) 
PARAMETRIC_REPRESENTATION_CONTEXT() REPRESENTATION_CONTEXT('2D SPACE',''
  ) );
#4752 = ORIENTED_EDGE('',*,*,#4693,.F.);
#4753 = ORIENTED_EDGE('',*,*,#4732,.F.);
#4754 = ( GEOMETRIC_REPRESENTATION_CONTEXT(3) 
GLOBAL_UNCERTAINTY_ASSIGNED_CONTEXT((#4758)) 
GLOBAL_UNIT_ASSIGNED_CONTEXT((#4755,#4756,#4757)) REPRESENTATION_CONTEXT
('Context #1','3D Context with UNIT and UNCERTAINTY') );
#4755 = ( LENGTH_UNIT() NAMED_UNIT(*) SI_UNIT(.MILLI.,.METRE.) );
#4756 = ( NAMED_UNIT(*) PLANE_ANGLE_UNIT() SI_UNIT($,.RADIAN.) );
#4757 = ( NAMED_UNIT(*) SI_UNIT($,.STERADIAN.) SOLID_ANGLE_UNIT() );
#4758 = UNCERTAINTY_MEASURE_WITH_UNIT(LENGTH_MEASURE(1.E-07),#4755,
  'distance_accuracy_value','confusion accuracy');
#4759 = CONTEXT_DEPENDENT_SHAPE_REPRESENTATION(#4760,#4762);
#4760 = ( REPRESENTATION_RELATIONSHIP('','',#2324,#10) 
REPRESENTATION_RELATIONSHIP_WITH_TRANSFORMATION(#4761) 
SHAPE_REPRESENTATION_RELATIONSHIP() );
#4761 = ITEM_DEFINED_TRANSFORMATION('','',#11,#19);
#4762 = PRODUCT_DEFINITION_SHAPE('Placement','Placement of an item',
  #4763);
#4763 = NEXT_ASSEMBLY_USAGE_OCCURRENCE('10','','',#5,#2319,$);
#4764 = PRODUCT_RELATED_PRODUCT_CATEGORY('part',$,(#2321));
#4765 = SHAPE_DEFINITION_REPRESENTATION(#4766,#4772);
#4766 = PRODUCT_DEFINITION_SHAPE('','',#4767);
#4767 = PRODUCT_DEFINITION('design','',#4768,#4771);
#4768 = PRODUCT_DEFINITION_FORMATION('','',#4769);
#4769 = PRODUCT('Open CASCADE STEP translator 7.9 10.3',
  'Open CASCADE STEP translator 7.9 10.3','',(#4770));
#4770 = PRODUCT_CONTEXT('',#2,'mechanical');
#4771 = PRODUCT_DEFINITION_CONTEXT('part definition',#2,'design');
#4772 = ADVANCED_BREP_SHAPE_REPRESENTATION('',(#11,#4773),#7202);
#4773 = MANIFOLD_SOLID_BREP('',#4774);
#4774 = CLOSED_SHELL('',(#4775,#5002,#5237,#5373,#5559,#5595,#5649,#5847
    ,#6147,#6336,#6462,#6516,#6566,#6593,#6652,#6711,#6761,#6811,#6838,
    #6892,#6948,#7008,#7062,#7127,#7134,#7168,#7175));
#4775 = ADVANCED_FACE('',(#4776),#4790,.F.);
#4776 = FACE_BOUND('',#4777,.T.);
#4777 = EDGE_LOOP('',(#4778,#4813,#4841,#4869,#4897,#4925,#4953,#4976));
#4778 = ORIENTED_EDGE('',*,*,#4779,.F.);
#4779 = EDGE_CURVE('',#4780,#4782,#4784,.T.);
#4780 = VERTEX_POINT('',#4781);
#4781 = CARTESIAN_POINT('',(-52.,-44.35,11.));
#4782 = VERTEX_POINT('',#4783);
#4783 = CARTESIAN_POINT('',(-46.,-44.35,11.));
#4784 = SURFACE_CURVE('',#4785,(#4789,#4801),.PCURVE_S1.);
#4785 = LINE('',#4786,#4787);
#4786 = CARTESIAN_POINT('',(-58.,-44.35,11.));
#4787 = VECTOR('',#4788,1.);
#4788 = DIRECTION('',(1.,-0.,-0.));
#4789 = PCURVE('',#4790,#4795);
#4790 = PLANE('',#4791);
#4791 = AXIS2_PLACEMENT_3D('',#4792,#4793,#4794);
#4792 = CARTESIAN_POINT('',(-58.,-44.35,11.));
#4793 = DIRECTION('',(-0.,-0.,1.));
#4794 = DIRECTION('',(-1.,0.,0.));
#4795 = DEFINITIONAL_REPRESENTATION('',(#4796),#4800);
#4796 = LINE('',#4797,#4798);
#4797 = CARTESIAN_POINT('',(-0.,-0.));
#4798 = VECTOR('',#4799,1.);
#4799 = DIRECTION('',(-1.,0.));
#4800 = ( GEOMETRIC_REPRESENTATION_CONTEXT(2) 
PARAMETRIC_REPRESENTATION_CONTEXT() REPRESENTATION_CONTEXT('2D SPACE',''
  ) );
#4801 = PCURVE('',#4802,#4807);
#4802 = PLANE('',#4803);
#4803 = AXIS2_PLACEMENT_3D('',#4804,#4805,#4806);
#4804 = CARTESIAN_POINT('',(-49.,-44.35,27.5));
#4805 = DIRECTION('',(-0.,1.,-0.));
#4806 = DIRECTION('',(0.,0.,1.));
#4807 = DEFINITIONAL_REPRESENTATION('',(#4808),#4812);
#4808 = LINE('',#4809,#4810);
#4809 = CARTESIAN_POINT('',(-16.5,-9.));
#4810 = VECTOR('',#4811,1.);
#4811 = DIRECTION('',(-0.,1.));
#4812 = ( GEOMETRIC_REPRESENTATION_CONTEXT(2) 
PARAMETRIC_REPRESENTATION_CONTEXT() REPRESENTATION_CONTEXT('2D SPACE',''
  ) );
#4813 = ORIENTED_EDGE('',*,*,#4814,.T.);
#4814 = EDGE_CURVE('',#4780,#4815,#4817,.T.);
#4815 = VERTEX_POINT('',#4816);
#4816 = CARTESIAN_POINT('',(-52.,-15.65,11.));
#4817 = SURFACE_CURVE('',#4818,(#4822,#4829),.PCURVE_S1.);
#4818 = LINE('',#4819,#4820);
#4819 = CARTESIAN_POINT('',(-52.,-44.35,11.));
#4820 = VECTOR('',#4821,1.);
#4821 = DIRECTION('',(-0.,1.,-0.));
#4822 = PCURVE('',#4790,#4823);
#4823 = DEFINITIONAL_REPRESENTATION('',(#4824),#4828);
#4824 = LINE('',#4825,#4826);
#4825 = CARTESIAN_POINT('',(-6.,-0.));
#4826 = VECTOR('',#4827,1.);
#4827 = DIRECTION('',(-0.,-1.));
#4828 = ( GEOMETRIC_REPRESENTATION_CONTEXT(2) 
PARAMETRIC_REPRESENTATION_CONTEXT() REPRESENTATION_CONTEXT('2D SPACE',''
  ) );
#4829 = PCURVE('',#4830,#4835);
#4830 = CYLINDRICAL_SURFACE('',#4831,6.);
#4831 = AXIS2_PLACEMENT_3D('',#4832,#4833,#4834);
#4832 = CARTESIAN_POINT('',(-52.,-44.35,17.));
#4833 = DIRECTION('',(-0.,1.,-0.));
#4834 = DIRECTION('',(0.,-0.,-1.));
#4835 = DEFINITIONAL_REPRESENTATION('',(#4836),#4840);
#4836 = LINE('',#4837,#4838);
#4837 = CARTESIAN_POINT('',(0.,0.));
#4838 = VECTOR('',#4839,1.);
#4839 = DIRECTION('',(0.,1.));
#4840 = ( GEOMETRIC_REPRESENTATION_CONTEXT(2) 
PARAMETRIC_REPRESENTATION_CONTEXT() REPRESENTATION_CONTEXT('2D SPACE',''
  ) );
#4841 = ORIENTED_EDGE('',*,*,#4842,.T.);
#4842 = EDGE_CURVE('',#4815,#4843,#4845,.T.);
#4843 = VERTEX_POINT('',#4844);
#4844 = CARTESIAN_POINT('',(-46.,-15.65,11.));
#4845 = SURFACE_CURVE('',#4846,(#4850,#4857),.PCURVE_S1.);
#4846 = LINE('',#4847,#4848);
#4847 = CARTESIAN_POINT('',(-58.,-15.65,11.));
#4848 = VECTOR('',#4849,1.);
#4849 = DIRECTION('',(1.,-0.,-0.));
#4850 = PCURVE('',#4790,#4851);
#4851 = DEFINITIONAL_REPRESENTATION('',(#4852),#4856);
#4852 = LINE('',#4853,#4854);
#4853 = CARTESIAN_POINT('',(-0.,-28.7));
#4854 = VECTOR('',#4855,1.);
#4855 = DIRECTION('',(-1.,0.));
#4856 = ( GEOMETRIC_REPRESENTATION_CONTEXT(2) 
PARAMETRIC_REPRESENTATION_CONTEXT() REPRESENTATION_CONTEXT('2D SPACE',''
  ) );
#4857 = PCURVE('',#4858,#4863);
#4858 = PLANE('',#4859);
#4859 = AXIS2_PLACEMENT_3D('',#4860,#4861,#4862);
#4860 = CARTESIAN_POINT('',(-49.,-15.65,27.5));
#4861 = DIRECTION('',(-0.,1.,-0.));
#4862 = DIRECTION('',(0.,0.,1.));
#4863 = DEFINITIONAL_REPRESENTATION('',(#4864),#4868);
#4864 = LINE('',#4865,#4866);
#4865 = CARTESIAN_POINT('',(-16.5,-9.));
#4866 = VECTOR('',#4867,1.);
#4867 = DIRECTION('',(-0.,1.));
#4868 = ( GEOMETRIC_REPRESENTATION_CONTEXT(2) 
PARAMETRIC_REPRESENTATION_CONTEXT() REPRESENTATION_CONTEXT('2D SPACE',''
  ) );
#4869 = ORIENTED_EDGE('',*,*,#4870,.F.);
#4870 = EDGE_CURVE('',#4871,#4843,#4873,.T.);
#4871 = VERTEX_POINT('',#4872);
#4872 = CARTESIAN_POINT('',(-46.,-26.42054473418,11.));
#4873 = SURFACE_CURVE('',#4874,(#4878,#4885),.PCURVE_S1.);
#4874 = LINE('',#4875,#4876);
#4875 = CARTESIAN_POINT('',(-46.,-44.35,11.));
#4876 = VECTOR('',#4877,1.);
#4877 = DIRECTION('',(-0.,1.,-0.));
#4878 = PCURVE('',#4790,#4879);
#4879 = DEFINITIONAL_REPRESENTATION('',(#4880),#4884);
#4880 = LINE('',#4881,#4882);
#4881 = CARTESIAN_POINT('',(-12.,-0.));
#4882 = VECTOR('',#4883,1.);
#4883 = DIRECTION('',(-0.,-1.));
#4884 = ( GEOMETRIC_REPRESENTATION_CONTEXT(2) 
PARAMETRIC_REPRESENTATION_CONTEXT() REPRESENTATION_CONTEXT('2D SPACE',''
  ) );
#4885 = PCURVE('',#4886,#4891);
#4886 = CYLINDRICAL_SURFACE('',#4887,6.);
#4887 = AXIS2_PLACEMENT_3D('',#4888,#4889,#4890);
#4888 = CARTESIAN_POINT('',(-46.,-44.35,17.));
#4889 = DIRECTION('',(-0.,1.,-0.));
#4890 = DIRECTION('',(0.,-0.,-1.));
#4891 = DEFINITIONAL_REPRESENTATION('',(#4892),#4896);
#4892 = LINE('',#4893,#4894);
#4893 = CARTESIAN_POINT('',(-0.,0.));
#4894 = VECTOR('',#4895,1.);
#4895 = DIRECTION('',(-0.,1.));
#4896 = ( GEOMETRIC_REPRESENTATION_CONTEXT(2) 
PARAMETRIC_REPRESENTATION_CONTEXT() REPRESENTATION_CONTEXT('2D SPACE',''
  ) );
#4897 = ORIENTED_EDGE('',*,*,#4898,.T.);
#4898 = EDGE_CURVE('',#4871,#4899,#4901,.T.);
#4899 = VERTEX_POINT('',#4900);
#4900 = CARTESIAN_POINT('',(-49.,-26.42054473418,11.));
#4901 = SURFACE_CURVE('',#4902,(#4906,#4913),.PCURVE_S1.);
#4902 = LINE('',#4903,#4904);
#4903 = CARTESIAN_POINT('',(-39.5,-26.42054473418,11.));
#4904 = VECTOR('',#4905,1.);
#4905 = DIRECTION('',(-1.,-0.,-0.));
#4906 = PCURVE('',#4790,#4907);
#4907 = DEFINITIONAL_REPRESENTATION('',(#4908),#4912);
#4908 = LINE('',#4909,#4910);
#4909 = CARTESIAN_POINT('',(-18.5,-17.92945526581));
#4910 = VECTOR('',#4911,1.);
#4911 = DIRECTION('',(1.,-0.));
#4912 = ( GEOMETRIC_REPRESENTATION_CONTEXT(2) 
PARAMETRIC_REPRESENTATION_CONTEXT() REPRESENTATION_CONTEXT('2D SPACE',''
  ) );
#4913 = PCURVE('',#4914,#4919);
#4914 = CYLINDRICAL_SURFACE('',#4915,5.75);
#4915 = AXIS2_PLACEMENT_3D('',#4916,#4917,#4918);
#4916 = CARTESIAN_POINT('',(-39.5,-30.,15.5));
#4917 = DIRECTION('',(-1.,-0.,-0.));
#4918 = DIRECTION('',(-0.,-0.,-1.));
#4919 = DEFINITIONAL_REPRESENTATION('',(#4920),#4924);
#4920 = LINE('',#4921,#4922);
#4921 = CARTESIAN_POINT('',(-0.671950896496,0.));
#4922 = VECTOR('',#4923,1.);
#4923 = DIRECTION('',(-0.,1.));
#4924 = ( GEOMETRIC_REPRESENTATION_CONTEXT(2) 
PARAMETRIC_REPRESENTATION_CONTEXT() REPRESENTATION_CONTEXT('2D SPACE',''
  ) );
#4925 = ORIENTED_EDGE('',*,*,#4926,.F.);
#4926 = EDGE_CURVE('',#4927,#4899,#4929,.T.);
#4927 = VERTEX_POINT('',#4928);
#4928 = CARTESIAN_POINT('',(-49.,-33.57945526581,11.));
#4929 = SURFACE_CURVE('',#4930,(#4934,#4941),.PCURVE_S1.);
#4930 = LINE('',#4931,#4932);
#4931 = CARTESIAN_POINT('',(-49.,-37.175,11.));
#4932 = VECTOR('',#4933,1.);
#4933 = DIRECTION('',(-0.,1.,-0.));
#4934 = PCURVE('',#4790,#4935);
#4935 = DEFINITIONAL_REPRESENTATION('',(#4936),#4940);
#4936 = LINE('',#4937,#4938);
#4937 = CARTESIAN_POINT('',(-9.,-7.175));
#4938 = VECTOR('',#4939,1.);
#4939 = DIRECTION('',(-0.,-1.));
#4940 = ( GEOMETRIC_REPRESENTATION_CONTEXT(2) 
PARAMETRIC_REPRESENTATION_CONTEXT() REPRESENTATION_CONTEXT('2D SPACE',''
  ) );
#4941 = PCURVE('',#4942,#4947);
#4942 = PLANE('',#4943);
#4943 = AXIS2_PLACEMENT_3D('',#4944,#4945,#4946);
#4944 = CARTESIAN_POINT('',(-49.,-30.,15.5));
#4945 = DIRECTION('',(-1.,-0.,-0.));
#4946 = DIRECTION('',(0.,0.,1.));
#4947 = DEFINITIONAL_REPRESENTATION('',(#4948),#4952);
#4948 = LINE('',#4949,#4950);
#4949 = CARTESIAN_POINT('',(-4.5,-7.175));
#4950 = VECTOR('',#4951,1.);
#4951 = DIRECTION('',(0.,1.));
#4952 = ( GEOMETRIC_REPRESENTATION_CONTEXT(2) 
PARAMETRIC_REPRESENTATION_CONTEXT() REPRESENTATION_CONTEXT('2D SPACE',''
  ) );
#4953 = ORIENTED_EDGE('',*,*,#4954,.F.);
#4954 = EDGE_CURVE('',#4955,#4927,#4957,.T.);
#4955 = VERTEX_POINT('',#4956);
#4956 = CARTESIAN_POINT('',(-46.,-33.57945526581,11.));
#4957 = SURFACE_CURVE('',#4958,(#4962,#4969),.PCURVE_S1.);
#4958 = LINE('',#4959,#4960);
#4959 = CARTESIAN_POINT('',(-39.5,-33.57945526581,11.));
#4960 = VECTOR('',#4961,1.);
#4961 = DIRECTION('',(-1.,-0.,-0.));
#4962 = PCURVE('',#4790,#4963);
#4963 = DEFINITIONAL_REPRESENTATION('',(#4964),#4968);
#4964 = LINE('',#4965,#4966);
#4965 = CARTESIAN_POINT('',(-18.5,-10.77054473418));
#4966 = VECTOR('',#4967,1.);
#4967 = DIRECTION('',(1.,-0.));
#4968 = ( GEOMETRIC_REPRESENTATION_CONTEXT(2) 
PARAMETRIC_REPRESENTATION_CONTEXT() REPRESENTATION_CONTEXT('2D SPACE',''
  ) );
#4969 = PCURVE('',#4914,#4970);
#4970 = DEFINITIONAL_REPRESENTATION('',(#4971),#4975);
#4971 = LINE('',#4972,#4973);
#4972 = CARTESIAN_POINT('',(-5.611234410684,0.));
#4973 = VECTOR('',#4974,1.);
#4974 = DIRECTION('',(-0.,1.));
#4975 = ( GEOMETRIC_REPRESENTATION_CONTEXT(2) 
PARAMETRIC_REPRESENTATION_CONTEXT() REPRESENTATION_CONTEXT('2D SPACE',''
  ) );
#4976 = ORIENTED_EDGE('',*,*,#4977,.F.);
#4977 = EDGE_CURVE('',#4782,#4955,#4978,.T.);
#4978 = SURFACE_CURVE('',#4979,(#4983,#4990),.PCURVE_S1.);
#4979 = LINE('',#4980,#4981);
#4980 = CARTESIAN_POINT('',(-46.,-44.35,11.));
#4981 = VECTOR('',#4982,1.);
#4982 = DIRECTION('',(-0.,1.,-0.));
#4983 = PCURVE('',#4790,#4984);
#4984 = DEFINITIONAL_REPRESENTATION('',(#4985),#4989);
#4985 = LINE('',#4986,#4987);
#4986 = CARTESIAN_POINT('',(-12.,-0.));
#4987 = VECTOR('',#4988,1.);
#4988 = DIRECTION('',(-0.,-1.));
#4989 = ( GEOMETRIC_REPRESENTATION_CONTEXT(2) 
PARAMETRIC_REPRESENTATION_CONTEXT() REPRESENTATION_CONTEXT('2D SPACE',''
  ) );
#4990 = PCURVE('',#4991,#4996);
#4991 = CYLINDRICAL_SURFACE('',#4992,6.);
#4992 = AXIS2_PLACEMENT_3D('',#4993,#4994,#4995);
#4993 = CARTESIAN_POINT('',(-46.,-44.35,17.));
#4994 = DIRECTION('',(-0.,1.,-0.));
#4995 = DIRECTION('',(0.,-0.,-1.));
#4996 = DEFINITIONAL_REPRESENTATION('',(#4997),#5001);
#4997 = LINE('',#4998,#4999);
#4998 = CARTESIAN_POINT('',(-0.,0.));
#4999 = VECTOR('',#5000,1.);
#5000 = DIRECTION('',(-0.,1.));
#5001 = ( GEOMETRIC_REPRESENTATION_CONTEXT(2) 
PARAMETRIC_REPRESENTATION_CONTEXT() REPRESENTATION_CONTEXT('2D SPACE',''
  ) );
#5002 = ADVANCED_FACE('',(#5003,#5206),#4802,.F.);
#5003 = FACE_BOUND('',#5004,.T.);
#5004 = EDGE_LOOP('',(#5005,#5006,#5034,#5062,#5095,#5123,#5156,#5184));
#5005 = ORIENTED_EDGE('',*,*,#4779,.T.);
#5006 = ORIENTED_EDGE('',*,*,#5007,.T.);
#5007 = EDGE_CURVE('',#4782,#5008,#5010,.T.);
#5008 = VERTEX_POINT('',#5009);
#5009 = CARTESIAN_POINT('',(-40.,-44.35,17.));
#5010 = SURFACE_CURVE('',#5011,(#5016,#5027),.PCURVE_S1.);
#5011 = CIRCLE('',#5012,6.);
#5012 = AXIS2_PLACEMENT_3D('',#5013,#5014,#5015);
#5013 = CARTESIAN_POINT('',(-46.,-44.35,17.));
#5014 = DIRECTION('',(0.,-1.,0.));
#5015 = DIRECTION('',(0.,-0.,-1.));
#5016 = PCURVE('',#4802,#5017);
#5017 = DEFINITIONAL_REPRESENTATION('',(#5018),#5026);
#5018 = ( BOUNDED_CURVE() B_SPLINE_CURVE(2,(#5019,#5020,#5021,#5022,
#5023,#5024,#5025),.UNSPECIFIED.,.T.,.F.) B_SPLINE_CURVE_WITH_KNOTS((1,2
    ,2,2,2,1),(-2.094395102393,0.,2.094395102393,4.188790204786,
6.28318530718,8.377580409573),.UNSPECIFIED.) CURVE() 
GEOMETRIC_REPRESENTATION_ITEM() RATIONAL_B_SPLINE_CURVE((1.,0.5,1.,0.5,
1.,0.5,1.)) REPRESENTATION_ITEM('') );
#5019 = CARTESIAN_POINT('',(-16.5,3.));
#5020 = CARTESIAN_POINT('',(-16.5,13.392304845413));
#5021 = CARTESIAN_POINT('',(-7.5,8.196152422707));
#5022 = CARTESIAN_POINT('',(1.5,3.));
#5023 = CARTESIAN_POINT('',(-7.5,-2.196152422707));
#5024 = CARTESIAN_POINT('',(-16.5,-7.392304845413));
#5025 = CARTESIAN_POINT('',(-16.5,3.));
#5026 = ( GEOMETRIC_REPRESENTATION_CONTEXT(2) 
PARAMETRIC_REPRESENTATION_CONTEXT() REPRESENTATION_CONTEXT('2D SPACE',''
  ) );
#5027 = PCURVE('',#4991,#5028);
#5028 = DEFINITIONAL_REPRESENTATION('',(#5029),#5033);
#5029 = LINE('',#5030,#5031);
#5030 = CARTESIAN_POINT('',(-0.,0.));
#5031 = VECTOR('',#5032,1.);
#5032 = DIRECTION('',(-1.,0.));
#5033 = ( GEOMETRIC_REPRESENTATION_CONTEXT(2) 
PARAMETRIC_REPRESENTATION_CONTEXT() REPRESENTATION_CONTEXT('2D SPACE',''
  ) );
#5034 = ORIENTED_EDGE('',*,*,#5035,.T.);
#5035 = EDGE_CURVE('',#5008,#5036,#5038,.T.);
#5036 = VERTEX_POINT('',#5037);
#5037 = CARTESIAN_POINT('',(-40.,-44.35,38.));
#5038 = SURFACE_CURVE('',#5039,(#5043,#5050),.PCURVE_S1.);
#5039 = LINE('',#5040,#5041);
#5040 = CARTESIAN_POINT('',(-40.,-44.35,11.));
#5041 = VECTOR('',#5042,1.);
#5042 = DIRECTION('',(-0.,-0.,1.));
#5043 = PCURVE('',#4802,#5044);
#5044 = DEFINITIONAL_REPRESENTATION('',(#5045),#5049);
#5045 = LINE('',#5046,#5047);
#5046 = CARTESIAN_POINT('',(-16.5,9.));
#5047 = VECTOR('',#5048,1.);
#5048 = DIRECTION('',(1.,-0.));
#5049 = ( GEOMETRIC_REPRESENTATION_CONTEXT(2) 
PARAMETRIC_REPRESENTATION_CONTEXT() REPRESENTATION_CONTEXT('2D SPACE',''
  ) );
#5050 = PCURVE('',#5051,#5056);
#5051 = PLANE('',#5052);
#5052 = AXIS2_PLACEMENT_3D('',#5053,#5054,#5055);
#5053 = CARTESIAN_POINT('',(-40.,-44.35,11.));
#5054 = DIRECTION('',(-1.,-0.,-0.));
#5055 = DIRECTION('',(0.,0.,-1.));
#5056 = DEFINITIONAL_REPRESENTATION('',(#5057),#5061);
#5057 = LINE('',#5058,#5059);
#5058 = CARTESIAN_POINT('',(-0.,-0.));
#5059 = VECTOR('',#5060,1.);
#5060 = DIRECTION('',(-1.,-0.));
#5061 = ( GEOMETRIC_REPRESENTATION_CONTEXT(2) 
PARAMETRIC_REPRESENTATION_CONTEXT() REPRESENTATION_CONTEXT('2D SPACE',''
  ) );
#5062 = ORIENTED_EDGE('',*,*,#5063,.T.);
#5063 = EDGE_CURVE('',#5036,#5064,#5066,.T.);
#5064 = VERTEX_POINT('',#5065);
#5065 = CARTESIAN_POINT('',(-46.,-44.35,44.));
#5066 = SURFACE_CURVE('',#5067,(#5072,#5083),.PCURVE_S1.);
#5067 = CIRCLE('',#5068,6.);
#5068 = AXIS2_PLACEMENT_3D('',#5069,#5070,#5071);
#5069 = CARTESIAN_POINT('',(-46.,-44.35,38.));
#5070 = DIRECTION('',(0.,-1.,0.));
#5071 = DIRECTION('',(0.,-0.,-1.));
#5072 = PCURVE('',#4802,#5073);
#5073 = DEFINITIONAL_REPRESENTATION('',(#5074),#5082);
#5074 = ( BOUNDED_CURVE() B_SPLINE_CURVE(2,(#5075,#5076,#5077,#5078,
#5079,#5080,#5081),.UNSPECIFIED.,.T.,.F.) B_SPLINE_CURVE_WITH_KNOTS((1,2
    ,2,2,2,1),(-2.094395102393,0.,2.094395102393,4.188790204786,
6.28318530718,8.377580409573),.UNSPECIFIED.) CURVE() 
GEOMETRIC_REPRESENTATION_ITEM() RATIONAL_B_SPLINE_CURVE((1.,0.5,1.,0.5,
1.,0.5,1.)) REPRESENTATION_ITEM('') );
#5075 = CARTESIAN_POINT('',(4.5,3.));
#5076 = CARTESIAN_POINT('',(4.5,13.392304845413));
#5077 = CARTESIAN_POINT('',(13.5,8.196152422707));
#5078 = CARTESIAN_POINT('',(22.5,3.));
#5079 = CARTESIAN_POINT('',(13.5,-2.196152422707));
#5080 = CARTESIAN_POINT('',(4.5,-7.392304845413));
#5081 = CARTESIAN_POINT('',(4.5,3.));
#5082 = ( GEOMETRIC_REPRESENTATION_CONTEXT(2) 
PARAMETRIC_REPRESENTATION_CONTEXT() REPRESENTATION_CONTEXT('2D SPACE',''
  ) );
#5083 = PCURVE('',#5084,#5089);
#5084 = CYLINDRICAL_SURFACE('',#5085,6.);
#5085 = AXIS2_PLACEMENT_3D('',#5086,#5087,#5088);
#5086 = CARTESIAN_POINT('',(-46.,-44.35,38.));
#5087 = DIRECTION('',(-0.,1.,-0.));
#5088 = DIRECTION('',(1.,-0.,-0.));
#5089 = DEFINITIONAL_REPRESENTATION('',(#5090),#5094);
#5090 = LINE('',#5091,#5092);
#5091 = CARTESIAN_POINT('',(1.570796326795,-0.));
#5092 = VECTOR('',#5093,1.);
#5093 = DIRECTION('',(-1.,0.));
#5094 = ( GEOMETRIC_REPRESENTATION_CONTEXT(2) 
PARAMETRIC_REPRESENTATION_CONTEXT() REPRESENTATION_CONTEXT('2D SPACE',''
  ) );
#5095 = ORIENTED_EDGE('',*,*,#5096,.T.);
#5096 = EDGE_CURVE('',#5064,#5097,#5099,.T.);
#5097 = VERTEX_POINT('',#5098);
#5098 = CARTESIAN_POINT('',(-52.,-44.35,44.));
#5099 = SURFACE_CURVE('',#5100,(#5104,#5111),.PCURVE_S1.);
#5100 = LINE('',#5101,#5102);
#5101 = CARTESIAN_POINT('',(-40.,-44.35,44.));
#5102 = VECTOR('',#5103,1.);
#5103 = DIRECTION('',(-1.,-0.,-0.));
#5104 = PCURVE('',#4802,#5105);
#5105 = DEFINITIONAL_REPRESENTATION('',(#5106),#5110);
#5106 = LINE('',#5107,#5108);
#5107 = CARTESIAN_POINT('',(16.5,9.));
#5108 = VECTOR('',#5109,1.);
#5109 = DIRECTION('',(-0.,-1.));
#5110 = ( GEOMETRIC_REPRESENTATION_CONTEXT(2) 
PARAMETRIC_REPRESENTATION_CONTEXT() REPRESENTATION_CONTEXT('2D SPACE',''
  ) );
#5111 = PCURVE('',#5112,#5117);
#5112 = PLANE('',#5113);
#5113 = AXIS2_PLACEMENT_3D('',#5114,#5115,#5116);
#5114 = CARTESIAN_POINT('',(-40.,-44.35,44.));
#5115 = DIRECTION('',(-0.,0.,-1.));
#5116 = DIRECTION('',(1.,0.,0.));
#5117 = DEFINITIONAL_REPRESENTATION('',(#5118),#5122);
#5118 = LINE('',#5119,#5120);
#5119 = CARTESIAN_POINT('',(-0.,-0.));
#5120 = VECTOR('',#5121,1.);
#5121 = DIRECTION('',(-1.,0.));
#5122 = ( GEOMETRIC_REPRESENTATION_CONTEXT(2) 
PARAMETRIC_REPRESENTATION_CONTEXT() REPRESENTATION_CONTEXT('2D SPACE',''
  ) );
#5123 = ORIENTED_EDGE('',*,*,#5124,.T.);
#5124 = EDGE_CURVE('',#5097,#5125,#5127,.T.);
#5125 = VERTEX_POINT('',#5126);
#5126 = CARTESIAN_POINT('',(-58.,-44.35,38.));
#5127 = SURFACE_CURVE('',#5128,(#5133,#5144),.PCURVE_S1.);
#5128 = CIRCLE('',#5129,6.);
#5129 = AXIS2_PLACEMENT_3D('',#5130,#5131,#5132);
#5130 = CARTESIAN_POINT('',(-52.,-44.35,38.));
#5131 = DIRECTION('',(0.,-1.,0.));
#5132 = DIRECTION('',(0.,-0.,-1.));
#5133 = PCURVE('',#4802,#5134);
#5134 = DEFINITIONAL_REPRESENTATION('',(#5135),#5143);
#5135 = ( BOUNDED_CURVE() B_SPLINE_CURVE(2,(#5136,#5137,#5138,#5139,
#5140,#5141,#5142),.UNSPECIFIED.,.T.,.F.) B_SPLINE_CURVE_WITH_KNOTS((1,2
    ,2,2,2,1),(-2.094395102393,0.,2.094395102393,4.188790204786,
6.28318530718,8.377580409573),.UNSPECIFIED.) CURVE() 
GEOMETRIC_REPRESENTATION_ITEM() RATIONAL_B_SPLINE_CURVE((1.,0.5,1.,0.5,
1.,0.5,1.)) REPRESENTATION_ITEM('') );
#5136 = CARTESIAN_POINT('',(4.5,-3.));
#5137 = CARTESIAN_POINT('',(4.5,7.392304845413));
#5138 = CARTESIAN_POINT('',(13.5,2.196152422707));
#5139 = CARTESIAN_POINT('',(22.5,-3.));
#5140 = CARTESIAN_POINT('',(13.5,-8.196152422707));
#5141 = CARTESIAN_POINT('',(4.5,-13.39230484541));
#5142 = CARTESIAN_POINT('',(4.5,-3.));
#5143 = ( GEOMETRIC_REPRESENTATION_CONTEXT(2) 
PARAMETRIC_REPRESENTATION_CONTEXT() REPRESENTATION_CONTEXT('2D SPACE',''
  ) );
#5144 = PCURVE('',#5145,#5150);
#5145 = CYLINDRICAL_SURFACE('',#5146,6.);
#5146 = AXIS2_PLACEMENT_3D('',#5147,#5148,#5149);
#5147 = CARTESIAN_POINT('',(-52.,-44.35,38.));
#5148 = DIRECTION('',(-0.,1.,-0.));
#5149 = DIRECTION('',(-0.,-0.,1.));
#5150 = DEFINITIONAL_REPRESENTATION('',(#5151),#5155);
#5151 = LINE('',#5152,#5153);
#5152 = CARTESIAN_POINT('',(3.14159265359,-0.));
#5153 = VECTOR('',#5154,1.);
#5154 = DIRECTION('',(-1.,0.));
#5155 = ( GEOMETRIC_REPRESENTATION_CONTEXT(2) 
PARAMETRIC_REPRESENTATION_CONTEXT() REPRESENTATION_CONTEXT('2D SPACE',''
  ) );
#5156 = ORIENTED_EDGE('',*,*,#5157,.T.);
#5157 = EDGE_CURVE('',#5125,#5158,#5160,.T.);
#5158 = VERTEX_POINT('',#5159);
#5159 = CARTESIAN_POINT('',(-58.,-44.35,17.));
#5160 = SURFACE_CURVE('',#5161,(#5165,#5172),.PCURVE_S1.);
#5161 = LINE('',#5162,#5163);
#5162 = CARTESIAN_POINT('',(-58.,-44.35,44.));
#5163 = VECTOR('',#5164,1.);
#5164 = DIRECTION('',(-0.,-0.,-1.));
#5165 = PCURVE('',#4802,#5166);
#5166 = DEFINITIONAL_REPRESENTATION('',(#5167),#5171);
#5167 = LINE('',#5168,#5169);
#5168 = CARTESIAN_POINT('',(16.5,-9.));
#5169 = VECTOR('',#5170,1.);
#5170 = DIRECTION('',(-1.,0.));
#5171 = ( GEOMETRIC_REPRESENTATION_CONTEXT(2) 
PARAMETRIC_REPRESENTATION_CONTEXT() REPRESENTATION_CONTEXT('2D SPACE',''
  ) );
#5172 = PCURVE('',#5173,#5178);
#5173 = PLANE('',#5174);
#5174 = AXIS2_PLACEMENT_3D('',#5175,#5176,#5177);
#5175 = CARTESIAN_POINT('',(-58.,-44.35,44.));
#5176 = DIRECTION('',(1.,-0.,-0.));
#5177 = DIRECTION('',(0.,0.,1.));
#5178 = DEFINITIONAL_REPRESENTATION('',(#5179),#5183);
#5179 = LINE('',#5180,#5181);
#5180 = CARTESIAN_POINT('',(-0.,-0.));
#5181 = VECTOR('',#5182,1.);
#5182 = DIRECTION('',(-1.,0.));
#5183 = ( GEOMETRIC_REPRESENTATION_CONTEXT(2) 
PARAMETRIC_REPRESENTATION_CONTEXT() REPRESENTATION_CONTEXT('2D SPACE',''
  ) );
#5184 = ORIENTED_EDGE('',*,*,#5185,.F.);
#5185 = EDGE_CURVE('',#4780,#5158,#5186,.T.);
#5186 = SURFACE_CURVE('',#5187,(#5192,#5199),.PCURVE_S1.);
#5187 = CIRCLE('',#5188,6.);
#5188 = AXIS2_PLACEMENT_3D('',#5189,#5190,#5191);
#5189 = CARTESIAN_POINT('',(-52.,-44.35,17.));
#5190 = DIRECTION('',(0.,1.,-0.));
#5191 = DIRECTION('',(-0.,-0.,-1.));
#5192 = PCURVE('',#4802,#5193);
#5193 = DEFINITIONAL_REPRESENTATION('',(#5194),#5198);
#5194 = CIRCLE('',#5195,6.);
#5195 = AXIS2_PLACEMENT_2D('',#5196,#5197);
#5196 = CARTESIAN_POINT('',(-10.5,-3.));
#5197 = DIRECTION('',(-1.,0.));
#5198 = ( GEOMETRIC_REPRESENTATION_CONTEXT(2) 
PARAMETRIC_REPRESENTATION_CONTEXT() REPRESENTATION_CONTEXT('2D SPACE',''
  ) );
#5199 = PCURVE('',#4830,#5200);
#5200 = DEFINITIONAL_REPRESENTATION('',(#5201),#5205);
#5201 = LINE('',#5202,#5203);
#5202 = CARTESIAN_POINT('',(0.,0.));
#5203 = VECTOR('',#5204,1.);
#5204 = DIRECTION('',(1.,0.));
#5205 = ( GEOMETRIC_REPRESENTATION_CONTEXT(2) 
PARAMETRIC_REPRESENTATION_CONTEXT() REPRESENTATION_CONTEXT('2D SPACE',''
  ) );
#5206 = FACE_BOUND('',#5207,.T.);
#5207 = EDGE_LOOP('',(#5208));
#5208 = ORIENTED_EDGE('',*,*,#5209,.T.);
#5209 = EDGE_CURVE('',#5210,#5210,#5212,.T.);
#5210 = VERTEX_POINT('',#5211);
#5211 = CARTESIAN_POINT('',(-55.,-44.35,41.5));
#5212 = SURFACE_CURVE('',#5213,(#5218,#5225),.PCURVE_S1.);
#5213 = CIRCLE('',#5214,2.);
#5214 = AXIS2_PLACEMENT_3D('',#5215,#5216,#5217);
#5215 = CARTESIAN_POINT('',(-55.,-44.35,39.5));
#5216 = DIRECTION('',(0.,1.,0.));
#5217 = DIRECTION('',(-0.,-0.,1.));
#5218 = PCURVE('',#4802,#5219);
#5219 = DEFINITIONAL_REPRESENTATION('',(#5220),#5224);
#5220 = CIRCLE('',#5221,2.);
#5221 = AXIS2_PLACEMENT_2D('',#5222,#5223);
#5222 = CARTESIAN_POINT('',(12.,-6.));
#5223 = DIRECTION('',(1.,-0.));
#5224 = ( GEOMETRIC_REPRESENTATION_CONTEXT(2) 
PARAMETRIC_REPRESENTATION_CONTEXT() REPRESENTATION_CONTEXT('2D SPACE',''
  ) );
#5225 = PCURVE('',#5226,#5231);
#5226 = CYLINDRICAL_SURFACE('',#5227,2.);
#5227 = AXIS2_PLACEMENT_3D('',#5228,#5229,#5230);
#5228 = CARTESIAN_POINT('',(-55.,-38.35,39.5));
#5229 = DIRECTION('',(-0.,-1.,-0.));
#5230 = DIRECTION('',(-0.,-0.,1.));
#5231 = DEFINITIONAL_REPRESENTATION('',(#5232),#5236);
#5232 = LINE('',#5233,#5234);
#5233 = CARTESIAN_POINT('',(-0.,6.));
#5234 = VECTOR('',#5235,1.);
#5235 = DIRECTION('',(-1.,0.));
#5236 = ( GEOMETRIC_REPRESENTATION_CONTEXT(2) 
PARAMETRIC_REPRESENTATION_CONTEXT() REPRESENTATION_CONTEXT('2D SPACE',''
  ) );
#5237 = ADVANCED_FACE('',(#5238),#4991,.T.);
#5238 = FACE_BOUND('',#5239,.F.);
#5239 = EDGE_LOOP('',(#5240,#5241,#5242,#5265));
#5240 = ORIENTED_EDGE('',*,*,#4977,.F.);
#5241 = ORIENTED_EDGE('',*,*,#5007,.T.);
#5242 = ORIENTED_EDGE('',*,*,#5243,.T.);
#5243 = EDGE_CURVE('',#5008,#5244,#5246,.T.);
#5244 = VERTEX_POINT('',#5245);
#5245 = CARTESIAN_POINT('',(-40.,-35.55090082779,17.));
#5246 = SURFACE_CURVE('',#5247,(#5251,#5258),.PCURVE_S1.);
#5247 = LINE('',#5248,#5249);
#5248 = CARTESIAN_POINT('',(-40.,-44.35,17.));
#5249 = VECTOR('',#5250,1.);
#5250 = DIRECTION('',(-0.,1.,-0.));
#5251 = PCURVE('',#4991,#5252);
#5252 = DEFINITIONAL_REPRESENTATION('',(#5253),#5257);
#5253 = LINE('',#5254,#5255);
#5254 = CARTESIAN_POINT('',(-1.570796326795,0.));
#5255 = VECTOR('',#5256,1.);
#5256 = DIRECTION('',(-0.,1.));
#5257 = ( GEOMETRIC_REPRESENTATION_CONTEXT(2) 
PARAMETRIC_REPRESENTATION_CONTEXT() REPRESENTATION_CONTEXT('2D SPACE',''
  ) );
#5258 = PCURVE('',#5051,#5259);
#5259 = DEFINITIONAL_REPRESENTATION('',(#5260),#5264);
#5260 = LINE('',#5261,#5262);
#5261 = CARTESIAN_POINT('',(-6.,-0.));
#5262 = VECTOR('',#5263,1.);
#5263 = DIRECTION('',(-0.,-1.));
#5264 = ( GEOMETRIC_REPRESENTATION_CONTEXT(2) 
PARAMETRIC_REPRESENTATION_CONTEXT() REPRESENTATION_CONTEXT('2D SPACE',''
  ) );
#5265 = ORIENTED_EDGE('',*,*,#5266,.T.);
#5266 = EDGE_CURVE('',#5244,#4955,#5267,.T.);
#5267 = SURFACE_CURVE('',#5268,(#5301,#5337),.PCURVE_S1.);
#5268 = B_SPLINE_CURVE_WITH_KNOTS('',7,(#5269,#5270,#5271,#5272,#5273,
    #5274,#5275,#5276,#5277,#5278,#5279,#5280,#5281,#5282,#5283,#5284,
    #5285,#5286,#5287,#5288,#5289,#5290,#5291,#5292,#5293,#5294,#5295,
    #5296,#5297,#5298,#5299,#5300),.UNSPECIFIED.,.F.,.F.,(8,6,6,6,6,8),(
    0.,0.179827365184,0.351516486621,0.609183124435,0.82654187768,1.),
  .UNSPECIFIED.);
#5269 = CARTESIAN_POINT('',(-40.,-35.55090082779,17.));
#5270 = CARTESIAN_POINT('',(-40.,-35.62848190318,16.712903429589));
#5271 = CARTESIAN_POINT('',(-40.0160263435,-35.68975664011,
    16.417360047235));
#5272 = CARTESIAN_POINT('',(-40.049780411,-35.73266942297,
    16.117732078402));
#5273 = CARTESIAN_POINT('',(-40.10183236823,-35.75652492233,
    15.818517220932));
#5274 = CARTESIAN_POINT('',(-40.17153538891,-35.76189953616,
    15.524208302798));
#5275 = CARTESIAN_POINT('',(-40.25693267993,-35.75054891638,
    15.239198741007));
#5276 = CARTESIAN_POINT('',(-40.44795932498,-35.70121638223,
    14.708554244116));
#5277 = CARTESIAN_POINT('',(-40.5527606645,-35.66439470041,
    14.460991409971));
#5278 = CARTESIAN_POINT('',(-40.66752708833,-35.61685336079,
    14.225302105776));
#5279 = CARTESIAN_POINT('',(-40.79082503144,-35.56039968329,
    14.001569763861));
#5280 = CARTESIAN_POINT('',(-40.9213293285,-35.49667312412,
    13.789741410182));
#5281 = CARTESIAN_POINT('',(-41.05782248027,-35.42716539437,
    13.589659169553));
#5282 = CARTESIAN_POINT('',(-41.41133940293,-35.24226728962,
    13.118080985835));
#5283 = CARTESIAN_POINT('',(-41.63556743135,-35.12075283664,
    12.859523373605));
#5284 = CARTESIAN_POINT('',(-41.86928906129,-34.99255096625,
    12.623772551339));
#5285 = CARTESIAN_POINT('',(-42.11084265035,-34.8606138991,
    12.409093161294));
#5286 = CARTESIAN_POINT('',(-42.35940289388,-34.72727717149,
    12.213824805081));
#5287 = CARTESIAN_POINT('',(-42.61487133057,-34.59452723579,
    12.036560645135));
#5288 = CARTESIAN_POINT('',(-43.09966145022,-34.35474998205,
    11.741148887686));
#5289 = CARTESIAN_POINT('',(-43.32658101617,-34.24706579593,
    11.618237603438));
#5290 = CARTESIAN_POINT('',(-43.5585342446,-34.14286326995,
    11.507193977726));
#5291 = CARTESIAN_POINT('',(-43.79546836204,-34.04374711953,
    11.40788116832));
#5292 = CARTESIAN_POINT('',(-44.03738533591,-33.95154029002,
    11.320310539471));
#5293 = CARTESIAN_POINT('',(-44.28438218408,-33.86827136521,
    11.244625380046));
#5294 = CARTESIAN_POINT('',(-44.73802610521,-33.73847942175,
    11.130543070797));
#5295 = CARTESIAN_POINT('',(-44.94338417803,-33.68774909027,
    11.087541846841));
#5296 = CARTESIAN_POINT('',(-45.15162896073,-33.64542794115,
    11.052760638067));
#5297 = CARTESIAN_POINT('',(-45.36193892686,-33.61275030934,
    11.026483822465));
#5298 = CARTESIAN_POINT('',(-45.57372168226,-33.59059404883,
    11.008860262359));
#5299 = CARTESIAN_POINT('',(-45.78653405084,-33.57945526581,11.));
#5300 = CARTESIAN_POINT('',(-46.,-33.57945526581,11.));
#5301 = PCURVE('',#4991,#5302);
#5302 = DEFINITIONAL_REPRESENTATION('',(#5303),#5336);
#5303 = B_SPLINE_CURVE_WITH_KNOTS('',7,(#5304,#5305,#5306,#5307,#5308,
    #5309,#5310,#5311,#5312,#5313,#5314,#5315,#5316,#5317,#5318,#5319,
    #5320,#5321,#5322,#5323,#5324,#5325,#5326,#5327,#5328,#5329,#5330,
    #5331,#5332,#5333,#5334,#5335),.UNSPECIFIED.,.F.,.F.,(8,6,6,6,6,8),(
    0.,0.179827365184,0.351516486621,0.609183124435,0.82654187768,1.),
  .UNSPECIFIED.);
#5304 = CARTESIAN_POINT('',(-1.570796326795,8.799099172206));
#5305 = CARTESIAN_POINT('',(-1.522946898393,8.721518096814));
#5306 = CARTESIAN_POINT('',(-1.473689585397,8.660243359882));
#5307 = CARTESIAN_POINT('',(-1.423572944887,8.617330577024));
#5308 = CARTESIAN_POINT('',(-1.373119150121,8.59347507767));
#5309 = CARTESIAN_POINT('',(-1.322850975769,8.588100463832));
#5310 = CARTESIAN_POINT('',(-1.273336241135,8.599451083615));
#5311 = CARTESIAN_POINT('',(-1.179339379308,8.648783617761));
#5312 = CARTESIAN_POINT('',(-1.134601567889,8.685605299581));
#5313 = CARTESIAN_POINT('',(-1.091005098089,8.733146639201));
#5314 = CARTESIAN_POINT('',(-1.048522269799,8.789600316708));
#5315 = CARTESIAN_POINT('',(-1.007128214308,8.853326875876));
#5316 = CARTESIAN_POINT('',(-0.966800860256,8.92283460563));
#5317 = CARTESIAN_POINT('',(-0.868572074312,9.10773271038));
#5318 = CARTESIAN_POINT('',(-0.811675841711,9.229247163352));
#5319 = CARTESIAN_POINT('',(-0.756537355432,9.357449033748));
#5320 = CARTESIAN_POINT('',(-0.702861612359,9.489386100891));
#5321 = CARTESIAN_POINT('',(-0.650329609258,9.622722828508));
#5322 = CARTESIAN_POINT('',(-0.598596660491,9.75547276421));
#5323 = CARTESIAN_POINT('',(-0.503979072487,9.995250017943));
#5324 = CARTESIAN_POINT('',(-0.461023104401,10.102934204063));
#5325 = CARTESIAN_POINT('',(-0.418247754901,10.207136730046));
#5326 = CARTESIAN_POINT('',(-0.375524424569,10.30625288047));
#5327 = CARTESIAN_POINT('',(-0.332730033374,10.398459709972));
#5328 = CARTESIAN_POINT('',(-0.289730435014,10.48172863479));
#5329 = CARTESIAN_POINT('',(-0.21176898078,10.611520578241));
#5330 = CARTESIAN_POINT('',(-0.176828282219,10.662250909729));
#5331 = CARTESIAN_POINT('',(-0.141687251654,10.704572058846));
#5332 = CARTESIAN_POINT('',(-0.106417180927,10.737249690655));
#5333 = CARTESIAN_POINT('',(-7.104634184572E-02,10.759405951166));
#5334 = CARTESIAN_POINT('',(-3.557765819197E-02,10.770544734181));
#5335 = CARTESIAN_POINT('',(0.,10.770544734181));
#5336 = ( GEOMETRIC_REPRESENTATION_CONTEXT(2) 
PARAMETRIC_REPRESENTATION_CONTEXT() REPRESENTATION_CONTEXT('2D SPACE',''
  ) );
#5337 = PCURVE('',#4914,#5338);
#5338 = DEFINITIONAL_REPRESENTATION('',(#5339),#5372);
#5339 = B_SPLINE_CURVE_WITH_KNOTS('',7,(#5340,#5341,#5342,#5343,#5344,
    #5345,#5346,#5347,#5348,#5349,#5350,#5351,#5352,#5353,#5354,#5355,
    #5356,#5357,#5358,#5359,#5360,#5361,#5362,#5363,#5364,#5365,#5366,
    #5367,#5368,#5369,#5370,#5371),.UNSPECIFIED.,.F.,.F.,(8,6,6,6,6,8),(
    0.,0.179827365184,0.351516486621,0.609183124435,0.82654187768,1.),
  .UNSPECIFIED.);
#5340 = CARTESIAN_POINT('',(-4.448466132255,0.5));
#5341 = CARTESIAN_POINT('',(-4.500186849183,0.5));
#5342 = CARTESIAN_POINT('',(-4.552586003181,0.516026343503));
#5343 = CARTESIAN_POINT('',(-4.605063458229,0.549780411));
#5344 = CARTESIAN_POINT('',(-4.657086293563,0.601832368231));
#5345 = CARTESIAN_POINT('',(-4.708137986806,0.671535388915));
#5346 = CARTESIAN_POINT('',(-4.757674851262,0.756932679939));
#5347 = CARTESIAN_POINT('',(-4.85035880207,0.94795932498));
#5348 = CARTESIAN_POINT('',(-4.893821163012,1.052760664502));
#5349 = CARTESIAN_POINT('',(-4.935551383076,1.167527088335));
#5350 = CARTESIAN_POINT('',(-4.975603453323,1.290825031447));
#5351 = CARTESIAN_POINT('',(-5.014017959246,1.421329328505));
#5352 = CARTESIAN_POINT('',(-5.05082635868,1.557822480272));
#5353 = CARTESIAN_POINT('',(-5.138918644453,1.911339402931));
#5354 = CARTESIAN_POINT('',(-5.18849647611,2.135567431355));
#5355 = CARTESIAN_POINT('',(-5.23504735347,2.369289061294));
#5356 = CARTESIAN_POINT('',(-5.278771618767,2.610842650357));
#5357 = CARTESIAN_POINT('',(-5.31982834988,2.859402893882));
#5358 = CARTESIAN_POINT('',(-5.358314014447,3.114871330578));
#5359 = CARTESIAN_POINT('',(-5.424483582458,3.599661450227));
#5360 = CARTESIAN_POINT('',(-5.452882782128,3.826581016177));
#5361 = CARTESIAN_POINT('',(-5.47934287201,4.058534244602));
#5362 = CARTESIAN_POINT('',(-5.50372752746,4.295468362049));
#5363 = CARTESIAN_POINT('',(-5.525834008509,4.53738533591));
#5364 = CARTESIAN_POINT('',(-5.545400988476,4.784382184081));
#5365 = CARTESIAN_POINT('',(-5.575453606161,5.238026105216));
#5366 = CARTESIAN_POINT('',(-5.587017463673,5.443384178035));
#5367 = CARTESIAN_POINT('',(-5.596543178186,5.651628960735));
#5368 = CARTESIAN_POINT('',(-5.603835437825,5.861938926861));
#5369 = CARTESIAN_POINT('',(-5.608759154984,6.073721682261));
#5370 = CARTESIAN_POINT('',(-5.611234410684,6.286534050848));
#5371 = CARTESIAN_POINT('',(-5.611234410684,6.5));
#5372 = ( GEOMETRIC_REPRESENTATION_CONTEXT(2) 
PARAMETRIC_REPRESENTATION_CONTEXT() REPRESENTATION_CONTEXT('2D SPACE',''
  ) );
#5373 = ADVANCED_FACE('',(#5374),#4914,.F.);
#5374 = FACE_BOUND('',#5375,.T.);
#5375 = EDGE_LOOP('',(#5376,#5402,#5403,#5531,#5557,#5558));
#5376 = ORIENTED_EDGE('',*,*,#5377,.F.);
#5377 = EDGE_CURVE('',#4899,#4927,#5378,.T.);
#5378 = SURFACE_CURVE('',#5379,(#5384,#5391),.PCURVE_S1.);
#5379 = CIRCLE('',#5380,5.75);
#5380 = AXIS2_PLACEMENT_3D('',#5381,#5382,#5383);
#5381 = CARTESIAN_POINT('',(-49.,-30.,15.5));
#5382 = DIRECTION('',(1.,0.,-0.));
#5383 = DIRECTION('',(-0.,-0.,-1.));
#5384 = PCURVE('',#4914,#5385);
#5385 = DEFINITIONAL_REPRESENTATION('',(#5386),#5390);
#5386 = LINE('',#5387,#5388);
#5387 = CARTESIAN_POINT('',(-0.,9.5));
#5388 = VECTOR('',#5389,1.);
#5389 = DIRECTION('',(-1.,0.));
#5390 = ( GEOMETRIC_REPRESENTATION_CONTEXT(2) 
PARAMETRIC_REPRESENTATION_CONTEXT() REPRESENTATION_CONTEXT('2D SPACE',''
  ) );
#5391 = PCURVE('',#4942,#5392);
#5392 = DEFINITIONAL_REPRESENTATION('',(#5393),#5401);
#5393 = ( BOUNDED_CURVE() B_SPLINE_CURVE(2,(#5394,#5395,#5396,#5397,
#5398,#5399,#5400),.UNSPECIFIED.,.T.,.F.) B_SPLINE_CURVE_WITH_KNOTS((1,2
    ,2,2,2,1),(-2.094395102393,0.,2.094395102393,4.188790204786,
6.28318530718,8.377580409573),.UNSPECIFIED.) CURVE() 
GEOMETRIC_REPRESENTATION_ITEM() RATIONAL_B_SPLINE_CURVE((1.,0.5,1.,0.5,
1.,0.5,1.)) REPRESENTATION_ITEM('') );
#5394 = CARTESIAN_POINT('',(-5.75,0.));
#5395 = CARTESIAN_POINT('',(-5.75,9.959292143521));
#5396 = CARTESIAN_POINT('',(2.875,4.979646071761));
#5397 = CARTESIAN_POINT('',(11.5,1.408343819019E-15));
#5398 = CARTESIAN_POINT('',(2.875,-4.979646071761));
#5399 = CARTESIAN_POINT('',(-5.75,-9.959292143521));
#5400 = CARTESIAN_POINT('',(-5.75,0.));
#5401 = ( GEOMETRIC_REPRESENTATION_CONTEXT(2) 
PARAMETRIC_REPRESENTATION_CONTEXT() REPRESENTATION_CONTEXT('2D SPACE',''
  ) );
#5402 = ORIENTED_EDGE('',*,*,#4898,.F.);
#5403 = ORIENTED_EDGE('',*,*,#5404,.T.);
#5404 = EDGE_CURVE('',#4871,#5405,#5407,.T.);
#5405 = VERTEX_POINT('',#5406);
#5406 = CARTESIAN_POINT('',(-40.,-24.4490991722,17.));
#5407 = SURFACE_CURVE('',#5408,(#5447,#5489),.PCURVE_S1.);
#5408 = B_SPLINE_CURVE_WITH_KNOTS('',7,(#5409,#5410,#5411,#5412,#5413,
    #5414,#5415,#5416,#5417,#5418,#5419,#5420,#5421,#5422,#5423,#5424,
    #5425,#5426,#5427,#5428,#5429,#5430,#5431,#5432,#5433,#5434,#5435,
    #5436,#5437,#5438,#5439,#5440,#5441,#5442,#5443,#5444,#5445,#5446),
  .UNSPECIFIED.,.F.,.F.,(8,6,6,6,6,6,8),(0.,0.170268649692,
    0.392056660366,0.649287491224,0.744809017784,0.930344395873,1.),
  .UNSPECIFIED.);
#5409 = CARTESIAN_POINT('',(-46.,-26.42054473418,11.));
#5410 = CARTESIAN_POINT('',(-45.79055221659,-26.42054473418,11.));
#5411 = CARTESIAN_POINT('',(-45.58173178528,-26.4098213336,
    11.008529853139));
#5412 = CARTESIAN_POINT('',(-45.37390240803,-26.38848882265,
    11.02549817362));
#5413 = CARTESIAN_POINT('',(-45.16748614695,-26.3570113845,
    11.050799573314));
#5414 = CARTESIAN_POINT('',(-44.96303889023,-26.31620744442,
    11.084292421651));
#5415 = CARTESIAN_POINT('',(-44.76132355891,-26.26722562556,
    11.125713254181));
#5416 = CARTESIAN_POINT('',(-44.30554571998,-26.13889538405,
    11.238112568635));
#5417 = CARTESIAN_POINT('',(-44.05323123634,-26.05459494807,
    11.314459661817));
#5418 = CARTESIAN_POINT('',(-43.80619362257,-25.96087185713,
    11.403185952828));
#5419 = CARTESIAN_POINT('',(-43.56433195766,-25.85988923568,
    11.504134898019));
#5420 = CARTESIAN_POINT('',(-43.3276512734,-25.75359029294,
    11.617289133911));
#5421 = CARTESIAN_POINT('',(-43.09621631175,-25.64368199869,
    11.742787261247));
#5422 = CARTESIAN_POINT('',(-42.60784086225,-25.40183270542,
    12.041396675686));
#5423 = CARTESIAN_POINT('',(-42.35305081448,-25.26933314134,
    12.218719285987));
#5424 = CARTESIAN_POINT('',(-42.10514576442,-25.13628992085,
    12.413995093698));
#5425 = CARTESIAN_POINT('',(-41.86422952307,-25.00467863666,
    12.628629178599));
#5426 = CARTESIAN_POINT('',(-41.63113014598,-24.87682586495,
    12.864276458293));
#5427 = CARTESIAN_POINT('',(-41.40750795113,-24.7556734821,
    13.122664286708));
#5428 = CARTESIAN_POINT('',(-41.11737072654,-24.60400092825,
    13.510425623358));
#5429 = CARTESIAN_POINT('',(-41.04041464622,-24.56435747984,
    13.618857284813));
#5430 = CARTESIAN_POINT('',(-40.96521099099,-24.52634614946,
    13.730801970408));
#5431 = CARTESIAN_POINT('',(-40.89192249233,-24.49019030588,
    13.846335164676));
#5432 = CARTESIAN_POINT('',(-40.82073129095,-24.45613362375,
    13.96552438415));
#5433 = CARTESIAN_POINT('',(-40.7518380946,-24.42444129859,
    14.088428667358));
#5434 = CARTESIAN_POINT('',(-40.55653503579,-24.33899560731,
    14.461133229805));
#5435 = CARTESIAN_POINT('',(-40.43575986844,-24.29200871643,
    14.723935708174));
#5436 = CARTESIAN_POINT('',(-40.32679014381,-24.25767121996,
    15.001168342212));
#5437 = CARTESIAN_POINT('',(-40.23241771618,-24.23872364739,
    15.290294443005));
#5438 = CARTESIAN_POINT('',(-40.15466555199,-24.23733985001,
    15.588560179884));
#5439 = CARTESIAN_POINT('',(-40.0948300974,-24.25507798447,
    15.89303985604));
#5440 = CARTESIAN_POINT('',(-40.03794552923,-24.30704321612,
    16.316265558183));
#5441 = CARTESIAN_POINT('',(-40.02508535384,-24.32399548921,
    16.431778107167));
#5442 = CARTESIAN_POINT('',(-40.01489743161,-24.34371149346,
    16.547017580738));
#5443 = CARTESIAN_POINT('',(-40.00735872894,-24.36615807019,
    16.661720599134));
#5444 = CARTESIAN_POINT('',(-40.00241864657,-24.39127238766,
    16.775625088059));
#5445 = CARTESIAN_POINT('',(-40.,-24.41896104434,16.888470827409));
#5446 = CARTESIAN_POINT('',(-40.,-24.4490991722,17.));
#5447 = PCURVE('',#4914,#5448);
#5448 = DEFINITIONAL_REPRESENTATION('',(#5449),#5488);
#5449 = B_SPLINE_CURVE_WITH_KNOTS('',7,(#5450,#5451,#5452,#5453,#5454,
    #5455,#5456,#5457,#5458,#5459,#5460,#5461,#5462,#5463,#5464,#5465,
    #5466,#5467,#5468,#5469,#5470,#5471,#5472,#5473,#5474,#5475,#5476,
    #5477,#5478,#5479,#5480,#5481,#5482,#5483,#5484,#5485,#5486,#5487),
  .UNSPECIFIED.,.F.,.F.,(8,6,6,6,6,6,8),(0.,0.170268649692,
    0.392056660366,0.649287491224,0.744809017784,0.930344395873,1.),
  .UNSPECIFIED.);
#5450 = CARTESIAN_POINT('',(-0.671950896496,6.5));
#5451 = CARTESIAN_POINT('',(-0.671950896496,6.290552216594));
#5452 = CARTESIAN_POINT('',(-0.674333849268,6.081731785285));
#5453 = CARTESIAN_POINT('',(-0.679074494187,5.873902408035));
#5454 = CARTESIAN_POINT('',(-0.686097822061,5.667486146957));
#5455 = CARTESIAN_POINT('',(-0.695277548238,5.463038890234));
#5456 = CARTESIAN_POINT('',(-0.706431915077,5.261323558912));
#5457 = CARTESIAN_POINT('',(-0.736100408241,4.805545719987));
#5458 = CARTESIAN_POINT('',(-0.755877591216,4.553231236343));
#5459 = CARTESIAN_POINT('',(-0.778313407595,4.306193622575));
#5460 = CARTESIAN_POINT('',(-0.803127893391,4.064331957668));
#5461 = CARTESIAN_POINT('',(-0.830103678478,3.827651273404));
#5462 = CARTESIAN_POINT('',(-0.859094795261,3.596216311753));
#5463 = CARTESIAN_POINT('',(-0.925923281098,3.107840862256));
#5464 = CARTESIAN_POINT('',(-0.964391007922,2.853050814482));
#5465 = CARTESIAN_POINT('',(-1.005420153268,2.605145764429));
#5466 = CARTESIAN_POINT('',(-1.049108300365,2.364229523076));
#5467 = CARTESIAN_POINT('',(-1.095614728291,2.131130145986));
#5468 = CARTESIAN_POINT('',(-1.1451394652,1.907507951132));
#5469 = CARTESIAN_POINT('',(-1.217551522347,1.617370726548));
#5470 = CARTESIAN_POINT('',(-1.237625006152,1.540414646228));
#5471 = CARTESIAN_POINT('',(-1.258176419796,1.46521099099));
#5472 = CARTESIAN_POINT('',(-1.279218733121,1.391922492336));
#5473 = CARTESIAN_POINT('',(-1.300765499296,1.320731290955));
#5474 = CARTESIAN_POINT('',(-1.322831316934,1.251838094602));
#5475 = CARTESIAN_POINT('',(-1.389331093252,1.056535035798));
#5476 = CARTESIAN_POINT('',(-1.435706221757,0.935759868443));
#5477 = CARTESIAN_POINT('',(-1.484173814406,0.826790143817));
#5478 = CARTESIAN_POINT('',(-1.53440648913,0.732417716181));
#5479 = CARTESIAN_POINT('',(-1.586118605446,0.654665551997));
#5480 = CARTESIAN_POINT('',(-1.639052908801,0.594830097403));
#5481 = CARTESIAN_POINT('',(-1.713210128036,0.537945529236));
#5482 = CARTESIAN_POINT('',(-1.733508826608,0.525085353841));
#5483 = CARTESIAN_POINT('',(-1.753832500663,0.514897431616));
#5484 = CARTESIAN_POINT('',(-1.774148886814,0.507358728949));
#5485 = CARTESIAN_POINT('',(-1.794425094742,0.502418646571));
#5486 = CARTESIAN_POINT('',(-1.814627089685,0.5));
#5487 = CARTESIAN_POINT('',(-1.834719174925,0.5));
#5488 = ( GEOMETRIC_REPRESENTATION_CONTEXT(2) 
PARAMETRIC_REPRESENTATION_CONTEXT() REPRESENTATION_CONTEXT('2D SPACE',''
  ) );
#5489 = PCURVE('',#4886,#5490);
#5490 = DEFINITIONAL_REPRESENTATION('',(#5491),#5530);
#5491 = B_SPLINE_CURVE_WITH_KNOTS('',7,(#5492,#5493,#5494,#5495,#5496,
    #5497,#5498,#5499,#5500,#5501,#5502,#5503,#5504,#5505,#5506,#5507,
    #5508,#5509,#5510,#5511,#5512,#5513,#5514,#5515,#5516,#5517,#5518,
    #5519,#5520,#5521,#5522,#5523,#5524,#5525,#5526,#5527,#5528,#5529),
  .UNSPECIFIED.,.F.,.F.,(8,6,6,6,6,6,8),(0.,0.170268649692,
    0.392056660366,0.649287491224,0.744809017784,0.930344395873,1.),
  .UNSPECIFIED.);
#5492 = CARTESIAN_POINT('',(0.,17.929455265819));
#5493 = CARTESIAN_POINT('',(-3.490796390097E-02,17.929455265819));
#5494 = CARTESIAN_POINT('',(-6.97113289944E-02,17.940178666392));
#5495 = CARTESIAN_POINT('',(-0.104419177944,17.96151117735));
#5496 = CARTESIAN_POINT('',(-0.139028251646,17.992988615497));
#5497 = CARTESIAN_POINT('',(-0.17351241468,18.033792555576));
#5498 = CARTESIAN_POINT('',(-0.207806626444,18.082774374433));
#5499 = CARTESIAN_POINT('',(-0.286045407028,18.211104615946));
#5500 = CARTESIAN_POINT('',(-0.329921413767,18.295405051922));
#5501 = CARTESIAN_POINT('',(-0.373578704331,18.389128142866));
#5502 = CARTESIAN_POINT('',(-0.417159162108,18.490110764312));
#5503 = CARTESIAN_POINT('',(-0.46079184838,18.596409707052));
#5504 = CARTESIAN_POINT('',(-0.50461144085,18.706318001307));
#5505 = CARTESIAN_POINT('',(-0.600016740328,18.948167294575));
#5506 = CARTESIAN_POINT('',(-0.651662893056,19.080666858653));
#5507 = CARTESIAN_POINT('',(-0.704110568854,19.213710079144));
#5508 = CARTESIAN_POINT('',(-0.757702788443,19.345321363333));
#5509 = CARTESIAN_POINT('',(-0.812756892068,19.473174135048));
#5510 = CARTESIAN_POINT('',(-0.869566290476,19.594326517891));
#5511 = CARTESIAN_POINT('',(-0.950281575978,19.74599907175));
#5512 = CARTESIAN_POINT('',(-0.972435379975,19.785642520158));
#5513 = CARTESIAN_POINT('',(-0.994900066188,19.823653850534));
#5514 = CARTESIAN_POINT('',(-1.017688590479,19.859809694116));
#5515 = CARTESIAN_POINT('',(-1.040813374295,19.893866376247));
#5516 = CARTESIAN_POINT('',(-1.064286719726,19.925558701409));
#5517 = CARTESIAN_POINT('',(-1.134415960664,20.01100439269));
#5518 = CARTESIAN_POINT('',(-1.18255544813,20.057991283569));
#5519 = CARTESIAN_POINT('',(-1.232073919879,20.092328780035));
#5520 = CARTESIAN_POINT('',(-1.28260142445,20.111276352605));
#5521 = CARTESIAN_POINT('',(-1.33382187683,20.112660149981));
#5522 = CARTESIAN_POINT('',(-1.385444672586,20.094922015523));
#5523 = CARTESIAN_POINT('',(-1.456616578921,20.042956783875));
#5524 = CARTESIAN_POINT('',(-1.475982604131,20.026004510787));
#5525 = CARTESIAN_POINT('',(-1.495256183993,20.006288506534));
#5526 = CARTESIAN_POINT('',(-1.514405941958,19.983841929806));
#5527 = CARTESIAN_POINT('',(-1.533400505768,19.958727612339));
#5528 = CARTESIAN_POINT('',(-1.552208131363,19.931038955654));
#5529 = CARTESIAN_POINT('',(-1.570796326795,19.900900827794));
#5530 = ( GEOMETRIC_REPRESENTATION_CONTEXT(2) 
PARAMETRIC_REPRESENTATION_CONTEXT() REPRESENTATION_CONTEXT('2D SPACE',''
  ) );
#5531 = ORIENTED_EDGE('',*,*,#5532,.T.);
#5532 = EDGE_CURVE('',#5405,#5244,#5533,.T.);
#5533 = SURFACE_CURVE('',#5534,(#5539,#5546),.PCURVE_S1.);
#5534 = CIRCLE('',#5535,5.75);
#5535 = AXIS2_PLACEMENT_3D('',#5536,#5537,#5538);
#5536 = CARTESIAN_POINT('',(-40.,-30.,15.5));
#5537 = DIRECTION('',(1.,0.,-0.));
#5538 = DIRECTION('',(-0.,-0.,-1.));
#5539 = PCURVE('',#4914,#5540);
#5540 = DEFINITIONAL_REPRESENTATION('',(#5541),#5545);
#5541 = LINE('',#5542,#5543);
#5542 = CARTESIAN_POINT('',(-0.,0.5));
#5543 = VECTOR('',#5544,1.);
#5544 = DIRECTION('',(-1.,0.));
#5545 = ( GEOMETRIC_REPRESENTATION_CONTEXT(2) 
PARAMETRIC_REPRESENTATION_CONTEXT() REPRESENTATION_CONTEXT('2D SPACE',''
  ) );
#5546 = PCURVE('',#5051,#5547);
#5547 = DEFINITIONAL_REPRESENTATION('',(#5548),#5556);
#5548 = ( BOUNDED_CURVE() B_SPLINE_CURVE(2,(#5549,#5550,#5551,#5552,
#5553,#5554,#5555),.UNSPECIFIED.,.T.,.F.) B_SPLINE_CURVE_WITH_KNOTS((1,2
    ,2,2,2,1),(-2.094395102393,0.,2.094395102393,4.188790204786,
6.28318530718,8.377580409573),.UNSPECIFIED.) CURVE() 
GEOMETRIC_REPRESENTATION_ITEM() RATIONAL_B_SPLINE_CURVE((1.,0.5,1.,0.5,
1.,0.5,1.)) REPRESENTATION_ITEM('') );
#5549 = CARTESIAN_POINT('',(1.25,-14.35));
#5550 = CARTESIAN_POINT('',(1.25,-24.30929214352));
#5551 = CARTESIAN_POINT('',(-7.375,-19.32964607176));
#5552 = CARTESIAN_POINT('',(-16.,-14.35));
#5553 = CARTESIAN_POINT('',(-7.375,-9.370353928239));
#5554 = CARTESIAN_POINT('',(1.25,-4.390707856479));
#5555 = CARTESIAN_POINT('',(1.25,-14.35));
#5556 = ( GEOMETRIC_REPRESENTATION_CONTEXT(2) 
PARAMETRIC_REPRESENTATION_CONTEXT() REPRESENTATION_CONTEXT('2D SPACE',''
  ) );
#5557 = ORIENTED_EDGE('',*,*,#5266,.T.);
#5558 = ORIENTED_EDGE('',*,*,#4954,.T.);
#5559 = ADVANCED_FACE('',(#5560,#5564),#4942,.F.);
#5560 = FACE_BOUND('',#5561,.T.);
#5561 = EDGE_LOOP('',(#5562,#5563));
#5562 = ORIENTED_EDGE('',*,*,#4926,.T.);
#5563 = ORIENTED_EDGE('',*,*,#5377,.T.);
#5564 = FACE_BOUND('',#5565,.T.);
#5565 = EDGE_LOOP('',(#5566));
#5566 = ORIENTED_EDGE('',*,*,#5567,.T.);
#5567 = EDGE_CURVE('',#5568,#5568,#5570,.T.);
#5568 = VERTEX_POINT('',#5569);
#5569 = CARTESIAN_POINT('',(-49.,-30.,17.2));
#5570 = SURFACE_CURVE('',#5571,(#5576,#5583),.PCURVE_S1.);
#5571 = CIRCLE('',#5572,1.7);
#5572 = AXIS2_PLACEMENT_3D('',#5573,#5574,#5575);
#5573 = CARTESIAN_POINT('',(-49.,-30.,15.5));
#5574 = DIRECTION('',(-1.,-0.,-0.));
#5575 = DIRECTION('',(-0.,-0.,1.));
#5576 = PCURVE('',#4942,#5577);
#5577 = DEFINITIONAL_REPRESENTATION('',(#5578),#5582);
#5578 = CIRCLE('',#5579,1.7);
#5579 = AXIS2_PLACEMENT_2D('',#5580,#5581);
#5580 = CARTESIAN_POINT('',(0.,0.));
#5581 = DIRECTION('',(1.,-0.));
#5582 = ( GEOMETRIC_REPRESENTATION_CONTEXT(2) 
PARAMETRIC_REPRESENTATION_CONTEXT() REPRESENTATION_CONTEXT('2D SPACE',''
  ) );
#5583 = PCURVE('',#5584,#5589);
#5584 = CYLINDRICAL_SURFACE('',#5585,1.7);
#5585 = AXIS2_PLACEMENT_3D('',#5586,#5587,#5588);
#5586 = CARTESIAN_POINT('',(-59.,-30.,15.5));
#5587 = DIRECTION('',(1.,-0.,-0.));
#5588 = DIRECTION('',(-0.,-0.,1.));
#5589 = DEFINITIONAL_REPRESENTATION('',(#5590),#5594);
#5590 = LINE('',#5591,#5592);
#5591 = CARTESIAN_POINT('',(-0.,10.));
#5592 = VECTOR('',#5593,1.);
#5593 = DIRECTION('',(-1.,0.));
#5594 = ( GEOMETRIC_REPRESENTATION_CONTEXT(2) 
PARAMETRIC_REPRESENTATION_CONTEXT() REPRESENTATION_CONTEXT('2D SPACE',''
  ) );
#5595 = ADVANCED_FACE('',(#5596),#4886,.T.);
#5596 = FACE_BOUND('',#5597,.F.);
#5597 = EDGE_LOOP('',(#5598,#5599,#5600,#5623));
#5598 = ORIENTED_EDGE('',*,*,#4870,.F.);
#5599 = ORIENTED_EDGE('',*,*,#5404,.T.);
#5600 = ORIENTED_EDGE('',*,*,#5601,.T.);
#5601 = EDGE_CURVE('',#5405,#5602,#5604,.T.);
#5602 = VERTEX_POINT('',#5603);
#5603 = CARTESIAN_POINT('',(-40.,-15.65,17.));
#5604 = SURFACE_CURVE('',#5605,(#5609,#5616),.PCURVE_S1.);
#5605 = LINE('',#5606,#5607);
#5606 = CARTESIAN_POINT('',(-40.,-44.35,17.));
#5607 = VECTOR('',#5608,1.);
#5608 = DIRECTION('',(-0.,1.,-0.));
#5609 = PCURVE('',#4886,#5610);
#5610 = DEFINITIONAL_REPRESENTATION('',(#5611),#5615);
#5611 = LINE('',#5612,#5613);
#5612 = CARTESIAN_POINT('',(-1.570796326795,0.));
#5613 = VECTOR('',#5614,1.);
#5614 = DIRECTION('',(-0.,1.));
#5615 = ( GEOMETRIC_REPRESENTATION_CONTEXT(2) 
PARAMETRIC_REPRESENTATION_CONTEXT() REPRESENTATION_CONTEXT('2D SPACE',''
  ) );
#5616 = PCURVE('',#5051,#5617);
#5617 = DEFINITIONAL_REPRESENTATION('',(#5618),#5622);
#5618 = LINE('',#5619,#5620);
#5619 = CARTESIAN_POINT('',(-6.,-0.));
#5620 = VECTOR('',#5621,1.);
#5621 = DIRECTION('',(-0.,-1.));
#5622 = ( GEOMETRIC_REPRESENTATION_CONTEXT(2) 
PARAMETRIC_REPRESENTATION_CONTEXT() REPRESENTATION_CONTEXT('2D SPACE',''
  ) );
#5623 = ORIENTED_EDGE('',*,*,#5624,.F.);
#5624 = EDGE_CURVE('',#4843,#5602,#5625,.T.);
#5625 = SURFACE_CURVE('',#5626,(#5631,#5638),.PCURVE_S1.);
#5626 = CIRCLE('',#5627,6.);
#5627 = AXIS2_PLACEMENT_3D('',#5628,#5629,#5630);
#5628 = CARTESIAN_POINT('',(-46.,-15.65,17.));
#5629 = DIRECTION('',(0.,-1.,0.));
#5630 = DIRECTION('',(0.,-0.,-1.));
#5631 = PCURVE('',#4886,#5632);
#5632 = DEFINITIONAL_REPRESENTATION('',(#5633),#5637);
#5633 = LINE('',#5634,#5635);
#5634 = CARTESIAN_POINT('',(-0.,28.7));
#5635 = VECTOR('',#5636,1.);
#5636 = DIRECTION('',(-1.,0.));
#5637 = ( GEOMETRIC_REPRESENTATION_CONTEXT(2) 
PARAMETRIC_REPRESENTATION_CONTEXT() REPRESENTATION_CONTEXT('2D SPACE',''
  ) );
#5638 = PCURVE('',#4858,#5639);
#5639 = DEFINITIONAL_REPRESENTATION('',(#5640),#5648);
#5640 = ( BOUNDED_CURVE() B_SPLINE_CURVE(2,(#5641,#5642,#5643,#5644,
#5645,#5646,#5647),.UNSPECIFIED.,.T.,.F.) B_SPLINE_CURVE_WITH_KNOTS((1,2
    ,2,2,2,1),(-2.094395102393,0.,2.094395102393,4.188790204786,
6.28318530718,8.377580409573),.UNSPECIFIED.) CURVE() 
GEOMETRIC_REPRESENTATION_ITEM() RATIONAL_B_SPLINE_CURVE((1.,0.5,1.,0.5,
1.,0.5,1.)) REPRESENTATION_ITEM('') );
#5641 = CARTESIAN_POINT('',(-16.5,3.));
#5642 = CARTESIAN_POINT('',(-16.5,13.392304845413));
#5643 = CARTESIAN_POINT('',(-7.5,8.196152422707));
#5644 = CARTESIAN_POINT('',(1.5,3.));
#5645 = CARTESIAN_POINT('',(-7.5,-2.196152422707));
#5646 = CARTESIAN_POINT('',(-16.5,-7.392304845413));
#5647 = CARTESIAN_POINT('',(-16.5,3.));
#5648 = ( GEOMETRIC_REPRESENTATION_CONTEXT(2) 
PARAMETRIC_REPRESENTATION_CONTEXT() REPRESENTATION_CONTEXT('2D SPACE',''
  ) );
#5649 = ADVANCED_FACE('',(#5650,#5816),#4858,.T.);
#5650 = FACE_BOUND('',#5651,.F.);
#5651 = EDGE_LOOP('',(#5652,#5653,#5654,#5677,#5710,#5738,#5771,#5794));
#5652 = ORIENTED_EDGE('',*,*,#4842,.T.);
#5653 = ORIENTED_EDGE('',*,*,#5624,.T.);
#5654 = ORIENTED_EDGE('',*,*,#5655,.T.);
#5655 = EDGE_CURVE('',#5602,#5656,#5658,.T.);
#5656 = VERTEX_POINT('',#5657);
#5657 = CARTESIAN_POINT('',(-40.,-15.65,38.));
#5658 = SURFACE_CURVE('',#5659,(#5663,#5670),.PCURVE_S1.);
#5659 = LINE('',#5660,#5661);
#5660 = CARTESIAN_POINT('',(-40.,-15.65,11.));
#5661 = VECTOR('',#5662,1.);
#5662 = DIRECTION('',(-0.,-0.,1.));
#5663 = PCURVE('',#4858,#5664);
#5664 = DEFINITIONAL_REPRESENTATION('',(#5665),#5669);
#5665 = LINE('',#5666,#5667);
#5666 = CARTESIAN_POINT('',(-16.5,9.));
#5667 = VECTOR('',#5668,1.);
#5668 = DIRECTION('',(1.,-0.));
#5669 = ( GEOMETRIC_REPRESENTATION_CONTEXT(2) 
PARAMETRIC_REPRESENTATION_CONTEXT() REPRESENTATION_CONTEXT('2D SPACE',''
  ) );
#5670 = PCURVE('',#5051,#5671);
#5671 = DEFINITIONAL_REPRESENTATION('',(#5672),#5676);
#5672 = LINE('',#5673,#5674);
#5673 = CARTESIAN_POINT('',(-0.,-28.7));
#5674 = VECTOR('',#5675,1.);
#5675 = DIRECTION('',(-1.,-0.));
#5676 = ( GEOMETRIC_REPRESENTATION_CONTEXT(2) 
PARAMETRIC_REPRESENTATION_CONTEXT() REPRESENTATION_CONTEXT('2D SPACE',''
  ) );
#5677 = ORIENTED_EDGE('',*,*,#5678,.T.);
#5678 = EDGE_CURVE('',#5656,#5679,#5681,.T.);
#5679 = VERTEX_POINT('',#5680);
#5680 = CARTESIAN_POINT('',(-46.,-15.65,44.));
#5681 = SURFACE_CURVE('',#5682,(#5687,#5698),.PCURVE_S1.);
#5682 = CIRCLE('',#5683,6.);
#5683 = AXIS2_PLACEMENT_3D('',#5684,#5685,#5686);
#5684 = CARTESIAN_POINT('',(-46.,-15.65,38.));
#5685 = DIRECTION('',(0.,-1.,0.));
#5686 = DIRECTION('',(0.,-0.,-1.));
#5687 = PCURVE('',#4858,#5688);
#5688 = DEFINITIONAL_REPRESENTATION('',(#5689),#5697);
#5689 = ( BOUNDED_CURVE() B_SPLINE_CURVE(2,(#5690,#5691,#5692,#5693,
#5694,#5695,#5696),.UNSPECIFIED.,.T.,.F.) B_SPLINE_CURVE_WITH_KNOTS((1,2
    ,2,2,2,1),(-2.094395102393,0.,2.094395102393,4.188790204786,
6.28318530718,8.377580409573),.UNSPECIFIED.) CURVE() 
GEOMETRIC_REPRESENTATION_ITEM() RATIONAL_B_SPLINE_CURVE((1.,0.5,1.,0.5,
1.,0.5,1.)) REPRESENTATION_ITEM('') );
#5690 = CARTESIAN_POINT('',(4.5,3.));
#5691 = CARTESIAN_POINT('',(4.5,13.392304845413));
#5692 = CARTESIAN_POINT('',(13.5,8.196152422707));
#5693 = CARTESIAN_POINT('',(22.5,3.));
#5694 = CARTESIAN_POINT('',(13.5,-2.196152422707));
#5695 = CARTESIAN_POINT('',(4.5,-7.392304845413));
#5696 = CARTESIAN_POINT('',(4.5,3.));
#5697 = ( GEOMETRIC_REPRESENTATION_CONTEXT(2) 
PARAMETRIC_REPRESENTATION_CONTEXT() REPRESENTATION_CONTEXT('2D SPACE',''
  ) );
#5698 = PCURVE('',#5699,#5704);
#5699 = CYLINDRICAL_SURFACE('',#5700,6.);
#5700 = AXIS2_PLACEMENT_3D('',#5701,#5702,#5703);
#5701 = CARTESIAN_POINT('',(-46.,-44.35,38.));
#5702 = DIRECTION('',(-0.,1.,-0.));
#5703 = DIRECTION('',(1.,-0.,-0.));
#5704 = DEFINITIONAL_REPRESENTATION('',(#5705),#5709);
#5705 = LINE('',#5706,#5707);
#5706 = CARTESIAN_POINT('',(1.570796326795,28.7));
#5707 = VECTOR('',#5708,1.);
#5708 = DIRECTION('',(-1.,0.));
#5709 = ( GEOMETRIC_REPRESENTATION_CONTEXT(2) 
PARAMETRIC_REPRESENTATION_CONTEXT() REPRESENTATION_CONTEXT('2D SPACE',''
  ) );
#5710 = ORIENTED_EDGE('',*,*,#5711,.T.);
#5711 = EDGE_CURVE('',#5679,#5712,#5714,.T.);
#5712 = VERTEX_POINT('',#5713);
#5713 = CARTESIAN_POINT('',(-52.,-15.65,44.));
#5714 = SURFACE_CURVE('',#5715,(#5719,#5726),.PCURVE_S1.);
#5715 = LINE('',#5716,#5717);
#5716 = CARTESIAN_POINT('',(-40.,-15.65,44.));
#5717 = VECTOR('',#5718,1.);
#5718 = DIRECTION('',(-1.,-0.,-0.));
#5719 = PCURVE('',#4858,#5720);
#5720 = DEFINITIONAL_REPRESENTATION('',(#5721),#5725);
#5721 = LINE('',#5722,#5723);
#5722 = CARTESIAN_POINT('',(16.5,9.));
#5723 = VECTOR('',#5724,1.);
#5724 = DIRECTION('',(-0.,-1.));
#5725 = ( GEOMETRIC_REPRESENTATION_CONTEXT(2) 
PARAMETRIC_REPRESENTATION_CONTEXT() REPRESENTATION_CONTEXT('2D SPACE',''
  ) );
#5726 = PCURVE('',#5727,#5732);
#5727 = PLANE('',#5728);
#5728 = AXIS2_PLACEMENT_3D('',#5729,#5730,#5731);
#5729 = CARTESIAN_POINT('',(-40.,-44.35,44.));
#5730 = DIRECTION('',(-0.,0.,-1.));
#5731 = DIRECTION('',(1.,0.,0.));
#5732 = DEFINITIONAL_REPRESENTATION('',(#5733),#5737);
#5733 = LINE('',#5734,#5735);
#5734 = CARTESIAN_POINT('',(-0.,-28.7));
#5735 = VECTOR('',#5736,1.);
#5736 = DIRECTION('',(-1.,0.));
#5737 = ( GEOMETRIC_REPRESENTATION_CONTEXT(2) 
PARAMETRIC_REPRESENTATION_CONTEXT() REPRESENTATION_CONTEXT('2D SPACE',''
  ) );
#5738 = ORIENTED_EDGE('',*,*,#5739,.T.);
#5739 = EDGE_CURVE('',#5712,#5740,#5742,.T.);
#5740 = VERTEX_POINT('',#5741);
#5741 = CARTESIAN_POINT('',(-58.,-15.65,38.));
#5742 = SURFACE_CURVE('',#5743,(#5748,#5759),.PCURVE_S1.);
#5743 = CIRCLE('',#5744,6.);
#5744 = AXIS2_PLACEMENT_3D('',#5745,#5746,#5747);
#5745 = CARTESIAN_POINT('',(-52.,-15.65,38.));
#5746 = DIRECTION('',(0.,-1.,0.));
#5747 = DIRECTION('',(0.,-0.,-1.));
#5748 = PCURVE('',#4858,#5749);
#5749 = DEFINITIONAL_REPRESENTATION('',(#5750),#5758);
#5750 = ( BOUNDED_CURVE() B_SPLINE_CURVE(2,(#5751,#5752,#5753,#5754,
#5755,#5756,#5757),.UNSPECIFIED.,.T.,.F.) B_SPLINE_CURVE_WITH_KNOTS((1,2
    ,2,2,2,1),(-2.094395102393,0.,2.094395102393,4.188790204786,
6.28318530718,8.377580409573),.UNSPECIFIED.) CURVE() 
GEOMETRIC_REPRESENTATION_ITEM() RATIONAL_B_SPLINE_CURVE((1.,0.5,1.,0.5,
1.,0.5,1.)) REPRESENTATION_ITEM('') );
#5751 = CARTESIAN_POINT('',(4.5,-3.));
#5752 = CARTESIAN_POINT('',(4.5,7.392304845413));
#5753 = CARTESIAN_POINT('',(13.5,2.196152422707));
#5754 = CARTESIAN_POINT('',(22.5,-3.));
#5755 = CARTESIAN_POINT('',(13.5,-8.196152422707));
#5756 = CARTESIAN_POINT('',(4.5,-13.39230484541));
#5757 = CARTESIAN_POINT('',(4.5,-3.));
#5758 = ( GEOMETRIC_REPRESENTATION_CONTEXT(2) 
PARAMETRIC_REPRESENTATION_CONTEXT() REPRESENTATION_CONTEXT('2D SPACE',''
  ) );
#5759 = PCURVE('',#5760,#5765);
#5760 = CYLINDRICAL_SURFACE('',#5761,6.);
#5761 = AXIS2_PLACEMENT_3D('',#5762,#5763,#5764);
#5762 = CARTESIAN_POINT('',(-52.,-44.35,38.));
#5763 = DIRECTION('',(-0.,1.,-0.));
#5764 = DIRECTION('',(-0.,-0.,1.));
#5765 = DEFINITIONAL_REPRESENTATION('',(#5766),#5770);
#5766 = LINE('',#5767,#5768);
#5767 = CARTESIAN_POINT('',(3.14159265359,28.7));
#5768 = VECTOR('',#5769,1.);
#5769 = DIRECTION('',(-1.,0.));
#5770 = ( GEOMETRIC_REPRESENTATION_CONTEXT(2) 
PARAMETRIC_REPRESENTATION_CONTEXT() REPRESENTATION_CONTEXT('2D SPACE',''
  ) );
#5771 = ORIENTED_EDGE('',*,*,#5772,.T.);
#5772 = EDGE_CURVE('',#5740,#5773,#5775,.T.);
#5773 = VERTEX_POINT('',#5774);
#5774 = CARTESIAN_POINT('',(-58.,-15.65,17.));
#5775 = SURFACE_CURVE('',#5776,(#5780,#5787),.PCURVE_S1.);
#5776 = LINE('',#5777,#5778);
#5777 = CARTESIAN_POINT('',(-58.,-15.65,44.));
#5778 = VECTOR('',#5779,1.);
#5779 = DIRECTION('',(-0.,-0.,-1.));
#5780 = PCURVE('',#4858,#5781);
#5781 = DEFINITIONAL_REPRESENTATION('',(#5782),#5786);
#5782 = LINE('',#5783,#5784);
#5783 = CARTESIAN_POINT('',(16.5,-9.));
#5784 = VECTOR('',#5785,1.);
#5785 = DIRECTION('',(-1.,0.));
#5786 = ( GEOMETRIC_REPRESENTATION_CONTEXT(2) 
PARAMETRIC_REPRESENTATION_CONTEXT() REPRESENTATION_CONTEXT('2D SPACE',''
  ) );
#5787 = PCURVE('',#5173,#5788);
#5788 = DEFINITIONAL_REPRESENTATION('',(#5789),#5793);
#5789 = LINE('',#5790,#5791);
#5790 = CARTESIAN_POINT('',(-0.,-28.7));
#5791 = VECTOR('',#5792,1.);
#5792 = DIRECTION('',(-1.,0.));
#5793 = ( GEOMETRIC_REPRESENTATION_CONTEXT(2) 
PARAMETRIC_REPRESENTATION_CONTEXT() REPRESENTATION_CONTEXT('2D SPACE',''
  ) );
#5794 = ORIENTED_EDGE('',*,*,#5795,.F.);
#5795 = EDGE_CURVE('',#4815,#5773,#5796,.T.);
#5796 = SURFACE_CURVE('',#5797,(#5802,#5809),.PCURVE_S1.);
#5797 = CIRCLE('',#5798,6.);
#5798 = AXIS2_PLACEMENT_3D('',#5799,#5800,#5801);
#5799 = CARTESIAN_POINT('',(-52.,-15.65,17.));
#5800 = DIRECTION('',(0.,1.,-0.));
#5801 = DIRECTION('',(-0.,-0.,-1.));
#5802 = PCURVE('',#4858,#5803);
#5803 = DEFINITIONAL_REPRESENTATION('',(#5804),#5808);
#5804 = CIRCLE('',#5805,6.);
#5805 = AXIS2_PLACEMENT_2D('',#5806,#5807);
#5806 = CARTESIAN_POINT('',(-10.5,-3.));
#5807 = DIRECTION('',(-1.,0.));
#5808 = ( GEOMETRIC_REPRESENTATION_CONTEXT(2) 
PARAMETRIC_REPRESENTATION_CONTEXT() REPRESENTATION_CONTEXT('2D SPACE',''
  ) );
#5809 = PCURVE('',#4830,#5810);
#5810 = DEFINITIONAL_REPRESENTATION('',(#5811),#5815);
#5811 = LINE('',#5812,#5813);
#5812 = CARTESIAN_POINT('',(0.,28.7));
#5813 = VECTOR('',#5814,1.);
#5814 = DIRECTION('',(1.,0.));
#5815 = ( GEOMETRIC_REPRESENTATION_CONTEXT(2) 
PARAMETRIC_REPRESENTATION_CONTEXT() REPRESENTATION_CONTEXT('2D SPACE',''
  ) );
#5816 = FACE_BOUND('',#5817,.F.);
#5817 = EDGE_LOOP('',(#5818));
#5818 = ORIENTED_EDGE('',*,*,#5819,.T.);
#5819 = EDGE_CURVE('',#5820,#5820,#5822,.T.);
#5820 = VERTEX_POINT('',#5821);
#5821 = CARTESIAN_POINT('',(-55.,-15.65,41.2));
#5822 = SURFACE_CURVE('',#5823,(#5828,#5835),.PCURVE_S1.);
#5823 = CIRCLE('',#5824,1.7);
#5824 = AXIS2_PLACEMENT_3D('',#5825,#5826,#5827);
#5825 = CARTESIAN_POINT('',(-55.,-15.65,39.5));
#5826 = DIRECTION('',(0.,1.,0.));
#5827 = DIRECTION('',(-0.,-0.,1.));
#5828 = PCURVE('',#4858,#5829);
#5829 = DEFINITIONAL_REPRESENTATION('',(#5830),#5834);
#5830 = CIRCLE('',#5831,1.7);
#5831 = AXIS2_PLACEMENT_2D('',#5832,#5833);
#5832 = CARTESIAN_POINT('',(12.,-6.));
#5833 = DIRECTION('',(1.,-0.));
#5834 = ( GEOMETRIC_REPRESENTATION_CONTEXT(2) 
PARAMETRIC_REPRESENTATION_CONTEXT() REPRESENTATION_CONTEXT('2D SPACE',''
  ) );
#5835 = PCURVE('',#5836,#5841);
#5836 = CYLINDRICAL_SURFACE('',#5837,1.7);
#5837 = AXIS2_PLACEMENT_3D('',#5838,#5839,#5840);
#5838 = CARTESIAN_POINT('',(-55.,-15.65,39.5));
#5839 = DIRECTION('',(-0.,-1.,-0.));
#5840 = DIRECTION('',(-0.,-0.,1.));
#5841 = DEFINITIONAL_REPRESENTATION('',(#5842),#5846);
#5842 = LINE('',#5843,#5844);
#5843 = CARTESIAN_POINT('',(-0.,0.));
#5844 = VECTOR('',#5845,1.);
#5845 = DIRECTION('',(-1.,0.));
#5846 = ( GEOMETRIC_REPRESENTATION_CONTEXT(2) 
PARAMETRIC_REPRESENTATION_CONTEXT() REPRESENTATION_CONTEXT('2D SPACE',''
  ) );
#5847 = ADVANCED_FACE('',(#5848),#4830,.T.);
#5848 = FACE_BOUND('',#5849,.T.);
#5849 = EDGE_LOOP('',(#5850,#5851,#5852,#5875,#6125,#6146));
#5850 = ORIENTED_EDGE('',*,*,#4814,.F.);
#5851 = ORIENTED_EDGE('',*,*,#5185,.T.);
#5852 = ORIENTED_EDGE('',*,*,#5853,.T.);
#5853 = EDGE_CURVE('',#5158,#5854,#5856,.T.);
#5854 = VERTEX_POINT('',#5855);
#5855 = CARTESIAN_POINT('',(-58.,-32.42332416321,17.));
#5856 = SURFACE_CURVE('',#5857,(#5861,#5868),.PCURVE_S1.);
#5857 = LINE('',#5858,#5859);
#5858 = CARTESIAN_POINT('',(-58.,-44.35,17.));
#5859 = VECTOR('',#5860,1.);
#5860 = DIRECTION('',(-0.,1.,-0.));
#5861 = PCURVE('',#4830,#5862);
#5862 = DEFINITIONAL_REPRESENTATION('',(#5863),#5867);
#5863 = LINE('',#5864,#5865);
#5864 = CARTESIAN_POINT('',(1.570796326795,0.));
#5865 = VECTOR('',#5866,1.);
#5866 = DIRECTION('',(0.,1.));
#5867 = ( GEOMETRIC_REPRESENTATION_CONTEXT(2) 
PARAMETRIC_REPRESENTATION_CONTEXT() REPRESENTATION_CONTEXT('2D SPACE',''
  ) );
#5868 = PCURVE('',#5173,#5869);
#5869 = DEFINITIONAL_REPRESENTATION('',(#5870),#5874);
#5870 = LINE('',#5871,#5872);
#5871 = CARTESIAN_POINT('',(-27.,0.));
#5872 = VECTOR('',#5873,1.);
#5873 = DIRECTION('',(-0.,-1.));
#5874 = ( GEOMETRIC_REPRESENTATION_CONTEXT(2) 
PARAMETRIC_REPRESENTATION_CONTEXT() REPRESENTATION_CONTEXT('2D SPACE',''
  ) );
#5875 = ORIENTED_EDGE('',*,*,#5876,.F.);
#5876 = EDGE_CURVE('',#5877,#5854,#5879,.T.);
#5877 = VERTEX_POINT('',#5878);
#5878 = CARTESIAN_POINT('',(-58.,-27.57667583679,17.));
#5879 = SURFACE_CURVE('',#5880,(#5958,#6039),.PCURVE_S1.);
#5880 = B_SPLINE_CURVE_WITH_KNOTS('',6,(#5881,#5882,#5883,#5884,#5885,
    #5886,#5887,#5888,#5889,#5890,#5891,#5892,#5893,#5894,#5895,#5896,
    #5897,#5898,#5899,#5900,#5901,#5902,#5903,#5904,#5905,#5906,#5907,
    #5908,#5909,#5910,#5911,#5912,#5913,#5914,#5915,#5916,#5917,#5918,
    #5919,#5920,#5921,#5922,#5923,#5924,#5925,#5926,#5927,#5928,#5929,
    #5930,#5931,#5932,#5933,#5934,#5935,#5936,#5937,#5938,#5939,#5940,
    #5941,#5942,#5943,#5944,#5945,#5946,#5947,#5948,#5949,#5950,#5951,
    #5952,#5953,#5954,#5955,#5956,#5957),.UNSPECIFIED.,.F.,.F.,(7,5,5,5,
    5,5,5,5,5,5,5,5,5,5,5,7),(0.,8.460777365918E-02,0.140331841902,
    0.173904773962,0.213894024761,0.317043939496,0.417328666553,
    0.499373561874,0.554545713397,0.684892250215,0.75705626078,
    0.825169160087,0.859547846981,0.916533582094,0.968546150501,1.),
  .UNSPECIFIED.);
#5881 = CARTESIAN_POINT('',(-58.,-27.57667583678,17.));
#5882 = CARTESIAN_POINT('',(-58.,-27.47710032468,16.839130836975));
#5883 = CARTESIAN_POINT('',(-57.9948242171,-27.38711297872,
    16.665117005634));
#5884 = CARTESIAN_POINT('',(-57.98288682619,-27.31014045841,
    16.480011204995));
#5885 = CARTESIAN_POINT('',(-57.96279190143,-27.24853611897,
    16.286407936223));
#5886 = CARTESIAN_POINT('',(-57.93371459072,-27.20371066125,
    16.087178863273));
#5887 = CARTESIAN_POINT('',(-57.87040547991,-27.158023448,
    15.752342306475));
#5888 = CARTESIAN_POINT('',(-57.84146334405,-27.14747902862,
    15.618978636444));
#5889 = CARTESIAN_POINT('',(-57.80878871344,-27.1445314157,
    15.486197806667));
#5890 = CARTESIAN_POINT('',(-57.77262041791,-27.14896593059,
    15.35498711756));
#5891 = CARTESIAN_POINT('',(-57.73336338154,-27.16035427825,
    15.22631194221));
#5892 = CARTESIAN_POINT('',(-57.66641614219,-27.18871942245,
    15.025651202159));
#5893 = CARTESIAN_POINT('',(-57.64030891782,-27.20168431687,
    14.95139787172));
#5894 = CARTESIAN_POINT('',(-57.6133460408,-27.21683394621,
    14.878418948172));
#5895 = CARTESIAN_POINT('',(-57.58561458191,-27.23404909879,
    14.806793363236));
#5896 = CARTESIAN_POINT('',(-57.55720721875,-27.25320708696,
    14.736593524063));
#5897 = CARTESIAN_POINT('',(-57.49369776367,-27.2991649967,
    14.586045875729));
#5898 = CARTESIAN_POINT('',(-57.45834803131,-27.3267294523,
    14.506309835807));
#5899 = CARTESIAN_POINT('',(-57.42230036683,-27.35668999769,
    14.428701781094));
#5900 = CARTESIAN_POINT('',(-57.38568010446,-27.38887527005,
    14.353236187754));
#5901 = CARTESIAN_POINT('',(-57.34860924012,-27.42312691575,
    14.279918416384));
#5902 = CARTESIAN_POINT('',(-57.21472327954,-27.55260220797,
    14.025159902633));
#5903 = CARTESIAN_POINT('',(-57.11597527678,-27.65872926089,
    13.855754183723));
#5904 = CARTESIAN_POINT('',(-57.016723625,-27.77543929962,13.70003425335
    ));
#5905 = CARTESIAN_POINT('',(-56.91845252821,-27.90129338796,
    13.557319441379));
#5906 = CARTESIAN_POINT('',(-56.82248435278,-28.03545181223,
    13.42702999059));
#5907 = CARTESIAN_POINT('',(-56.64061146229,-28.31567572287,
    13.193956868651));
#5908 = CARTESIAN_POINT('',(-56.55440407296,-28.4614559726,
    13.090385740909));
#5909 = CARTESIAN_POINT('',(-56.47320575284,-28.61423038438,
    12.998174434118));
#5910 = CARTESIAN_POINT('',(-56.39871208677,-28.77351956892,
    12.917509644549));
#5911 = CARTESIAN_POINT('',(-56.33278996736,-28.93898916722,
    12.848714306617));
#5912 = CARTESIAN_POINT('',(-56.23205929431,-29.25066589255,
    12.746313140966));
#5913 = CARTESIAN_POINT('',(-56.19370090188,-29.39512459397,
    12.708510018624));
#5914 = CARTESIAN_POINT('',(-56.16374414588,-29.54268112482,
    12.679694283903));
#5915 = CARTESIAN_POINT('',(-56.14324824907,-29.69236427014,
    12.660217426264));
#5916 = CARTESIAN_POINT('',(-56.13279720681,-29.84330063053,
    12.650288812213));
#5917 = CARTESIAN_POINT('',(-56.13229757723,-30.09643697497,
    12.649814163745));
#5918 = CARTESIAN_POINT('',(-56.1366877691,-30.19816696252,
    12.653985405755));
#5919 = CARTESIAN_POINT('',(-56.14566360612,-30.29953812876,
    12.662509173057));
#5920 = CARTESIAN_POINT('',(-56.15910085196,-30.40022693291,
    12.675339884648));
#5921 = CARTESIAN_POINT('',(-56.17676271894,-30.49989406121,
    12.692383197142));
#5922 = CARTESIAN_POINT('',(-56.24920329952,-30.83039914519,
    12.763333050123));
#5923 = CARTESIAN_POINT('',(-56.32147788095,-31.0536053986,
    12.835540491586));
#5924 = CARTESIAN_POINT('',(-56.41104849783,-31.26730612317,
    12.928425267958));
#5925 = CARTESIAN_POINT('',(-56.51359930921,-31.47059886863,
    13.041186199147));
#5926 = CARTESIAN_POINT('',(-56.62511862035,-31.66217281373,
    13.17316909206));
#5927 = CARTESIAN_POINT('',(-56.80662118073,-31.93901369591,
    13.40729397739));
#5928 = CARTESIAN_POINT('',(-56.87307775079,-32.03379545454,
    13.496656106681));
#5929 = CARTESIAN_POINT('',(-56.94081618584,-32.12455421713,
    13.592054567786));
#5930 = CARTESIAN_POINT('',(-57.00936537852,-32.21103605059,
    13.693658959563));
#5931 = CARTESIAN_POINT('',(-57.07824290974,-32.29285608425,
    13.801671721659));
#5932 = CARTESIAN_POINT('',(-57.21173787387,-32.44177939647,
    14.024484116004));
#5933 = CARTESIAN_POINT('',(-57.2764260046,-32.50950543688,
    14.138643734357));
#5934 = CARTESIAN_POINT('',(-57.34049825139,-32.57212839601,
    14.258892738089));
#5935 = CARTESIAN_POINT('',(-57.40342715208,-32.62901793259,
    14.385325901739));
#5936 = CARTESIAN_POINT('',(-57.4646433116,-32.67941448267,
    14.517981647793));
#5937 = CARTESIAN_POINT('',(-57.55326212343,-32.74411493765,
    14.726880273213));
#5938 = CARTESIAN_POINT('',(-57.58239285385,-32.76393034816,
    14.798516306435));
#5939 = CARTESIAN_POINT('',(-57.61082468223,-32.78172374658,
    14.871648508726));
#5940 = CARTESIAN_POINT('',(-57.63845820286,-32.79736429146,
    14.94620111168));
#5941 = CARTESIAN_POINT('',(-57.665199988,-32.81072471401,15.02209125077
    ));
#5942 = CARTESIAN_POINT('',(-57.73366932125,-32.83984133367,
    15.227090373738));
#5943 = CARTESIAN_POINT('',(-57.77375222973,-32.8514231176,
    15.358572390513));
#5944 = CARTESIAN_POINT('',(-57.8106059759,-32.85573851425,
    15.492689624094));
#5945 = CARTESIAN_POINT('',(-57.84379619992,-32.85233622953,
    15.628411714127));
#5946 = CARTESIAN_POINT('',(-57.87307896118,-32.84099395281,
    15.76468017779));
#5947 = CARTESIAN_POINT('',(-57.92148658577,-32.80414270532,
    16.024354239117));
#5948 = CARTESIAN_POINT('',(-57.94121288004,-32.78000354635,
    16.147510451134));
#5949 = CARTESIAN_POINT('',(-57.95753875131,-32.74939700285,
    16.269067367659));
#5950 = CARTESIAN_POINT('',(-57.97057135703,-32.71258721557,
    16.388202218042));
#5951 = CARTESIAN_POINT('',(-57.98052717804,-32.67002574156,
    16.504129393738));
#5952 = CARTESIAN_POINT('',(-57.99204882021,-32.59353751063,
    16.68384140838));
#5953 = CARTESIAN_POINT('',(-57.99537770504,-32.56283204981,
    16.750160615959));
#5954 = CARTESIAN_POINT('',(-57.99776363301,-32.53034691429,
    16.815001615657));
#5955 = CARTESIAN_POINT('',(-57.99927953678,-32.4961898668,
    16.878295833539));
#5956 = CARTESIAN_POINT('',(-58.,-32.46047520542,16.939980654475));
#5957 = CARTESIAN_POINT('',(-58.,-32.42332416321,17.));
#5958 = PCURVE('',#4830,#5959);
#5959 = DEFINITIONAL_REPRESENTATION('',(#5960),#6038);
#5960 = B_SPLINE_CURVE_WITH_KNOTS('',6,(#5961,#5962,#5963,#5964,#5965,
    #5966,#5967,#5968,#5969,#5970,#5971,#5972,#5973,#5974,#5975,#5976,
    #5977,#5978,#5979,#5980,#5981,#5982,#5983,#5984,#5985,#5986,#5987,
    #5988,#5989,#5990,#5991,#5992,#5993,#5994,#5995,#5996,#5997,#5998,
    #5999,#6000,#6001,#6002,#6003,#6004,#6005,#6006,#6007,#6008,#6009,
    #6010,#6011,#6012,#6013,#6014,#6015,#6016,#6017,#6018,#6019,#6020,
    #6021,#6022,#6023,#6024,#6025,#6026,#6027,#6028,#6029,#6030,#6031,
    #6032,#6033,#6034,#6035,#6036,#6037),.UNSPECIFIED.,.F.,.F.,(7,5,5,5,
    5,5,5,5,5,5,5,5,5,5,5,7),(0.,8.460777365918E-02,0.140331841902,
    0.173904773962,0.213894024761,0.317043939496,0.417328666553,
    0.499373561874,0.554545713397,0.684892250215,0.75705626078,
    0.825169160087,0.859547846981,0.916533582094,0.968546150501,1.),
  .UNSPECIFIED.);
#5961 = CARTESIAN_POINT('',(1.570796326795,16.773324163211));
#5962 = CARTESIAN_POINT('',(1.543984799624,16.872899675311));
#5963 = CARTESIAN_POINT('',(1.514982476834,16.96288702128));
#5964 = CARTESIAN_POINT('',(1.484096899735,17.039859541587));
#5965 = CARTESIAN_POINT('',(1.451697071048,17.101463881022));
#5966 = CARTESIAN_POINT('',(1.418169926208,17.146289338742));
#5967 = CARTESIAN_POINT('',(1.361375080178,17.191976551994));
#5968 = CARTESIAN_POINT('',(1.338638604281,17.202520971377));
#5969 = CARTESIAN_POINT('',(1.315861355911,17.205468584293));
#5970 = CARTESIAN_POINT('',(1.293190052339,17.20103406941));
#5971 = CARTESIAN_POINT('',(1.270775849456,17.189645721741));
#5972 = CARTESIAN_POINT('',(1.235520170065,17.161280577547));
#5973 = CARTESIAN_POINT('',(1.222403677424,17.148315683124));
#5974 = CARTESIAN_POINT('',(1.209439303471,17.133166053788));
#5975 = CARTESIAN_POINT('',(1.196640410394,17.115950901204));
#5976 = CARTESIAN_POINT('',(1.184020164881,17.096792913035));
#5977 = CARTESIAN_POINT('',(1.156787604047,17.050835003294));
#5978 = CARTESIAN_POINT('',(1.14225321112,17.023270547694));
#5979 = CARTESIAN_POINT('',(1.127994538982,16.99331000231));
#5980 = CARTESIAN_POINT('',(1.114017162965,16.961124729948));
#5981 = CARTESIAN_POINT('',(1.100326052681,16.926873084244));
#5982 = CARTESIAN_POINT('',(1.052359817227,16.797397792028));
#5983 = CARTESIAN_POINT('',(1.019710403004,16.691270739103));
#5984 = CARTESIAN_POINT('',(0.988966642041,16.574560700379));
#5985 = CARTESIAN_POINT('',(0.960110393525,16.448706612039));
#5986 = CARTESIAN_POINT('',(0.933151055791,16.314548187766));
#5987 = CARTESIAN_POINT('',(0.883878337267,16.034324277123));
#5988 = CARTESIAN_POINT('',(0.861430453944,15.888544027397));
#5989 = CARTESIAN_POINT('',(0.840963081796,15.73576961562));
#5990 = CARTESIAN_POINT('',(0.822668044699,15.576480431071));
#5991 = CARTESIAN_POINT('',(0.806789185139,15.411010832778));
#5992 = CARTESIAN_POINT('',(0.782849058887,15.099334107442));
#5993 = CARTESIAN_POINT('',(0.773874197455,14.954875406025));
#5994 = CARTESIAN_POINT('',(0.766946795014,14.807318875178));
#5995 = CARTESIAN_POINT('',(0.762234360276,14.65763572986));
#5996 = CARTESIAN_POINT('',(0.759831820547,14.506699369467));
#5997 = CARTESIAN_POINT('',(0.759716963041,14.253563025026));
#5998 = CARTESIAN_POINT('',(0.76072626084,14.151833037476));
#5999 = CARTESIAN_POINT('',(0.76278931737,14.050461871234));
#6000 = CARTESIAN_POINT('',(0.765885815404,13.949773067085));
#6001 = CARTESIAN_POINT('',(0.76997640288,13.850105938787));
#6002 = CARTESIAN_POINT('',(0.78687604074,13.51960085481));
#6003 = CARTESIAN_POINT('',(0.803902561394,13.296394601392));
#6004 = CARTESIAN_POINT('',(0.825403012503,13.08269387683));
#6005 = CARTESIAN_POINT('',(0.850785559754,12.879401131362));
#6006 = CARTESIAN_POINT('',(0.8795582355,12.687827186269));
#6007 = CARTESIAN_POINT('',(0.928931429238,12.410986304084));
#6008 = CARTESIAN_POINT('',(0.947488456134,12.316204545452));
#6009 = CARTESIAN_POINT('',(0.966981351962,12.225445782866));
#6010 = CARTESIAN_POINT('',(0.987399371444,12.138963949407));
#6011 = CARTESIAN_POINT('',(1.008741913623,12.057143915744));
#6012 = CARTESIAN_POINT('',(1.052032363083,11.908220603528));
#6013 = CARTESIAN_POINT('',(1.073894858612,11.840494563112));
#6014 = CARTESIAN_POINT('',(1.096591863697,11.777871603981));
#6015 = CARTESIAN_POINT('',(1.120115269242,11.720982067403));
#6016 = CARTESIAN_POINT('',(1.14445331631,11.670585517322));
#6017 = CARTESIAN_POINT('',(1.182273038352,11.605885062348));
#6018 = CARTESIAN_POINT('',(1.195160348086,11.58606965184));
#6019 = CARTESIAN_POINT('',(1.20823539767,11.568276253411));
#6020 = CARTESIAN_POINT('',(1.221484359756,11.552635708538));
#6021 = CARTESIAN_POINT('',(1.234893193401,11.539275285986));
#6022 = CARTESIAN_POINT('',(1.270915057908,11.510158666329));
#6023 = CARTESIAN_POINT('',(1.293816390798,11.4985768824));
#6024 = CARTESIAN_POINT('',(1.316984196774,11.494261485747));
#6025 = CARTESIAN_POINT('',(1.340257122398,11.497663770467));
#6026 = CARTESIAN_POINT('',(1.363478301514,11.509006047189));
#6027 = CARTESIAN_POINT('',(1.407502889418,11.545857294677));
#6028 = CARTESIAN_POINT('',(1.428283773832,11.569996453646));
#6029 = CARTESIAN_POINT('',(1.44871559516,11.600602997143));
#6030 = CARTESIAN_POINT('',(1.468681366576,11.637412784424));
#6031 = CARTESIAN_POINT('',(1.488069175095,11.679974258434));
#6032 = CARTESIAN_POINT('',(1.518082670413,11.756462489367));
#6033 = CARTESIAN_POINT('',(1.529148721622,11.787167950181));
#6034 = CARTESIAN_POINT('',(1.539961462311,11.819653085703));
#6035 = CARTESIAN_POINT('',(1.550512298606,11.853810133193));
#6036 = CARTESIAN_POINT('',(1.560793102541,11.889524794575));
#6037 = CARTESIAN_POINT('',(1.570796326795,11.926675836789));
#6038 = ( GEOMETRIC_REPRESENTATION_CONTEXT(2) 
PARAMETRIC_REPRESENTATION_CONTEXT() REPRESENTATION_CONTEXT('2D SPACE',''
  ) );
#6039 = PCURVE('',#6040,#6045);
#6040 = CYLINDRICAL_SURFACE('',#6041,2.85);
#6041 = AXIS2_PLACEMENT_3D('',#6042,#6043,#6044);
#6042 = CARTESIAN_POINT('',(-58.5,-30.,15.5));
#6043 = DIRECTION('',(1.,-0.,-0.));
#6044 = DIRECTION('',(-0.,-0.,1.));
#6045 = DEFINITIONAL_REPRESENTATION('',(#6046),#6124);
#6046 = B_SPLINE_CURVE_WITH_KNOTS('',6,(#6047,#6048,#6049,#6050,#6051,
    #6052,#6053,#6054,#6055,#6056,#6057,#6058,#6059,#6060,#6061,#6062,
    #6063,#6064,#6065,#6066,#6067,#6068,#6069,#6070,#6071,#6072,#6073,
    #6074,#6075,#6076,#6077,#6078,#6079,#6080,#6081,#6082,#6083,#6084,
    #6085,#6086,#6087,#6088,#6089,#6090,#6091,#6092,#6093,#6094,#6095,
    #6096,#6097,#6098,#6099,#6100,#6101,#6102,#6103,#6104,#6105,#6106,
    #6107,#6108,#6109,#6110,#6111,#6112,#6113,#6114,#6115,#6116,#6117,
    #6118,#6119,#6120,#6121,#6122,#6123),.UNSPECIFIED.,.F.,.F.,(7,5,5,5,
    5,5,5,5,5,5,5,5,5,5,5,7),(0.,8.460777365918E-02,0.140331841902,
    0.173904773962,0.213894024761,0.317043939496,0.417328666553,
    0.499373561874,0.554545713397,0.684892250215,0.75705626078,
    0.825169160087,0.859547846981,0.916533582094,0.968546150501,1.),
  .UNSPECIFIED.);
#6047 = CARTESIAN_POINT('',(-1.016534492343,0.5));
#6048 = CARTESIAN_POINT('',(-1.082918167077,0.5));
#6049 = CARTESIAN_POINT('',(-1.15145279547,0.505175782891));
#6050 = CARTESIAN_POINT('',(-1.221420045878,0.517113173809));
#6051 = CARTESIAN_POINT('',(-1.292307601584,0.537208098563));
#6052 = CARTESIAN_POINT('',(-1.363697062451,0.566285409278));
#6053 = CARTESIAN_POINT('',(-1.482272188328,0.629594520089));
#6054 = CARTESIAN_POINT('',(-1.529137017396,0.658536655949));
#6055 = CARTESIAN_POINT('',(-1.575626836745,0.69121128656));
#6056 = CARTESIAN_POINT('',(-1.621587440233,0.727379582084));
#6057 = CARTESIAN_POINT('',(-1.666851510211,0.766636618454));
#6058 = CARTESIAN_POINT('',(-1.737958757146,0.833583857803));
#6059 = CARTESIAN_POINT('',(-1.764392810318,0.859691082174));
#6060 = CARTESIAN_POINT('',(-1.790525788018,0.886653959199));
#6061 = CARTESIAN_POINT('',(-1.816354966179,0.91438541809));
#6062 = CARTESIAN_POINT('',(-1.84187588237,0.942792781247));
#6063 = CARTESIAN_POINT('',(-1.897106141457,1.006302236324));
#6064 = CARTESIAN_POINT('',(-1.926688511429,1.041651968683));
#6065 = CARTESIAN_POINT('',(-1.955850909102,1.077699633163));
#6066 = CARTESIAN_POINT('',(-1.984612554673,1.114319895534));
#6067 = CARTESIAN_POINT('',(-2.012991263014,1.151390759873));
#6068 = CARTESIAN_POINT('',(-2.113262211199,1.28527672046));
#6069 = CARTESIAN_POINT('',(-2.183123390768,1.384024723213));
#6070 = CARTESIAN_POINT('',(-2.251064357617,1.483276374992));
#6071 = CARTESIAN_POINT('',(-2.317526572412,1.581547471787));
#6072 = CARTESIAN_POINT('',(-2.382950958729,1.677515647212));
#6073 = CARTESIAN_POINT('',(-2.510840049773,1.859388537706));
#6074 = CARTESIAN_POINT('',(-2.573404710564,1.945595927035));
#6075 = CARTESIAN_POINT('',(-2.635757739159,2.026794247151));
#6076 = CARTESIAN_POINT('',(-2.69814707935,2.101287913227));
#6077 = CARTESIAN_POINT('',(-2.760840434805,2.167210032634));
#6078 = CARTESIAN_POINT('',(-2.87595188927,2.267940705686));
#6079 = CARTESIAN_POINT('',(-2.928246880141,2.306299098117));
#6080 = CARTESIAN_POINT('',(-2.980840752699,2.336255854119));
#6081 = CARTESIAN_POINT('',(-3.033643830325,2.35675175093));
#6082 = CARTESIAN_POINT('',(-3.086610324231,2.367202793188));
#6083 = CARTESIAN_POINT('',(-3.17543025035,2.367702422765));
#6084 = CARTESIAN_POINT('',(-3.211122221674,2.363312230897));
#6085 = CARTESIAN_POINT('',(-3.246767243739,2.354336393875));
#6086 = CARTESIAN_POINT('',(-3.282333730686,2.340899148039));
#6087 = CARTESIAN_POINT('',(-3.317780801842,2.323237281058));
#6088 = CARTESIAN_POINT('',(-3.436389486034,2.250796700475));
#6089 = CARTESIAN_POINT('',(-3.518281301332,2.178522119042));
#6090 = CARTESIAN_POINT('',(-3.599473085079,2.088951502161));
#6091 = CARTESIAN_POINT('',(-3.680472600594,1.986400690787));
#6092 = CARTESIAN_POINT('',(-3.761702760406,1.874881379648));
#6093 = CARTESIAN_POINT('',(-3.888919496714,1.693378819266));
#6094 = CARTESIAN_POINT('',(-3.934560118846,1.626922249205));
#6095 = CARTESIAN_POINT('',(-3.980658619178,1.559183814158));
#6096 = CARTESIAN_POINT('',(-4.027363761708,1.490634621475));
#6097 = CARTESIAN_POINT('',(-4.074826053458,1.421757090253));
#6098 = CARTESIAN_POINT('',(-4.168860824337,1.288262126124));
#6099 = CARTESIAN_POINT('',(-4.215367968107,1.223573995394));
#6100 = CARTESIAN_POINT('',(-4.262828436342,1.159501748602));
#6101 = CARTESIAN_POINT('',(-4.311348801601,1.096572847918));
#6102 = CARTESIAN_POINT('',(-4.361042716449,1.035356688392));
#6103 = CARTESIAN_POINT('',(-4.437775623379,0.946737876561));
#6104 = CARTESIAN_POINT('',(-4.46384284098,0.917607146149));
#6105 = CARTESIAN_POINT('',(-4.490232327362,0.889175317768));
#6106 = CARTESIAN_POINT('',(-4.516939690106,0.861541797139));
#6107 = CARTESIAN_POINT('',(-4.543962435106,0.834800011995));
#6108 = CARTESIAN_POINT('',(-4.616613858751,0.766330678748));
#6109 = CARTESIAN_POINT('',(-4.662860936658,0.726247770267));
#6110 = CARTESIAN_POINT('',(-4.709832441207,0.689394024098));
#6111 = CARTESIAN_POINT('',(-4.757350045458,0.656203800077));
#6112 = CARTESIAN_POINT('',(-4.805248396774,0.626921038816));
#6113 = CARTESIAN_POINT('',(-4.897275018217,0.578513414223));
#6114 = CARTESIAN_POINT('',(-4.941249172789,0.558787119953));
#6115 = CARTESIAN_POINT('',(-4.985138807653,0.542461248681));
#6116 = CARTESIAN_POINT('',(-5.028800046566,0.52942864297));
#6117 = CARTESIAN_POINT('',(-5.072075674291,0.51947282196));
#6118 = CARTESIAN_POINT('',(-5.140606272767,0.507951179784));
#6119 = CARTESIAN_POINT('',(-5.166236791155,0.504622294955));
#6120 = CARTESIAN_POINT('',(-5.191665608629,0.502236366981));
#6121 = CARTESIAN_POINT('',(-5.216884462966,0.500720463217));
#6122 = CARTESIAN_POINT('',(-5.241883453361,0.5));
#6123 = CARTESIAN_POINT('',(-5.266650814837,0.5));
#6124 = ( GEOMETRIC_REPRESENTATION_CONTEXT(2) 
PARAMETRIC_REPRESENTATION_CONTEXT() REPRESENTATION_CONTEXT('2D SPACE',''
  ) );
#6125 = ORIENTED_EDGE('',*,*,#6126,.T.);
#6126 = EDGE_CURVE('',#5877,#5773,#6127,.T.);
#6127 = SURFACE_CURVE('',#6128,(#6132,#6139),.PCURVE_S1.);
#6128 = LINE('',#6129,#6130);
#6129 = CARTESIAN_POINT('',(-58.,-44.35,17.));
#6130 = VECTOR('',#6131,1.);
#6131 = DIRECTION('',(-0.,1.,-0.));
#6132 = PCURVE('',#4830,#6133);
#6133 = DEFINITIONAL_REPRESENTATION('',(#6134),#6138);
#6134 = LINE('',#6135,#6136);
#6135 = CARTESIAN_POINT('',(1.570796326795,0.));
#6136 = VECTOR('',#6137,1.);
#6137 = DIRECTION('',(0.,1.));
#6138 = ( GEOMETRIC_REPRESENTATION_CONTEXT(2) 
PARAMETRIC_REPRESENTATION_CONTEXT() REPRESENTATION_CONTEXT('2D SPACE',''
  ) );
#6139 = PCURVE('',#5173,#6140);
#6140 = DEFINITIONAL_REPRESENTATION('',(#6141),#6145);
#6141 = LINE('',#6142,#6143);
#6142 = CARTESIAN_POINT('',(-27.,0.));
#6143 = VECTOR('',#6144,1.);
#6144 = DIRECTION('',(-0.,-1.));
#6145 = ( GEOMETRIC_REPRESENTATION_CONTEXT(2) 
PARAMETRIC_REPRESENTATION_CONTEXT() REPRESENTATION_CONTEXT('2D SPACE',''
  ) );
#6146 = ORIENTED_EDGE('',*,*,#5795,.F.);
#6147 = ADVANCED_FACE('',(#6148),#5173,.F.);
#6148 = FACE_BOUND('',#6149,.T.);
#6149 = EDGE_LOOP('',(#6150,#6151,#6174,#6202,#6230,#6258,#6279,#6280,
    #6281,#6309,#6335));
#6150 = ORIENTED_EDGE('',*,*,#5157,.F.);
#6151 = ORIENTED_EDGE('',*,*,#6152,.T.);
#6152 = EDGE_CURVE('',#5125,#6153,#6155,.T.);
#6153 = VERTEX_POINT('',#6154);
#6154 = CARTESIAN_POINT('',(-58.,-36.35,38.));
#6155 = SURFACE_CURVE('',#6156,(#6160,#6167),.PCURVE_S1.);
#6156 = LINE('',#6157,#6158);
#6157 = CARTESIAN_POINT('',(-58.,-44.35,38.));
#6158 = VECTOR('',#6159,1.);
#6159 = DIRECTION('',(-0.,1.,-0.));
#6160 = PCURVE('',#5173,#6161);
#6161 = DEFINITIONAL_REPRESENTATION('',(#6162),#6166);
#6162 = LINE('',#6163,#6164);
#6163 = CARTESIAN_POINT('',(-6.,0.));
#6164 = VECTOR('',#6165,1.);
#6165 = DIRECTION('',(-0.,-1.));
#6166 = ( GEOMETRIC_REPRESENTATION_CONTEXT(2) 
PARAMETRIC_REPRESENTATION_CONTEXT() REPRESENTATION_CONTEXT('2D SPACE',''
  ) );
#6167 = PCURVE('',#5145,#6168);
#6168 = DEFINITIONAL_REPRESENTATION('',(#6169),#6173);
#6169 = LINE('',#6170,#6171);
#6170 = CARTESIAN_POINT('',(-1.570796326795,0.));
#6171 = VECTOR('',#6172,1.);
#6172 = DIRECTION('',(-0.,1.));
#6173 = ( GEOMETRIC_REPRESENTATION_CONTEXT(2) 
PARAMETRIC_REPRESENTATION_CONTEXT() REPRESENTATION_CONTEXT('2D SPACE',''
  ) );
#6174 = ORIENTED_EDGE('',*,*,#6175,.F.);
#6175 = EDGE_CURVE('',#6176,#6153,#6178,.T.);
#6176 = VERTEX_POINT('',#6177);
#6177 = CARTESIAN_POINT('',(-58.,-36.35,33.453306688776));
#6178 = SURFACE_CURVE('',#6179,(#6183,#6190),.PCURVE_S1.);
#6179 = LINE('',#6180,#6181);
#6180 = CARTESIAN_POINT('',(-58.,-36.35,41.75));
#6181 = VECTOR('',#6182,1.);
#6182 = DIRECTION('',(-0.,-0.,1.));
#6183 = PCURVE('',#5173,#6184);
#6184 = DEFINITIONAL_REPRESENTATION('',(#6185),#6189);
#6185 = LINE('',#6186,#6187);
#6186 = CARTESIAN_POINT('',(-2.25,-8.));
#6187 = VECTOR('',#6188,1.);
#6188 = DIRECTION('',(1.,-0.));
#6189 = ( GEOMETRIC_REPRESENTATION_CONTEXT(2) 
PARAMETRIC_REPRESENTATION_CONTEXT() REPRESENTATION_CONTEXT('2D SPACE',''
  ) );
#6190 = PCURVE('',#6191,#6196);
#6191 = PLANE('',#6192);
#6192 = AXIS2_PLACEMENT_3D('',#6193,#6194,#6195);
#6193 = CARTESIAN_POINT('',(-55.,-36.35,39.5));
#6194 = DIRECTION('',(-0.,-1.,-0.));
#6195 = DIRECTION('',(0.,0.,-1.));
#6196 = DEFINITIONAL_REPRESENTATION('',(#6197),#6201);
#6197 = LINE('',#6198,#6199);
#6198 = CARTESIAN_POINT('',(-2.25,-3.));
#6199 = VECTOR('',#6200,1.);
#6200 = DIRECTION('',(-1.,0.));
#6201 = ( GEOMETRIC_REPRESENTATION_CONTEXT(2) 
PARAMETRIC_REPRESENTATION_CONTEXT() REPRESENTATION_CONTEXT('2D SPACE',''
  ) );
#6202 = ORIENTED_EDGE('',*,*,#6203,.F.);
#6203 = EDGE_CURVE('',#6204,#6176,#6206,.T.);
#6204 = VERTEX_POINT('',#6205);
#6205 = CARTESIAN_POINT('',(-58.,-23.65,33.453306688776));
#6206 = SURFACE_CURVE('',#6207,(#6211,#6218),.PCURVE_S1.);
#6207 = LINE('',#6208,#6209);
#6208 = CARTESIAN_POINT('',(-58.,-23.65,33.453306688776));
#6209 = VECTOR('',#6210,1.);
#6210 = DIRECTION('',(-0.,-1.,-0.));
#6211 = PCURVE('',#5173,#6212);
#6212 = DEFINITIONAL_REPRESENTATION('',(#6213),#6217);
#6213 = LINE('',#6214,#6215);
#6214 = CARTESIAN_POINT('',(-10.54669331122,-20.7));
#6215 = VECTOR('',#6216,1.);
#6216 = DIRECTION('',(-0.,1.));
#6217 = ( GEOMETRIC_REPRESENTATION_CONTEXT(2) 
PARAMETRIC_REPRESENTATION_CONTEXT() REPRESENTATION_CONTEXT('2D SPACE',''
  ) );
#6218 = PCURVE('',#6219,#6224);
#6219 = CYLINDRICAL_SURFACE('',#6220,6.75);
#6220 = AXIS2_PLACEMENT_3D('',#6221,#6222,#6223);
#6221 = CARTESIAN_POINT('',(-55.,-23.65,39.5));
#6222 = DIRECTION('',(-0.,-1.,-0.));
#6223 = DIRECTION('',(-0.,-0.,1.));
#6224 = DEFINITIONAL_REPRESENTATION('',(#6225),#6229);
#6225 = LINE('',#6226,#6227);
#6226 = CARTESIAN_POINT('',(-3.602146645271,0.));
#6227 = VECTOR('',#6228,1.);
#6228 = DIRECTION('',(-0.,1.));
#6229 = ( GEOMETRIC_REPRESENTATION_CONTEXT(2) 
PARAMETRIC_REPRESENTATION_CONTEXT() REPRESENTATION_CONTEXT('2D SPACE',''
  ) );
#6230 = ORIENTED_EDGE('',*,*,#6231,.T.);
#6231 = EDGE_CURVE('',#6204,#6232,#6234,.T.);
#6232 = VERTEX_POINT('',#6233);
#6233 = CARTESIAN_POINT('',(-58.,-23.65,38.));
#6234 = SURFACE_CURVE('',#6235,(#6239,#6246),.PCURVE_S1.);
#6235 = LINE('',#6236,#6237);
#6236 = CARTESIAN_POINT('',(-58.,-23.65,41.75));
#6237 = VECTOR('',#6238,1.);
#6238 = DIRECTION('',(-0.,-0.,1.));
#6239 = PCURVE('',#5173,#6240);
#6240 = DEFINITIONAL_REPRESENTATION('',(#6241),#6245);
#6241 = LINE('',#6242,#6243);
#6242 = CARTESIAN_POINT('',(-2.25,-20.7));
#6243 = VECTOR('',#6244,1.);
#6244 = DIRECTION('',(1.,-0.));
#6245 = ( GEOMETRIC_REPRESENTATION_CONTEXT(2) 
PARAMETRIC_REPRESENTATION_CONTEXT() REPRESENTATION_CONTEXT('2D SPACE',''
  ) );
#6246 = PCURVE('',#6247,#6252);
#6247 = PLANE('',#6248);
#6248 = AXIS2_PLACEMENT_3D('',#6249,#6250,#6251);
#6249 = CARTESIAN_POINT('',(-55.,-23.65,39.5));
#6250 = DIRECTION('',(-0.,-1.,-0.));
#6251 = DIRECTION('',(0.,0.,-1.));
#6252 = DEFINITIONAL_REPRESENTATION('',(#6253),#6257);
#6253 = LINE('',#6254,#6255);
#6254 = CARTESIAN_POINT('',(-2.25,-3.));
#6255 = VECTOR('',#6256,1.);
#6256 = DIRECTION('',(-1.,0.));
#6257 = ( GEOMETRIC_REPRESENTATION_CONTEXT(2) 
PARAMETRIC_REPRESENTATION_CONTEXT() REPRESENTATION_CONTEXT('2D SPACE',''
  ) );
#6258 = ORIENTED_EDGE('',*,*,#6259,.T.);
#6259 = EDGE_CURVE('',#6232,#5740,#6260,.T.);
#6260 = SURFACE_CURVE('',#6261,(#6265,#6272),.PCURVE_S1.);
#6261 = LINE('',#6262,#6263);
#6262 = CARTESIAN_POINT('',(-58.,-44.35,38.));
#6263 = VECTOR('',#6264,1.);
#6264 = DIRECTION('',(-0.,1.,-0.));
#6265 = PCURVE('',#5173,#6266);
#6266 = DEFINITIONAL_REPRESENTATION('',(#6267),#6271);
#6267 = LINE('',#6268,#6269);
#6268 = CARTESIAN_POINT('',(-6.,0.));
#6269 = VECTOR('',#6270,1.);
#6270 = DIRECTION('',(-0.,-1.));
#6271 = ( GEOMETRIC_REPRESENTATION_CONTEXT(2) 
PARAMETRIC_REPRESENTATION_CONTEXT() REPRESENTATION_CONTEXT('2D SPACE',''
  ) );
#6272 = PCURVE('',#5760,#6273);
#6273 = DEFINITIONAL_REPRESENTATION('',(#6274),#6278);
#6274 = LINE('',#6275,#6276);
#6275 = CARTESIAN_POINT('',(-1.570796326795,0.));
#6276 = VECTOR('',#6277,1.);
#6277 = DIRECTION('',(-0.,1.));
#6278 = ( GEOMETRIC_REPRESENTATION_CONTEXT(2) 
PARAMETRIC_REPRESENTATION_CONTEXT() REPRESENTATION_CONTEXT('2D SPACE',''
  ) );
#6279 = ORIENTED_EDGE('',*,*,#5772,.T.);
#6280 = ORIENTED_EDGE('',*,*,#6126,.F.);
#6281 = ORIENTED_EDGE('',*,*,#6282,.F.);
#6282 = EDGE_CURVE('',#6283,#5877,#6285,.T.);
#6283 = VERTEX_POINT('',#6284);
#6284 = CARTESIAN_POINT('',(-58.,-30.,18.35));
#6285 = SURFACE_CURVE('',#6286,(#6291,#6302),.PCURVE_S1.);
#6286 = CIRCLE('',#6287,2.85);
#6287 = AXIS2_PLACEMENT_3D('',#6288,#6289,#6290);
#6288 = CARTESIAN_POINT('',(-58.,-30.,15.5));
#6289 = DIRECTION('',(-1.,-0.,-0.));
#6290 = DIRECTION('',(-0.,-0.,1.));
#6291 = PCURVE('',#5173,#6292);
#6292 = DEFINITIONAL_REPRESENTATION('',(#6293),#6301);
#6293 = ( BOUNDED_CURVE() B_SPLINE_CURVE(2,(#6294,#6295,#6296,#6297,
#6298,#6299,#6300),.UNSPECIFIED.,.T.,.F.) B_SPLINE_CURVE_WITH_KNOTS((1,2
    ,2,2,2,1),(-2.094395102393,0.,2.094395102393,4.188790204786,
6.28318530718,8.377580409573),.UNSPECIFIED.) CURVE() 
GEOMETRIC_REPRESENTATION_ITEM() RATIONAL_B_SPLINE_CURVE((1.,0.5,1.,0.5,
1.,0.5,1.)) REPRESENTATION_ITEM('') );
#6294 = CARTESIAN_POINT('',(-25.65,-14.35));
#6295 = CARTESIAN_POINT('',(-25.65,-19.28634480157));
#6296 = CARTESIAN_POINT('',(-29.925,-16.81817240078));
#6297 = CARTESIAN_POINT('',(-34.2,-14.35));
#6298 = CARTESIAN_POINT('',(-29.925,-11.88182759921));
#6299 = CARTESIAN_POINT('',(-25.65,-9.413655198429));
#6300 = CARTESIAN_POINT('',(-25.65,-14.35));
#6301 = ( GEOMETRIC_REPRESENTATION_CONTEXT(2) 
PARAMETRIC_REPRESENTATION_CONTEXT() REPRESENTATION_CONTEXT('2D SPACE',''
  ) );
#6302 = PCURVE('',#6040,#6303);
#6303 = DEFINITIONAL_REPRESENTATION('',(#6304),#6308);
#6304 = LINE('',#6305,#6306);
#6305 = CARTESIAN_POINT('',(-0.,0.5));
#6306 = VECTOR('',#6307,1.);
#6307 = DIRECTION('',(-1.,0.));
#6308 = ( GEOMETRIC_REPRESENTATION_CONTEXT(2) 
PARAMETRIC_REPRESENTATION_CONTEXT() REPRESENTATION_CONTEXT('2D SPACE',''
  ) );
#6309 = ORIENTED_EDGE('',*,*,#6310,.F.);
#6310 = EDGE_CURVE('',#5854,#6283,#6311,.T.);
#6311 = SURFACE_CURVE('',#6312,(#6317,#6328),.PCURVE_S1.);
#6312 = CIRCLE('',#6313,2.85);
#6313 = AXIS2_PLACEMENT_3D('',#6314,#6315,#6316);
#6314 = CARTESIAN_POINT('',(-58.,-30.,15.5));
#6315 = DIRECTION('',(-1.,-0.,-0.));
#6316 = DIRECTION('',(-0.,-0.,1.));
#6317 = PCURVE('',#5173,#6318);
#6318 = DEFINITIONAL_REPRESENTATION('',(#6319),#6327);
#6319 = ( BOUNDED_CURVE() B_SPLINE_CURVE(2,(#6320,#6321,#6322,#6323,
#6324,#6325,#6326),.UNSPECIFIED.,.T.,.F.) B_SPLINE_CURVE_WITH_KNOTS((1,2
    ,2,2,2,1),(-2.094395102393,0.,2.094395102393,4.188790204786,
6.28318530718,8.377580409573),.UNSPECIFIED.) CURVE() 
GEOMETRIC_REPRESENTATION_ITEM() RATIONAL_B_SPLINE_CURVE((1.,0.5,1.,0.5,
1.,0.5,1.)) REPRESENTATION_ITEM('') );
#6320 = CARTESIAN_POINT('',(-25.65,-14.35));
#6321 = CARTESIAN_POINT('',(-25.65,-19.28634480157));
#6322 = CARTESIAN_POINT('',(-29.925,-16.81817240078));
#6323 = CARTESIAN_POINT('',(-34.2,-14.35));
#6324 = CARTESIAN_POINT('',(-29.925,-11.88182759921));
#6325 = CARTESIAN_POINT('',(-25.65,-9.413655198429));
#6326 = CARTESIAN_POINT('',(-25.65,-14.35));
#6327 = ( GEOMETRIC_REPRESENTATION_CONTEXT(2) 
PARAMETRIC_REPRESENTATION_CONTEXT() REPRESENTATION_CONTEXT('2D SPACE',''
  ) );
#6328 = PCURVE('',#6040,#6329);
#6329 = DEFINITIONAL_REPRESENTATION('',(#6330),#6334);
#6330 = LINE('',#6331,#6332);
#6331 = CARTESIAN_POINT('',(-0.,0.5));
#6332 = VECTOR('',#6333,1.);
#6333 = DIRECTION('',(-1.,0.));
#6334 = ( GEOMETRIC_REPRESENTATION_CONTEXT(2) 
PARAMETRIC_REPRESENTATION_CONTEXT() REPRESENTATION_CONTEXT('2D SPACE',''
  ) );
#6335 = ORIENTED_EDGE('',*,*,#5853,.F.);
#6336 = ADVANCED_FACE('',(#6337),#5051,.F.);
#6337 = FACE_BOUND('',#6338,.T.);
#6338 = EDGE_LOOP('',(#6339,#6340,#6341,#6342,#6343,#6344,#6367,#6390,
    #6418,#6441));
#6339 = ORIENTED_EDGE('',*,*,#5035,.F.);
#6340 = ORIENTED_EDGE('',*,*,#5243,.T.);
#6341 = ORIENTED_EDGE('',*,*,#5532,.F.);
#6342 = ORIENTED_EDGE('',*,*,#5601,.T.);
#6343 = ORIENTED_EDGE('',*,*,#5655,.T.);
#6344 = ORIENTED_EDGE('',*,*,#6345,.F.);
#6345 = EDGE_CURVE('',#6346,#5656,#6348,.T.);
#6346 = VERTEX_POINT('',#6347);
#6347 = CARTESIAN_POINT('',(-40.,-23.65,38.));
#6348 = SURFACE_CURVE('',#6349,(#6353,#6360),.PCURVE_S1.);
#6349 = LINE('',#6350,#6351);
#6350 = CARTESIAN_POINT('',(-40.,-44.35,38.));
#6351 = VECTOR('',#6352,1.);
#6352 = DIRECTION('',(-0.,1.,-0.));
#6353 = PCURVE('',#5051,#6354);
#6354 = DEFINITIONAL_REPRESENTATION('',(#6355),#6359);
#6355 = LINE('',#6356,#6357);
#6356 = CARTESIAN_POINT('',(-27.,-0.));
#6357 = VECTOR('',#6358,1.);
#6358 = DIRECTION('',(-0.,-1.));
#6359 = ( GEOMETRIC_REPRESENTATION_CONTEXT(2) 
PARAMETRIC_REPRESENTATION_CONTEXT() REPRESENTATION_CONTEXT('2D SPACE',''
  ) );
#6360 = PCURVE('',#5699,#6361);
#6361 = DEFINITIONAL_REPRESENTATION('',(#6362),#6366);
#6362 = LINE('',#6363,#6364);
#6363 = CARTESIAN_POINT('',(-0.,0.));
#6364 = VECTOR('',#6365,1.);
#6365 = DIRECTION('',(-0.,1.));
#6366 = ( GEOMETRIC_REPRESENTATION_CONTEXT(2) 
PARAMETRIC_REPRESENTATION_CONTEXT() REPRESENTATION_CONTEXT('2D SPACE',''
  ) );
#6367 = ORIENTED_EDGE('',*,*,#6368,.F.);
#6368 = EDGE_CURVE('',#6369,#6346,#6371,.T.);
#6369 = VERTEX_POINT('',#6370);
#6370 = CARTESIAN_POINT('',(-40.,-23.65,32.75));
#6371 = SURFACE_CURVE('',#6372,(#6376,#6383),.PCURVE_S1.);
#6372 = LINE('',#6373,#6374);
#6373 = CARTESIAN_POINT('',(-40.,-23.65,25.25));
#6374 = VECTOR('',#6375,1.);
#6375 = DIRECTION('',(-0.,-0.,1.));
#6376 = PCURVE('',#5051,#6377);
#6377 = DEFINITIONAL_REPRESENTATION('',(#6378),#6382);
#6378 = LINE('',#6379,#6380);
#6379 = CARTESIAN_POINT('',(-14.25,-20.7));
#6380 = VECTOR('',#6381,1.);
#6381 = DIRECTION('',(-1.,-0.));
#6382 = ( GEOMETRIC_REPRESENTATION_CONTEXT(2) 
PARAMETRIC_REPRESENTATION_CONTEXT() REPRESENTATION_CONTEXT('2D SPACE',''
  ) );
#6383 = PCURVE('',#6247,#6384);
#6384 = DEFINITIONAL_REPRESENTATION('',(#6385),#6389);
#6385 = LINE('',#6386,#6387);
#6386 = CARTESIAN_POINT('',(14.25,15.));
#6387 = VECTOR('',#6388,1.);
#6388 = DIRECTION('',(-1.,0.));
#6389 = ( GEOMETRIC_REPRESENTATION_CONTEXT(2) 
PARAMETRIC_REPRESENTATION_CONTEXT() REPRESENTATION_CONTEXT('2D SPACE',''
  ) );
#6390 = ORIENTED_EDGE('',*,*,#6391,.T.);
#6391 = EDGE_CURVE('',#6369,#6392,#6394,.T.);
#6392 = VERTEX_POINT('',#6393);
#6393 = CARTESIAN_POINT('',(-40.,-36.35,32.75));
#6394 = SURFACE_CURVE('',#6395,(#6399,#6406),.PCURVE_S1.);
#6395 = LINE('',#6396,#6397);
#6396 = CARTESIAN_POINT('',(-40.,-40.35,32.75));
#6397 = VECTOR('',#6398,1.);
#6398 = DIRECTION('',(-0.,-1.,-0.));
#6399 = PCURVE('',#5051,#6400);
#6400 = DEFINITIONAL_REPRESENTATION('',(#6401),#6405);
#6401 = LINE('',#6402,#6403);
#6402 = CARTESIAN_POINT('',(-21.75,-4.));
#6403 = VECTOR('',#6404,1.);
#6404 = DIRECTION('',(-0.,1.));
#6405 = ( GEOMETRIC_REPRESENTATION_CONTEXT(2) 
PARAMETRIC_REPRESENTATION_CONTEXT() REPRESENTATION_CONTEXT('2D SPACE',''
  ) );
#6406 = PCURVE('',#6407,#6412);
#6407 = PLANE('',#6408);
#6408 = AXIS2_PLACEMENT_3D('',#6409,#6410,#6411);
#6409 = CARTESIAN_POINT('',(-55.,-36.35,32.75));
#6410 = DIRECTION('',(-0.,-0.,1.));
#6411 = DIRECTION('',(-1.,0.,0.));
#6412 = DEFINITIONAL_REPRESENTATION('',(#6413),#6417);
#6413 = LINE('',#6414,#6415);
#6414 = CARTESIAN_POINT('',(-15.,4.));
#6415 = VECTOR('',#6416,1.);
#6416 = DIRECTION('',(-0.,1.));
#6417 = ( GEOMETRIC_REPRESENTATION_CONTEXT(2) 
PARAMETRIC_REPRESENTATION_CONTEXT() REPRESENTATION_CONTEXT('2D SPACE',''
  ) );
#6418 = ORIENTED_EDGE('',*,*,#6419,.T.);
#6419 = EDGE_CURVE('',#6392,#6420,#6422,.T.);
#6420 = VERTEX_POINT('',#6421);
#6421 = CARTESIAN_POINT('',(-40.,-36.35,38.));
#6422 = SURFACE_CURVE('',#6423,(#6427,#6434),.PCURVE_S1.);
#6423 = LINE('',#6424,#6425);
#6424 = CARTESIAN_POINT('',(-40.,-36.35,25.25));
#6425 = VECTOR('',#6426,1.);
#6426 = DIRECTION('',(-0.,-0.,1.));
#6427 = PCURVE('',#5051,#6428);
#6428 = DEFINITIONAL_REPRESENTATION('',(#6429),#6433);
#6429 = LINE('',#6430,#6431);
#6430 = CARTESIAN_POINT('',(-14.25,-8.));
#6431 = VECTOR('',#6432,1.);
#6432 = DIRECTION('',(-1.,-0.));
#6433 = ( GEOMETRIC_REPRESENTATION_CONTEXT(2) 
PARAMETRIC_REPRESENTATION_CONTEXT() REPRESENTATION_CONTEXT('2D SPACE',''
  ) );
#6434 = PCURVE('',#6191,#6435);
#6435 = DEFINITIONAL_REPRESENTATION('',(#6436),#6440);
#6436 = LINE('',#6437,#6438);
#6437 = CARTESIAN_POINT('',(14.25,15.));
#6438 = VECTOR('',#6439,1.);
#6439 = DIRECTION('',(-1.,0.));
#6440 = ( GEOMETRIC_REPRESENTATION_CONTEXT(2) 
PARAMETRIC_REPRESENTATION_CONTEXT() REPRESENTATION_CONTEXT('2D SPACE',''
  ) );
#6441 = ORIENTED_EDGE('',*,*,#6442,.F.);
#6442 = EDGE_CURVE('',#5036,#6420,#6443,.T.);
#6443 = SURFACE_CURVE('',#6444,(#6448,#6455),.PCURVE_S1.);
#6444 = LINE('',#6445,#6446);
#6445 = CARTESIAN_POINT('',(-40.,-44.35,38.));
#6446 = VECTOR('',#6447,1.);
#6447 = DIRECTION('',(-0.,1.,-0.));
#6448 = PCURVE('',#5051,#6449);
#6449 = DEFINITIONAL_REPRESENTATION('',(#6450),#6454);
#6450 = LINE('',#6451,#6452);
#6451 = CARTESIAN_POINT('',(-27.,-0.));
#6452 = VECTOR('',#6453,1.);
#6453 = DIRECTION('',(-0.,-1.));
#6454 = ( GEOMETRIC_REPRESENTATION_CONTEXT(2) 
PARAMETRIC_REPRESENTATION_CONTEXT() REPRESENTATION_CONTEXT('2D SPACE',''
  ) );
#6455 = PCURVE('',#5084,#6456);
#6456 = DEFINITIONAL_REPRESENTATION('',(#6457),#6461);
#6457 = LINE('',#6458,#6459);
#6458 = CARTESIAN_POINT('',(-0.,0.));
#6459 = VECTOR('',#6460,1.);
#6460 = DIRECTION('',(-0.,1.));
#6461 = ( GEOMETRIC_REPRESENTATION_CONTEXT(2) 
PARAMETRIC_REPRESENTATION_CONTEXT() REPRESENTATION_CONTEXT('2D SPACE',''
  ) );
#6462 = ADVANCED_FACE('',(#6463),#5145,.T.);
#6463 = FACE_BOUND('',#6464,.F.);
#6464 = EDGE_LOOP('',(#6465,#6488,#6489,#6490));
#6465 = ORIENTED_EDGE('',*,*,#6466,.F.);
#6466 = EDGE_CURVE('',#5097,#6467,#6469,.T.);
#6467 = VERTEX_POINT('',#6468);
#6468 = CARTESIAN_POINT('',(-52.,-36.35,44.));
#6469 = SURFACE_CURVE('',#6470,(#6474,#6481),.PCURVE_S1.);
#6470 = LINE('',#6471,#6472);
#6471 = CARTESIAN_POINT('',(-52.,-44.35,44.));
#6472 = VECTOR('',#6473,1.);
#6473 = DIRECTION('',(-0.,1.,-0.));
#6474 = PCURVE('',#5145,#6475);
#6475 = DEFINITIONAL_REPRESENTATION('',(#6476),#6480);
#6476 = LINE('',#6477,#6478);
#6477 = CARTESIAN_POINT('',(-0.,0.));
#6478 = VECTOR('',#6479,1.);
#6479 = DIRECTION('',(-0.,1.));
#6480 = ( GEOMETRIC_REPRESENTATION_CONTEXT(2) 
PARAMETRIC_REPRESENTATION_CONTEXT() REPRESENTATION_CONTEXT('2D SPACE',''
  ) );
#6481 = PCURVE('',#5112,#6482);
#6482 = DEFINITIONAL_REPRESENTATION('',(#6483),#6487);
#6483 = LINE('',#6484,#6485);
#6484 = CARTESIAN_POINT('',(-12.,0.));
#6485 = VECTOR('',#6486,1.);
#6486 = DIRECTION('',(-0.,-1.));
#6487 = ( GEOMETRIC_REPRESENTATION_CONTEXT(2) 
PARAMETRIC_REPRESENTATION_CONTEXT() REPRESENTATION_CONTEXT('2D SPACE',''
  ) );
#6488 = ORIENTED_EDGE('',*,*,#5124,.T.);
#6489 = ORIENTED_EDGE('',*,*,#6152,.T.);
#6490 = ORIENTED_EDGE('',*,*,#6491,.T.);
#6491 = EDGE_CURVE('',#6153,#6467,#6492,.T.);
#6492 = SURFACE_CURVE('',#6493,(#6498,#6505),.PCURVE_S1.);
#6493 = CIRCLE('',#6494,6.);
#6494 = AXIS2_PLACEMENT_3D('',#6495,#6496,#6497);
#6495 = CARTESIAN_POINT('',(-52.,-36.35,38.));
#6496 = DIRECTION('',(-0.,1.,0.));
#6497 = DIRECTION('',(-1.,-0.,-0.));
#6498 = PCURVE('',#5145,#6499);
#6499 = DEFINITIONAL_REPRESENTATION('',(#6500),#6504);
#6500 = LINE('',#6501,#6502);
#6501 = CARTESIAN_POINT('',(-1.570796326795,8.));
#6502 = VECTOR('',#6503,1.);
#6503 = DIRECTION('',(1.,-0.));
#6504 = ( GEOMETRIC_REPRESENTATION_CONTEXT(2) 
PARAMETRIC_REPRESENTATION_CONTEXT() REPRESENTATION_CONTEXT('2D SPACE',''
  ) );
#6505 = PCURVE('',#6191,#6506);
#6506 = DEFINITIONAL_REPRESENTATION('',(#6507),#6515);
#6507 = ( BOUNDED_CURVE() B_SPLINE_CURVE(2,(#6508,#6509,#6510,#6511,
#6512,#6513,#6514),.UNSPECIFIED.,.T.,.F.) B_SPLINE_CURVE_WITH_KNOTS((1,2
    ,2,2,2,1),(-2.094395102393,0.,2.094395102393,4.188790204786,
6.28318530718,8.377580409573),.UNSPECIFIED.) CURVE() 
GEOMETRIC_REPRESENTATION_ITEM() RATIONAL_B_SPLINE_CURVE((1.,0.5,1.,0.5,
1.,0.5,1.)) REPRESENTATION_ITEM('') );
#6508 = CARTESIAN_POINT('',(1.5,-3.));
#6509 = CARTESIAN_POINT('',(-8.892304845413,-3.));
#6510 = CARTESIAN_POINT('',(-3.696152422707,6.));
#6511 = CARTESIAN_POINT('',(1.5,15.));
#6512 = CARTESIAN_POINT('',(6.696152422707,6.));
#6513 = CARTESIAN_POINT('',(11.892304845413,-3.));
#6514 = CARTESIAN_POINT('',(1.5,-3.));
#6515 = ( GEOMETRIC_REPRESENTATION_CONTEXT(2) 
PARAMETRIC_REPRESENTATION_CONTEXT() REPRESENTATION_CONTEXT('2D SPACE',''
  ) );
#6516 = ADVANCED_FACE('',(#6517),#5084,.T.);
#6517 = FACE_BOUND('',#6518,.F.);
#6518 = EDGE_LOOP('',(#6519,#6520,#6521,#6544));
#6519 = ORIENTED_EDGE('',*,*,#6442,.F.);
#6520 = ORIENTED_EDGE('',*,*,#5063,.T.);
#6521 = ORIENTED_EDGE('',*,*,#6522,.T.);
#6522 = EDGE_CURVE('',#5064,#6523,#6525,.T.);
#6523 = VERTEX_POINT('',#6524);
#6524 = CARTESIAN_POINT('',(-46.,-36.35,44.));
#6525 = SURFACE_CURVE('',#6526,(#6530,#6537),.PCURVE_S1.);
#6526 = LINE('',#6527,#6528);
#6527 = CARTESIAN_POINT('',(-46.,-44.35,44.));
#6528 = VECTOR('',#6529,1.);
#6529 = DIRECTION('',(-0.,1.,-0.));
#6530 = PCURVE('',#5084,#6531);
#6531 = DEFINITIONAL_REPRESENTATION('',(#6532),#6536);
#6532 = LINE('',#6533,#6534);
#6533 = CARTESIAN_POINT('',(-1.570796326795,0.));
#6534 = VECTOR('',#6535,1.);
#6535 = DIRECTION('',(-0.,1.));
#6536 = ( GEOMETRIC_REPRESENTATION_CONTEXT(2) 
PARAMETRIC_REPRESENTATION_CONTEXT() REPRESENTATION_CONTEXT('2D SPACE',''
  ) );
#6537 = PCURVE('',#5112,#6538);
#6538 = DEFINITIONAL_REPRESENTATION('',(#6539),#6543);
#6539 = LINE('',#6540,#6541);
#6540 = CARTESIAN_POINT('',(-6.,0.));
#6541 = VECTOR('',#6542,1.);
#6542 = DIRECTION('',(-0.,-1.));
#6543 = ( GEOMETRIC_REPRESENTATION_CONTEXT(2) 
PARAMETRIC_REPRESENTATION_CONTEXT() REPRESENTATION_CONTEXT('2D SPACE',''
  ) );
#6544 = ORIENTED_EDGE('',*,*,#6545,.F.);
#6545 = EDGE_CURVE('',#6420,#6523,#6546,.T.);
#6546 = SURFACE_CURVE('',#6547,(#6552,#6559),.PCURVE_S1.);
#6547 = CIRCLE('',#6548,6.);
#6548 = AXIS2_PLACEMENT_3D('',#6549,#6550,#6551);
#6549 = CARTESIAN_POINT('',(-46.,-36.35,38.));
#6550 = DIRECTION('',(-0.,-1.,-0.));
#6551 = DIRECTION('',(1.,-0.,-0.));
#6552 = PCURVE('',#5084,#6553);
#6553 = DEFINITIONAL_REPRESENTATION('',(#6554),#6558);
#6554 = LINE('',#6555,#6556);
#6555 = CARTESIAN_POINT('',(-0.,8.));
#6556 = VECTOR('',#6557,1.);
#6557 = DIRECTION('',(-1.,0.));
#6558 = ( GEOMETRIC_REPRESENTATION_CONTEXT(2) 
PARAMETRIC_REPRESENTATION_CONTEXT() REPRESENTATION_CONTEXT('2D SPACE',''
  ) );
#6559 = PCURVE('',#6191,#6560);
#6560 = DEFINITIONAL_REPRESENTATION('',(#6561),#6565);
#6561 = CIRCLE('',#6562,6.);
#6562 = AXIS2_PLACEMENT_2D('',#6563,#6564);
#6563 = CARTESIAN_POINT('',(1.5,9.));
#6564 = DIRECTION('',(-0.,1.));
#6565 = ( GEOMETRIC_REPRESENTATION_CONTEXT(2) 
PARAMETRIC_REPRESENTATION_CONTEXT() REPRESENTATION_CONTEXT('2D SPACE',''
  ) );
#6566 = ADVANCED_FACE('',(#6567),#5112,.F.);
#6567 = FACE_BOUND('',#6568,.T.);
#6568 = EDGE_LOOP('',(#6569,#6570,#6571,#6592));
#6569 = ORIENTED_EDGE('',*,*,#5096,.F.);
#6570 = ORIENTED_EDGE('',*,*,#6522,.T.);
#6571 = ORIENTED_EDGE('',*,*,#6572,.F.);
#6572 = EDGE_CURVE('',#6467,#6523,#6573,.T.);
#6573 = SURFACE_CURVE('',#6574,(#6578,#6585),.PCURVE_S1.);
#6574 = LINE('',#6575,#6576);
#6575 = CARTESIAN_POINT('',(-52.,-36.35,44.));
#6576 = VECTOR('',#6577,1.);
#6577 = DIRECTION('',(1.,-1.184237892934E-15,-0.));
#6578 = PCURVE('',#5112,#6579);
#6579 = DEFINITIONAL_REPRESENTATION('',(#6580),#6584);
#6580 = LINE('',#6581,#6582);
#6581 = CARTESIAN_POINT('',(-12.,-8.));
#6582 = VECTOR('',#6583,1.);
#6583 = DIRECTION('',(1.,1.184237892934E-15));
#6584 = ( GEOMETRIC_REPRESENTATION_CONTEXT(2) 
PARAMETRIC_REPRESENTATION_CONTEXT() REPRESENTATION_CONTEXT('2D SPACE',''
  ) );
#6585 = PCURVE('',#6191,#6586);
#6586 = DEFINITIONAL_REPRESENTATION('',(#6587),#6591);
#6587 = LINE('',#6588,#6589);
#6588 = CARTESIAN_POINT('',(-4.5,3.));
#6589 = VECTOR('',#6590,1.);
#6590 = DIRECTION('',(-0.,1.));
#6591 = ( GEOMETRIC_REPRESENTATION_CONTEXT(2) 
PARAMETRIC_REPRESENTATION_CONTEXT() REPRESENTATION_CONTEXT('2D SPACE',''
  ) );
#6592 = ORIENTED_EDGE('',*,*,#6466,.F.);
#6593 = ADVANCED_FACE('',(#6594),#5226,.F.);
#6594 = FACE_BOUND('',#6595,.T.);
#6595 = EDGE_LOOP('',(#6596,#6597,#6620,#6651));
#6596 = ORIENTED_EDGE('',*,*,#5209,.F.);
#6597 = ORIENTED_EDGE('',*,*,#6598,.F.);
#6598 = EDGE_CURVE('',#6599,#5210,#6601,.T.);
#6599 = VERTEX_POINT('',#6600);
#6600 = CARTESIAN_POINT('',(-55.,-38.35,41.5));
#6601 = SEAM_CURVE('',#6602,(#6606,#6613),.PCURVE_S1.);
#6602 = LINE('',#6603,#6604);
#6603 = CARTESIAN_POINT('',(-55.,-38.35,41.5));
#6604 = VECTOR('',#6605,1.);
#6605 = DIRECTION('',(-0.,-1.,-0.));
#6606 = PCURVE('',#5226,#6607);
#6607 = DEFINITIONAL_REPRESENTATION('',(#6608),#6612);
#6608 = LINE('',#6609,#6610);
#6609 = CARTESIAN_POINT('',(-6.28318530718,-0.));
#6610 = VECTOR('',#6611,1.);
#6611 = DIRECTION('',(-0.,1.));
#6612 = ( GEOMETRIC_REPRESENTATION_CONTEXT(2) 
PARAMETRIC_REPRESENTATION_CONTEXT() REPRESENTATION_CONTEXT('2D SPACE',''
  ) );
#6613 = PCURVE('',#5226,#6614);
#6614 = DEFINITIONAL_REPRESENTATION('',(#6615),#6619);
#6615 = LINE('',#6616,#6617);
#6616 = CARTESIAN_POINT('',(-0.,-0.));
#6617 = VECTOR('',#6618,1.);
#6618 = DIRECTION('',(-0.,1.));
#6619 = ( GEOMETRIC_REPRESENTATION_CONTEXT(2) 
PARAMETRIC_REPRESENTATION_CONTEXT() REPRESENTATION_CONTEXT('2D SPACE',''
  ) );
#6620 = ORIENTED_EDGE('',*,*,#6621,.T.);
#6621 = EDGE_CURVE('',#6599,#6599,#6622,.T.);
#6622 = SURFACE_CURVE('',#6623,(#6628,#6635),.PCURVE_S1.);
#6623 = CIRCLE('',#6624,2.);
#6624 = AXIS2_PLACEMENT_3D('',#6625,#6626,#6627);
#6625 = CARTESIAN_POINT('',(-55.,-38.35,39.5));
#6626 = DIRECTION('',(0.,1.,0.));
#6627 = DIRECTION('',(-0.,-0.,1.));
#6628 = PCURVE('',#5226,#6629);
#6629 = DEFINITIONAL_REPRESENTATION('',(#6630),#6634);
#6630 = LINE('',#6631,#6632);
#6631 = CARTESIAN_POINT('',(-0.,0.));
#6632 = VECTOR('',#6633,1.);
#6633 = DIRECTION('',(-1.,0.));
#6634 = ( GEOMETRIC_REPRESENTATION_CONTEXT(2) 
PARAMETRIC_REPRESENTATION_CONTEXT() REPRESENTATION_CONTEXT('2D SPACE',''
  ) );
#6635 = PCURVE('',#6636,#6641);
#6636 = PLANE('',#6637);
#6637 = AXIS2_PLACEMENT_3D('',#6638,#6639,#6640);
#6638 = CARTESIAN_POINT('',(-55.,-38.35,39.5));
#6639 = DIRECTION('',(-0.,-1.,-0.));
#6640 = DIRECTION('',(0.,0.,-1.));
#6641 = DEFINITIONAL_REPRESENTATION('',(#6642),#6650);
#6642 = ( BOUNDED_CURVE() B_SPLINE_CURVE(2,(#6643,#6644,#6645,#6646,
#6647,#6648,#6649),.UNSPECIFIED.,.T.,.F.) B_SPLINE_CURVE_WITH_KNOTS((1,2
    ,2,2,2,1),(-2.094395102393,0.,2.094395102393,4.188790204786,
6.28318530718,8.377580409573),.UNSPECIFIED.) CURVE() 
GEOMETRIC_REPRESENTATION_ITEM() RATIONAL_B_SPLINE_CURVE((1.,0.5,1.,0.5,
1.,0.5,1.)) REPRESENTATION_ITEM('') );
#6643 = CARTESIAN_POINT('',(-2.,0.));
#6644 = CARTESIAN_POINT('',(-2.,3.464101615138));
#6645 = CARTESIAN_POINT('',(1.,1.732050807569));
#6646 = CARTESIAN_POINT('',(4.,4.898587196589E-16));
#6647 = CARTESIAN_POINT('',(1.,-1.732050807569));
#6648 = CARTESIAN_POINT('',(-2.,-3.464101615138));
#6649 = CARTESIAN_POINT('',(-2.,0.));
#6650 = ( GEOMETRIC_REPRESENTATION_CONTEXT(2) 
PARAMETRIC_REPRESENTATION_CONTEXT() REPRESENTATION_CONTEXT('2D SPACE',''
  ) );
#6651 = ORIENTED_EDGE('',*,*,#6598,.T.);
#6652 = ADVANCED_FACE('',(#6653),#5584,.F.);
#6653 = FACE_BOUND('',#6654,.T.);
#6654 = EDGE_LOOP('',(#6655,#6678,#6679,#6680));
#6655 = ORIENTED_EDGE('',*,*,#6656,.T.);
#6656 = EDGE_CURVE('',#6657,#5568,#6659,.T.);
#6657 = VERTEX_POINT('',#6658);
#6658 = CARTESIAN_POINT('',(-55.3,-30.,17.2));
#6659 = SEAM_CURVE('',#6660,(#6664,#6671),.PCURVE_S1.);
#6660 = LINE('',#6661,#6662);
#6661 = CARTESIAN_POINT('',(-59.,-30.,17.2));
#6662 = VECTOR('',#6663,1.);
#6663 = DIRECTION('',(1.,-0.,-0.));
#6664 = PCURVE('',#5584,#6665);
#6665 = DEFINITIONAL_REPRESENTATION('',(#6666),#6670);
#6666 = LINE('',#6667,#6668);
#6667 = CARTESIAN_POINT('',(-6.28318530718,-0.));
#6668 = VECTOR('',#6669,1.);
#6669 = DIRECTION('',(-0.,1.));
#6670 = ( GEOMETRIC_REPRESENTATION_CONTEXT(2) 
PARAMETRIC_REPRESENTATION_CONTEXT() REPRESENTATION_CONTEXT('2D SPACE',''
  ) );
#6671 = PCURVE('',#5584,#6672);
#6672 = DEFINITIONAL_REPRESENTATION('',(#6673),#6677);
#6673 = LINE('',#6674,#6675);
#6674 = CARTESIAN_POINT('',(-0.,-0.));
#6675 = VECTOR('',#6676,1.);
#6676 = DIRECTION('',(-0.,1.));
#6677 = ( GEOMETRIC_REPRESENTATION_CONTEXT(2) 
PARAMETRIC_REPRESENTATION_CONTEXT() REPRESENTATION_CONTEXT('2D SPACE',''
  ) );
#6678 = ORIENTED_EDGE('',*,*,#5567,.F.);
#6679 = ORIENTED_EDGE('',*,*,#6656,.F.);
#6680 = ORIENTED_EDGE('',*,*,#6681,.T.);
#6681 = EDGE_CURVE('',#6657,#6657,#6682,.T.);
#6682 = SURFACE_CURVE('',#6683,(#6688,#6695),.PCURVE_S1.);
#6683 = CIRCLE('',#6684,1.7);
#6684 = AXIS2_PLACEMENT_3D('',#6685,#6686,#6687);
#6685 = CARTESIAN_POINT('',(-55.3,-30.,15.5));
#6686 = DIRECTION('',(-1.,-0.,-0.));
#6687 = DIRECTION('',(-0.,-0.,1.));
#6688 = PCURVE('',#5584,#6689);
#6689 = DEFINITIONAL_REPRESENTATION('',(#6690),#6694);
#6690 = LINE('',#6691,#6692);
#6691 = CARTESIAN_POINT('',(-0.,3.7));
#6692 = VECTOR('',#6693,1.);
#6693 = DIRECTION('',(-1.,0.));
#6694 = ( GEOMETRIC_REPRESENTATION_CONTEXT(2) 
PARAMETRIC_REPRESENTATION_CONTEXT() REPRESENTATION_CONTEXT('2D SPACE',''
  ) );
#6695 = PCURVE('',#6696,#6701);
#6696 = PLANE('',#6697);
#6697 = AXIS2_PLACEMENT_3D('',#6698,#6699,#6700);
#6698 = CARTESIAN_POINT('',(-55.3,-30.,15.5));
#6699 = DIRECTION('',(1.,-0.,-0.));
#6700 = DIRECTION('',(0.,0.,-1.));
#6701 = DEFINITIONAL_REPRESENTATION('',(#6702),#6710);
#6702 = ( BOUNDED_CURVE() B_SPLINE_CURVE(2,(#6703,#6704,#6705,#6706,
#6707,#6708,#6709),.UNSPECIFIED.,.T.,.F.) B_SPLINE_CURVE_WITH_KNOTS((1,2
    ,2,2,2,1),(-2.094395102393,0.,2.094395102393,4.188790204786,
6.28318530718,8.377580409573),.UNSPECIFIED.) CURVE() 
GEOMETRIC_REPRESENTATION_ITEM() RATIONAL_B_SPLINE_CURVE((1.,0.5,1.,0.5,
1.,0.5,1.)) REPRESENTATION_ITEM('') );
#6703 = CARTESIAN_POINT('',(-1.7,0.));
#6704 = CARTESIAN_POINT('',(-1.7,2.944486372867));
#6705 = CARTESIAN_POINT('',(0.85,1.472243186434));
#6706 = CARTESIAN_POINT('',(3.4,4.163799117101E-16));
#6707 = CARTESIAN_POINT('',(0.85,-1.472243186434));
#6708 = CARTESIAN_POINT('',(-1.7,-2.944486372867));
#6709 = CARTESIAN_POINT('',(-1.7,0.));
#6710 = ( GEOMETRIC_REPRESENTATION_CONTEXT(2) 
PARAMETRIC_REPRESENTATION_CONTEXT() REPRESENTATION_CONTEXT('2D SPACE',''
  ) );
#6711 = ADVANCED_FACE('',(#6712),#5760,.T.);
#6712 = FACE_BOUND('',#6713,.F.);
#6713 = EDGE_LOOP('',(#6714,#6737,#6759,#6760));
#6714 = ORIENTED_EDGE('',*,*,#6715,.F.);
#6715 = EDGE_CURVE('',#6716,#5712,#6718,.T.);
#6716 = VERTEX_POINT('',#6717);
#6717 = CARTESIAN_POINT('',(-52.,-23.65,44.));
#6718 = SURFACE_CURVE('',#6719,(#6723,#6730),.PCURVE_S1.);
#6719 = LINE('',#6720,#6721);
#6720 = CARTESIAN_POINT('',(-52.,-44.35,44.));
#6721 = VECTOR('',#6722,1.);
#6722 = DIRECTION('',(-0.,1.,-0.));
#6723 = PCURVE('',#5760,#6724);
#6724 = DEFINITIONAL_REPRESENTATION('',(#6725),#6729);
#6725 = LINE('',#6726,#6727);
#6726 = CARTESIAN_POINT('',(-0.,0.));
#6727 = VECTOR('',#6728,1.);
#6728 = DIRECTION('',(-0.,1.));
#6729 = ( GEOMETRIC_REPRESENTATION_CONTEXT(2) 
PARAMETRIC_REPRESENTATION_CONTEXT() REPRESENTATION_CONTEXT('2D SPACE',''
  ) );
#6730 = PCURVE('',#5727,#6731);
#6731 = DEFINITIONAL_REPRESENTATION('',(#6732),#6736);
#6732 = LINE('',#6733,#6734);
#6733 = CARTESIAN_POINT('',(-12.,0.));
#6734 = VECTOR('',#6735,1.);
#6735 = DIRECTION('',(-0.,-1.));
#6736 = ( GEOMETRIC_REPRESENTATION_CONTEXT(2) 
PARAMETRIC_REPRESENTATION_CONTEXT() REPRESENTATION_CONTEXT('2D SPACE',''
  ) );
#6737 = ORIENTED_EDGE('',*,*,#6738,.T.);
#6738 = EDGE_CURVE('',#6716,#6232,#6739,.T.);
#6739 = SURFACE_CURVE('',#6740,(#6745,#6752),.PCURVE_S1.);
#6740 = CIRCLE('',#6741,6.);
#6741 = AXIS2_PLACEMENT_3D('',#6742,#6743,#6744);
#6742 = CARTESIAN_POINT('',(-52.,-23.65,38.));
#6743 = DIRECTION('',(0.,-1.,0.));
#6744 = DIRECTION('',(-0.,-0.,1.));
#6745 = PCURVE('',#5760,#6746);
#6746 = DEFINITIONAL_REPRESENTATION('',(#6747),#6751);
#6747 = LINE('',#6748,#6749);
#6748 = CARTESIAN_POINT('',(-0.,20.7));
#6749 = VECTOR('',#6750,1.);
#6750 = DIRECTION('',(-1.,0.));
#6751 = ( GEOMETRIC_REPRESENTATION_CONTEXT(2) 
PARAMETRIC_REPRESENTATION_CONTEXT() REPRESENTATION_CONTEXT('2D SPACE',''
  ) );
#6752 = PCURVE('',#6247,#6753);
#6753 = DEFINITIONAL_REPRESENTATION('',(#6754),#6758);
#6754 = CIRCLE('',#6755,6.);
#6755 = AXIS2_PLACEMENT_2D('',#6756,#6757);
#6756 = CARTESIAN_POINT('',(1.5,3.));
#6757 = DIRECTION('',(-1.,0.));
#6758 = ( GEOMETRIC_REPRESENTATION_CONTEXT(2) 
PARAMETRIC_REPRESENTATION_CONTEXT() REPRESENTATION_CONTEXT('2D SPACE',''
  ) );
#6759 = ORIENTED_EDGE('',*,*,#6259,.T.);
#6760 = ORIENTED_EDGE('',*,*,#5739,.F.);
#6761 = ADVANCED_FACE('',(#6762),#5699,.T.);
#6762 = FACE_BOUND('',#6763,.F.);
#6763 = EDGE_LOOP('',(#6764,#6765,#6789,#6810));
#6764 = ORIENTED_EDGE('',*,*,#6345,.F.);
#6765 = ORIENTED_EDGE('',*,*,#6766,.T.);
#6766 = EDGE_CURVE('',#6346,#6767,#6769,.T.);
#6767 = VERTEX_POINT('',#6768);
#6768 = CARTESIAN_POINT('',(-46.,-23.65,44.));
#6769 = SURFACE_CURVE('',#6770,(#6775,#6782),.PCURVE_S1.);
#6770 = CIRCLE('',#6771,6.);
#6771 = AXIS2_PLACEMENT_3D('',#6772,#6773,#6774);
#6772 = CARTESIAN_POINT('',(-46.,-23.65,38.));
#6773 = DIRECTION('',(-0.,-1.,-0.));
#6774 = DIRECTION('',(1.,-0.,-0.));
#6775 = PCURVE('',#5699,#6776);
#6776 = DEFINITIONAL_REPRESENTATION('',(#6777),#6781);
#6777 = LINE('',#6778,#6779);
#6778 = CARTESIAN_POINT('',(-0.,20.7));
#6779 = VECTOR('',#6780,1.);
#6780 = DIRECTION('',(-1.,0.));
#6781 = ( GEOMETRIC_REPRESENTATION_CONTEXT(2) 
PARAMETRIC_REPRESENTATION_CONTEXT() REPRESENTATION_CONTEXT('2D SPACE',''
  ) );
#6782 = PCURVE('',#6247,#6783);
#6783 = DEFINITIONAL_REPRESENTATION('',(#6784),#6788);
#6784 = CIRCLE('',#6785,6.);
#6785 = AXIS2_PLACEMENT_2D('',#6786,#6787);
#6786 = CARTESIAN_POINT('',(1.5,9.));
#6787 = DIRECTION('',(-0.,1.));
#6788 = ( GEOMETRIC_REPRESENTATION_CONTEXT(2) 
PARAMETRIC_REPRESENTATION_CONTEXT() REPRESENTATION_CONTEXT('2D SPACE',''
  ) );
#6789 = ORIENTED_EDGE('',*,*,#6790,.T.);
#6790 = EDGE_CURVE('',#6767,#5679,#6791,.T.);
#6791 = SURFACE_CURVE('',#6792,(#6796,#6803),.PCURVE_S1.);
#6792 = LINE('',#6793,#6794);
#6793 = CARTESIAN_POINT('',(-46.,-44.35,44.));
#6794 = VECTOR('',#6795,1.);
#6795 = DIRECTION('',(-0.,1.,-0.));
#6796 = PCURVE('',#5699,#6797);
#6797 = DEFINITIONAL_REPRESENTATION('',(#6798),#6802);
#6798 = LINE('',#6799,#6800);
#6799 = CARTESIAN_POINT('',(-1.570796326795,0.));
#6800 = VECTOR('',#6801,1.);
#6801 = DIRECTION('',(-0.,1.));
#6802 = ( GEOMETRIC_REPRESENTATION_CONTEXT(2) 
PARAMETRIC_REPRESENTATION_CONTEXT() REPRESENTATION_CONTEXT('2D SPACE',''
  ) );
#6803 = PCURVE('',#5727,#6804);
#6804 = DEFINITIONAL_REPRESENTATION('',(#6805),#6809);
#6805 = LINE('',#6806,#6807);
#6806 = CARTESIAN_POINT('',(-6.,0.));
#6807 = VECTOR('',#6808,1.);
#6808 = DIRECTION('',(-0.,-1.));
#6809 = ( GEOMETRIC_REPRESENTATION_CONTEXT(2) 
PARAMETRIC_REPRESENTATION_CONTEXT() REPRESENTATION_CONTEXT('2D SPACE',''
  ) );
#6810 = ORIENTED_EDGE('',*,*,#5678,.F.);
#6811 = ADVANCED_FACE('',(#6812),#5727,.F.);
#6812 = FACE_BOUND('',#6813,.T.);
#6813 = EDGE_LOOP('',(#6814,#6835,#6836,#6837));
#6814 = ORIENTED_EDGE('',*,*,#6815,.F.);
#6815 = EDGE_CURVE('',#6767,#6716,#6816,.T.);
#6816 = SURFACE_CURVE('',#6817,(#6821,#6828),.PCURVE_S1.);
#6817 = LINE('',#6818,#6819);
#6818 = CARTESIAN_POINT('',(-46.,-23.65,44.));
#6819 = VECTOR('',#6820,1.);
#6820 = DIRECTION('',(-1.,5.921189464668E-16,0.));
#6821 = PCURVE('',#5727,#6822);
#6822 = DEFINITIONAL_REPRESENTATION('',(#6823),#6827);
#6823 = LINE('',#6824,#6825);
#6824 = CARTESIAN_POINT('',(-6.,-20.7));
#6825 = VECTOR('',#6826,1.);
#6826 = DIRECTION('',(-1.,-5.921189464668E-16));
#6827 = ( GEOMETRIC_REPRESENTATION_CONTEXT(2) 
PARAMETRIC_REPRESENTATION_CONTEXT() REPRESENTATION_CONTEXT('2D SPACE',''
  ) );
#6828 = PCURVE('',#6247,#6829);
#6829 = DEFINITIONAL_REPRESENTATION('',(#6830),#6834);
#6830 = LINE('',#6831,#6832);
#6831 = CARTESIAN_POINT('',(-4.5,9.));
#6832 = VECTOR('',#6833,1.);
#6833 = DIRECTION('',(-0.,-1.));
#6834 = ( GEOMETRIC_REPRESENTATION_CONTEXT(2) 
PARAMETRIC_REPRESENTATION_CONTEXT() REPRESENTATION_CONTEXT('2D SPACE',''
  ) );
#6835 = ORIENTED_EDGE('',*,*,#6790,.T.);
#6836 = ORIENTED_EDGE('',*,*,#5711,.T.);
#6837 = ORIENTED_EDGE('',*,*,#6715,.F.);
#6838 = ADVANCED_FACE('',(#6839),#5836,.F.);
#6839 = FACE_BOUND('',#6840,.T.);
#6840 = EDGE_LOOP('',(#6841,#6869,#6890,#6891));
#6841 = ORIENTED_EDGE('',*,*,#6842,.F.);
#6842 = EDGE_CURVE('',#6843,#6843,#6845,.T.);
#6843 = VERTEX_POINT('',#6844);
#6844 = CARTESIAN_POINT('',(-55.,-23.65,41.2));
#6845 = SURFACE_CURVE('',#6846,(#6851,#6858),.PCURVE_S1.);
#6846 = CIRCLE('',#6847,1.7);
#6847 = AXIS2_PLACEMENT_3D('',#6848,#6849,#6850);
#6848 = CARTESIAN_POINT('',(-55.,-23.65,39.5));
#6849 = DIRECTION('',(0.,1.,0.));
#6850 = DIRECTION('',(-0.,-0.,1.));
#6851 = PCURVE('',#5836,#6852);
#6852 = DEFINITIONAL_REPRESENTATION('',(#6853),#6857);
#6853 = LINE('',#6854,#6855);
#6854 = CARTESIAN_POINT('',(-0.,8.));
#6855 = VECTOR('',#6856,1.);
#6856 = DIRECTION('',(-1.,0.));
#6857 = ( GEOMETRIC_REPRESENTATION_CONTEXT(2) 
PARAMETRIC_REPRESENTATION_CONTEXT() REPRESENTATION_CONTEXT('2D SPACE',''
  ) );
#6858 = PCURVE('',#6247,#6859);
#6859 = DEFINITIONAL_REPRESENTATION('',(#6860),#6868);
#6860 = ( BOUNDED_CURVE() B_SPLINE_CURVE(2,(#6861,#6862,#6863,#6864,
#6865,#6866,#6867),.UNSPECIFIED.,.T.,.F.) B_SPLINE_CURVE_WITH_KNOTS((1,2
    ,2,2,2,1),(-2.094395102393,0.,2.094395102393,4.188790204786,
6.28318530718,8.377580409573),.UNSPECIFIED.) CURVE() 
GEOMETRIC_REPRESENTATION_ITEM() RATIONAL_B_SPLINE_CURVE((1.,0.5,1.,0.5,
1.,0.5,1.)) REPRESENTATION_ITEM('') );
#6861 = CARTESIAN_POINT('',(-1.7,0.));
#6862 = CARTESIAN_POINT('',(-1.7,2.944486372867));
#6863 = CARTESIAN_POINT('',(0.85,1.472243186434));
#6864 = CARTESIAN_POINT('',(3.4,4.163799117101E-16));
#6865 = CARTESIAN_POINT('',(0.85,-1.472243186434));
#6866 = CARTESIAN_POINT('',(-1.7,-2.944486372867));
#6867 = CARTESIAN_POINT('',(-1.7,0.));
#6868 = ( GEOMETRIC_REPRESENTATION_CONTEXT(2) 
PARAMETRIC_REPRESENTATION_CONTEXT() REPRESENTATION_CONTEXT('2D SPACE',''
  ) );
#6869 = ORIENTED_EDGE('',*,*,#6870,.F.);
#6870 = EDGE_CURVE('',#5820,#6843,#6871,.T.);
#6871 = SEAM_CURVE('',#6872,(#6876,#6883),.PCURVE_S1.);
#6872 = LINE('',#6873,#6874);
#6873 = CARTESIAN_POINT('',(-55.,-15.65,41.2));
#6874 = VECTOR('',#6875,1.);
#6875 = DIRECTION('',(-0.,-1.,-0.));
#6876 = PCURVE('',#5836,#6877);
#6877 = DEFINITIONAL_REPRESENTATION('',(#6878),#6882);
#6878 = LINE('',#6879,#6880);
#6879 = CARTESIAN_POINT('',(-6.28318530718,-0.));
#6880 = VECTOR('',#6881,1.);
#6881 = DIRECTION('',(-0.,1.));
#6882 = ( GEOMETRIC_REPRESENTATION_CONTEXT(2) 
PARAMETRIC_REPRESENTATION_CONTEXT() REPRESENTATION_CONTEXT('2D SPACE',''
  ) );
#6883 = PCURVE('',#5836,#6884);
#6884 = DEFINITIONAL_REPRESENTATION('',(#6885),#6889);
#6885 = LINE('',#6886,#6887);
#6886 = CARTESIAN_POINT('',(-0.,-0.));
#6887 = VECTOR('',#6888,1.);
#6888 = DIRECTION('',(-0.,1.));
#6889 = ( GEOMETRIC_REPRESENTATION_CONTEXT(2) 
PARAMETRIC_REPRESENTATION_CONTEXT() REPRESENTATION_CONTEXT('2D SPACE',''
  ) );
#6890 = ORIENTED_EDGE('',*,*,#5819,.T.);
#6891 = ORIENTED_EDGE('',*,*,#6870,.T.);
#6892 = ADVANCED_FACE('',(#6893),#6040,.F.);
#6893 = FACE_BOUND('',#6894,.T.);
#6894 = EDGE_LOOP('',(#6895,#6918,#6944,#6945,#6946,#6947));
#6895 = ORIENTED_EDGE('',*,*,#6896,.T.);
#6896 = EDGE_CURVE('',#6283,#6897,#6899,.T.);
#6897 = VERTEX_POINT('',#6898);
#6898 = CARTESIAN_POINT('',(-55.3,-30.,18.35));
#6899 = SEAM_CURVE('',#6900,(#6904,#6911),.PCURVE_S1.);
#6900 = LINE('',#6901,#6902);
#6901 = CARTESIAN_POINT('',(-58.5,-30.,18.35));
#6902 = VECTOR('',#6903,1.);
#6903 = DIRECTION('',(1.,-0.,-0.));
#6904 = PCURVE('',#6040,#6905);
#6905 = DEFINITIONAL_REPRESENTATION('',(#6906),#6910);
#6906 = LINE('',#6907,#6908);
#6907 = CARTESIAN_POINT('',(-6.28318530718,-0.));
#6908 = VECTOR('',#6909,1.);
#6909 = DIRECTION('',(-0.,1.));
#6910 = ( GEOMETRIC_REPRESENTATION_CONTEXT(2) 
PARAMETRIC_REPRESENTATION_CONTEXT() REPRESENTATION_CONTEXT('2D SPACE',''
  ) );
#6911 = PCURVE('',#6040,#6912);
#6912 = DEFINITIONAL_REPRESENTATION('',(#6913),#6917);
#6913 = LINE('',#6914,#6915);
#6914 = CARTESIAN_POINT('',(-0.,-0.));
#6915 = VECTOR('',#6916,1.);
#6916 = DIRECTION('',(-0.,1.));
#6917 = ( GEOMETRIC_REPRESENTATION_CONTEXT(2) 
PARAMETRIC_REPRESENTATION_CONTEXT() REPRESENTATION_CONTEXT('2D SPACE',''
  ) );
#6918 = ORIENTED_EDGE('',*,*,#6919,.F.);
#6919 = EDGE_CURVE('',#6897,#6897,#6920,.T.);
#6920 = SURFACE_CURVE('',#6921,(#6926,#6933),.PCURVE_S1.);
#6921 = CIRCLE('',#6922,2.85);
#6922 = AXIS2_PLACEMENT_3D('',#6923,#6924,#6925);
#6923 = CARTESIAN_POINT('',(-55.3,-30.,15.5));
#6924 = DIRECTION('',(-1.,-0.,-0.));
#6925 = DIRECTION('',(-0.,-0.,1.));
#6926 = PCURVE('',#6040,#6927);
#6927 = DEFINITIONAL_REPRESENTATION('',(#6928),#6932);
#6928 = LINE('',#6929,#6930);
#6929 = CARTESIAN_POINT('',(-0.,3.2));
#6930 = VECTOR('',#6931,1.);
#6931 = DIRECTION('',(-1.,0.));
#6932 = ( GEOMETRIC_REPRESENTATION_CONTEXT(2) 
PARAMETRIC_REPRESENTATION_CONTEXT() REPRESENTATION_CONTEXT('2D SPACE',''
  ) );
#6933 = PCURVE('',#6696,#6934);
#6934 = DEFINITIONAL_REPRESENTATION('',(#6935),#6943);
#6935 = ( BOUNDED_CURVE() B_SPLINE_CURVE(2,(#6936,#6937,#6938,#6939,
#6940,#6941,#6942),.UNSPECIFIED.,.T.,.F.) B_SPLINE_CURVE_WITH_KNOTS((1,2
    ,2,2,2,1),(-2.094395102393,0.,2.094395102393,4.188790204786,
6.28318530718,8.377580409573),.UNSPECIFIED.) CURVE() 
GEOMETRIC_REPRESENTATION_ITEM() RATIONAL_B_SPLINE_CURVE((1.,0.5,1.,0.5,
1.,0.5,1.)) REPRESENTATION_ITEM('') );
#6936 = CARTESIAN_POINT('',(-2.85,0.));
#6937 = CARTESIAN_POINT('',(-2.85,4.936344801571));
#6938 = CARTESIAN_POINT('',(1.425,2.468172400786));
#6939 = CARTESIAN_POINT('',(5.7,6.98048675514E-16));
#6940 = CARTESIAN_POINT('',(1.425,-2.468172400786));
#6941 = CARTESIAN_POINT('',(-2.85,-4.936344801571));
#6942 = CARTESIAN_POINT('',(-2.85,0.));
#6943 = ( GEOMETRIC_REPRESENTATION_CONTEXT(2) 
PARAMETRIC_REPRESENTATION_CONTEXT() REPRESENTATION_CONTEXT('2D SPACE',''
  ) );
#6944 = ORIENTED_EDGE('',*,*,#6896,.F.);
#6945 = ORIENTED_EDGE('',*,*,#6282,.T.);
#6946 = ORIENTED_EDGE('',*,*,#5876,.T.);
#6947 = ORIENTED_EDGE('',*,*,#6310,.T.);
#6948 = ADVANCED_FACE('',(#6949,#7005),#6247,.T.);
#6949 = FACE_BOUND('',#6950,.F.);
#6950 = EDGE_LOOP('',(#6951,#6952,#6953,#6954,#6955,#6978,#7004));
#6951 = ORIENTED_EDGE('',*,*,#6738,.F.);
#6952 = ORIENTED_EDGE('',*,*,#6815,.F.);
#6953 = ORIENTED_EDGE('',*,*,#6766,.F.);
#6954 = ORIENTED_EDGE('',*,*,#6368,.F.);
#6955 = ORIENTED_EDGE('',*,*,#6956,.F.);
#6956 = EDGE_CURVE('',#6957,#6369,#6959,.T.);
#6957 = VERTEX_POINT('',#6958);
#6958 = CARTESIAN_POINT('',(-55.,-23.65,32.75));
#6959 = SURFACE_CURVE('',#6960,(#6964,#6971),.PCURVE_S1.);
#6960 = LINE('',#6961,#6962);
#6961 = CARTESIAN_POINT('',(-55.,-23.65,32.75));
#6962 = VECTOR('',#6963,1.);
#6963 = DIRECTION('',(1.,-0.,-0.));
#6964 = PCURVE('',#6247,#6965);
#6965 = DEFINITIONAL_REPRESENTATION('',(#6966),#6970);
#6966 = LINE('',#6967,#6968);
#6967 = CARTESIAN_POINT('',(6.75,-0.));
#6968 = VECTOR('',#6969,1.);
#6969 = DIRECTION('',(-0.,1.));
#6970 = ( GEOMETRIC_REPRESENTATION_CONTEXT(2) 
PARAMETRIC_REPRESENTATION_CONTEXT() REPRESENTATION_CONTEXT('2D SPACE',''
  ) );
#6971 = PCURVE('',#6407,#6972);
#6972 = DEFINITIONAL_REPRESENTATION('',(#6973),#6977);
#6973 = LINE('',#6974,#6975);
#6974 = CARTESIAN_POINT('',(-0.,-12.7));
#6975 = VECTOR('',#6976,1.);
#6976 = DIRECTION('',(-1.,0.));
#6977 = ( GEOMETRIC_REPRESENTATION_CONTEXT(2) 
PARAMETRIC_REPRESENTATION_CONTEXT() REPRESENTATION_CONTEXT('2D SPACE',''
  ) );
#6978 = ORIENTED_EDGE('',*,*,#6979,.T.);
#6979 = EDGE_CURVE('',#6957,#6204,#6980,.T.);
#6980 = SURFACE_CURVE('',#6981,(#6986,#6997),.PCURVE_S1.);
#6981 = CIRCLE('',#6982,6.75);
#6982 = AXIS2_PLACEMENT_3D('',#6983,#6984,#6985);
#6983 = CARTESIAN_POINT('',(-55.,-23.65,39.5));
#6984 = DIRECTION('',(0.,1.,0.));
#6985 = DIRECTION('',(-0.,-0.,1.));
#6986 = PCURVE('',#6247,#6987);
#6987 = DEFINITIONAL_REPRESENTATION('',(#6988),#6996);
#6988 = ( BOUNDED_CURVE() B_SPLINE_CURVE(2,(#6989,#6990,#6991,#6992,
#6993,#6994,#6995),.UNSPECIFIED.,.T.,.F.) B_SPLINE_CURVE_WITH_KNOTS((1,2
    ,2,2,2,1),(-2.094395102393,0.,2.094395102393,4.188790204786,
6.28318530718,8.377580409573),.UNSPECIFIED.) CURVE() 
GEOMETRIC_REPRESENTATION_ITEM() RATIONAL_B_SPLINE_CURVE((1.,0.5,1.,0.5,
1.,0.5,1.)) REPRESENTATION_ITEM('') );
#6989 = CARTESIAN_POINT('',(-6.75,0.));
#6990 = CARTESIAN_POINT('',(-6.75,11.69134295109));
#6991 = CARTESIAN_POINT('',(3.375,5.845671475545));
#6992 = CARTESIAN_POINT('',(13.5,1.653273178849E-15));
#6993 = CARTESIAN_POINT('',(3.375,-5.845671475545));
#6994 = CARTESIAN_POINT('',(-6.75,-11.69134295109));
#6995 = CARTESIAN_POINT('',(-6.75,0.));
#6996 = ( GEOMETRIC_REPRESENTATION_CONTEXT(2) 
PARAMETRIC_REPRESENTATION_CONTEXT() REPRESENTATION_CONTEXT('2D SPACE',''
  ) );
#6997 = PCURVE('',#6219,#6998);
#6998 = DEFINITIONAL_REPRESENTATION('',(#6999),#7003);
#6999 = LINE('',#7000,#7001);
#7000 = CARTESIAN_POINT('',(-0.,0.));
#7001 = VECTOR('',#7002,1.);
#7002 = DIRECTION('',(-1.,0.));
#7003 = ( GEOMETRIC_REPRESENTATION_CONTEXT(2) 
PARAMETRIC_REPRESENTATION_CONTEXT() REPRESENTATION_CONTEXT('2D SPACE',''
  ) );
#7004 = ORIENTED_EDGE('',*,*,#6231,.T.);
#7005 = FACE_BOUND('',#7006,.F.);
#7006 = EDGE_LOOP('',(#7007));
#7007 = ORIENTED_EDGE('',*,*,#6842,.F.);
#7008 = ADVANCED_FACE('',(#7009),#6219,.F.);
#7009 = FACE_BOUND('',#7010,.T.);
#7010 = EDGE_LOOP('',(#7011,#7039,#7060,#7061));
#7011 = ORIENTED_EDGE('',*,*,#7012,.F.);
#7012 = EDGE_CURVE('',#7013,#6176,#7015,.T.);
#7013 = VERTEX_POINT('',#7014);
#7014 = CARTESIAN_POINT('',(-55.,-36.35,32.75));
#7015 = SURFACE_CURVE('',#7016,(#7021,#7028),.PCURVE_S1.);
#7016 = CIRCLE('',#7017,6.75);
#7017 = AXIS2_PLACEMENT_3D('',#7018,#7019,#7020);
#7018 = CARTESIAN_POINT('',(-55.,-36.35,39.5));
#7019 = DIRECTION('',(0.,1.,0.));
#7020 = DIRECTION('',(-0.,-0.,1.));
#7021 = PCURVE('',#6219,#7022);
#7022 = DEFINITIONAL_REPRESENTATION('',(#7023),#7027);
#7023 = LINE('',#7024,#7025);
#7024 = CARTESIAN_POINT('',(-0.,12.7));
#7025 = VECTOR('',#7026,1.);
#7026 = DIRECTION('',(-1.,0.));
#7027 = ( GEOMETRIC_REPRESENTATION_CONTEXT(2) 
PARAMETRIC_REPRESENTATION_CONTEXT() REPRESENTATION_CONTEXT('2D SPACE',''
  ) );
#7028 = PCURVE('',#6191,#7029);
#7029 = DEFINITIONAL_REPRESENTATION('',(#7030),#7038);
#7030 = ( BOUNDED_CURVE() B_SPLINE_CURVE(2,(#7031,#7032,#7033,#7034,
#7035,#7036,#7037),.UNSPECIFIED.,.T.,.F.) B_SPLINE_CURVE_WITH_KNOTS((1,2
    ,2,2,2,1),(-2.094395102393,0.,2.094395102393,4.188790204786,
6.28318530718,8.377580409573),.UNSPECIFIED.) CURVE() 
GEOMETRIC_REPRESENTATION_ITEM() RATIONAL_B_SPLINE_CURVE((1.,0.5,1.,0.5,
1.,0.5,1.)) REPRESENTATION_ITEM('') );
#7031 = CARTESIAN_POINT('',(-6.75,0.));
#7032 = CARTESIAN_POINT('',(-6.75,11.69134295109));
#7033 = CARTESIAN_POINT('',(3.375,5.845671475545));
#7034 = CARTESIAN_POINT('',(13.5,1.653273178849E-15));
#7035 = CARTESIAN_POINT('',(3.375,-5.845671475545));
#7036 = CARTESIAN_POINT('',(-6.75,-11.69134295109));
#7037 = CARTESIAN_POINT('',(-6.75,0.));
#7038 = ( GEOMETRIC_REPRESENTATION_CONTEXT(2) 
PARAMETRIC_REPRESENTATION_CONTEXT() REPRESENTATION_CONTEXT('2D SPACE',''
  ) );
#7039 = ORIENTED_EDGE('',*,*,#7040,.T.);
#7040 = EDGE_CURVE('',#7013,#6957,#7041,.T.);
#7041 = SURFACE_CURVE('',#7042,(#7046,#7053),.PCURVE_S1.);
#7042 = LINE('',#7043,#7044);
#7043 = CARTESIAN_POINT('',(-55.,-36.35,32.75));
#7044 = VECTOR('',#7045,1.);
#7045 = DIRECTION('',(-0.,1.,-0.));
#7046 = PCURVE('',#6219,#7047);
#7047 = DEFINITIONAL_REPRESENTATION('',(#7048),#7052);
#7048 = LINE('',#7049,#7050);
#7049 = CARTESIAN_POINT('',(-3.14159265359,12.7));
#7050 = VECTOR('',#7051,1.);
#7051 = DIRECTION('',(-0.,-1.));
#7052 = ( GEOMETRIC_REPRESENTATION_CONTEXT(2) 
PARAMETRIC_REPRESENTATION_CONTEXT() REPRESENTATION_CONTEXT('2D SPACE',''
  ) );
#7053 = PCURVE('',#6407,#7054);
#7054 = DEFINITIONAL_REPRESENTATION('',(#7055),#7059);
#7055 = LINE('',#7056,#7057);
#7056 = CARTESIAN_POINT('',(-0.,-0.));
#7057 = VECTOR('',#7058,1.);
#7058 = DIRECTION('',(-0.,-1.));
#7059 = ( GEOMETRIC_REPRESENTATION_CONTEXT(2) 
PARAMETRIC_REPRESENTATION_CONTEXT() REPRESENTATION_CONTEXT('2D SPACE',''
  ) );
#7060 = ORIENTED_EDGE('',*,*,#6979,.T.);
#7061 = ORIENTED_EDGE('',*,*,#6203,.T.);
#7062 = ADVANCED_FACE('',(#7063,#7092),#6191,.F.);
#7063 = FACE_BOUND('',#7064,.T.);
#7064 = EDGE_LOOP('',(#7065,#7066,#7067,#7068,#7069,#7090,#7091));
#7065 = ORIENTED_EDGE('',*,*,#6491,.T.);
#7066 = ORIENTED_EDGE('',*,*,#6572,.T.);
#7067 = ORIENTED_EDGE('',*,*,#6545,.F.);
#7068 = ORIENTED_EDGE('',*,*,#6419,.F.);
#7069 = ORIENTED_EDGE('',*,*,#7070,.F.);
#7070 = EDGE_CURVE('',#7013,#6392,#7071,.T.);
#7071 = SURFACE_CURVE('',#7072,(#7076,#7083),.PCURVE_S1.);
#7072 = LINE('',#7073,#7074);
#7073 = CARTESIAN_POINT('',(-55.,-36.35,32.75));
#7074 = VECTOR('',#7075,1.);
#7075 = DIRECTION('',(1.,-0.,-0.));
#7076 = PCURVE('',#6191,#7077);
#7077 = DEFINITIONAL_REPRESENTATION('',(#7078),#7082);
#7078 = LINE('',#7079,#7080);
#7079 = CARTESIAN_POINT('',(6.75,-0.));
#7080 = VECTOR('',#7081,1.);
#7081 = DIRECTION('',(-0.,1.));
#7082 = ( GEOMETRIC_REPRESENTATION_CONTEXT(2) 
PARAMETRIC_REPRESENTATION_CONTEXT() REPRESENTATION_CONTEXT('2D SPACE',''
  ) );
#7083 = PCURVE('',#6407,#7084);
#7084 = DEFINITIONAL_REPRESENTATION('',(#7085),#7089);
#7085 = LINE('',#7086,#7087);
#7086 = CARTESIAN_POINT('',(-0.,-0.));
#7087 = VECTOR('',#7088,1.);
#7088 = DIRECTION('',(-1.,0.));
#7089 = ( GEOMETRIC_REPRESENTATION_CONTEXT(2) 
PARAMETRIC_REPRESENTATION_CONTEXT() REPRESENTATION_CONTEXT('2D SPACE',''
  ) );
#7090 = ORIENTED_EDGE('',*,*,#7012,.T.);
#7091 = ORIENTED_EDGE('',*,*,#6175,.T.);
#7092 = FACE_BOUND('',#7093,.T.);
#7093 = EDGE_LOOP('',(#7094));
#7094 = ORIENTED_EDGE('',*,*,#7095,.F.);
#7095 = EDGE_CURVE('',#7096,#7096,#7098,.T.);
#7096 = VERTEX_POINT('',#7097);
#7097 = CARTESIAN_POINT('',(-55.,-36.35,41.2));
#7098 = SURFACE_CURVE('',#7099,(#7104,#7115),.PCURVE_S1.);
#7099 = CIRCLE('',#7100,1.7);
#7100 = AXIS2_PLACEMENT_3D('',#7101,#7102,#7103);
#7101 = CARTESIAN_POINT('',(-55.,-36.35,39.5));
#7102 = DIRECTION('',(0.,1.,0.));
#7103 = DIRECTION('',(-0.,-0.,1.));
#7104 = PCURVE('',#6191,#7105);
#7105 = DEFINITIONAL_REPRESENTATION('',(#7106),#7114);
#7106 = ( BOUNDED_CURVE() B_SPLINE_CURVE(2,(#7107,#7108,#7109,#7110,
#7111,#7112,#7113),.UNSPECIFIED.,.T.,.F.) B_SPLINE_CURVE_WITH_KNOTS((1,2
    ,2,2,2,1),(-2.094395102393,0.,2.094395102393,4.188790204786,
6.28318530718,8.377580409573),.UNSPECIFIED.) CURVE() 
GEOMETRIC_REPRESENTATION_ITEM() RATIONAL_B_SPLINE_CURVE((1.,0.5,1.,0.5,
1.,0.5,1.)) REPRESENTATION_ITEM('') );
#7107 = CARTESIAN_POINT('',(-1.7,0.));
#7108 = CARTESIAN_POINT('',(-1.7,2.944486372867));
#7109 = CARTESIAN_POINT('',(0.85,1.472243186434));
#7110 = CARTESIAN_POINT('',(3.4,4.163799117101E-16));
#7111 = CARTESIAN_POINT('',(0.85,-1.472243186434));
#7112 = CARTESIAN_POINT('',(-1.7,-2.944486372867));
#7113 = CARTESIAN_POINT('',(-1.7,0.));
#7114 = ( GEOMETRIC_REPRESENTATION_CONTEXT(2) 
PARAMETRIC_REPRESENTATION_CONTEXT() REPRESENTATION_CONTEXT('2D SPACE',''
  ) );
#7115 = PCURVE('',#7116,#7121);
#7116 = CYLINDRICAL_SURFACE('',#7117,1.7);
#7117 = AXIS2_PLACEMENT_3D('',#7118,#7119,#7120);
#7118 = CARTESIAN_POINT('',(-55.,-15.65,39.5));
#7119 = DIRECTION('',(-0.,-1.,-0.));
#7120 = DIRECTION('',(-0.,-0.,1.));
#7121 = DEFINITIONAL_REPRESENTATION('',(#7122),#7126);
#7122 = LINE('',#7123,#7124);
#7123 = CARTESIAN_POINT('',(-0.,20.7));
#7124 = VECTOR('',#7125,1.);
#7125 = DIRECTION('',(-1.,0.));
#7126 = ( GEOMETRIC_REPRESENTATION_CONTEXT(2) 
PARAMETRIC_REPRESENTATION_CONTEXT() REPRESENTATION_CONTEXT('2D SPACE',''
  ) );
#7127 = ADVANCED_FACE('',(#7128),#6407,.T.);
#7128 = FACE_BOUND('',#7129,.F.);
#7129 = EDGE_LOOP('',(#7130,#7131,#7132,#7133));
#7130 = ORIENTED_EDGE('',*,*,#7070,.F.);
#7131 = ORIENTED_EDGE('',*,*,#7040,.T.);
#7132 = ORIENTED_EDGE('',*,*,#6956,.T.);
#7133 = ORIENTED_EDGE('',*,*,#6391,.T.);
#7134 = ADVANCED_FACE('',(#7135,#7138),#6636,.T.);
#7135 = FACE_BOUND('',#7136,.F.);
#7136 = EDGE_LOOP('',(#7137));
#7137 = ORIENTED_EDGE('',*,*,#6621,.T.);
#7138 = FACE_BOUND('',#7139,.F.);
#7139 = EDGE_LOOP('',(#7140));
#7140 = ORIENTED_EDGE('',*,*,#7141,.F.);
#7141 = EDGE_CURVE('',#7142,#7142,#7144,.T.);
#7142 = VERTEX_POINT('',#7143);
#7143 = CARTESIAN_POINT('',(-55.,-38.35,41.2));
#7144 = SURFACE_CURVE('',#7145,(#7150,#7161),.PCURVE_S1.);
#7145 = CIRCLE('',#7146,1.7);
#7146 = AXIS2_PLACEMENT_3D('',#7147,#7148,#7149);
#7147 = CARTESIAN_POINT('',(-55.,-38.35,39.5));
#7148 = DIRECTION('',(0.,1.,0.));
#7149 = DIRECTION('',(-0.,-0.,1.));
#7150 = PCURVE('',#6636,#7151);
#7151 = DEFINITIONAL_REPRESENTATION('',(#7152),#7160);
#7152 = ( BOUNDED_CURVE() B_SPLINE_CURVE(2,(#7153,#7154,#7155,#7156,
#7157,#7158,#7159),.UNSPECIFIED.,.T.,.F.) B_SPLINE_CURVE_WITH_KNOTS((1,2
    ,2,2,2,1),(-2.094395102393,0.,2.094395102393,4.188790204786,
6.28318530718,8.377580409573),.UNSPECIFIED.) CURVE() 
GEOMETRIC_REPRESENTATION_ITEM() RATIONAL_B_SPLINE_CURVE((1.,0.5,1.,0.5,
1.,0.5,1.)) REPRESENTATION_ITEM('') );
#7153 = CARTESIAN_POINT('',(-1.7,0.));
#7154 = CARTESIAN_POINT('',(-1.7,2.944486372867));
#7155 = CARTESIAN_POINT('',(0.85,1.472243186434));
#7156 = CARTESIAN_POINT('',(3.4,4.163799117101E-16));
#7157 = CARTESIAN_POINT('',(0.85,-1.472243186434));
#7158 = CARTESIAN_POINT('',(-1.7,-2.944486372867));
#7159 = CARTESIAN_POINT('',(-1.7,0.));
#7160 = ( GEOMETRIC_REPRESENTATION_CONTEXT(2) 
PARAMETRIC_REPRESENTATION_CONTEXT() REPRESENTATION_CONTEXT('2D SPACE',''
  ) );
#7161 = PCURVE('',#7116,#7162);
#7162 = DEFINITIONAL_REPRESENTATION('',(#7163),#7167);
#7163 = LINE('',#7164,#7165);
#7164 = CARTESIAN_POINT('',(-0.,22.7));
#7165 = VECTOR('',#7166,1.);
#7166 = DIRECTION('',(-1.,0.));
#7167 = ( GEOMETRIC_REPRESENTATION_CONTEXT(2) 
PARAMETRIC_REPRESENTATION_CONTEXT() REPRESENTATION_CONTEXT('2D SPACE',''
  ) );
#7168 = ADVANCED_FACE('',(#7169,#7172),#6696,.F.);
#7169 = FACE_BOUND('',#7170,.T.);
#7170 = EDGE_LOOP('',(#7171));
#7171 = ORIENTED_EDGE('',*,*,#6919,.T.);
#7172 = FACE_BOUND('',#7173,.T.);
#7173 = EDGE_LOOP('',(#7174));
#7174 = ORIENTED_EDGE('',*,*,#6681,.F.);
#7175 = ADVANCED_FACE('',(#7176),#7116,.F.);
#7176 = FACE_BOUND('',#7177,.T.);
#7177 = EDGE_LOOP('',(#7178,#7179,#7200,#7201));
#7178 = ORIENTED_EDGE('',*,*,#7095,.T.);
#7179 = ORIENTED_EDGE('',*,*,#7180,.T.);
#7180 = EDGE_CURVE('',#7096,#7142,#7181,.T.);
#7181 = SEAM_CURVE('',#7182,(#7186,#7193),.PCURVE_S1.);
#7182 = LINE('',#7183,#7184);
#7183 = CARTESIAN_POINT('',(-55.,-15.65,41.2));
#7184 = VECTOR('',#7185,1.);
#7185 = DIRECTION('',(-0.,-1.,-0.));
#7186 = PCURVE('',#7116,#7187);
#7187 = DEFINITIONAL_REPRESENTATION('',(#7188),#7192);
#7188 = LINE('',#7189,#7190);
#7189 = CARTESIAN_POINT('',(-0.,-0.));
#7190 = VECTOR('',#7191,1.);
#7191 = DIRECTION('',(-0.,1.));
#7192 = ( GEOMETRIC_REPRESENTATION_CONTEXT(2) 
PARAMETRIC_REPRESENTATION_CONTEXT() REPRESENTATION_CONTEXT('2D SPACE',''
  ) );
#7193 = PCURVE('',#7116,#7194);
#7194 = DEFINITIONAL_REPRESENTATION('',(#7195),#7199);
#7195 = LINE('',#7196,#7197);
#7196 = CARTESIAN_POINT('',(-6.28318530718,-0.));
#7197 = VECTOR('',#7198,1.);
#7198 = DIRECTION('',(-0.,1.));
#7199 = ( GEOMETRIC_REPRESENTATION_CONTEXT(2) 
PARAMETRIC_REPRESENTATION_CONTEXT() REPRESENTATION_CONTEXT('2D SPACE',''
  ) );
#7200 = ORIENTED_EDGE('',*,*,#7141,.F.);
#7201 = ORIENTED_EDGE('',*,*,#7180,.F.);
#7202 = ( GEOMETRIC_REPRESENTATION_CONTEXT(3) 
GLOBAL_UNCERTAINTY_ASSIGNED_CONTEXT((#7206)) 
GLOBAL_UNIT_ASSIGNED_CONTEXT((#7203,#7204,#7205)) REPRESENTATION_CONTEXT
('Context #1','3D Context with UNIT and UNCERTAINTY') );
#7203 = ( LENGTH_UNIT() NAMED_UNIT(*) SI_UNIT(.MILLI.,.METRE.) );
#7204 = ( NAMED_UNIT(*) PLANE_ANGLE_UNIT() SI_UNIT($,.RADIAN.) );
#7205 = ( NAMED_UNIT(*) SI_UNIT($,.STERADIAN.) SOLID_ANGLE_UNIT() );
#7206 = UNCERTAINTY_MEASURE_WITH_UNIT(LENGTH_MEASURE(1.E-07),#7203,
  'distance_accuracy_value','confusion accuracy');
#7207 = CONTEXT_DEPENDENT_SHAPE_REPRESENTATION(#7208,#7210);
#7208 = ( REPRESENTATION_RELATIONSHIP('','',#4772,#10) 
REPRESENTATION_RELATIONSHIP_WITH_TRANSFORMATION(#7209) 
SHAPE_REPRESENTATION_RELATIONSHIP() );
#7209 = ITEM_DEFINED_TRANSFORMATION('','',#11,#23);
#7210 = PRODUCT_DEFINITION_SHAPE('Placement','Placement of an item',
  #7211);
#7211 = NEXT_ASSEMBLY_USAGE_OCCURRENCE('11','','',#5,#4767,$);
#7212 = PRODUCT_RELATED_PRODUCT_CATEGORY('part',$,(#4769));
#7213 = SHAPE_DEFINITION_REPRESENTATION(#7214,#7220);
#7214 = PRODUCT_DEFINITION_SHAPE('','',#7215);
#7215 = PRODUCT_DEFINITION('design','',#7216,#7219);
#7216 = PRODUCT_DEFINITION_FORMATION('','',#7217);
#7217 = PRODUCT('Open CASCADE STEP translator 7.9 10.4',
  'Open CASCADE STEP translator 7.9 10.4','',(#7218));
#7218 = PRODUCT_CONTEXT('',#2,'mechanical');
#7219 = PRODUCT_DEFINITION_CONTEXT('part definition',#2,'design');
#7220 = ADVANCED_BREP_SHAPE_REPRESENTATION('',(#11,#7221),#11154);
#7221 = MANIFOLD_SOLID_BREP('',#7222);
#7222 = CLOSED_SHELL('',(#7223,#7343,#7713,#7767,#7919,#8184,#8231,#8258
    ,#8285,#8312,#8485,#8512,#8758,#8853,#8880,#8907,#8914,#8990,#9066,
    #9200,#9361,#9463,#9597,#9758,#9860,#9891,#9975,#10024,#10073,#10122
    ,#10171,#10199,#10318,#10437,#10486,#10635,#10662,#10696,#10728,
    #10777,#10784,#10791,#10840,#10989,#11016,#11050,#11082,#11131,
    #11138,#11145));
#7223 = ADVANCED_FACE('',(#7224),#7238,.F.);
#7224 = FACE_BOUND('',#7225,.T.);
#7225 = EDGE_LOOP('',(#7226,#7261,#7289,#7317));
#7226 = ORIENTED_EDGE('',*,*,#7227,.F.);
#7227 = EDGE_CURVE('',#7228,#7230,#7232,.T.);
#7228 = VERTEX_POINT('',#7229);
#7229 = CARTESIAN_POINT('',(4.5,-48.5,77.));
#7230 = VERTEX_POINT('',#7231);
#7231 = CARTESIAN_POINT('',(12.2,-48.5,77.));
#7232 = SURFACE_CURVE('',#7233,(#7237,#7249),.PCURVE_S1.);
#7233 = LINE('',#7234,#7235);
#7234 = CARTESIAN_POINT('',(0.,-48.5,77.));
#7235 = VECTOR('',#7236,1.);
#7236 = DIRECTION('',(1.,-0.,-0.));
#7237 = PCURVE('',#7238,#7243);
#7238 = PLANE('',#7239);
#7239 = AXIS2_PLACEMENT_3D('',#7240,#7241,#7242);
#7240 = CARTESIAN_POINT('',(0.,-48.5,77.));
#7241 = DIRECTION('',(-0.,-0.,1.));
#7242 = DIRECTION('',(-1.,0.,0.));
#7243 = DEFINITIONAL_REPRESENTATION('',(#7244),#7248);
#7244 = LINE('',#7245,#7246);
#7245 = CARTESIAN_POINT('',(-0.,-0.));
#7246 = VECTOR('',#7247,1.);
#7247 = DIRECTION('',(-1.,0.));
#7248 = ( GEOMETRIC_REPRESENTATION_CONTEXT(2) 
PARAMETRIC_REPRESENTATION_CONTEXT() REPRESENTATION_CONTEXT('2D SPACE',''
  ) );
#7249 = PCURVE('',#7250,#7255);
#7250 = PLANE('',#7251);
#7251 = AXIS2_PLACEMENT_3D('',#7252,#7253,#7254);
#7252 = CARTESIAN_POINT('',(7.,-48.5,92.5));
#7253 = DIRECTION('',(-0.,1.,-0.));
#7254 = DIRECTION('',(0.,0.,1.));
#7255 = DEFINITIONAL_REPRESENTATION('',(#7256),#7260);
#7256 = LINE('',#7257,#7258);
#7257 = CARTESIAN_POINT('',(-15.5,-7.));
#7258 = VECTOR('',#7259,1.);
#7259 = DIRECTION('',(-0.,1.));
#7260 = ( GEOMETRIC_REPRESENTATION_CONTEXT(2) 
PARAMETRIC_REPRESENTATION_CONTEXT() REPRESENTATION_CONTEXT('2D SPACE',''
  ) );
#7261 = ORIENTED_EDGE('',*,*,#7262,.T.);
#7262 = EDGE_CURVE('',#7228,#7263,#7265,.T.);
#7263 = VERTEX_POINT('',#7264);
#7264 = CARTESIAN_POINT('',(4.5,48.5,77.));
#7265 = SURFACE_CURVE('',#7266,(#7270,#7277),.PCURVE_S1.);
#7266 = LINE('',#7267,#7268);
#7267 = CARTESIAN_POINT('',(4.5,-48.5,77.));
#7268 = VECTOR('',#7269,1.);
#7269 = DIRECTION('',(-0.,1.,-0.));
#7270 = PCURVE('',#7238,#7271);
#7271 = DEFINITIONAL_REPRESENTATION('',(#7272),#7276);
#7272 = LINE('',#7273,#7274);
#7273 = CARTESIAN_POINT('',(-4.5,-0.));
#7274 = VECTOR('',#7275,1.);
#7275 = DIRECTION('',(-0.,-1.));
#7276 = ( GEOMETRIC_REPRESENTATION_CONTEXT(2) 
PARAMETRIC_REPRESENTATION_CONTEXT() REPRESENTATION_CONTEXT('2D SPACE',''
  ) );
#7277 = PCURVE('',#7278,#7283);
#7278 = CYLINDRICAL_SURFACE('',#7279,4.5);
#7279 = AXIS2_PLACEMENT_3D('',#7280,#7281,#7282);
#7280 = CARTESIAN_POINT('',(4.5,-48.5,81.5));
#7281 = DIRECTION('',(-0.,1.,-0.));
#7282 = DIRECTION('',(0.,-0.,-1.));
#7283 = DEFINITIONAL_REPRESENTATION('',(#7284),#7288);
#7284 = LINE('',#7285,#7286);
#7285 = CARTESIAN_POINT('',(0.,0.));
#7286 = VECTOR('',#7287,1.);
#7287 = DIRECTION('',(0.,1.));
#7288 = ( GEOMETRIC_REPRESENTATION_CONTEXT(2) 
PARAMETRIC_REPRESENTATION_CONTEXT() REPRESENTATION_CONTEXT('2D SPACE',''
  ) );
#7289 = ORIENTED_EDGE('',*,*,#7290,.T.);
#7290 = EDGE_CURVE('',#7263,#7291,#7293,.T.);
#7291 = VERTEX_POINT('',#7292);
#7292 = CARTESIAN_POINT('',(12.2,48.5,77.));
#7293 = SURFACE_CURVE('',#7294,(#7298,#7305),.PCURVE_S1.);
#7294 = LINE('',#7295,#7296);
#7295 = CARTESIAN_POINT('',(0.,48.5,77.));
#7296 = VECTOR('',#7297,1.);
#7297 = DIRECTION('',(1.,-0.,-0.));
#7298 = PCURVE('',#7238,#7299);
#7299 = DEFINITIONAL_REPRESENTATION('',(#7300),#7304);
#7300 = LINE('',#7301,#7302);
#7301 = CARTESIAN_POINT('',(-0.,-97.));
#7302 = VECTOR('',#7303,1.);
#7303 = DIRECTION('',(-1.,0.));
#7304 = ( GEOMETRIC_REPRESENTATION_CONTEXT(2) 
PARAMETRIC_REPRESENTATION_CONTEXT() REPRESENTATION_CONTEXT('2D SPACE',''
  ) );
#7305 = PCURVE('',#7306,#7311);
#7306 = PLANE('',#7307);
#7307 = AXIS2_PLACEMENT_3D('',#7308,#7309,#7310);
#7308 = CARTESIAN_POINT('',(7.,48.5,92.5));
#7309 = DIRECTION('',(-0.,1.,-0.));
#7310 = DIRECTION('',(0.,0.,1.));
#7311 = DEFINITIONAL_REPRESENTATION('',(#7312),#7316);
#7312 = LINE('',#7313,#7314);
#7313 = CARTESIAN_POINT('',(-15.5,-7.));
#7314 = VECTOR('',#7315,1.);
#7315 = DIRECTION('',(-0.,1.));
#7316 = ( GEOMETRIC_REPRESENTATION_CONTEXT(2) 
PARAMETRIC_REPRESENTATION_CONTEXT() REPRESENTATION_CONTEXT('2D SPACE',''
  ) );
#7317 = ORIENTED_EDGE('',*,*,#7318,.F.);
#7318 = EDGE_CURVE('',#7230,#7291,#7319,.T.);
#7319 = SURFACE_CURVE('',#7320,(#7324,#7331),.PCURVE_S1.);
#7320 = LINE('',#7321,#7322);
#7321 = CARTESIAN_POINT('',(12.2,-48.5,77.));
#7322 = VECTOR('',#7323,1.);
#7323 = DIRECTION('',(-0.,1.,-0.));
#7324 = PCURVE('',#7238,#7325);
#7325 = DEFINITIONAL_REPRESENTATION('',(#7326),#7330);
#7326 = LINE('',#7327,#7328);
#7327 = CARTESIAN_POINT('',(-12.2,-0.));
#7328 = VECTOR('',#7329,1.);
#7329 = DIRECTION('',(-0.,-1.));
#7330 = ( GEOMETRIC_REPRESENTATION_CONTEXT(2) 
PARAMETRIC_REPRESENTATION_CONTEXT() REPRESENTATION_CONTEXT('2D SPACE',''
  ) );
#7331 = PCURVE('',#7332,#7337);
#7332 = CYLINDRICAL_SURFACE('',#7333,1.8);
#7333 = AXIS2_PLACEMENT_3D('',#7334,#7335,#7336);
#7334 = CARTESIAN_POINT('',(12.2,-48.5,78.8));
#7335 = DIRECTION('',(-0.,1.,-0.));
#7336 = DIRECTION('',(0.,-0.,-1.));
#7337 = DEFINITIONAL_REPRESENTATION('',(#7338),#7342);
#7338 = LINE('',#7339,#7340);
#7339 = CARTESIAN_POINT('',(-0.,0.));
#7340 = VECTOR('',#7341,1.);
#7341 = DIRECTION('',(-0.,1.));
#7342 = ( GEOMETRIC_REPRESENTATION_CONTEXT(2) 
PARAMETRIC_REPRESENTATION_CONTEXT() REPRESENTATION_CONTEXT('2D SPACE',''
  ) );
#7343 = ADVANCED_FACE('',(#7344),#7250,.F.);
#7344 = FACE_BOUND('',#7345,.T.);
#7345 = EDGE_LOOP('',(#7346,#7376,#7405,#7433,#7455,#7456,#7484,#7512,
    #7545,#7573,#7601,#7629,#7658,#7686));
#7346 = ORIENTED_EDGE('',*,*,#7347,.T.);
#7347 = EDGE_CURVE('',#7348,#7350,#7352,.T.);
#7348 = VERTEX_POINT('',#7349);
#7349 = CARTESIAN_POINT('',(12.2,-48.5,108.));
#7350 = VERTEX_POINT('',#7351);
#7351 = CARTESIAN_POINT('',(4.5,-48.5,108.));
#7352 = SURFACE_CURVE('',#7353,(#7357,#7364),.PCURVE_S1.);
#7353 = LINE('',#7354,#7355);
#7354 = CARTESIAN_POINT('',(14.,-48.5,108.));
#7355 = VECTOR('',#7356,1.);
#7356 = DIRECTION('',(-1.,-0.,-0.));
#7357 = PCURVE('',#7250,#7358);
#7358 = DEFINITIONAL_REPRESENTATION('',(#7359),#7363);
#7359 = LINE('',#7360,#7361);
#7360 = CARTESIAN_POINT('',(15.5,7.));
#7361 = VECTOR('',#7362,1.);
#7362 = DIRECTION('',(-0.,-1.));
#7363 = ( GEOMETRIC_REPRESENTATION_CONTEXT(2) 
PARAMETRIC_REPRESENTATION_CONTEXT() REPRESENTATION_CONTEXT('2D SPACE',''
  ) );
#7364 = PCURVE('',#7365,#7370);
#7365 = PLANE('',#7366);
#7366 = AXIS2_PLACEMENT_3D('',#7367,#7368,#7369);
#7367 = CARTESIAN_POINT('',(14.,-48.5,108.));
#7368 = DIRECTION('',(-0.,0.,-1.));
#7369 = DIRECTION('',(1.,0.,0.));
#7370 = DEFINITIONAL_REPRESENTATION('',(#7371),#7375);
#7371 = LINE('',#7372,#7373);
#7372 = CARTESIAN_POINT('',(-0.,-0.));
#7373 = VECTOR('',#7374,1.);
#7374 = DIRECTION('',(-1.,0.));
#7375 = ( GEOMETRIC_REPRESENTATION_CONTEXT(2) 
PARAMETRIC_REPRESENTATION_CONTEXT() REPRESENTATION_CONTEXT('2D SPACE',''
  ) );
#7376 = ORIENTED_EDGE('',*,*,#7377,.F.);
#7377 = EDGE_CURVE('',#7378,#7350,#7380,.T.);
#7378 = VERTEX_POINT('',#7379);
#7379 = CARTESIAN_POINT('',(-8.881784197001E-16,-48.5,103.5));
#7380 = SURFACE_CURVE('',#7381,(#7386,#7393),.PCURVE_S1.);
#7381 = CIRCLE('',#7382,4.5);
#7382 = AXIS2_PLACEMENT_3D('',#7383,#7384,#7385);
#7383 = CARTESIAN_POINT('',(4.5,-48.5,103.5));
#7384 = DIRECTION('',(0.,1.,-0.));
#7385 = DIRECTION('',(-0.,-0.,-1.));
#7386 = PCURVE('',#7250,#7387);
#7387 = DEFINITIONAL_REPRESENTATION('',(#7388),#7392);
#7388 = CIRCLE('',#7389,4.5);
#7389 = AXIS2_PLACEMENT_2D('',#7390,#7391);
#7390 = CARTESIAN_POINT('',(11.,-2.5));
#7391 = DIRECTION('',(-1.,0.));
#7392 = ( GEOMETRIC_REPRESENTATION_CONTEXT(2) 
PARAMETRIC_REPRESENTATION_CONTEXT() REPRESENTATION_CONTEXT('2D SPACE',''
  ) );
#7393 = PCURVE('',#7394,#7399);
#7394 = CYLINDRICAL_SURFACE('',#7395,4.5);
#7395 = AXIS2_PLACEMENT_3D('',#7396,#7397,#7398);
#7396 = CARTESIAN_POINT('',(4.5,-48.5,103.5));
#7397 = DIRECTION('',(-0.,1.,-0.));
#7398 = DIRECTION('',(-1.,-0.,0.));
#7399 = DEFINITIONAL_REPRESENTATION('',(#7400),#7404);
#7400 = LINE('',#7401,#7402);
#7401 = CARTESIAN_POINT('',(-1.570796326795,0.));
#7402 = VECTOR('',#7403,1.);
#7403 = DIRECTION('',(1.,0.));
#7404 = ( GEOMETRIC_REPRESENTATION_CONTEXT(2) 
PARAMETRIC_REPRESENTATION_CONTEXT() REPRESENTATION_CONTEXT('2D SPACE',''
  ) );
#7405 = ORIENTED_EDGE('',*,*,#7406,.T.);
#7406 = EDGE_CURVE('',#7378,#7407,#7409,.T.);
#7407 = VERTEX_POINT('',#7408);
#7408 = CARTESIAN_POINT('',(-8.881784197001E-16,-48.5,81.5));
#7409 = SURFACE_CURVE('',#7410,(#7414,#7421),.PCURVE_S1.);
#7410 = LINE('',#7411,#7412);
#7411 = CARTESIAN_POINT('',(0.,-48.5,108.));
#7412 = VECTOR('',#7413,1.);
#7413 = DIRECTION('',(-0.,-0.,-1.));
#7414 = PCURVE('',#7250,#7415);
#7415 = DEFINITIONAL_REPRESENTATION('',(#7416),#7420);
#7416 = LINE('',#7417,#7418);
#7417 = CARTESIAN_POINT('',(15.5,-7.));
#7418 = VECTOR('',#7419,1.);
#7419 = DIRECTION('',(-1.,0.));
#7420 = ( GEOMETRIC_REPRESENTATION_CONTEXT(2) 
PARAMETRIC_REPRESENTATION_CONTEXT() REPRESENTATION_CONTEXT('2D SPACE',''
  ) );
#7421 = PCURVE('',#7422,#7427);
#7422 = PLANE('',#7423);
#7423 = AXIS2_PLACEMENT_3D('',#7424,#7425,#7426);
#7424 = CARTESIAN_POINT('',(0.,-48.5,108.));
#7425 = DIRECTION('',(1.,-0.,-0.));
#7426 = DIRECTION('',(0.,0.,1.));
#7427 = DEFINITIONAL_REPRESENTATION('',(#7428),#7432);
#7428 = LINE('',#7429,#7430);
#7429 = CARTESIAN_POINT('',(-0.,-0.));
#7430 = VECTOR('',#7431,1.);
#7431 = DIRECTION('',(-1.,0.));
#7432 = ( GEOMETRIC_REPRESENTATION_CONTEXT(2) 
PARAMETRIC_REPRESENTATION_CONTEXT() REPRESENTATION_CONTEXT('2D SPACE',''
  ) );
#7433 = ORIENTED_EDGE('',*,*,#7434,.F.);
#7434 = EDGE_CURVE('',#7228,#7407,#7435,.T.);
#7435 = SURFACE_CURVE('',#7436,(#7441,#7448),.PCURVE_S1.);
#7436 = CIRCLE('',#7437,4.5);
#7437 = AXIS2_PLACEMENT_3D('',#7438,#7439,#7440);
#7438 = CARTESIAN_POINT('',(4.5,-48.5,81.5));
#7439 = DIRECTION('',(0.,1.,-0.));
#7440 = DIRECTION('',(-0.,-0.,-1.));
#7441 = PCURVE('',#7250,#7442);
#7442 = DEFINITIONAL_REPRESENTATION('',(#7443),#7447);
#7443 = CIRCLE('',#7444,4.5);
#7444 = AXIS2_PLACEMENT_2D('',#7445,#7446);
#7445 = CARTESIAN_POINT('',(-11.,-2.5));
#7446 = DIRECTION('',(-1.,0.));
#7447 = ( GEOMETRIC_REPRESENTATION_CONTEXT(2) 
PARAMETRIC_REPRESENTATION_CONTEXT() REPRESENTATION_CONTEXT('2D SPACE',''
  ) );
#7448 = PCURVE('',#7278,#7449);
#7449 = DEFINITIONAL_REPRESENTATION('',(#7450),#7454);
#7450 = LINE('',#7451,#7452);
#7451 = CARTESIAN_POINT('',(0.,0.));
#7452 = VECTOR('',#7453,1.);
#7453 = DIRECTION('',(1.,0.));
#7454 = ( GEOMETRIC_REPRESENTATION_CONTEXT(2) 
PARAMETRIC_REPRESENTATION_CONTEXT() REPRESENTATION_CONTEXT('2D SPACE',''
  ) );
#7455 = ORIENTED_EDGE('',*,*,#7227,.T.);
#7456 = ORIENTED_EDGE('',*,*,#7457,.T.);
#7457 = EDGE_CURVE('',#7230,#7458,#7460,.T.);
#7458 = VERTEX_POINT('',#7459);
#7459 = CARTESIAN_POINT('',(14.,-48.5,78.8));
#7460 = SURFACE_CURVE('',#7461,(#7466,#7477),.PCURVE_S1.);
#7461 = CIRCLE('',#7462,1.8);
#7462 = AXIS2_PLACEMENT_3D('',#7463,#7464,#7465);
#7463 = CARTESIAN_POINT('',(12.2,-48.5,78.8));
#7464 = DIRECTION('',(0.,-1.,0.));
#7465 = DIRECTION('',(0.,-0.,-1.));
#7466 = PCURVE('',#7250,#7467);
#7467 = DEFINITIONAL_REPRESENTATION('',(#7468),#7476);
#7468 = ( BOUNDED_CURVE() B_SPLINE_CURVE(2,(#7469,#7470,#7471,#7472,
#7473,#7474,#7475),.UNSPECIFIED.,.T.,.F.) B_SPLINE_CURVE_WITH_KNOTS((1,2
    ,2,2,2,1),(-2.094395102393,0.,2.094395102393,4.188790204786,
6.28318530718,8.377580409573),.UNSPECIFIED.) CURVE() 
GEOMETRIC_REPRESENTATION_ITEM() RATIONAL_B_SPLINE_CURVE((1.,0.5,1.,0.5,
1.,0.5,1.)) REPRESENTATION_ITEM('') );
#7469 = CARTESIAN_POINT('',(-15.5,5.2));
#7470 = CARTESIAN_POINT('',(-15.5,8.317691453624));
#7471 = CARTESIAN_POINT('',(-12.8,6.758845726812));
#7472 = CARTESIAN_POINT('',(-10.1,5.2));
#7473 = CARTESIAN_POINT('',(-12.8,3.641154273188));
#7474 = CARTESIAN_POINT('',(-15.5,2.082308546376));
#7475 = CARTESIAN_POINT('',(-15.5,5.2));
#7476 = ( GEOMETRIC_REPRESENTATION_CONTEXT(2) 
PARAMETRIC_REPRESENTATION_CONTEXT() REPRESENTATION_CONTEXT('2D SPACE',''
  ) );
#7477 = PCURVE('',#7332,#7478);
#7478 = DEFINITIONAL_REPRESENTATION('',(#7479),#7483);
#7479 = LINE('',#7480,#7481);
#7480 = CARTESIAN_POINT('',(-0.,0.));
#7481 = VECTOR('',#7482,1.);
#7482 = DIRECTION('',(-1.,0.));
#7483 = ( GEOMETRIC_REPRESENTATION_CONTEXT(2) 
PARAMETRIC_REPRESENTATION_CONTEXT() REPRESENTATION_CONTEXT('2D SPACE',''
  ) );
#7484 = ORIENTED_EDGE('',*,*,#7485,.T.);
#7485 = EDGE_CURVE('',#7458,#7486,#7488,.T.);
#7486 = VERTEX_POINT('',#7487);
#7487 = CARTESIAN_POINT('',(14.,-48.5,80.2));
#7488 = SURFACE_CURVE('',#7489,(#7493,#7500),.PCURVE_S1.);
#7489 = LINE('',#7490,#7491);
#7490 = CARTESIAN_POINT('',(14.,-48.5,77.));
#7491 = VECTOR('',#7492,1.);
#7492 = DIRECTION('',(-0.,-0.,1.));
#7493 = PCURVE('',#7250,#7494);
#7494 = DEFINITIONAL_REPRESENTATION('',(#7495),#7499);
#7495 = LINE('',#7496,#7497);
#7496 = CARTESIAN_POINT('',(-15.5,7.));
#7497 = VECTOR('',#7498,1.);
#7498 = DIRECTION('',(1.,-0.));
#7499 = ( GEOMETRIC_REPRESENTATION_CONTEXT(2) 
PARAMETRIC_REPRESENTATION_CONTEXT() REPRESENTATION_CONTEXT('2D SPACE',''
  ) );
#7500 = PCURVE('',#7501,#7506);
#7501 = PLANE('',#7502);
#7502 = AXIS2_PLACEMENT_3D('',#7503,#7504,#7505);
#7503 = CARTESIAN_POINT('',(14.,-48.5,77.));
#7504 = DIRECTION('',(-1.,-0.,-0.));
#7505 = DIRECTION('',(0.,0.,-1.));
#7506 = DEFINITIONAL_REPRESENTATION('',(#7507),#7511);
#7507 = LINE('',#7508,#7509);
#7508 = CARTESIAN_POINT('',(-0.,-0.));
#7509 = VECTOR('',#7510,1.);
#7510 = DIRECTION('',(-1.,-0.));
#7511 = ( GEOMETRIC_REPRESENTATION_CONTEXT(2) 
PARAMETRIC_REPRESENTATION_CONTEXT() REPRESENTATION_CONTEXT('2D SPACE',''
  ) );
#7512 = ORIENTED_EDGE('',*,*,#7513,.T.);
#7513 = EDGE_CURVE('',#7486,#7514,#7516,.T.);
#7514 = VERTEX_POINT('',#7515);
#7515 = CARTESIAN_POINT('',(12.2,-48.5,82.));
#7516 = SURFACE_CURVE('',#7517,(#7522,#7533),.PCURVE_S1.);
#7517 = CIRCLE('',#7518,1.8);
#7518 = AXIS2_PLACEMENT_3D('',#7519,#7520,#7521);
#7519 = CARTESIAN_POINT('',(12.2,-48.5,80.2));
#7520 = DIRECTION('',(0.,-1.,0.));
#7521 = DIRECTION('',(-0.,-0.,1.));
#7522 = PCURVE('',#7250,#7523);
#7523 = DEFINITIONAL_REPRESENTATION('',(#7524),#7532);
#7524 = ( BOUNDED_CURVE() B_SPLINE_CURVE(2,(#7525,#7526,#7527,#7528,
#7529,#7530,#7531),.UNSPECIFIED.,.T.,.F.) B_SPLINE_CURVE_WITH_KNOTS((1,2
    ,2,2,2,1),(-2.094395102393,0.,2.094395102393,4.188790204786,
6.28318530718,8.377580409573),.UNSPECIFIED.) CURVE() 
GEOMETRIC_REPRESENTATION_ITEM() RATIONAL_B_SPLINE_CURVE((1.,0.5,1.,0.5,
1.,0.5,1.)) REPRESENTATION_ITEM('') );
#7525 = CARTESIAN_POINT('',(-10.5,5.2));
#7526 = CARTESIAN_POINT('',(-10.5,2.082308546376));
#7527 = CARTESIAN_POINT('',(-13.2,3.641154273188));
#7528 = CARTESIAN_POINT('',(-15.9,5.2));
#7529 = CARTESIAN_POINT('',(-13.2,6.758845726812));
#7530 = CARTESIAN_POINT('',(-10.5,8.317691453624));
#7531 = CARTESIAN_POINT('',(-10.5,5.2));
#7532 = ( GEOMETRIC_REPRESENTATION_CONTEXT(2) 
PARAMETRIC_REPRESENTATION_CONTEXT() REPRESENTATION_CONTEXT('2D SPACE',''
  ) );
#7533 = PCURVE('',#7534,#7539);
#7534 = CYLINDRICAL_SURFACE('',#7535,1.8);
#7535 = AXIS2_PLACEMENT_3D('',#7536,#7537,#7538);
#7536 = CARTESIAN_POINT('',(12.2,48.5,80.2));
#7537 = DIRECTION('',(-0.,-1.,-0.));
#7538 = DIRECTION('',(1.,-0.,-0.));
#7539 = DEFINITIONAL_REPRESENTATION('',(#7540),#7544);
#7540 = LINE('',#7541,#7542);
#7541 = CARTESIAN_POINT('',(-4.712388980385,97.));
#7542 = VECTOR('',#7543,1.);
#7543 = DIRECTION('',(1.,0.));
#7544 = ( GEOMETRIC_REPRESENTATION_CONTEXT(2) 
PARAMETRIC_REPRESENTATION_CONTEXT() REPRESENTATION_CONTEXT('2D SPACE',''
  ) );
#7545 = ORIENTED_EDGE('',*,*,#7546,.F.);
#7546 = EDGE_CURVE('',#7547,#7514,#7549,.T.);
#7547 = VERTEX_POINT('',#7548);
#7548 = CARTESIAN_POINT('',(5.,-48.5,82.));
#7549 = SURFACE_CURVE('',#7550,(#7554,#7561),.PCURVE_S1.);
#7550 = LINE('',#7551,#7552);
#7551 = CARTESIAN_POINT('',(5.,-48.5,82.));
#7552 = VECTOR('',#7553,1.);
#7553 = DIRECTION('',(1.,-0.,-0.));
#7554 = PCURVE('',#7250,#7555);
#7555 = DEFINITIONAL_REPRESENTATION('',(#7556),#7560);
#7556 = LINE('',#7557,#7558);
#7557 = CARTESIAN_POINT('',(-10.5,-2.));
#7558 = VECTOR('',#7559,1.);
#7559 = DIRECTION('',(-0.,1.));
#7560 = ( GEOMETRIC_REPRESENTATION_CONTEXT(2) 
PARAMETRIC_REPRESENTATION_CONTEXT() REPRESENTATION_CONTEXT('2D SPACE',''
  ) );
#7561 = PCURVE('',#7562,#7567);
#7562 = PLANE('',#7563);
#7563 = AXIS2_PLACEMENT_3D('',#7564,#7565,#7566);
#7564 = CARTESIAN_POINT('',(5.,-48.5,82.));
#7565 = DIRECTION('',(-0.,-0.,1.));
#7566 = DIRECTION('',(-1.,0.,0.));
#7567 = DEFINITIONAL_REPRESENTATION('',(#7568),#7572);
#7568 = LINE('',#7569,#7570);
#7569 = CARTESIAN_POINT('',(-0.,-0.));
#7570 = VECTOR('',#7571,1.);
#7571 = DIRECTION('',(-1.,0.));
#7572 = ( GEOMETRIC_REPRESENTATION_CONTEXT(2) 
PARAMETRIC_REPRESENTATION_CONTEXT() REPRESENTATION_CONTEXT('2D SPACE',''
  ) );
#7573 = ORIENTED_EDGE('',*,*,#7574,.F.);
#7574 = EDGE_CURVE('',#7575,#7547,#7577,.T.);
#7575 = VERTEX_POINT('',#7576);
#7576 = CARTESIAN_POINT('',(5.,-48.5,103.));
#7577 = SURFACE_CURVE('',#7578,(#7582,#7589),.PCURVE_S1.);
#7578 = LINE('',#7579,#7580);
#7579 = CARTESIAN_POINT('',(5.,-48.5,103.));
#7580 = VECTOR('',#7581,1.);
#7581 = DIRECTION('',(-0.,-0.,-1.));
#7582 = PCURVE('',#7250,#7583);
#7583 = DEFINITIONAL_REPRESENTATION('',(#7584),#7588);
#7584 = LINE('',#7585,#7586);
#7585 = CARTESIAN_POINT('',(10.5,-2.));
#7586 = VECTOR('',#7587,1.);
#7587 = DIRECTION('',(-1.,0.));
#7588 = ( GEOMETRIC_REPRESENTATION_CONTEXT(2) 
PARAMETRIC_REPRESENTATION_CONTEXT() REPRESENTATION_CONTEXT('2D SPACE',''
  ) );
#7589 = PCURVE('',#7590,#7595);
#7590 = PLANE('',#7591);
#7591 = AXIS2_PLACEMENT_3D('',#7592,#7593,#7594);
#7592 = CARTESIAN_POINT('',(5.,-48.5,103.));
#7593 = DIRECTION('',(1.,-0.,-0.));
#7594 = DIRECTION('',(0.,0.,1.));
#7595 = DEFINITIONAL_REPRESENTATION('',(#7596),#7600);
#7596 = LINE('',#7597,#7598);
#7597 = CARTESIAN_POINT('',(-0.,-0.));
#7598 = VECTOR('',#7599,1.);
#7599 = DIRECTION('',(-1.,0.));
#7600 = ( GEOMETRIC_REPRESENTATION_CONTEXT(2) 
PARAMETRIC_REPRESENTATION_CONTEXT() REPRESENTATION_CONTEXT('2D SPACE',''
  ) );
#7601 = ORIENTED_EDGE('',*,*,#7602,.F.);
#7602 = EDGE_CURVE('',#7603,#7575,#7605,.T.);
#7603 = VERTEX_POINT('',#7604);
#7604 = CARTESIAN_POINT('',(12.2,-48.5,103.));
#7605 = SURFACE_CURVE('',#7606,(#7610,#7617),.PCURVE_S1.);
#7606 = LINE('',#7607,#7608);
#7607 = CARTESIAN_POINT('',(19.,-48.5,103.));
#7608 = VECTOR('',#7609,1.);
#7609 = DIRECTION('',(-1.,-0.,-0.));
#7610 = PCURVE('',#7250,#7611);
#7611 = DEFINITIONAL_REPRESENTATION('',(#7612),#7616);
#7612 = LINE('',#7613,#7614);
#7613 = CARTESIAN_POINT('',(10.5,12.));
#7614 = VECTOR('',#7615,1.);
#7615 = DIRECTION('',(-0.,-1.));
#7616 = ( GEOMETRIC_REPRESENTATION_CONTEXT(2) 
PARAMETRIC_REPRESENTATION_CONTEXT() REPRESENTATION_CONTEXT('2D SPACE',''
  ) );
#7617 = PCURVE('',#7618,#7623);
#7618 = PLANE('',#7619);
#7619 = AXIS2_PLACEMENT_3D('',#7620,#7621,#7622);
#7620 = CARTESIAN_POINT('',(19.,-48.5,103.));
#7621 = DIRECTION('',(-0.,0.,-1.));
#7622 = DIRECTION('',(1.,0.,0.));
#7623 = DEFINITIONAL_REPRESENTATION('',(#7624),#7628);
#7624 = LINE('',#7625,#7626);
#7625 = CARTESIAN_POINT('',(-0.,-0.));
#7626 = VECTOR('',#7627,1.);
#7627 = DIRECTION('',(-1.,0.));
#7628 = ( GEOMETRIC_REPRESENTATION_CONTEXT(2) 
PARAMETRIC_REPRESENTATION_CONTEXT() REPRESENTATION_CONTEXT('2D SPACE',''
  ) );
#7629 = ORIENTED_EDGE('',*,*,#7630,.F.);
#7630 = EDGE_CURVE('',#7631,#7603,#7633,.T.);
#7631 = VERTEX_POINT('',#7632);
#7632 = CARTESIAN_POINT('',(14.,-48.5,104.8));
#7633 = SURFACE_CURVE('',#7634,(#7639,#7646),.PCURVE_S1.);
#7634 = CIRCLE('',#7635,1.8);
#7635 = AXIS2_PLACEMENT_3D('',#7636,#7637,#7638);
#7636 = CARTESIAN_POINT('',(12.2,-48.5,104.8));
#7637 = DIRECTION('',(0.,1.,-0.));
#7638 = DIRECTION('',(-0.,-0.,-1.));
#7639 = PCURVE('',#7250,#7640);
#7640 = DEFINITIONAL_REPRESENTATION('',(#7641),#7645);
#7641 = CIRCLE('',#7642,1.8);
#7642 = AXIS2_PLACEMENT_2D('',#7643,#7644);
#7643 = CARTESIAN_POINT('',(12.3,5.2));
#7644 = DIRECTION('',(-1.,0.));
#7645 = ( GEOMETRIC_REPRESENTATION_CONTEXT(2) 
PARAMETRIC_REPRESENTATION_CONTEXT() REPRESENTATION_CONTEXT('2D SPACE',''
  ) );
#7646 = PCURVE('',#7647,#7652);
#7647 = CYLINDRICAL_SURFACE('',#7648,1.8);
#7648 = AXIS2_PLACEMENT_3D('',#7649,#7650,#7651);
#7649 = CARTESIAN_POINT('',(12.2,-48.5,104.8));
#7650 = DIRECTION('',(-0.,1.,-0.));
#7651 = DIRECTION('',(1.,-0.,-0.));
#7652 = DEFINITIONAL_REPRESENTATION('',(#7653),#7657);
#7653 = LINE('',#7654,#7655);
#7654 = CARTESIAN_POINT('',(-4.712388980385,0.));
#7655 = VECTOR('',#7656,1.);
#7656 = DIRECTION('',(1.,0.));
#7657 = ( GEOMETRIC_REPRESENTATION_CONTEXT(2) 
PARAMETRIC_REPRESENTATION_CONTEXT() REPRESENTATION_CONTEXT('2D SPACE',''
  ) );
#7658 = ORIENTED_EDGE('',*,*,#7659,.T.);
#7659 = EDGE_CURVE('',#7631,#7660,#7662,.T.);
#7660 = VERTEX_POINT('',#7661);
#7661 = CARTESIAN_POINT('',(14.,-48.5,106.2));
#7662 = SURFACE_CURVE('',#7663,(#7667,#7674),.PCURVE_S1.);
#7663 = LINE('',#7664,#7665);
#7664 = CARTESIAN_POINT('',(14.,-48.5,77.));
#7665 = VECTOR('',#7666,1.);
#7666 = DIRECTION('',(-0.,-0.,1.));
#7667 = PCURVE('',#7250,#7668);
#7668 = DEFINITIONAL_REPRESENTATION('',(#7669),#7673);
#7669 = LINE('',#7670,#7671);
#7670 = CARTESIAN_POINT('',(-15.5,7.));
#7671 = VECTOR('',#7672,1.);
#7672 = DIRECTION('',(1.,-0.));
#7673 = ( GEOMETRIC_REPRESENTATION_CONTEXT(2) 
PARAMETRIC_REPRESENTATION_CONTEXT() REPRESENTATION_CONTEXT('2D SPACE',''
  ) );
#7674 = PCURVE('',#7675,#7680);
#7675 = PLANE('',#7676);
#7676 = AXIS2_PLACEMENT_3D('',#7677,#7678,#7679);
#7677 = CARTESIAN_POINT('',(14.,-48.5,77.));
#7678 = DIRECTION('',(-1.,-0.,-0.));
#7679 = DIRECTION('',(0.,0.,-1.));
#7680 = DEFINITIONAL_REPRESENTATION('',(#7681),#7685);
#7681 = LINE('',#7682,#7683);
#7682 = CARTESIAN_POINT('',(-0.,-0.));
#7683 = VECTOR('',#7684,1.);
#7684 = DIRECTION('',(-1.,-0.));
#7685 = ( GEOMETRIC_REPRESENTATION_CONTEXT(2) 
PARAMETRIC_REPRESENTATION_CONTEXT() REPRESENTATION_CONTEXT('2D SPACE',''
  ) );
#7686 = ORIENTED_EDGE('',*,*,#7687,.F.);
#7687 = EDGE_CURVE('',#7348,#7660,#7688,.T.);
#7688 = SURFACE_CURVE('',#7689,(#7694,#7701),.PCURVE_S1.);
#7689 = CIRCLE('',#7690,1.8);
#7690 = AXIS2_PLACEMENT_3D('',#7691,#7692,#7693);
#7691 = CARTESIAN_POINT('',(12.2,-48.5,106.2));
#7692 = DIRECTION('',(0.,1.,-0.));
#7693 = DIRECTION('',(-0.,-0.,-1.));
#7694 = PCURVE('',#7250,#7695);
#7695 = DEFINITIONAL_REPRESENTATION('',(#7696),#7700);
#7696 = CIRCLE('',#7697,1.8);
#7697 = AXIS2_PLACEMENT_2D('',#7698,#7699);
#7698 = CARTESIAN_POINT('',(13.7,5.2));
#7699 = DIRECTION('',(-1.,0.));
#7700 = ( GEOMETRIC_REPRESENTATION_CONTEXT(2) 
PARAMETRIC_REPRESENTATION_CONTEXT() REPRESENTATION_CONTEXT('2D SPACE',''
  ) );
#7701 = PCURVE('',#7702,#7707);
#7702 = CYLINDRICAL_SURFACE('',#7703,1.8);
#7703 = AXIS2_PLACEMENT_3D('',#7704,#7705,#7706);
#7704 = CARTESIAN_POINT('',(12.2,-48.5,106.2));
#7705 = DIRECTION('',(-0.,1.,-0.));
#7706 = DIRECTION('',(-0.,-0.,1.));
#7707 = DEFINITIONAL_REPRESENTATION('',(#7708),#7712);
#7708 = LINE('',#7709,#7710);
#7709 = CARTESIAN_POINT('',(-3.14159265359,0.));
#7710 = VECTOR('',#7711,1.);
#7711 = DIRECTION('',(1.,0.));
#7712 = ( GEOMETRIC_REPRESENTATION_CONTEXT(2) 
PARAMETRIC_REPRESENTATION_CONTEXT() REPRESENTATION_CONTEXT('2D SPACE',''
  ) );
#7713 = ADVANCED_FACE('',(#7714),#7332,.T.);
#7714 = FACE_BOUND('',#7715,.F.);
#7715 = EDGE_LOOP('',(#7716,#7717,#7740,#7766));
#7716 = ORIENTED_EDGE('',*,*,#7457,.T.);
#7717 = ORIENTED_EDGE('',*,*,#7718,.T.);
#7718 = EDGE_CURVE('',#7458,#7719,#7721,.T.);
#7719 = VERTEX_POINT('',#7720);
#7720 = CARTESIAN_POINT('',(14.,48.5,78.8));
#7721 = SURFACE_CURVE('',#7722,(#7726,#7733),.PCURVE_S1.);
#7722 = LINE('',#7723,#7724);
#7723 = CARTESIAN_POINT('',(14.,-48.5,78.8));
#7724 = VECTOR('',#7725,1.);
#7725 = DIRECTION('',(-0.,1.,-0.));
#7726 = PCURVE('',#7332,#7727);
#7727 = DEFINITIONAL_REPRESENTATION('',(#7728),#7732);
#7728 = LINE('',#7729,#7730);
#7729 = CARTESIAN_POINT('',(-1.570796326795,0.));
#7730 = VECTOR('',#7731,1.);
#7731 = DIRECTION('',(-0.,1.));
#7732 = ( GEOMETRIC_REPRESENTATION_CONTEXT(2) 
PARAMETRIC_REPRESENTATION_CONTEXT() REPRESENTATION_CONTEXT('2D SPACE',''
  ) );
#7733 = PCURVE('',#7501,#7734);
#7734 = DEFINITIONAL_REPRESENTATION('',(#7735),#7739);
#7735 = LINE('',#7736,#7737);
#7736 = CARTESIAN_POINT('',(-1.8,-0.));
#7737 = VECTOR('',#7738,1.);
#7738 = DIRECTION('',(-0.,-1.));
#7739 = ( GEOMETRIC_REPRESENTATION_CONTEXT(2) 
PARAMETRIC_REPRESENTATION_CONTEXT() REPRESENTATION_CONTEXT('2D SPACE',''
  ) );
#7740 = ORIENTED_EDGE('',*,*,#7741,.F.);
#7741 = EDGE_CURVE('',#7291,#7719,#7742,.T.);
#7742 = SURFACE_CURVE('',#7743,(#7748,#7755),.PCURVE_S1.);
#7743 = CIRCLE('',#7744,1.8);
#7744 = AXIS2_PLACEMENT_3D('',#7745,#7746,#7747);
#7745 = CARTESIAN_POINT('',(12.2,48.5,78.8));
#7746 = DIRECTION('',(0.,-1.,0.));
#7747 = DIRECTION('',(0.,-0.,-1.));
#7748 = PCURVE('',#7332,#7749);
#7749 = DEFINITIONAL_REPRESENTATION('',(#7750),#7754);
#7750 = LINE('',#7751,#7752);
#7751 = CARTESIAN_POINT('',(-0.,97.));
#7752 = VECTOR('',#7753,1.);
#7753 = DIRECTION('',(-1.,0.));
#7754 = ( GEOMETRIC_REPRESENTATION_CONTEXT(2) 
PARAMETRIC_REPRESENTATION_CONTEXT() REPRESENTATION_CONTEXT('2D SPACE',''
  ) );
#7755 = PCURVE('',#7306,#7756);
#7756 = DEFINITIONAL_REPRESENTATION('',(#7757),#7765);
#7757 = ( BOUNDED_CURVE() B_SPLINE_CURVE(2,(#7758,#7759,#7760,#7761,
#7762,#7763,#7764),.UNSPECIFIED.,.T.,.F.) B_SPLINE_CURVE_WITH_KNOTS((1,2
    ,2,2,2,1),(-2.094395102393,0.,2.094395102393,4.188790204786,
6.28318530718,8.377580409573),.UNSPECIFIED.) CURVE() 
GEOMETRIC_REPRESENTATION_ITEM() RATIONAL_B_SPLINE_CURVE((1.,0.5,1.,0.5,
1.,0.5,1.)) REPRESENTATION_ITEM('') );
#7758 = CARTESIAN_POINT('',(-15.5,5.2));
#7759 = CARTESIAN_POINT('',(-15.5,8.317691453624));
#7760 = CARTESIAN_POINT('',(-12.8,6.758845726812));
#7761 = CARTESIAN_POINT('',(-10.1,5.2));
#7762 = CARTESIAN_POINT('',(-12.8,3.641154273188));
#7763 = CARTESIAN_POINT('',(-15.5,2.082308546376));
#7764 = CARTESIAN_POINT('',(-15.5,5.2));
#7765 = ( GEOMETRIC_REPRESENTATION_CONTEXT(2) 
PARAMETRIC_REPRESENTATION_CONTEXT() REPRESENTATION_CONTEXT('2D SPACE',''
  ) );
#7766 = ORIENTED_EDGE('',*,*,#7318,.F.);
#7767 = ADVANCED_FACE('',(#7768),#7278,.T.);
#7768 = FACE_BOUND('',#7769,.T.);
#7769 = EDGE_LOOP('',(#7770,#7771,#7794,#7822,#7845,#7873,#7896,#7918));
#7770 = ORIENTED_EDGE('',*,*,#7434,.T.);
#7771 = ORIENTED_EDGE('',*,*,#7772,.T.);
#7772 = EDGE_CURVE('',#7407,#7773,#7775,.T.);
#7773 = VERTEX_POINT('',#7774);
#7774 = CARTESIAN_POINT('',(-4.440892098501E-16,-36.35,81.5));
#7775 = SURFACE_CURVE('',#7776,(#7780,#7787),.PCURVE_S1.);
#7776 = LINE('',#7777,#7778);
#7777 = CARTESIAN_POINT('',(-8.881784197001E-16,-48.5,81.5));
#7778 = VECTOR('',#7779,1.);
#7779 = DIRECTION('',(-0.,1.,-0.));
#7780 = PCURVE('',#7278,#7781);
#7781 = DEFINITIONAL_REPRESENTATION('',(#7782),#7786);
#7782 = LINE('',#7783,#7784);
#7783 = CARTESIAN_POINT('',(1.570796326795,0.));
#7784 = VECTOR('',#7785,1.);
#7785 = DIRECTION('',(0.,1.));
#7786 = ( GEOMETRIC_REPRESENTATION_CONTEXT(2) 
PARAMETRIC_REPRESENTATION_CONTEXT() REPRESENTATION_CONTEXT('2D SPACE',''
  ) );
#7787 = PCURVE('',#7422,#7788);
#7788 = DEFINITIONAL_REPRESENTATION('',(#7789),#7793);
#7789 = LINE('',#7790,#7791);
#7790 = CARTESIAN_POINT('',(-26.5,0.));
#7791 = VECTOR('',#7792,1.);
#7792 = DIRECTION('',(-0.,-1.));
#7793 = ( GEOMETRIC_REPRESENTATION_CONTEXT(2) 
PARAMETRIC_REPRESENTATION_CONTEXT() REPRESENTATION_CONTEXT('2D SPACE',''
  ) );
#7794 = ORIENTED_EDGE('',*,*,#7795,.T.);
#7795 = EDGE_CURVE('',#7773,#7796,#7798,.T.);
#7796 = VERTEX_POINT('',#7797);
#7797 = CARTESIAN_POINT('',(-4.440892098501E-16,-23.65,81.5));
#7798 = SURFACE_CURVE('',#7799,(#7803,#7810),.PCURVE_S1.);
#7799 = LINE('',#7800,#7801);
#7800 = CARTESIAN_POINT('',(-8.881784197001E-16,-48.5,81.5));
#7801 = VECTOR('',#7802,1.);
#7802 = DIRECTION('',(-0.,1.,-0.));
#7803 = PCURVE('',#7278,#7804);
#7804 = DEFINITIONAL_REPRESENTATION('',(#7805),#7809);
#7805 = LINE('',#7806,#7807);
#7806 = CARTESIAN_POINT('',(1.570796326795,0.));
#7807 = VECTOR('',#7808,1.);
#7808 = DIRECTION('',(0.,1.));
#7809 = ( GEOMETRIC_REPRESENTATION_CONTEXT(2) 
PARAMETRIC_REPRESENTATION_CONTEXT() REPRESENTATION_CONTEXT('2D SPACE',''
  ) );
#7810 = PCURVE('',#7811,#7816);
#7811 = PLANE('',#7812);
#7812 = AXIS2_PLACEMENT_3D('',#7813,#7814,#7815);
#7813 = CARTESIAN_POINT('',(0.,-36.35,74.5));
#7814 = DIRECTION('',(-1.,-0.,-0.));
#7815 = DIRECTION('',(0.,0.,-1.));
#7816 = DEFINITIONAL_REPRESENTATION('',(#7817),#7821);
#7817 = LINE('',#7818,#7819);
#7818 = CARTESIAN_POINT('',(-7.,12.15));
#7819 = VECTOR('',#7820,1.);
#7820 = DIRECTION('',(-0.,-1.));
#7821 = ( GEOMETRIC_REPRESENTATION_CONTEXT(2) 
PARAMETRIC_REPRESENTATION_CONTEXT() REPRESENTATION_CONTEXT('2D SPACE',''
  ) );
#7822 = ORIENTED_EDGE('',*,*,#7823,.T.);
#7823 = EDGE_CURVE('',#7796,#7824,#7826,.T.);
#7824 = VERTEX_POINT('',#7825);
#7825 = CARTESIAN_POINT('',(-4.440892098501E-16,23.65,81.5));
#7826 = SURFACE_CURVE('',#7827,(#7831,#7838),.PCURVE_S1.);
#7827 = LINE('',#7828,#7829);
#7828 = CARTESIAN_POINT('',(-8.881784197001E-16,-48.5,81.5));
#7829 = VECTOR('',#7830,1.);
#7830 = DIRECTION('',(-0.,1.,-0.));
#7831 = PCURVE('',#7278,#7832);
#7832 = DEFINITIONAL_REPRESENTATION('',(#7833),#7837);
#7833 = LINE('',#7834,#7835);
#7834 = CARTESIAN_POINT('',(1.570796326795,0.));
#7835 = VECTOR('',#7836,1.);
#7836 = DIRECTION('',(0.,1.));
#7837 = ( GEOMETRIC_REPRESENTATION_CONTEXT(2) 
PARAMETRIC_REPRESENTATION_CONTEXT() REPRESENTATION_CONTEXT('2D SPACE',''
  ) );
#7838 = PCURVE('',#7422,#7839);
#7839 = DEFINITIONAL_REPRESENTATION('',(#7840),#7844);
#7840 = LINE('',#7841,#7842);
#7841 = CARTESIAN_POINT('',(-26.5,0.));
#7842 = VECTOR('',#7843,1.);
#7843 = DIRECTION('',(-0.,-1.));
#7844 = ( GEOMETRIC_REPRESENTATION_CONTEXT(2) 
PARAMETRIC_REPRESENTATION_CONTEXT() REPRESENTATION_CONTEXT('2D SPACE',''
  ) );
#7845 = ORIENTED_EDGE('',*,*,#7846,.T.);
#7846 = EDGE_CURVE('',#7824,#7847,#7849,.T.);
#7847 = VERTEX_POINT('',#7848);
#7848 = CARTESIAN_POINT('',(-4.440892098501E-16,36.35,81.5));
#7849 = SURFACE_CURVE('',#7850,(#7854,#7861),.PCURVE_S1.);
#7850 = LINE('',#7851,#7852);
#7851 = CARTESIAN_POINT('',(-8.881784197001E-16,-48.5,81.5));
#7852 = VECTOR('',#7853,1.);
#7853 = DIRECTION('',(-0.,1.,-0.));
#7854 = PCURVE('',#7278,#7855);
#7855 = DEFINITIONAL_REPRESENTATION('',(#7856),#7860);
#7856 = LINE('',#7857,#7858);
#7857 = CARTESIAN_POINT('',(1.570796326795,0.));
#7858 = VECTOR('',#7859,1.);
#7859 = DIRECTION('',(0.,1.));
#7860 = ( GEOMETRIC_REPRESENTATION_CONTEXT(2) 
PARAMETRIC_REPRESENTATION_CONTEXT() REPRESENTATION_CONTEXT('2D SPACE',''
  ) );
#7861 = PCURVE('',#7862,#7867);
#7862 = PLANE('',#7863);
#7863 = AXIS2_PLACEMENT_3D('',#7864,#7865,#7866);
#7864 = CARTESIAN_POINT('',(0.,23.65,74.5));
#7865 = DIRECTION('',(-1.,-0.,-0.));
#7866 = DIRECTION('',(0.,0.,-1.));
#7867 = DEFINITIONAL_REPRESENTATION('',(#7868),#7872);
#7868 = LINE('',#7869,#7870);
#7869 = CARTESIAN_POINT('',(-7.,72.15));
#7870 = VECTOR('',#7871,1.);
#7871 = DIRECTION('',(-0.,-1.));
#7872 = ( GEOMETRIC_REPRESENTATION_CONTEXT(2) 
PARAMETRIC_REPRESENTATION_CONTEXT() REPRESENTATION_CONTEXT('2D SPACE',''
  ) );
#7873 = ORIENTED_EDGE('',*,*,#7874,.T.);
#7874 = EDGE_CURVE('',#7847,#7875,#7877,.T.);
#7875 = VERTEX_POINT('',#7876);
#7876 = CARTESIAN_POINT('',(-8.881784197001E-16,48.5,81.5));
#7877 = SURFACE_CURVE('',#7878,(#7882,#7889),.PCURVE_S1.);
#7878 = LINE('',#7879,#7880);
#7879 = CARTESIAN_POINT('',(-8.881784197001E-16,-48.5,81.5));
#7880 = VECTOR('',#7881,1.);
#7881 = DIRECTION('',(-0.,1.,-0.));
#7882 = PCURVE('',#7278,#7883);
#7883 = DEFINITIONAL_REPRESENTATION('',(#7884),#7888);
#7884 = LINE('',#7885,#7886);
#7885 = CARTESIAN_POINT('',(1.570796326795,0.));
#7886 = VECTOR('',#7887,1.);
#7887 = DIRECTION('',(0.,1.));
#7888 = ( GEOMETRIC_REPRESENTATION_CONTEXT(2) 
PARAMETRIC_REPRESENTATION_CONTEXT() REPRESENTATION_CONTEXT('2D SPACE',''
  ) );
#7889 = PCURVE('',#7422,#7890);
#7890 = DEFINITIONAL_REPRESENTATION('',(#7891),#7895);
#7891 = LINE('',#7892,#7893);
#7892 = CARTESIAN_POINT('',(-26.5,0.));
#7893 = VECTOR('',#7894,1.);
#7894 = DIRECTION('',(-0.,-1.));
#7895 = ( GEOMETRIC_REPRESENTATION_CONTEXT(2) 
PARAMETRIC_REPRESENTATION_CONTEXT() REPRESENTATION_CONTEXT('2D SPACE',''
  ) );
#7896 = ORIENTED_EDGE('',*,*,#7897,.F.);
#7897 = EDGE_CURVE('',#7263,#7875,#7898,.T.);
#7898 = SURFACE_CURVE('',#7899,(#7904,#7911),.PCURVE_S1.);
#7899 = CIRCLE('',#7900,4.5);
#7900 = AXIS2_PLACEMENT_3D('',#7901,#7902,#7903);
#7901 = CARTESIAN_POINT('',(4.5,48.5,81.5));
#7902 = DIRECTION('',(0.,1.,-0.));
#7903 = DIRECTION('',(-0.,-0.,-1.));
#7904 = PCURVE('',#7278,#7905);
#7905 = DEFINITIONAL_REPRESENTATION('',(#7906),#7910);
#7906 = LINE('',#7907,#7908);
#7907 = CARTESIAN_POINT('',(0.,97.));
#7908 = VECTOR('',#7909,1.);
#7909 = DIRECTION('',(1.,0.));
#7910 = ( GEOMETRIC_REPRESENTATION_CONTEXT(2) 
PARAMETRIC_REPRESENTATION_CONTEXT() REPRESENTATION_CONTEXT('2D SPACE',''
  ) );
#7911 = PCURVE('',#7306,#7912);
#7912 = DEFINITIONAL_REPRESENTATION('',(#7913),#7917);
#7913 = CIRCLE('',#7914,4.5);
#7914 = AXIS2_PLACEMENT_2D('',#7915,#7916);
#7915 = CARTESIAN_POINT('',(-11.,-2.5));
#7916 = DIRECTION('',(-1.,0.));
#7917 = ( GEOMETRIC_REPRESENTATION_CONTEXT(2) 
PARAMETRIC_REPRESENTATION_CONTEXT() REPRESENTATION_CONTEXT('2D SPACE',''
  ) );
#7918 = ORIENTED_EDGE('',*,*,#7262,.F.);
#7919 = ADVANCED_FACE('',(#7920),#7306,.T.);
#7920 = FACE_BOUND('',#7921,.F.);
#7921 = EDGE_LOOP('',(#7922,#7947,#7971,#7992,#7993,#7994,#7995,#8018,
    #8046,#8069,#8092,#8115,#8139,#8162));
#7922 = ORIENTED_EDGE('',*,*,#7923,.T.);
#7923 = EDGE_CURVE('',#7924,#7926,#7928,.T.);
#7924 = VERTEX_POINT('',#7925);
#7925 = CARTESIAN_POINT('',(12.2,48.5,108.));
#7926 = VERTEX_POINT('',#7927);
#7927 = CARTESIAN_POINT('',(4.5,48.5,108.));
#7928 = SURFACE_CURVE('',#7929,(#7933,#7940),.PCURVE_S1.);
#7929 = LINE('',#7930,#7931);
#7930 = CARTESIAN_POINT('',(14.,48.5,108.));
#7931 = VECTOR('',#7932,1.);
#7932 = DIRECTION('',(-1.,-0.,-0.));
#7933 = PCURVE('',#7306,#7934);
#7934 = DEFINITIONAL_REPRESENTATION('',(#7935),#7939);
#7935 = LINE('',#7936,#7937);
#7936 = CARTESIAN_POINT('',(15.5,7.));
#7937 = VECTOR('',#7938,1.);
#7938 = DIRECTION('',(-0.,-1.));
#7939 = ( GEOMETRIC_REPRESENTATION_CONTEXT(2) 
PARAMETRIC_REPRESENTATION_CONTEXT() REPRESENTATION_CONTEXT('2D SPACE',''
  ) );
#7940 = PCURVE('',#7365,#7941);
#7941 = DEFINITIONAL_REPRESENTATION('',(#7942),#7946);
#7942 = LINE('',#7943,#7944);
#7943 = CARTESIAN_POINT('',(-0.,-97.));
#7944 = VECTOR('',#7945,1.);
#7945 = DIRECTION('',(-1.,0.));
#7946 = ( GEOMETRIC_REPRESENTATION_CONTEXT(2) 
PARAMETRIC_REPRESENTATION_CONTEXT() REPRESENTATION_CONTEXT('2D SPACE',''
  ) );
#7947 = ORIENTED_EDGE('',*,*,#7948,.F.);
#7948 = EDGE_CURVE('',#7949,#7926,#7951,.T.);
#7949 = VERTEX_POINT('',#7950);
#7950 = CARTESIAN_POINT('',(-8.881784197001E-16,48.5,103.5));
#7951 = SURFACE_CURVE('',#7952,(#7957,#7964),.PCURVE_S1.);
#7952 = CIRCLE('',#7953,4.5);
#7953 = AXIS2_PLACEMENT_3D('',#7954,#7955,#7956);
#7954 = CARTESIAN_POINT('',(4.5,48.5,103.5));
#7955 = DIRECTION('',(0.,1.,-0.));
#7956 = DIRECTION('',(-0.,-0.,-1.));
#7957 = PCURVE('',#7306,#7958);
#7958 = DEFINITIONAL_REPRESENTATION('',(#7959),#7963);
#7959 = CIRCLE('',#7960,4.5);
#7960 = AXIS2_PLACEMENT_2D('',#7961,#7962);
#7961 = CARTESIAN_POINT('',(11.,-2.5));
#7962 = DIRECTION('',(-1.,0.));
#7963 = ( GEOMETRIC_REPRESENTATION_CONTEXT(2) 
PARAMETRIC_REPRESENTATION_CONTEXT() REPRESENTATION_CONTEXT('2D SPACE',''
  ) );
#7964 = PCURVE('',#7394,#7965);
#7965 = DEFINITIONAL_REPRESENTATION('',(#7966),#7970);
#7966 = LINE('',#7967,#7968);
#7967 = CARTESIAN_POINT('',(-1.570796326795,97.));
#7968 = VECTOR('',#7969,1.);
#7969 = DIRECTION('',(1.,0.));
#7970 = ( GEOMETRIC_REPRESENTATION_CONTEXT(2) 
PARAMETRIC_REPRESENTATION_CONTEXT() REPRESENTATION_CONTEXT('2D SPACE',''
  ) );
#7971 = ORIENTED_EDGE('',*,*,#7972,.T.);
#7972 = EDGE_CURVE('',#7949,#7875,#7973,.T.);
#7973 = SURFACE_CURVE('',#7974,(#7978,#7985),.PCURVE_S1.);
#7974 = LINE('',#7975,#7976);
#7975 = CARTESIAN_POINT('',(0.,48.5,108.));
#7976 = VECTOR('',#7977,1.);
#7977 = DIRECTION('',(-0.,-0.,-1.));
#7978 = PCURVE('',#7306,#7979);
#7979 = DEFINITIONAL_REPRESENTATION('',(#7980),#7984);
#7980 = LINE('',#7981,#7982);
#7981 = CARTESIAN_POINT('',(15.5,-7.));
#7982 = VECTOR('',#7983,1.);
#7983 = DIRECTION('',(-1.,0.));
#7984 = ( GEOMETRIC_REPRESENTATION_CONTEXT(2) 
PARAMETRIC_REPRESENTATION_CONTEXT() REPRESENTATION_CONTEXT('2D SPACE',''
  ) );
#7985 = PCURVE('',#7422,#7986);
#7986 = DEFINITIONAL_REPRESENTATION('',(#7987),#7991);
#7987 = LINE('',#7988,#7989);
#7988 = CARTESIAN_POINT('',(-0.,-97.));
#7989 = VECTOR('',#7990,1.);
#7990 = DIRECTION('',(-1.,0.));
#7991 = ( GEOMETRIC_REPRESENTATION_CONTEXT(2) 
PARAMETRIC_REPRESENTATION_CONTEXT() REPRESENTATION_CONTEXT('2D SPACE',''
  ) );
#7992 = ORIENTED_EDGE('',*,*,#7897,.F.);
#7993 = ORIENTED_EDGE('',*,*,#7290,.T.);
#7994 = ORIENTED_EDGE('',*,*,#7741,.T.);
#7995 = ORIENTED_EDGE('',*,*,#7996,.T.);
#7996 = EDGE_CURVE('',#7719,#7997,#7999,.T.);
#7997 = VERTEX_POINT('',#7998);
#7998 = CARTESIAN_POINT('',(14.,48.5,80.2));
#7999 = SURFACE_CURVE('',#8000,(#8004,#8011),.PCURVE_S1.);
#8000 = LINE('',#8001,#8002);
#8001 = CARTESIAN_POINT('',(14.,48.5,77.));
#8002 = VECTOR('',#8003,1.);
#8003 = DIRECTION('',(-0.,-0.,1.));
#8004 = PCURVE('',#7306,#8005);
#8005 = DEFINITIONAL_REPRESENTATION('',(#8006),#8010);
#8006 = LINE('',#8007,#8008);
#8007 = CARTESIAN_POINT('',(-15.5,7.));
#8008 = VECTOR('',#8009,1.);
#8009 = DIRECTION('',(1.,-0.));
#8010 = ( GEOMETRIC_REPRESENTATION_CONTEXT(2) 
PARAMETRIC_REPRESENTATION_CONTEXT() REPRESENTATION_CONTEXT('2D SPACE',''
  ) );
#8011 = PCURVE('',#7501,#8012);
#8012 = DEFINITIONAL_REPRESENTATION('',(#8013),#8017);
#8013 = LINE('',#8014,#8015);
#8014 = CARTESIAN_POINT('',(-0.,-97.));
#8015 = VECTOR('',#8016,1.);
#8016 = DIRECTION('',(-1.,-0.));
#8017 = ( GEOMETRIC_REPRESENTATION_CONTEXT(2) 
PARAMETRIC_REPRESENTATION_CONTEXT() REPRESENTATION_CONTEXT('2D SPACE',''
  ) );
#8018 = ORIENTED_EDGE('',*,*,#8019,.T.);
#8019 = EDGE_CURVE('',#7997,#8020,#8022,.T.);
#8020 = VERTEX_POINT('',#8021);
#8021 = CARTESIAN_POINT('',(12.2,48.5,82.));
#8022 = SURFACE_CURVE('',#8023,(#8028,#8039),.PCURVE_S1.);
#8023 = CIRCLE('',#8024,1.8);
#8024 = AXIS2_PLACEMENT_3D('',#8025,#8026,#8027);
#8025 = CARTESIAN_POINT('',(12.2,48.5,80.2));
#8026 = DIRECTION('',(0.,-1.,0.));
#8027 = DIRECTION('',(-0.,-0.,1.));
#8028 = PCURVE('',#7306,#8029);
#8029 = DEFINITIONAL_REPRESENTATION('',(#8030),#8038);
#8030 = ( BOUNDED_CURVE() B_SPLINE_CURVE(2,(#8031,#8032,#8033,#8034,
#8035,#8036,#8037),.UNSPECIFIED.,.T.,.F.) B_SPLINE_CURVE_WITH_KNOTS((1,2
    ,2,2,2,1),(-2.094395102393,0.,2.094395102393,4.188790204786,
6.28318530718,8.377580409573),.UNSPECIFIED.) CURVE() 
GEOMETRIC_REPRESENTATION_ITEM() RATIONAL_B_SPLINE_CURVE((1.,0.5,1.,0.5,
1.,0.5,1.)) REPRESENTATION_ITEM('') );
#8031 = CARTESIAN_POINT('',(-10.5,5.2));
#8032 = CARTESIAN_POINT('',(-10.5,2.082308546376));
#8033 = CARTESIAN_POINT('',(-13.2,3.641154273188));
#8034 = CARTESIAN_POINT('',(-15.9,5.2));
#8035 = CARTESIAN_POINT('',(-13.2,6.758845726812));
#8036 = CARTESIAN_POINT('',(-10.5,8.317691453624));
#8037 = CARTESIAN_POINT('',(-10.5,5.2));
#8038 = ( GEOMETRIC_REPRESENTATION_CONTEXT(2) 
PARAMETRIC_REPRESENTATION_CONTEXT() REPRESENTATION_CONTEXT('2D SPACE',''
  ) );
#8039 = PCURVE('',#7534,#8040);
#8040 = DEFINITIONAL_REPRESENTATION('',(#8041),#8045);
#8041 = LINE('',#8042,#8043);
#8042 = CARTESIAN_POINT('',(-4.712388980385,0.));
#8043 = VECTOR('',#8044,1.);
#8044 = DIRECTION('',(1.,0.));
#8045 = ( GEOMETRIC_REPRESENTATION_CONTEXT(2) 
PARAMETRIC_REPRESENTATION_CONTEXT() REPRESENTATION_CONTEXT('2D SPACE',''
  ) );
#8046 = ORIENTED_EDGE('',*,*,#8047,.F.);
#8047 = EDGE_CURVE('',#8048,#8020,#8050,.T.);
#8048 = VERTEX_POINT('',#8049);
#8049 = CARTESIAN_POINT('',(5.,48.5,82.));
#8050 = SURFACE_CURVE('',#8051,(#8055,#8062),.PCURVE_S1.);
#8051 = LINE('',#8052,#8053);
#8052 = CARTESIAN_POINT('',(5.,48.5,82.));
#8053 = VECTOR('',#8054,1.);
#8054 = DIRECTION('',(1.,-0.,-0.));
#8055 = PCURVE('',#7306,#8056);
#8056 = DEFINITIONAL_REPRESENTATION('',(#8057),#8061);
#8057 = LINE('',#8058,#8059);
#8058 = CARTESIAN_POINT('',(-10.5,-2.));
#8059 = VECTOR('',#8060,1.);
#8060 = DIRECTION('',(-0.,1.));
#8061 = ( GEOMETRIC_REPRESENTATION_CONTEXT(2) 
PARAMETRIC_REPRESENTATION_CONTEXT() REPRESENTATION_CONTEXT('2D SPACE',''
  ) );
#8062 = PCURVE('',#7562,#8063);
#8063 = DEFINITIONAL_REPRESENTATION('',(#8064),#8068);
#8064 = LINE('',#8065,#8066);
#8065 = CARTESIAN_POINT('',(-0.,-97.));
#8066 = VECTOR('',#8067,1.);
#8067 = DIRECTION('',(-1.,0.));
#8068 = ( GEOMETRIC_REPRESENTATION_CONTEXT(2) 
PARAMETRIC_REPRESENTATION_CONTEXT() REPRESENTATION_CONTEXT('2D SPACE',''
  ) );
#8069 = ORIENTED_EDGE('',*,*,#8070,.F.);
#8070 = EDGE_CURVE('',#8071,#8048,#8073,.T.);
#8071 = VERTEX_POINT('',#8072);
#8072 = CARTESIAN_POINT('',(5.,48.5,103.));
#8073 = SURFACE_CURVE('',#8074,(#8078,#8085),.PCURVE_S1.);
#8074 = LINE('',#8075,#8076);
#8075 = CARTESIAN_POINT('',(5.,48.5,103.));
#8076 = VECTOR('',#8077,1.);
#8077 = DIRECTION('',(-0.,-0.,-1.));
#8078 = PCURVE('',#7306,#8079);
#8079 = DEFINITIONAL_REPRESENTATION('',(#8080),#8084);
#8080 = LINE('',#8081,#8082);
#8081 = CARTESIAN_POINT('',(10.5,-2.));
#8082 = VECTOR('',#8083,1.);
#8083 = DIRECTION('',(-1.,0.));
#8084 = ( GEOMETRIC_REPRESENTATION_CONTEXT(2) 
PARAMETRIC_REPRESENTATION_CONTEXT() REPRESENTATION_CONTEXT('2D SPACE',''
  ) );
#8085 = PCURVE('',#7590,#8086);
#8086 = DEFINITIONAL_REPRESENTATION('',(#8087),#8091);
#8087 = LINE('',#8088,#8089);
#8088 = CARTESIAN_POINT('',(-0.,-97.));
#8089 = VECTOR('',#8090,1.);
#8090 = DIRECTION('',(-1.,0.));
#8091 = ( GEOMETRIC_REPRESENTATION_CONTEXT(2) 
PARAMETRIC_REPRESENTATION_CONTEXT() REPRESENTATION_CONTEXT('2D SPACE',''
  ) );
#8092 = ORIENTED_EDGE('',*,*,#8093,.F.);
#8093 = EDGE_CURVE('',#8094,#8071,#8096,.T.);
#8094 = VERTEX_POINT('',#8095);
#8095 = CARTESIAN_POINT('',(12.2,48.5,103.));
#8096 = SURFACE_CURVE('',#8097,(#8101,#8108),.PCURVE_S1.);
#8097 = LINE('',#8098,#8099);
#8098 = CARTESIAN_POINT('',(19.,48.5,103.));
#8099 = VECTOR('',#8100,1.);
#8100 = DIRECTION('',(-1.,-0.,-0.));
#8101 = PCURVE('',#7306,#8102);
#8102 = DEFINITIONAL_REPRESENTATION('',(#8103),#8107);
#8103 = LINE('',#8104,#8105);
#8104 = CARTESIAN_POINT('',(10.5,12.));
#8105 = VECTOR('',#8106,1.);
#8106 = DIRECTION('',(-0.,-1.));
#8107 = ( GEOMETRIC_REPRESENTATION_CONTEXT(2) 
PARAMETRIC_REPRESENTATION_CONTEXT() REPRESENTATION_CONTEXT('2D SPACE',''
  ) );
#8108 = PCURVE('',#7618,#8109);
#8109 = DEFINITIONAL_REPRESENTATION('',(#8110),#8114);
#8110 = LINE('',#8111,#8112);
#8111 = CARTESIAN_POINT('',(-0.,-97.));
#8112 = VECTOR('',#8113,1.);
#8113 = DIRECTION('',(-1.,0.));
#8114 = ( GEOMETRIC_REPRESENTATION_CONTEXT(2) 
PARAMETRIC_REPRESENTATION_CONTEXT() REPRESENTATION_CONTEXT('2D SPACE',''
  ) );
#8115 = ORIENTED_EDGE('',*,*,#8116,.F.);
#8116 = EDGE_CURVE('',#8117,#8094,#8119,.T.);
#8117 = VERTEX_POINT('',#8118);
#8118 = CARTESIAN_POINT('',(14.,48.5,104.8));
#8119 = SURFACE_CURVE('',#8120,(#8125,#8132),.PCURVE_S1.);
#8120 = CIRCLE('',#8121,1.8);
#8121 = AXIS2_PLACEMENT_3D('',#8122,#8123,#8124);
#8122 = CARTESIAN_POINT('',(12.2,48.5,104.8));
#8123 = DIRECTION('',(0.,1.,-0.));
#8124 = DIRECTION('',(-0.,-0.,-1.));
#8125 = PCURVE('',#7306,#8126);
#8126 = DEFINITIONAL_REPRESENTATION('',(#8127),#8131);
#8127 = CIRCLE('',#8128,1.8);
#8128 = AXIS2_PLACEMENT_2D('',#8129,#8130);
#8129 = CARTESIAN_POINT('',(12.3,5.2));
#8130 = DIRECTION('',(-1.,0.));
#8131 = ( GEOMETRIC_REPRESENTATION_CONTEXT(2) 
PARAMETRIC_REPRESENTATION_CONTEXT() REPRESENTATION_CONTEXT('2D SPACE',''
  ) );
#8132 = PCURVE('',#7647,#8133);
#8133 = DEFINITIONAL_REPRESENTATION('',(#8134),#8138);
#8134 = LINE('',#8135,#8136);
#8135 = CARTESIAN_POINT('',(-4.712388980385,97.));
#8136 = VECTOR('',#8137,1.);
#8137 = DIRECTION('',(1.,0.));
#8138 = ( GEOMETRIC_REPRESENTATION_CONTEXT(2) 
PARAMETRIC_REPRESENTATION_CONTEXT() REPRESENTATION_CONTEXT('2D SPACE',''
  ) );
#8139 = ORIENTED_EDGE('',*,*,#8140,.T.);
#8140 = EDGE_CURVE('',#8117,#8141,#8143,.T.);
#8141 = VERTEX_POINT('',#8142);
#8142 = CARTESIAN_POINT('',(14.,48.5,106.2));
#8143 = SURFACE_CURVE('',#8144,(#8148,#8155),.PCURVE_S1.);
#8144 = LINE('',#8145,#8146);
#8145 = CARTESIAN_POINT('',(14.,48.5,77.));
#8146 = VECTOR('',#8147,1.);
#8147 = DIRECTION('',(-0.,-0.,1.));
#8148 = PCURVE('',#7306,#8149);
#8149 = DEFINITIONAL_REPRESENTATION('',(#8150),#8154);
#8150 = LINE('',#8151,#8152);
#8151 = CARTESIAN_POINT('',(-15.5,7.));
#8152 = VECTOR('',#8153,1.);
#8153 = DIRECTION('',(1.,-0.));
#8154 = ( GEOMETRIC_REPRESENTATION_CONTEXT(2) 
PARAMETRIC_REPRESENTATION_CONTEXT() REPRESENTATION_CONTEXT('2D SPACE',''
  ) );
#8155 = PCURVE('',#7675,#8156);
#8156 = DEFINITIONAL_REPRESENTATION('',(#8157),#8161);
#8157 = LINE('',#8158,#8159);
#8158 = CARTESIAN_POINT('',(-0.,-97.));
#8159 = VECTOR('',#8160,1.);
#8160 = DIRECTION('',(-1.,-0.));
#8161 = ( GEOMETRIC_REPRESENTATION_CONTEXT(2) 
PARAMETRIC_REPRESENTATION_CONTEXT() REPRESENTATION_CONTEXT('2D SPACE',''
  ) );
#8162 = ORIENTED_EDGE('',*,*,#8163,.F.);
#8163 = EDGE_CURVE('',#7924,#8141,#8164,.T.);
#8164 = SURFACE_CURVE('',#8165,(#8170,#8177),.PCURVE_S1.);
#8165 = CIRCLE('',#8166,1.8);
#8166 = AXIS2_PLACEMENT_3D('',#8167,#8168,#8169);
#8167 = CARTESIAN_POINT('',(12.2,48.5,106.2));
#8168 = DIRECTION('',(0.,1.,-0.));
#8169 = DIRECTION('',(-0.,-0.,-1.));
#8170 = PCURVE('',#7306,#8171);
#8171 = DEFINITIONAL_REPRESENTATION('',(#8172),#8176);
#8172 = CIRCLE('',#8173,1.8);
#8173 = AXIS2_PLACEMENT_2D('',#8174,#8175);
#8174 = CARTESIAN_POINT('',(13.7,5.2));
#8175 = DIRECTION('',(-1.,0.));
#8176 = ( GEOMETRIC_REPRESENTATION_CONTEXT(2) 
PARAMETRIC_REPRESENTATION_CONTEXT() REPRESENTATION_CONTEXT('2D SPACE',''
  ) );
#8177 = PCURVE('',#7702,#8178);
#8178 = DEFINITIONAL_REPRESENTATION('',(#8179),#8183);
#8179 = LINE('',#8180,#8181);
#8180 = CARTESIAN_POINT('',(-3.14159265359,97.));
#8181 = VECTOR('',#8182,1.);
#8182 = DIRECTION('',(1.,0.));
#8183 = ( GEOMETRIC_REPRESENTATION_CONTEXT(2) 
PARAMETRIC_REPRESENTATION_CONTEXT() REPRESENTATION_CONTEXT('2D SPACE',''
  ) );
#8184 = ADVANCED_FACE('',(#8185),#7365,.F.);
#8185 = FACE_BOUND('',#8186,.T.);
#8186 = EDGE_LOOP('',(#8187,#8188,#8209,#8210));
#8187 = ORIENTED_EDGE('',*,*,#7347,.F.);
#8188 = ORIENTED_EDGE('',*,*,#8189,.T.);
#8189 = EDGE_CURVE('',#7348,#7924,#8190,.T.);
#8190 = SURFACE_CURVE('',#8191,(#8195,#8202),.PCURVE_S1.);
#8191 = LINE('',#8192,#8193);
#8192 = CARTESIAN_POINT('',(12.2,-48.5,108.));
#8193 = VECTOR('',#8194,1.);
#8194 = DIRECTION('',(-0.,1.,-0.));
#8195 = PCURVE('',#7365,#8196);
#8196 = DEFINITIONAL_REPRESENTATION('',(#8197),#8201);
#8197 = LINE('',#8198,#8199);
#8198 = CARTESIAN_POINT('',(-1.8,0.));
#8199 = VECTOR('',#8200,1.);
#8200 = DIRECTION('',(-0.,-1.));
#8201 = ( GEOMETRIC_REPRESENTATION_CONTEXT(2) 
PARAMETRIC_REPRESENTATION_CONTEXT() REPRESENTATION_CONTEXT('2D SPACE',''
  ) );
#8202 = PCURVE('',#7702,#8203);
#8203 = DEFINITIONAL_REPRESENTATION('',(#8204),#8208);
#8204 = LINE('',#8205,#8206);
#8205 = CARTESIAN_POINT('',(0.,0.));
#8206 = VECTOR('',#8207,1.);
#8207 = DIRECTION('',(0.,1.));
#8208 = ( GEOMETRIC_REPRESENTATION_CONTEXT(2) 
PARAMETRIC_REPRESENTATION_CONTEXT() REPRESENTATION_CONTEXT('2D SPACE',''
  ) );
#8209 = ORIENTED_EDGE('',*,*,#7923,.T.);
#8210 = ORIENTED_EDGE('',*,*,#8211,.F.);
#8211 = EDGE_CURVE('',#7350,#7926,#8212,.T.);
#8212 = SURFACE_CURVE('',#8213,(#8217,#8224),.PCURVE_S1.);
#8213 = LINE('',#8214,#8215);
#8214 = CARTESIAN_POINT('',(4.5,-48.5,108.));
#8215 = VECTOR('',#8216,1.);
#8216 = DIRECTION('',(-0.,1.,-0.));
#8217 = PCURVE('',#7365,#8218);
#8218 = DEFINITIONAL_REPRESENTATION('',(#8219),#8223);
#8219 = LINE('',#8220,#8221);
#8220 = CARTESIAN_POINT('',(-9.5,0.));
#8221 = VECTOR('',#8222,1.);
#8222 = DIRECTION('',(-0.,-1.));
#8223 = ( GEOMETRIC_REPRESENTATION_CONTEXT(2) 
PARAMETRIC_REPRESENTATION_CONTEXT() REPRESENTATION_CONTEXT('2D SPACE',''
  ) );
#8224 = PCURVE('',#7394,#8225);
#8225 = DEFINITIONAL_REPRESENTATION('',(#8226),#8230);
#8226 = LINE('',#8227,#8228);
#8227 = CARTESIAN_POINT('',(1.570796326795,0.));
#8228 = VECTOR('',#8229,1.);
#8229 = DIRECTION('',(0.,1.));
#8230 = ( GEOMETRIC_REPRESENTATION_CONTEXT(2) 
PARAMETRIC_REPRESENTATION_CONTEXT() REPRESENTATION_CONTEXT('2D SPACE',''
  ) );
#8231 = ADVANCED_FACE('',(#8232),#7702,.T.);
#8232 = FACE_BOUND('',#8233,.T.);
#8233 = EDGE_LOOP('',(#8234,#8235,#8256,#8257));
#8234 = ORIENTED_EDGE('',*,*,#7687,.T.);
#8235 = ORIENTED_EDGE('',*,*,#8236,.T.);
#8236 = EDGE_CURVE('',#7660,#8141,#8237,.T.);
#8237 = SURFACE_CURVE('',#8238,(#8242,#8249),.PCURVE_S1.);
#8238 = LINE('',#8239,#8240);
#8239 = CARTESIAN_POINT('',(14.,-48.5,106.2));
#8240 = VECTOR('',#8241,1.);
#8241 = DIRECTION('',(-0.,1.,-0.));
#8242 = PCURVE('',#7702,#8243);
#8243 = DEFINITIONAL_REPRESENTATION('',(#8244),#8248);
#8244 = LINE('',#8245,#8246);
#8245 = CARTESIAN_POINT('',(1.570796326795,0.));
#8246 = VECTOR('',#8247,1.);
#8247 = DIRECTION('',(0.,1.));
#8248 = ( GEOMETRIC_REPRESENTATION_CONTEXT(2) 
PARAMETRIC_REPRESENTATION_CONTEXT() REPRESENTATION_CONTEXT('2D SPACE',''
  ) );
#8249 = PCURVE('',#7675,#8250);
#8250 = DEFINITIONAL_REPRESENTATION('',(#8251),#8255);
#8251 = LINE('',#8252,#8253);
#8252 = CARTESIAN_POINT('',(-29.2,-0.));
#8253 = VECTOR('',#8254,1.);
#8254 = DIRECTION('',(-0.,-1.));
#8255 = ( GEOMETRIC_REPRESENTATION_CONTEXT(2) 
PARAMETRIC_REPRESENTATION_CONTEXT() REPRESENTATION_CONTEXT('2D SPACE',''
  ) );
#8256 = ORIENTED_EDGE('',*,*,#8163,.F.);
#8257 = ORIENTED_EDGE('',*,*,#8189,.F.);
#8258 = ADVANCED_FACE('',(#8259),#7394,.T.);
#8259 = FACE_BOUND('',#8260,.T.);
#8260 = EDGE_LOOP('',(#8261,#8262,#8263,#8264));
#8261 = ORIENTED_EDGE('',*,*,#7377,.T.);
#8262 = ORIENTED_EDGE('',*,*,#8211,.T.);
#8263 = ORIENTED_EDGE('',*,*,#7948,.F.);
#8264 = ORIENTED_EDGE('',*,*,#8265,.F.);
#8265 = EDGE_CURVE('',#7378,#7949,#8266,.T.);
#8266 = SURFACE_CURVE('',#8267,(#8271,#8278),.PCURVE_S1.);
#8267 = LINE('',#8268,#8269);
#8268 = CARTESIAN_POINT('',(-8.881784197001E-16,-48.5,103.5));
#8269 = VECTOR('',#8270,1.);
#8270 = DIRECTION('',(-0.,1.,-0.));
#8271 = PCURVE('',#7394,#8272);
#8272 = DEFINITIONAL_REPRESENTATION('',(#8273),#8277);
#8273 = LINE('',#8274,#8275);
#8274 = CARTESIAN_POINT('',(0.,0.));
#8275 = VECTOR('',#8276,1.);
#8276 = DIRECTION('',(0.,1.));
#8277 = ( GEOMETRIC_REPRESENTATION_CONTEXT(2) 
PARAMETRIC_REPRESENTATION_CONTEXT() REPRESENTATION_CONTEXT('2D SPACE',''
  ) );
#8278 = PCURVE('',#7422,#8279);
#8279 = DEFINITIONAL_REPRESENTATION('',(#8280),#8284);
#8280 = LINE('',#8281,#8282);
#8281 = CARTESIAN_POINT('',(-4.5,0.));
#8282 = VECTOR('',#8283,1.);
#8283 = DIRECTION('',(-0.,-1.));
#8284 = ( GEOMETRIC_REPRESENTATION_CONTEXT(2) 
PARAMETRIC_REPRESENTATION_CONTEXT() REPRESENTATION_CONTEXT('2D SPACE',''
  ) );
#8285 = ADVANCED_FACE('',(#8286),#7675,.F.);
#8286 = FACE_BOUND('',#8287,.T.);
#8287 = EDGE_LOOP('',(#8288,#8289,#8310,#8311));
#8288 = ORIENTED_EDGE('',*,*,#7659,.F.);
#8289 = ORIENTED_EDGE('',*,*,#8290,.T.);
#8290 = EDGE_CURVE('',#7631,#8117,#8291,.T.);
#8291 = SURFACE_CURVE('',#8292,(#8296,#8303),.PCURVE_S1.);
#8292 = LINE('',#8293,#8294);
#8293 = CARTESIAN_POINT('',(14.,-48.5,104.8));
#8294 = VECTOR('',#8295,1.);
#8295 = DIRECTION('',(-0.,1.,-0.));
#8296 = PCURVE('',#7675,#8297);
#8297 = DEFINITIONAL_REPRESENTATION('',(#8298),#8302);
#8298 = LINE('',#8299,#8300);
#8299 = CARTESIAN_POINT('',(-27.8,-0.));
#8300 = VECTOR('',#8301,1.);
#8301 = DIRECTION('',(-0.,-1.));
#8302 = ( GEOMETRIC_REPRESENTATION_CONTEXT(2) 
PARAMETRIC_REPRESENTATION_CONTEXT() REPRESENTATION_CONTEXT('2D SPACE',''
  ) );
#8303 = PCURVE('',#7647,#8304);
#8304 = DEFINITIONAL_REPRESENTATION('',(#8305),#8309);
#8305 = LINE('',#8306,#8307);
#8306 = CARTESIAN_POINT('',(0.,0.));
#8307 = VECTOR('',#8308,1.);
#8308 = DIRECTION('',(0.,1.));
#8309 = ( GEOMETRIC_REPRESENTATION_CONTEXT(2) 
PARAMETRIC_REPRESENTATION_CONTEXT() REPRESENTATION_CONTEXT('2D SPACE',''
  ) );
#8310 = ORIENTED_EDGE('',*,*,#8140,.T.);
#8311 = ORIENTED_EDGE('',*,*,#8236,.F.);
#8312 = ADVANCED_FACE('',(#8313),#7422,.F.);
#8313 = FACE_BOUND('',#8314,.T.);
#8314 = EDGE_LOOP('',(#8315,#8316,#8317,#8318,#8319,#8347,#8375,#8401,
    #8402,#8430,#8458,#8484));
#8315 = ORIENTED_EDGE('',*,*,#7406,.F.);
#8316 = ORIENTED_EDGE('',*,*,#8265,.T.);
#8317 = ORIENTED_EDGE('',*,*,#7972,.T.);
#8318 = ORIENTED_EDGE('',*,*,#7874,.F.);
#8319 = ORIENTED_EDGE('',*,*,#8320,.T.);
#8320 = EDGE_CURVE('',#7847,#8321,#8323,.T.);
#8321 = VERTEX_POINT('',#8322);
#8322 = CARTESIAN_POINT('',(0.,36.35,84.5));
#8323 = SURFACE_CURVE('',#8324,(#8328,#8335),.PCURVE_S1.);
#8324 = LINE('',#8325,#8326);
#8325 = CARTESIAN_POINT('',(0.,36.35,74.5));
#8326 = VECTOR('',#8327,1.);
#8327 = DIRECTION('',(-0.,-0.,1.));
#8328 = PCURVE('',#7422,#8329);
#8329 = DEFINITIONAL_REPRESENTATION('',(#8330),#8334);
#8330 = LINE('',#8331,#8332);
#8331 = CARTESIAN_POINT('',(-33.5,-84.85));
#8332 = VECTOR('',#8333,1.);
#8333 = DIRECTION('',(1.,-0.));
#8334 = ( GEOMETRIC_REPRESENTATION_CONTEXT(2) 
PARAMETRIC_REPRESENTATION_CONTEXT() REPRESENTATION_CONTEXT('2D SPACE',''
  ) );
#8335 = PCURVE('',#8336,#8341);
#8336 = PLANE('',#8337);
#8337 = AXIS2_PLACEMENT_3D('',#8338,#8339,#8340);
#8338 = CARTESIAN_POINT('',(-7.5,36.35,79.5));
#8339 = DIRECTION('',(-0.,1.,-0.));
#8340 = DIRECTION('',(0.,0.,1.));
#8341 = DEFINITIONAL_REPRESENTATION('',(#8342),#8346);
#8342 = LINE('',#8343,#8344);
#8343 = CARTESIAN_POINT('',(-5.,7.5));
#8344 = VECTOR('',#8345,1.);
#8345 = DIRECTION('',(1.,-0.));
#8346 = ( GEOMETRIC_REPRESENTATION_CONTEXT(2) 
PARAMETRIC_REPRESENTATION_CONTEXT() REPRESENTATION_CONTEXT('2D SPACE',''
  ) );
#8347 = ORIENTED_EDGE('',*,*,#8348,.F.);
#8348 = EDGE_CURVE('',#8349,#8321,#8351,.T.);
#8349 = VERTEX_POINT('',#8350);
#8350 = CARTESIAN_POINT('',(0.,23.65,84.5));
#8351 = SURFACE_CURVE('',#8352,(#8356,#8363),.PCURVE_S1.);
#8352 = LINE('',#8353,#8354);
#8353 = CARTESIAN_POINT('',(0.,23.65,84.5));
#8354 = VECTOR('',#8355,1.);
#8355 = DIRECTION('',(-0.,1.,-0.));
#8356 = PCURVE('',#7422,#8357);
#8357 = DEFINITIONAL_REPRESENTATION('',(#8358),#8362);
#8358 = LINE('',#8359,#8360);
#8359 = CARTESIAN_POINT('',(-23.5,-72.15));
#8360 = VECTOR('',#8361,1.);
#8361 = DIRECTION('',(-0.,-1.));
#8362 = ( GEOMETRIC_REPRESENTATION_CONTEXT(2) 
PARAMETRIC_REPRESENTATION_CONTEXT() REPRESENTATION_CONTEXT('2D SPACE',''
  ) );
#8363 = PCURVE('',#8364,#8369);
#8364 = PLANE('',#8365);
#8365 = AXIS2_PLACEMENT_3D('',#8366,#8367,#8368);
#8366 = CARTESIAN_POINT('',(0.,23.65,84.5));
#8367 = DIRECTION('',(-0.,0.,-1.));
#8368 = DIRECTION('',(1.,0.,0.));
#8369 = DEFINITIONAL_REPRESENTATION('',(#8370),#8374);
#8370 = LINE('',#8371,#8372);
#8371 = CARTESIAN_POINT('',(-0.,-0.));
#8372 = VECTOR('',#8373,1.);
#8373 = DIRECTION('',(-0.,-1.));
#8374 = ( GEOMETRIC_REPRESENTATION_CONTEXT(2) 
PARAMETRIC_REPRESENTATION_CONTEXT() REPRESENTATION_CONTEXT('2D SPACE',''
  ) );
#8375 = ORIENTED_EDGE('',*,*,#8376,.F.);
#8376 = EDGE_CURVE('',#7824,#8349,#8377,.T.);
#8377 = SURFACE_CURVE('',#8378,(#8382,#8389),.PCURVE_S1.);
#8378 = LINE('',#8379,#8380);
#8379 = CARTESIAN_POINT('',(0.,23.65,74.5));
#8380 = VECTOR('',#8381,1.);
#8381 = DIRECTION('',(-0.,-0.,1.));
#8382 = PCURVE('',#7422,#8383);
#8383 = DEFINITIONAL_REPRESENTATION('',(#8384),#8388);
#8384 = LINE('',#8385,#8386);
#8385 = CARTESIAN_POINT('',(-33.5,-72.15));
#8386 = VECTOR('',#8387,1.);
#8387 = DIRECTION('',(1.,-0.));
#8388 = ( GEOMETRIC_REPRESENTATION_CONTEXT(2) 
PARAMETRIC_REPRESENTATION_CONTEXT() REPRESENTATION_CONTEXT('2D SPACE',''
  ) );
#8389 = PCURVE('',#8390,#8395);
#8390 = PLANE('',#8391);
#8391 = AXIS2_PLACEMENT_3D('',#8392,#8393,#8394);
#8392 = CARTESIAN_POINT('',(-7.5,23.65,79.5));
#8393 = DIRECTION('',(-0.,1.,-0.));
#8394 = DIRECTION('',(0.,0.,1.));
#8395 = DEFINITIONAL_REPRESENTATION('',(#8396),#8400);
#8396 = LINE('',#8397,#8398);
#8397 = CARTESIAN_POINT('',(-5.,7.5));
#8398 = VECTOR('',#8399,1.);
#8399 = DIRECTION('',(1.,-0.));
#8400 = ( GEOMETRIC_REPRESENTATION_CONTEXT(2) 
PARAMETRIC_REPRESENTATION_CONTEXT() REPRESENTATION_CONTEXT('2D SPACE',''
  ) );
#8401 = ORIENTED_EDGE('',*,*,#7823,.F.);
#8402 = ORIENTED_EDGE('',*,*,#8403,.T.);
#8403 = EDGE_CURVE('',#7796,#8404,#8406,.T.);
#8404 = VERTEX_POINT('',#8405);
#8405 = CARTESIAN_POINT('',(0.,-23.65,84.5));
#8406 = SURFACE_CURVE('',#8407,(#8411,#8418),.PCURVE_S1.);
#8407 = LINE('',#8408,#8409);
#8408 = CARTESIAN_POINT('',(0.,-23.65,74.5));
#8409 = VECTOR('',#8410,1.);
#8410 = DIRECTION('',(-0.,-0.,1.));
#8411 = PCURVE('',#7422,#8412);
#8412 = DEFINITIONAL_REPRESENTATION('',(#8413),#8417);
#8413 = LINE('',#8414,#8415);
#8414 = CARTESIAN_POINT('',(-33.5,-24.85));
#8415 = VECTOR('',#8416,1.);
#8416 = DIRECTION('',(1.,-0.));
#8417 = ( GEOMETRIC_REPRESENTATION_CONTEXT(2) 
PARAMETRIC_REPRESENTATION_CONTEXT() REPRESENTATION_CONTEXT('2D SPACE',''
  ) );
#8418 = PCURVE('',#8419,#8424);
#8419 = PLANE('',#8420);
#8420 = AXIS2_PLACEMENT_3D('',#8421,#8422,#8423);
#8421 = CARTESIAN_POINT('',(-7.5,-23.65,79.5));
#8422 = DIRECTION('',(-0.,1.,-0.));
#8423 = DIRECTION('',(0.,0.,1.));
#8424 = DEFINITIONAL_REPRESENTATION('',(#8425),#8429);
#8425 = LINE('',#8426,#8427);
#8426 = CARTESIAN_POINT('',(-5.,7.5));
#8427 = VECTOR('',#8428,1.);
#8428 = DIRECTION('',(1.,-0.));
#8429 = ( GEOMETRIC_REPRESENTATION_CONTEXT(2) 
PARAMETRIC_REPRESENTATION_CONTEXT() REPRESENTATION_CONTEXT('2D SPACE',''
  ) );
#8430 = ORIENTED_EDGE('',*,*,#8431,.F.);
#8431 = EDGE_CURVE('',#8432,#8404,#8434,.T.);
#8432 = VERTEX_POINT('',#8433);
#8433 = CARTESIAN_POINT('',(0.,-36.35,84.5));
#8434 = SURFACE_CURVE('',#8435,(#8439,#8446),.PCURVE_S1.);
#8435 = LINE('',#8436,#8437);
#8436 = CARTESIAN_POINT('',(0.,-36.35,84.5));
#8437 = VECTOR('',#8438,1.);
#8438 = DIRECTION('',(-0.,1.,-0.));
#8439 = PCURVE('',#7422,#8440);
#8440 = DEFINITIONAL_REPRESENTATION('',(#8441),#8445);
#8441 = LINE('',#8442,#8443);
#8442 = CARTESIAN_POINT('',(-23.5,-12.15));
#8443 = VECTOR('',#8444,1.);
#8444 = DIRECTION('',(-0.,-1.));
#8445 = ( GEOMETRIC_REPRESENTATION_CONTEXT(2) 
PARAMETRIC_REPRESENTATION_CONTEXT() REPRESENTATION_CONTEXT('2D SPACE',''
  ) );
#8446 = PCURVE('',#8447,#8452);
#8447 = PLANE('',#8448);
#8448 = AXIS2_PLACEMENT_3D('',#8449,#8450,#8451);
#8449 = CARTESIAN_POINT('',(0.,-36.35,84.5));
#8450 = DIRECTION('',(-0.,0.,-1.));
#8451 = DIRECTION('',(1.,0.,0.));
#8452 = DEFINITIONAL_REPRESENTATION('',(#8453),#8457);
#8453 = LINE('',#8454,#8455);
#8454 = CARTESIAN_POINT('',(-0.,-0.));
#8455 = VECTOR('',#8456,1.);
#8456 = DIRECTION('',(-0.,-1.));
#8457 = ( GEOMETRIC_REPRESENTATION_CONTEXT(2) 
PARAMETRIC_REPRESENTATION_CONTEXT() REPRESENTATION_CONTEXT('2D SPACE',''
  ) );
#8458 = ORIENTED_EDGE('',*,*,#8459,.F.);
#8459 = EDGE_CURVE('',#7773,#8432,#8460,.T.);
#8460 = SURFACE_CURVE('',#8461,(#8465,#8472),.PCURVE_S1.);
#8461 = LINE('',#8462,#8463);
#8462 = CARTESIAN_POINT('',(0.,-36.35,74.5));
#8463 = VECTOR('',#8464,1.);
#8464 = DIRECTION('',(-0.,-0.,1.));
#8465 = PCURVE('',#7422,#8466);
#8466 = DEFINITIONAL_REPRESENTATION('',(#8467),#8471);
#8467 = LINE('',#8468,#8469);
#8468 = CARTESIAN_POINT('',(-33.5,-12.15));
#8469 = VECTOR('',#8470,1.);
#8470 = DIRECTION('',(1.,-0.));
#8471 = ( GEOMETRIC_REPRESENTATION_CONTEXT(2) 
PARAMETRIC_REPRESENTATION_CONTEXT() REPRESENTATION_CONTEXT('2D SPACE',''
  ) );
#8472 = PCURVE('',#8473,#8478);
#8473 = PLANE('',#8474);
#8474 = AXIS2_PLACEMENT_3D('',#8475,#8476,#8477);
#8475 = CARTESIAN_POINT('',(-7.5,-36.35,79.5));
#8476 = DIRECTION('',(-0.,1.,-0.));
#8477 = DIRECTION('',(0.,0.,1.));
#8478 = DEFINITIONAL_REPRESENTATION('',(#8479),#8483);
#8479 = LINE('',#8480,#8481);
#8480 = CARTESIAN_POINT('',(-5.,7.5));
#8481 = VECTOR('',#8482,1.);
#8482 = DIRECTION('',(1.,-0.));
#8483 = ( GEOMETRIC_REPRESENTATION_CONTEXT(2) 
PARAMETRIC_REPRESENTATION_CONTEXT() REPRESENTATION_CONTEXT('2D SPACE',''
  ) );
#8484 = ORIENTED_EDGE('',*,*,#7772,.F.);
#8485 = ADVANCED_FACE('',(#8486),#7647,.T.);
#8486 = FACE_BOUND('',#8487,.T.);
#8487 = EDGE_LOOP('',(#8488,#8489,#8510,#8511));
#8488 = ORIENTED_EDGE('',*,*,#7630,.T.);
#8489 = ORIENTED_EDGE('',*,*,#8490,.T.);
#8490 = EDGE_CURVE('',#7603,#8094,#8491,.T.);
#8491 = SURFACE_CURVE('',#8492,(#8496,#8503),.PCURVE_S1.);
#8492 = LINE('',#8493,#8494);
#8493 = CARTESIAN_POINT('',(12.2,-48.5,103.));
#8494 = VECTOR('',#8495,1.);
#8495 = DIRECTION('',(-0.,1.,-0.));
#8496 = PCURVE('',#7647,#8497);
#8497 = DEFINITIONAL_REPRESENTATION('',(#8498),#8502);
#8498 = LINE('',#8499,#8500);
#8499 = CARTESIAN_POINT('',(1.570796326795,0.));
#8500 = VECTOR('',#8501,1.);
#8501 = DIRECTION('',(0.,1.));
#8502 = ( GEOMETRIC_REPRESENTATION_CONTEXT(2) 
PARAMETRIC_REPRESENTATION_CONTEXT() REPRESENTATION_CONTEXT('2D SPACE',''
  ) );
#8503 = PCURVE('',#7618,#8504);
#8504 = DEFINITIONAL_REPRESENTATION('',(#8505),#8509);
#8505 = LINE('',#8506,#8507);
#8506 = CARTESIAN_POINT('',(-6.8,0.));
#8507 = VECTOR('',#8508,1.);
#8508 = DIRECTION('',(-0.,-1.));
#8509 = ( GEOMETRIC_REPRESENTATION_CONTEXT(2) 
PARAMETRIC_REPRESENTATION_CONTEXT() REPRESENTATION_CONTEXT('2D SPACE',''
  ) );
#8510 = ORIENTED_EDGE('',*,*,#8116,.F.);
#8511 = ORIENTED_EDGE('',*,*,#8290,.F.);
#8512 = ADVANCED_FACE('',(#8513),#7618,.T.);
#8513 = FACE_BOUND('',#8514,.F.);
#8514 = EDGE_LOOP('',(#8515,#8516,#8517,#8518,#8541,#8569,#8597,#8625,
    #8653,#8681,#8709,#8737));
#8515 = ORIENTED_EDGE('',*,*,#7602,.F.);
#8516 = ORIENTED_EDGE('',*,*,#8490,.T.);
#8517 = ORIENTED_EDGE('',*,*,#8093,.T.);
#8518 = ORIENTED_EDGE('',*,*,#8519,.F.);
#8519 = EDGE_CURVE('',#8520,#8071,#8522,.T.);
#8520 = VERTEX_POINT('',#8521);
#8521 = CARTESIAN_POINT('',(5.,-22.16,103.));
#8522 = SURFACE_CURVE('',#8523,(#8527,#8534),.PCURVE_S1.);
#8523 = LINE('',#8524,#8525);
#8524 = CARTESIAN_POINT('',(5.,-48.5,103.));
#8525 = VECTOR('',#8526,1.);
#8526 = DIRECTION('',(-0.,1.,-0.));
#8527 = PCURVE('',#7618,#8528);
#8528 = DEFINITIONAL_REPRESENTATION('',(#8529),#8533);
#8529 = LINE('',#8530,#8531);
#8530 = CARTESIAN_POINT('',(-14.,0.));
#8531 = VECTOR('',#8532,1.);
#8532 = DIRECTION('',(-0.,-1.));
#8533 = ( GEOMETRIC_REPRESENTATION_CONTEXT(2) 
PARAMETRIC_REPRESENTATION_CONTEXT() REPRESENTATION_CONTEXT('2D SPACE',''
  ) );
#8534 = PCURVE('',#7590,#8535);
#8535 = DEFINITIONAL_REPRESENTATION('',(#8536),#8540);
#8536 = LINE('',#8537,#8538);
#8537 = CARTESIAN_POINT('',(-0.,-0.));
#8538 = VECTOR('',#8539,1.);
#8539 = DIRECTION('',(-0.,-1.));
#8540 = ( GEOMETRIC_REPRESENTATION_CONTEXT(2) 
PARAMETRIC_REPRESENTATION_CONTEXT() REPRESENTATION_CONTEXT('2D SPACE',''
  ) );
#8541 = ORIENTED_EDGE('',*,*,#8542,.F.);
#8542 = EDGE_CURVE('',#8543,#8520,#8545,.T.);
#8543 = VERTEX_POINT('',#8544);
#8544 = CARTESIAN_POINT('',(7.,-22.16,103.));
#8545 = SURFACE_CURVE('',#8546,(#8550,#8557),.PCURVE_S1.);
#8546 = LINE('',#8547,#8548);
#8547 = CARTESIAN_POINT('',(12.,-22.16,103.));
#8548 = VECTOR('',#8549,1.);
#8549 = DIRECTION('',(-1.,-0.,-0.));
#8550 = PCURVE('',#7618,#8551);
#8551 = DEFINITIONAL_REPRESENTATION('',(#8552),#8556);
#8552 = LINE('',#8553,#8554);
#8553 = CARTESIAN_POINT('',(-7.,-26.34));
#8554 = VECTOR('',#8555,1.);
#8555 = DIRECTION('',(-1.,0.));
#8556 = ( GEOMETRIC_REPRESENTATION_CONTEXT(2) 
PARAMETRIC_REPRESENTATION_CONTEXT() REPRESENTATION_CONTEXT('2D SPACE',''
  ) );
#8557 = PCURVE('',#8558,#8563);
#8558 = PLANE('',#8559);
#8559 = AXIS2_PLACEMENT_3D('',#8560,#8561,#8562);
#8560 = CARTESIAN_POINT('',(5.,-22.16,103.));
#8561 = DIRECTION('',(-0.,1.,-0.));
#8562 = DIRECTION('',(0.,0.,1.));
#8563 = DEFINITIONAL_REPRESENTATION('',(#8564),#8568);
#8564 = LINE('',#8565,#8566);
#8565 = CARTESIAN_POINT('',(0.,7.));
#8566 = VECTOR('',#8567,1.);
#8567 = DIRECTION('',(-0.,-1.));
#8568 = ( GEOMETRIC_REPRESENTATION_CONTEXT(2) 
PARAMETRIC_REPRESENTATION_CONTEXT() REPRESENTATION_CONTEXT('2D SPACE',''
  ) );
#8569 = ORIENTED_EDGE('',*,*,#8570,.T.);
#8570 = EDGE_CURVE('',#8543,#8571,#8573,.T.);
#8571 = VERTEX_POINT('',#8572);
#8572 = CARTESIAN_POINT('',(7.,29.1,103.));
#8573 = SURFACE_CURVE('',#8574,(#8578,#8585),.PCURVE_S1.);
#8574 = LINE('',#8575,#8576);
#8575 = CARTESIAN_POINT('',(7.,-38.8,103.));
#8576 = VECTOR('',#8577,1.);
#8577 = DIRECTION('',(-0.,1.,-0.));
#8578 = PCURVE('',#7618,#8579);
#8579 = DEFINITIONAL_REPRESENTATION('',(#8580),#8584);
#8580 = LINE('',#8581,#8582);
#8581 = CARTESIAN_POINT('',(-12.,-9.7));
#8582 = VECTOR('',#8583,1.);
#8583 = DIRECTION('',(-0.,-1.));
#8584 = ( GEOMETRIC_REPRESENTATION_CONTEXT(2) 
PARAMETRIC_REPRESENTATION_CONTEXT() REPRESENTATION_CONTEXT('2D SPACE',''
  ) );
#8585 = PCURVE('',#8586,#8591);
#8586 = PLANE('',#8587);
#8587 = AXIS2_PLACEMENT_3D('',#8588,#8589,#8590);
#8588 = CARTESIAN_POINT('',(7.,-29.1,103.5));
#8589 = DIRECTION('',(1.,-0.,-0.));
#8590 = DIRECTION('',(0.,0.,1.));
#8591 = DEFINITIONAL_REPRESENTATION('',(#8592),#8596);
#8592 = LINE('',#8593,#8594);
#8593 = CARTESIAN_POINT('',(-0.5,9.7));
#8594 = VECTOR('',#8595,1.);
#8595 = DIRECTION('',(-0.,-1.));
#8596 = ( GEOMETRIC_REPRESENTATION_CONTEXT(2) 
PARAMETRIC_REPRESENTATION_CONTEXT() REPRESENTATION_CONTEXT('2D SPACE',''
  ) );
#8597 = ORIENTED_EDGE('',*,*,#8598,.F.);
#8598 = EDGE_CURVE('',#8599,#8571,#8601,.T.);
#8599 = VERTEX_POINT('',#8600);
#8600 = CARTESIAN_POINT('',(12.,29.1,103.));
#8601 = SURFACE_CURVE('',#8602,(#8606,#8613),.PCURVE_S1.);
#8602 = LINE('',#8603,#8604);
#8603 = CARTESIAN_POINT('',(14.25,29.1,103.));
#8604 = VECTOR('',#8605,1.);
#8605 = DIRECTION('',(-1.,-0.,-0.));
#8606 = PCURVE('',#7618,#8607);
#8607 = DEFINITIONAL_REPRESENTATION('',(#8608),#8612);
#8608 = LINE('',#8609,#8610);
#8609 = CARTESIAN_POINT('',(-4.75,-77.6));
#8610 = VECTOR('',#8611,1.);
#8611 = DIRECTION('',(-1.,0.));
#8612 = ( GEOMETRIC_REPRESENTATION_CONTEXT(2) 
PARAMETRIC_REPRESENTATION_CONTEXT() REPRESENTATION_CONTEXT('2D SPACE',''
  ) );
#8613 = PCURVE('',#8614,#8619);
#8614 = PLANE('',#8615);
#8615 = AXIS2_PLACEMENT_3D('',#8616,#8617,#8618);
#8616 = CARTESIAN_POINT('',(9.5,29.1,103.));
#8617 = DIRECTION('',(-0.,1.,-0.));
#8618 = DIRECTION('',(0.,0.,1.));
#8619 = DEFINITIONAL_REPRESENTATION('',(#8620),#8624);
#8620 = LINE('',#8621,#8622);
#8621 = CARTESIAN_POINT('',(0.,4.75));
#8622 = VECTOR('',#8623,1.);
#8623 = DIRECTION('',(-0.,-1.));
#8624 = ( GEOMETRIC_REPRESENTATION_CONTEXT(2) 
PARAMETRIC_REPRESENTATION_CONTEXT() REPRESENTATION_CONTEXT('2D SPACE',''
  ) );
#8625 = ORIENTED_EDGE('',*,*,#8626,.T.);
#8626 = EDGE_CURVE('',#8599,#8627,#8629,.T.);
#8627 = VERTEX_POINT('',#8628);
#8628 = CARTESIAN_POINT('',(12.,-29.1,103.));
#8629 = SURFACE_CURVE('',#8630,(#8634,#8641),.PCURVE_S1.);
#8630 = LINE('',#8631,#8632);
#8631 = CARTESIAN_POINT('',(12.,-38.8,103.));
#8632 = VECTOR('',#8633,1.);
#8633 = DIRECTION('',(-0.,-1.,-0.));
#8634 = PCURVE('',#7618,#8635);
#8635 = DEFINITIONAL_REPRESENTATION('',(#8636),#8640);
#8636 = LINE('',#8637,#8638);
#8637 = CARTESIAN_POINT('',(-7.,-9.7));
#8638 = VECTOR('',#8639,1.);
#8639 = DIRECTION('',(-0.,1.));
#8640 = ( GEOMETRIC_REPRESENTATION_CONTEXT(2) 
PARAMETRIC_REPRESENTATION_CONTEXT() REPRESENTATION_CONTEXT('2D SPACE',''
  ) );
#8641 = PCURVE('',#8642,#8647);
#8642 = PLANE('',#8643);
#8643 = AXIS2_PLACEMENT_3D('',#8644,#8645,#8646);
#8644 = CARTESIAN_POINT('',(12.,-29.1,102.5));
#8645 = DIRECTION('',(-1.,-0.,-0.));
#8646 = DIRECTION('',(0.,0.,-1.));
#8647 = DEFINITIONAL_REPRESENTATION('',(#8648),#8652);
#8648 = LINE('',#8649,#8650);
#8649 = CARTESIAN_POINT('',(-0.5,9.7));
#8650 = VECTOR('',#8651,1.);
#8651 = DIRECTION('',(-0.,1.));
#8652 = ( GEOMETRIC_REPRESENTATION_CONTEXT(2) 
PARAMETRIC_REPRESENTATION_CONTEXT() REPRESENTATION_CONTEXT('2D SPACE',''
  ) );
#8653 = ORIENTED_EDGE('',*,*,#8654,.T.);
#8654 = EDGE_CURVE('',#8627,#8655,#8657,.T.);
#8655 = VERTEX_POINT('',#8656);
#8656 = CARTESIAN_POINT('',(8.,-29.1,103.));
#8657 = SURFACE_CURVE('',#8658,(#8662,#8669),.PCURVE_S1.);
#8658 = LINE('',#8659,#8660);
#8659 = CARTESIAN_POINT('',(14.25,-29.1,103.));
#8660 = VECTOR('',#8661,1.);
#8661 = DIRECTION('',(-1.,-0.,-0.));
#8662 = PCURVE('',#7618,#8663);
#8663 = DEFINITIONAL_REPRESENTATION('',(#8664),#8668);
#8664 = LINE('',#8665,#8666);
#8665 = CARTESIAN_POINT('',(-4.75,-19.4));
#8666 = VECTOR('',#8667,1.);
#8667 = DIRECTION('',(-1.,0.));
#8668 = ( GEOMETRIC_REPRESENTATION_CONTEXT(2) 
PARAMETRIC_REPRESENTATION_CONTEXT() REPRESENTATION_CONTEXT('2D SPACE',''
  ) );
#8669 = PCURVE('',#8670,#8675);
#8670 = PLANE('',#8671);
#8671 = AXIS2_PLACEMENT_3D('',#8672,#8673,#8674);
#8672 = CARTESIAN_POINT('',(9.5,-29.1,103.));
#8673 = DIRECTION('',(-0.,1.,-0.));
#8674 = DIRECTION('',(0.,0.,1.));
#8675 = DEFINITIONAL_REPRESENTATION('',(#8676),#8680);
#8676 = LINE('',#8677,#8678);
#8677 = CARTESIAN_POINT('',(0.,4.75));
#8678 = VECTOR('',#8679,1.);
#8679 = DIRECTION('',(-0.,-1.));
#8680 = ( GEOMETRIC_REPRESENTATION_CONTEXT(2) 
PARAMETRIC_REPRESENTATION_CONTEXT() REPRESENTATION_CONTEXT('2D SPACE',''
  ) );
#8681 = ORIENTED_EDGE('',*,*,#8682,.F.);
#8682 = EDGE_CURVE('',#8683,#8655,#8685,.T.);
#8683 = VERTEX_POINT('',#8684);
#8684 = CARTESIAN_POINT('',(8.,-32.16,103.));
#8685 = SURFACE_CURVE('',#8686,(#8690,#8697),.PCURVE_S1.);
#8686 = LINE('',#8687,#8688);
#8687 = CARTESIAN_POINT('',(8.,-32.16,103.));
#8688 = VECTOR('',#8689,1.);
#8689 = DIRECTION('',(-0.,1.,-0.));
#8690 = PCURVE('',#7618,#8691);
#8691 = DEFINITIONAL_REPRESENTATION('',(#8692),#8696);
#8692 = LINE('',#8693,#8694);
#8693 = CARTESIAN_POINT('',(-11.,-16.34));
#8694 = VECTOR('',#8695,1.);
#8695 = DIRECTION('',(-0.,-1.));
#8696 = ( GEOMETRIC_REPRESENTATION_CONTEXT(2) 
PARAMETRIC_REPRESENTATION_CONTEXT() REPRESENTATION_CONTEXT('2D SPACE',''
  ) );
#8697 = PCURVE('',#8698,#8703);
#8698 = CYLINDRICAL_SURFACE('',#8699,3.);
#8699 = AXIS2_PLACEMENT_3D('',#8700,#8701,#8702);
#8700 = CARTESIAN_POINT('',(5.,-32.16,103.));
#8701 = DIRECTION('',(-0.,-1.,-0.));
#8702 = DIRECTION('',(1.,-0.,-0.));
#8703 = DEFINITIONAL_REPRESENTATION('',(#8704),#8708);
#8704 = LINE('',#8705,#8706);
#8705 = CARTESIAN_POINT('',(0.,0.));
#8706 = VECTOR('',#8707,1.);
#8707 = DIRECTION('',(0.,-1.));
#8708 = ( GEOMETRIC_REPRESENTATION_CONTEXT(2) 
PARAMETRIC_REPRESENTATION_CONTEXT() REPRESENTATION_CONTEXT('2D SPACE',''
  ) );
#8709 = ORIENTED_EDGE('',*,*,#8710,.T.);
#8710 = EDGE_CURVE('',#8683,#8711,#8713,.T.);
#8711 = VERTEX_POINT('',#8712);
#8712 = CARTESIAN_POINT('',(5.,-32.16,103.));
#8713 = SURFACE_CURVE('',#8714,(#8718,#8725),.PCURVE_S1.);
#8714 = LINE('',#8715,#8716);
#8715 = CARTESIAN_POINT('',(12.,-32.16,103.));
#8716 = VECTOR('',#8717,1.);
#8717 = DIRECTION('',(-1.,-0.,-0.));
#8718 = PCURVE('',#7618,#8719);
#8719 = DEFINITIONAL_REPRESENTATION('',(#8720),#8724);
#8720 = LINE('',#8721,#8722);
#8721 = CARTESIAN_POINT('',(-7.,-16.34));
#8722 = VECTOR('',#8723,1.);
#8723 = DIRECTION('',(-1.,0.));
#8724 = ( GEOMETRIC_REPRESENTATION_CONTEXT(2) 
PARAMETRIC_REPRESENTATION_CONTEXT() REPRESENTATION_CONTEXT('2D SPACE',''
  ) );
#8725 = PCURVE('',#8726,#8731);
#8726 = PLANE('',#8727);
#8727 = AXIS2_PLACEMENT_3D('',#8728,#8729,#8730);
#8728 = CARTESIAN_POINT('',(5.,-32.16,103.));
#8729 = DIRECTION('',(-0.,1.,-0.));
#8730 = DIRECTION('',(0.,0.,1.));
#8731 = DEFINITIONAL_REPRESENTATION('',(#8732),#8736);
#8732 = LINE('',#8733,#8734);
#8733 = CARTESIAN_POINT('',(0.,7.));
#8734 = VECTOR('',#8735,1.);
#8735 = DIRECTION('',(-0.,-1.));
#8736 = ( GEOMETRIC_REPRESENTATION_CONTEXT(2) 
PARAMETRIC_REPRESENTATION_CONTEXT() REPRESENTATION_CONTEXT('2D SPACE',''
  ) );
#8737 = ORIENTED_EDGE('',*,*,#8738,.F.);
#8738 = EDGE_CURVE('',#7575,#8711,#8739,.T.);
#8739 = SURFACE_CURVE('',#8740,(#8744,#8751),.PCURVE_S1.);
#8740 = LINE('',#8741,#8742);
#8741 = CARTESIAN_POINT('',(5.,-48.5,103.));
#8742 = VECTOR('',#8743,1.);
#8743 = DIRECTION('',(-0.,1.,-0.));
#8744 = PCURVE('',#7618,#8745);
#8745 = DEFINITIONAL_REPRESENTATION('',(#8746),#8750);
#8746 = LINE('',#8747,#8748);
#8747 = CARTESIAN_POINT('',(-14.,0.));
#8748 = VECTOR('',#8749,1.);
#8749 = DIRECTION('',(-0.,-1.));
#8750 = ( GEOMETRIC_REPRESENTATION_CONTEXT(2) 
PARAMETRIC_REPRESENTATION_CONTEXT() REPRESENTATION_CONTEXT('2D SPACE',''
  ) );
#8751 = PCURVE('',#7590,#8752);
#8752 = DEFINITIONAL_REPRESENTATION('',(#8753),#8757);
#8753 = LINE('',#8754,#8755);
#8754 = CARTESIAN_POINT('',(-0.,-0.));
#8755 = VECTOR('',#8756,1.);
#8756 = DIRECTION('',(-0.,-1.));
#8757 = ( GEOMETRIC_REPRESENTATION_CONTEXT(2) 
PARAMETRIC_REPRESENTATION_CONTEXT() REPRESENTATION_CONTEXT('2D SPACE',''
  ) );
#8758 = ADVANCED_FACE('',(#8759),#7590,.T.);
#8759 = FACE_BOUND('',#8760,.F.);
#8760 = EDGE_LOOP('',(#8761,#8762,#8763,#8786,#8809,#8830,#8831,#8832));
#8761 = ORIENTED_EDGE('',*,*,#7574,.F.);
#8762 = ORIENTED_EDGE('',*,*,#8738,.T.);
#8763 = ORIENTED_EDGE('',*,*,#8764,.T.);
#8764 = EDGE_CURVE('',#8711,#8765,#8767,.T.);
#8765 = VERTEX_POINT('',#8766);
#8766 = CARTESIAN_POINT('',(5.,-32.16,100.));
#8767 = SURFACE_CURVE('',#8768,(#8772,#8779),.PCURVE_S1.);
#8768 = LINE('',#8769,#8770);
#8769 = CARTESIAN_POINT('',(5.,-32.16,103.));
#8770 = VECTOR('',#8771,1.);
#8771 = DIRECTION('',(-0.,-0.,-1.));
#8772 = PCURVE('',#7590,#8773);
#8773 = DEFINITIONAL_REPRESENTATION('',(#8774),#8778);
#8774 = LINE('',#8775,#8776);
#8775 = CARTESIAN_POINT('',(-0.,-16.34));
#8776 = VECTOR('',#8777,1.);
#8777 = DIRECTION('',(-1.,0.));
#8778 = ( GEOMETRIC_REPRESENTATION_CONTEXT(2) 
PARAMETRIC_REPRESENTATION_CONTEXT() REPRESENTATION_CONTEXT('2D SPACE',''
  ) );
#8779 = PCURVE('',#8726,#8780);
#8780 = DEFINITIONAL_REPRESENTATION('',(#8781),#8785);
#8781 = LINE('',#8782,#8783);
#8782 = CARTESIAN_POINT('',(0.,-0.));
#8783 = VECTOR('',#8784,1.);
#8784 = DIRECTION('',(-1.,0.));
#8785 = ( GEOMETRIC_REPRESENTATION_CONTEXT(2) 
PARAMETRIC_REPRESENTATION_CONTEXT() REPRESENTATION_CONTEXT('2D SPACE',''
  ) );
#8786 = ORIENTED_EDGE('',*,*,#8787,.F.);
#8787 = EDGE_CURVE('',#8788,#8765,#8790,.T.);
#8788 = VERTEX_POINT('',#8789);
#8789 = CARTESIAN_POINT('',(5.,-22.16,100.));
#8790 = SURFACE_CURVE('',#8791,(#8795,#8802),.PCURVE_S1.);
#8791 = LINE('',#8792,#8793);
#8792 = CARTESIAN_POINT('',(5.,-32.16,100.));
#8793 = VECTOR('',#8794,1.);
#8794 = DIRECTION('',(-0.,-1.,-0.));
#8795 = PCURVE('',#7590,#8796);
#8796 = DEFINITIONAL_REPRESENTATION('',(#8797),#8801);
#8797 = LINE('',#8798,#8799);
#8798 = CARTESIAN_POINT('',(-3.,-16.34));
#8799 = VECTOR('',#8800,1.);
#8800 = DIRECTION('',(-0.,1.));
#8801 = ( GEOMETRIC_REPRESENTATION_CONTEXT(2) 
PARAMETRIC_REPRESENTATION_CONTEXT() REPRESENTATION_CONTEXT('2D SPACE',''
  ) );
#8802 = PCURVE('',#8698,#8803);
#8803 = DEFINITIONAL_REPRESENTATION('',(#8804),#8808);
#8804 = LINE('',#8805,#8806);
#8805 = CARTESIAN_POINT('',(4.712388980385,0.));
#8806 = VECTOR('',#8807,1.);
#8807 = DIRECTION('',(0.,1.));
#8808 = ( GEOMETRIC_REPRESENTATION_CONTEXT(2) 
PARAMETRIC_REPRESENTATION_CONTEXT() REPRESENTATION_CONTEXT('2D SPACE',''
  ) );
#8809 = ORIENTED_EDGE('',*,*,#8810,.F.);
#8810 = EDGE_CURVE('',#8520,#8788,#8811,.T.);
#8811 = SURFACE_CURVE('',#8812,(#8816,#8823),.PCURVE_S1.);
#8812 = LINE('',#8813,#8814);
#8813 = CARTESIAN_POINT('',(5.,-22.16,103.));
#8814 = VECTOR('',#8815,1.);
#8815 = DIRECTION('',(-0.,-0.,-1.));
#8816 = PCURVE('',#7590,#8817);
#8817 = DEFINITIONAL_REPRESENTATION('',(#8818),#8822);
#8818 = LINE('',#8819,#8820);
#8819 = CARTESIAN_POINT('',(-0.,-26.34));
#8820 = VECTOR('',#8821,1.);
#8821 = DIRECTION('',(-1.,0.));
#8822 = ( GEOMETRIC_REPRESENTATION_CONTEXT(2) 
PARAMETRIC_REPRESENTATION_CONTEXT() REPRESENTATION_CONTEXT('2D SPACE',''
  ) );
#8823 = PCURVE('',#8558,#8824);
#8824 = DEFINITIONAL_REPRESENTATION('',(#8825),#8829);
#8825 = LINE('',#8826,#8827);
#8826 = CARTESIAN_POINT('',(0.,-0.));
#8827 = VECTOR('',#8828,1.);
#8828 = DIRECTION('',(-1.,0.));
#8829 = ( GEOMETRIC_REPRESENTATION_CONTEXT(2) 
PARAMETRIC_REPRESENTATION_CONTEXT() REPRESENTATION_CONTEXT('2D SPACE',''
  ) );
#8830 = ORIENTED_EDGE('',*,*,#8519,.T.);
#8831 = ORIENTED_EDGE('',*,*,#8070,.T.);
#8832 = ORIENTED_EDGE('',*,*,#8833,.F.);
#8833 = EDGE_CURVE('',#7547,#8048,#8834,.T.);
#8834 = SURFACE_CURVE('',#8835,(#8839,#8846),.PCURVE_S1.);
#8835 = LINE('',#8836,#8837);
#8836 = CARTESIAN_POINT('',(5.,-48.5,82.));
#8837 = VECTOR('',#8838,1.);
#8838 = DIRECTION('',(-0.,1.,-0.));
#8839 = PCURVE('',#7590,#8840);
#8840 = DEFINITIONAL_REPRESENTATION('',(#8841),#8845);
#8841 = LINE('',#8842,#8843);
#8842 = CARTESIAN_POINT('',(-21.,0.));
#8843 = VECTOR('',#8844,1.);
#8844 = DIRECTION('',(-0.,-1.));
#8845 = ( GEOMETRIC_REPRESENTATION_CONTEXT(2) 
PARAMETRIC_REPRESENTATION_CONTEXT() REPRESENTATION_CONTEXT('2D SPACE',''
  ) );
#8846 = PCURVE('',#7562,#8847);
#8847 = DEFINITIONAL_REPRESENTATION('',(#8848),#8852);
#8848 = LINE('',#8849,#8850);
#8849 = CARTESIAN_POINT('',(-0.,-0.));
#8850 = VECTOR('',#8851,1.);
#8851 = DIRECTION('',(-0.,-1.));
#8852 = ( GEOMETRIC_REPRESENTATION_CONTEXT(2) 
PARAMETRIC_REPRESENTATION_CONTEXT() REPRESENTATION_CONTEXT('2D SPACE',''
  ) );
#8853 = ADVANCED_FACE('',(#8854),#7562,.T.);
#8854 = FACE_BOUND('',#8855,.F.);
#8855 = EDGE_LOOP('',(#8856,#8857,#8858,#8859));
#8856 = ORIENTED_EDGE('',*,*,#7546,.F.);
#8857 = ORIENTED_EDGE('',*,*,#8833,.T.);
#8858 = ORIENTED_EDGE('',*,*,#8047,.T.);
#8859 = ORIENTED_EDGE('',*,*,#8860,.T.);
#8860 = EDGE_CURVE('',#8020,#7514,#8861,.T.);
#8861 = SURFACE_CURVE('',#8862,(#8866,#8873),.PCURVE_S1.);
#8862 = LINE('',#8863,#8864);
#8863 = CARTESIAN_POINT('',(12.2,48.5,82.));
#8864 = VECTOR('',#8865,1.);
#8865 = DIRECTION('',(-0.,-1.,-0.));
#8866 = PCURVE('',#7562,#8867);
#8867 = DEFINITIONAL_REPRESENTATION('',(#8868),#8872);
#8868 = LINE('',#8869,#8870);
#8869 = CARTESIAN_POINT('',(-7.2,-97.));
#8870 = VECTOR('',#8871,1.);
#8871 = DIRECTION('',(-0.,1.));
#8872 = ( GEOMETRIC_REPRESENTATION_CONTEXT(2) 
PARAMETRIC_REPRESENTATION_CONTEXT() REPRESENTATION_CONTEXT('2D SPACE',''
  ) );
#8873 = PCURVE('',#7534,#8874);
#8874 = DEFINITIONAL_REPRESENTATION('',(#8875),#8879);
#8875 = LINE('',#8876,#8877);
#8876 = CARTESIAN_POINT('',(1.570796326795,0.));
#8877 = VECTOR('',#8878,1.);
#8878 = DIRECTION('',(0.,1.));
#8879 = ( GEOMETRIC_REPRESENTATION_CONTEXT(2) 
PARAMETRIC_REPRESENTATION_CONTEXT() REPRESENTATION_CONTEXT('2D SPACE',''
  ) );
#8880 = ADVANCED_FACE('',(#8881),#7501,.F.);
#8881 = FACE_BOUND('',#8882,.T.);
#8882 = EDGE_LOOP('',(#8883,#8884,#8885,#8886));
#8883 = ORIENTED_EDGE('',*,*,#7485,.F.);
#8884 = ORIENTED_EDGE('',*,*,#7718,.T.);
#8885 = ORIENTED_EDGE('',*,*,#7996,.T.);
#8886 = ORIENTED_EDGE('',*,*,#8887,.T.);
#8887 = EDGE_CURVE('',#7997,#7486,#8888,.T.);
#8888 = SURFACE_CURVE('',#8889,(#8893,#8900),.PCURVE_S1.);
#8889 = LINE('',#8890,#8891);
#8890 = CARTESIAN_POINT('',(14.,48.5,80.2));
#8891 = VECTOR('',#8892,1.);
#8892 = DIRECTION('',(-0.,-1.,-0.));
#8893 = PCURVE('',#7501,#8894);
#8894 = DEFINITIONAL_REPRESENTATION('',(#8895),#8899);
#8895 = LINE('',#8896,#8897);
#8896 = CARTESIAN_POINT('',(-3.2,-97.));
#8897 = VECTOR('',#8898,1.);
#8898 = DIRECTION('',(-0.,1.));
#8899 = ( GEOMETRIC_REPRESENTATION_CONTEXT(2) 
PARAMETRIC_REPRESENTATION_CONTEXT() REPRESENTATION_CONTEXT('2D SPACE',''
  ) );
#8900 = PCURVE('',#7534,#8901);
#8901 = DEFINITIONAL_REPRESENTATION('',(#8902),#8906);
#8902 = LINE('',#8903,#8904);
#8903 = CARTESIAN_POINT('',(0.,0.));
#8904 = VECTOR('',#8905,1.);
#8905 = DIRECTION('',(0.,1.));
#8906 = ( GEOMETRIC_REPRESENTATION_CONTEXT(2) 
PARAMETRIC_REPRESENTATION_CONTEXT() REPRESENTATION_CONTEXT('2D SPACE',''
  ) );
#8907 = ADVANCED_FACE('',(#8908),#7534,.T.);
#8908 = FACE_BOUND('',#8909,.T.);
#8909 = EDGE_LOOP('',(#8910,#8911,#8912,#8913));
#8910 = ORIENTED_EDGE('',*,*,#8019,.T.);
#8911 = ORIENTED_EDGE('',*,*,#8860,.T.);
#8912 = ORIENTED_EDGE('',*,*,#7513,.F.);
#8913 = ORIENTED_EDGE('',*,*,#8887,.F.);
#8914 = ADVANCED_FACE('',(#8915),#7811,.F.);
#8915 = FACE_BOUND('',#8916,.T.);
#8916 = EDGE_LOOP('',(#8917,#8940,#8968,#8989));
#8917 = ORIENTED_EDGE('',*,*,#8918,.F.);
#8918 = EDGE_CURVE('',#8919,#7773,#8921,.T.);
#8919 = VERTEX_POINT('',#8920);
#8920 = CARTESIAN_POINT('',(0.,-36.35,74.5));
#8921 = SURFACE_CURVE('',#8922,(#8926,#8933),.PCURVE_S1.);
#8922 = LINE('',#8923,#8924);
#8923 = CARTESIAN_POINT('',(0.,-36.35,74.5));
#8924 = VECTOR('',#8925,1.);
#8925 = DIRECTION('',(-0.,-0.,1.));
#8926 = PCURVE('',#7811,#8927);
#8927 = DEFINITIONAL_REPRESENTATION('',(#8928),#8932);
#8928 = LINE('',#8929,#8930);
#8929 = CARTESIAN_POINT('',(-0.,-0.));
#8930 = VECTOR('',#8931,1.);
#8931 = DIRECTION('',(-1.,-0.));
#8932 = ( GEOMETRIC_REPRESENTATION_CONTEXT(2) 
PARAMETRIC_REPRESENTATION_CONTEXT() REPRESENTATION_CONTEXT('2D SPACE',''
  ) );
#8933 = PCURVE('',#8473,#8934);
#8934 = DEFINITIONAL_REPRESENTATION('',(#8935),#8939);
#8935 = LINE('',#8936,#8937);
#8936 = CARTESIAN_POINT('',(-5.,7.5));
#8937 = VECTOR('',#8938,1.);
#8938 = DIRECTION('',(1.,-0.));
#8939 = ( GEOMETRIC_REPRESENTATION_CONTEXT(2) 
PARAMETRIC_REPRESENTATION_CONTEXT() REPRESENTATION_CONTEXT('2D SPACE',''
  ) );
#8940 = ORIENTED_EDGE('',*,*,#8941,.T.);
#8941 = EDGE_CURVE('',#8919,#8942,#8944,.T.);
#8942 = VERTEX_POINT('',#8943);
#8943 = CARTESIAN_POINT('',(0.,-23.65,74.5));
#8944 = SURFACE_CURVE('',#8945,(#8949,#8956),.PCURVE_S1.);
#8945 = LINE('',#8946,#8947);
#8946 = CARTESIAN_POINT('',(0.,-36.35,74.5));
#8947 = VECTOR('',#8948,1.);
#8948 = DIRECTION('',(-0.,1.,-0.));
#8949 = PCURVE('',#7811,#8950);
#8950 = DEFINITIONAL_REPRESENTATION('',(#8951),#8955);
#8951 = LINE('',#8952,#8953);
#8952 = CARTESIAN_POINT('',(-0.,-0.));
#8953 = VECTOR('',#8954,1.);
#8954 = DIRECTION('',(-0.,-1.));
#8955 = ( GEOMETRIC_REPRESENTATION_CONTEXT(2) 
PARAMETRIC_REPRESENTATION_CONTEXT() REPRESENTATION_CONTEXT('2D SPACE',''
  ) );
#8956 = PCURVE('',#8957,#8962);
#8957 = PLANE('',#8958);
#8958 = AXIS2_PLACEMENT_3D('',#8959,#8960,#8961);
#8959 = CARTESIAN_POINT('',(-15.,-36.35,74.5));
#8960 = DIRECTION('',(-0.,-0.,1.));
#8961 = DIRECTION('',(-1.,0.,0.));
#8962 = DEFINITIONAL_REPRESENTATION('',(#8963),#8967);
#8963 = LINE('',#8964,#8965);
#8964 = CARTESIAN_POINT('',(-15.,-0.));
#8965 = VECTOR('',#8966,1.);
#8966 = DIRECTION('',(-0.,-1.));
#8967 = ( GEOMETRIC_REPRESENTATION_CONTEXT(2) 
PARAMETRIC_REPRESENTATION_CONTEXT() REPRESENTATION_CONTEXT('2D SPACE',''
  ) );
#8968 = ORIENTED_EDGE('',*,*,#8969,.T.);
#8969 = EDGE_CURVE('',#8942,#7796,#8970,.T.);
#8970 = SURFACE_CURVE('',#8971,(#8975,#8982),.PCURVE_S1.);
#8971 = LINE('',#8972,#8973);
#8972 = CARTESIAN_POINT('',(0.,-23.65,74.5));
#8973 = VECTOR('',#8974,1.);
#8974 = DIRECTION('',(-0.,-0.,1.));
#8975 = PCURVE('',#7811,#8976);
#8976 = DEFINITIONAL_REPRESENTATION('',(#8977),#8981);
#8977 = LINE('',#8978,#8979);
#8978 = CARTESIAN_POINT('',(-0.,-12.7));
#8979 = VECTOR('',#8980,1.);
#8980 = DIRECTION('',(-1.,-0.));
#8981 = ( GEOMETRIC_REPRESENTATION_CONTEXT(2) 
PARAMETRIC_REPRESENTATION_CONTEXT() REPRESENTATION_CONTEXT('2D SPACE',''
  ) );
#8982 = PCURVE('',#8419,#8983);
#8983 = DEFINITIONAL_REPRESENTATION('',(#8984),#8988);
#8984 = LINE('',#8985,#8986);
#8985 = CARTESIAN_POINT('',(-5.,7.5));
#8986 = VECTOR('',#8987,1.);
#8987 = DIRECTION('',(1.,-0.));
#8988 = ( GEOMETRIC_REPRESENTATION_CONTEXT(2) 
PARAMETRIC_REPRESENTATION_CONTEXT() REPRESENTATION_CONTEXT('2D SPACE',''
  ) );
#8989 = ORIENTED_EDGE('',*,*,#7795,.F.);
#8990 = ADVANCED_FACE('',(#8991),#7862,.F.);
#8991 = FACE_BOUND('',#8992,.T.);
#8992 = EDGE_LOOP('',(#8993,#9016,#9044,#9065));
#8993 = ORIENTED_EDGE('',*,*,#8994,.F.);
#8994 = EDGE_CURVE('',#8995,#7824,#8997,.T.);
#8995 = VERTEX_POINT('',#8996);
#8996 = CARTESIAN_POINT('',(0.,23.65,74.5));
#8997 = SURFACE_CURVE('',#8998,(#9002,#9009),.PCURVE_S1.);
#8998 = LINE('',#8999,#9000);
#8999 = CARTESIAN_POINT('',(0.,23.65,74.5));
#9000 = VECTOR('',#9001,1.);
#9001 = DIRECTION('',(-0.,-0.,1.));
#9002 = PCURVE('',#7862,#9003);
#9003 = DEFINITIONAL_REPRESENTATION('',(#9004),#9008);
#9004 = LINE('',#9005,#9006);
#9005 = CARTESIAN_POINT('',(-0.,-0.));
#9006 = VECTOR('',#9007,1.);
#9007 = DIRECTION('',(-1.,-0.));
#9008 = ( GEOMETRIC_REPRESENTATION_CONTEXT(2) 
PARAMETRIC_REPRESENTATION_CONTEXT() REPRESENTATION_CONTEXT('2D SPACE',''
  ) );
#9009 = PCURVE('',#8390,#9010);
#9010 = DEFINITIONAL_REPRESENTATION('',(#9011),#9015);
#9011 = LINE('',#9012,#9013);
#9012 = CARTESIAN_POINT('',(-5.,7.5));
#9013 = VECTOR('',#9014,1.);
#9014 = DIRECTION('',(1.,-0.));
#9015 = ( GEOMETRIC_REPRESENTATION_CONTEXT(2) 
PARAMETRIC_REPRESENTATION_CONTEXT() REPRESENTATION_CONTEXT('2D SPACE',''
  ) );
#9016 = ORIENTED_EDGE('',*,*,#9017,.T.);
#9017 = EDGE_CURVE('',#8995,#9018,#9020,.T.);
#9018 = VERTEX_POINT('',#9019);
#9019 = CARTESIAN_POINT('',(0.,36.35,74.5));
#9020 = SURFACE_CURVE('',#9021,(#9025,#9032),.PCURVE_S1.);
#9021 = LINE('',#9022,#9023);
#9022 = CARTESIAN_POINT('',(0.,23.65,74.5));
#9023 = VECTOR('',#9024,1.);
#9024 = DIRECTION('',(-0.,1.,-0.));
#9025 = PCURVE('',#7862,#9026);
#9026 = DEFINITIONAL_REPRESENTATION('',(#9027),#9031);
#9027 = LINE('',#9028,#9029);
#9028 = CARTESIAN_POINT('',(-0.,-0.));
#9029 = VECTOR('',#9030,1.);
#9030 = DIRECTION('',(-0.,-1.));
#9031 = ( GEOMETRIC_REPRESENTATION_CONTEXT(2) 
PARAMETRIC_REPRESENTATION_CONTEXT() REPRESENTATION_CONTEXT('2D SPACE',''
  ) );
#9032 = PCURVE('',#9033,#9038);
#9033 = PLANE('',#9034);
#9034 = AXIS2_PLACEMENT_3D('',#9035,#9036,#9037);
#9035 = CARTESIAN_POINT('',(-15.,23.65,74.5));
#9036 = DIRECTION('',(-0.,-0.,1.));
#9037 = DIRECTION('',(-1.,0.,0.));
#9038 = DEFINITIONAL_REPRESENTATION('',(#9039),#9043);
#9039 = LINE('',#9040,#9041);
#9040 = CARTESIAN_POINT('',(-15.,-0.));
#9041 = VECTOR('',#9042,1.);
#9042 = DIRECTION('',(-0.,-1.));
#9043 = ( GEOMETRIC_REPRESENTATION_CONTEXT(2) 
PARAMETRIC_REPRESENTATION_CONTEXT() REPRESENTATION_CONTEXT('2D SPACE',''
  ) );
#9044 = ORIENTED_EDGE('',*,*,#9045,.T.);
#9045 = EDGE_CURVE('',#9018,#7847,#9046,.T.);
#9046 = SURFACE_CURVE('',#9047,(#9051,#9058),.PCURVE_S1.);
#9047 = LINE('',#9048,#9049);
#9048 = CARTESIAN_POINT('',(0.,36.35,74.5));
#9049 = VECTOR('',#9050,1.);
#9050 = DIRECTION('',(-0.,-0.,1.));
#9051 = PCURVE('',#7862,#9052);
#9052 = DEFINITIONAL_REPRESENTATION('',(#9053),#9057);
#9053 = LINE('',#9054,#9055);
#9054 = CARTESIAN_POINT('',(-0.,-12.7));
#9055 = VECTOR('',#9056,1.);
#9056 = DIRECTION('',(-1.,-0.));
#9057 = ( GEOMETRIC_REPRESENTATION_CONTEXT(2) 
PARAMETRIC_REPRESENTATION_CONTEXT() REPRESENTATION_CONTEXT('2D SPACE',''
  ) );
#9058 = PCURVE('',#8336,#9059);
#9059 = DEFINITIONAL_REPRESENTATION('',(#9060),#9064);
#9060 = LINE('',#9061,#9062);
#9061 = CARTESIAN_POINT('',(-5.,7.5));
#9062 = VECTOR('',#9063,1.);
#9063 = DIRECTION('',(1.,-0.));
#9064 = ( GEOMETRIC_REPRESENTATION_CONTEXT(2) 
PARAMETRIC_REPRESENTATION_CONTEXT() REPRESENTATION_CONTEXT('2D SPACE',''
  ) );
#9065 = ORIENTED_EDGE('',*,*,#7846,.F.);
#9066 = ADVANCED_FACE('',(#9067),#8473,.F.);
#9067 = FACE_BOUND('',#9068,.T.);
#9068 = EDGE_LOOP('',(#9069,#9099,#9120,#9121,#9122,#9145,#9173));
#9069 = ORIENTED_EDGE('',*,*,#9070,.T.);
#9070 = EDGE_CURVE('',#9071,#9073,#9075,.T.);
#9071 = VERTEX_POINT('',#9072);
#9072 = CARTESIAN_POINT('',(-15.,-36.35,77.8));
#9073 = VERTEX_POINT('',#9074);
#9074 = CARTESIAN_POINT('',(-15.,-36.35,74.5));
#9075 = SURFACE_CURVE('',#9076,(#9080,#9087),.PCURVE_S1.);
#9076 = LINE('',#9077,#9078);
#9077 = CARTESIAN_POINT('',(-15.,-36.35,84.5));
#9078 = VECTOR('',#9079,1.);
#9079 = DIRECTION('',(-0.,-0.,-1.));
#9080 = PCURVE('',#8473,#9081);
#9081 = DEFINITIONAL_REPRESENTATION('',(#9082),#9086);
#9082 = LINE('',#9083,#9084);
#9083 = CARTESIAN_POINT('',(5.,-7.5));
#9084 = VECTOR('',#9085,1.);
#9085 = DIRECTION('',(-1.,0.));
#9086 = ( GEOMETRIC_REPRESENTATION_CONTEXT(2) 
PARAMETRIC_REPRESENTATION_CONTEXT() REPRESENTATION_CONTEXT('2D SPACE',''
  ) );
#9087 = PCURVE('',#9088,#9093);
#9088 = PLANE('',#9089);
#9089 = AXIS2_PLACEMENT_3D('',#9090,#9091,#9092);
#9090 = CARTESIAN_POINT('',(-15.,-36.35,84.5));
#9091 = DIRECTION('',(1.,-0.,-0.));
#9092 = DIRECTION('',(0.,0.,1.));
#9093 = DEFINITIONAL_REPRESENTATION('',(#9094),#9098);
#9094 = LINE('',#9095,#9096);
#9095 = CARTESIAN_POINT('',(-0.,-0.));
#9096 = VECTOR('',#9097,1.);
#9097 = DIRECTION('',(-1.,0.));
#9098 = ( GEOMETRIC_REPRESENTATION_CONTEXT(2) 
PARAMETRIC_REPRESENTATION_CONTEXT() REPRESENTATION_CONTEXT('2D SPACE',''
  ) );
#9099 = ORIENTED_EDGE('',*,*,#9100,.T.);
#9100 = EDGE_CURVE('',#9073,#8919,#9101,.T.);
#9101 = SURFACE_CURVE('',#9102,(#9106,#9113),.PCURVE_S1.);
#9102 = LINE('',#9103,#9104);
#9103 = CARTESIAN_POINT('',(-15.,-36.35,74.5));
#9104 = VECTOR('',#9105,1.);
#9105 = DIRECTION('',(1.,-0.,-0.));
#9106 = PCURVE('',#8473,#9107);
#9107 = DEFINITIONAL_REPRESENTATION('',(#9108),#9112);
#9108 = LINE('',#9109,#9110);
#9109 = CARTESIAN_POINT('',(-5.,-7.5));
#9110 = VECTOR('',#9111,1.);
#9111 = DIRECTION('',(-0.,1.));
#9112 = ( GEOMETRIC_REPRESENTATION_CONTEXT(2) 
PARAMETRIC_REPRESENTATION_CONTEXT() REPRESENTATION_CONTEXT('2D SPACE',''
  ) );
#9113 = PCURVE('',#8957,#9114);
#9114 = DEFINITIONAL_REPRESENTATION('',(#9115),#9119);
#9115 = LINE('',#9116,#9117);
#9116 = CARTESIAN_POINT('',(-0.,-0.));
#9117 = VECTOR('',#9118,1.);
#9118 = DIRECTION('',(-1.,0.));
#9119 = ( GEOMETRIC_REPRESENTATION_CONTEXT(2) 
PARAMETRIC_REPRESENTATION_CONTEXT() REPRESENTATION_CONTEXT('2D SPACE',''
  ) );
#9120 = ORIENTED_EDGE('',*,*,#8918,.T.);
#9121 = ORIENTED_EDGE('',*,*,#8459,.T.);
#9122 = ORIENTED_EDGE('',*,*,#9123,.T.);
#9123 = EDGE_CURVE('',#8432,#9124,#9126,.T.);
#9124 = VERTEX_POINT('',#9125);
#9125 = CARTESIAN_POINT('',(-15.,-36.35,84.5));
#9126 = SURFACE_CURVE('',#9127,(#9131,#9138),.PCURVE_S1.);
#9127 = LINE('',#9128,#9129);
#9128 = CARTESIAN_POINT('',(0.,-36.35,84.5));
#9129 = VECTOR('',#9130,1.);
#9130 = DIRECTION('',(-1.,-0.,-0.));
#9131 = PCURVE('',#8473,#9132);
#9132 = DEFINITIONAL_REPRESENTATION('',(#9133),#9137);
#9133 = LINE('',#9134,#9135);
#9134 = CARTESIAN_POINT('',(5.,7.5));
#9135 = VECTOR('',#9136,1.);
#9136 = DIRECTION('',(-0.,-1.));
#9137 = ( GEOMETRIC_REPRESENTATION_CONTEXT(2) 
PARAMETRIC_REPRESENTATION_CONTEXT() REPRESENTATION_CONTEXT('2D SPACE',''
  ) );
#9138 = PCURVE('',#8447,#9139);
#9139 = DEFINITIONAL_REPRESENTATION('',(#9140),#9144);
#9140 = LINE('',#9141,#9142);
#9141 = CARTESIAN_POINT('',(-0.,-0.));
#9142 = VECTOR('',#9143,1.);
#9143 = DIRECTION('',(-1.,0.));
#9144 = ( GEOMETRIC_REPRESENTATION_CONTEXT(2) 
PARAMETRIC_REPRESENTATION_CONTEXT() REPRESENTATION_CONTEXT('2D SPACE',''
  ) );
#9145 = ORIENTED_EDGE('',*,*,#9146,.T.);
#9146 = EDGE_CURVE('',#9124,#9147,#9149,.T.);
#9147 = VERTEX_POINT('',#9148);
#9148 = CARTESIAN_POINT('',(-15.,-36.35,81.2));
#9149 = SURFACE_CURVE('',#9150,(#9154,#9161),.PCURVE_S1.);
#9150 = LINE('',#9151,#9152);
#9151 = CARTESIAN_POINT('',(-15.,-36.35,84.5));
#9152 = VECTOR('',#9153,1.);
#9153 = DIRECTION('',(-0.,-0.,-1.));
#9154 = PCURVE('',#8473,#9155);
#9155 = DEFINITIONAL_REPRESENTATION('',(#9156),#9160);
#9156 = LINE('',#9157,#9158);
#9157 = CARTESIAN_POINT('',(5.,-7.5));
#9158 = VECTOR('',#9159,1.);
#9159 = DIRECTION('',(-1.,0.));
#9160 = ( GEOMETRIC_REPRESENTATION_CONTEXT(2) 
PARAMETRIC_REPRESENTATION_CONTEXT() REPRESENTATION_CONTEXT('2D SPACE',''
  ) );
#9161 = PCURVE('',#9162,#9167);
#9162 = PLANE('',#9163);
#9163 = AXIS2_PLACEMENT_3D('',#9164,#9165,#9166);
#9164 = CARTESIAN_POINT('',(-15.,-36.35,84.5));
#9165 = DIRECTION('',(1.,-0.,-0.));
#9166 = DIRECTION('',(0.,0.,1.));
#9167 = DEFINITIONAL_REPRESENTATION('',(#9168),#9172);
#9168 = LINE('',#9169,#9170);
#9169 = CARTESIAN_POINT('',(-0.,-0.));
#9170 = VECTOR('',#9171,1.);
#9171 = DIRECTION('',(-1.,0.));
#9172 = ( GEOMETRIC_REPRESENTATION_CONTEXT(2) 
PARAMETRIC_REPRESENTATION_CONTEXT() REPRESENTATION_CONTEXT('2D SPACE',''
  ) );
#9173 = ORIENTED_EDGE('',*,*,#9174,.T.);
#9174 = EDGE_CURVE('',#9147,#9071,#9175,.T.);
#9175 = SURFACE_CURVE('',#9176,(#9181,#9188),.PCURVE_S1.);
#9176 = CIRCLE('',#9177,1.7);
#9177 = AXIS2_PLACEMENT_3D('',#9178,#9179,#9180);
#9178 = CARTESIAN_POINT('',(-15.,-36.35,79.5));
#9179 = DIRECTION('',(0.,1.,0.));
#9180 = DIRECTION('',(-0.,-0.,1.));
#9181 = PCURVE('',#8473,#9182);
#9182 = DEFINITIONAL_REPRESENTATION('',(#9183),#9187);
#9183 = CIRCLE('',#9184,1.7);
#9184 = AXIS2_PLACEMENT_2D('',#9185,#9186);
#9185 = CARTESIAN_POINT('',(0.,-7.5));
#9186 = DIRECTION('',(1.,-0.));
#9187 = ( GEOMETRIC_REPRESENTATION_CONTEXT(2) 
PARAMETRIC_REPRESENTATION_CONTEXT() REPRESENTATION_CONTEXT('2D SPACE',''
  ) );
#9188 = PCURVE('',#9189,#9194);
#9189 = CYLINDRICAL_SURFACE('',#9190,1.7);
#9190 = AXIS2_PLACEMENT_3D('',#9191,#9192,#9193);
#9191 = CARTESIAN_POINT('',(-15.,-23.5,79.5));
#9192 = DIRECTION('',(-0.,-1.,-0.));
#9193 = DIRECTION('',(-0.,-0.,1.));
#9194 = DEFINITIONAL_REPRESENTATION('',(#9195),#9199);
#9195 = LINE('',#9196,#9197);
#9196 = CARTESIAN_POINT('',(-0.,12.85));
#9197 = VECTOR('',#9198,1.);
#9198 = DIRECTION('',(-1.,0.));
#9199 = ( GEOMETRIC_REPRESENTATION_CONTEXT(2) 
PARAMETRIC_REPRESENTATION_CONTEXT() REPRESENTATION_CONTEXT('2D SPACE',''
  ) );
#9200 = ADVANCED_FACE('',(#9201),#8447,.F.);
#9201 = FACE_BOUND('',#9202,.T.);
#9202 = EDGE_LOOP('',(#9203,#9204,#9205,#9228,#9256,#9284,#9312,#9340));
#9203 = ORIENTED_EDGE('',*,*,#9123,.F.);
#9204 = ORIENTED_EDGE('',*,*,#8431,.T.);
#9205 = ORIENTED_EDGE('',*,*,#9206,.T.);
#9206 = EDGE_CURVE('',#8404,#9207,#9209,.T.);
#9207 = VERTEX_POINT('',#9208);
#9208 = CARTESIAN_POINT('',(-15.,-23.65,84.5));
#9209 = SURFACE_CURVE('',#9210,(#9214,#9221),.PCURVE_S1.);
#9210 = LINE('',#9211,#9212);
#9211 = CARTESIAN_POINT('',(0.,-23.65,84.5));
#9212 = VECTOR('',#9213,1.);
#9213 = DIRECTION('',(-1.,-0.,-0.));
#9214 = PCURVE('',#8447,#9215);
#9215 = DEFINITIONAL_REPRESENTATION('',(#9216),#9220);
#9216 = LINE('',#9217,#9218);
#9217 = CARTESIAN_POINT('',(-0.,-12.7));
#9218 = VECTOR('',#9219,1.);
#9219 = DIRECTION('',(-1.,0.));
#9220 = ( GEOMETRIC_REPRESENTATION_CONTEXT(2) 
PARAMETRIC_REPRESENTATION_CONTEXT() REPRESENTATION_CONTEXT('2D SPACE',''
  ) );
#9221 = PCURVE('',#8419,#9222);
#9222 = DEFINITIONAL_REPRESENTATION('',(#9223),#9227);
#9223 = LINE('',#9224,#9225);
#9224 = CARTESIAN_POINT('',(5.,7.5));
#9225 = VECTOR('',#9226,1.);
#9226 = DIRECTION('',(-0.,-1.));
#9227 = ( GEOMETRIC_REPRESENTATION_CONTEXT(2) 
PARAMETRIC_REPRESENTATION_CONTEXT() REPRESENTATION_CONTEXT('2D SPACE',''
  ) );
#9228 = ORIENTED_EDGE('',*,*,#9229,.F.);
#9229 = EDGE_CURVE('',#9230,#9207,#9232,.T.);
#9230 = VERTEX_POINT('',#9231);
#9231 = CARTESIAN_POINT('',(-15.,-24.,84.5));
#9232 = SURFACE_CURVE('',#9233,(#9237,#9244),.PCURVE_S1.);
#9233 = LINE('',#9234,#9235);
#9234 = CARTESIAN_POINT('',(-15.,-36.35,84.5));
#9235 = VECTOR('',#9236,1.);
#9236 = DIRECTION('',(-0.,1.,-0.));
#9237 = PCURVE('',#8447,#9238);
#9238 = DEFINITIONAL_REPRESENTATION('',(#9239),#9243);
#9239 = LINE('',#9240,#9241);
#9240 = CARTESIAN_POINT('',(-15.,0.));
#9241 = VECTOR('',#9242,1.);
#9242 = DIRECTION('',(-0.,-1.));
#9243 = ( GEOMETRIC_REPRESENTATION_CONTEXT(2) 
PARAMETRIC_REPRESENTATION_CONTEXT() REPRESENTATION_CONTEXT('2D SPACE',''
  ) );
#9244 = PCURVE('',#9245,#9250);
#9245 = PLANE('',#9246);
#9246 = AXIS2_PLACEMENT_3D('',#9247,#9248,#9249);
#9247 = CARTESIAN_POINT('',(-15.,-36.35,84.5));
#9248 = DIRECTION('',(1.,-0.,-0.));
#9249 = DIRECTION('',(0.,0.,1.));
#9250 = DEFINITIONAL_REPRESENTATION('',(#9251),#9255);
#9251 = LINE('',#9252,#9253);
#9252 = CARTESIAN_POINT('',(-0.,-0.));
#9253 = VECTOR('',#9254,1.);
#9254 = DIRECTION('',(-0.,-1.));
#9255 = ( GEOMETRIC_REPRESENTATION_CONTEXT(2) 
PARAMETRIC_REPRESENTATION_CONTEXT() REPRESENTATION_CONTEXT('2D SPACE',''
  ) );
#9256 = ORIENTED_EDGE('',*,*,#9257,.T.);
#9257 = EDGE_CURVE('',#9230,#9258,#9260,.T.);
#9258 = VERTEX_POINT('',#9259);
#9259 = CARTESIAN_POINT('',(-11.00500312891,-24.,84.5));
#9260 = SURFACE_CURVE('',#9261,(#9265,#9272),.PCURVE_S1.);
#9261 = LINE('',#9262,#9263);
#9262 = CARTESIAN_POINT('',(-7.5,-24.,84.5));
#9263 = VECTOR('',#9264,1.);
#9264 = DIRECTION('',(1.,-0.,-0.));
#9265 = PCURVE('',#8447,#9266);
#9266 = DEFINITIONAL_REPRESENTATION('',(#9267),#9271);
#9267 = LINE('',#9268,#9269);
#9268 = CARTESIAN_POINT('',(-7.5,-12.35));
#9269 = VECTOR('',#9270,1.);
#9270 = DIRECTION('',(1.,-0.));
#9271 = ( GEOMETRIC_REPRESENTATION_CONTEXT(2) 
PARAMETRIC_REPRESENTATION_CONTEXT() REPRESENTATION_CONTEXT('2D SPACE',''
  ) );
#9272 = PCURVE('',#9273,#9278);
#9273 = PLANE('',#9274);
#9274 = AXIS2_PLACEMENT_3D('',#9275,#9276,#9277);
#9275 = CARTESIAN_POINT('',(-15.,-24.,79.5));
#9276 = DIRECTION('',(-0.,-1.,-0.));
#9277 = DIRECTION('',(0.,0.,-1.));
#9278 = DEFINITIONAL_REPRESENTATION('',(#9279),#9283);
#9279 = LINE('',#9280,#9281);
#9280 = CARTESIAN_POINT('',(-5.,7.5));
#9281 = VECTOR('',#9282,1.);
#9282 = DIRECTION('',(-0.,1.));
#9283 = ( GEOMETRIC_REPRESENTATION_CONTEXT(2) 
PARAMETRIC_REPRESENTATION_CONTEXT() REPRESENTATION_CONTEXT('2D SPACE',''
  ) );
#9284 = ORIENTED_EDGE('',*,*,#9285,.T.);
#9285 = EDGE_CURVE('',#9258,#9286,#9288,.T.);
#9286 = VERTEX_POINT('',#9287);
#9287 = CARTESIAN_POINT('',(-11.00500312891,-36.,84.5));
#9288 = SURFACE_CURVE('',#9289,(#9293,#9300),.PCURVE_S1.);
#9289 = LINE('',#9290,#9291);
#9290 = CARTESIAN_POINT('',(-11.00500312891,-24.,84.5));
#9291 = VECTOR('',#9292,1.);
#9292 = DIRECTION('',(-0.,-1.,-0.));
#9293 = PCURVE('',#8447,#9294);
#9294 = DEFINITIONAL_REPRESENTATION('',(#9295),#9299);
#9295 = LINE('',#9296,#9297);
#9296 = CARTESIAN_POINT('',(-11.00500312891,-12.35));
#9297 = VECTOR('',#9298,1.);
#9298 = DIRECTION('',(-0.,1.));
#9299 = ( GEOMETRIC_REPRESENTATION_CONTEXT(2) 
PARAMETRIC_REPRESENTATION_CONTEXT() REPRESENTATION_CONTEXT('2D SPACE',''
  ) );
#9300 = PCURVE('',#9301,#9306);
#9301 = CYLINDRICAL_SURFACE('',#9302,6.4);
#9302 = AXIS2_PLACEMENT_3D('',#9303,#9304,#9305);
#9303 = CARTESIAN_POINT('',(-15.,-24.,79.5));
#9304 = DIRECTION('',(-0.,-1.,-0.));
#9305 = DIRECTION('',(-0.,-0.,1.));
#9306 = DEFINITIONAL_REPRESENTATION('',(#9307),#9311);
#9307 = LINE('',#9308,#9309);
#9308 = CARTESIAN_POINT('',(-6.957315813847,0.));
#9309 = VECTOR('',#9310,1.);
#9310 = DIRECTION('',(-0.,1.));
#9311 = ( GEOMETRIC_REPRESENTATION_CONTEXT(2) 
PARAMETRIC_REPRESENTATION_CONTEXT() REPRESENTATION_CONTEXT('2D SPACE',''
  ) );
#9312 = ORIENTED_EDGE('',*,*,#9313,.F.);
#9313 = EDGE_CURVE('',#9314,#9286,#9316,.T.);
#9314 = VERTEX_POINT('',#9315);
#9315 = CARTESIAN_POINT('',(-15.,-36.,84.5));
#9316 = SURFACE_CURVE('',#9317,(#9321,#9328),.PCURVE_S1.);
#9317 = LINE('',#9318,#9319);
#9318 = CARTESIAN_POINT('',(-7.5,-36.,84.5));
#9319 = VECTOR('',#9320,1.);
#9320 = DIRECTION('',(1.,-0.,-0.));
#9321 = PCURVE('',#8447,#9322);
#9322 = DEFINITIONAL_REPRESENTATION('',(#9323),#9327);
#9323 = LINE('',#9324,#9325);
#9324 = CARTESIAN_POINT('',(-7.5,-0.35));
#9325 = VECTOR('',#9326,1.);
#9326 = DIRECTION('',(1.,-0.));
#9327 = ( GEOMETRIC_REPRESENTATION_CONTEXT(2) 
PARAMETRIC_REPRESENTATION_CONTEXT() REPRESENTATION_CONTEXT('2D SPACE',''
  ) );
#9328 = PCURVE('',#9329,#9334);
#9329 = PLANE('',#9330);
#9330 = AXIS2_PLACEMENT_3D('',#9331,#9332,#9333);
#9331 = CARTESIAN_POINT('',(-15.,-36.,79.5));
#9332 = DIRECTION('',(-0.,-1.,-0.));
#9333 = DIRECTION('',(0.,0.,-1.));
#9334 = DEFINITIONAL_REPRESENTATION('',(#9335),#9339);
#9335 = LINE('',#9336,#9337);
#9336 = CARTESIAN_POINT('',(-5.,7.5));
#9337 = VECTOR('',#9338,1.);
#9338 = DIRECTION('',(-0.,1.));
#9339 = ( GEOMETRIC_REPRESENTATION_CONTEXT(2) 
PARAMETRIC_REPRESENTATION_CONTEXT() REPRESENTATION_CONTEXT('2D SPACE',''
  ) );
#9340 = ORIENTED_EDGE('',*,*,#9341,.F.);
#9341 = EDGE_CURVE('',#9124,#9314,#9342,.T.);
#9342 = SURFACE_CURVE('',#9343,(#9347,#9354),.PCURVE_S1.);
#9343 = LINE('',#9344,#9345);
#9344 = CARTESIAN_POINT('',(-15.,-36.35,84.5));
#9345 = VECTOR('',#9346,1.);
#9346 = DIRECTION('',(-0.,1.,-0.));
#9347 = PCURVE('',#8447,#9348);
#9348 = DEFINITIONAL_REPRESENTATION('',(#9349),#9353);
#9349 = LINE('',#9350,#9351);
#9350 = CARTESIAN_POINT('',(-15.,0.));
#9351 = VECTOR('',#9352,1.);
#9352 = DIRECTION('',(-0.,-1.));
#9353 = ( GEOMETRIC_REPRESENTATION_CONTEXT(2) 
PARAMETRIC_REPRESENTATION_CONTEXT() REPRESENTATION_CONTEXT('2D SPACE',''
  ) );
#9354 = PCURVE('',#9162,#9355);
#9355 = DEFINITIONAL_REPRESENTATION('',(#9356),#9360);
#9356 = LINE('',#9357,#9358);
#9357 = CARTESIAN_POINT('',(-0.,-0.));
#9358 = VECTOR('',#9359,1.);
#9359 = DIRECTION('',(-0.,-1.));
#9360 = ( GEOMETRIC_REPRESENTATION_CONTEXT(2) 
PARAMETRIC_REPRESENTATION_CONTEXT() REPRESENTATION_CONTEXT('2D SPACE',''
  ) );
#9361 = ADVANCED_FACE('',(#9362),#8419,.T.);
#9362 = FACE_BOUND('',#9363,.F.);
#9363 = EDGE_LOOP('',(#9364,#9394,#9415,#9416,#9417,#9418,#9441));
#9364 = ORIENTED_EDGE('',*,*,#9365,.T.);
#9365 = EDGE_CURVE('',#9366,#9368,#9370,.T.);
#9366 = VERTEX_POINT('',#9367);
#9367 = CARTESIAN_POINT('',(-15.,-23.65,77.8));
#9368 = VERTEX_POINT('',#9369);
#9369 = CARTESIAN_POINT('',(-15.,-23.65,74.5));
#9370 = SURFACE_CURVE('',#9371,(#9375,#9382),.PCURVE_S1.);
#9371 = LINE('',#9372,#9373);
#9372 = CARTESIAN_POINT('',(-15.,-23.65,84.5));
#9373 = VECTOR('',#9374,1.);
#9374 = DIRECTION('',(-0.,-0.,-1.));
#9375 = PCURVE('',#8419,#9376);
#9376 = DEFINITIONAL_REPRESENTATION('',(#9377),#9381);
#9377 = LINE('',#9378,#9379);
#9378 = CARTESIAN_POINT('',(5.,-7.5));
#9379 = VECTOR('',#9380,1.);
#9380 = DIRECTION('',(-1.,0.));
#9381 = ( GEOMETRIC_REPRESENTATION_CONTEXT(2) 
PARAMETRIC_REPRESENTATION_CONTEXT() REPRESENTATION_CONTEXT('2D SPACE',''
  ) );
#9382 = PCURVE('',#9383,#9388);
#9383 = PLANE('',#9384);
#9384 = AXIS2_PLACEMENT_3D('',#9385,#9386,#9387);
#9385 = CARTESIAN_POINT('',(-15.,-36.35,84.5));
#9386 = DIRECTION('',(1.,-0.,-0.));
#9387 = DIRECTION('',(0.,0.,1.));
#9388 = DEFINITIONAL_REPRESENTATION('',(#9389),#9393);
#9389 = LINE('',#9390,#9391);
#9390 = CARTESIAN_POINT('',(-0.,-12.7));
#9391 = VECTOR('',#9392,1.);
#9392 = DIRECTION('',(-1.,0.));
#9393 = ( GEOMETRIC_REPRESENTATION_CONTEXT(2) 
PARAMETRIC_REPRESENTATION_CONTEXT() REPRESENTATION_CONTEXT('2D SPACE',''
  ) );
#9394 = ORIENTED_EDGE('',*,*,#9395,.T.);
#9395 = EDGE_CURVE('',#9368,#8942,#9396,.T.);
#9396 = SURFACE_CURVE('',#9397,(#9401,#9408),.PCURVE_S1.);
#9397 = LINE('',#9398,#9399);
#9398 = CARTESIAN_POINT('',(-15.,-23.65,74.5));
#9399 = VECTOR('',#9400,1.);
#9400 = DIRECTION('',(1.,-0.,-0.));
#9401 = PCURVE('',#8419,#9402);
#9402 = DEFINITIONAL_REPRESENTATION('',(#9403),#9407);
#9403 = LINE('',#9404,#9405);
#9404 = CARTESIAN_POINT('',(-5.,-7.5));
#9405 = VECTOR('',#9406,1.);
#9406 = DIRECTION('',(-0.,1.));
#9407 = ( GEOMETRIC_REPRESENTATION_CONTEXT(2) 
PARAMETRIC_REPRESENTATION_CONTEXT() REPRESENTATION_CONTEXT('2D SPACE',''
  ) );
#9408 = PCURVE('',#8957,#9409);
#9409 = DEFINITIONAL_REPRESENTATION('',(#9410),#9414);
#9410 = LINE('',#9411,#9412);
#9411 = CARTESIAN_POINT('',(-0.,-12.7));
#9412 = VECTOR('',#9413,1.);
#9413 = DIRECTION('',(-1.,0.));
#9414 = ( GEOMETRIC_REPRESENTATION_CONTEXT(2) 
PARAMETRIC_REPRESENTATION_CONTEXT() REPRESENTATION_CONTEXT('2D SPACE',''
  ) );
#9415 = ORIENTED_EDGE('',*,*,#8969,.T.);
#9416 = ORIENTED_EDGE('',*,*,#8403,.T.);
#9417 = ORIENTED_EDGE('',*,*,#9206,.T.);
#9418 = ORIENTED_EDGE('',*,*,#9419,.T.);
#9419 = EDGE_CURVE('',#9207,#9420,#9422,.T.);
#9420 = VERTEX_POINT('',#9421);
#9421 = CARTESIAN_POINT('',(-15.,-23.65,81.2));
#9422 = SURFACE_CURVE('',#9423,(#9427,#9434),.PCURVE_S1.);
#9423 = LINE('',#9424,#9425);
#9424 = CARTESIAN_POINT('',(-15.,-23.65,84.5));
#9425 = VECTOR('',#9426,1.);
#9426 = DIRECTION('',(-0.,-0.,-1.));
#9427 = PCURVE('',#8419,#9428);
#9428 = DEFINITIONAL_REPRESENTATION('',(#9429),#9433);
#9429 = LINE('',#9430,#9431);
#9430 = CARTESIAN_POINT('',(5.,-7.5));
#9431 = VECTOR('',#9432,1.);
#9432 = DIRECTION('',(-1.,0.));
#9433 = ( GEOMETRIC_REPRESENTATION_CONTEXT(2) 
PARAMETRIC_REPRESENTATION_CONTEXT() REPRESENTATION_CONTEXT('2D SPACE',''
  ) );
#9434 = PCURVE('',#9245,#9435);
#9435 = DEFINITIONAL_REPRESENTATION('',(#9436),#9440);
#9436 = LINE('',#9437,#9438);
#9437 = CARTESIAN_POINT('',(-0.,-12.7));
#9438 = VECTOR('',#9439,1.);
#9439 = DIRECTION('',(-1.,0.));
#9440 = ( GEOMETRIC_REPRESENTATION_CONTEXT(2) 
PARAMETRIC_REPRESENTATION_CONTEXT() REPRESENTATION_CONTEXT('2D SPACE',''
  ) );
#9441 = ORIENTED_EDGE('',*,*,#9442,.T.);
#9442 = EDGE_CURVE('',#9420,#9366,#9443,.T.);
#9443 = SURFACE_CURVE('',#9444,(#9449,#9456),.PCURVE_S1.);
#9444 = CIRCLE('',#9445,1.7);
#9445 = AXIS2_PLACEMENT_3D('',#9446,#9447,#9448);
#9446 = CARTESIAN_POINT('',(-15.,-23.65,79.5));
#9447 = DIRECTION('',(0.,1.,0.));
#9448 = DIRECTION('',(-0.,-0.,1.));
#9449 = PCURVE('',#8419,#9450);
#9450 = DEFINITIONAL_REPRESENTATION('',(#9451),#9455);
#9451 = CIRCLE('',#9452,1.7);
#9452 = AXIS2_PLACEMENT_2D('',#9453,#9454);
#9453 = CARTESIAN_POINT('',(0.,-7.5));
#9454 = DIRECTION('',(1.,-0.));
#9455 = ( GEOMETRIC_REPRESENTATION_CONTEXT(2) 
PARAMETRIC_REPRESENTATION_CONTEXT() REPRESENTATION_CONTEXT('2D SPACE',''
  ) );
#9456 = PCURVE('',#9189,#9457);
#9457 = DEFINITIONAL_REPRESENTATION('',(#9458),#9462);
#9458 = LINE('',#9459,#9460);
#9459 = CARTESIAN_POINT('',(-0.,0.15));
#9460 = VECTOR('',#9461,1.);
#9461 = DIRECTION('',(-1.,0.));
#9462 = ( GEOMETRIC_REPRESENTATION_CONTEXT(2) 
PARAMETRIC_REPRESENTATION_CONTEXT() REPRESENTATION_CONTEXT('2D SPACE',''
  ) );
#9463 = ADVANCED_FACE('',(#9464),#8390,.F.);
#9464 = FACE_BOUND('',#9465,.T.);
#9465 = EDGE_LOOP('',(#9466,#9496,#9517,#9518,#9519,#9542,#9570));
#9466 = ORIENTED_EDGE('',*,*,#9467,.T.);
#9467 = EDGE_CURVE('',#9468,#9470,#9472,.T.);
#9468 = VERTEX_POINT('',#9469);
#9469 = CARTESIAN_POINT('',(-15.,23.65,77.8));
#9470 = VERTEX_POINT('',#9471);
#9471 = CARTESIAN_POINT('',(-15.,23.65,74.5));
#9472 = SURFACE_CURVE('',#9473,(#9477,#9484),.PCURVE_S1.);
#9473 = LINE('',#9474,#9475);
#9474 = CARTESIAN_POINT('',(-15.,23.65,84.5));
#9475 = VECTOR('',#9476,1.);
#9476 = DIRECTION('',(-0.,-0.,-1.));
#9477 = PCURVE('',#8390,#9478);
#9478 = DEFINITIONAL_REPRESENTATION('',(#9479),#9483);
#9479 = LINE('',#9480,#9481);
#9480 = CARTESIAN_POINT('',(5.,-7.5));
#9481 = VECTOR('',#9482,1.);
#9482 = DIRECTION('',(-1.,0.));
#9483 = ( GEOMETRIC_REPRESENTATION_CONTEXT(2) 
PARAMETRIC_REPRESENTATION_CONTEXT() REPRESENTATION_CONTEXT('2D SPACE',''
  ) );
#9484 = PCURVE('',#9485,#9490);
#9485 = PLANE('',#9486);
#9486 = AXIS2_PLACEMENT_3D('',#9487,#9488,#9489);
#9487 = CARTESIAN_POINT('',(-15.,23.65,84.5));
#9488 = DIRECTION('',(1.,-0.,-0.));
#9489 = DIRECTION('',(0.,0.,1.));
#9490 = DEFINITIONAL_REPRESENTATION('',(#9491),#9495);
#9491 = LINE('',#9492,#9493);
#9492 = CARTESIAN_POINT('',(-0.,-0.));
#9493 = VECTOR('',#9494,1.);
#9494 = DIRECTION('',(-1.,0.));
#9495 = ( GEOMETRIC_REPRESENTATION_CONTEXT(2) 
PARAMETRIC_REPRESENTATION_CONTEXT() REPRESENTATION_CONTEXT('2D SPACE',''
  ) );
#9496 = ORIENTED_EDGE('',*,*,#9497,.T.);
#9497 = EDGE_CURVE('',#9470,#8995,#9498,.T.);
#9498 = SURFACE_CURVE('',#9499,(#9503,#9510),.PCURVE_S1.);
#9499 = LINE('',#9500,#9501);
#9500 = CARTESIAN_POINT('',(-15.,23.65,74.5));
#9501 = VECTOR('',#9502,1.);
#9502 = DIRECTION('',(1.,-0.,-0.));
#9503 = PCURVE('',#8390,#9504);
#9504 = DEFINITIONAL_REPRESENTATION('',(#9505),#9509);
#9505 = LINE('',#9506,#9507);
#9506 = CARTESIAN_POINT('',(-5.,-7.5));
#9507 = VECTOR('',#9508,1.);
#9508 = DIRECTION('',(-0.,1.));
#9509 = ( GEOMETRIC_REPRESENTATION_CONTEXT(2) 
PARAMETRIC_REPRESENTATION_CONTEXT() REPRESENTATION_CONTEXT('2D SPACE',''
  ) );
#9510 = PCURVE('',#9033,#9511);
#9511 = DEFINITIONAL_REPRESENTATION('',(#9512),#9516);
#9512 = LINE('',#9513,#9514);
#9513 = CARTESIAN_POINT('',(-0.,-0.));
#9514 = VECTOR('',#9515,1.);
#9515 = DIRECTION('',(-1.,0.));
#9516 = ( GEOMETRIC_REPRESENTATION_CONTEXT(2) 
PARAMETRIC_REPRESENTATION_CONTEXT() REPRESENTATION_CONTEXT('2D SPACE',''
  ) );
#9517 = ORIENTED_EDGE('',*,*,#8994,.T.);
#9518 = ORIENTED_EDGE('',*,*,#8376,.T.);
#9519 = ORIENTED_EDGE('',*,*,#9520,.T.);
#9520 = EDGE_CURVE('',#8349,#9521,#9523,.T.);
#9521 = VERTEX_POINT('',#9522);
#9522 = CARTESIAN_POINT('',(-15.,23.65,84.5));
#9523 = SURFACE_CURVE('',#9524,(#9528,#9535),.PCURVE_S1.);
#9524 = LINE('',#9525,#9526);
#9525 = CARTESIAN_POINT('',(0.,23.65,84.5));
#9526 = VECTOR('',#9527,1.);
#9527 = DIRECTION('',(-1.,-0.,-0.));
#9528 = PCURVE('',#8390,#9529);
#9529 = DEFINITIONAL_REPRESENTATION('',(#9530),#9534);
#9530 = LINE('',#9531,#9532);
#9531 = CARTESIAN_POINT('',(5.,7.5));
#9532 = VECTOR('',#9533,1.);
#9533 = DIRECTION('',(-0.,-1.));
#9534 = ( GEOMETRIC_REPRESENTATION_CONTEXT(2) 
PARAMETRIC_REPRESENTATION_CONTEXT() REPRESENTATION_CONTEXT('2D SPACE',''
  ) );
#9535 = PCURVE('',#8364,#9536);
#9536 = DEFINITIONAL_REPRESENTATION('',(#9537),#9541);
#9537 = LINE('',#9538,#9539);
#9538 = CARTESIAN_POINT('',(-0.,-0.));
#9539 = VECTOR('',#9540,1.);
#9540 = DIRECTION('',(-1.,0.));
#9541 = ( GEOMETRIC_REPRESENTATION_CONTEXT(2) 
PARAMETRIC_REPRESENTATION_CONTEXT() REPRESENTATION_CONTEXT('2D SPACE',''
  ) );
#9542 = ORIENTED_EDGE('',*,*,#9543,.T.);
#9543 = EDGE_CURVE('',#9521,#9544,#9546,.T.);
#9544 = VERTEX_POINT('',#9545);
#9545 = CARTESIAN_POINT('',(-15.,23.65,81.2));
#9546 = SURFACE_CURVE('',#9547,(#9551,#9558),.PCURVE_S1.);
#9547 = LINE('',#9548,#9549);
#9548 = CARTESIAN_POINT('',(-15.,23.65,84.5));
#9549 = VECTOR('',#9550,1.);
#9550 = DIRECTION('',(-0.,-0.,-1.));
#9551 = PCURVE('',#8390,#9552);
#9552 = DEFINITIONAL_REPRESENTATION('',(#9553),#9557);
#9553 = LINE('',#9554,#9555);
#9554 = CARTESIAN_POINT('',(5.,-7.5));
#9555 = VECTOR('',#9556,1.);
#9556 = DIRECTION('',(-1.,0.));
#9557 = ( GEOMETRIC_REPRESENTATION_CONTEXT(2) 
PARAMETRIC_REPRESENTATION_CONTEXT() REPRESENTATION_CONTEXT('2D SPACE',''
  ) );
#9558 = PCURVE('',#9559,#9564);
#9559 = PLANE('',#9560);
#9560 = AXIS2_PLACEMENT_3D('',#9561,#9562,#9563);
#9561 = CARTESIAN_POINT('',(-15.,23.65,84.5));
#9562 = DIRECTION('',(1.,-0.,-0.));
#9563 = DIRECTION('',(0.,0.,1.));
#9564 = DEFINITIONAL_REPRESENTATION('',(#9565),#9569);
#9565 = LINE('',#9566,#9567);
#9566 = CARTESIAN_POINT('',(-0.,-0.));
#9567 = VECTOR('',#9568,1.);
#9568 = DIRECTION('',(-1.,0.));
#9569 = ( GEOMETRIC_REPRESENTATION_CONTEXT(2) 
PARAMETRIC_REPRESENTATION_CONTEXT() REPRESENTATION_CONTEXT('2D SPACE',''
  ) );
#9570 = ORIENTED_EDGE('',*,*,#9571,.T.);
#9571 = EDGE_CURVE('',#9544,#9468,#9572,.T.);
#9572 = SURFACE_CURVE('',#9573,(#9578,#9585),.PCURVE_S1.);
#9573 = CIRCLE('',#9574,1.7);
#9574 = AXIS2_PLACEMENT_3D('',#9575,#9576,#9577);
#9575 = CARTESIAN_POINT('',(-15.,23.65,79.5));
#9576 = DIRECTION('',(0.,1.,0.));
#9577 = DIRECTION('',(-0.,-0.,1.));
#9578 = PCURVE('',#8390,#9579);
#9579 = DEFINITIONAL_REPRESENTATION('',(#9580),#9584);
#9580 = CIRCLE('',#9581,1.7);
#9581 = AXIS2_PLACEMENT_2D('',#9582,#9583);
#9582 = CARTESIAN_POINT('',(0.,-7.5));
#9583 = DIRECTION('',(1.,-0.));
#9584 = ( GEOMETRIC_REPRESENTATION_CONTEXT(2) 
PARAMETRIC_REPRESENTATION_CONTEXT() REPRESENTATION_CONTEXT('2D SPACE',''
  ) );
#9585 = PCURVE('',#9586,#9591);
#9586 = CYLINDRICAL_SURFACE('',#9587,1.7);
#9587 = AXIS2_PLACEMENT_3D('',#9588,#9589,#9590);
#9588 = CARTESIAN_POINT('',(-15.,36.5,79.5));
#9589 = DIRECTION('',(-0.,-1.,-0.));
#9590 = DIRECTION('',(-0.,-0.,1.));
#9591 = DEFINITIONAL_REPRESENTATION('',(#9592),#9596);
#9592 = LINE('',#9593,#9594);
#9593 = CARTESIAN_POINT('',(-0.,12.85));
#9594 = VECTOR('',#9595,1.);
#9595 = DIRECTION('',(-1.,0.));
#9596 = ( GEOMETRIC_REPRESENTATION_CONTEXT(2) 
PARAMETRIC_REPRESENTATION_CONTEXT() REPRESENTATION_CONTEXT('2D SPACE',''
  ) );
#9597 = ADVANCED_FACE('',(#9598),#8364,.F.);
#9598 = FACE_BOUND('',#9599,.T.);
#9599 = EDGE_LOOP('',(#9600,#9601,#9602,#9625,#9653,#9681,#9709,#9737));
#9600 = ORIENTED_EDGE('',*,*,#9520,.F.);
#9601 = ORIENTED_EDGE('',*,*,#8348,.T.);
#9602 = ORIENTED_EDGE('',*,*,#9603,.T.);
#9603 = EDGE_CURVE('',#8321,#9604,#9606,.T.);
#9604 = VERTEX_POINT('',#9605);
#9605 = CARTESIAN_POINT('',(-15.,36.35,84.5));
#9606 = SURFACE_CURVE('',#9607,(#9611,#9618),.PCURVE_S1.);
#9607 = LINE('',#9608,#9609);
#9608 = CARTESIAN_POINT('',(0.,36.35,84.5));
#9609 = VECTOR('',#9610,1.);
#9610 = DIRECTION('',(-1.,-0.,-0.));
#9611 = PCURVE('',#8364,#9612);
#9612 = DEFINITIONAL_REPRESENTATION('',(#9613),#9617);
#9613 = LINE('',#9614,#9615);
#9614 = CARTESIAN_POINT('',(-0.,-12.7));
#9615 = VECTOR('',#9616,1.);
#9616 = DIRECTION('',(-1.,0.));
#9617 = ( GEOMETRIC_REPRESENTATION_CONTEXT(2) 
PARAMETRIC_REPRESENTATION_CONTEXT() REPRESENTATION_CONTEXT('2D SPACE',''
  ) );
#9618 = PCURVE('',#8336,#9619);
#9619 = DEFINITIONAL_REPRESENTATION('',(#9620),#9624);
#9620 = LINE('',#9621,#9622);
#9621 = CARTESIAN_POINT('',(5.,7.5));
#9622 = VECTOR('',#9623,1.);
#9623 = DIRECTION('',(-0.,-1.));
#9624 = ( GEOMETRIC_REPRESENTATION_CONTEXT(2) 
PARAMETRIC_REPRESENTATION_CONTEXT() REPRESENTATION_CONTEXT('2D SPACE',''
  ) );
#9625 = ORIENTED_EDGE('',*,*,#9626,.F.);
#9626 = EDGE_CURVE('',#9627,#9604,#9629,.T.);
#9627 = VERTEX_POINT('',#9628);
#9628 = CARTESIAN_POINT('',(-15.,36.,84.5));
#9629 = SURFACE_CURVE('',#9630,(#9634,#9641),.PCURVE_S1.);
#9630 = LINE('',#9631,#9632);
#9631 = CARTESIAN_POINT('',(-15.,23.65,84.5));
#9632 = VECTOR('',#9633,1.);
#9633 = DIRECTION('',(-0.,1.,-0.));
#9634 = PCURVE('',#8364,#9635);
#9635 = DEFINITIONAL_REPRESENTATION('',(#9636),#9640);
#9636 = LINE('',#9637,#9638);
#9637 = CARTESIAN_POINT('',(-15.,0.));
#9638 = VECTOR('',#9639,1.);
#9639 = DIRECTION('',(-0.,-1.));
#9640 = ( GEOMETRIC_REPRESENTATION_CONTEXT(2) 
PARAMETRIC_REPRESENTATION_CONTEXT() REPRESENTATION_CONTEXT('2D SPACE',''
  ) );
#9641 = PCURVE('',#9642,#9647);
#9642 = PLANE('',#9643);
#9643 = AXIS2_PLACEMENT_3D('',#9644,#9645,#9646);
#9644 = CARTESIAN_POINT('',(-15.,23.65,84.5));
#9645 = DIRECTION('',(1.,-0.,-0.));
#9646 = DIRECTION('',(0.,0.,1.));
#9647 = DEFINITIONAL_REPRESENTATION('',(#9648),#9652);
#9648 = LINE('',#9649,#9650);
#9649 = CARTESIAN_POINT('',(-0.,-0.));
#9650 = VECTOR('',#9651,1.);
#9651 = DIRECTION('',(-0.,-1.));
#9652 = ( GEOMETRIC_REPRESENTATION_CONTEXT(2) 
PARAMETRIC_REPRESENTATION_CONTEXT() REPRESENTATION_CONTEXT('2D SPACE',''
  ) );
#9653 = ORIENTED_EDGE('',*,*,#9654,.T.);
#9654 = EDGE_CURVE('',#9627,#9655,#9657,.T.);
#9655 = VERTEX_POINT('',#9656);
#9656 = CARTESIAN_POINT('',(-11.00500312891,36.,84.5));
#9657 = SURFACE_CURVE('',#9658,(#9662,#9669),.PCURVE_S1.);
#9658 = LINE('',#9659,#9660);
#9659 = CARTESIAN_POINT('',(-7.5,36.,84.5));
#9660 = VECTOR('',#9661,1.);
#9661 = DIRECTION('',(1.,-0.,-0.));
#9662 = PCURVE('',#8364,#9663);
#9663 = DEFINITIONAL_REPRESENTATION('',(#9664),#9668);
#9664 = LINE('',#9665,#9666);
#9665 = CARTESIAN_POINT('',(-7.5,-12.35));
#9666 = VECTOR('',#9667,1.);
#9667 = DIRECTION('',(1.,-0.));
#9668 = ( GEOMETRIC_REPRESENTATION_CONTEXT(2) 
PARAMETRIC_REPRESENTATION_CONTEXT() REPRESENTATION_CONTEXT('2D SPACE',''
  ) );
#9669 = PCURVE('',#9670,#9675);
#9670 = PLANE('',#9671);
#9671 = AXIS2_PLACEMENT_3D('',#9672,#9673,#9674);
#9672 = CARTESIAN_POINT('',(-15.,36.,79.5));
#9673 = DIRECTION('',(-0.,-1.,-0.));
#9674 = DIRECTION('',(0.,0.,-1.));
#9675 = DEFINITIONAL_REPRESENTATION('',(#9676),#9680);
#9676 = LINE('',#9677,#9678);
#9677 = CARTESIAN_POINT('',(-5.,7.5));
#9678 = VECTOR('',#9679,1.);
#9679 = DIRECTION('',(-0.,1.));
#9680 = ( GEOMETRIC_REPRESENTATION_CONTEXT(2) 
PARAMETRIC_REPRESENTATION_CONTEXT() REPRESENTATION_CONTEXT('2D SPACE',''
  ) );
#9681 = ORIENTED_EDGE('',*,*,#9682,.T.);
#9682 = EDGE_CURVE('',#9655,#9683,#9685,.T.);
#9683 = VERTEX_POINT('',#9684);
#9684 = CARTESIAN_POINT('',(-11.00500312891,24.,84.5));
#9685 = SURFACE_CURVE('',#9686,(#9690,#9697),.PCURVE_S1.);
#9686 = LINE('',#9687,#9688);
#9687 = CARTESIAN_POINT('',(-11.00500312891,36.,84.5));
#9688 = VECTOR('',#9689,1.);
#9689 = DIRECTION('',(-0.,-1.,-0.));
#9690 = PCURVE('',#8364,#9691);
#9691 = DEFINITIONAL_REPRESENTATION('',(#9692),#9696);
#9692 = LINE('',#9693,#9694);
#9693 = CARTESIAN_POINT('',(-11.00500312891,-12.35));
#9694 = VECTOR('',#9695,1.);
#9695 = DIRECTION('',(-0.,1.));
#9696 = ( GEOMETRIC_REPRESENTATION_CONTEXT(2) 
PARAMETRIC_REPRESENTATION_CONTEXT() REPRESENTATION_CONTEXT('2D SPACE',''
  ) );
#9697 = PCURVE('',#9698,#9703);
#9698 = CYLINDRICAL_SURFACE('',#9699,6.4);
#9699 = AXIS2_PLACEMENT_3D('',#9700,#9701,#9702);
#9700 = CARTESIAN_POINT('',(-15.,36.,79.5));
#9701 = DIRECTION('',(-0.,-1.,-0.));
#9702 = DIRECTION('',(-0.,-0.,1.));
#9703 = DEFINITIONAL_REPRESENTATION('',(#9704),#9708);
#9704 = LINE('',#9705,#9706);
#9705 = CARTESIAN_POINT('',(-6.957315813847,0.));
#9706 = VECTOR('',#9707,1.);
#9707 = DIRECTION('',(-0.,1.));
#9708 = ( GEOMETRIC_REPRESENTATION_CONTEXT(2) 
PARAMETRIC_REPRESENTATION_CONTEXT() REPRESENTATION_CONTEXT('2D SPACE',''
  ) );
#9709 = ORIENTED_EDGE('',*,*,#9710,.F.);
#9710 = EDGE_CURVE('',#9711,#9683,#9713,.T.);
#9711 = VERTEX_POINT('',#9712);
#9712 = CARTESIAN_POINT('',(-15.,24.,84.5));
#9713 = SURFACE_CURVE('',#9714,(#9718,#9725),.PCURVE_S1.);
#9714 = LINE('',#9715,#9716);
#9715 = CARTESIAN_POINT('',(-7.5,24.,84.5));
#9716 = VECTOR('',#9717,1.);
#9717 = DIRECTION('',(1.,-0.,-0.));
#9718 = PCURVE('',#8364,#9719);
#9719 = DEFINITIONAL_REPRESENTATION('',(#9720),#9724);
#9720 = LINE('',#9721,#9722);
#9721 = CARTESIAN_POINT('',(-7.5,-0.35));
#9722 = VECTOR('',#9723,1.);
#9723 = DIRECTION('',(1.,-0.));
#9724 = ( GEOMETRIC_REPRESENTATION_CONTEXT(2) 
PARAMETRIC_REPRESENTATION_CONTEXT() REPRESENTATION_CONTEXT('2D SPACE',''
  ) );
#9725 = PCURVE('',#9726,#9731);
#9726 = PLANE('',#9727);
#9727 = AXIS2_PLACEMENT_3D('',#9728,#9729,#9730);
#9728 = CARTESIAN_POINT('',(-15.,24.,79.5));
#9729 = DIRECTION('',(-0.,-1.,-0.));
#9730 = DIRECTION('',(0.,0.,-1.));
#9731 = DEFINITIONAL_REPRESENTATION('',(#9732),#9736);
#9732 = LINE('',#9733,#9734);
#9733 = CARTESIAN_POINT('',(-5.,7.5));
#9734 = VECTOR('',#9735,1.);
#9735 = DIRECTION('',(-0.,1.));
#9736 = ( GEOMETRIC_REPRESENTATION_CONTEXT(2) 
PARAMETRIC_REPRESENTATION_CONTEXT() REPRESENTATION_CONTEXT('2D SPACE',''
  ) );
#9737 = ORIENTED_EDGE('',*,*,#9738,.F.);
#9738 = EDGE_CURVE('',#9521,#9711,#9739,.T.);
#9739 = SURFACE_CURVE('',#9740,(#9744,#9751),.PCURVE_S1.);
#9740 = LINE('',#9741,#9742);
#9741 = CARTESIAN_POINT('',(-15.,23.65,84.5));
#9742 = VECTOR('',#9743,1.);
#9743 = DIRECTION('',(-0.,1.,-0.));
#9744 = PCURVE('',#8364,#9745);
#9745 = DEFINITIONAL_REPRESENTATION('',(#9746),#9750);
#9746 = LINE('',#9747,#9748);
#9747 = CARTESIAN_POINT('',(-15.,0.));
#9748 = VECTOR('',#9749,1.);
#9749 = DIRECTION('',(-0.,-1.));
#9750 = ( GEOMETRIC_REPRESENTATION_CONTEXT(2) 
PARAMETRIC_REPRESENTATION_CONTEXT() REPRESENTATION_CONTEXT('2D SPACE',''
  ) );
#9751 = PCURVE('',#9559,#9752);
#9752 = DEFINITIONAL_REPRESENTATION('',(#9753),#9757);
#9753 = LINE('',#9754,#9755);
#9754 = CARTESIAN_POINT('',(-0.,-0.));
#9755 = VECTOR('',#9756,1.);
#9756 = DIRECTION('',(-0.,-1.));
#9757 = ( GEOMETRIC_REPRESENTATION_CONTEXT(2) 
PARAMETRIC_REPRESENTATION_CONTEXT() REPRESENTATION_CONTEXT('2D SPACE',''
  ) );
#9758 = ADVANCED_FACE('',(#9759),#8336,.T.);
#9759 = FACE_BOUND('',#9760,.F.);
#9760 = EDGE_LOOP('',(#9761,#9791,#9812,#9813,#9814,#9815,#9838));
#9761 = ORIENTED_EDGE('',*,*,#9762,.T.);
#9762 = EDGE_CURVE('',#9763,#9765,#9767,.T.);
#9763 = VERTEX_POINT('',#9764);
#9764 = CARTESIAN_POINT('',(-15.,36.35,77.8));
#9765 = VERTEX_POINT('',#9766);
#9766 = CARTESIAN_POINT('',(-15.,36.35,74.5));
#9767 = SURFACE_CURVE('',#9768,(#9772,#9779),.PCURVE_S1.);
#9768 = LINE('',#9769,#9770);
#9769 = CARTESIAN_POINT('',(-15.,36.35,84.5));
#9770 = VECTOR('',#9771,1.);
#9771 = DIRECTION('',(-0.,-0.,-1.));
#9772 = PCURVE('',#8336,#9773);
#9773 = DEFINITIONAL_REPRESENTATION('',(#9774),#9778);
#9774 = LINE('',#9775,#9776);
#9775 = CARTESIAN_POINT('',(5.,-7.5));
#9776 = VECTOR('',#9777,1.);
#9777 = DIRECTION('',(-1.,0.));
#9778 = ( GEOMETRIC_REPRESENTATION_CONTEXT(2) 
PARAMETRIC_REPRESENTATION_CONTEXT() REPRESENTATION_CONTEXT('2D SPACE',''
  ) );
#9779 = PCURVE('',#9780,#9785);
#9780 = PLANE('',#9781);
#9781 = AXIS2_PLACEMENT_3D('',#9782,#9783,#9784);
#9782 = CARTESIAN_POINT('',(-15.,23.65,84.5));
#9783 = DIRECTION('',(1.,-0.,-0.));
#9784 = DIRECTION('',(0.,0.,1.));
#9785 = DEFINITIONAL_REPRESENTATION('',(#9786),#9790);
#9786 = LINE('',#9787,#9788);
#9787 = CARTESIAN_POINT('',(-0.,-12.7));
#9788 = VECTOR('',#9789,1.);
#9789 = DIRECTION('',(-1.,0.));
#9790 = ( GEOMETRIC_REPRESENTATION_CONTEXT(2) 
PARAMETRIC_REPRESENTATION_CONTEXT() REPRESENTATION_CONTEXT('2D SPACE',''
  ) );
#9791 = ORIENTED_EDGE('',*,*,#9792,.T.);
#9792 = EDGE_CURVE('',#9765,#9018,#9793,.T.);
#9793 = SURFACE_CURVE('',#9794,(#9798,#9805),.PCURVE_S1.);
#9794 = LINE('',#9795,#9796);
#9795 = CARTESIAN_POINT('',(-15.,36.35,74.5));
#9796 = VECTOR('',#9797,1.);
#9797 = DIRECTION('',(1.,-0.,-0.));
#9798 = PCURVE('',#8336,#9799);
#9799 = DEFINITIONAL_REPRESENTATION('',(#9800),#9804);
#9800 = LINE('',#9801,#9802);
#9801 = CARTESIAN_POINT('',(-5.,-7.5));
#9802 = VECTOR('',#9803,1.);
#9803 = DIRECTION('',(-0.,1.));
#9804 = ( GEOMETRIC_REPRESENTATION_CONTEXT(2) 
PARAMETRIC_REPRESENTATION_CONTEXT() REPRESENTATION_CONTEXT('2D SPACE',''
  ) );
#9805 = PCURVE('',#9033,#9806);
#9806 = DEFINITIONAL_REPRESENTATION('',(#9807),#9811);
#9807 = LINE('',#9808,#9809);
#9808 = CARTESIAN_POINT('',(-0.,-12.7));
#9809 = VECTOR('',#9810,1.);
#9810 = DIRECTION('',(-1.,0.));
#9811 = ( GEOMETRIC_REPRESENTATION_CONTEXT(2) 
PARAMETRIC_REPRESENTATION_CONTEXT() REPRESENTATION_CONTEXT('2D SPACE',''
  ) );
#9812 = ORIENTED_EDGE('',*,*,#9045,.T.);
#9813 = ORIENTED_EDGE('',*,*,#8320,.T.);
#9814 = ORIENTED_EDGE('',*,*,#9603,.T.);
#9815 = ORIENTED_EDGE('',*,*,#9816,.T.);
#9816 = EDGE_CURVE('',#9604,#9817,#9819,.T.);
#9817 = VERTEX_POINT('',#9818);
#9818 = CARTESIAN_POINT('',(-15.,36.35,81.2));
#9819 = SURFACE_CURVE('',#9820,(#9824,#9831),.PCURVE_S1.);
#9820 = LINE('',#9821,#9822);
#9821 = CARTESIAN_POINT('',(-15.,36.35,84.5));
#9822 = VECTOR('',#9823,1.);
#9823 = DIRECTION('',(-0.,-0.,-1.));
#9824 = PCURVE('',#8336,#9825);
#9825 = DEFINITIONAL_REPRESENTATION('',(#9826),#9830);
#9826 = LINE('',#9827,#9828);
#9827 = CARTESIAN_POINT('',(5.,-7.5));
#9828 = VECTOR('',#9829,1.);
#9829 = DIRECTION('',(-1.,0.));
#9830 = ( GEOMETRIC_REPRESENTATION_CONTEXT(2) 
PARAMETRIC_REPRESENTATION_CONTEXT() REPRESENTATION_CONTEXT('2D SPACE',''
  ) );
#9831 = PCURVE('',#9642,#9832);
#9832 = DEFINITIONAL_REPRESENTATION('',(#9833),#9837);
#9833 = LINE('',#9834,#9835);
#9834 = CARTESIAN_POINT('',(-0.,-12.7));
#9835 = VECTOR('',#9836,1.);
#9836 = DIRECTION('',(-1.,0.));
#9837 = ( GEOMETRIC_REPRESENTATION_CONTEXT(2) 
PARAMETRIC_REPRESENTATION_CONTEXT() REPRESENTATION_CONTEXT('2D SPACE',''
  ) );
#9838 = ORIENTED_EDGE('',*,*,#9839,.T.);
#9839 = EDGE_CURVE('',#9817,#9763,#9840,.T.);
#9840 = SURFACE_CURVE('',#9841,(#9846,#9853),.PCURVE_S1.);
#9841 = CIRCLE('',#9842,1.7);
#9842 = AXIS2_PLACEMENT_3D('',#9843,#9844,#9845);
#9843 = CARTESIAN_POINT('',(-15.,36.35,79.5));
#9844 = DIRECTION('',(0.,1.,0.));
#9845 = DIRECTION('',(-0.,-0.,1.));
#9846 = PCURVE('',#8336,#9847);
#9847 = DEFINITIONAL_REPRESENTATION('',(#9848),#9852);
#9848 = CIRCLE('',#9849,1.7);
#9849 = AXIS2_PLACEMENT_2D('',#9850,#9851);
#9850 = CARTESIAN_POINT('',(0.,-7.5));
#9851 = DIRECTION('',(1.,-0.));
#9852 = ( GEOMETRIC_REPRESENTATION_CONTEXT(2) 
PARAMETRIC_REPRESENTATION_CONTEXT() REPRESENTATION_CONTEXT('2D SPACE',''
  ) );
#9853 = PCURVE('',#9586,#9854);
#9854 = DEFINITIONAL_REPRESENTATION('',(#9855),#9859);
#9855 = LINE('',#9856,#9857);
#9856 = CARTESIAN_POINT('',(-0.,0.15));
#9857 = VECTOR('',#9858,1.);
#9858 = DIRECTION('',(-1.,0.));
#9859 = ( GEOMETRIC_REPRESENTATION_CONTEXT(2) 
PARAMETRIC_REPRESENTATION_CONTEXT() REPRESENTATION_CONTEXT('2D SPACE',''
  ) );
#9860 = ADVANCED_FACE('',(#9861),#8726,.T.);
#9861 = FACE_BOUND('',#9862,.F.);
#9862 = EDGE_LOOP('',(#9863,#9864,#9890));
#9863 = ORIENTED_EDGE('',*,*,#8710,.F.);
#9864 = ORIENTED_EDGE('',*,*,#9865,.T.);
#9865 = EDGE_CURVE('',#8683,#8765,#9866,.T.);
#9866 = SURFACE_CURVE('',#9867,(#9872,#9883),.PCURVE_S1.);
#9867 = CIRCLE('',#9868,3.);
#9868 = AXIS2_PLACEMENT_3D('',#9869,#9870,#9871);
#9869 = CARTESIAN_POINT('',(5.,-32.16,103.));
#9870 = DIRECTION('',(-0.,-1.,-0.));
#9871 = DIRECTION('',(1.,-0.,-0.));
#9872 = PCURVE('',#8726,#9873);
#9873 = DEFINITIONAL_REPRESENTATION('',(#9874),#9882);
#9874 = ( BOUNDED_CURVE() B_SPLINE_CURVE(2,(#9875,#9876,#9877,#9878,
#9879,#9880,#9881),.UNSPECIFIED.,.T.,.F.) B_SPLINE_CURVE_WITH_KNOTS((1,2
    ,2,2,2,1),(-2.094395102393,0.,2.094395102393,4.188790204786,
6.28318530718,8.377580409573),.UNSPECIFIED.) CURVE() 
GEOMETRIC_REPRESENTATION_ITEM() RATIONAL_B_SPLINE_CURVE((1.,0.5,1.,0.5,
1.,0.5,1.)) REPRESENTATION_ITEM('') );
#9875 = CARTESIAN_POINT('',(0.,3.));
#9876 = CARTESIAN_POINT('',(5.196152422707,3.));
#9877 = CARTESIAN_POINT('',(2.598076211353,-1.5));
#9878 = CARTESIAN_POINT('',(7.347880794884E-16,-6.));
#9879 = CARTESIAN_POINT('',(-2.598076211353,-1.5));
#9880 = CARTESIAN_POINT('',(-5.196152422707,3.));
#9881 = CARTESIAN_POINT('',(0.,3.));
#9882 = ( GEOMETRIC_REPRESENTATION_CONTEXT(2) 
PARAMETRIC_REPRESENTATION_CONTEXT() REPRESENTATION_CONTEXT('2D SPACE',''
  ) );
#9883 = PCURVE('',#8698,#9884);
#9884 = DEFINITIONAL_REPRESENTATION('',(#9885),#9889);
#9885 = LINE('',#9886,#9887);
#9886 = CARTESIAN_POINT('',(0.,0.));
#9887 = VECTOR('',#9888,1.);
#9888 = DIRECTION('',(1.,0.));
#9889 = ( GEOMETRIC_REPRESENTATION_CONTEXT(2) 
PARAMETRIC_REPRESENTATION_CONTEXT() REPRESENTATION_CONTEXT('2D SPACE',''
  ) );
#9890 = ORIENTED_EDGE('',*,*,#8764,.F.);
#9891 = ADVANCED_FACE('',(#9892),#8698,.F.);
#9892 = FACE_BOUND('',#9893,.F.);
#9893 = EDGE_LOOP('',(#9894,#9895,#9896,#9920,#9948,#9974));
#9894 = ORIENTED_EDGE('',*,*,#9865,.F.);
#9895 = ORIENTED_EDGE('',*,*,#8682,.T.);
#9896 = ORIENTED_EDGE('',*,*,#9897,.F.);
#9897 = EDGE_CURVE('',#9898,#8655,#9900,.T.);
#9898 = VERTEX_POINT('',#9899);
#9899 = CARTESIAN_POINT('',(7.95803989155,-29.1,103.5));
#9900 = SURFACE_CURVE('',#9901,(#9906,#9913),.PCURVE_S1.);
#9901 = CIRCLE('',#9902,3.);
#9902 = AXIS2_PLACEMENT_3D('',#9903,#9904,#9905);
#9903 = CARTESIAN_POINT('',(5.,-29.1,103.));
#9904 = DIRECTION('',(0.,1.,-0.));
#9905 = DIRECTION('',(1.,-0.,-0.));
#9906 = PCURVE('',#8698,#9907);
#9907 = DEFINITIONAL_REPRESENTATION('',(#9908),#9912);
#9908 = LINE('',#9909,#9910);
#9909 = CARTESIAN_POINT('',(6.28318530718,-3.06));
#9910 = VECTOR('',#9911,1.);
#9911 = DIRECTION('',(-1.,0.));
#9912 = ( GEOMETRIC_REPRESENTATION_CONTEXT(2) 
PARAMETRIC_REPRESENTATION_CONTEXT() REPRESENTATION_CONTEXT('2D SPACE',''
  ) );
#9913 = PCURVE('',#8670,#9914);
#9914 = DEFINITIONAL_REPRESENTATION('',(#9915),#9919);
#9915 = CIRCLE('',#9916,3.);
#9916 = AXIS2_PLACEMENT_2D('',#9917,#9918);
#9917 = CARTESIAN_POINT('',(0.,-4.5));
#9918 = DIRECTION('',(-0.,1.));
#9919 = ( GEOMETRIC_REPRESENTATION_CONTEXT(2) 
PARAMETRIC_REPRESENTATION_CONTEXT() REPRESENTATION_CONTEXT('2D SPACE',''
  ) );
#9920 = ORIENTED_EDGE('',*,*,#9921,.F.);
#9921 = EDGE_CURVE('',#9922,#9898,#9924,.T.);
#9922 = VERTEX_POINT('',#9923);
#9923 = CARTESIAN_POINT('',(7.95803989155,-22.16,103.5));
#9924 = SURFACE_CURVE('',#9925,(#9929,#9936),.PCURVE_S1.);
#9925 = LINE('',#9926,#9927);
#9926 = CARTESIAN_POINT('',(7.95803989155,-32.16,103.5));
#9927 = VECTOR('',#9928,1.);
#9928 = DIRECTION('',(-0.,-1.,-0.));
#9929 = PCURVE('',#8698,#9930);
#9930 = DEFINITIONAL_REPRESENTATION('',(#9931),#9935);
#9931 = LINE('',#9932,#9933);
#9932 = CARTESIAN_POINT('',(0.16744807922,0.));
#9933 = VECTOR('',#9934,1.);
#9934 = DIRECTION('',(0.,1.));
#9935 = ( GEOMETRIC_REPRESENTATION_CONTEXT(2) 
PARAMETRIC_REPRESENTATION_CONTEXT() REPRESENTATION_CONTEXT('2D SPACE',''
  ) );
#9936 = PCURVE('',#9937,#9942);
#9937 = PLANE('',#9938);
#9938 = AXIS2_PLACEMENT_3D('',#9939,#9940,#9941);
#9939 = CARTESIAN_POINT('',(12.,-29.1,103.5));
#9940 = DIRECTION('',(-0.,0.,-1.));
#9941 = DIRECTION('',(1.,0.,0.));
#9942 = DEFINITIONAL_REPRESENTATION('',(#9943),#9947);
#9943 = LINE('',#9944,#9945);
#9944 = CARTESIAN_POINT('',(-4.04196010845,3.06));
#9945 = VECTOR('',#9946,1.);
#9946 = DIRECTION('',(-0.,1.));
#9947 = ( GEOMETRIC_REPRESENTATION_CONTEXT(2) 
PARAMETRIC_REPRESENTATION_CONTEXT() REPRESENTATION_CONTEXT('2D SPACE',''
  ) );
#9948 = ORIENTED_EDGE('',*,*,#9949,.T.);
#9949 = EDGE_CURVE('',#9922,#8788,#9950,.T.);
#9950 = SURFACE_CURVE('',#9951,(#9956,#9963),.PCURVE_S1.);
#9951 = CIRCLE('',#9952,3.);
#9952 = AXIS2_PLACEMENT_3D('',#9953,#9954,#9955);
#9953 = CARTESIAN_POINT('',(5.,-22.16,103.));
#9954 = DIRECTION('',(-0.,-1.,-0.));
#9955 = DIRECTION('',(1.,-0.,-0.));
#9956 = PCURVE('',#8698,#9957);
#9957 = DEFINITIONAL_REPRESENTATION('',(#9958),#9962);
#9958 = LINE('',#9959,#9960);
#9959 = CARTESIAN_POINT('',(0.,-10.));
#9960 = VECTOR('',#9961,1.);
#9961 = DIRECTION('',(1.,0.));
#9962 = ( GEOMETRIC_REPRESENTATION_CONTEXT(2) 
PARAMETRIC_REPRESENTATION_CONTEXT() REPRESENTATION_CONTEXT('2D SPACE',''
  ) );
#9963 = PCURVE('',#8558,#9964);
#9964 = DEFINITIONAL_REPRESENTATION('',(#9965),#9973);
#9965 = ( BOUNDED_CURVE() B_SPLINE_CURVE(2,(#9966,#9967,#9968,#9969,
#9970,#9971,#9972),.UNSPECIFIED.,.T.,.F.) B_SPLINE_CURVE_WITH_KNOTS((1,2
    ,2,2,2,1),(-2.094395102393,0.,2.094395102393,4.188790204786,
6.28318530718,8.377580409573),.UNSPECIFIED.) CURVE() 
GEOMETRIC_REPRESENTATION_ITEM() RATIONAL_B_SPLINE_CURVE((1.,0.5,1.,0.5,
1.,0.5,1.)) REPRESENTATION_ITEM('') );
#9966 = CARTESIAN_POINT('',(0.,3.));
#9967 = CARTESIAN_POINT('',(5.196152422707,3.));
#9968 = CARTESIAN_POINT('',(2.598076211353,-1.5));
#9969 = CARTESIAN_POINT('',(7.347880794884E-16,-6.));
#9970 = CARTESIAN_POINT('',(-2.598076211353,-1.5));
#9971 = CARTESIAN_POINT('',(-5.196152422707,3.));
#9972 = CARTESIAN_POINT('',(0.,3.));
#9973 = ( GEOMETRIC_REPRESENTATION_CONTEXT(2) 
PARAMETRIC_REPRESENTATION_CONTEXT() REPRESENTATION_CONTEXT('2D SPACE',''
  ) );
#9974 = ORIENTED_EDGE('',*,*,#8787,.T.);
#9975 = ADVANCED_FACE('',(#9976),#8670,.T.);
#9976 = FACE_BOUND('',#9977,.F.);
#9977 = EDGE_LOOP('',(#9978,#9979,#10002,#10023));
#9978 = ORIENTED_EDGE('',*,*,#8654,.F.);
#9979 = ORIENTED_EDGE('',*,*,#9980,.T.);
#9980 = EDGE_CURVE('',#8627,#9981,#9983,.T.);
#9981 = VERTEX_POINT('',#9982);
#9982 = CARTESIAN_POINT('',(12.,-29.1,103.5));
#9983 = SURFACE_CURVE('',#9984,(#9988,#9995),.PCURVE_S1.);
#9984 = LINE('',#9985,#9986);
#9985 = CARTESIAN_POINT('',(12.,-29.1,102.5));
#9986 = VECTOR('',#9987,1.);
#9987 = DIRECTION('',(-0.,-0.,1.));
#9988 = PCURVE('',#8670,#9989);
#9989 = DEFINITIONAL_REPRESENTATION('',(#9990),#9994);
#9990 = LINE('',#9991,#9992);
#9991 = CARTESIAN_POINT('',(-0.5,2.5));
#9992 = VECTOR('',#9993,1.);
#9993 = DIRECTION('',(1.,-0.));
#9994 = ( GEOMETRIC_REPRESENTATION_CONTEXT(2) 
PARAMETRIC_REPRESENTATION_CONTEXT() REPRESENTATION_CONTEXT('2D SPACE',''
  ) );
#9995 = PCURVE('',#8642,#9996);
#9996 = DEFINITIONAL_REPRESENTATION('',(#9997),#10001);
#9997 = LINE('',#9998,#9999);
#9998 = CARTESIAN_POINT('',(-0.,-0.));
#9999 = VECTOR('',#10000,1.);
#10000 = DIRECTION('',(-1.,-0.));
#10001 = ( GEOMETRIC_REPRESENTATION_CONTEXT(2) 
PARAMETRIC_REPRESENTATION_CONTEXT() REPRESENTATION_CONTEXT('2D SPACE',''
  ) );
#10002 = ORIENTED_EDGE('',*,*,#10003,.T.);
#10003 = EDGE_CURVE('',#9981,#9898,#10004,.T.);
#10004 = SURFACE_CURVE('',#10005,(#10009,#10016),.PCURVE_S1.);
#10005 = LINE('',#10006,#10007);
#10006 = CARTESIAN_POINT('',(12.,-29.1,103.5));
#10007 = VECTOR('',#10008,1.);
#10008 = DIRECTION('',(-1.,-0.,-0.));
#10009 = PCURVE('',#8670,#10010);
#10010 = DEFINITIONAL_REPRESENTATION('',(#10011),#10015);
#10011 = LINE('',#10012,#10013);
#10012 = CARTESIAN_POINT('',(0.5,2.5));
#10013 = VECTOR('',#10014,1.);
#10014 = DIRECTION('',(-0.,-1.));
#10015 = ( GEOMETRIC_REPRESENTATION_CONTEXT(2) 
PARAMETRIC_REPRESENTATION_CONTEXT() REPRESENTATION_CONTEXT('2D SPACE',''
  ) );
#10016 = PCURVE('',#9937,#10017);
#10017 = DEFINITIONAL_REPRESENTATION('',(#10018),#10022);
#10018 = LINE('',#10019,#10020);
#10019 = CARTESIAN_POINT('',(-0.,-0.));
#10020 = VECTOR('',#10021,1.);
#10021 = DIRECTION('',(-1.,0.));
#10022 = ( GEOMETRIC_REPRESENTATION_CONTEXT(2) 
PARAMETRIC_REPRESENTATION_CONTEXT() REPRESENTATION_CONTEXT('2D SPACE',''
  ) );
#10023 = ORIENTED_EDGE('',*,*,#9897,.T.);
#10024 = ADVANCED_FACE('',(#10025),#8642,.T.);
#10025 = FACE_BOUND('',#10026,.F.);
#10026 = EDGE_LOOP('',(#10027,#10028,#10029,#10052));
#10027 = ORIENTED_EDGE('',*,*,#9980,.F.);
#10028 = ORIENTED_EDGE('',*,*,#8626,.F.);
#10029 = ORIENTED_EDGE('',*,*,#10030,.T.);
#10030 = EDGE_CURVE('',#8599,#10031,#10033,.T.);
#10031 = VERTEX_POINT('',#10032);
#10032 = CARTESIAN_POINT('',(12.,29.1,103.5));
#10033 = SURFACE_CURVE('',#10034,(#10038,#10045),.PCURVE_S1.);
#10034 = LINE('',#10035,#10036);
#10035 = CARTESIAN_POINT('',(12.,29.1,102.5));
#10036 = VECTOR('',#10037,1.);
#10037 = DIRECTION('',(-0.,-0.,1.));
#10038 = PCURVE('',#8642,#10039);
#10039 = DEFINITIONAL_REPRESENTATION('',(#10040),#10044);
#10040 = LINE('',#10041,#10042);
#10041 = CARTESIAN_POINT('',(-0.,-58.2));
#10042 = VECTOR('',#10043,1.);
#10043 = DIRECTION('',(-1.,-0.));
#10044 = ( GEOMETRIC_REPRESENTATION_CONTEXT(2) 
PARAMETRIC_REPRESENTATION_CONTEXT() REPRESENTATION_CONTEXT('2D SPACE',''
  ) );
#10045 = PCURVE('',#8614,#10046);
#10046 = DEFINITIONAL_REPRESENTATION('',(#10047),#10051);
#10047 = LINE('',#10048,#10049);
#10048 = CARTESIAN_POINT('',(-0.5,2.5));
#10049 = VECTOR('',#10050,1.);
#10050 = DIRECTION('',(1.,-0.));
#10051 = ( GEOMETRIC_REPRESENTATION_CONTEXT(2) 
PARAMETRIC_REPRESENTATION_CONTEXT() REPRESENTATION_CONTEXT('2D SPACE',''
  ) );
#10052 = ORIENTED_EDGE('',*,*,#10053,.F.);
#10053 = EDGE_CURVE('',#9981,#10031,#10054,.T.);
#10054 = SURFACE_CURVE('',#10055,(#10059,#10066),.PCURVE_S1.);
#10055 = LINE('',#10056,#10057);
#10056 = CARTESIAN_POINT('',(12.,-29.1,103.5));
#10057 = VECTOR('',#10058,1.);
#10058 = DIRECTION('',(-0.,1.,-0.));
#10059 = PCURVE('',#8642,#10060);
#10060 = DEFINITIONAL_REPRESENTATION('',(#10061),#10065);
#10061 = LINE('',#10062,#10063);
#10062 = CARTESIAN_POINT('',(-1.,-0.));
#10063 = VECTOR('',#10064,1.);
#10064 = DIRECTION('',(-0.,-1.));
#10065 = ( GEOMETRIC_REPRESENTATION_CONTEXT(2) 
PARAMETRIC_REPRESENTATION_CONTEXT() REPRESENTATION_CONTEXT('2D SPACE',''
  ) );
#10066 = PCURVE('',#9937,#10067);
#10067 = DEFINITIONAL_REPRESENTATION('',(#10068),#10072);
#10068 = LINE('',#10069,#10070);
#10069 = CARTESIAN_POINT('',(-0.,-0.));
#10070 = VECTOR('',#10071,1.);
#10071 = DIRECTION('',(-0.,-1.));
#10072 = ( GEOMETRIC_REPRESENTATION_CONTEXT(2) 
PARAMETRIC_REPRESENTATION_CONTEXT() REPRESENTATION_CONTEXT('2D SPACE',''
  ) );
#10073 = ADVANCED_FACE('',(#10074),#8614,.F.);
#10074 = FACE_BOUND('',#10075,.T.);
#10075 = EDGE_LOOP('',(#10076,#10099,#10100,#10101));
#10076 = ORIENTED_EDGE('',*,*,#10077,.T.);
#10077 = EDGE_CURVE('',#10078,#8571,#10080,.T.);
#10078 = VERTEX_POINT('',#10079);
#10079 = CARTESIAN_POINT('',(7.,29.1,103.5));
#10080 = SURFACE_CURVE('',#10081,(#10085,#10092),.PCURVE_S1.);
#10081 = LINE('',#10082,#10083);
#10082 = CARTESIAN_POINT('',(7.,29.1,103.5));
#10083 = VECTOR('',#10084,1.);
#10084 = DIRECTION('',(-0.,-0.,-1.));
#10085 = PCURVE('',#8614,#10086);
#10086 = DEFINITIONAL_REPRESENTATION('',(#10087),#10091);
#10087 = LINE('',#10088,#10089);
#10088 = CARTESIAN_POINT('',(0.5,-2.5));
#10089 = VECTOR('',#10090,1.);
#10090 = DIRECTION('',(-1.,0.));
#10091 = ( GEOMETRIC_REPRESENTATION_CONTEXT(2) 
PARAMETRIC_REPRESENTATION_CONTEXT() REPRESENTATION_CONTEXT('2D SPACE',''
  ) );
#10092 = PCURVE('',#8586,#10093);
#10093 = DEFINITIONAL_REPRESENTATION('',(#10094),#10098);
#10094 = LINE('',#10095,#10096);
#10095 = CARTESIAN_POINT('',(-0.,-58.2));
#10096 = VECTOR('',#10097,1.);
#10097 = DIRECTION('',(-1.,0.));
#10098 = ( GEOMETRIC_REPRESENTATION_CONTEXT(2) 
PARAMETRIC_REPRESENTATION_CONTEXT() REPRESENTATION_CONTEXT('2D SPACE',''
  ) );
#10099 = ORIENTED_EDGE('',*,*,#8598,.F.);
#10100 = ORIENTED_EDGE('',*,*,#10030,.T.);
#10101 = ORIENTED_EDGE('',*,*,#10102,.T.);
#10102 = EDGE_CURVE('',#10031,#10078,#10103,.T.);
#10103 = SURFACE_CURVE('',#10104,(#10108,#10115),.PCURVE_S1.);
#10104 = LINE('',#10105,#10106);
#10105 = CARTESIAN_POINT('',(12.,29.1,103.5));
#10106 = VECTOR('',#10107,1.);
#10107 = DIRECTION('',(-1.,-0.,-0.));
#10108 = PCURVE('',#8614,#10109);
#10109 = DEFINITIONAL_REPRESENTATION('',(#10110),#10114);
#10110 = LINE('',#10111,#10112);
#10111 = CARTESIAN_POINT('',(0.5,2.5));
#10112 = VECTOR('',#10113,1.);
#10113 = DIRECTION('',(-0.,-1.));
#10114 = ( GEOMETRIC_REPRESENTATION_CONTEXT(2) 
PARAMETRIC_REPRESENTATION_CONTEXT() REPRESENTATION_CONTEXT('2D SPACE',''
  ) );
#10115 = PCURVE('',#9937,#10116);
#10116 = DEFINITIONAL_REPRESENTATION('',(#10117),#10121);
#10117 = LINE('',#10118,#10119);
#10118 = CARTESIAN_POINT('',(-0.,-58.2));
#10119 = VECTOR('',#10120,1.);
#10120 = DIRECTION('',(-1.,0.));
#10121 = ( GEOMETRIC_REPRESENTATION_CONTEXT(2) 
PARAMETRIC_REPRESENTATION_CONTEXT() REPRESENTATION_CONTEXT('2D SPACE',''
  ) );
#10122 = ADVANCED_FACE('',(#10123),#8586,.T.);
#10123 = FACE_BOUND('',#10124,.F.);
#10124 = EDGE_LOOP('',(#10125,#10148,#10169,#10170));
#10125 = ORIENTED_EDGE('',*,*,#10126,.T.);
#10126 = EDGE_CURVE('',#8543,#10127,#10129,.T.);
#10127 = VERTEX_POINT('',#10128);
#10128 = CARTESIAN_POINT('',(7.,-22.16,103.5));
#10129 = SURFACE_CURVE('',#10130,(#10134,#10141),.PCURVE_S1.);
#10130 = LINE('',#10131,#10132);
#10131 = CARTESIAN_POINT('',(7.,-22.16,103.25));
#10132 = VECTOR('',#10133,1.);
#10133 = DIRECTION('',(-0.,-0.,1.));
#10134 = PCURVE('',#8586,#10135);
#10135 = DEFINITIONAL_REPRESENTATION('',(#10136),#10140);
#10136 = LINE('',#10137,#10138);
#10137 = CARTESIAN_POINT('',(-0.25,-6.94));
#10138 = VECTOR('',#10139,1.);
#10139 = DIRECTION('',(1.,-0.));
#10140 = ( GEOMETRIC_REPRESENTATION_CONTEXT(2) 
PARAMETRIC_REPRESENTATION_CONTEXT() REPRESENTATION_CONTEXT('2D SPACE',''
  ) );
#10141 = PCURVE('',#8558,#10142);
#10142 = DEFINITIONAL_REPRESENTATION('',(#10143),#10147);
#10143 = LINE('',#10144,#10145);
#10144 = CARTESIAN_POINT('',(0.25,2.));
#10145 = VECTOR('',#10146,1.);
#10146 = DIRECTION('',(1.,-0.));
#10147 = ( GEOMETRIC_REPRESENTATION_CONTEXT(2) 
PARAMETRIC_REPRESENTATION_CONTEXT() REPRESENTATION_CONTEXT('2D SPACE',''
  ) );
#10148 = ORIENTED_EDGE('',*,*,#10149,.T.);
#10149 = EDGE_CURVE('',#10127,#10078,#10150,.T.);
#10150 = SURFACE_CURVE('',#10151,(#10155,#10162),.PCURVE_S1.);
#10151 = LINE('',#10152,#10153);
#10152 = CARTESIAN_POINT('',(7.,-29.1,103.5));
#10153 = VECTOR('',#10154,1.);
#10154 = DIRECTION('',(-0.,1.,-0.));
#10155 = PCURVE('',#8586,#10156);
#10156 = DEFINITIONAL_REPRESENTATION('',(#10157),#10161);
#10157 = LINE('',#10158,#10159);
#10158 = CARTESIAN_POINT('',(-0.,-0.));
#10159 = VECTOR('',#10160,1.);
#10160 = DIRECTION('',(-0.,-1.));
#10161 = ( GEOMETRIC_REPRESENTATION_CONTEXT(2) 
PARAMETRIC_REPRESENTATION_CONTEXT() REPRESENTATION_CONTEXT('2D SPACE',''
  ) );
#10162 = PCURVE('',#9937,#10163);
#10163 = DEFINITIONAL_REPRESENTATION('',(#10164),#10168);
#10164 = LINE('',#10165,#10166);
#10165 = CARTESIAN_POINT('',(-5.,0.));
#10166 = VECTOR('',#10167,1.);
#10167 = DIRECTION('',(-0.,-1.));
#10168 = ( GEOMETRIC_REPRESENTATION_CONTEXT(2) 
PARAMETRIC_REPRESENTATION_CONTEXT() REPRESENTATION_CONTEXT('2D SPACE',''
  ) );
#10169 = ORIENTED_EDGE('',*,*,#10077,.T.);
#10170 = ORIENTED_EDGE('',*,*,#8570,.F.);
#10171 = ADVANCED_FACE('',(#10172),#8558,.F.);
#10172 = FACE_BOUND('',#10173,.T.);
#10173 = EDGE_LOOP('',(#10174,#10175,#10176,#10197,#10198));
#10174 = ORIENTED_EDGE('',*,*,#8542,.F.);
#10175 = ORIENTED_EDGE('',*,*,#10126,.T.);
#10176 = ORIENTED_EDGE('',*,*,#10177,.T.);
#10177 = EDGE_CURVE('',#10127,#9922,#10178,.T.);
#10178 = SURFACE_CURVE('',#10179,(#10183,#10190),.PCURVE_S1.);
#10179 = LINE('',#10180,#10181);
#10180 = CARTESIAN_POINT('',(8.5,-22.16,103.5));
#10181 = VECTOR('',#10182,1.);
#10182 = DIRECTION('',(1.,-0.,-0.));
#10183 = PCURVE('',#8558,#10184);
#10184 = DEFINITIONAL_REPRESENTATION('',(#10185),#10189);
#10185 = LINE('',#10186,#10187);
#10186 = CARTESIAN_POINT('',(0.5,3.5));
#10187 = VECTOR('',#10188,1.);
#10188 = DIRECTION('',(-0.,1.));
#10189 = ( GEOMETRIC_REPRESENTATION_CONTEXT(2) 
PARAMETRIC_REPRESENTATION_CONTEXT() REPRESENTATION_CONTEXT('2D SPACE',''
  ) );
#10190 = PCURVE('',#9937,#10191);
#10191 = DEFINITIONAL_REPRESENTATION('',(#10192),#10196);
#10192 = LINE('',#10193,#10194);
#10193 = CARTESIAN_POINT('',(-3.5,-6.94));
#10194 = VECTOR('',#10195,1.);
#10195 = DIRECTION('',(1.,-0.));
#10196 = ( GEOMETRIC_REPRESENTATION_CONTEXT(2) 
PARAMETRIC_REPRESENTATION_CONTEXT() REPRESENTATION_CONTEXT('2D SPACE',''
  ) );
#10197 = ORIENTED_EDGE('',*,*,#9949,.T.);
#10198 = ORIENTED_EDGE('',*,*,#8810,.F.);
#10199 = ADVANCED_FACE('',(#10200),#8957,.F.);
#10200 = FACE_BOUND('',#10201,.T.);
#10201 = EDGE_LOOP('',(#10202,#10203,#10226,#10249,#10272,#10295,#10316,
    #10317));
#10202 = ORIENTED_EDGE('',*,*,#9100,.F.);
#10203 = ORIENTED_EDGE('',*,*,#10204,.T.);
#10204 = EDGE_CURVE('',#9073,#10205,#10207,.T.);
#10205 = VERTEX_POINT('',#10206);
#10206 = CARTESIAN_POINT('',(-15.,-36.,74.5));
#10207 = SURFACE_CURVE('',#10208,(#10212,#10219),.PCURVE_S1.);
#10208 = LINE('',#10209,#10210);
#10209 = CARTESIAN_POINT('',(-15.,-36.35,74.5));
#10210 = VECTOR('',#10211,1.);
#10211 = DIRECTION('',(-0.,1.,-0.));
#10212 = PCURVE('',#8957,#10213);
#10213 = DEFINITIONAL_REPRESENTATION('',(#10214),#10218);
#10214 = LINE('',#10215,#10216);
#10215 = CARTESIAN_POINT('',(-0.,-0.));
#10216 = VECTOR('',#10217,1.);
#10217 = DIRECTION('',(-0.,-1.));
#10218 = ( GEOMETRIC_REPRESENTATION_CONTEXT(2) 
PARAMETRIC_REPRESENTATION_CONTEXT() REPRESENTATION_CONTEXT('2D SPACE',''
  ) );
#10219 = PCURVE('',#9088,#10220);
#10220 = DEFINITIONAL_REPRESENTATION('',(#10221),#10225);
#10221 = LINE('',#10222,#10223);
#10222 = CARTESIAN_POINT('',(-10.,0.));
#10223 = VECTOR('',#10224,1.);
#10224 = DIRECTION('',(-0.,-1.));
#10225 = ( GEOMETRIC_REPRESENTATION_CONTEXT(2) 
PARAMETRIC_REPRESENTATION_CONTEXT() REPRESENTATION_CONTEXT('2D SPACE',''
  ) );
#10226 = ORIENTED_EDGE('',*,*,#10227,.F.);
#10227 = EDGE_CURVE('',#10228,#10205,#10230,.T.);
#10228 = VERTEX_POINT('',#10229);
#10229 = CARTESIAN_POINT('',(-11.00500312891,-36.,74.5));
#10230 = SURFACE_CURVE('',#10231,(#10235,#10242),.PCURVE_S1.);
#10231 = LINE('',#10232,#10233);
#10232 = CARTESIAN_POINT('',(-15.,-36.,74.5));
#10233 = VECTOR('',#10234,1.);
#10234 = DIRECTION('',(-1.,-0.,-0.));
#10235 = PCURVE('',#8957,#10236);
#10236 = DEFINITIONAL_REPRESENTATION('',(#10237),#10241);
#10237 = LINE('',#10238,#10239);
#10238 = CARTESIAN_POINT('',(-0.,-0.35));
#10239 = VECTOR('',#10240,1.);
#10240 = DIRECTION('',(1.,-0.));
#10241 = ( GEOMETRIC_REPRESENTATION_CONTEXT(2) 
PARAMETRIC_REPRESENTATION_CONTEXT() REPRESENTATION_CONTEXT('2D SPACE',''
  ) );
#10242 = PCURVE('',#9329,#10243);
#10243 = DEFINITIONAL_REPRESENTATION('',(#10244),#10248);
#10244 = LINE('',#10245,#10246);
#10245 = CARTESIAN_POINT('',(5.,-0.));
#10246 = VECTOR('',#10247,1.);
#10247 = DIRECTION('',(-0.,-1.));
#10248 = ( GEOMETRIC_REPRESENTATION_CONTEXT(2) 
PARAMETRIC_REPRESENTATION_CONTEXT() REPRESENTATION_CONTEXT('2D SPACE',''
  ) );
#10249 = ORIENTED_EDGE('',*,*,#10250,.F.);
#10250 = EDGE_CURVE('',#10251,#10228,#10253,.T.);
#10251 = VERTEX_POINT('',#10252);
#10252 = CARTESIAN_POINT('',(-11.00500312891,-24.,74.5));
#10253 = SURFACE_CURVE('',#10254,(#10258,#10265),.PCURVE_S1.);
#10254 = LINE('',#10255,#10256);
#10255 = CARTESIAN_POINT('',(-11.00500312891,-24.,74.5));
#10256 = VECTOR('',#10257,1.);
#10257 = DIRECTION('',(-0.,-1.,-0.));
#10258 = PCURVE('',#8957,#10259);
#10259 = DEFINITIONAL_REPRESENTATION('',(#10260),#10264);
#10260 = LINE('',#10261,#10262);
#10261 = CARTESIAN_POINT('',(-3.994996871088,-12.35));
#10262 = VECTOR('',#10263,1.);
#10263 = DIRECTION('',(-0.,1.));
#10264 = ( GEOMETRIC_REPRESENTATION_CONTEXT(2) 
PARAMETRIC_REPRESENTATION_CONTEXT() REPRESENTATION_CONTEXT('2D SPACE',''
  ) );
#10265 = PCURVE('',#9301,#10266);
#10266 = DEFINITIONAL_REPRESENTATION('',(#10267),#10271);
#10267 = LINE('',#10268,#10269);
#10268 = CARTESIAN_POINT('',(-2.467462146922,0.));
#10269 = VECTOR('',#10270,1.);
#10270 = DIRECTION('',(-0.,1.));
#10271 = ( GEOMETRIC_REPRESENTATION_CONTEXT(2) 
PARAMETRIC_REPRESENTATION_CONTEXT() REPRESENTATION_CONTEXT('2D SPACE',''
  ) );
#10272 = ORIENTED_EDGE('',*,*,#10273,.T.);
#10273 = EDGE_CURVE('',#10251,#10274,#10276,.T.);
#10274 = VERTEX_POINT('',#10275);
#10275 = CARTESIAN_POINT('',(-15.,-24.,74.5));
#10276 = SURFACE_CURVE('',#10277,(#10281,#10288),.PCURVE_S1.);
#10277 = LINE('',#10278,#10279);
#10278 = CARTESIAN_POINT('',(-15.,-24.,74.5));
#10279 = VECTOR('',#10280,1.);
#10280 = DIRECTION('',(-1.,-0.,-0.));
#10281 = PCURVE('',#8957,#10282);
#10282 = DEFINITIONAL_REPRESENTATION('',(#10283),#10287);
#10283 = LINE('',#10284,#10285);
#10284 = CARTESIAN_POINT('',(-0.,-12.35));
#10285 = VECTOR('',#10286,1.);
#10286 = DIRECTION('',(1.,-0.));
#10287 = ( GEOMETRIC_REPRESENTATION_CONTEXT(2) 
PARAMETRIC_REPRESENTATION_CONTEXT() REPRESENTATION_CONTEXT('2D SPACE',''
  ) );
#10288 = PCURVE('',#9273,#10289);
#10289 = DEFINITIONAL_REPRESENTATION('',(#10290),#10294);
#10290 = LINE('',#10291,#10292);
#10291 = CARTESIAN_POINT('',(5.,-0.));
#10292 = VECTOR('',#10293,1.);
#10293 = DIRECTION('',(-0.,-1.));
#10294 = ( GEOMETRIC_REPRESENTATION_CONTEXT(2) 
PARAMETRIC_REPRESENTATION_CONTEXT() REPRESENTATION_CONTEXT('2D SPACE',''
  ) );
#10295 = ORIENTED_EDGE('',*,*,#10296,.T.);
#10296 = EDGE_CURVE('',#10274,#9368,#10297,.T.);
#10297 = SURFACE_CURVE('',#10298,(#10302,#10309),.PCURVE_S1.);
#10298 = LINE('',#10299,#10300);
#10299 = CARTESIAN_POINT('',(-15.,-36.35,74.5));
#10300 = VECTOR('',#10301,1.);
#10301 = DIRECTION('',(-0.,1.,-0.));
#10302 = PCURVE('',#8957,#10303);
#10303 = DEFINITIONAL_REPRESENTATION('',(#10304),#10308);
#10304 = LINE('',#10305,#10306);
#10305 = CARTESIAN_POINT('',(-0.,-0.));
#10306 = VECTOR('',#10307,1.);
#10307 = DIRECTION('',(-0.,-1.));
#10308 = ( GEOMETRIC_REPRESENTATION_CONTEXT(2) 
PARAMETRIC_REPRESENTATION_CONTEXT() REPRESENTATION_CONTEXT('2D SPACE',''
  ) );
#10309 = PCURVE('',#9383,#10310);
#10310 = DEFINITIONAL_REPRESENTATION('',(#10311),#10315);
#10311 = LINE('',#10312,#10313);
#10312 = CARTESIAN_POINT('',(-10.,0.));
#10313 = VECTOR('',#10314,1.);
#10314 = DIRECTION('',(-0.,-1.));
#10315 = ( GEOMETRIC_REPRESENTATION_CONTEXT(2) 
PARAMETRIC_REPRESENTATION_CONTEXT() REPRESENTATION_CONTEXT('2D SPACE',''
  ) );
#10316 = ORIENTED_EDGE('',*,*,#9395,.T.);
#10317 = ORIENTED_EDGE('',*,*,#8941,.F.);
#10318 = ADVANCED_FACE('',(#10319),#9033,.F.);
#10319 = FACE_BOUND('',#10320,.T.);
#10320 = EDGE_LOOP('',(#10321,#10322,#10345,#10368,#10391,#10414,#10435,
    #10436));
#10321 = ORIENTED_EDGE('',*,*,#9497,.F.);
#10322 = ORIENTED_EDGE('',*,*,#10323,.T.);
#10323 = EDGE_CURVE('',#9470,#10324,#10326,.T.);
#10324 = VERTEX_POINT('',#10325);
#10325 = CARTESIAN_POINT('',(-15.,24.,74.5));
#10326 = SURFACE_CURVE('',#10327,(#10331,#10338),.PCURVE_S1.);
#10327 = LINE('',#10328,#10329);
#10328 = CARTESIAN_POINT('',(-15.,23.65,74.5));
#10329 = VECTOR('',#10330,1.);
#10330 = DIRECTION('',(-0.,1.,-0.));
#10331 = PCURVE('',#9033,#10332);
#10332 = DEFINITIONAL_REPRESENTATION('',(#10333),#10337);
#10333 = LINE('',#10334,#10335);
#10334 = CARTESIAN_POINT('',(-0.,-0.));
#10335 = VECTOR('',#10336,1.);
#10336 = DIRECTION('',(-0.,-1.));
#10337 = ( GEOMETRIC_REPRESENTATION_CONTEXT(2) 
PARAMETRIC_REPRESENTATION_CONTEXT() REPRESENTATION_CONTEXT('2D SPACE',''
  ) );
#10338 = PCURVE('',#9485,#10339);
#10339 = DEFINITIONAL_REPRESENTATION('',(#10340),#10344);
#10340 = LINE('',#10341,#10342);
#10341 = CARTESIAN_POINT('',(-10.,0.));
#10342 = VECTOR('',#10343,1.);
#10343 = DIRECTION('',(-0.,-1.));
#10344 = ( GEOMETRIC_REPRESENTATION_CONTEXT(2) 
PARAMETRIC_REPRESENTATION_CONTEXT() REPRESENTATION_CONTEXT('2D SPACE',''
  ) );
#10345 = ORIENTED_EDGE('',*,*,#10346,.F.);
#10346 = EDGE_CURVE('',#10347,#10324,#10349,.T.);
#10347 = VERTEX_POINT('',#10348);
#10348 = CARTESIAN_POINT('',(-11.00500312891,24.,74.5));
#10349 = SURFACE_CURVE('',#10350,(#10354,#10361),.PCURVE_S1.);
#10350 = LINE('',#10351,#10352);
#10351 = CARTESIAN_POINT('',(-15.,24.,74.5));
#10352 = VECTOR('',#10353,1.);
#10353 = DIRECTION('',(-1.,-0.,-0.));
#10354 = PCURVE('',#9033,#10355);
#10355 = DEFINITIONAL_REPRESENTATION('',(#10356),#10360);
#10356 = LINE('',#10357,#10358);
#10357 = CARTESIAN_POINT('',(-0.,-0.35));
#10358 = VECTOR('',#10359,1.);
#10359 = DIRECTION('',(1.,-0.));
#10360 = ( GEOMETRIC_REPRESENTATION_CONTEXT(2) 
PARAMETRIC_REPRESENTATION_CONTEXT() REPRESENTATION_CONTEXT('2D SPACE',''
  ) );
#10361 = PCURVE('',#9726,#10362);
#10362 = DEFINITIONAL_REPRESENTATION('',(#10363),#10367);
#10363 = LINE('',#10364,#10365);
#10364 = CARTESIAN_POINT('',(5.,-0.));
#10365 = VECTOR('',#10366,1.);
#10366 = DIRECTION('',(-0.,-1.));
#10367 = ( GEOMETRIC_REPRESENTATION_CONTEXT(2) 
PARAMETRIC_REPRESENTATION_CONTEXT() REPRESENTATION_CONTEXT('2D SPACE',''
  ) );
#10368 = ORIENTED_EDGE('',*,*,#10369,.F.);
#10369 = EDGE_CURVE('',#10370,#10347,#10372,.T.);
#10370 = VERTEX_POINT('',#10371);
#10371 = CARTESIAN_POINT('',(-11.00500312891,36.,74.5));
#10372 = SURFACE_CURVE('',#10373,(#10377,#10384),.PCURVE_S1.);
#10373 = LINE('',#10374,#10375);
#10374 = CARTESIAN_POINT('',(-11.00500312891,36.,74.5));
#10375 = VECTOR('',#10376,1.);
#10376 = DIRECTION('',(-0.,-1.,-0.));
#10377 = PCURVE('',#9033,#10378);
#10378 = DEFINITIONAL_REPRESENTATION('',(#10379),#10383);
#10379 = LINE('',#10380,#10381);
#10380 = CARTESIAN_POINT('',(-3.994996871088,-12.35));
#10381 = VECTOR('',#10382,1.);
#10382 = DIRECTION('',(-0.,1.));
#10383 = ( GEOMETRIC_REPRESENTATION_CONTEXT(2) 
PARAMETRIC_REPRESENTATION_CONTEXT() REPRESENTATION_CONTEXT('2D SPACE',''
  ) );
#10384 = PCURVE('',#9698,#10385);
#10385 = DEFINITIONAL_REPRESENTATION('',(#10386),#10390);
#10386 = LINE('',#10387,#10388);
#10387 = CARTESIAN_POINT('',(-2.467462146922,0.));
#10388 = VECTOR('',#10389,1.);
#10389 = DIRECTION('',(-0.,1.));
#10390 = ( GEOMETRIC_REPRESENTATION_CONTEXT(2) 
PARAMETRIC_REPRESENTATION_CONTEXT() REPRESENTATION_CONTEXT('2D SPACE',''
  ) );
#10391 = ORIENTED_EDGE('',*,*,#10392,.T.);
#10392 = EDGE_CURVE('',#10370,#10393,#10395,.T.);
#10393 = VERTEX_POINT('',#10394);
#10394 = CARTESIAN_POINT('',(-15.,36.,74.5));
#10395 = SURFACE_CURVE('',#10396,(#10400,#10407),.PCURVE_S1.);
#10396 = LINE('',#10397,#10398);
#10397 = CARTESIAN_POINT('',(-15.,36.,74.5));
#10398 = VECTOR('',#10399,1.);
#10399 = DIRECTION('',(-1.,-0.,-0.));
#10400 = PCURVE('',#9033,#10401);
#10401 = DEFINITIONAL_REPRESENTATION('',(#10402),#10406);
#10402 = LINE('',#10403,#10404);
#10403 = CARTESIAN_POINT('',(-0.,-12.35));
#10404 = VECTOR('',#10405,1.);
#10405 = DIRECTION('',(1.,-0.));
#10406 = ( GEOMETRIC_REPRESENTATION_CONTEXT(2) 
PARAMETRIC_REPRESENTATION_CONTEXT() REPRESENTATION_CONTEXT('2D SPACE',''
  ) );
#10407 = PCURVE('',#9670,#10408);
#10408 = DEFINITIONAL_REPRESENTATION('',(#10409),#10413);
#10409 = LINE('',#10410,#10411);
#10410 = CARTESIAN_POINT('',(5.,-0.));
#10411 = VECTOR('',#10412,1.);
#10412 = DIRECTION('',(-0.,-1.));
#10413 = ( GEOMETRIC_REPRESENTATION_CONTEXT(2) 
PARAMETRIC_REPRESENTATION_CONTEXT() REPRESENTATION_CONTEXT('2D SPACE',''
  ) );
#10414 = ORIENTED_EDGE('',*,*,#10415,.T.);
#10415 = EDGE_CURVE('',#10393,#9765,#10416,.T.);
#10416 = SURFACE_CURVE('',#10417,(#10421,#10428),.PCURVE_S1.);
#10417 = LINE('',#10418,#10419);
#10418 = CARTESIAN_POINT('',(-15.,23.65,74.5));
#10419 = VECTOR('',#10420,1.);
#10420 = DIRECTION('',(-0.,1.,-0.));
#10421 = PCURVE('',#9033,#10422);
#10422 = DEFINITIONAL_REPRESENTATION('',(#10423),#10427);
#10423 = LINE('',#10424,#10425);
#10424 = CARTESIAN_POINT('',(-0.,-0.));
#10425 = VECTOR('',#10426,1.);
#10426 = DIRECTION('',(-0.,-1.));
#10427 = ( GEOMETRIC_REPRESENTATION_CONTEXT(2) 
PARAMETRIC_REPRESENTATION_CONTEXT() REPRESENTATION_CONTEXT('2D SPACE',''
  ) );
#10428 = PCURVE('',#9780,#10429);
#10429 = DEFINITIONAL_REPRESENTATION('',(#10430),#10434);
#10430 = LINE('',#10431,#10432);
#10431 = CARTESIAN_POINT('',(-10.,0.));
#10432 = VECTOR('',#10433,1.);
#10433 = DIRECTION('',(-0.,-1.));
#10434 = ( GEOMETRIC_REPRESENTATION_CONTEXT(2) 
PARAMETRIC_REPRESENTATION_CONTEXT() REPRESENTATION_CONTEXT('2D SPACE',''
  ) );
#10435 = ORIENTED_EDGE('',*,*,#9792,.T.);
#10436 = ORIENTED_EDGE('',*,*,#9017,.F.);
#10437 = ADVANCED_FACE('',(#10438),#9088,.F.);
#10438 = FACE_BOUND('',#10439,.T.);
#10439 = EDGE_LOOP('',(#10440,#10441,#10464,#10485));
#10440 = ORIENTED_EDGE('',*,*,#9070,.F.);
#10441 = ORIENTED_EDGE('',*,*,#10442,.F.);
#10442 = EDGE_CURVE('',#10443,#9071,#10445,.T.);
#10443 = VERTEX_POINT('',#10444);
#10444 = CARTESIAN_POINT('',(-15.,-36.,77.8));
#10445 = SURFACE_CURVE('',#10446,(#10450,#10457),.PCURVE_S1.);
#10446 = LINE('',#10447,#10448);
#10447 = CARTESIAN_POINT('',(-15.,-23.5,77.8));
#10448 = VECTOR('',#10449,1.);
#10449 = DIRECTION('',(-0.,-1.,-0.));
#10450 = PCURVE('',#9088,#10451);
#10451 = DEFINITIONAL_REPRESENTATION('',(#10452),#10456);
#10452 = LINE('',#10453,#10454);
#10453 = CARTESIAN_POINT('',(-6.7,-12.85));
#10454 = VECTOR('',#10455,1.);
#10455 = DIRECTION('',(-0.,1.));
#10456 = ( GEOMETRIC_REPRESENTATION_CONTEXT(2) 
PARAMETRIC_REPRESENTATION_CONTEXT() REPRESENTATION_CONTEXT('2D SPACE',''
  ) );
#10457 = PCURVE('',#9189,#10458);
#10458 = DEFINITIONAL_REPRESENTATION('',(#10459),#10463);
#10459 = LINE('',#10460,#10461);
#10460 = CARTESIAN_POINT('',(-3.14159265359,0.));
#10461 = VECTOR('',#10462,1.);
#10462 = DIRECTION('',(-0.,1.));
#10463 = ( GEOMETRIC_REPRESENTATION_CONTEXT(2) 
PARAMETRIC_REPRESENTATION_CONTEXT() REPRESENTATION_CONTEXT('2D SPACE',''
  ) );
#10464 = ORIENTED_EDGE('',*,*,#10465,.F.);
#10465 = EDGE_CURVE('',#10205,#10443,#10466,.T.);
#10466 = SURFACE_CURVE('',#10467,(#10471,#10478),.PCURVE_S1.);
#10467 = LINE('',#10468,#10469);
#10468 = CARTESIAN_POINT('',(-15.,-36.,82.));
#10469 = VECTOR('',#10470,1.);
#10470 = DIRECTION('',(-0.,-0.,1.));
#10471 = PCURVE('',#9088,#10472);
#10472 = DEFINITIONAL_REPRESENTATION('',(#10473),#10477);
#10473 = LINE('',#10474,#10475);
#10474 = CARTESIAN_POINT('',(-2.5,-0.35));
#10475 = VECTOR('',#10476,1.);
#10476 = DIRECTION('',(1.,-0.));
#10477 = ( GEOMETRIC_REPRESENTATION_CONTEXT(2) 
PARAMETRIC_REPRESENTATION_CONTEXT() REPRESENTATION_CONTEXT('2D SPACE',''
  ) );
#10478 = PCURVE('',#9329,#10479);
#10479 = DEFINITIONAL_REPRESENTATION('',(#10480),#10484);
#10480 = LINE('',#10481,#10482);
#10481 = CARTESIAN_POINT('',(-2.5,0.));
#10482 = VECTOR('',#10483,1.);
#10483 = DIRECTION('',(-1.,0.));
#10484 = ( GEOMETRIC_REPRESENTATION_CONTEXT(2) 
PARAMETRIC_REPRESENTATION_CONTEXT() REPRESENTATION_CONTEXT('2D SPACE',''
  ) );
#10485 = ORIENTED_EDGE('',*,*,#10204,.F.);
#10486 = ADVANCED_FACE('',(#10487),#9189,.F.);
#10487 = FACE_BOUND('',#10488,.T.);
#10488 = EDGE_LOOP('',(#10489,#10490,#10513,#10536,#10557,#10558,#10581,
    #10607,#10608,#10634));
#10489 = ORIENTED_EDGE('',*,*,#9174,.F.);
#10490 = ORIENTED_EDGE('',*,*,#10491,.F.);
#10491 = EDGE_CURVE('',#10492,#9147,#10494,.T.);
#10492 = VERTEX_POINT('',#10493);
#10493 = CARTESIAN_POINT('',(-15.,-36.,81.2));
#10494 = SURFACE_CURVE('',#10495,(#10499,#10506),.PCURVE_S1.);
#10495 = LINE('',#10496,#10497);
#10496 = CARTESIAN_POINT('',(-15.,-23.5,81.2));
#10497 = VECTOR('',#10498,1.);
#10498 = DIRECTION('',(-0.,-1.,-0.));
#10499 = PCURVE('',#9189,#10500);
#10500 = DEFINITIONAL_REPRESENTATION('',(#10501),#10505);
#10501 = LINE('',#10502,#10503);
#10502 = CARTESIAN_POINT('',(-0.,-0.));
#10503 = VECTOR('',#10504,1.);
#10504 = DIRECTION('',(-0.,1.));
#10505 = ( GEOMETRIC_REPRESENTATION_CONTEXT(2) 
PARAMETRIC_REPRESENTATION_CONTEXT() REPRESENTATION_CONTEXT('2D SPACE',''
  ) );
#10506 = PCURVE('',#9162,#10507);
#10507 = DEFINITIONAL_REPRESENTATION('',(#10508),#10512);
#10508 = LINE('',#10509,#10510);
#10509 = CARTESIAN_POINT('',(-3.3,-12.85));
#10510 = VECTOR('',#10511,1.);
#10511 = DIRECTION('',(-0.,1.));
#10512 = ( GEOMETRIC_REPRESENTATION_CONTEXT(2) 
PARAMETRIC_REPRESENTATION_CONTEXT() REPRESENTATION_CONTEXT('2D SPACE',''
  ) );
#10513 = ORIENTED_EDGE('',*,*,#10514,.F.);
#10514 = EDGE_CURVE('',#10515,#10492,#10517,.T.);
#10515 = VERTEX_POINT('',#10516);
#10516 = CARTESIAN_POINT('',(-15.,-24.,81.2));
#10517 = SEAM_CURVE('',#10518,(#10522,#10529),.PCURVE_S1.);
#10518 = LINE('',#10519,#10520);
#10519 = CARTESIAN_POINT('',(-15.,-23.5,81.2));
#10520 = VECTOR('',#10521,1.);
#10521 = DIRECTION('',(-0.,-1.,-0.));
#10522 = PCURVE('',#9189,#10523);
#10523 = DEFINITIONAL_REPRESENTATION('',(#10524),#10528);
#10524 = LINE('',#10525,#10526);
#10525 = CARTESIAN_POINT('',(-6.28318530718,-0.));
#10526 = VECTOR('',#10527,1.);
#10527 = DIRECTION('',(-0.,1.));
#10528 = ( GEOMETRIC_REPRESENTATION_CONTEXT(2) 
PARAMETRIC_REPRESENTATION_CONTEXT() REPRESENTATION_CONTEXT('2D SPACE',''
  ) );
#10529 = PCURVE('',#9189,#10530);
#10530 = DEFINITIONAL_REPRESENTATION('',(#10531),#10535);
#10531 = LINE('',#10532,#10533);
#10532 = CARTESIAN_POINT('',(-0.,-0.));
#10533 = VECTOR('',#10534,1.);
#10534 = DIRECTION('',(-0.,1.));
#10535 = ( GEOMETRIC_REPRESENTATION_CONTEXT(2) 
PARAMETRIC_REPRESENTATION_CONTEXT() REPRESENTATION_CONTEXT('2D SPACE',''
  ) );
#10536 = ORIENTED_EDGE('',*,*,#10537,.F.);
#10537 = EDGE_CURVE('',#9420,#10515,#10538,.T.);
#10538 = SURFACE_CURVE('',#10539,(#10543,#10550),.PCURVE_S1.);
#10539 = LINE('',#10540,#10541);
#10540 = CARTESIAN_POINT('',(-15.,-23.5,81.2));
#10541 = VECTOR('',#10542,1.);
#10542 = DIRECTION('',(-0.,-1.,-0.));
#10543 = PCURVE('',#9189,#10544);
#10544 = DEFINITIONAL_REPRESENTATION('',(#10545),#10549);
#10545 = LINE('',#10546,#10547);
#10546 = CARTESIAN_POINT('',(-0.,-0.));
#10547 = VECTOR('',#10548,1.);
#10548 = DIRECTION('',(-0.,1.));
#10549 = ( GEOMETRIC_REPRESENTATION_CONTEXT(2) 
PARAMETRIC_REPRESENTATION_CONTEXT() REPRESENTATION_CONTEXT('2D SPACE',''
  ) );
#10550 = PCURVE('',#9245,#10551);
#10551 = DEFINITIONAL_REPRESENTATION('',(#10552),#10556);
#10552 = LINE('',#10553,#10554);
#10553 = CARTESIAN_POINT('',(-3.3,-12.85));
#10554 = VECTOR('',#10555,1.);
#10555 = DIRECTION('',(-0.,1.));
#10556 = ( GEOMETRIC_REPRESENTATION_CONTEXT(2) 
PARAMETRIC_REPRESENTATION_CONTEXT() REPRESENTATION_CONTEXT('2D SPACE',''
  ) );
#10557 = ORIENTED_EDGE('',*,*,#9442,.T.);
#10558 = ORIENTED_EDGE('',*,*,#10559,.T.);
#10559 = EDGE_CURVE('',#9366,#10560,#10562,.T.);
#10560 = VERTEX_POINT('',#10561);
#10561 = CARTESIAN_POINT('',(-15.,-24.,77.8));
#10562 = SURFACE_CURVE('',#10563,(#10567,#10574),.PCURVE_S1.);
#10563 = LINE('',#10564,#10565);
#10564 = CARTESIAN_POINT('',(-15.,-23.5,77.8));
#10565 = VECTOR('',#10566,1.);
#10566 = DIRECTION('',(-0.,-1.,-0.));
#10567 = PCURVE('',#9189,#10568);
#10568 = DEFINITIONAL_REPRESENTATION('',(#10569),#10573);
#10569 = LINE('',#10570,#10571);
#10570 = CARTESIAN_POINT('',(-3.14159265359,0.));
#10571 = VECTOR('',#10572,1.);
#10572 = DIRECTION('',(-0.,1.));
#10573 = ( GEOMETRIC_REPRESENTATION_CONTEXT(2) 
PARAMETRIC_REPRESENTATION_CONTEXT() REPRESENTATION_CONTEXT('2D SPACE',''
  ) );
#10574 = PCURVE('',#9383,#10575);
#10575 = DEFINITIONAL_REPRESENTATION('',(#10576),#10580);
#10576 = LINE('',#10577,#10578);
#10577 = CARTESIAN_POINT('',(-6.7,-12.85));
#10578 = VECTOR('',#10579,1.);
#10579 = DIRECTION('',(-0.,1.));
#10580 = ( GEOMETRIC_REPRESENTATION_CONTEXT(2) 
PARAMETRIC_REPRESENTATION_CONTEXT() REPRESENTATION_CONTEXT('2D SPACE',''
  ) );
#10581 = ORIENTED_EDGE('',*,*,#10582,.T.);
#10582 = EDGE_CURVE('',#10560,#10515,#10583,.T.);
#10583 = SURFACE_CURVE('',#10584,(#10589,#10596),.PCURVE_S1.);
#10584 = CIRCLE('',#10585,1.7);
#10585 = AXIS2_PLACEMENT_3D('',#10586,#10587,#10588);
#10586 = CARTESIAN_POINT('',(-15.,-24.,79.5));
#10587 = DIRECTION('',(0.,1.,0.));
#10588 = DIRECTION('',(-0.,-0.,1.));
#10589 = PCURVE('',#9189,#10590);
#10590 = DEFINITIONAL_REPRESENTATION('',(#10591),#10595);
#10591 = LINE('',#10592,#10593);
#10592 = CARTESIAN_POINT('',(-0.,0.5));
#10593 = VECTOR('',#10594,1.);
#10594 = DIRECTION('',(-1.,0.));
#10595 = ( GEOMETRIC_REPRESENTATION_CONTEXT(2) 
PARAMETRIC_REPRESENTATION_CONTEXT() REPRESENTATION_CONTEXT('2D SPACE',''
  ) );
#10596 = PCURVE('',#9273,#10597);
#10597 = DEFINITIONAL_REPRESENTATION('',(#10598),#10606);
#10598 = ( BOUNDED_CURVE() B_SPLINE_CURVE(2,(#10599,#10600,#10601,#10602
    ,#10603,#10604,#10605),.UNSPECIFIED.,.T.,.F.) 
B_SPLINE_CURVE_WITH_KNOTS((1,2,2,2,2,1),(-2.094395102393,0.,
    2.094395102393,4.188790204786,6.28318530718,8.377580409573),
.UNSPECIFIED.) CURVE() GEOMETRIC_REPRESENTATION_ITEM() 
RATIONAL_B_SPLINE_CURVE((1.,0.5,1.,0.5,1.,0.5,1.)) REPRESENTATION_ITEM(
  '') );
#10599 = CARTESIAN_POINT('',(-1.7,0.));
#10600 = CARTESIAN_POINT('',(-1.7,2.944486372867));
#10601 = CARTESIAN_POINT('',(0.85,1.472243186434));
#10602 = CARTESIAN_POINT('',(3.4,4.163799117101E-16));
#10603 = CARTESIAN_POINT('',(0.85,-1.472243186434));
#10604 = CARTESIAN_POINT('',(-1.7,-2.944486372867));
#10605 = CARTESIAN_POINT('',(-1.7,0.));
#10606 = ( GEOMETRIC_REPRESENTATION_CONTEXT(2) 
PARAMETRIC_REPRESENTATION_CONTEXT() REPRESENTATION_CONTEXT('2D SPACE',''
  ) );
#10607 = ORIENTED_EDGE('',*,*,#10514,.T.);
#10608 = ORIENTED_EDGE('',*,*,#10609,.F.);
#10609 = EDGE_CURVE('',#10443,#10492,#10610,.T.);
#10610 = SURFACE_CURVE('',#10611,(#10616,#10623),.PCURVE_S1.);
#10611 = CIRCLE('',#10612,1.7);
#10612 = AXIS2_PLACEMENT_3D('',#10613,#10614,#10615);
#10613 = CARTESIAN_POINT('',(-15.,-36.,79.5));
#10614 = DIRECTION('',(0.,1.,0.));
#10615 = DIRECTION('',(-0.,-0.,1.));
#10616 = PCURVE('',#9189,#10617);
#10617 = DEFINITIONAL_REPRESENTATION('',(#10618),#10622);
#10618 = LINE('',#10619,#10620);
#10619 = CARTESIAN_POINT('',(-0.,12.5));
#10620 = VECTOR('',#10621,1.);
#10621 = DIRECTION('',(-1.,0.));
#10622 = ( GEOMETRIC_REPRESENTATION_CONTEXT(2) 
PARAMETRIC_REPRESENTATION_CONTEXT() REPRESENTATION_CONTEXT('2D SPACE',''
  ) );
#10623 = PCURVE('',#9329,#10624);
#10624 = DEFINITIONAL_REPRESENTATION('',(#10625),#10633);
#10625 = ( BOUNDED_CURVE() B_SPLINE_CURVE(2,(#10626,#10627,#10628,#10629
    ,#10630,#10631,#10632),.UNSPECIFIED.,.T.,.F.) 
B_SPLINE_CURVE_WITH_KNOTS((1,2,2,2,2,1),(-2.094395102393,0.,
    2.094395102393,4.188790204786,6.28318530718,8.377580409573),
.UNSPECIFIED.) CURVE() GEOMETRIC_REPRESENTATION_ITEM() 
RATIONAL_B_SPLINE_CURVE((1.,0.5,1.,0.5,1.,0.5,1.)) REPRESENTATION_ITEM(
  '') );
#10626 = CARTESIAN_POINT('',(-1.7,0.));
#10627 = CARTESIAN_POINT('',(-1.7,2.944486372867));
#10628 = CARTESIAN_POINT('',(0.85,1.472243186434));
#10629 = CARTESIAN_POINT('',(3.4,4.163799117101E-16));
#10630 = CARTESIAN_POINT('',(0.85,-1.472243186434));
#10631 = CARTESIAN_POINT('',(-1.7,-2.944486372867));
#10632 = CARTESIAN_POINT('',(-1.7,0.));
#10633 = ( GEOMETRIC_REPRESENTATION_CONTEXT(2) 
PARAMETRIC_REPRESENTATION_CONTEXT() REPRESENTATION_CONTEXT('2D SPACE',''
  ) );
#10634 = ORIENTED_EDGE('',*,*,#10442,.T.);
#10635 = ADVANCED_FACE('',(#10636),#9162,.F.);
#10636 = FACE_BOUND('',#10637,.T.);
#10637 = EDGE_LOOP('',(#10638,#10639,#10640,#10661));
#10638 = ORIENTED_EDGE('',*,*,#9146,.F.);
#10639 = ORIENTED_EDGE('',*,*,#9341,.T.);
#10640 = ORIENTED_EDGE('',*,*,#10641,.F.);
#10641 = EDGE_CURVE('',#10492,#9314,#10642,.T.);
#10642 = SURFACE_CURVE('',#10643,(#10647,#10654),.PCURVE_S1.);
#10643 = LINE('',#10644,#10645);
#10644 = CARTESIAN_POINT('',(-15.,-36.,82.));
#10645 = VECTOR('',#10646,1.);
#10646 = DIRECTION('',(-0.,-0.,1.));
#10647 = PCURVE('',#9162,#10648);
#10648 = DEFINITIONAL_REPRESENTATION('',(#10649),#10653);
#10649 = LINE('',#10650,#10651);
#10650 = CARTESIAN_POINT('',(-2.5,-0.35));
#10651 = VECTOR('',#10652,1.);
#10652 = DIRECTION('',(1.,-0.));
#10653 = ( GEOMETRIC_REPRESENTATION_CONTEXT(2) 
PARAMETRIC_REPRESENTATION_CONTEXT() REPRESENTATION_CONTEXT('2D SPACE',''
  ) );
#10654 = PCURVE('',#9329,#10655);
#10655 = DEFINITIONAL_REPRESENTATION('',(#10656),#10660);
#10656 = LINE('',#10657,#10658);
#10657 = CARTESIAN_POINT('',(-2.5,0.));
#10658 = VECTOR('',#10659,1.);
#10659 = DIRECTION('',(-1.,0.));
#10660 = ( GEOMETRIC_REPRESENTATION_CONTEXT(2) 
PARAMETRIC_REPRESENTATION_CONTEXT() REPRESENTATION_CONTEXT('2D SPACE',''
  ) );
#10661 = ORIENTED_EDGE('',*,*,#10491,.T.);
#10662 = ADVANCED_FACE('',(#10663),#9329,.T.);
#10663 = FACE_BOUND('',#10664,.F.);
#10664 = EDGE_LOOP('',(#10665,#10666,#10692,#10693,#10694,#10695));
#10665 = ORIENTED_EDGE('',*,*,#10227,.F.);
#10666 = ORIENTED_EDGE('',*,*,#10667,.T.);
#10667 = EDGE_CURVE('',#10228,#9286,#10668,.T.);
#10668 = SURFACE_CURVE('',#10669,(#10674,#10685),.PCURVE_S1.);
#10669 = CIRCLE('',#10670,6.4);
#10670 = AXIS2_PLACEMENT_3D('',#10671,#10672,#10673);
#10671 = CARTESIAN_POINT('',(-15.,-36.,79.5));
#10672 = DIRECTION('',(0.,1.,-0.));
#10673 = DIRECTION('',(0.624218261107,-0.,-0.78125));
#10674 = PCURVE('',#9329,#10675);
#10675 = DEFINITIONAL_REPRESENTATION('',(#10676),#10684);
#10676 = ( BOUNDED_CURVE() B_SPLINE_CURVE(2,(#10677,#10678,#10679,#10680
    ,#10681,#10682,#10683),.UNSPECIFIED.,.T.,.F.) 
B_SPLINE_CURVE_WITH_KNOTS((1,2,2,2,2,1),(-2.094395102393,0.,
    2.094395102393,4.188790204786,6.28318530718,8.377580409573),
.UNSPECIFIED.) CURVE() GEOMETRIC_REPRESENTATION_ITEM() 
RATIONAL_B_SPLINE_CURVE((1.,0.5,1.,0.5,1.,0.5,1.)) REPRESENTATION_ITEM(
  '') );
#10677 = CARTESIAN_POINT('',(5.,3.994996871088));
#10678 = CARTESIAN_POINT('',(11.919537556802,-4.665257166757));
#10679 = CARTESIAN_POINT('',(0.959768778401,-6.327625454466));
#10680 = CARTESIAN_POINT('',(-10.,-7.989993742175));
#10681 = CARTESIAN_POINT('',(-5.959768778401,2.332628583378));
#10682 = CARTESIAN_POINT('',(-1.919537556802,12.655250908932));
#10683 = CARTESIAN_POINT('',(5.,3.994996871088));
#10684 = ( GEOMETRIC_REPRESENTATION_CONTEXT(2) 
PARAMETRIC_REPRESENTATION_CONTEXT() REPRESENTATION_CONTEXT('2D SPACE',''
  ) );
#10685 = PCURVE('',#9301,#10686);
#10686 = DEFINITIONAL_REPRESENTATION('',(#10687),#10691);
#10687 = LINE('',#10688,#10689);
#10688 = CARTESIAN_POINT('',(-2.467462146922,12.));
#10689 = VECTOR('',#10690,1.);
#10690 = DIRECTION('',(-1.,0.));
#10691 = ( GEOMETRIC_REPRESENTATION_CONTEXT(2) 
PARAMETRIC_REPRESENTATION_CONTEXT() REPRESENTATION_CONTEXT('2D SPACE',''
  ) );
#10692 = ORIENTED_EDGE('',*,*,#9313,.F.);
#10693 = ORIENTED_EDGE('',*,*,#10641,.F.);
#10694 = ORIENTED_EDGE('',*,*,#10609,.F.);
#10695 = ORIENTED_EDGE('',*,*,#10465,.F.);
#10696 = ADVANCED_FACE('',(#10697),#9301,.T.);
#10697 = FACE_BOUND('',#10698,.F.);
#10698 = EDGE_LOOP('',(#10699,#10700,#10701,#10727));
#10699 = ORIENTED_EDGE('',*,*,#10667,.F.);
#10700 = ORIENTED_EDGE('',*,*,#10250,.F.);
#10701 = ORIENTED_EDGE('',*,*,#10702,.T.);
#10702 = EDGE_CURVE('',#10251,#9258,#10703,.T.);
#10703 = SURFACE_CURVE('',#10704,(#10709,#10716),.PCURVE_S1.);
#10704 = CIRCLE('',#10705,6.4);
#10705 = AXIS2_PLACEMENT_3D('',#10706,#10707,#10708);
#10706 = CARTESIAN_POINT('',(-15.,-24.,79.5));
#10707 = DIRECTION('',(0.,1.,-0.));
#10708 = DIRECTION('',(0.624218261107,-0.,-0.78125));
#10709 = PCURVE('',#9301,#10710);
#10710 = DEFINITIONAL_REPRESENTATION('',(#10711),#10715);
#10711 = LINE('',#10712,#10713);
#10712 = CARTESIAN_POINT('',(-2.467462146922,0.));
#10713 = VECTOR('',#10714,1.);
#10714 = DIRECTION('',(-1.,0.));
#10715 = ( GEOMETRIC_REPRESENTATION_CONTEXT(2) 
PARAMETRIC_REPRESENTATION_CONTEXT() REPRESENTATION_CONTEXT('2D SPACE',''
  ) );
#10716 = PCURVE('',#9273,#10717);
#10717 = DEFINITIONAL_REPRESENTATION('',(#10718),#10726);
#10718 = ( BOUNDED_CURVE() B_SPLINE_CURVE(2,(#10719,#10720,#10721,#10722
    ,#10723,#10724,#10725),.UNSPECIFIED.,.T.,.F.) 
B_SPLINE_CURVE_WITH_KNOTS((1,2,2,2,2,1),(-2.094395102393,0.,
    2.094395102393,4.188790204786,6.28318530718,8.377580409573),
.UNSPECIFIED.) CURVE() GEOMETRIC_REPRESENTATION_ITEM() 
RATIONAL_B_SPLINE_CURVE((1.,0.5,1.,0.5,1.,0.5,1.)) REPRESENTATION_ITEM(
  '') );
#10719 = CARTESIAN_POINT('',(5.,3.994996871088));
#10720 = CARTESIAN_POINT('',(11.919537556802,-4.665257166757));
#10721 = CARTESIAN_POINT('',(0.959768778401,-6.327625454466));
#10722 = CARTESIAN_POINT('',(-10.,-7.989993742175));
#10723 = CARTESIAN_POINT('',(-5.959768778401,2.332628583378));
#10724 = CARTESIAN_POINT('',(-1.919537556802,12.655250908932));
#10725 = CARTESIAN_POINT('',(5.,3.994996871088));
#10726 = ( GEOMETRIC_REPRESENTATION_CONTEXT(2) 
PARAMETRIC_REPRESENTATION_CONTEXT() REPRESENTATION_CONTEXT('2D SPACE',''
  ) );
#10727 = ORIENTED_EDGE('',*,*,#9285,.T.);
#10728 = ADVANCED_FACE('',(#10729),#9273,.F.);
#10729 = FACE_BOUND('',#10730,.T.);
#10730 = EDGE_LOOP('',(#10731,#10732,#10733,#10734,#10755,#10756));
#10731 = ORIENTED_EDGE('',*,*,#10273,.F.);
#10732 = ORIENTED_EDGE('',*,*,#10702,.T.);
#10733 = ORIENTED_EDGE('',*,*,#9257,.F.);
#10734 = ORIENTED_EDGE('',*,*,#10735,.F.);
#10735 = EDGE_CURVE('',#10515,#9230,#10736,.T.);
#10736 = SURFACE_CURVE('',#10737,(#10741,#10748),.PCURVE_S1.);
#10737 = LINE('',#10738,#10739);
#10738 = CARTESIAN_POINT('',(-15.,-24.,82.));
#10739 = VECTOR('',#10740,1.);
#10740 = DIRECTION('',(-0.,-0.,1.));
#10741 = PCURVE('',#9273,#10742);
#10742 = DEFINITIONAL_REPRESENTATION('',(#10743),#10747);
#10743 = LINE('',#10744,#10745);
#10744 = CARTESIAN_POINT('',(-2.5,0.));
#10745 = VECTOR('',#10746,1.);
#10746 = DIRECTION('',(-1.,0.));
#10747 = ( GEOMETRIC_REPRESENTATION_CONTEXT(2) 
PARAMETRIC_REPRESENTATION_CONTEXT() REPRESENTATION_CONTEXT('2D SPACE',''
  ) );
#10748 = PCURVE('',#9245,#10749);
#10749 = DEFINITIONAL_REPRESENTATION('',(#10750),#10754);
#10750 = LINE('',#10751,#10752);
#10751 = CARTESIAN_POINT('',(-2.5,-12.35));
#10752 = VECTOR('',#10753,1.);
#10753 = DIRECTION('',(1.,-0.));
#10754 = ( GEOMETRIC_REPRESENTATION_CONTEXT(2) 
PARAMETRIC_REPRESENTATION_CONTEXT() REPRESENTATION_CONTEXT('2D SPACE',''
  ) );
#10755 = ORIENTED_EDGE('',*,*,#10582,.F.);
#10756 = ORIENTED_EDGE('',*,*,#10757,.F.);
#10757 = EDGE_CURVE('',#10274,#10560,#10758,.T.);
#10758 = SURFACE_CURVE('',#10759,(#10763,#10770),.PCURVE_S1.);
#10759 = LINE('',#10760,#10761);
#10760 = CARTESIAN_POINT('',(-15.,-24.,82.));
#10761 = VECTOR('',#10762,1.);
#10762 = DIRECTION('',(-0.,-0.,1.));
#10763 = PCURVE('',#9273,#10764);
#10764 = DEFINITIONAL_REPRESENTATION('',(#10765),#10769);
#10765 = LINE('',#10766,#10767);
#10766 = CARTESIAN_POINT('',(-2.5,0.));
#10767 = VECTOR('',#10768,1.);
#10768 = DIRECTION('',(-1.,0.));
#10769 = ( GEOMETRIC_REPRESENTATION_CONTEXT(2) 
PARAMETRIC_REPRESENTATION_CONTEXT() REPRESENTATION_CONTEXT('2D SPACE',''
  ) );
#10770 = PCURVE('',#9383,#10771);
#10771 = DEFINITIONAL_REPRESENTATION('',(#10772),#10776);
#10772 = LINE('',#10773,#10774);
#10773 = CARTESIAN_POINT('',(-2.5,-12.35));
#10774 = VECTOR('',#10775,1.);
#10775 = DIRECTION('',(1.,-0.));
#10776 = ( GEOMETRIC_REPRESENTATION_CONTEXT(2) 
PARAMETRIC_REPRESENTATION_CONTEXT() REPRESENTATION_CONTEXT('2D SPACE',''
  ) );
#10777 = ADVANCED_FACE('',(#10778),#9245,.F.);
#10778 = FACE_BOUND('',#10779,.T.);
#10779 = EDGE_LOOP('',(#10780,#10781,#10782,#10783));
#10780 = ORIENTED_EDGE('',*,*,#10537,.T.);
#10781 = ORIENTED_EDGE('',*,*,#10735,.T.);
#10782 = ORIENTED_EDGE('',*,*,#9229,.T.);
#10783 = ORIENTED_EDGE('',*,*,#9419,.T.);
#10784 = ADVANCED_FACE('',(#10785),#9383,.F.);
#10785 = FACE_BOUND('',#10786,.T.);
#10786 = EDGE_LOOP('',(#10787,#10788,#10789,#10790));
#10787 = ORIENTED_EDGE('',*,*,#10757,.T.);
#10788 = ORIENTED_EDGE('',*,*,#10559,.F.);
#10789 = ORIENTED_EDGE('',*,*,#9365,.T.);
#10790 = ORIENTED_EDGE('',*,*,#10296,.F.);
#10791 = ADVANCED_FACE('',(#10792),#9485,.F.);
#10792 = FACE_BOUND('',#10793,.T.);
#10793 = EDGE_LOOP('',(#10794,#10795,#10818,#10839));
#10794 = ORIENTED_EDGE('',*,*,#9467,.F.);
#10795 = ORIENTED_EDGE('',*,*,#10796,.F.);
#10796 = EDGE_CURVE('',#10797,#9468,#10799,.T.);
#10797 = VERTEX_POINT('',#10798);
#10798 = CARTESIAN_POINT('',(-15.,24.,77.8));
#10799 = SURFACE_CURVE('',#10800,(#10804,#10811),.PCURVE_S1.);
#10800 = LINE('',#10801,#10802);
#10801 = CARTESIAN_POINT('',(-15.,36.5,77.8));
#10802 = VECTOR('',#10803,1.);
#10803 = DIRECTION('',(-0.,-1.,-0.));
#10804 = PCURVE('',#9485,#10805);
#10805 = DEFINITIONAL_REPRESENTATION('',(#10806),#10810);
#10806 = LINE('',#10807,#10808);
#10807 = CARTESIAN_POINT('',(-6.7,-12.85));
#10808 = VECTOR('',#10809,1.);
#10809 = DIRECTION('',(-0.,1.));
#10810 = ( GEOMETRIC_REPRESENTATION_CONTEXT(2) 
PARAMETRIC_REPRESENTATION_CONTEXT() REPRESENTATION_CONTEXT('2D SPACE',''
  ) );
#10811 = PCURVE('',#9586,#10812);
#10812 = DEFINITIONAL_REPRESENTATION('',(#10813),#10817);
#10813 = LINE('',#10814,#10815);
#10814 = CARTESIAN_POINT('',(-3.14159265359,0.));
#10815 = VECTOR('',#10816,1.);
#10816 = DIRECTION('',(-0.,1.));
#10817 = ( GEOMETRIC_REPRESENTATION_CONTEXT(2) 
PARAMETRIC_REPRESENTATION_CONTEXT() REPRESENTATION_CONTEXT('2D SPACE',''
  ) );
#10818 = ORIENTED_EDGE('',*,*,#10819,.F.);
#10819 = EDGE_CURVE('',#10324,#10797,#10820,.T.);
#10820 = SURFACE_CURVE('',#10821,(#10825,#10832),.PCURVE_S1.);
#10821 = LINE('',#10822,#10823);
#10822 = CARTESIAN_POINT('',(-15.,24.,82.));
#10823 = VECTOR('',#10824,1.);
#10824 = DIRECTION('',(-0.,-0.,1.));
#10825 = PCURVE('',#9485,#10826);
#10826 = DEFINITIONAL_REPRESENTATION('',(#10827),#10831);
#10827 = LINE('',#10828,#10829);
#10828 = CARTESIAN_POINT('',(-2.5,-0.35));
#10829 = VECTOR('',#10830,1.);
#10830 = DIRECTION('',(1.,-0.));
#10831 = ( GEOMETRIC_REPRESENTATION_CONTEXT(2) 
PARAMETRIC_REPRESENTATION_CONTEXT() REPRESENTATION_CONTEXT('2D SPACE',''
  ) );
#10832 = PCURVE('',#9726,#10833);
#10833 = DEFINITIONAL_REPRESENTATION('',(#10834),#10838);
#10834 = LINE('',#10835,#10836);
#10835 = CARTESIAN_POINT('',(-2.5,0.));
#10836 = VECTOR('',#10837,1.);
#10837 = DIRECTION('',(-1.,0.));
#10838 = ( GEOMETRIC_REPRESENTATION_CONTEXT(2) 
PARAMETRIC_REPRESENTATION_CONTEXT() REPRESENTATION_CONTEXT('2D SPACE',''
  ) );
#10839 = ORIENTED_EDGE('',*,*,#10323,.F.);
#10840 = ADVANCED_FACE('',(#10841),#9586,.F.);
#10841 = FACE_BOUND('',#10842,.T.);
#10842 = EDGE_LOOP('',(#10843,#10844,#10867,#10890,#10911,#10912,#10935,
    #10961,#10962,#10988));
#10843 = ORIENTED_EDGE('',*,*,#9571,.F.);
#10844 = ORIENTED_EDGE('',*,*,#10845,.F.);
#10845 = EDGE_CURVE('',#10846,#9544,#10848,.T.);
#10846 = VERTEX_POINT('',#10847);
#10847 = CARTESIAN_POINT('',(-15.,24.,81.2));
#10848 = SURFACE_CURVE('',#10849,(#10853,#10860),.PCURVE_S1.);
#10849 = LINE('',#10850,#10851);
#10850 = CARTESIAN_POINT('',(-15.,36.5,81.2));
#10851 = VECTOR('',#10852,1.);
#10852 = DIRECTION('',(-0.,-1.,-0.));
#10853 = PCURVE('',#9586,#10854);
#10854 = DEFINITIONAL_REPRESENTATION('',(#10855),#10859);
#10855 = LINE('',#10856,#10857);
#10856 = CARTESIAN_POINT('',(-0.,-0.));
#10857 = VECTOR('',#10858,1.);
#10858 = DIRECTION('',(-0.,1.));
#10859 = ( GEOMETRIC_REPRESENTATION_CONTEXT(2) 
PARAMETRIC_REPRESENTATION_CONTEXT() REPRESENTATION_CONTEXT('2D SPACE',''
  ) );
#10860 = PCURVE('',#9559,#10861);
#10861 = DEFINITIONAL_REPRESENTATION('',(#10862),#10866);
#10862 = LINE('',#10863,#10864);
#10863 = CARTESIAN_POINT('',(-3.3,-12.85));
#10864 = VECTOR('',#10865,1.);
#10865 = DIRECTION('',(-0.,1.));
#10866 = ( GEOMETRIC_REPRESENTATION_CONTEXT(2) 
PARAMETRIC_REPRESENTATION_CONTEXT() REPRESENTATION_CONTEXT('2D SPACE',''
  ) );
#10867 = ORIENTED_EDGE('',*,*,#10868,.F.);
#10868 = EDGE_CURVE('',#10869,#10846,#10871,.T.);
#10869 = VERTEX_POINT('',#10870);
#10870 = CARTESIAN_POINT('',(-15.,36.,81.2));
#10871 = SEAM_CURVE('',#10872,(#10876,#10883),.PCURVE_S1.);
#10872 = LINE('',#10873,#10874);
#10873 = CARTESIAN_POINT('',(-15.,36.5,81.2));
#10874 = VECTOR('',#10875,1.);
#10875 = DIRECTION('',(-0.,-1.,-0.));
#10876 = PCURVE('',#9586,#10877);
#10877 = DEFINITIONAL_REPRESENTATION('',(#10878),#10882);
#10878 = LINE('',#10879,#10880);
#10879 = CARTESIAN_POINT('',(-6.28318530718,-0.));
#10880 = VECTOR('',#10881,1.);
#10881 = DIRECTION('',(-0.,1.));
#10882 = ( GEOMETRIC_REPRESENTATION_CONTEXT(2) 
PARAMETRIC_REPRESENTATION_CONTEXT() REPRESENTATION_CONTEXT('2D SPACE',''
  ) );
#10883 = PCURVE('',#9586,#10884);
#10884 = DEFINITIONAL_REPRESENTATION('',(#10885),#10889);
#10885 = LINE('',#10886,#10887);
#10886 = CARTESIAN_POINT('',(-0.,-0.));
#10887 = VECTOR('',#10888,1.);
#10888 = DIRECTION('',(-0.,1.));
#10889 = ( GEOMETRIC_REPRESENTATION_CONTEXT(2) 
PARAMETRIC_REPRESENTATION_CONTEXT() REPRESENTATION_CONTEXT('2D SPACE',''
  ) );
#10890 = ORIENTED_EDGE('',*,*,#10891,.F.);
#10891 = EDGE_CURVE('',#9817,#10869,#10892,.T.);
#10892 = SURFACE_CURVE('',#10893,(#10897,#10904),.PCURVE_S1.);
#10893 = LINE('',#10894,#10895);
#10894 = CARTESIAN_POINT('',(-15.,36.5,81.2));
#10895 = VECTOR('',#10896,1.);
#10896 = DIRECTION('',(-0.,-1.,-0.));
#10897 = PCURVE('',#9586,#10898);
#10898 = DEFINITIONAL_REPRESENTATION('',(#10899),#10903);
#10899 = LINE('',#10900,#10901);
#10900 = CARTESIAN_POINT('',(-0.,-0.));
#10901 = VECTOR('',#10902,1.);
#10902 = DIRECTION('',(-0.,1.));
#10903 = ( GEOMETRIC_REPRESENTATION_CONTEXT(2) 
PARAMETRIC_REPRESENTATION_CONTEXT() REPRESENTATION_CONTEXT('2D SPACE',''
  ) );
#10904 = PCURVE('',#9642,#10905);
#10905 = DEFINITIONAL_REPRESENTATION('',(#10906),#10910);
#10906 = LINE('',#10907,#10908);
#10907 = CARTESIAN_POINT('',(-3.3,-12.85));
#10908 = VECTOR('',#10909,1.);
#10909 = DIRECTION('',(-0.,1.));
#10910 = ( GEOMETRIC_REPRESENTATION_CONTEXT(2) 
PARAMETRIC_REPRESENTATION_CONTEXT() REPRESENTATION_CONTEXT('2D SPACE',''
  ) );
#10911 = ORIENTED_EDGE('',*,*,#9839,.T.);
#10912 = ORIENTED_EDGE('',*,*,#10913,.T.);
#10913 = EDGE_CURVE('',#9763,#10914,#10916,.T.);
#10914 = VERTEX_POINT('',#10915);
#10915 = CARTESIAN_POINT('',(-15.,36.,77.8));
#10916 = SURFACE_CURVE('',#10917,(#10921,#10928),.PCURVE_S1.);
#10917 = LINE('',#10918,#10919);
#10918 = CARTESIAN_POINT('',(-15.,36.5,77.8));
#10919 = VECTOR('',#10920,1.);
#10920 = DIRECTION('',(-0.,-1.,-0.));
#10921 = PCURVE('',#9586,#10922);
#10922 = DEFINITIONAL_REPRESENTATION('',(#10923),#10927);
#10923 = LINE('',#10924,#10925);
#10924 = CARTESIAN_POINT('',(-3.14159265359,0.));
#10925 = VECTOR('',#10926,1.);
#10926 = DIRECTION('',(-0.,1.));
#10927 = ( GEOMETRIC_REPRESENTATION_CONTEXT(2) 
PARAMETRIC_REPRESENTATION_CONTEXT() REPRESENTATION_CONTEXT('2D SPACE',''
  ) );
#10928 = PCURVE('',#9780,#10929);
#10929 = DEFINITIONAL_REPRESENTATION('',(#10930),#10934);
#10930 = LINE('',#10931,#10932);
#10931 = CARTESIAN_POINT('',(-6.7,-12.85));
#10932 = VECTOR('',#10933,1.);
#10933 = DIRECTION('',(-0.,1.));
#10934 = ( GEOMETRIC_REPRESENTATION_CONTEXT(2) 
PARAMETRIC_REPRESENTATION_CONTEXT() REPRESENTATION_CONTEXT('2D SPACE',''
  ) );
#10935 = ORIENTED_EDGE('',*,*,#10936,.T.);
#10936 = EDGE_CURVE('',#10914,#10869,#10937,.T.);
#10937 = SURFACE_CURVE('',#10938,(#10943,#10950),.PCURVE_S1.);
#10938 = CIRCLE('',#10939,1.7);
#10939 = AXIS2_PLACEMENT_3D('',#10940,#10941,#10942);
#10940 = CARTESIAN_POINT('',(-15.,36.,79.5));
#10941 = DIRECTION('',(0.,1.,0.));
#10942 = DIRECTION('',(-0.,-0.,1.));
#10943 = PCURVE('',#9586,#10944);
#10944 = DEFINITIONAL_REPRESENTATION('',(#10945),#10949);
#10945 = LINE('',#10946,#10947);
#10946 = CARTESIAN_POINT('',(-0.,0.5));
#10947 = VECTOR('',#10948,1.);
#10948 = DIRECTION('',(-1.,0.));
#10949 = ( GEOMETRIC_REPRESENTATION_CONTEXT(2) 
PARAMETRIC_REPRESENTATION_CONTEXT() REPRESENTATION_CONTEXT('2D SPACE',''
  ) );
#10950 = PCURVE('',#9670,#10951);
#10951 = DEFINITIONAL_REPRESENTATION('',(#10952),#10960);
#10952 = ( BOUNDED_CURVE() B_SPLINE_CURVE(2,(#10953,#10954,#10955,#10956
    ,#10957,#10958,#10959),.UNSPECIFIED.,.T.,.F.) 
B_SPLINE_CURVE_WITH_KNOTS((1,2,2,2,2,1),(-2.094395102393,0.,
    2.094395102393,4.188790204786,6.28318530718,8.377580409573),
.UNSPECIFIED.) CURVE() GEOMETRIC_REPRESENTATION_ITEM() 
RATIONAL_B_SPLINE_CURVE((1.,0.5,1.,0.5,1.,0.5,1.)) REPRESENTATION_ITEM(
  '') );
#10953 = CARTESIAN_POINT('',(-1.7,0.));
#10954 = CARTESIAN_POINT('',(-1.7,2.944486372867));
#10955 = CARTESIAN_POINT('',(0.85,1.472243186434));
#10956 = CARTESIAN_POINT('',(3.4,4.163799117101E-16));
#10957 = CARTESIAN_POINT('',(0.85,-1.472243186434));
#10958 = CARTESIAN_POINT('',(-1.7,-2.944486372867));
#10959 = CARTESIAN_POINT('',(-1.7,0.));
#10960 = ( GEOMETRIC_REPRESENTATION_CONTEXT(2) 
PARAMETRIC_REPRESENTATION_CONTEXT() REPRESENTATION_CONTEXT('2D SPACE',''
  ) );
#10961 = ORIENTED_EDGE('',*,*,#10868,.T.);
#10962 = ORIENTED_EDGE('',*,*,#10963,.F.);
#10963 = EDGE_CURVE('',#10797,#10846,#10964,.T.);
#10964 = SURFACE_CURVE('',#10965,(#10970,#10977),.PCURVE_S1.);
#10965 = CIRCLE('',#10966,1.7);
#10966 = AXIS2_PLACEMENT_3D('',#10967,#10968,#10969);
#10967 = CARTESIAN_POINT('',(-15.,24.,79.5));
#10968 = DIRECTION('',(0.,1.,0.));
#10969 = DIRECTION('',(-0.,-0.,1.));
#10970 = PCURVE('',#9586,#10971);
#10971 = DEFINITIONAL_REPRESENTATION('',(#10972),#10976);
#10972 = LINE('',#10973,#10974);
#10973 = CARTESIAN_POINT('',(-0.,12.5));
#10974 = VECTOR('',#10975,1.);
#10975 = DIRECTION('',(-1.,0.));
#10976 = ( GEOMETRIC_REPRESENTATION_CONTEXT(2) 
PARAMETRIC_REPRESENTATION_CONTEXT() REPRESENTATION_CONTEXT('2D SPACE',''
  ) );
#10977 = PCURVE('',#9726,#10978);
#10978 = DEFINITIONAL_REPRESENTATION('',(#10979),#10987);
#10979 = ( BOUNDED_CURVE() B_SPLINE_CURVE(2,(#10980,#10981,#10982,#10983
    ,#10984,#10985,#10986),.UNSPECIFIED.,.T.,.F.) 
B_SPLINE_CURVE_WITH_KNOTS((1,2,2,2,2,1),(-2.094395102393,0.,
    2.094395102393,4.188790204786,6.28318530718,8.377580409573),
.UNSPECIFIED.) CURVE() GEOMETRIC_REPRESENTATION_ITEM() 
RATIONAL_B_SPLINE_CURVE((1.,0.5,1.,0.5,1.,0.5,1.)) REPRESENTATION_ITEM(
  '') );
#10980 = CARTESIAN_POINT('',(-1.7,0.));
#10981 = CARTESIAN_POINT('',(-1.7,2.944486372867));
#10982 = CARTESIAN_POINT('',(0.85,1.472243186434));
#10983 = CARTESIAN_POINT('',(3.4,4.163799117101E-16));
#10984 = CARTESIAN_POINT('',(0.85,-1.472243186434));
#10985 = CARTESIAN_POINT('',(-1.7,-2.944486372867));
#10986 = CARTESIAN_POINT('',(-1.7,0.));
#10987 = ( GEOMETRIC_REPRESENTATION_CONTEXT(2) 
PARAMETRIC_REPRESENTATION_CONTEXT() REPRESENTATION_CONTEXT('2D SPACE',''
  ) );
#10988 = ORIENTED_EDGE('',*,*,#10796,.T.);
#10989 = ADVANCED_FACE('',(#10990),#9559,.F.);
#10990 = FACE_BOUND('',#10991,.T.);
#10991 = EDGE_LOOP('',(#10992,#10993,#10994,#11015));
#10992 = ORIENTED_EDGE('',*,*,#9543,.F.);
#10993 = ORIENTED_EDGE('',*,*,#9738,.T.);
#10994 = ORIENTED_EDGE('',*,*,#10995,.F.);
#10995 = EDGE_CURVE('',#10846,#9711,#10996,.T.);
#10996 = SURFACE_CURVE('',#10997,(#11001,#11008),.PCURVE_S1.);
#10997 = LINE('',#10998,#10999);
#10998 = CARTESIAN_POINT('',(-15.,24.,82.));
#10999 = VECTOR('',#11000,1.);
#11000 = DIRECTION('',(-0.,-0.,1.));
#11001 = PCURVE('',#9559,#11002);
#11002 = DEFINITIONAL_REPRESENTATION('',(#11003),#11007);
#11003 = LINE('',#11004,#11005);
#11004 = CARTESIAN_POINT('',(-2.5,-0.35));
#11005 = VECTOR('',#11006,1.);
#11006 = DIRECTION('',(1.,-0.));
#11007 = ( GEOMETRIC_REPRESENTATION_CONTEXT(2) 
PARAMETRIC_REPRESENTATION_CONTEXT() REPRESENTATION_CONTEXT('2D SPACE',''
  ) );
#11008 = PCURVE('',#9726,#11009);
#11009 = DEFINITIONAL_REPRESENTATION('',(#11010),#11014);
#11010 = LINE('',#11011,#11012);
#11011 = CARTESIAN_POINT('',(-2.5,0.));
#11012 = VECTOR('',#11013,1.);
#11013 = DIRECTION('',(-1.,0.));
#11014 = ( GEOMETRIC_REPRESENTATION_CONTEXT(2) 
PARAMETRIC_REPRESENTATION_CONTEXT() REPRESENTATION_CONTEXT('2D SPACE',''
  ) );
#11015 = ORIENTED_EDGE('',*,*,#10845,.T.);
#11016 = ADVANCED_FACE('',(#11017),#9726,.T.);
#11017 = FACE_BOUND('',#11018,.F.);
#11018 = EDGE_LOOP('',(#11019,#11020,#11046,#11047,#11048,#11049));
#11019 = ORIENTED_EDGE('',*,*,#10346,.F.);
#11020 = ORIENTED_EDGE('',*,*,#11021,.T.);
#11021 = EDGE_CURVE('',#10347,#9683,#11022,.T.);
#11022 = SURFACE_CURVE('',#11023,(#11028,#11039),.PCURVE_S1.);
#11023 = CIRCLE('',#11024,6.4);
#11024 = AXIS2_PLACEMENT_3D('',#11025,#11026,#11027);
#11025 = CARTESIAN_POINT('',(-15.,24.,79.5));
#11026 = DIRECTION('',(0.,1.,-0.));
#11027 = DIRECTION('',(0.624218261107,-0.,-0.78125));
#11028 = PCURVE('',#9726,#11029);
#11029 = DEFINITIONAL_REPRESENTATION('',(#11030),#11038);
#11030 = ( BOUNDED_CURVE() B_SPLINE_CURVE(2,(#11031,#11032,#11033,#11034
    ,#11035,#11036,#11037),.UNSPECIFIED.,.T.,.F.) 
B_SPLINE_CURVE_WITH_KNOTS((1,2,2,2,2,1),(-2.094395102393,0.,
    2.094395102393,4.188790204786,6.28318530718,8.377580409573),
.UNSPECIFIED.) CURVE() GEOMETRIC_REPRESENTATION_ITEM() 
RATIONAL_B_SPLINE_CURVE((1.,0.5,1.,0.5,1.,0.5,1.)) REPRESENTATION_ITEM(
  '') );
#11031 = CARTESIAN_POINT('',(5.,3.994996871088));
#11032 = CARTESIAN_POINT('',(11.919537556802,-4.665257166757));
#11033 = CARTESIAN_POINT('',(0.959768778401,-6.327625454466));
#11034 = CARTESIAN_POINT('',(-10.,-7.989993742175));
#11035 = CARTESIAN_POINT('',(-5.959768778401,2.332628583378));
#11036 = CARTESIAN_POINT('',(-1.919537556802,12.655250908932));
#11037 = CARTESIAN_POINT('',(5.,3.994996871088));
#11038 = ( GEOMETRIC_REPRESENTATION_CONTEXT(2) 
PARAMETRIC_REPRESENTATION_CONTEXT() REPRESENTATION_CONTEXT('2D SPACE',''
  ) );
#11039 = PCURVE('',#9698,#11040);
#11040 = DEFINITIONAL_REPRESENTATION('',(#11041),#11045);
#11041 = LINE('',#11042,#11043);
#11042 = CARTESIAN_POINT('',(-2.467462146922,12.));
#11043 = VECTOR('',#11044,1.);
#11044 = DIRECTION('',(-1.,0.));
#11045 = ( GEOMETRIC_REPRESENTATION_CONTEXT(2) 
PARAMETRIC_REPRESENTATION_CONTEXT() REPRESENTATION_CONTEXT('2D SPACE',''
  ) );
#11046 = ORIENTED_EDGE('',*,*,#9710,.F.);
#11047 = ORIENTED_EDGE('',*,*,#10995,.F.);
#11048 = ORIENTED_EDGE('',*,*,#10963,.F.);
#11049 = ORIENTED_EDGE('',*,*,#10819,.F.);
#11050 = ADVANCED_FACE('',(#11051),#9698,.T.);
#11051 = FACE_BOUND('',#11052,.F.);
#11052 = EDGE_LOOP('',(#11053,#11054,#11055,#11081));
#11053 = ORIENTED_EDGE('',*,*,#11021,.F.);
#11054 = ORIENTED_EDGE('',*,*,#10369,.F.);
#11055 = ORIENTED_EDGE('',*,*,#11056,.T.);
#11056 = EDGE_CURVE('',#10370,#9655,#11057,.T.);
#11057 = SURFACE_CURVE('',#11058,(#11063,#11070),.PCURVE_S1.);
#11058 = CIRCLE('',#11059,6.4);
#11059 = AXIS2_PLACEMENT_3D('',#11060,#11061,#11062);
#11060 = CARTESIAN_POINT('',(-15.,36.,79.5));
#11061 = DIRECTION('',(0.,1.,-0.));
#11062 = DIRECTION('',(0.624218261107,-0.,-0.78125));
#11063 = PCURVE('',#9698,#11064);
#11064 = DEFINITIONAL_REPRESENTATION('',(#11065),#11069);
#11065 = LINE('',#11066,#11067);
#11066 = CARTESIAN_POINT('',(-2.467462146922,0.));
#11067 = VECTOR('',#11068,1.);
#11068 = DIRECTION('',(-1.,0.));
#11069 = ( GEOMETRIC_REPRESENTATION_CONTEXT(2) 
PARAMETRIC_REPRESENTATION_CONTEXT() REPRESENTATION_CONTEXT('2D SPACE',''
  ) );
#11070 = PCURVE('',#9670,#11071);
#11071 = DEFINITIONAL_REPRESENTATION('',(#11072),#11080);
#11072 = ( BOUNDED_CURVE() B_SPLINE_CURVE(2,(#11073,#11074,#11075,#11076
    ,#11077,#11078,#11079),.UNSPECIFIED.,.T.,.F.) 
B_SPLINE_CURVE_WITH_KNOTS((1,2,2,2,2,1),(-2.094395102393,0.,
    2.094395102393,4.188790204786,6.28318530718,8.377580409573),
.UNSPECIFIED.) CURVE() GEOMETRIC_REPRESENTATION_ITEM() 
RATIONAL_B_SPLINE_CURVE((1.,0.5,1.,0.5,1.,0.5,1.)) REPRESENTATION_ITEM(
  '') );
#11073 = CARTESIAN_POINT('',(5.,3.994996871088));
#11074 = CARTESIAN_POINT('',(11.919537556802,-4.665257166757));
#11075 = CARTESIAN_POINT('',(0.959768778401,-6.327625454466));
#11076 = CARTESIAN_POINT('',(-10.,-7.989993742175));
#11077 = CARTESIAN_POINT('',(-5.959768778401,2.332628583378));
#11078 = CARTESIAN_POINT('',(-1.919537556802,12.655250908932));
#11079 = CARTESIAN_POINT('',(5.,3.994996871088));
#11080 = ( GEOMETRIC_REPRESENTATION_CONTEXT(2) 
PARAMETRIC_REPRESENTATION_CONTEXT() REPRESENTATION_CONTEXT('2D SPACE',''
  ) );
#11081 = ORIENTED_EDGE('',*,*,#9682,.T.);
#11082 = ADVANCED_FACE('',(#11083),#9670,.F.);
#11083 = FACE_BOUND('',#11084,.T.);
#11084 = EDGE_LOOP('',(#11085,#11086,#11087,#11088,#11109,#11110));
#11085 = ORIENTED_EDGE('',*,*,#10392,.F.);
#11086 = ORIENTED_EDGE('',*,*,#11056,.T.);
#11087 = ORIENTED_EDGE('',*,*,#9654,.F.);
#11088 = ORIENTED_EDGE('',*,*,#11089,.F.);
#11089 = EDGE_CURVE('',#10869,#9627,#11090,.T.);
#11090 = SURFACE_CURVE('',#11091,(#11095,#11102),.PCURVE_S1.);
#11091 = LINE('',#11092,#11093);
#11092 = CARTESIAN_POINT('',(-15.,36.,82.));
#11093 = VECTOR('',#11094,1.);
#11094 = DIRECTION('',(-0.,-0.,1.));
#11095 = PCURVE('',#9670,#11096);
#11096 = DEFINITIONAL_REPRESENTATION('',(#11097),#11101);
#11097 = LINE('',#11098,#11099);
#11098 = CARTESIAN_POINT('',(-2.5,0.));
#11099 = VECTOR('',#11100,1.);
#11100 = DIRECTION('',(-1.,0.));
#11101 = ( GEOMETRIC_REPRESENTATION_CONTEXT(2) 
PARAMETRIC_REPRESENTATION_CONTEXT() REPRESENTATION_CONTEXT('2D SPACE',''
  ) );
#11102 = PCURVE('',#9642,#11103);
#11103 = DEFINITIONAL_REPRESENTATION('',(#11104),#11108);
#11104 = LINE('',#11105,#11106);
#11105 = CARTESIAN_POINT('',(-2.5,-12.35));
#11106 = VECTOR('',#11107,1.);
#11107 = DIRECTION('',(1.,-0.));
#11108 = ( GEOMETRIC_REPRESENTATION_CONTEXT(2) 
PARAMETRIC_REPRESENTATION_CONTEXT() REPRESENTATION_CONTEXT('2D SPACE',''
  ) );
#11109 = ORIENTED_EDGE('',*,*,#10936,.F.);
#11110 = ORIENTED_EDGE('',*,*,#11111,.F.);
#11111 = EDGE_CURVE('',#10393,#10914,#11112,.T.);
#11112 = SURFACE_CURVE('',#11113,(#11117,#11124),.PCURVE_S1.);
#11113 = LINE('',#11114,#11115);
#11114 = CARTESIAN_POINT('',(-15.,36.,82.));
#11115 = VECTOR('',#11116,1.);
#11116 = DIRECTION('',(-0.,-0.,1.));
#11117 = PCURVE('',#9670,#11118);
#11118 = DEFINITIONAL_REPRESENTATION('',(#11119),#11123);
#11119 = LINE('',#11120,#11121);
#11120 = CARTESIAN_POINT('',(-2.5,0.));
#11121 = VECTOR('',#11122,1.);
#11122 = DIRECTION('',(-1.,0.));
#11123 = ( GEOMETRIC_REPRESENTATION_CONTEXT(2) 
PARAMETRIC_REPRESENTATION_CONTEXT() REPRESENTATION_CONTEXT('2D SPACE',''
  ) );
#11124 = PCURVE('',#9780,#11125);
#11125 = DEFINITIONAL_REPRESENTATION('',(#11126),#11130);
#11126 = LINE('',#11127,#11128);
#11127 = CARTESIAN_POINT('',(-2.5,-12.35));
#11128 = VECTOR('',#11129,1.);
#11129 = DIRECTION('',(1.,-0.));
#11130 = ( GEOMETRIC_REPRESENTATION_CONTEXT(2) 
PARAMETRIC_REPRESENTATION_CONTEXT() REPRESENTATION_CONTEXT('2D SPACE',''
  ) );
#11131 = ADVANCED_FACE('',(#11132),#9642,.F.);
#11132 = FACE_BOUND('',#11133,.T.);
#11133 = EDGE_LOOP('',(#11134,#11135,#11136,#11137));
#11134 = ORIENTED_EDGE('',*,*,#10891,.T.);
#11135 = ORIENTED_EDGE('',*,*,#11089,.T.);
#11136 = ORIENTED_EDGE('',*,*,#9626,.T.);
#11137 = ORIENTED_EDGE('',*,*,#9816,.T.);
#11138 = ADVANCED_FACE('',(#11139),#9780,.F.);
#11139 = FACE_BOUND('',#11140,.T.);
#11140 = EDGE_LOOP('',(#11141,#11142,#11143,#11144));
#11141 = ORIENTED_EDGE('',*,*,#11111,.T.);
#11142 = ORIENTED_EDGE('',*,*,#10913,.F.);
#11143 = ORIENTED_EDGE('',*,*,#9762,.T.);
#11144 = ORIENTED_EDGE('',*,*,#10415,.F.);
#11145 = ADVANCED_FACE('',(#11146),#9937,.T.);
#11146 = FACE_BOUND('',#11147,.F.);
#11147 = EDGE_LOOP('',(#11148,#11149,#11150,#11151,#11152,#11153));
#11148 = ORIENTED_EDGE('',*,*,#10003,.F.);
#11149 = ORIENTED_EDGE('',*,*,#10053,.T.);
#11150 = ORIENTED_EDGE('',*,*,#10102,.T.);
#11151 = ORIENTED_EDGE('',*,*,#10149,.F.);
#11152 = ORIENTED_EDGE('',*,*,#10177,.T.);
#11153 = ORIENTED_EDGE('',*,*,#9921,.T.);
#11154 = ( GEOMETRIC_REPRESENTATION_CONTEXT(3) 
GLOBAL_UNCERTAINTY_ASSIGNED_CONTEXT((#11158)) 
GLOBAL_UNIT_ASSIGNED_CONTEXT((#11155,#11156,#11157)) 
REPRESENTATION_CONTEXT('Context #1',
  '3D Context with UNIT and UNCERTAINTY') );
#11155 = ( LENGTH_UNIT() NAMED_UNIT(*) SI_UNIT(.MILLI.,.METRE.) );
#11156 = ( NAMED_UNIT(*) PLANE_ANGLE_UNIT() SI_UNIT($,.RADIAN.) );
#11157 = ( NAMED_UNIT(*) SI_UNIT($,.STERADIAN.) SOLID_ANGLE_UNIT() );
#11158 = UNCERTAINTY_MEASURE_WITH_UNIT(LENGTH_MEASURE(1.E-07),#11155,
  'distance_accuracy_value','confusion accuracy');
#11159 = CONTEXT_DEPENDENT_SHAPE_REPRESENTATION(#11160,#11162);
#11160 = ( REPRESENTATION_RELATIONSHIP('','',#7220,#10) 
REPRESENTATION_RELATIONSHIP_WITH_TRANSFORMATION(#11161) 
SHAPE_REPRESENTATION_RELATIONSHIP() );
#11161 = ITEM_DEFINED_TRANSFORMATION('','',#11,#27);
#11162 = PRODUCT_DEFINITION_SHAPE('Placement','Placement of an item',
  #11163);
#11163 = NEXT_ASSEMBLY_USAGE_OCCURRENCE('12','','',#5,#7215,$);
#11164 = PRODUCT_RELATED_PRODUCT_CATEGORY('part',$,(#7217));
ENDSEC;
END-ISO-10303-21;
