ISO-10303-21;
HEADER;
FILE_DESCRIPTION(('Open CASCADE Model'),'2;1');
FILE_NAME('Open CASCADE Shape Model','2026-07-30T13:11:39',('Author'),(
    'Open CASCADE'),'Open CASCADE STEP processor 7.9','Open CASCADE 7.9'
  ,'Unknown');
FILE_SCHEMA(('AUTOMOTIVE_DESIGN { 1 0 10303 214 1 1 1 1 }'));
ENDSEC;
DATA;
#1 = APPLICATION_PROTOCOL_DEFINITION('international standard',
  'automotive_design',2000,#2);
#2 = APPLICATION_CONTEXT(
  'core data for automotive mechanical design processes');
#3 = SHAPE_DEFINITION_REPRESENTATION(#4,#10);
#4 = PRODUCT_DEFINITION_SHAPE('','',#5);
#5 = PRODUCT_DEFINITION('design','',#6,#9);
#6 = PRODUCT_DEFINITION_FORMATION('','',#7);
#7 = PRODUCT('Open CASCADE STEP translator 7.9 8',
  'Open CASCADE STEP translator 7.9 8','',(#8));
#8 = PRODUCT_CONTEXT('',#2,'mechanical');
#9 = PRODUCT_DEFINITION_CONTEXT('part definition',#2,'design');
#10 = SHAPE_REPRESENTATION('',(#11,#15,#19),#23);
#11 = AXIS2_PLACEMENT_3D('',#12,#13,#14);
#12 = CARTESIAN_POINT('',(0.,0.,0.));
#13 = DIRECTION('',(0.,0.,1.));
#14 = DIRECTION('',(1.,0.,-0.));
#15 = AXIS2_PLACEMENT_3D('',#16,#17,#18);
#16 = CARTESIAN_POINT('',(0.,0.,0.));
#17 = DIRECTION('',(0.,0.,1.));
#18 = DIRECTION('',(1.,0.,-0.));
#19 = AXIS2_PLACEMENT_3D('',#20,#21,#22);
#20 = CARTESIAN_POINT('',(0.,0.,0.));
#21 = DIRECTION('',(0.,0.,1.));
#22 = DIRECTION('',(1.,0.,-0.));
#23 = ( GEOMETRIC_REPRESENTATION_CONTEXT(3) 
GLOBAL_UNCERTAINTY_ASSIGNED_CONTEXT((#27)) GLOBAL_UNIT_ASSIGNED_CONTEXT(
(#24,#25,#26)) REPRESENTATION_CONTEXT('Context #1',
  '3D Context with UNIT and UNCERTAINTY') );
#24 = ( LENGTH_UNIT() NAMED_UNIT(*) SI_UNIT(.MILLI.,.METRE.) );
#25 = ( NAMED_UNIT(*) PLANE_ANGLE_UNIT() SI_UNIT($,.RADIAN.) );
#26 = ( NAMED_UNIT(*) SI_UNIT($,.STERADIAN.) SOLID_ANGLE_UNIT() );
#27 = UNCERTAINTY_MEASURE_WITH_UNIT(LENGTH_MEASURE(1.E-07),#24,
  'distance_accuracy_value','confusion accuracy');
#28 = PRODUCT_RELATED_PRODUCT_CATEGORY('part',$,(#7));
#29 = SHAPE_DEFINITION_REPRESENTATION(#30,#36);
#30 = PRODUCT_DEFINITION_SHAPE('','',#31);
#31 = PRODUCT_DEFINITION('design','',#32,#35);
#32 = PRODUCT_DEFINITION_FORMATION('','',#33);
#33 = PRODUCT('Open CASCADE STEP translator 7.9 8.1',
  'Open CASCADE STEP translator 7.9 8.1','',(#34));
#34 = PRODUCT_CONTEXT('',#2,'mechanical');
#35 = PRODUCT_DEFINITION_CONTEXT('part definition',#2,'design');
#36 = ADVANCED_BREP_SHAPE_REPRESENTATION('',(#11,#37),#2466);
#37 = MANIFOLD_SOLID_BREP('',#38);
#38 = CLOSED_SHELL('',(#39,#266,#501,#637,#823,#859,#913,#1111,#1411,
    #1600,#1726,#1780,#1830,#1857,#1916,#1975,#2025,#2075,#2102,#2156,
    #2212,#2272,#2326,#2391,#2398,#2432,#2439));
#39 = ADVANCED_FACE('',(#40),#54,.F.);
#40 = FACE_BOUND('',#41,.T.);
#41 = EDGE_LOOP('',(#42,#77,#105,#133,#161,#189,#217,#240));
#42 = ORIENTED_EDGE('',*,*,#43,.F.);
#43 = EDGE_CURVE('',#44,#46,#48,.T.);
#44 = VERTEX_POINT('',#45);
#45 = CARTESIAN_POINT('',(-12.,15.65,11.));
#46 = VERTEX_POINT('',#47);
#47 = CARTESIAN_POINT('',(-6.,15.65,11.));
#48 = SURFACE_CURVE('',#49,(#53,#65),.PCURVE_S1.);
#49 = LINE('',#50,#51);
#50 = CARTESIAN_POINT('',(-18.,15.65,11.));
#51 = VECTOR('',#52,1.);
#52 = DIRECTION('',(1.,-0.,-0.));
#53 = PCURVE('',#54,#59);
#54 = PLANE('',#55);
#55 = AXIS2_PLACEMENT_3D('',#56,#57,#58);
#56 = CARTESIAN_POINT('',(-18.,15.65,11.));
#57 = DIRECTION('',(-0.,-0.,1.));
#58 = DIRECTION('',(-1.,0.,0.));
#59 = DEFINITIONAL_REPRESENTATION('',(#60),#64);
#60 = LINE('',#61,#62);
#61 = CARTESIAN_POINT('',(-0.,-0.));
#62 = VECTOR('',#63,1.);
#63 = DIRECTION('',(-1.,0.));
#64 = ( GEOMETRIC_REPRESENTATION_CONTEXT(2) 
PARAMETRIC_REPRESENTATION_CONTEXT() REPRESENTATION_CONTEXT('2D SPACE',''
  ) );
#65 = PCURVE('',#66,#71);
#66 = PLANE('',#67);
#67 = AXIS2_PLACEMENT_3D('',#68,#69,#70);
#68 = CARTESIAN_POINT('',(-9.,15.65,27.5));
#69 = DIRECTION('',(-0.,1.,-0.));
#70 = DIRECTION('',(0.,0.,1.));
#71 = DEFINITIONAL_REPRESENTATION('',(#72),#76);
#72 = LINE('',#73,#74);
#73 = CARTESIAN_POINT('',(-16.5,-9.));
#74 = VECTOR('',#75,1.);
#75 = DIRECTION('',(-0.,1.));
#76 = ( GEOMETRIC_REPRESENTATION_CONTEXT(2) 
PARAMETRIC_REPRESENTATION_CONTEXT() REPRESENTATION_CONTEXT('2D SPACE',''
  ) );
#77 = ORIENTED_EDGE('',*,*,#78,.T.);
#78 = EDGE_CURVE('',#44,#79,#81,.T.);
#79 = VERTEX_POINT('',#80);
#80 = CARTESIAN_POINT('',(-12.,44.35,11.));
#81 = SURFACE_CURVE('',#82,(#86,#93),.PCURVE_S1.);
#82 = LINE('',#83,#84);
#83 = CARTESIAN_POINT('',(-12.,15.65,11.));
#84 = VECTOR('',#85,1.);
#85 = DIRECTION('',(-0.,1.,-0.));
#86 = PCURVE('',#54,#87);
#87 = DEFINITIONAL_REPRESENTATION('',(#88),#92);
#88 = LINE('',#89,#90);
#89 = CARTESIAN_POINT('',(-6.,-0.));
#90 = VECTOR('',#91,1.);
#91 = DIRECTION('',(-0.,-1.));
#92 = ( GEOMETRIC_REPRESENTATION_CONTEXT(2) 
PARAMETRIC_REPRESENTATION_CONTEXT() REPRESENTATION_CONTEXT('2D SPACE',''
  ) );
#93 = PCURVE('',#94,#99);
#94 = CYLINDRICAL_SURFACE('',#95,6.);
#95 = AXIS2_PLACEMENT_3D('',#96,#97,#98);
#96 = CARTESIAN_POINT('',(-12.,15.65,17.));
#97 = DIRECTION('',(-0.,1.,-0.));
#98 = DIRECTION('',(0.,-0.,-1.));
#99 = DEFINITIONAL_REPRESENTATION('',(#100),#104);
#100 = LINE('',#101,#102);
#101 = CARTESIAN_POINT('',(0.,0.));
#102 = VECTOR('',#103,1.);
#103 = DIRECTION('',(0.,1.));
#104 = ( GEOMETRIC_REPRESENTATION_CONTEXT(2) 
PARAMETRIC_REPRESENTATION_CONTEXT() REPRESENTATION_CONTEXT('2D SPACE',''
  ) );
#105 = ORIENTED_EDGE('',*,*,#106,.T.);
#106 = EDGE_CURVE('',#79,#107,#109,.T.);
#107 = VERTEX_POINT('',#108);
#108 = CARTESIAN_POINT('',(-6.,44.35,11.));
#109 = SURFACE_CURVE('',#110,(#114,#121),.PCURVE_S1.);
#110 = LINE('',#111,#112);
#111 = CARTESIAN_POINT('',(-18.,44.35,11.));
#112 = VECTOR('',#113,1.);
#113 = DIRECTION('',(1.,-0.,-0.));
#114 = PCURVE('',#54,#115);
#115 = DEFINITIONAL_REPRESENTATION('',(#116),#120);
#116 = LINE('',#117,#118);
#117 = CARTESIAN_POINT('',(-0.,-28.7));
#118 = VECTOR('',#119,1.);
#119 = DIRECTION('',(-1.,0.));
#120 = ( GEOMETRIC_REPRESENTATION_CONTEXT(2) 
PARAMETRIC_REPRESENTATION_CONTEXT() REPRESENTATION_CONTEXT('2D SPACE',''
  ) );
#121 = PCURVE('',#122,#127);
#122 = PLANE('',#123);
#123 = AXIS2_PLACEMENT_3D('',#124,#125,#126);
#124 = CARTESIAN_POINT('',(-9.,44.35,27.5));
#125 = DIRECTION('',(-0.,1.,-0.));
#126 = DIRECTION('',(0.,0.,1.));
#127 = DEFINITIONAL_REPRESENTATION('',(#128),#132);
#128 = LINE('',#129,#130);
#129 = CARTESIAN_POINT('',(-16.5,-9.));
#130 = VECTOR('',#131,1.);
#131 = DIRECTION('',(-0.,1.));
#132 = ( GEOMETRIC_REPRESENTATION_CONTEXT(2) 
PARAMETRIC_REPRESENTATION_CONTEXT() REPRESENTATION_CONTEXT('2D SPACE',''
  ) );
#133 = ORIENTED_EDGE('',*,*,#134,.F.);
#134 = EDGE_CURVE('',#135,#107,#137,.T.);
#135 = VERTEX_POINT('',#136);
#136 = CARTESIAN_POINT('',(-6.,33.579455265819,11.));
#137 = SURFACE_CURVE('',#138,(#142,#149),.PCURVE_S1.);
#138 = LINE('',#139,#140);
#139 = CARTESIAN_POINT('',(-6.,15.65,11.));
#140 = VECTOR('',#141,1.);
#141 = DIRECTION('',(-0.,1.,-0.));
#142 = PCURVE('',#54,#143);
#143 = DEFINITIONAL_REPRESENTATION('',(#144),#148);
#144 = LINE('',#145,#146);
#145 = CARTESIAN_POINT('',(-12.,-0.));
#146 = VECTOR('',#147,1.);
#147 = DIRECTION('',(-0.,-1.));
#148 = ( GEOMETRIC_REPRESENTATION_CONTEXT(2) 
PARAMETRIC_REPRESENTATION_CONTEXT() REPRESENTATION_CONTEXT('2D SPACE',''
  ) );
#149 = PCURVE('',#150,#155);
#150 = CYLINDRICAL_SURFACE('',#151,6.);
#151 = AXIS2_PLACEMENT_3D('',#152,#153,#154);
#152 = CARTESIAN_POINT('',(-6.,15.65,17.));
#153 = DIRECTION('',(-0.,1.,-0.));
#154 = DIRECTION('',(0.,-0.,-1.));
#155 = DEFINITIONAL_REPRESENTATION('',(#156),#160);
#156 = LINE('',#157,#158);
#157 = CARTESIAN_POINT('',(-0.,0.));
#158 = VECTOR('',#159,1.);
#159 = DIRECTION('',(-0.,1.));
#160 = ( GEOMETRIC_REPRESENTATION_CONTEXT(2) 
PARAMETRIC_REPRESENTATION_CONTEXT() REPRESENTATION_CONTEXT('2D SPACE',''
  ) );
#161 = ORIENTED_EDGE('',*,*,#162,.T.);
#162 = EDGE_CURVE('',#135,#163,#165,.T.);
#163 = VERTEX_POINT('',#164);
#164 = CARTESIAN_POINT('',(-9.,33.579455265819,11.));
#165 = SURFACE_CURVE('',#166,(#170,#177),.PCURVE_S1.);
#166 = LINE('',#167,#168);
#167 = CARTESIAN_POINT('',(0.5,33.579455265819,11.));
#168 = VECTOR('',#169,1.);
#169 = DIRECTION('',(-1.,-0.,-0.));
#170 = PCURVE('',#54,#171);
#171 = DEFINITIONAL_REPRESENTATION('',(#172),#176);
#172 = LINE('',#173,#174);
#173 = CARTESIAN_POINT('',(-18.5,-17.92945526581));
#174 = VECTOR('',#175,1.);
#175 = DIRECTION('',(1.,-0.));
#176 = ( GEOMETRIC_REPRESENTATION_CONTEXT(2) 
PARAMETRIC_REPRESENTATION_CONTEXT() REPRESENTATION_CONTEXT('2D SPACE',''
  ) );
#177 = PCURVE('',#178,#183);
#178 = CYLINDRICAL_SURFACE('',#179,5.75);
#179 = AXIS2_PLACEMENT_3D('',#180,#181,#182);
#180 = CARTESIAN_POINT('',(0.5,30.,15.5));
#181 = DIRECTION('',(-1.,-0.,-0.));
#182 = DIRECTION('',(-0.,-0.,-1.));
#183 = DEFINITIONAL_REPRESENTATION('',(#184),#188);
#184 = LINE('',#185,#186);
#185 = CARTESIAN_POINT('',(-0.671950896496,0.));
#186 = VECTOR('',#187,1.);
#187 = DIRECTION('',(-0.,1.));
#188 = ( GEOMETRIC_REPRESENTATION_CONTEXT(2) 
PARAMETRIC_REPRESENTATION_CONTEXT() REPRESENTATION_CONTEXT('2D SPACE',''
  ) );
#189 = ORIENTED_EDGE('',*,*,#190,.F.);
#190 = EDGE_CURVE('',#191,#163,#193,.T.);
#191 = VERTEX_POINT('',#192);
#192 = CARTESIAN_POINT('',(-9.,26.420544734181,11.));
#193 = SURFACE_CURVE('',#194,(#198,#205),.PCURVE_S1.);
#194 = LINE('',#195,#196);
#195 = CARTESIAN_POINT('',(-9.,22.825,11.));
#196 = VECTOR('',#197,1.);
#197 = DIRECTION('',(-0.,1.,-0.));
#198 = PCURVE('',#54,#199);
#199 = DEFINITIONAL_REPRESENTATION('',(#200),#204);
#200 = LINE('',#201,#202);
#201 = CARTESIAN_POINT('',(-9.,-7.175));
#202 = VECTOR('',#203,1.);
#203 = DIRECTION('',(-0.,-1.));
#204 = ( GEOMETRIC_REPRESENTATION_CONTEXT(2) 
PARAMETRIC_REPRESENTATION_CONTEXT() REPRESENTATION_CONTEXT('2D SPACE',''
  ) );
#205 = PCURVE('',#206,#211);
#206 = PLANE('',#207);
#207 = AXIS2_PLACEMENT_3D('',#208,#209,#210);
#208 = CARTESIAN_POINT('',(-9.,30.,15.5));
#209 = DIRECTION('',(-1.,-0.,-0.));
#210 = DIRECTION('',(0.,0.,1.));
#211 = DEFINITIONAL_REPRESENTATION('',(#212),#216);
#212 = LINE('',#213,#214);
#213 = CARTESIAN_POINT('',(-4.5,-7.175));
#214 = VECTOR('',#215,1.);
#215 = DIRECTION('',(0.,1.));
#216 = ( GEOMETRIC_REPRESENTATION_CONTEXT(2) 
PARAMETRIC_REPRESENTATION_CONTEXT() REPRESENTATION_CONTEXT('2D SPACE',''
  ) );
#217 = ORIENTED_EDGE('',*,*,#218,.F.);
#218 = EDGE_CURVE('',#219,#191,#221,.T.);
#219 = VERTEX_POINT('',#220);
#220 = CARTESIAN_POINT('',(-6.,26.420544734181,11.));
#221 = SURFACE_CURVE('',#222,(#226,#233),.PCURVE_S1.);
#222 = LINE('',#223,#224);
#223 = CARTESIAN_POINT('',(0.5,26.420544734181,11.));
#224 = VECTOR('',#225,1.);
#225 = DIRECTION('',(-1.,-0.,-0.));
#226 = PCURVE('',#54,#227);
#227 = DEFINITIONAL_REPRESENTATION('',(#228),#232);
#228 = LINE('',#229,#230);
#229 = CARTESIAN_POINT('',(-18.5,-10.77054473418));
#230 = VECTOR('',#231,1.);
#231 = DIRECTION('',(1.,-0.));
#232 = ( GEOMETRIC_REPRESENTATION_CONTEXT(2) 
PARAMETRIC_REPRESENTATION_CONTEXT() REPRESENTATION_CONTEXT('2D SPACE',''
  ) );
#233 = PCURVE('',#178,#234);
#234 = DEFINITIONAL_REPRESENTATION('',(#235),#239);
#235 = LINE('',#236,#237);
#236 = CARTESIAN_POINT('',(-5.611234410684,0.));
#237 = VECTOR('',#238,1.);
#238 = DIRECTION('',(-0.,1.));
#239 = ( GEOMETRIC_REPRESENTATION_CONTEXT(2) 
PARAMETRIC_REPRESENTATION_CONTEXT() REPRESENTATION_CONTEXT('2D SPACE',''
  ) );
#240 = ORIENTED_EDGE('',*,*,#241,.F.);
#241 = EDGE_CURVE('',#46,#219,#242,.T.);
#242 = SURFACE_CURVE('',#243,(#247,#254),.PCURVE_S1.);
#243 = LINE('',#244,#245);
#244 = CARTESIAN_POINT('',(-6.,15.65,11.));
#245 = VECTOR('',#246,1.);
#246 = DIRECTION('',(-0.,1.,-0.));
#247 = PCURVE('',#54,#248);
#248 = DEFINITIONAL_REPRESENTATION('',(#249),#253);
#249 = LINE('',#250,#251);
#250 = CARTESIAN_POINT('',(-12.,-0.));
#251 = VECTOR('',#252,1.);
#252 = DIRECTION('',(-0.,-1.));
#253 = ( GEOMETRIC_REPRESENTATION_CONTEXT(2) 
PARAMETRIC_REPRESENTATION_CONTEXT() REPRESENTATION_CONTEXT('2D SPACE',''
  ) );
#254 = PCURVE('',#255,#260);
#255 = CYLINDRICAL_SURFACE('',#256,6.);
#256 = AXIS2_PLACEMENT_3D('',#257,#258,#259);
#257 = CARTESIAN_POINT('',(-6.,15.65,17.));
#258 = DIRECTION('',(-0.,1.,-0.));
#259 = DIRECTION('',(0.,-0.,-1.));
#260 = DEFINITIONAL_REPRESENTATION('',(#261),#265);
#261 = LINE('',#262,#263);
#262 = CARTESIAN_POINT('',(-0.,0.));
#263 = VECTOR('',#264,1.);
#264 = DIRECTION('',(-0.,1.));
#265 = ( GEOMETRIC_REPRESENTATION_CONTEXT(2) 
PARAMETRIC_REPRESENTATION_CONTEXT() REPRESENTATION_CONTEXT('2D SPACE',''
  ) );
#266 = ADVANCED_FACE('',(#267,#470),#66,.F.);
#267 = FACE_BOUND('',#268,.T.);
#268 = EDGE_LOOP('',(#269,#270,#298,#326,#359,#387,#420,#448));
#269 = ORIENTED_EDGE('',*,*,#43,.T.);
#270 = ORIENTED_EDGE('',*,*,#271,.T.);
#271 = EDGE_CURVE('',#46,#272,#274,.T.);
#272 = VERTEX_POINT('',#273);
#273 = CARTESIAN_POINT('',(8.881784197001E-16,15.65,17.));
#274 = SURFACE_CURVE('',#275,(#280,#291),.PCURVE_S1.);
#275 = CIRCLE('',#276,6.);
#276 = AXIS2_PLACEMENT_3D('',#277,#278,#279);
#277 = CARTESIAN_POINT('',(-6.,15.65,17.));
#278 = DIRECTION('',(0.,-1.,0.));
#279 = DIRECTION('',(0.,-0.,-1.));
#280 = PCURVE('',#66,#281);
#281 = DEFINITIONAL_REPRESENTATION('',(#282),#290);
#282 = ( BOUNDED_CURVE() B_SPLINE_CURVE(2,(#283,#284,#285,#286,#287,#288
,#289),.UNSPECIFIED.,.T.,.F.) B_SPLINE_CURVE_WITH_KNOTS((1,2,2,2,2,1),(
    -2.094395102393,0.,2.094395102393,4.188790204786,6.28318530718,
8.377580409573),.UNSPECIFIED.) CURVE() GEOMETRIC_REPRESENTATION_ITEM() 
RATIONAL_B_SPLINE_CURVE((1.,0.5,1.,0.5,1.,0.5,1.)) REPRESENTATION_ITEM(
  '') );
#283 = CARTESIAN_POINT('',(-16.5,3.));
#284 = CARTESIAN_POINT('',(-16.5,13.392304845413));
#285 = CARTESIAN_POINT('',(-7.5,8.196152422707));
#286 = CARTESIAN_POINT('',(1.5,3.));
#287 = CARTESIAN_POINT('',(-7.5,-2.196152422707));
#288 = CARTESIAN_POINT('',(-16.5,-7.392304845413));
#289 = CARTESIAN_POINT('',(-16.5,3.));
#290 = ( GEOMETRIC_REPRESENTATION_CONTEXT(2) 
PARAMETRIC_REPRESENTATION_CONTEXT() REPRESENTATION_CONTEXT('2D SPACE',''
  ) );
#291 = PCURVE('',#255,#292);
#292 = DEFINITIONAL_REPRESENTATION('',(#293),#297);
#293 = LINE('',#294,#295);
#294 = CARTESIAN_POINT('',(-0.,0.));
#295 = VECTOR('',#296,1.);
#296 = DIRECTION('',(-1.,0.));
#297 = ( GEOMETRIC_REPRESENTATION_CONTEXT(2) 
PARAMETRIC_REPRESENTATION_CONTEXT() REPRESENTATION_CONTEXT('2D SPACE',''
  ) );
#298 = ORIENTED_EDGE('',*,*,#299,.T.);
#299 = EDGE_CURVE('',#272,#300,#302,.T.);
#300 = VERTEX_POINT('',#301);
#301 = CARTESIAN_POINT('',(8.881784197001E-16,15.65,38.));
#302 = SURFACE_CURVE('',#303,(#307,#314),.PCURVE_S1.);
#303 = LINE('',#304,#305);
#304 = CARTESIAN_POINT('',(0.,15.65,11.));
#305 = VECTOR('',#306,1.);
#306 = DIRECTION('',(-0.,-0.,1.));
#307 = PCURVE('',#66,#308);
#308 = DEFINITIONAL_REPRESENTATION('',(#309),#313);
#309 = LINE('',#310,#311);
#310 = CARTESIAN_POINT('',(-16.5,9.));
#311 = VECTOR('',#312,1.);
#312 = DIRECTION('',(1.,-0.));
#313 = ( GEOMETRIC_REPRESENTATION_CONTEXT(2) 
PARAMETRIC_REPRESENTATION_CONTEXT() REPRESENTATION_CONTEXT('2D SPACE',''
  ) );
#314 = PCURVE('',#315,#320);
#315 = PLANE('',#316);
#316 = AXIS2_PLACEMENT_3D('',#317,#318,#319);
#317 = CARTESIAN_POINT('',(0.,15.65,11.));
#318 = DIRECTION('',(-1.,-0.,-0.));
#319 = DIRECTION('',(0.,0.,-1.));
#320 = DEFINITIONAL_REPRESENTATION('',(#321),#325);
#321 = LINE('',#322,#323);
#322 = CARTESIAN_POINT('',(-0.,-0.));
#323 = VECTOR('',#324,1.);
#324 = DIRECTION('',(-1.,-0.));
#325 = ( GEOMETRIC_REPRESENTATION_CONTEXT(2) 
PARAMETRIC_REPRESENTATION_CONTEXT() REPRESENTATION_CONTEXT('2D SPACE',''
  ) );
#326 = ORIENTED_EDGE('',*,*,#327,.T.);
#327 = EDGE_CURVE('',#300,#328,#330,.T.);
#328 = VERTEX_POINT('',#329);
#329 = CARTESIAN_POINT('',(-6.,15.65,44.));
#330 = SURFACE_CURVE('',#331,(#336,#347),.PCURVE_S1.);
#331 = CIRCLE('',#332,6.);
#332 = AXIS2_PLACEMENT_3D('',#333,#334,#335);
#333 = CARTESIAN_POINT('',(-6.,15.65,38.));
#334 = DIRECTION('',(0.,-1.,0.));
#335 = DIRECTION('',(0.,-0.,-1.));
#336 = PCURVE('',#66,#337);
#337 = DEFINITIONAL_REPRESENTATION('',(#338),#346);
#338 = ( BOUNDED_CURVE() B_SPLINE_CURVE(2,(#339,#340,#341,#342,#343,#344
,#345),.UNSPECIFIED.,.T.,.F.) B_SPLINE_CURVE_WITH_KNOTS((1,2,2,2,2,1),(
    -2.094395102393,0.,2.094395102393,4.188790204786,6.28318530718,
8.377580409573),.UNSPECIFIED.) CURVE() GEOMETRIC_REPRESENTATION_ITEM() 
RATIONAL_B_SPLINE_CURVE((1.,0.5,1.,0.5,1.,0.5,1.)) REPRESENTATION_ITEM(
  '') );
#339 = CARTESIAN_POINT('',(4.5,3.));
#340 = CARTESIAN_POINT('',(4.5,13.392304845413));
#341 = CARTESIAN_POINT('',(13.5,8.196152422707));
#342 = CARTESIAN_POINT('',(22.5,3.));
#343 = CARTESIAN_POINT('',(13.5,-2.196152422707));
#344 = CARTESIAN_POINT('',(4.5,-7.392304845413));
#345 = CARTESIAN_POINT('',(4.5,3.));
#346 = ( GEOMETRIC_REPRESENTATION_CONTEXT(2) 
PARAMETRIC_REPRESENTATION_CONTEXT() REPRESENTATION_CONTEXT('2D SPACE',''
  ) );
#347 = PCURVE('',#348,#353);
#348 = CYLINDRICAL_SURFACE('',#349,6.);
#349 = AXIS2_PLACEMENT_3D('',#350,#351,#352);
#350 = CARTESIAN_POINT('',(-6.,15.65,38.));
#351 = DIRECTION('',(-0.,1.,-0.));
#352 = DIRECTION('',(1.,-0.,-0.));
#353 = DEFINITIONAL_REPRESENTATION('',(#354),#358);
#354 = LINE('',#355,#356);
#355 = CARTESIAN_POINT('',(1.570796326795,-0.));
#356 = VECTOR('',#357,1.);
#357 = DIRECTION('',(-1.,0.));
#358 = ( GEOMETRIC_REPRESENTATION_CONTEXT(2) 
PARAMETRIC_REPRESENTATION_CONTEXT() REPRESENTATION_CONTEXT('2D SPACE',''
  ) );
#359 = ORIENTED_EDGE('',*,*,#360,.T.);
#360 = EDGE_CURVE('',#328,#361,#363,.T.);
#361 = VERTEX_POINT('',#362);
#362 = CARTESIAN_POINT('',(-12.,15.65,44.));
#363 = SURFACE_CURVE('',#364,(#368,#375),.PCURVE_S1.);
#364 = LINE('',#365,#366);
#365 = CARTESIAN_POINT('',(0.,15.65,44.));
#366 = VECTOR('',#367,1.);
#367 = DIRECTION('',(-1.,-0.,-0.));
#368 = PCURVE('',#66,#369);
#369 = DEFINITIONAL_REPRESENTATION('',(#370),#374);
#370 = LINE('',#371,#372);
#371 = CARTESIAN_POINT('',(16.5,9.));
#372 = VECTOR('',#373,1.);
#373 = DIRECTION('',(-0.,-1.));
#374 = ( GEOMETRIC_REPRESENTATION_CONTEXT(2) 
PARAMETRIC_REPRESENTATION_CONTEXT() REPRESENTATION_CONTEXT('2D SPACE',''
  ) );
#375 = PCURVE('',#376,#381);
#376 = PLANE('',#377);
#377 = AXIS2_PLACEMENT_3D('',#378,#379,#380);
#378 = CARTESIAN_POINT('',(0.,15.65,44.));
#379 = DIRECTION('',(-0.,0.,-1.));
#380 = DIRECTION('',(1.,0.,0.));
#381 = DEFINITIONAL_REPRESENTATION('',(#382),#386);
#382 = LINE('',#383,#384);
#383 = CARTESIAN_POINT('',(-0.,-0.));
#384 = VECTOR('',#385,1.);
#385 = DIRECTION('',(-1.,0.));
#386 = ( GEOMETRIC_REPRESENTATION_CONTEXT(2) 
PARAMETRIC_REPRESENTATION_CONTEXT() REPRESENTATION_CONTEXT('2D SPACE',''
  ) );
#387 = ORIENTED_EDGE('',*,*,#388,.T.);
#388 = EDGE_CURVE('',#361,#389,#391,.T.);
#389 = VERTEX_POINT('',#390);
#390 = CARTESIAN_POINT('',(-18.,15.65,38.));
#391 = SURFACE_CURVE('',#392,(#397,#408),.PCURVE_S1.);
#392 = CIRCLE('',#393,6.);
#393 = AXIS2_PLACEMENT_3D('',#394,#395,#396);
#394 = CARTESIAN_POINT('',(-12.,15.65,38.));
#395 = DIRECTION('',(0.,-1.,0.));
#396 = DIRECTION('',(0.,-0.,-1.));
#397 = PCURVE('',#66,#398);
#398 = DEFINITIONAL_REPRESENTATION('',(#399),#407);
#399 = ( BOUNDED_CURVE() B_SPLINE_CURVE(2,(#400,#401,#402,#403,#404,#405
,#406),.UNSPECIFIED.,.T.,.F.) B_SPLINE_CURVE_WITH_KNOTS((1,2,2,2,2,1),(
    -2.094395102393,0.,2.094395102393,4.188790204786,6.28318530718,
8.377580409573),.UNSPECIFIED.) CURVE() GEOMETRIC_REPRESENTATION_ITEM() 
RATIONAL_B_SPLINE_CURVE((1.,0.5,1.,0.5,1.,0.5,1.)) REPRESENTATION_ITEM(
  '') );
#400 = CARTESIAN_POINT('',(4.5,-3.));
#401 = CARTESIAN_POINT('',(4.5,7.392304845413));
#402 = CARTESIAN_POINT('',(13.5,2.196152422707));
#403 = CARTESIAN_POINT('',(22.5,-3.));
#404 = CARTESIAN_POINT('',(13.5,-8.196152422707));
#405 = CARTESIAN_POINT('',(4.5,-13.39230484541));
#406 = CARTESIAN_POINT('',(4.5,-3.));
#407 = ( GEOMETRIC_REPRESENTATION_CONTEXT(2) 
PARAMETRIC_REPRESENTATION_CONTEXT() REPRESENTATION_CONTEXT('2D SPACE',''
  ) );
#408 = PCURVE('',#409,#414);
#409 = CYLINDRICAL_SURFACE('',#410,6.);
#410 = AXIS2_PLACEMENT_3D('',#411,#412,#413);
#411 = CARTESIAN_POINT('',(-12.,15.65,38.));
#412 = DIRECTION('',(-0.,1.,-0.));
#413 = DIRECTION('',(-0.,-0.,1.));
#414 = DEFINITIONAL_REPRESENTATION('',(#415),#419);
#415 = LINE('',#416,#417);
#416 = CARTESIAN_POINT('',(3.14159265359,-0.));
#417 = VECTOR('',#418,1.);
#418 = DIRECTION('',(-1.,0.));
#419 = ( GEOMETRIC_REPRESENTATION_CONTEXT(2) 
PARAMETRIC_REPRESENTATION_CONTEXT() REPRESENTATION_CONTEXT('2D SPACE',''
  ) );
#420 = ORIENTED_EDGE('',*,*,#421,.T.);
#421 = EDGE_CURVE('',#389,#422,#424,.T.);
#422 = VERTEX_POINT('',#423);
#423 = CARTESIAN_POINT('',(-18.,15.65,17.));
#424 = SURFACE_CURVE('',#425,(#429,#436),.PCURVE_S1.);
#425 = LINE('',#426,#427);
#426 = CARTESIAN_POINT('',(-18.,15.65,44.));
#427 = VECTOR('',#428,1.);
#428 = DIRECTION('',(-0.,-0.,-1.));
#429 = PCURVE('',#66,#430);
#430 = DEFINITIONAL_REPRESENTATION('',(#431),#435);
#431 = LINE('',#432,#433);
#432 = CARTESIAN_POINT('',(16.5,-9.));
#433 = VECTOR('',#434,1.);
#434 = DIRECTION('',(-1.,0.));
#435 = ( GEOMETRIC_REPRESENTATION_CONTEXT(2) 
PARAMETRIC_REPRESENTATION_CONTEXT() REPRESENTATION_CONTEXT('2D SPACE',''
  ) );
#436 = PCURVE('',#437,#442);
#437 = PLANE('',#438);
#438 = AXIS2_PLACEMENT_3D('',#439,#440,#441);
#439 = CARTESIAN_POINT('',(-18.,15.65,44.));
#440 = DIRECTION('',(1.,-0.,-0.));
#441 = DIRECTION('',(0.,0.,1.));
#442 = DEFINITIONAL_REPRESENTATION('',(#443),#447);
#443 = LINE('',#444,#445);
#444 = CARTESIAN_POINT('',(-0.,-0.));
#445 = VECTOR('',#446,1.);
#446 = DIRECTION('',(-1.,0.));
#447 = ( GEOMETRIC_REPRESENTATION_CONTEXT(2) 
PARAMETRIC_REPRESENTATION_CONTEXT() REPRESENTATION_CONTEXT('2D SPACE',''
  ) );
#448 = ORIENTED_EDGE('',*,*,#449,.F.);
#449 = EDGE_CURVE('',#44,#422,#450,.T.);
#450 = SURFACE_CURVE('',#451,(#456,#463),.PCURVE_S1.);
#451 = CIRCLE('',#452,6.);
#452 = AXIS2_PLACEMENT_3D('',#453,#454,#455);
#453 = CARTESIAN_POINT('',(-12.,15.65,17.));
#454 = DIRECTION('',(0.,1.,-0.));
#455 = DIRECTION('',(-0.,-0.,-1.));
#456 = PCURVE('',#66,#457);
#457 = DEFINITIONAL_REPRESENTATION('',(#458),#462);
#458 = CIRCLE('',#459,6.);
#459 = AXIS2_PLACEMENT_2D('',#460,#461);
#460 = CARTESIAN_POINT('',(-10.5,-3.));
#461 = DIRECTION('',(-1.,0.));
#462 = ( GEOMETRIC_REPRESENTATION_CONTEXT(2) 
PARAMETRIC_REPRESENTATION_CONTEXT() REPRESENTATION_CONTEXT('2D SPACE',''
  ) );
#463 = PCURVE('',#94,#464);
#464 = DEFINITIONAL_REPRESENTATION('',(#465),#469);
#465 = LINE('',#466,#467);
#466 = CARTESIAN_POINT('',(0.,0.));
#467 = VECTOR('',#468,1.);
#468 = DIRECTION('',(1.,0.));
#469 = ( GEOMETRIC_REPRESENTATION_CONTEXT(2) 
PARAMETRIC_REPRESENTATION_CONTEXT() REPRESENTATION_CONTEXT('2D SPACE',''
  ) );
#470 = FACE_BOUND('',#471,.T.);
#471 = EDGE_LOOP('',(#472));
#472 = ORIENTED_EDGE('',*,*,#473,.T.);
#473 = EDGE_CURVE('',#474,#474,#476,.T.);
#474 = VERTEX_POINT('',#475);
#475 = CARTESIAN_POINT('',(-15.,15.65,41.5));
#476 = SURFACE_CURVE('',#477,(#482,#489),.PCURVE_S1.);
#477 = CIRCLE('',#478,2.);
#478 = AXIS2_PLACEMENT_3D('',#479,#480,#481);
#479 = CARTESIAN_POINT('',(-15.,15.65,39.5));
#480 = DIRECTION('',(0.,1.,0.));
#481 = DIRECTION('',(-0.,-0.,1.));
#482 = PCURVE('',#66,#483);
#483 = DEFINITIONAL_REPRESENTATION('',(#484),#488);
#484 = CIRCLE('',#485,2.);
#485 = AXIS2_PLACEMENT_2D('',#486,#487);
#486 = CARTESIAN_POINT('',(12.,-6.));
#487 = DIRECTION('',(1.,-0.));
#488 = ( GEOMETRIC_REPRESENTATION_CONTEXT(2) 
PARAMETRIC_REPRESENTATION_CONTEXT() REPRESENTATION_CONTEXT('2D SPACE',''
  ) );
#489 = PCURVE('',#490,#495);
#490 = CYLINDRICAL_SURFACE('',#491,2.);
#491 = AXIS2_PLACEMENT_3D('',#492,#493,#494);
#492 = CARTESIAN_POINT('',(-15.,21.65,39.5));
#493 = DIRECTION('',(-0.,-1.,-0.));
#494 = DIRECTION('',(-0.,-0.,1.));
#495 = DEFINITIONAL_REPRESENTATION('',(#496),#500);
#496 = LINE('',#497,#498);
#497 = CARTESIAN_POINT('',(-0.,6.));
#498 = VECTOR('',#499,1.);
#499 = DIRECTION('',(-1.,0.));
#500 = ( GEOMETRIC_REPRESENTATION_CONTEXT(2) 
PARAMETRIC_REPRESENTATION_CONTEXT() REPRESENTATION_CONTEXT('2D SPACE',''
  ) );
#501 = ADVANCED_FACE('',(#502),#255,.T.);
#502 = FACE_BOUND('',#503,.F.);
#503 = EDGE_LOOP('',(#504,#505,#506,#529));
#504 = ORIENTED_EDGE('',*,*,#241,.F.);
#505 = ORIENTED_EDGE('',*,*,#271,.T.);
#506 = ORIENTED_EDGE('',*,*,#507,.T.);
#507 = EDGE_CURVE('',#272,#508,#510,.T.);
#508 = VERTEX_POINT('',#509);
#509 = CARTESIAN_POINT('',(8.881784197001E-16,24.449099172206,17.));
#510 = SURFACE_CURVE('',#511,(#515,#522),.PCURVE_S1.);
#511 = LINE('',#512,#513);
#512 = CARTESIAN_POINT('',(8.881784197001E-16,15.65,17.));
#513 = VECTOR('',#514,1.);
#514 = DIRECTION('',(-0.,1.,-0.));
#515 = PCURVE('',#255,#516);
#516 = DEFINITIONAL_REPRESENTATION('',(#517),#521);
#517 = LINE('',#518,#519);
#518 = CARTESIAN_POINT('',(-1.570796326795,0.));
#519 = VECTOR('',#520,1.);
#520 = DIRECTION('',(-0.,1.));
#521 = ( GEOMETRIC_REPRESENTATION_CONTEXT(2) 
PARAMETRIC_REPRESENTATION_CONTEXT() REPRESENTATION_CONTEXT('2D SPACE',''
  ) );
#522 = PCURVE('',#315,#523);
#523 = DEFINITIONAL_REPRESENTATION('',(#524),#528);
#524 = LINE('',#525,#526);
#525 = CARTESIAN_POINT('',(-6.,-0.));
#526 = VECTOR('',#527,1.);
#527 = DIRECTION('',(-0.,-1.));
#528 = ( GEOMETRIC_REPRESENTATION_CONTEXT(2) 
PARAMETRIC_REPRESENTATION_CONTEXT() REPRESENTATION_CONTEXT('2D SPACE',''
  ) );
#529 = ORIENTED_EDGE('',*,*,#530,.T.);
#530 = EDGE_CURVE('',#508,#219,#531,.T.);
#531 = SURFACE_CURVE('',#532,(#565,#601),.PCURVE_S1.);
#532 = B_SPLINE_CURVE_WITH_KNOTS('',7,(#533,#534,#535,#536,#537,#538,
    #539,#540,#541,#542,#543,#544,#545,#546,#547,#548,#549,#550,#551,
    #552,#553,#554,#555,#556,#557,#558,#559,#560,#561,#562,#563,#564),
  .UNSPECIFIED.,.F.,.F.,(8,6,6,6,6,8),(0.,0.179827366231,0.351516487445,
    0.609183124931,0.8265418779,1.),.UNSPECIFIED.);
#533 = CARTESIAN_POINT('',(8.881784197001E-16,24.449099172206,17.));
#534 = CARTESIAN_POINT('',(8.881784197001E-16,24.371518097384,
    16.712903431699));
#535 = CARTESIAN_POINT('',(-1.60263440447E-02,24.310243359095,
    16.417360042257));
#536 = CARTESIAN_POINT('',(-4.9780410216E-02,24.267330577013,
    16.117732081325));
#537 = CARTESIAN_POINT('',(-0.101832367966,24.243475078217,
    15.818517223981));
#538 = CARTESIAN_POINT('',(-0.17153539009,24.238100463724,
    15.524208297973));
#539 = CARTESIAN_POINT('',(-0.256932679241,24.249451083435,
    15.239198742947));
#540 = CARTESIAN_POINT('',(-0.447959324983,24.298783617761,
    14.70855424411));
#541 = CARTESIAN_POINT('',(-0.552760664503,24.335605299582,
    14.460991409969));
#542 = CARTESIAN_POINT('',(-0.667527088334,24.383146639201,
    14.22530210578));
#543 = CARTESIAN_POINT('',(-0.790825031444,24.439600316706,
    14.001569763865));
#544 = CARTESIAN_POINT('',(-0.921329328504,24.503326875875,
    13.789741410182));
#545 = CARTESIAN_POINT('',(-1.057822480276,24.572834605632,
    13.589659169548));
#546 = CARTESIAN_POINT('',(-1.41133940293,24.75773271038,13.118080985835
    ));
#547 = CARTESIAN_POINT('',(-1.635567431355,24.879247163352,
    12.859523373604));
#548 = CARTESIAN_POINT('',(-1.869289061294,25.007449033748,
    12.623772551339));
#549 = CARTESIAN_POINT('',(-2.110842650358,25.139386100892,
    12.409093161293));
#550 = CARTESIAN_POINT('',(-2.35940289388,25.272722828507,
    12.213824805083));
#551 = CARTESIAN_POINT('',(-2.614871330579,25.405472764211,
    12.036560645134));
#552 = CARTESIAN_POINT('',(-3.099661450227,25.645250017943,
    11.741148887686));
#553 = CARTESIAN_POINT('',(-3.326581016176,25.752934204063,
    11.618237603438));
#554 = CARTESIAN_POINT('',(-3.558534244602,25.857136730046,
    11.507193977726));
#555 = CARTESIAN_POINT('',(-3.795468362049,25.95625288047,11.40788116832
    ));
#556 = CARTESIAN_POINT('',(-4.03738533591,26.048459709972,
    11.320310539471));
#557 = CARTESIAN_POINT('',(-4.284382184081,26.13172863479,
    11.244625380046));
#558 = CARTESIAN_POINT('',(-4.738026105216,26.261520578241,
    11.130543070797));
#559 = CARTESIAN_POINT('',(-4.943384178035,26.312250909729,
    11.08754184684));
#560 = CARTESIAN_POINT('',(-5.151628960735,26.354572058846,
    11.052760638067));
#561 = CARTESIAN_POINT('',(-5.361938926861,26.387249690655,
    11.026483822465));
#562 = CARTESIAN_POINT('',(-5.573721682261,26.409405951166,
    11.008860262359));
#563 = CARTESIAN_POINT('',(-5.786534050848,26.420544734181,11.));
#564 = CARTESIAN_POINT('',(-6.,26.420544734181,11.));
#565 = PCURVE('',#255,#566);
#566 = DEFINITIONAL_REPRESENTATION('',(#567),#600);
#567 = B_SPLINE_CURVE_WITH_KNOTS('',7,(#568,#569,#570,#571,#572,#573,
    #574,#575,#576,#577,#578,#579,#580,#581,#582,#583,#584,#585,#586,
    #587,#588,#589,#590,#591,#592,#593,#594,#595,#596,#597,#598,#599),
  .UNSPECIFIED.,.F.,.F.,(8,6,6,6,6,8),(0.,0.179827366231,0.351516487445,
    0.609183124931,0.8265418779,1.),.UNSPECIFIED.);
#568 = CARTESIAN_POINT('',(-1.570796326795,8.799099172206));
#569 = CARTESIAN_POINT('',(-1.522946898745,8.721518097384));
#570 = CARTESIAN_POINT('',(-1.473689584554,8.660243359095));
#571 = CARTESIAN_POINT('',(-1.423572945395,8.617330577013));
#572 = CARTESIAN_POINT('',(-1.373119150635,8.593475078217));
#573 = CARTESIAN_POINT('',(-1.322850974933,8.588100463724));
#574 = CARTESIAN_POINT('',(-1.273336241478,8.599451083435));
#575 = CARTESIAN_POINT('',(-1.179339379307,8.648783617761));
#576 = CARTESIAN_POINT('',(-1.134601567888,8.685605299582));
#577 = CARTESIAN_POINT('',(-1.09100509809,8.733146639201));
#578 = CARTESIAN_POINT('',(-1.0485222698,8.789600316706));
#579 = CARTESIAN_POINT('',(-1.007128214308,8.853326875875));
#580 = CARTESIAN_POINT('',(-0.966800860255,8.922834605632));
#581 = CARTESIAN_POINT('',(-0.868572074313,9.10773271038));
#582 = CARTESIAN_POINT('',(-0.811675841711,9.229247163352));
#583 = CARTESIAN_POINT('',(-0.756537355432,9.357449033748));
#584 = CARTESIAN_POINT('',(-0.702861612359,9.489386100892));
#585 = CARTESIAN_POINT('',(-0.650329609259,9.622722828507));
#586 = CARTESIAN_POINT('',(-0.59859666049,9.755472764211));
#587 = CARTESIAN_POINT('',(-0.503979072487,9.995250017943));
#588 = CARTESIAN_POINT('',(-0.461023104401,10.102934204063));
#589 = CARTESIAN_POINT('',(-0.418247754901,10.207136730046));
#590 = CARTESIAN_POINT('',(-0.375524424569,10.30625288047));
#591 = CARTESIAN_POINT('',(-0.332730033374,10.398459709972));
#592 = CARTESIAN_POINT('',(-0.289730435014,10.48172863479));
#593 = CARTESIAN_POINT('',(-0.21176898078,10.611520578241));
#594 = CARTESIAN_POINT('',(-0.176828282219,10.662250909729));
#595 = CARTESIAN_POINT('',(-0.141687251654,10.704572058846));
#596 = CARTESIAN_POINT('',(-0.106417180927,10.737249690655));
#597 = CARTESIAN_POINT('',(-7.104634184571E-02,10.759405951166));
#598 = CARTESIAN_POINT('',(-3.557765819194E-02,10.770544734181));
#599 = CARTESIAN_POINT('',(0.,10.770544734181));
#600 = ( GEOMETRIC_REPRESENTATION_CONTEXT(2) 
PARAMETRIC_REPRESENTATION_CONTEXT() REPRESENTATION_CONTEXT('2D SPACE',''
  ) );
#601 = PCURVE('',#178,#602);
#602 = DEFINITIONAL_REPRESENTATION('',(#603),#636);
#603 = B_SPLINE_CURVE_WITH_KNOTS('',7,(#604,#605,#606,#607,#608,#609,
    #610,#611,#612,#613,#614,#615,#616,#617,#618,#619,#620,#621,#622,
    #623,#624,#625,#626,#627,#628,#629,#630,#631,#632,#633,#634,#635),
  .UNSPECIFIED.,.F.,.F.,(8,6,6,6,6,8),(0.,0.179827366231,0.351516487445,
    0.609183124931,0.8265418779,1.),.UNSPECIFIED.);
#604 = CARTESIAN_POINT('',(-4.448466132255,0.5));
#605 = CARTESIAN_POINT('',(-4.500186848803,0.5));
#606 = CARTESIAN_POINT('',(-4.552586004067,0.516026344045));
#607 = CARTESIAN_POINT('',(-4.605063457717,0.549780410216));
#608 = CARTESIAN_POINT('',(-4.657086293021,0.601832367966));
#609 = CARTESIAN_POINT('',(-4.708137987655,0.67153539009));
#610 = CARTESIAN_POINT('',(-4.757674850923,0.756932679241));
#611 = CARTESIAN_POINT('',(-4.850358802071,0.947959324983));
#612 = CARTESIAN_POINT('',(-4.893821163013,1.052760664503));
#613 = CARTESIAN_POINT('',(-4.935551383075,1.167527088334));
#614 = CARTESIAN_POINT('',(-4.975603453323,1.290825031444));
#615 = CARTESIAN_POINT('',(-5.014017959246,1.421329328504));
#616 = CARTESIAN_POINT('',(-5.050826358681,1.557822480276));
#617 = CARTESIAN_POINT('',(-5.138918644453,1.91133940293));
#618 = CARTESIAN_POINT('',(-5.18849647611,2.135567431355));
#619 = CARTESIAN_POINT('',(-5.23504735347,2.369289061293));
#620 = CARTESIAN_POINT('',(-5.278771618768,2.610842650359));
#621 = CARTESIAN_POINT('',(-5.31982834988,2.85940289388));
#622 = CARTESIAN_POINT('',(-5.358314014447,3.114871330579));
#623 = CARTESIAN_POINT('',(-5.424483582458,3.599661450227));
#624 = CARTESIAN_POINT('',(-5.452882782128,3.826581016176));
#625 = CARTESIAN_POINT('',(-5.47934287201,4.058534244602));
#626 = CARTESIAN_POINT('',(-5.50372752746,4.295468362049));
#627 = CARTESIAN_POINT('',(-5.525834008509,4.53738533591));
#628 = CARTESIAN_POINT('',(-5.545400988476,4.784382184081));
#629 = CARTESIAN_POINT('',(-5.575453606161,5.238026105216));
#630 = CARTESIAN_POINT('',(-5.587017463673,5.443384178035));
#631 = CARTESIAN_POINT('',(-5.596543178186,5.651628960734));
#632 = CARTESIAN_POINT('',(-5.603835437825,5.861938926861));
#633 = CARTESIAN_POINT('',(-5.608759154984,6.073721682261));
#634 = CARTESIAN_POINT('',(-5.611234410684,6.286534050848));
#635 = CARTESIAN_POINT('',(-5.611234410684,6.5));
#636 = ( GEOMETRIC_REPRESENTATION_CONTEXT(2) 
PARAMETRIC_REPRESENTATION_CONTEXT() REPRESENTATION_CONTEXT('2D SPACE',''
  ) );
#637 = ADVANCED_FACE('',(#638),#178,.F.);
#638 = FACE_BOUND('',#639,.T.);
#639 = EDGE_LOOP('',(#640,#666,#667,#795,#821,#822));
#640 = ORIENTED_EDGE('',*,*,#641,.F.);
#641 = EDGE_CURVE('',#163,#191,#642,.T.);
#642 = SURFACE_CURVE('',#643,(#648,#655),.PCURVE_S1.);
#643 = CIRCLE('',#644,5.75);
#644 = AXIS2_PLACEMENT_3D('',#645,#646,#647);
#645 = CARTESIAN_POINT('',(-9.,30.,15.5));
#646 = DIRECTION('',(1.,0.,-0.));
#647 = DIRECTION('',(-0.,-0.,-1.));
#648 = PCURVE('',#178,#649);
#649 = DEFINITIONAL_REPRESENTATION('',(#650),#654);
#650 = LINE('',#651,#652);
#651 = CARTESIAN_POINT('',(-0.,9.5));
#652 = VECTOR('',#653,1.);
#653 = DIRECTION('',(-1.,0.));
#654 = ( GEOMETRIC_REPRESENTATION_CONTEXT(2) 
PARAMETRIC_REPRESENTATION_CONTEXT() REPRESENTATION_CONTEXT('2D SPACE',''
  ) );
#655 = PCURVE('',#206,#656);
#656 = DEFINITIONAL_REPRESENTATION('',(#657),#665);
#657 = ( BOUNDED_CURVE() B_SPLINE_CURVE(2,(#658,#659,#660,#661,#662,#663
,#664),.UNSPECIFIED.,.T.,.F.) B_SPLINE_CURVE_WITH_KNOTS((1,2,2,2,2,1),(
    -2.094395102393,0.,2.094395102393,4.188790204786,6.28318530718,
8.377580409573),.UNSPECIFIED.) CURVE() GEOMETRIC_REPRESENTATION_ITEM() 
RATIONAL_B_SPLINE_CURVE((1.,0.5,1.,0.5,1.,0.5,1.)) REPRESENTATION_ITEM(
  '') );
#658 = CARTESIAN_POINT('',(-5.75,0.));
#659 = CARTESIAN_POINT('',(-5.75,9.959292143521));
#660 = CARTESIAN_POINT('',(2.875,4.979646071761));
#661 = CARTESIAN_POINT('',(11.5,1.408343819019E-15));
#662 = CARTESIAN_POINT('',(2.875,-4.979646071761));
#663 = CARTESIAN_POINT('',(-5.75,-9.959292143521));
#664 = CARTESIAN_POINT('',(-5.75,0.));
#665 = ( GEOMETRIC_REPRESENTATION_CONTEXT(2) 
PARAMETRIC_REPRESENTATION_CONTEXT() REPRESENTATION_CONTEXT('2D SPACE',''
  ) );
#666 = ORIENTED_EDGE('',*,*,#162,.F.);
#667 = ORIENTED_EDGE('',*,*,#668,.T.);
#668 = EDGE_CURVE('',#135,#669,#671,.T.);
#669 = VERTEX_POINT('',#670);
#670 = CARTESIAN_POINT('',(8.881784197001E-16,35.550900827794,17.));
#671 = SURFACE_CURVE('',#672,(#711,#753),.PCURVE_S1.);
#672 = B_SPLINE_CURVE_WITH_KNOTS('',7,(#673,#674,#675,#676,#677,#678,
    #679,#680,#681,#682,#683,#684,#685,#686,#687,#688,#689,#690,#691,
    #692,#693,#694,#695,#696,#697,#698,#699,#700,#701,#702,#703,#704,
    #705,#706,#707,#708,#709,#710),.UNSPECIFIED.,.F.,.F.,(8,6,6,6,6,6,8)
  ,(0.,0.170268649693,0.392056660368,0.64928749123,0.744809017791,
    0.930344395883,1.),.UNSPECIFIED.);
#673 = CARTESIAN_POINT('',(-6.,33.579455265819,11.));
#674 = CARTESIAN_POINT('',(-5.790552216594,33.579455265819,11.));
#675 = CARTESIAN_POINT('',(-5.581731785286,33.590178666392,
    11.008529853139));
#676 = CARTESIAN_POINT('',(-5.373902408035,33.61151117735,11.02549817362
    ));
#677 = CARTESIAN_POINT('',(-5.167486146957,33.642988615497,
    11.050799573314));
#678 = CARTESIAN_POINT('',(-4.963038890234,33.683792555576,
    11.084292421651));
#679 = CARTESIAN_POINT('',(-4.761323558912,33.732774374433,
    11.125713254181));
#680 = CARTESIAN_POINT('',(-4.305545719986,33.861104615946,
    11.238112568635));
#681 = CARTESIAN_POINT('',(-4.053231236343,33.945405051922,
    11.314459661817));
#682 = CARTESIAN_POINT('',(-3.806193622576,34.039128142865,
    11.403185952827));
#683 = CARTESIAN_POINT('',(-3.564331957669,34.140110764311,
    11.504134898019));
#684 = CARTESIAN_POINT('',(-3.327651273404,34.246409707052,
    11.617289133911));
#685 = CARTESIAN_POINT('',(-3.096216311752,34.356318001307,
    11.742787261247));
#686 = CARTESIAN_POINT('',(-2.607840862256,34.598167294575,
    12.041396675686));
#687 = CARTESIAN_POINT('',(-2.353050814482,34.730666858653,
    12.218719285988));
#688 = CARTESIAN_POINT('',(-2.10514576443,34.863710079143,
    12.413995093697));
#689 = CARTESIAN_POINT('',(-1.864229523076,34.995321363333,12.6286291786
    ));
#690 = CARTESIAN_POINT('',(-1.631130145986,35.123174135048,
    12.864276458293));
#691 = CARTESIAN_POINT('',(-1.407507951132,35.244326517891,
    13.122664286708));
#692 = CARTESIAN_POINT('',(-1.117370726548,35.39599907175,
    13.510425623358));
#693 = CARTESIAN_POINT('',(-1.040414646228,35.435642520158,
    13.618857284813));
#694 = CARTESIAN_POINT('',(-0.96521099099,35.473653850534,
    13.730801970408));
#695 = CARTESIAN_POINT('',(-0.891922492336,35.509809694116,
    13.846335164676));
#696 = CARTESIAN_POINT('',(-0.820731290955,35.543866376247,
    13.96552438415));
#697 = CARTESIAN_POINT('',(-0.751838094602,35.575558701409,
    14.088428667358));
#698 = CARTESIAN_POINT('',(-0.556535035798,35.66100439269,
    14.461133229805));
#699 = CARTESIAN_POINT('',(-0.435759868443,35.707991283569,
    14.723935708174));
#700 = CARTESIAN_POINT('',(-0.326790143817,35.742328780035,
    15.001168342212));
#701 = CARTESIAN_POINT('',(-0.232417716181,35.761276352605,
    15.290294443004));
#702 = CARTESIAN_POINT('',(-0.154665551997,35.762660149981,
    15.588560179884));
#703 = CARTESIAN_POINT('',(-9.483009740333E-02,35.744922015523,
    15.89303985604));
#704 = CARTESIAN_POINT('',(-3.794552923782E-02,35.692956783877,
    16.316265558166));
#705 = CARTESIAN_POINT('',(-2.508535384076E-02,35.676004510789,
    16.431778107161));
#706 = CARTESIAN_POINT('',(-1.489743161443E-02,35.656288506533,
    16.547017580746));
#707 = CARTESIAN_POINT('',(-7.358728948647E-03,35.633841929803,
    16.661720599146));
#708 = CARTESIAN_POINT('',(-2.418646570884E-03,35.608727612337,
    16.775625088064));
#709 = CARTESIAN_POINT('',(8.881784197001E-16,35.581038955655,
    16.888470827403));
#710 = CARTESIAN_POINT('',(8.881784197001E-16,35.550900827794,17.));
#711 = PCURVE('',#178,#712);
#712 = DEFINITIONAL_REPRESENTATION('',(#713),#752);
#713 = B_SPLINE_CURVE_WITH_KNOTS('',7,(#714,#715,#716,#717,#718,#719,
    #720,#721,#722,#723,#724,#725,#726,#727,#728,#729,#730,#731,#732,
    #733,#734,#735,#736,#737,#738,#739,#740,#741,#742,#743,#744,#745,
    #746,#747,#748,#749,#750,#751),.UNSPECIFIED.,.F.,.F.,(8,6,6,6,6,6,8)
  ,(0.,0.170268649693,0.392056660368,0.64928749123,0.744809017791,
    0.930344395883,1.),.UNSPECIFIED.);
#714 = CARTESIAN_POINT('',(-0.671950896496,6.5));
#715 = CARTESIAN_POINT('',(-0.671950896496,6.290552216594));
#716 = CARTESIAN_POINT('',(-0.674333849268,6.081731785286));
#717 = CARTESIAN_POINT('',(-0.679074494187,5.873902408035));
#718 = CARTESIAN_POINT('',(-0.686097822061,5.667486146957));
#719 = CARTESIAN_POINT('',(-0.695277548238,5.463038890234));
#720 = CARTESIAN_POINT('',(-0.706431915077,5.261323558912));
#721 = CARTESIAN_POINT('',(-0.736100408241,4.805545719986));
#722 = CARTESIAN_POINT('',(-0.755877591216,4.553231236343));
#723 = CARTESIAN_POINT('',(-0.778313407595,4.306193622576));
#724 = CARTESIAN_POINT('',(-0.803127893391,4.064331957669));
#725 = CARTESIAN_POINT('',(-0.830103678478,3.827651273404));
#726 = CARTESIAN_POINT('',(-0.859094795261,3.596216311752));
#727 = CARTESIAN_POINT('',(-0.925923281098,3.107840862256));
#728 = CARTESIAN_POINT('',(-0.964391007923,2.853050814482));
#729 = CARTESIAN_POINT('',(-1.005420153268,2.60514576443));
#730 = CARTESIAN_POINT('',(-1.049108300365,2.364229523076));
#731 = CARTESIAN_POINT('',(-1.095614728291,2.131130145986));
#732 = CARTESIAN_POINT('',(-1.1451394652,1.907507951132));
#733 = CARTESIAN_POINT('',(-1.217551522347,1.617370726548));
#734 = CARTESIAN_POINT('',(-1.237625006152,1.540414646228));
#735 = CARTESIAN_POINT('',(-1.258176419796,1.46521099099));
#736 = CARTESIAN_POINT('',(-1.279218733121,1.391922492336));
#737 = CARTESIAN_POINT('',(-1.300765499296,1.320731290955));
#738 = CARTESIAN_POINT('',(-1.322831316934,1.251838094602));
#739 = CARTESIAN_POINT('',(-1.389331093252,1.056535035798));
#740 = CARTESIAN_POINT('',(-1.435706221757,0.935759868443));
#741 = CARTESIAN_POINT('',(-1.484173814406,0.826790143817));
#742 = CARTESIAN_POINT('',(-1.53440648913,0.732417716181));
#743 = CARTESIAN_POINT('',(-1.586118605446,0.654665551997));
#744 = CARTESIAN_POINT('',(-1.639052908801,0.594830097403));
#745 = CARTESIAN_POINT('',(-1.713210128033,0.537945529238));
#746 = CARTESIAN_POINT('',(-1.733508826607,0.525085353841));
#747 = CARTESIAN_POINT('',(-1.753832500664,0.514897431614));
#748 = CARTESIAN_POINT('',(-1.774148886816,0.507358728949));
#749 = CARTESIAN_POINT('',(-1.794425094743,0.502418646571));
#750 = CARTESIAN_POINT('',(-1.814627089684,0.5));
#751 = CARTESIAN_POINT('',(-1.834719174925,0.5));
#752 = ( GEOMETRIC_REPRESENTATION_CONTEXT(2) 
PARAMETRIC_REPRESENTATION_CONTEXT() REPRESENTATION_CONTEXT('2D SPACE',''
  ) );
#753 = PCURVE('',#150,#754);
#754 = DEFINITIONAL_REPRESENTATION('',(#755),#794);
#755 = B_SPLINE_CURVE_WITH_KNOTS('',7,(#756,#757,#758,#759,#760,#761,
    #762,#763,#764,#765,#766,#767,#768,#769,#770,#771,#772,#773,#774,
    #775,#776,#777,#778,#779,#780,#781,#782,#783,#784,#785,#786,#787,
    #788,#789,#790,#791,#792,#793),.UNSPECIFIED.,.F.,.F.,(8,6,6,6,6,6,8)
  ,(0.,0.170268649693,0.392056660368,0.64928749123,0.744809017791,
    0.930344395883,1.),.UNSPECIFIED.);
#756 = CARTESIAN_POINT('',(0.,17.929455265819));
#757 = CARTESIAN_POINT('',(-3.490796390099E-02,17.929455265819));
#758 = CARTESIAN_POINT('',(-6.971132899437E-02,17.940178666392));
#759 = CARTESIAN_POINT('',(-0.104419177944,17.96151117735));
#760 = CARTESIAN_POINT('',(-0.139028251646,17.992988615497));
#761 = CARTESIAN_POINT('',(-0.17351241468,18.033792555576));
#762 = CARTESIAN_POINT('',(-0.207806626444,18.082774374433));
#763 = CARTESIAN_POINT('',(-0.286045407029,18.211104615946));
#764 = CARTESIAN_POINT('',(-0.329921413767,18.295405051922));
#765 = CARTESIAN_POINT('',(-0.373578704331,18.389128142865));
#766 = CARTESIAN_POINT('',(-0.417159162108,18.490110764311));
#767 = CARTESIAN_POINT('',(-0.46079184838,18.596409707052));
#768 = CARTESIAN_POINT('',(-0.50461144085,18.706318001307));
#769 = CARTESIAN_POINT('',(-0.600016740328,18.948167294575));
#770 = CARTESIAN_POINT('',(-0.651662893056,19.080666858653));
#771 = CARTESIAN_POINT('',(-0.704110568853,19.213710079143));
#772 = CARTESIAN_POINT('',(-0.757702788443,19.345321363334));
#773 = CARTESIAN_POINT('',(-0.812756892068,19.473174135048));
#774 = CARTESIAN_POINT('',(-0.869566290476,19.594326517891));
#775 = CARTESIAN_POINT('',(-0.950281575978,19.74599907175));
#776 = CARTESIAN_POINT('',(-0.972435379975,19.785642520158));
#777 = CARTESIAN_POINT('',(-0.994900066188,19.823653850534));
#778 = CARTESIAN_POINT('',(-1.017688590479,19.859809694116));
#779 = CARTESIAN_POINT('',(-1.040813374295,19.893866376247));
#780 = CARTESIAN_POINT('',(-1.064286719726,19.925558701409));
#781 = CARTESIAN_POINT('',(-1.134415960664,20.01100439269));
#782 = CARTESIAN_POINT('',(-1.18255544813,20.057991283569));
#783 = CARTESIAN_POINT('',(-1.232073919879,20.092328780035));
#784 = CARTESIAN_POINT('',(-1.28260142445,20.111276352605));
#785 = CARTESIAN_POINT('',(-1.33382187683,20.112660149981));
#786 = CARTESIAN_POINT('',(-1.385444672586,20.094922015523));
#787 = CARTESIAN_POINT('',(-1.456616578919,20.042956783878));
#788 = CARTESIAN_POINT('',(-1.47598260413,20.026004510789));
#789 = CARTESIAN_POINT('',(-1.495256183994,20.006288506533));
#790 = CARTESIAN_POINT('',(-1.51440594196,19.983841929803));
#791 = CARTESIAN_POINT('',(-1.533400505768,19.958727612337));
#792 = CARTESIAN_POINT('',(-1.552208131362,19.931038955655));
#793 = CARTESIAN_POINT('',(-1.570796326795,19.900900827794));
#794 = ( GEOMETRIC_REPRESENTATION_CONTEXT(2) 
PARAMETRIC_REPRESENTATION_CONTEXT() REPRESENTATION_CONTEXT('2D SPACE',''
  ) );
#795 = ORIENTED_EDGE('',*,*,#796,.T.);
#796 = EDGE_CURVE('',#669,#508,#797,.T.);
#797 = SURFACE_CURVE('',#798,(#803,#810),.PCURVE_S1.);
#798 = CIRCLE('',#799,5.75);
#799 = AXIS2_PLACEMENT_3D('',#800,#801,#802);
#800 = CARTESIAN_POINT('',(0.,30.,15.5));
#801 = DIRECTION('',(1.,0.,-0.));
#802 = DIRECTION('',(-0.,-0.,-1.));
#803 = PCURVE('',#178,#804);
#804 = DEFINITIONAL_REPRESENTATION('',(#805),#809);
#805 = LINE('',#806,#807);
#806 = CARTESIAN_POINT('',(-0.,0.5));
#807 = VECTOR('',#808,1.);
#808 = DIRECTION('',(-1.,0.));
#809 = ( GEOMETRIC_REPRESENTATION_CONTEXT(2) 
PARAMETRIC_REPRESENTATION_CONTEXT() REPRESENTATION_CONTEXT('2D SPACE',''
  ) );
#810 = PCURVE('',#315,#811);
#811 = DEFINITIONAL_REPRESENTATION('',(#812),#820);
#812 = ( BOUNDED_CURVE() B_SPLINE_CURVE(2,(#813,#814,#815,#816,#817,#818
,#819),.UNSPECIFIED.,.T.,.F.) B_SPLINE_CURVE_WITH_KNOTS((1,2,2,2,2,1),(
    -2.094395102393,0.,2.094395102393,4.188790204786,6.28318530718,
8.377580409573),.UNSPECIFIED.) CURVE() GEOMETRIC_REPRESENTATION_ITEM() 
RATIONAL_B_SPLINE_CURVE((1.,0.5,1.,0.5,1.,0.5,1.)) REPRESENTATION_ITEM(
  '') );
#813 = CARTESIAN_POINT('',(1.25,-14.35));
#814 = CARTESIAN_POINT('',(1.25,-24.30929214352));
#815 = CARTESIAN_POINT('',(-7.375,-19.32964607176));
#816 = CARTESIAN_POINT('',(-16.,-14.35));
#817 = CARTESIAN_POINT('',(-7.375,-9.370353928239));
#818 = CARTESIAN_POINT('',(1.25,-4.390707856479));
#819 = CARTESIAN_POINT('',(1.25,-14.35));
#820 = ( GEOMETRIC_REPRESENTATION_CONTEXT(2) 
PARAMETRIC_REPRESENTATION_CONTEXT() REPRESENTATION_CONTEXT('2D SPACE',''
  ) );
#821 = ORIENTED_EDGE('',*,*,#530,.T.);
#822 = ORIENTED_EDGE('',*,*,#218,.T.);
#823 = ADVANCED_FACE('',(#824,#828),#206,.F.);
#824 = FACE_BOUND('',#825,.T.);
#825 = EDGE_LOOP('',(#826,#827));
#826 = ORIENTED_EDGE('',*,*,#190,.T.);
#827 = ORIENTED_EDGE('',*,*,#641,.T.);
#828 = FACE_BOUND('',#829,.T.);
#829 = EDGE_LOOP('',(#830));
#830 = ORIENTED_EDGE('',*,*,#831,.T.);
#831 = EDGE_CURVE('',#832,#832,#834,.T.);
#832 = VERTEX_POINT('',#833);
#833 = CARTESIAN_POINT('',(-9.,30.,17.2));
#834 = SURFACE_CURVE('',#835,(#840,#847),.PCURVE_S1.);
#835 = CIRCLE('',#836,1.7);
#836 = AXIS2_PLACEMENT_3D('',#837,#838,#839);
#837 = CARTESIAN_POINT('',(-9.,30.,15.5));
#838 = DIRECTION('',(-1.,-0.,-0.));
#839 = DIRECTION('',(-0.,-0.,1.));
#840 = PCURVE('',#206,#841);
#841 = DEFINITIONAL_REPRESENTATION('',(#842),#846);
#842 = CIRCLE('',#843,1.7);
#843 = AXIS2_PLACEMENT_2D('',#844,#845);
#844 = CARTESIAN_POINT('',(0.,0.));
#845 = DIRECTION('',(1.,-0.));
#846 = ( GEOMETRIC_REPRESENTATION_CONTEXT(2) 
PARAMETRIC_REPRESENTATION_CONTEXT() REPRESENTATION_CONTEXT('2D SPACE',''
  ) );
#847 = PCURVE('',#848,#853);
#848 = CYLINDRICAL_SURFACE('',#849,1.7);
#849 = AXIS2_PLACEMENT_3D('',#850,#851,#852);
#850 = CARTESIAN_POINT('',(-19.,30.,15.5));
#851 = DIRECTION('',(1.,-0.,-0.));
#852 = DIRECTION('',(-0.,-0.,1.));
#853 = DEFINITIONAL_REPRESENTATION('',(#854),#858);
#854 = LINE('',#855,#856);
#855 = CARTESIAN_POINT('',(-0.,10.));
#856 = VECTOR('',#857,1.);
#857 = DIRECTION('',(-1.,0.));
#858 = ( GEOMETRIC_REPRESENTATION_CONTEXT(2) 
PARAMETRIC_REPRESENTATION_CONTEXT() REPRESENTATION_CONTEXT('2D SPACE',''
  ) );
#859 = ADVANCED_FACE('',(#860),#150,.T.);
#860 = FACE_BOUND('',#861,.F.);
#861 = EDGE_LOOP('',(#862,#863,#864,#887));
#862 = ORIENTED_EDGE('',*,*,#134,.F.);
#863 = ORIENTED_EDGE('',*,*,#668,.T.);
#864 = ORIENTED_EDGE('',*,*,#865,.T.);
#865 = EDGE_CURVE('',#669,#866,#868,.T.);
#866 = VERTEX_POINT('',#867);
#867 = CARTESIAN_POINT('',(8.881784197001E-16,44.35,17.));
#868 = SURFACE_CURVE('',#869,(#873,#880),.PCURVE_S1.);
#869 = LINE('',#870,#871);
#870 = CARTESIAN_POINT('',(8.881784197001E-16,15.65,17.));
#871 = VECTOR('',#872,1.);
#872 = DIRECTION('',(-0.,1.,-0.));
#873 = PCURVE('',#150,#874);
#874 = DEFINITIONAL_REPRESENTATION('',(#875),#879);
#875 = LINE('',#876,#877);
#876 = CARTESIAN_POINT('',(-1.570796326795,0.));
#877 = VECTOR('',#878,1.);
#878 = DIRECTION('',(-0.,1.));
#879 = ( GEOMETRIC_REPRESENTATION_CONTEXT(2) 
PARAMETRIC_REPRESENTATION_CONTEXT() REPRESENTATION_CONTEXT('2D SPACE',''
  ) );
#880 = PCURVE('',#315,#881);
#881 = DEFINITIONAL_REPRESENTATION('',(#882),#886);
#882 = LINE('',#883,#884);
#883 = CARTESIAN_POINT('',(-6.,-0.));
#884 = VECTOR('',#885,1.);
#885 = DIRECTION('',(-0.,-1.));
#886 = ( GEOMETRIC_REPRESENTATION_CONTEXT(2) 
PARAMETRIC_REPRESENTATION_CONTEXT() REPRESENTATION_CONTEXT('2D SPACE',''
  ) );
#887 = ORIENTED_EDGE('',*,*,#888,.F.);
#888 = EDGE_CURVE('',#107,#866,#889,.T.);
#889 = SURFACE_CURVE('',#890,(#895,#902),.PCURVE_S1.);
#890 = CIRCLE('',#891,6.);
#891 = AXIS2_PLACEMENT_3D('',#892,#893,#894);
#892 = CARTESIAN_POINT('',(-6.,44.35,17.));
#893 = DIRECTION('',(0.,-1.,0.));
#894 = DIRECTION('',(0.,-0.,-1.));
#895 = PCURVE('',#150,#896);
#896 = DEFINITIONAL_REPRESENTATION('',(#897),#901);
#897 = LINE('',#898,#899);
#898 = CARTESIAN_POINT('',(-0.,28.7));
#899 = VECTOR('',#900,1.);
#900 = DIRECTION('',(-1.,0.));
#901 = ( GEOMETRIC_REPRESENTATION_CONTEXT(2) 
PARAMETRIC_REPRESENTATION_CONTEXT() REPRESENTATION_CONTEXT('2D SPACE',''
  ) );
#902 = PCURVE('',#122,#903);
#903 = DEFINITIONAL_REPRESENTATION('',(#904),#912);
#904 = ( BOUNDED_CURVE() B_SPLINE_CURVE(2,(#905,#906,#907,#908,#909,#910
,#911),.UNSPECIFIED.,.T.,.F.) B_SPLINE_CURVE_WITH_KNOTS((1,2,2,2,2,1),(
    -2.094395102393,0.,2.094395102393,4.188790204786,6.28318530718,
8.377580409573),.UNSPECIFIED.) CURVE() GEOMETRIC_REPRESENTATION_ITEM() 
RATIONAL_B_SPLINE_CURVE((1.,0.5,1.,0.5,1.,0.5,1.)) REPRESENTATION_ITEM(
  '') );
#905 = CARTESIAN_POINT('',(-16.5,3.));
#906 = CARTESIAN_POINT('',(-16.5,13.392304845413));
#907 = CARTESIAN_POINT('',(-7.5,8.196152422707));
#908 = CARTESIAN_POINT('',(1.5,3.));
#909 = CARTESIAN_POINT('',(-7.5,-2.196152422707));
#910 = CARTESIAN_POINT('',(-16.5,-7.392304845413));
#911 = CARTESIAN_POINT('',(-16.5,3.));
#912 = ( GEOMETRIC_REPRESENTATION_CONTEXT(2) 
PARAMETRIC_REPRESENTATION_CONTEXT() REPRESENTATION_CONTEXT('2D SPACE',''
  ) );
#913 = ADVANCED_FACE('',(#914,#1080),#122,.T.);
#914 = FACE_BOUND('',#915,.F.);
#915 = EDGE_LOOP('',(#916,#917,#918,#941,#974,#1002,#1035,#1058));
#916 = ORIENTED_EDGE('',*,*,#106,.T.);
#917 = ORIENTED_EDGE('',*,*,#888,.T.);
#918 = ORIENTED_EDGE('',*,*,#919,.T.);
#919 = EDGE_CURVE('',#866,#920,#922,.T.);
#920 = VERTEX_POINT('',#921);
#921 = CARTESIAN_POINT('',(8.881784197001E-16,44.35,38.));
#922 = SURFACE_CURVE('',#923,(#927,#934),.PCURVE_S1.);
#923 = LINE('',#924,#925);
#924 = CARTESIAN_POINT('',(0.,44.35,11.));
#925 = VECTOR('',#926,1.);
#926 = DIRECTION('',(-0.,-0.,1.));
#927 = PCURVE('',#122,#928);
#928 = DEFINITIONAL_REPRESENTATION('',(#929),#933);
#929 = LINE('',#930,#931);
#930 = CARTESIAN_POINT('',(-16.5,9.));
#931 = VECTOR('',#932,1.);
#932 = DIRECTION('',(1.,-0.));
#933 = ( GEOMETRIC_REPRESENTATION_CONTEXT(2) 
PARAMETRIC_REPRESENTATION_CONTEXT() REPRESENTATION_CONTEXT('2D SPACE',''
  ) );
#934 = PCURVE('',#315,#935);
#935 = DEFINITIONAL_REPRESENTATION('',(#936),#940);
#936 = LINE('',#937,#938);
#937 = CARTESIAN_POINT('',(-0.,-28.7));
#938 = VECTOR('',#939,1.);
#939 = DIRECTION('',(-1.,-0.));
#940 = ( GEOMETRIC_REPRESENTATION_CONTEXT(2) 
PARAMETRIC_REPRESENTATION_CONTEXT() REPRESENTATION_CONTEXT('2D SPACE',''
  ) );
#941 = ORIENTED_EDGE('',*,*,#942,.T.);
#942 = EDGE_CURVE('',#920,#943,#945,.T.);
#943 = VERTEX_POINT('',#944);
#944 = CARTESIAN_POINT('',(-6.,44.35,44.));
#945 = SURFACE_CURVE('',#946,(#951,#962),.PCURVE_S1.);
#946 = CIRCLE('',#947,6.);
#947 = AXIS2_PLACEMENT_3D('',#948,#949,#950);
#948 = CARTESIAN_POINT('',(-6.,44.35,38.));
#949 = DIRECTION('',(0.,-1.,0.));
#950 = DIRECTION('',(0.,-0.,-1.));
#951 = PCURVE('',#122,#952);
#952 = DEFINITIONAL_REPRESENTATION('',(#953),#961);
#953 = ( BOUNDED_CURVE() B_SPLINE_CURVE(2,(#954,#955,#956,#957,#958,#959
,#960),.UNSPECIFIED.,.T.,.F.) B_SPLINE_CURVE_WITH_KNOTS((1,2,2,2,2,1),(
    -2.094395102393,0.,2.094395102393,4.188790204786,6.28318530718,
8.377580409573),.UNSPECIFIED.) CURVE() GEOMETRIC_REPRESENTATION_ITEM() 
RATIONAL_B_SPLINE_CURVE((1.,0.5,1.,0.5,1.,0.5,1.)) REPRESENTATION_ITEM(
  '') );
#954 = CARTESIAN_POINT('',(4.5,3.));
#955 = CARTESIAN_POINT('',(4.5,13.392304845413));
#956 = CARTESIAN_POINT('',(13.5,8.196152422707));
#957 = CARTESIAN_POINT('',(22.5,3.));
#958 = CARTESIAN_POINT('',(13.5,-2.196152422707));
#959 = CARTESIAN_POINT('',(4.5,-7.392304845413));
#960 = CARTESIAN_POINT('',(4.5,3.));
#961 = ( GEOMETRIC_REPRESENTATION_CONTEXT(2) 
PARAMETRIC_REPRESENTATION_CONTEXT() REPRESENTATION_CONTEXT('2D SPACE',''
  ) );
#962 = PCURVE('',#963,#968);
#963 = CYLINDRICAL_SURFACE('',#964,6.);
#964 = AXIS2_PLACEMENT_3D('',#965,#966,#967);
#965 = CARTESIAN_POINT('',(-6.,15.65,38.));
#966 = DIRECTION('',(-0.,1.,-0.));
#967 = DIRECTION('',(1.,-0.,-0.));
#968 = DEFINITIONAL_REPRESENTATION('',(#969),#973);
#969 = LINE('',#970,#971);
#970 = CARTESIAN_POINT('',(1.570796326795,28.7));
#971 = VECTOR('',#972,1.);
#972 = DIRECTION('',(-1.,0.));
#973 = ( GEOMETRIC_REPRESENTATION_CONTEXT(2) 
PARAMETRIC_REPRESENTATION_CONTEXT() REPRESENTATION_CONTEXT('2D SPACE',''
  ) );
#974 = ORIENTED_EDGE('',*,*,#975,.T.);
#975 = EDGE_CURVE('',#943,#976,#978,.T.);
#976 = VERTEX_POINT('',#977);
#977 = CARTESIAN_POINT('',(-12.,44.35,44.));
#978 = SURFACE_CURVE('',#979,(#983,#990),.PCURVE_S1.);
#979 = LINE('',#980,#981);
#980 = CARTESIAN_POINT('',(0.,44.35,44.));
#981 = VECTOR('',#982,1.);
#982 = DIRECTION('',(-1.,-0.,-0.));
#983 = PCURVE('',#122,#984);
#984 = DEFINITIONAL_REPRESENTATION('',(#985),#989);
#985 = LINE('',#986,#987);
#986 = CARTESIAN_POINT('',(16.5,9.));
#987 = VECTOR('',#988,1.);
#988 = DIRECTION('',(-0.,-1.));
#989 = ( GEOMETRIC_REPRESENTATION_CONTEXT(2) 
PARAMETRIC_REPRESENTATION_CONTEXT() REPRESENTATION_CONTEXT('2D SPACE',''
  ) );
#990 = PCURVE('',#991,#996);
#991 = PLANE('',#992);
#992 = AXIS2_PLACEMENT_3D('',#993,#994,#995);
#993 = CARTESIAN_POINT('',(0.,15.65,44.));
#994 = DIRECTION('',(-0.,0.,-1.));
#995 = DIRECTION('',(1.,0.,0.));
#996 = DEFINITIONAL_REPRESENTATION('',(#997),#1001);
#997 = LINE('',#998,#999);
#998 = CARTESIAN_POINT('',(-0.,-28.7));
#999 = VECTOR('',#1000,1.);
#1000 = DIRECTION('',(-1.,0.));
#1001 = ( GEOMETRIC_REPRESENTATION_CONTEXT(2) 
PARAMETRIC_REPRESENTATION_CONTEXT() REPRESENTATION_CONTEXT('2D SPACE',''
  ) );
#1002 = ORIENTED_EDGE('',*,*,#1003,.T.);
#1003 = EDGE_CURVE('',#976,#1004,#1006,.T.);
#1004 = VERTEX_POINT('',#1005);
#1005 = CARTESIAN_POINT('',(-18.,44.35,38.));
#1006 = SURFACE_CURVE('',#1007,(#1012,#1023),.PCURVE_S1.);
#1007 = CIRCLE('',#1008,6.);
#1008 = AXIS2_PLACEMENT_3D('',#1009,#1010,#1011);
#1009 = CARTESIAN_POINT('',(-12.,44.35,38.));
#1010 = DIRECTION('',(0.,-1.,0.));
#1011 = DIRECTION('',(0.,-0.,-1.));
#1012 = PCURVE('',#122,#1013);
#1013 = DEFINITIONAL_REPRESENTATION('',(#1014),#1022);
#1014 = ( BOUNDED_CURVE() B_SPLINE_CURVE(2,(#1015,#1016,#1017,#1018,
#1019,#1020,#1021),.UNSPECIFIED.,.T.,.F.) B_SPLINE_CURVE_WITH_KNOTS((1,2
    ,2,2,2,1),(-2.094395102393,0.,2.094395102393,4.188790204786,
6.28318530718,8.377580409573),.UNSPECIFIED.) CURVE() 
GEOMETRIC_REPRESENTATION_ITEM() RATIONAL_B_SPLINE_CURVE((1.,0.5,1.,0.5,
1.,0.5,1.)) REPRESENTATION_ITEM('') );
#1015 = CARTESIAN_POINT('',(4.5,-3.));
#1016 = CARTESIAN_POINT('',(4.5,7.392304845413));
#1017 = CARTESIAN_POINT('',(13.5,2.196152422707));
#1018 = CARTESIAN_POINT('',(22.5,-3.));
#1019 = CARTESIAN_POINT('',(13.5,-8.196152422707));
#1020 = CARTESIAN_POINT('',(4.5,-13.39230484541));
#1021 = CARTESIAN_POINT('',(4.5,-3.));
#1022 = ( GEOMETRIC_REPRESENTATION_CONTEXT(2) 
PARAMETRIC_REPRESENTATION_CONTEXT() REPRESENTATION_CONTEXT('2D SPACE',''
  ) );
#1023 = PCURVE('',#1024,#1029);
#1024 = CYLINDRICAL_SURFACE('',#1025,6.);
#1025 = AXIS2_PLACEMENT_3D('',#1026,#1027,#1028);
#1026 = CARTESIAN_POINT('',(-12.,15.65,38.));
#1027 = DIRECTION('',(-0.,1.,-0.));
#1028 = DIRECTION('',(-0.,-0.,1.));
#1029 = DEFINITIONAL_REPRESENTATION('',(#1030),#1034);
#1030 = LINE('',#1031,#1032);
#1031 = CARTESIAN_POINT('',(3.14159265359,28.7));
#1032 = VECTOR('',#1033,1.);
#1033 = DIRECTION('',(-1.,0.));
#1034 = ( GEOMETRIC_REPRESENTATION_CONTEXT(2) 
PARAMETRIC_REPRESENTATION_CONTEXT() REPRESENTATION_CONTEXT('2D SPACE',''
  ) );
#1035 = ORIENTED_EDGE('',*,*,#1036,.T.);
#1036 = EDGE_CURVE('',#1004,#1037,#1039,.T.);
#1037 = VERTEX_POINT('',#1038);
#1038 = CARTESIAN_POINT('',(-18.,44.35,17.));
#1039 = SURFACE_CURVE('',#1040,(#1044,#1051),.PCURVE_S1.);
#1040 = LINE('',#1041,#1042);
#1041 = CARTESIAN_POINT('',(-18.,44.35,44.));
#1042 = VECTOR('',#1043,1.);
#1043 = DIRECTION('',(-0.,-0.,-1.));
#1044 = PCURVE('',#122,#1045);
#1045 = DEFINITIONAL_REPRESENTATION('',(#1046),#1050);
#1046 = LINE('',#1047,#1048);
#1047 = CARTESIAN_POINT('',(16.5,-9.));
#1048 = VECTOR('',#1049,1.);
#1049 = DIRECTION('',(-1.,0.));
#1050 = ( GEOMETRIC_REPRESENTATION_CONTEXT(2) 
PARAMETRIC_REPRESENTATION_CONTEXT() REPRESENTATION_CONTEXT('2D SPACE',''
  ) );
#1051 = PCURVE('',#437,#1052);
#1052 = DEFINITIONAL_REPRESENTATION('',(#1053),#1057);
#1053 = LINE('',#1054,#1055);
#1054 = CARTESIAN_POINT('',(-0.,-28.7));
#1055 = VECTOR('',#1056,1.);
#1056 = DIRECTION('',(-1.,0.));
#1057 = ( GEOMETRIC_REPRESENTATION_CONTEXT(2) 
PARAMETRIC_REPRESENTATION_CONTEXT() REPRESENTATION_CONTEXT('2D SPACE',''
  ) );
#1058 = ORIENTED_EDGE('',*,*,#1059,.F.);
#1059 = EDGE_CURVE('',#79,#1037,#1060,.T.);
#1060 = SURFACE_CURVE('',#1061,(#1066,#1073),.PCURVE_S1.);
#1061 = CIRCLE('',#1062,6.);
#1062 = AXIS2_PLACEMENT_3D('',#1063,#1064,#1065);
#1063 = CARTESIAN_POINT('',(-12.,44.35,17.));
#1064 = DIRECTION('',(0.,1.,-0.));
#1065 = DIRECTION('',(-0.,-0.,-1.));
#1066 = PCURVE('',#122,#1067);
#1067 = DEFINITIONAL_REPRESENTATION('',(#1068),#1072);
#1068 = CIRCLE('',#1069,6.);
#1069 = AXIS2_PLACEMENT_2D('',#1070,#1071);
#1070 = CARTESIAN_POINT('',(-10.5,-3.));
#1071 = DIRECTION('',(-1.,0.));
#1072 = ( GEOMETRIC_REPRESENTATION_CONTEXT(2) 
PARAMETRIC_REPRESENTATION_CONTEXT() REPRESENTATION_CONTEXT('2D SPACE',''
  ) );
#1073 = PCURVE('',#94,#1074);
#1074 = DEFINITIONAL_REPRESENTATION('',(#1075),#1079);
#1075 = LINE('',#1076,#1077);
#1076 = CARTESIAN_POINT('',(0.,28.7));
#1077 = VECTOR('',#1078,1.);
#1078 = DIRECTION('',(1.,0.));
#1079 = ( GEOMETRIC_REPRESENTATION_CONTEXT(2) 
PARAMETRIC_REPRESENTATION_CONTEXT() REPRESENTATION_CONTEXT('2D SPACE',''
  ) );
#1080 = FACE_BOUND('',#1081,.F.);
#1081 = EDGE_LOOP('',(#1082));
#1082 = ORIENTED_EDGE('',*,*,#1083,.T.);
#1083 = EDGE_CURVE('',#1084,#1084,#1086,.T.);
#1084 = VERTEX_POINT('',#1085);
#1085 = CARTESIAN_POINT('',(-15.,44.35,41.2));
#1086 = SURFACE_CURVE('',#1087,(#1092,#1099),.PCURVE_S1.);
#1087 = CIRCLE('',#1088,1.7);
#1088 = AXIS2_PLACEMENT_3D('',#1089,#1090,#1091);
#1089 = CARTESIAN_POINT('',(-15.,44.35,39.5));
#1090 = DIRECTION('',(0.,1.,0.));
#1091 = DIRECTION('',(-0.,-0.,1.));
#1092 = PCURVE('',#122,#1093);
#1093 = DEFINITIONAL_REPRESENTATION('',(#1094),#1098);
#1094 = CIRCLE('',#1095,1.7);
#1095 = AXIS2_PLACEMENT_2D('',#1096,#1097);
#1096 = CARTESIAN_POINT('',(12.,-6.));
#1097 = DIRECTION('',(1.,-0.));
#1098 = ( GEOMETRIC_REPRESENTATION_CONTEXT(2) 
PARAMETRIC_REPRESENTATION_CONTEXT() REPRESENTATION_CONTEXT('2D SPACE',''
  ) );
#1099 = PCURVE('',#1100,#1105);
#1100 = CYLINDRICAL_SURFACE('',#1101,1.7);
#1101 = AXIS2_PLACEMENT_3D('',#1102,#1103,#1104);
#1102 = CARTESIAN_POINT('',(-15.,44.35,39.5));
#1103 = DIRECTION('',(-0.,-1.,-0.));
#1104 = DIRECTION('',(-0.,-0.,1.));
#1105 = DEFINITIONAL_REPRESENTATION('',(#1106),#1110);
#1106 = LINE('',#1107,#1108);
#1107 = CARTESIAN_POINT('',(-0.,0.));
#1108 = VECTOR('',#1109,1.);
#1109 = DIRECTION('',(-1.,0.));
#1110 = ( GEOMETRIC_REPRESENTATION_CONTEXT(2) 
PARAMETRIC_REPRESENTATION_CONTEXT() REPRESENTATION_CONTEXT('2D SPACE',''
  ) );
#1111 = ADVANCED_FACE('',(#1112),#94,.T.);
#1112 = FACE_BOUND('',#1113,.T.);
#1113 = EDGE_LOOP('',(#1114,#1115,#1116,#1139,#1389,#1410));
#1114 = ORIENTED_EDGE('',*,*,#78,.F.);
#1115 = ORIENTED_EDGE('',*,*,#449,.T.);
#1116 = ORIENTED_EDGE('',*,*,#1117,.T.);
#1117 = EDGE_CURVE('',#422,#1118,#1120,.T.);
#1118 = VERTEX_POINT('',#1119);
#1119 = CARTESIAN_POINT('',(-18.,27.57667583679,17.));
#1120 = SURFACE_CURVE('',#1121,(#1125,#1132),.PCURVE_S1.);
#1121 = LINE('',#1122,#1123);
#1122 = CARTESIAN_POINT('',(-18.,15.65,17.));
#1123 = VECTOR('',#1124,1.);
#1124 = DIRECTION('',(-0.,1.,-0.));
#1125 = PCURVE('',#94,#1126);
#1126 = DEFINITIONAL_REPRESENTATION('',(#1127),#1131);
#1127 = LINE('',#1128,#1129);
#1128 = CARTESIAN_POINT('',(1.570796326795,0.));
#1129 = VECTOR('',#1130,1.);
#1130 = DIRECTION('',(0.,1.));
#1131 = ( GEOMETRIC_REPRESENTATION_CONTEXT(2) 
PARAMETRIC_REPRESENTATION_CONTEXT() REPRESENTATION_CONTEXT('2D SPACE',''
  ) );
#1132 = PCURVE('',#437,#1133);
#1133 = DEFINITIONAL_REPRESENTATION('',(#1134),#1138);
#1134 = LINE('',#1135,#1136);
#1135 = CARTESIAN_POINT('',(-27.,0.));
#1136 = VECTOR('',#1137,1.);
#1137 = DIRECTION('',(-0.,-1.));
#1138 = ( GEOMETRIC_REPRESENTATION_CONTEXT(2) 
PARAMETRIC_REPRESENTATION_CONTEXT() REPRESENTATION_CONTEXT('2D SPACE',''
  ) );
#1139 = ORIENTED_EDGE('',*,*,#1140,.F.);
#1140 = EDGE_CURVE('',#1141,#1118,#1143,.T.);
#1141 = VERTEX_POINT('',#1142);
#1142 = CARTESIAN_POINT('',(-18.,32.42332416321,17.));
#1143 = SURFACE_CURVE('',#1144,(#1222,#1303),.PCURVE_S1.);
#1144 = B_SPLINE_CURVE_WITH_KNOTS('',6,(#1145,#1146,#1147,#1148,#1149,
    #1150,#1151,#1152,#1153,#1154,#1155,#1156,#1157,#1158,#1159,#1160,
    #1161,#1162,#1163,#1164,#1165,#1166,#1167,#1168,#1169,#1170,#1171,
    #1172,#1173,#1174,#1175,#1176,#1177,#1178,#1179,#1180,#1181,#1182,
    #1183,#1184,#1185,#1186,#1187,#1188,#1189,#1190,#1191,#1192,#1193,
    #1194,#1195,#1196,#1197,#1198,#1199,#1200,#1201,#1202,#1203,#1204,
    #1205,#1206,#1207,#1208,#1209,#1210,#1211,#1212,#1213,#1214,#1215,
    #1216,#1217,#1218,#1219,#1220,#1221),.UNSPECIFIED.,.F.,.F.,(7,5,5,5,
    5,5,5,5,5,5,5,5,5,5,5,7),(0.,8.460773702904E-02,0.140331781158,
    0.173904707533,0.213893961546,0.317043884578,0.417328619702,
    0.499373521622,0.554545677581,0.684892224871,0.757056241234,
    0.825169146012,0.859547835668,0.91653357536,0.968546147946,1.),
  .UNSPECIFIED.);
#1145 = CARTESIAN_POINT('',(-18.,32.423324163211,17.));
#1146 = CARTESIAN_POINT('',(-18.,32.522899675311,16.839130836974));
#1147 = CARTESIAN_POINT('',(-17.9948242171,32.612887021279,
    16.665117005634));
#1148 = CARTESIAN_POINT('',(-17.98288682619,32.689859541587,
    16.480011204995));
#1149 = CARTESIAN_POINT('',(-17.96279190143,32.751463881022,
    16.286407936223));
#1150 = CARTESIAN_POINT('',(-17.93371459072,32.796289338742,
    16.087178863273));
#1151 = CARTESIAN_POINT('',(-17.8704054799,32.841976551998,
    15.752342306449));
#1152 = CARTESIAN_POINT('',(-17.84146334405,32.852520971374,
    15.618978636448));
#1153 = CARTESIAN_POINT('',(-17.80878871344,32.855468584293,
    15.486197806691));
#1154 = CARTESIAN_POINT('',(-17.77262041792,32.851034069413,
    15.354987117569));
#1155 = CARTESIAN_POINT('',(-17.73336338153,32.839645721738,
    15.226311942188));
#1156 = CARTESIAN_POINT('',(-17.66641613557,32.811280574739,
    15.0256511823));
#1157 = CARTESIAN_POINT('',(-17.64030891993,32.798315685205,
    14.951397875573));
#1158 = CARTESIAN_POINT('',(-17.61334604776,32.783166057864,
    14.87841896668));
#1159 = CARTESIAN_POINT('',(-17.58561458353,32.765950901342,
    14.806793369256));
#1160 = CARTESIAN_POINT('',(-17.55720721151,32.746792907799,
    14.736593506911));
#1161 = CARTESIAN_POINT('',(-17.49369776367,32.700835003293,
    14.586045875723));
#1162 = CARTESIAN_POINT('',(-17.45834803131,32.673270547694,
    14.506309835809));
#1163 = CARTESIAN_POINT('',(-17.42230036683,32.643310002312,
    14.428701781099));
#1164 = CARTESIAN_POINT('',(-17.38568010446,32.611124729949,
    14.353236187754));
#1165 = CARTESIAN_POINT('',(-17.34860924012,32.576873084241,
    14.279918416378));
#1166 = CARTESIAN_POINT('',(-17.21472327954,32.447397792028,
    14.025159902633));
#1167 = CARTESIAN_POINT('',(-17.11597527678,32.341270739103,
    13.855754183723));
#1168 = CARTESIAN_POINT('',(-17.016723625,32.22456070038,13.70003425335)
  );
#1169 = CARTESIAN_POINT('',(-16.91845252821,32.098706612039,
    13.557319441379));
#1170 = CARTESIAN_POINT('',(-16.82248435278,31.964548187766,
    13.42702999059));
#1171 = CARTESIAN_POINT('',(-16.64061146229,31.684324277123,
    13.193956868651));
#1172 = CARTESIAN_POINT('',(-16.55440407296,31.538544027397,
    13.090385740909));
#1173 = CARTESIAN_POINT('',(-16.47320575284,31.38576961562,
    12.998174434118));
#1174 = CARTESIAN_POINT('',(-16.39871208677,31.226480431071,
    12.917509644549));
#1175 = CARTESIAN_POINT('',(-16.33278996736,31.061010832778,
    12.848714306617));
#1176 = CARTESIAN_POINT('',(-16.23205929431,30.749334107442,
    12.746313140966));
#1177 = CARTESIAN_POINT('',(-16.19370090188,30.604875406025,
    12.708510018624));
#1178 = CARTESIAN_POINT('',(-16.16374414588,30.457318875178,
    12.679694283903));
#1179 = CARTESIAN_POINT('',(-16.14324824907,30.30763572986,
    12.660217426264));
#1180 = CARTESIAN_POINT('',(-16.13279720681,30.156699369467,
    12.650288812213));
#1181 = CARTESIAN_POINT('',(-16.13229757723,29.903563025031,
    12.649814163745));
#1182 = CARTESIAN_POINT('',(-16.1366877691,29.801833037475,
    12.653985405755));
#1183 = CARTESIAN_POINT('',(-16.14566360612,29.700461871229,
    12.662509173058));
#1184 = CARTESIAN_POINT('',(-16.15910085196,29.599773067084,
    12.675339884649));
#1185 = CARTESIAN_POINT('',(-16.17676271894,29.500105938792,
    12.692383197141));
#1186 = CARTESIAN_POINT('',(-16.24920329952,29.16960085481,
    12.763333050123));
#1187 = CARTESIAN_POINT('',(-16.32147788095,28.946394601392,
    12.835540491586));
#1188 = CARTESIAN_POINT('',(-16.41104849783,28.73269387683,
    12.928425267958));
#1189 = CARTESIAN_POINT('',(-16.51359930921,28.529401131362,
    13.041186199147));
#1190 = CARTESIAN_POINT('',(-16.62511862035,28.337827186269,
    13.17316909206));
#1191 = CARTESIAN_POINT('',(-16.80662118073,28.060986304084,
    13.40729397739));
#1192 = CARTESIAN_POINT('',(-16.87307775079,27.966204545453,
    13.496656106681));
#1193 = CARTESIAN_POINT('',(-16.94081618584,27.875445782866,
    13.592054567786));
#1194 = CARTESIAN_POINT('',(-17.00936537852,27.788963949407,
    13.693658959563));
#1195 = CARTESIAN_POINT('',(-17.07824290974,27.707143915744,
    13.801671721659));
#1196 = CARTESIAN_POINT('',(-17.21173787387,27.558220603528,
    14.024484116004));
#1197 = CARTESIAN_POINT('',(-17.2764260046,27.490494563112,
    14.138643734357));
#1198 = CARTESIAN_POINT('',(-17.34049825139,27.427871603981,
    14.258892738089));
#1199 = CARTESIAN_POINT('',(-17.40342715208,27.370982067403,
    14.385325901739));
#1200 = CARTESIAN_POINT('',(-17.4646433116,27.320585517322,
    14.517981647793));
#1201 = CARTESIAN_POINT('',(-17.55326212343,27.255885062348,
    14.726880273213));
#1202 = CARTESIAN_POINT('',(-17.58239285385,27.23606965184,
    14.798516306435));
#1203 = CARTESIAN_POINT('',(-17.61082468223,27.218276253411,
    14.871648508726));
#1204 = CARTESIAN_POINT('',(-17.63845820286,27.202635708538,
    14.94620111168));
#1205 = CARTESIAN_POINT('',(-17.665199988,27.189275285986,15.02209125077
    ));
#1206 = CARTESIAN_POINT('',(-17.73366932125,27.160158666329,
    15.227090373739));
#1207 = CARTESIAN_POINT('',(-17.77375222973,27.1485768824,
    15.358572390513));
#1208 = CARTESIAN_POINT('',(-17.8106059759,27.144261485747,
    15.492689624094));
#1209 = CARTESIAN_POINT('',(-17.84379619992,27.147663770467,
    15.628411714127));
#1210 = CARTESIAN_POINT('',(-17.87307896118,27.159006047189,
    15.76468017779));
#1211 = CARTESIAN_POINT('',(-17.92148658577,27.195857294677,
    16.024354239117));
#1212 = CARTESIAN_POINT('',(-17.94121288004,27.219996453646,
    16.147510451134));
#1213 = CARTESIAN_POINT('',(-17.95753875131,27.250602997143,
    16.269067367659));
#1214 = CARTESIAN_POINT('',(-17.97057135703,27.287412784424,
    16.388202218042));
#1215 = CARTESIAN_POINT('',(-17.98052717804,27.329974258434,
    16.504129393738));
#1216 = CARTESIAN_POINT('',(-17.99204882022,27.406462489393,
    16.68384140844));
#1217 = CARTESIAN_POINT('',(-17.99537770504,27.437167950185,
    16.75016061596));
#1218 = CARTESIAN_POINT('',(-17.99776363301,27.469653085683,
    16.815001615615));
#1219 = CARTESIAN_POINT('',(-17.99927953678,27.503810133175,
    16.878295833512));
#1220 = CARTESIAN_POINT('',(-18.,27.539524794584,16.939980654489));
#1221 = CARTESIAN_POINT('',(-18.,27.576675836789,17.));
#1222 = PCURVE('',#94,#1223);
#1223 = DEFINITIONAL_REPRESENTATION('',(#1224),#1302);
#1224 = B_SPLINE_CURVE_WITH_KNOTS('',6,(#1225,#1226,#1227,#1228,#1229,
    #1230,#1231,#1232,#1233,#1234,#1235,#1236,#1237,#1238,#1239,#1240,
    #1241,#1242,#1243,#1244,#1245,#1246,#1247,#1248,#1249,#1250,#1251,
    #1252,#1253,#1254,#1255,#1256,#1257,#1258,#1259,#1260,#1261,#1262,
    #1263,#1264,#1265,#1266,#1267,#1268,#1269,#1270,#1271,#1272,#1273,
    #1274,#1275,#1276,#1277,#1278,#1279,#1280,#1281,#1282,#1283,#1284,
    #1285,#1286,#1287,#1288,#1289,#1290,#1291,#1292,#1293,#1294,#1295,
    #1296,#1297,#1298,#1299,#1300,#1301),.UNSPECIFIED.,.F.,.F.,(7,5,5,5,
    5,5,5,5,5,5,5,5,5,5,5,7),(0.,8.460773702904E-02,0.140331781158,
    0.173904707533,0.213893961546,0.317043884578,0.417328619702,
    0.499373521622,0.554545677581,0.684892224871,0.757056241234,
    0.825169146012,0.859547835668,0.91653357536,0.968546147946,1.),
  .UNSPECIFIED.);
#1225 = CARTESIAN_POINT('',(1.570796326795,16.773324163211));
#1226 = CARTESIAN_POINT('',(1.543984799624,16.872899675311));
#1227 = CARTESIAN_POINT('',(1.514982476834,16.962887021279));
#1228 = CARTESIAN_POINT('',(1.484096899735,17.039859541587));
#1229 = CARTESIAN_POINT('',(1.451697071048,17.101463881021));
#1230 = CARTESIAN_POINT('',(1.418169926208,17.146289338742));
#1231 = CARTESIAN_POINT('',(1.361375080174,17.191976551998));
#1232 = CARTESIAN_POINT('',(1.338638604282,17.202520971374));
#1233 = CARTESIAN_POINT('',(1.315861355915,17.205468584293));
#1234 = CARTESIAN_POINT('',(1.293190052341,17.201034069413));
#1235 = CARTESIAN_POINT('',(1.270775849452,17.189645721738));
#1236 = CARTESIAN_POINT('',(1.235520166576,17.161280574739));
#1237 = CARTESIAN_POINT('',(1.22240367815,17.148315685205));
#1238 = CARTESIAN_POINT('',(1.209439306769,17.133166057864));
#1239 = CARTESIAN_POINT('',(1.196640411429,17.115950901342));
#1240 = CARTESIAN_POINT('',(1.184020161778,17.096792907799));
#1241 = CARTESIAN_POINT('',(1.156787604046,17.050835003293));
#1242 = CARTESIAN_POINT('',(1.14225321112,17.023270547694));
#1243 = CARTESIAN_POINT('',(1.127994538983,16.993310002312));
#1244 = CARTESIAN_POINT('',(1.114017162965,16.961124729949));
#1245 = CARTESIAN_POINT('',(1.10032605268,16.926873084241));
#1246 = CARTESIAN_POINT('',(1.052359817227,16.797397792028));
#1247 = CARTESIAN_POINT('',(1.019710403004,16.691270739103));
#1248 = CARTESIAN_POINT('',(0.988966642041,16.574560700379));
#1249 = CARTESIAN_POINT('',(0.960110393525,16.448706612039));
#1250 = CARTESIAN_POINT('',(0.933151055791,16.314548187766));
#1251 = CARTESIAN_POINT('',(0.883878337267,16.034324277123));
#1252 = CARTESIAN_POINT('',(0.861430453944,15.888544027397));
#1253 = CARTESIAN_POINT('',(0.840963081796,15.73576961562));
#1254 = CARTESIAN_POINT('',(0.822668044699,15.576480431071));
#1255 = CARTESIAN_POINT('',(0.806789185139,15.411010832778));
#1256 = CARTESIAN_POINT('',(0.782849058887,15.099334107442));
#1257 = CARTESIAN_POINT('',(0.773874197455,14.954875406025));
#1258 = CARTESIAN_POINT('',(0.766946795014,14.807318875178));
#1259 = CARTESIAN_POINT('',(0.762234360276,14.65763572986));
#1260 = CARTESIAN_POINT('',(0.759831820547,14.506699369467));
#1261 = CARTESIAN_POINT('',(0.759716963041,14.253563025031));
#1262 = CARTESIAN_POINT('',(0.76072626084,14.151833037475));
#1263 = CARTESIAN_POINT('',(0.76278931737,14.050461871229));
#1264 = CARTESIAN_POINT('',(0.765885815404,13.949773067084));
#1265 = CARTESIAN_POINT('',(0.76997640288,13.850105938792));
#1266 = CARTESIAN_POINT('',(0.78687604074,13.51960085481));
#1267 = CARTESIAN_POINT('',(0.803902561394,13.296394601392));
#1268 = CARTESIAN_POINT('',(0.825403012503,13.08269387683));
#1269 = CARTESIAN_POINT('',(0.850785559754,12.879401131362));
#1270 = CARTESIAN_POINT('',(0.8795582355,12.687827186269));
#1271 = CARTESIAN_POINT('',(0.928931429238,12.410986304084));
#1272 = CARTESIAN_POINT('',(0.947488456134,12.316204545453));
#1273 = CARTESIAN_POINT('',(0.966981351962,12.225445782866));
#1274 = CARTESIAN_POINT('',(0.987399371444,12.138963949407));
#1275 = CARTESIAN_POINT('',(1.008741913623,12.057143915744));
#1276 = CARTESIAN_POINT('',(1.052032363083,11.908220603528));
#1277 = CARTESIAN_POINT('',(1.073894858612,11.840494563112));
#1278 = CARTESIAN_POINT('',(1.096591863697,11.777871603981));
#1279 = CARTESIAN_POINT('',(1.120115269242,11.720982067403));
#1280 = CARTESIAN_POINT('',(1.14445331631,11.670585517322));
#1281 = CARTESIAN_POINT('',(1.182273038352,11.605885062348));
#1282 = CARTESIAN_POINT('',(1.195160348086,11.58606965184));
#1283 = CARTESIAN_POINT('',(1.20823539767,11.568276253411));
#1284 = CARTESIAN_POINT('',(1.221484359756,11.552635708538));
#1285 = CARTESIAN_POINT('',(1.234893193401,11.539275285986));
#1286 = CARTESIAN_POINT('',(1.270915057908,11.510158666329));
#1287 = CARTESIAN_POINT('',(1.293816390798,11.4985768824));
#1288 = CARTESIAN_POINT('',(1.316984196774,11.494261485747));
#1289 = CARTESIAN_POINT('',(1.340257122398,11.497663770467));
#1290 = CARTESIAN_POINT('',(1.363478301514,11.509006047189));
#1291 = CARTESIAN_POINT('',(1.407502889418,11.545857294677));
#1292 = CARTESIAN_POINT('',(1.428283773832,11.569996453646));
#1293 = CARTESIAN_POINT('',(1.44871559516,11.600602997143));
#1294 = CARTESIAN_POINT('',(1.468681366576,11.637412784424));
#1295 = CARTESIAN_POINT('',(1.488069175095,11.679974258434));
#1296 = CARTESIAN_POINT('',(1.518082670424,11.756462489393));
#1297 = CARTESIAN_POINT('',(1.529148721622,11.787167950185));
#1298 = CARTESIAN_POINT('',(1.539961462304,11.819653085683));
#1299 = CARTESIAN_POINT('',(1.550512298601,11.853810133175));
#1300 = CARTESIAN_POINT('',(1.560793102543,11.889524794584));
#1301 = CARTESIAN_POINT('',(1.570796326795,11.926675836789));
#1302 = ( GEOMETRIC_REPRESENTATION_CONTEXT(2) 
PARAMETRIC_REPRESENTATION_CONTEXT() REPRESENTATION_CONTEXT('2D SPACE',''
  ) );
#1303 = PCURVE('',#1304,#1309);
#1304 = CYLINDRICAL_SURFACE('',#1305,2.85);
#1305 = AXIS2_PLACEMENT_3D('',#1306,#1307,#1308);
#1306 = CARTESIAN_POINT('',(-18.5,30.,15.5));
#1307 = DIRECTION('',(1.,-0.,-0.));
#1308 = DIRECTION('',(-0.,-0.,1.));
#1309 = DEFINITIONAL_REPRESENTATION('',(#1310),#1388);
#1310 = B_SPLINE_CURVE_WITH_KNOTS('',6,(#1311,#1312,#1313,#1314,#1315,
    #1316,#1317,#1318,#1319,#1320,#1321,#1322,#1323,#1324,#1325,#1326,
    #1327,#1328,#1329,#1330,#1331,#1332,#1333,#1334,#1335,#1336,#1337,
    #1338,#1339,#1340,#1341,#1342,#1343,#1344,#1345,#1346,#1347,#1348,
    #1349,#1350,#1351,#1352,#1353,#1354,#1355,#1356,#1357,#1358,#1359,
    #1360,#1361,#1362,#1363,#1364,#1365,#1366,#1367,#1368,#1369,#1370,
    #1371,#1372,#1373,#1374,#1375,#1376,#1377,#1378,#1379,#1380,#1381,
    #1382,#1383,#1384,#1385,#1386,#1387),.UNSPECIFIED.,.F.,.F.,(7,5,5,5,
    5,5,5,5,5,5,5,5,5,5,5,7),(0.,8.460773702904E-02,0.140331781158,
    0.173904707533,0.213893961546,0.317043884578,0.417328619702,
    0.499373521622,0.554545677581,0.684892224871,0.757056241234,
    0.825169146012,0.859547835668,0.91653357536,0.968546147946,1.),
  .UNSPECIFIED.);
#1311 = CARTESIAN_POINT('',(-1.016534492343,0.5));
#1312 = CARTESIAN_POINT('',(-1.082918167077,0.5));
#1313 = CARTESIAN_POINT('',(-1.15145279547,0.505175782891));
#1314 = CARTESIAN_POINT('',(-1.221420045878,0.517113173809));
#1315 = CARTESIAN_POINT('',(-1.292307601583,0.537208098563));
#1316 = CARTESIAN_POINT('',(-1.363697062451,0.566285409278));
#1317 = CARTESIAN_POINT('',(-1.482272188338,0.629594520094));
#1318 = CARTESIAN_POINT('',(-1.529137017394,0.65853665595));
#1319 = CARTESIAN_POINT('',(-1.575626836736,0.691211286554));
#1320 = CARTESIAN_POINT('',(-1.62158744023,0.72737958208));
#1321 = CARTESIAN_POINT('',(-1.666851510219,0.766636618461));
#1322 = CARTESIAN_POINT('',(-1.737958764184,0.833583864428));
#1323 = CARTESIAN_POINT('',(-1.764392808837,0.859691080061));
#1324 = CARTESIAN_POINT('',(-1.790525781351,0.886653952238));
#1325 = CARTESIAN_POINT('',(-1.816354964102,0.914385416466));
#1326 = CARTESIAN_POINT('',(-1.841875888662,0.942792788482));
#1327 = CARTESIAN_POINT('',(-1.897106141459,1.006302236327));
#1328 = CARTESIAN_POINT('',(-1.926688511428,1.041651968683));
#1329 = CARTESIAN_POINT('',(-1.9558509091,1.077699633161));
#1330 = CARTESIAN_POINT('',(-1.984612554673,1.114319895533));
#1331 = CARTESIAN_POINT('',(-2.012991263016,1.151390759876));
#1332 = CARTESIAN_POINT('',(-2.113262211199,1.28527672046));
#1333 = CARTESIAN_POINT('',(-2.183123390768,1.384024723213));
#1334 = CARTESIAN_POINT('',(-2.251064357616,1.483276374992));
#1335 = CARTESIAN_POINT('',(-2.317526572412,1.581547471787));
#1336 = CARTESIAN_POINT('',(-2.382950958729,1.677515647212));
#1337 = CARTESIAN_POINT('',(-2.510840049773,1.859388537706));
#1338 = CARTESIAN_POINT('',(-2.573404710564,1.945595927035));
#1339 = CARTESIAN_POINT('',(-2.635757739159,2.026794247151));
#1340 = CARTESIAN_POINT('',(-2.69814707935,2.101287913227));
#1341 = CARTESIAN_POINT('',(-2.760840434805,2.167210032635));
#1342 = CARTESIAN_POINT('',(-2.87595188927,2.267940705686));
#1343 = CARTESIAN_POINT('',(-2.928246880141,2.306299098117));
#1344 = CARTESIAN_POINT('',(-2.980840752699,2.336255854119));
#1345 = CARTESIAN_POINT('',(-3.033643830325,2.35675175093));
#1346 = CARTESIAN_POINT('',(-3.086610324231,2.367202793188));
#1347 = CARTESIAN_POINT('',(-3.175430250349,2.367702422765));
#1348 = CARTESIAN_POINT('',(-3.211122221674,2.363312230897));
#1349 = CARTESIAN_POINT('',(-3.246767243741,2.354336393875));
#1350 = CARTESIAN_POINT('',(-3.282333730686,2.340899148039));
#1351 = CARTESIAN_POINT('',(-3.31778080184,2.323237281059));
#1352 = CARTESIAN_POINT('',(-3.436389486034,2.250796700475));
#1353 = CARTESIAN_POINT('',(-3.518281301332,2.178522119042));
#1354 = CARTESIAN_POINT('',(-3.59947308508,2.088951502161));
#1355 = CARTESIAN_POINT('',(-3.680472600594,1.986400690787));
#1356 = CARTESIAN_POINT('',(-3.761702760406,1.874881379648));
#1357 = CARTESIAN_POINT('',(-3.888919496714,1.693378819266));
#1358 = CARTESIAN_POINT('',(-3.934560118845,1.626922249205));
#1359 = CARTESIAN_POINT('',(-3.980658619178,1.559183814158));
#1360 = CARTESIAN_POINT('',(-4.027363761708,1.490634621475));
#1361 = CARTESIAN_POINT('',(-4.074826053458,1.421757090253));
#1362 = CARTESIAN_POINT('',(-4.168860824337,1.288262126124));
#1363 = CARTESIAN_POINT('',(-4.215367968107,1.223573995394));
#1364 = CARTESIAN_POINT('',(-4.262828436342,1.159501748602));
#1365 = CARTESIAN_POINT('',(-4.311348801601,1.096572847918));
#1366 = CARTESIAN_POINT('',(-4.361042716449,1.035356688392));
#1367 = CARTESIAN_POINT('',(-4.437775623379,0.946737876561));
#1368 = CARTESIAN_POINT('',(-4.46384284098,0.917607146149));
#1369 = CARTESIAN_POINT('',(-4.490232327362,0.889175317768));
#1370 = CARTESIAN_POINT('',(-4.516939690106,0.861541797139));
#1371 = CARTESIAN_POINT('',(-4.543962435106,0.834800011995));
#1372 = CARTESIAN_POINT('',(-4.616613858751,0.766330678748));
#1373 = CARTESIAN_POINT('',(-4.662860936658,0.726247770267));
#1374 = CARTESIAN_POINT('',(-4.709832441207,0.689394024098));
#1375 = CARTESIAN_POINT('',(-4.757350045458,0.656203800077));
#1376 = CARTESIAN_POINT('',(-4.805248396774,0.626921038816));
#1377 = CARTESIAN_POINT('',(-4.897275018217,0.578513414223));
#1378 = CARTESIAN_POINT('',(-4.941249172789,0.558787119953));
#1379 = CARTESIAN_POINT('',(-4.985138807653,0.542461248681));
#1380 = CARTESIAN_POINT('',(-5.028800046566,0.52942864297));
#1381 = CARTESIAN_POINT('',(-5.072075674291,0.51947282196));
#1382 = CARTESIAN_POINT('',(-5.14060627279,0.50795117978));
#1383 = CARTESIAN_POINT('',(-5.166236791156,0.504622294956));
#1384 = CARTESIAN_POINT('',(-5.191665608613,0.502236366983));
#1385 = CARTESIAN_POINT('',(-5.216884462954,0.500720463217));
#1386 = CARTESIAN_POINT('',(-5.241883453366,0.5));
#1387 = CARTESIAN_POINT('',(-5.266650814837,0.5));
#1388 = ( GEOMETRIC_REPRESENTATION_CONTEXT(2) 
PARAMETRIC_REPRESENTATION_CONTEXT() REPRESENTATION_CONTEXT('2D SPACE',''
  ) );
#1389 = ORIENTED_EDGE('',*,*,#1390,.T.);
#1390 = EDGE_CURVE('',#1141,#1037,#1391,.T.);
#1391 = SURFACE_CURVE('',#1392,(#1396,#1403),.PCURVE_S1.);
#1392 = LINE('',#1393,#1394);
#1393 = CARTESIAN_POINT('',(-18.,15.65,17.));
#1394 = VECTOR('',#1395,1.);
#1395 = DIRECTION('',(-0.,1.,-0.));
#1396 = PCURVE('',#94,#1397);
#1397 = DEFINITIONAL_REPRESENTATION('',(#1398),#1402);
#1398 = LINE('',#1399,#1400);
#1399 = CARTESIAN_POINT('',(1.570796326795,0.));
#1400 = VECTOR('',#1401,1.);
#1401 = DIRECTION('',(0.,1.));
#1402 = ( GEOMETRIC_REPRESENTATION_CONTEXT(2) 
PARAMETRIC_REPRESENTATION_CONTEXT() REPRESENTATION_CONTEXT('2D SPACE',''
  ) );
#1403 = PCURVE('',#437,#1404);
#1404 = DEFINITIONAL_REPRESENTATION('',(#1405),#1409);
#1405 = LINE('',#1406,#1407);
#1406 = CARTESIAN_POINT('',(-27.,0.));
#1407 = VECTOR('',#1408,1.);
#1408 = DIRECTION('',(-0.,-1.));
#1409 = ( GEOMETRIC_REPRESENTATION_CONTEXT(2) 
PARAMETRIC_REPRESENTATION_CONTEXT() REPRESENTATION_CONTEXT('2D SPACE',''
  ) );
#1410 = ORIENTED_EDGE('',*,*,#1059,.F.);
#1411 = ADVANCED_FACE('',(#1412),#437,.F.);
#1412 = FACE_BOUND('',#1413,.T.);
#1413 = EDGE_LOOP('',(#1414,#1415,#1438,#1466,#1494,#1522,#1543,#1544,
    #1545,#1573,#1599));
#1414 = ORIENTED_EDGE('',*,*,#421,.F.);
#1415 = ORIENTED_EDGE('',*,*,#1416,.T.);
#1416 = EDGE_CURVE('',#389,#1417,#1419,.T.);
#1417 = VERTEX_POINT('',#1418);
#1418 = CARTESIAN_POINT('',(-18.,23.65,38.));
#1419 = SURFACE_CURVE('',#1420,(#1424,#1431),.PCURVE_S1.);
#1420 = LINE('',#1421,#1422);
#1421 = CARTESIAN_POINT('',(-18.,15.65,38.));
#1422 = VECTOR('',#1423,1.);
#1423 = DIRECTION('',(-0.,1.,-0.));
#1424 = PCURVE('',#437,#1425);
#1425 = DEFINITIONAL_REPRESENTATION('',(#1426),#1430);
#1426 = LINE('',#1427,#1428);
#1427 = CARTESIAN_POINT('',(-6.,0.));
#1428 = VECTOR('',#1429,1.);
#1429 = DIRECTION('',(-0.,-1.));
#1430 = ( GEOMETRIC_REPRESENTATION_CONTEXT(2) 
PARAMETRIC_REPRESENTATION_CONTEXT() REPRESENTATION_CONTEXT('2D SPACE',''
  ) );
#1431 = PCURVE('',#409,#1432);
#1432 = DEFINITIONAL_REPRESENTATION('',(#1433),#1437);
#1433 = LINE('',#1434,#1435);
#1434 = CARTESIAN_POINT('',(-1.570796326795,0.));
#1435 = VECTOR('',#1436,1.);
#1436 = DIRECTION('',(-0.,1.));
#1437 = ( GEOMETRIC_REPRESENTATION_CONTEXT(2) 
PARAMETRIC_REPRESENTATION_CONTEXT() REPRESENTATION_CONTEXT('2D SPACE',''
  ) );
#1438 = ORIENTED_EDGE('',*,*,#1439,.F.);
#1439 = EDGE_CURVE('',#1440,#1417,#1442,.T.);
#1440 = VERTEX_POINT('',#1441);
#1441 = CARTESIAN_POINT('',(-18.,23.65,33.453306688776));
#1442 = SURFACE_CURVE('',#1443,(#1447,#1454),.PCURVE_S1.);
#1443 = LINE('',#1444,#1445);
#1444 = CARTESIAN_POINT('',(-18.,23.65,41.75));
#1445 = VECTOR('',#1446,1.);
#1446 = DIRECTION('',(-0.,-0.,1.));
#1447 = PCURVE('',#437,#1448);
#1448 = DEFINITIONAL_REPRESENTATION('',(#1449),#1453);
#1449 = LINE('',#1450,#1451);
#1450 = CARTESIAN_POINT('',(-2.25,-8.));
#1451 = VECTOR('',#1452,1.);
#1452 = DIRECTION('',(1.,-0.));
#1453 = ( GEOMETRIC_REPRESENTATION_CONTEXT(2) 
PARAMETRIC_REPRESENTATION_CONTEXT() REPRESENTATION_CONTEXT('2D SPACE',''
  ) );
#1454 = PCURVE('',#1455,#1460);
#1455 = PLANE('',#1456);
#1456 = AXIS2_PLACEMENT_3D('',#1457,#1458,#1459);
#1457 = CARTESIAN_POINT('',(-15.,23.65,39.5));
#1458 = DIRECTION('',(-0.,-1.,-0.));
#1459 = DIRECTION('',(0.,0.,-1.));
#1460 = DEFINITIONAL_REPRESENTATION('',(#1461),#1465);
#1461 = LINE('',#1462,#1463);
#1462 = CARTESIAN_POINT('',(-2.25,-3.));
#1463 = VECTOR('',#1464,1.);
#1464 = DIRECTION('',(-1.,0.));
#1465 = ( GEOMETRIC_REPRESENTATION_CONTEXT(2) 
PARAMETRIC_REPRESENTATION_CONTEXT() REPRESENTATION_CONTEXT('2D SPACE',''
  ) );
#1466 = ORIENTED_EDGE('',*,*,#1467,.F.);
#1467 = EDGE_CURVE('',#1468,#1440,#1470,.T.);
#1468 = VERTEX_POINT('',#1469);
#1469 = CARTESIAN_POINT('',(-18.,36.35,33.453306688776));
#1470 = SURFACE_CURVE('',#1471,(#1475,#1482),.PCURVE_S1.);
#1471 = LINE('',#1472,#1473);
#1472 = CARTESIAN_POINT('',(-18.,36.35,33.453306688776));
#1473 = VECTOR('',#1474,1.);
#1474 = DIRECTION('',(-0.,-1.,-0.));
#1475 = PCURVE('',#437,#1476);
#1476 = DEFINITIONAL_REPRESENTATION('',(#1477),#1481);
#1477 = LINE('',#1478,#1479);
#1478 = CARTESIAN_POINT('',(-10.54669331122,-20.7));
#1479 = VECTOR('',#1480,1.);
#1480 = DIRECTION('',(-0.,1.));
#1481 = ( GEOMETRIC_REPRESENTATION_CONTEXT(2) 
PARAMETRIC_REPRESENTATION_CONTEXT() REPRESENTATION_CONTEXT('2D SPACE',''
  ) );
#1482 = PCURVE('',#1483,#1488);
#1483 = CYLINDRICAL_SURFACE('',#1484,6.75);
#1484 = AXIS2_PLACEMENT_3D('',#1485,#1486,#1487);
#1485 = CARTESIAN_POINT('',(-15.,36.35,39.5));
#1486 = DIRECTION('',(-0.,-1.,-0.));
#1487 = DIRECTION('',(-0.,-0.,1.));
#1488 = DEFINITIONAL_REPRESENTATION('',(#1489),#1493);
#1489 = LINE('',#1490,#1491);
#1490 = CARTESIAN_POINT('',(-3.602146645271,0.));
#1491 = VECTOR('',#1492,1.);
#1492 = DIRECTION('',(-0.,1.));
#1493 = ( GEOMETRIC_REPRESENTATION_CONTEXT(2) 
PARAMETRIC_REPRESENTATION_CONTEXT() REPRESENTATION_CONTEXT('2D SPACE',''
  ) );
#1494 = ORIENTED_EDGE('',*,*,#1495,.T.);
#1495 = EDGE_CURVE('',#1468,#1496,#1498,.T.);
#1496 = VERTEX_POINT('',#1497);
#1497 = CARTESIAN_POINT('',(-18.,36.35,38.));
#1498 = SURFACE_CURVE('',#1499,(#1503,#1510),.PCURVE_S1.);
#1499 = LINE('',#1500,#1501);
#1500 = CARTESIAN_POINT('',(-18.,36.35,41.75));
#1501 = VECTOR('',#1502,1.);
#1502 = DIRECTION('',(-0.,-0.,1.));
#1503 = PCURVE('',#437,#1504);
#1504 = DEFINITIONAL_REPRESENTATION('',(#1505),#1509);
#1505 = LINE('',#1506,#1507);
#1506 = CARTESIAN_POINT('',(-2.25,-20.7));
#1507 = VECTOR('',#1508,1.);
#1508 = DIRECTION('',(1.,-0.));
#1509 = ( GEOMETRIC_REPRESENTATION_CONTEXT(2) 
PARAMETRIC_REPRESENTATION_CONTEXT() REPRESENTATION_CONTEXT('2D SPACE',''
  ) );
#1510 = PCURVE('',#1511,#1516);
#1511 = PLANE('',#1512);
#1512 = AXIS2_PLACEMENT_3D('',#1513,#1514,#1515);
#1513 = CARTESIAN_POINT('',(-15.,36.35,39.5));
#1514 = DIRECTION('',(-0.,-1.,-0.));
#1515 = DIRECTION('',(0.,0.,-1.));
#1516 = DEFINITIONAL_REPRESENTATION('',(#1517),#1521);
#1517 = LINE('',#1518,#1519);
#1518 = CARTESIAN_POINT('',(-2.25,-3.));
#1519 = VECTOR('',#1520,1.);
#1520 = DIRECTION('',(-1.,0.));
#1521 = ( GEOMETRIC_REPRESENTATION_CONTEXT(2) 
PARAMETRIC_REPRESENTATION_CONTEXT() REPRESENTATION_CONTEXT('2D SPACE',''
  ) );
#1522 = ORIENTED_EDGE('',*,*,#1523,.T.);
#1523 = EDGE_CURVE('',#1496,#1004,#1524,.T.);
#1524 = SURFACE_CURVE('',#1525,(#1529,#1536),.PCURVE_S1.);
#1525 = LINE('',#1526,#1527);
#1526 = CARTESIAN_POINT('',(-18.,15.65,38.));
#1527 = VECTOR('',#1528,1.);
#1528 = DIRECTION('',(-0.,1.,-0.));
#1529 = PCURVE('',#437,#1530);
#1530 = DEFINITIONAL_REPRESENTATION('',(#1531),#1535);
#1531 = LINE('',#1532,#1533);
#1532 = CARTESIAN_POINT('',(-6.,0.));
#1533 = VECTOR('',#1534,1.);
#1534 = DIRECTION('',(-0.,-1.));
#1535 = ( GEOMETRIC_REPRESENTATION_CONTEXT(2) 
PARAMETRIC_REPRESENTATION_CONTEXT() REPRESENTATION_CONTEXT('2D SPACE',''
  ) );
#1536 = PCURVE('',#1024,#1537);
#1537 = DEFINITIONAL_REPRESENTATION('',(#1538),#1542);
#1538 = LINE('',#1539,#1540);
#1539 = CARTESIAN_POINT('',(-1.570796326795,0.));
#1540 = VECTOR('',#1541,1.);
#1541 = DIRECTION('',(-0.,1.));
#1542 = ( GEOMETRIC_REPRESENTATION_CONTEXT(2) 
PARAMETRIC_REPRESENTATION_CONTEXT() REPRESENTATION_CONTEXT('2D SPACE',''
  ) );
#1543 = ORIENTED_EDGE('',*,*,#1036,.T.);
#1544 = ORIENTED_EDGE('',*,*,#1390,.F.);
#1545 = ORIENTED_EDGE('',*,*,#1546,.F.);
#1546 = EDGE_CURVE('',#1547,#1141,#1549,.T.);
#1547 = VERTEX_POINT('',#1548);
#1548 = CARTESIAN_POINT('',(-18.,30.,18.35));
#1549 = SURFACE_CURVE('',#1550,(#1555,#1566),.PCURVE_S1.);
#1550 = CIRCLE('',#1551,2.85);
#1551 = AXIS2_PLACEMENT_3D('',#1552,#1553,#1554);
#1552 = CARTESIAN_POINT('',(-18.,30.,15.5));
#1553 = DIRECTION('',(-1.,-0.,-0.));
#1554 = DIRECTION('',(-0.,-0.,1.));
#1555 = PCURVE('',#437,#1556);
#1556 = DEFINITIONAL_REPRESENTATION('',(#1557),#1565);
#1557 = ( BOUNDED_CURVE() B_SPLINE_CURVE(2,(#1558,#1559,#1560,#1561,
#1562,#1563,#1564),.UNSPECIFIED.,.T.,.F.) B_SPLINE_CURVE_WITH_KNOTS((1,2
    ,2,2,2,1),(-2.094395102393,0.,2.094395102393,4.188790204786,
6.28318530718,8.377580409573),.UNSPECIFIED.) CURVE() 
GEOMETRIC_REPRESENTATION_ITEM() RATIONAL_B_SPLINE_CURVE((1.,0.5,1.,0.5,
1.,0.5,1.)) REPRESENTATION_ITEM('') );
#1558 = CARTESIAN_POINT('',(-25.65,-14.35));
#1559 = CARTESIAN_POINT('',(-25.65,-19.28634480157));
#1560 = CARTESIAN_POINT('',(-29.925,-16.81817240078));
#1561 = CARTESIAN_POINT('',(-34.2,-14.35));
#1562 = CARTESIAN_POINT('',(-29.925,-11.88182759921));
#1563 = CARTESIAN_POINT('',(-25.65,-9.413655198429));
#1564 = CARTESIAN_POINT('',(-25.65,-14.35));
#1565 = ( GEOMETRIC_REPRESENTATION_CONTEXT(2) 
PARAMETRIC_REPRESENTATION_CONTEXT() REPRESENTATION_CONTEXT('2D SPACE',''
  ) );
#1566 = PCURVE('',#1304,#1567);
#1567 = DEFINITIONAL_REPRESENTATION('',(#1568),#1572);
#1568 = LINE('',#1569,#1570);
#1569 = CARTESIAN_POINT('',(-0.,0.5));
#1570 = VECTOR('',#1571,1.);
#1571 = DIRECTION('',(-1.,0.));
#1572 = ( GEOMETRIC_REPRESENTATION_CONTEXT(2) 
PARAMETRIC_REPRESENTATION_CONTEXT() REPRESENTATION_CONTEXT('2D SPACE',''
  ) );
#1573 = ORIENTED_EDGE('',*,*,#1574,.F.);
#1574 = EDGE_CURVE('',#1118,#1547,#1575,.T.);
#1575 = SURFACE_CURVE('',#1576,(#1581,#1592),.PCURVE_S1.);
#1576 = CIRCLE('',#1577,2.85);
#1577 = AXIS2_PLACEMENT_3D('',#1578,#1579,#1580);
#1578 = CARTESIAN_POINT('',(-18.,30.,15.5));
#1579 = DIRECTION('',(-1.,-0.,-0.));
#1580 = DIRECTION('',(-0.,-0.,1.));
#1581 = PCURVE('',#437,#1582);
#1582 = DEFINITIONAL_REPRESENTATION('',(#1583),#1591);
#1583 = ( BOUNDED_CURVE() B_SPLINE_CURVE(2,(#1584,#1585,#1586,#1587,
#1588,#1589,#1590),.UNSPECIFIED.,.T.,.F.) B_SPLINE_CURVE_WITH_KNOTS((1,2
    ,2,2,2,1),(-2.094395102393,0.,2.094395102393,4.188790204786,
6.28318530718,8.377580409573),.UNSPECIFIED.) CURVE() 
GEOMETRIC_REPRESENTATION_ITEM() RATIONAL_B_SPLINE_CURVE((1.,0.5,1.,0.5,
1.,0.5,1.)) REPRESENTATION_ITEM('') );
#1584 = CARTESIAN_POINT('',(-25.65,-14.35));
#1585 = CARTESIAN_POINT('',(-25.65,-19.28634480157));
#1586 = CARTESIAN_POINT('',(-29.925,-16.81817240078));
#1587 = CARTESIAN_POINT('',(-34.2,-14.35));
#1588 = CARTESIAN_POINT('',(-29.925,-11.88182759921));
#1589 = CARTESIAN_POINT('',(-25.65,-9.413655198429));
#1590 = CARTESIAN_POINT('',(-25.65,-14.35));
#1591 = ( GEOMETRIC_REPRESENTATION_CONTEXT(2) 
PARAMETRIC_REPRESENTATION_CONTEXT() REPRESENTATION_CONTEXT('2D SPACE',''
  ) );
#1592 = PCURVE('',#1304,#1593);
#1593 = DEFINITIONAL_REPRESENTATION('',(#1594),#1598);
#1594 = LINE('',#1595,#1596);
#1595 = CARTESIAN_POINT('',(-0.,0.5));
#1596 = VECTOR('',#1597,1.);
#1597 = DIRECTION('',(-1.,0.));
#1598 = ( GEOMETRIC_REPRESENTATION_CONTEXT(2) 
PARAMETRIC_REPRESENTATION_CONTEXT() REPRESENTATION_CONTEXT('2D SPACE',''
  ) );
#1599 = ORIENTED_EDGE('',*,*,#1117,.F.);
#1600 = ADVANCED_FACE('',(#1601),#315,.F.);
#1601 = FACE_BOUND('',#1602,.T.);
#1602 = EDGE_LOOP('',(#1603,#1604,#1605,#1606,#1607,#1608,#1631,#1654,
    #1682,#1705));
#1603 = ORIENTED_EDGE('',*,*,#299,.F.);
#1604 = ORIENTED_EDGE('',*,*,#507,.T.);
#1605 = ORIENTED_EDGE('',*,*,#796,.F.);
#1606 = ORIENTED_EDGE('',*,*,#865,.T.);
#1607 = ORIENTED_EDGE('',*,*,#919,.T.);
#1608 = ORIENTED_EDGE('',*,*,#1609,.F.);
#1609 = EDGE_CURVE('',#1610,#920,#1612,.T.);
#1610 = VERTEX_POINT('',#1611);
#1611 = CARTESIAN_POINT('',(8.881784197001E-16,36.35,38.));
#1612 = SURFACE_CURVE('',#1613,(#1617,#1624),.PCURVE_S1.);
#1613 = LINE('',#1614,#1615);
#1614 = CARTESIAN_POINT('',(8.881784197001E-16,15.65,38.));
#1615 = VECTOR('',#1616,1.);
#1616 = DIRECTION('',(-0.,1.,-0.));
#1617 = PCURVE('',#315,#1618);
#1618 = DEFINITIONAL_REPRESENTATION('',(#1619),#1623);
#1619 = LINE('',#1620,#1621);
#1620 = CARTESIAN_POINT('',(-27.,-0.));
#1621 = VECTOR('',#1622,1.);
#1622 = DIRECTION('',(-0.,-1.));
#1623 = ( GEOMETRIC_REPRESENTATION_CONTEXT(2) 
PARAMETRIC_REPRESENTATION_CONTEXT() REPRESENTATION_CONTEXT('2D SPACE',''
  ) );
#1624 = PCURVE('',#963,#1625);
#1625 = DEFINITIONAL_REPRESENTATION('',(#1626),#1630);
#1626 = LINE('',#1627,#1628);
#1627 = CARTESIAN_POINT('',(-0.,0.));
#1628 = VECTOR('',#1629,1.);
#1629 = DIRECTION('',(-0.,1.));
#1630 = ( GEOMETRIC_REPRESENTATION_CONTEXT(2) 
PARAMETRIC_REPRESENTATION_CONTEXT() REPRESENTATION_CONTEXT('2D SPACE',''
  ) );
#1631 = ORIENTED_EDGE('',*,*,#1632,.F.);
#1632 = EDGE_CURVE('',#1633,#1610,#1635,.T.);
#1633 = VERTEX_POINT('',#1634);
#1634 = CARTESIAN_POINT('',(0.,36.35,32.75));
#1635 = SURFACE_CURVE('',#1636,(#1640,#1647),.PCURVE_S1.);
#1636 = LINE('',#1637,#1638);
#1637 = CARTESIAN_POINT('',(0.,36.35,25.25));
#1638 = VECTOR('',#1639,1.);
#1639 = DIRECTION('',(-0.,-0.,1.));
#1640 = PCURVE('',#315,#1641);
#1641 = DEFINITIONAL_REPRESENTATION('',(#1642),#1646);
#1642 = LINE('',#1643,#1644);
#1643 = CARTESIAN_POINT('',(-14.25,-20.7));
#1644 = VECTOR('',#1645,1.);
#1645 = DIRECTION('',(-1.,-0.));
#1646 = ( GEOMETRIC_REPRESENTATION_CONTEXT(2) 
PARAMETRIC_REPRESENTATION_CONTEXT() REPRESENTATION_CONTEXT('2D SPACE',''
  ) );
#1647 = PCURVE('',#1511,#1648);
#1648 = DEFINITIONAL_REPRESENTATION('',(#1649),#1653);
#1649 = LINE('',#1650,#1651);
#1650 = CARTESIAN_POINT('',(14.25,15.));
#1651 = VECTOR('',#1652,1.);
#1652 = DIRECTION('',(-1.,0.));
#1653 = ( GEOMETRIC_REPRESENTATION_CONTEXT(2) 
PARAMETRIC_REPRESENTATION_CONTEXT() REPRESENTATION_CONTEXT('2D SPACE',''
  ) );
#1654 = ORIENTED_EDGE('',*,*,#1655,.T.);
#1655 = EDGE_CURVE('',#1633,#1656,#1658,.T.);
#1656 = VERTEX_POINT('',#1657);
#1657 = CARTESIAN_POINT('',(0.,23.65,32.75));
#1658 = SURFACE_CURVE('',#1659,(#1663,#1670),.PCURVE_S1.);
#1659 = LINE('',#1660,#1661);
#1660 = CARTESIAN_POINT('',(0.,19.65,32.75));
#1661 = VECTOR('',#1662,1.);
#1662 = DIRECTION('',(-0.,-1.,-0.));
#1663 = PCURVE('',#315,#1664);
#1664 = DEFINITIONAL_REPRESENTATION('',(#1665),#1669);
#1665 = LINE('',#1666,#1667);
#1666 = CARTESIAN_POINT('',(-21.75,-4.));
#1667 = VECTOR('',#1668,1.);
#1668 = DIRECTION('',(-0.,1.));
#1669 = ( GEOMETRIC_REPRESENTATION_CONTEXT(2) 
PARAMETRIC_REPRESENTATION_CONTEXT() REPRESENTATION_CONTEXT('2D SPACE',''
  ) );
#1670 = PCURVE('',#1671,#1676);
#1671 = PLANE('',#1672);
#1672 = AXIS2_PLACEMENT_3D('',#1673,#1674,#1675);
#1673 = CARTESIAN_POINT('',(-15.,23.65,32.75));
#1674 = DIRECTION('',(-0.,-0.,1.));
#1675 = DIRECTION('',(-1.,0.,0.));
#1676 = DEFINITIONAL_REPRESENTATION('',(#1677),#1681);
#1677 = LINE('',#1678,#1679);
#1678 = CARTESIAN_POINT('',(-15.,4.));
#1679 = VECTOR('',#1680,1.);
#1680 = DIRECTION('',(-0.,1.));
#1681 = ( GEOMETRIC_REPRESENTATION_CONTEXT(2) 
PARAMETRIC_REPRESENTATION_CONTEXT() REPRESENTATION_CONTEXT('2D SPACE',''
  ) );
#1682 = ORIENTED_EDGE('',*,*,#1683,.T.);
#1683 = EDGE_CURVE('',#1656,#1684,#1686,.T.);
#1684 = VERTEX_POINT('',#1685);
#1685 = CARTESIAN_POINT('',(8.881784197001E-16,23.65,38.));
#1686 = SURFACE_CURVE('',#1687,(#1691,#1698),.PCURVE_S1.);
#1687 = LINE('',#1688,#1689);
#1688 = CARTESIAN_POINT('',(0.,23.65,25.25));
#1689 = VECTOR('',#1690,1.);
#1690 = DIRECTION('',(-0.,-0.,1.));
#1691 = PCURVE('',#315,#1692);
#1692 = DEFINITIONAL_REPRESENTATION('',(#1693),#1697);
#1693 = LINE('',#1694,#1695);
#1694 = CARTESIAN_POINT('',(-14.25,-8.));
#1695 = VECTOR('',#1696,1.);
#1696 = DIRECTION('',(-1.,-0.));
#1697 = ( GEOMETRIC_REPRESENTATION_CONTEXT(2) 
PARAMETRIC_REPRESENTATION_CONTEXT() REPRESENTATION_CONTEXT('2D SPACE',''
  ) );
#1698 = PCURVE('',#1455,#1699);
#1699 = DEFINITIONAL_REPRESENTATION('',(#1700),#1704);
#1700 = LINE('',#1701,#1702);
#1701 = CARTESIAN_POINT('',(14.25,15.));
#1702 = VECTOR('',#1703,1.);
#1703 = DIRECTION('',(-1.,0.));
#1704 = ( GEOMETRIC_REPRESENTATION_CONTEXT(2) 
PARAMETRIC_REPRESENTATION_CONTEXT() REPRESENTATION_CONTEXT('2D SPACE',''
  ) );
#1705 = ORIENTED_EDGE('',*,*,#1706,.F.);
#1706 = EDGE_CURVE('',#300,#1684,#1707,.T.);
#1707 = SURFACE_CURVE('',#1708,(#1712,#1719),.PCURVE_S1.);
#1708 = LINE('',#1709,#1710);
#1709 = CARTESIAN_POINT('',(8.881784197001E-16,15.65,38.));
#1710 = VECTOR('',#1711,1.);
#1711 = DIRECTION('',(-0.,1.,-0.));
#1712 = PCURVE('',#315,#1713);
#1713 = DEFINITIONAL_REPRESENTATION('',(#1714),#1718);
#1714 = LINE('',#1715,#1716);
#1715 = CARTESIAN_POINT('',(-27.,-0.));
#1716 = VECTOR('',#1717,1.);
#1717 = DIRECTION('',(-0.,-1.));
#1718 = ( GEOMETRIC_REPRESENTATION_CONTEXT(2) 
PARAMETRIC_REPRESENTATION_CONTEXT() REPRESENTATION_CONTEXT('2D SPACE',''
  ) );
#1719 = PCURVE('',#348,#1720);
#1720 = DEFINITIONAL_REPRESENTATION('',(#1721),#1725);
#1721 = LINE('',#1722,#1723);
#1722 = CARTESIAN_POINT('',(-0.,0.));
#1723 = VECTOR('',#1724,1.);
#1724 = DIRECTION('',(-0.,1.));
#1725 = ( GEOMETRIC_REPRESENTATION_CONTEXT(2) 
PARAMETRIC_REPRESENTATION_CONTEXT() REPRESENTATION_CONTEXT('2D SPACE',''
  ) );
#1726 = ADVANCED_FACE('',(#1727),#409,.T.);
#1727 = FACE_BOUND('',#1728,.F.);
#1728 = EDGE_LOOP('',(#1729,#1752,#1753,#1754));
#1729 = ORIENTED_EDGE('',*,*,#1730,.F.);
#1730 = EDGE_CURVE('',#361,#1731,#1733,.T.);
#1731 = VERTEX_POINT('',#1732);
#1732 = CARTESIAN_POINT('',(-12.,23.65,44.));
#1733 = SURFACE_CURVE('',#1734,(#1738,#1745),.PCURVE_S1.);
#1734 = LINE('',#1735,#1736);
#1735 = CARTESIAN_POINT('',(-12.,15.65,44.));
#1736 = VECTOR('',#1737,1.);
#1737 = DIRECTION('',(-0.,1.,-0.));
#1738 = PCURVE('',#409,#1739);
#1739 = DEFINITIONAL_REPRESENTATION('',(#1740),#1744);
#1740 = LINE('',#1741,#1742);
#1741 = CARTESIAN_POINT('',(-0.,0.));
#1742 = VECTOR('',#1743,1.);
#1743 = DIRECTION('',(-0.,1.));
#1744 = ( GEOMETRIC_REPRESENTATION_CONTEXT(2) 
PARAMETRIC_REPRESENTATION_CONTEXT() REPRESENTATION_CONTEXT('2D SPACE',''
  ) );
#1745 = PCURVE('',#376,#1746);
#1746 = DEFINITIONAL_REPRESENTATION('',(#1747),#1751);
#1747 = LINE('',#1748,#1749);
#1748 = CARTESIAN_POINT('',(-12.,0.));
#1749 = VECTOR('',#1750,1.);
#1750 = DIRECTION('',(-0.,-1.));
#1751 = ( GEOMETRIC_REPRESENTATION_CONTEXT(2) 
PARAMETRIC_REPRESENTATION_CONTEXT() REPRESENTATION_CONTEXT('2D SPACE',''
  ) );
#1752 = ORIENTED_EDGE('',*,*,#388,.T.);
#1753 = ORIENTED_EDGE('',*,*,#1416,.T.);
#1754 = ORIENTED_EDGE('',*,*,#1755,.T.);
#1755 = EDGE_CURVE('',#1417,#1731,#1756,.T.);
#1756 = SURFACE_CURVE('',#1757,(#1762,#1769),.PCURVE_S1.);
#1757 = CIRCLE('',#1758,6.);
#1758 = AXIS2_PLACEMENT_3D('',#1759,#1760,#1761);
#1759 = CARTESIAN_POINT('',(-12.,23.65,38.));
#1760 = DIRECTION('',(-0.,1.,0.));
#1761 = DIRECTION('',(-1.,-0.,-0.));
#1762 = PCURVE('',#409,#1763);
#1763 = DEFINITIONAL_REPRESENTATION('',(#1764),#1768);
#1764 = LINE('',#1765,#1766);
#1765 = CARTESIAN_POINT('',(-1.570796326795,8.));
#1766 = VECTOR('',#1767,1.);
#1767 = DIRECTION('',(1.,-0.));
#1768 = ( GEOMETRIC_REPRESENTATION_CONTEXT(2) 
PARAMETRIC_REPRESENTATION_CONTEXT() REPRESENTATION_CONTEXT('2D SPACE',''
  ) );
#1769 = PCURVE('',#1455,#1770);
#1770 = DEFINITIONAL_REPRESENTATION('',(#1771),#1779);
#1771 = ( BOUNDED_CURVE() B_SPLINE_CURVE(2,(#1772,#1773,#1774,#1775,
#1776,#1777,#1778),.UNSPECIFIED.,.T.,.F.) B_SPLINE_CURVE_WITH_KNOTS((1,2
    ,2,2,2,1),(-2.094395102393,0.,2.094395102393,4.188790204786,
6.28318530718,8.377580409573),.UNSPECIFIED.) CURVE() 
GEOMETRIC_REPRESENTATION_ITEM() RATIONAL_B_SPLINE_CURVE((1.,0.5,1.,0.5,
1.,0.5,1.)) REPRESENTATION_ITEM('') );
#1772 = CARTESIAN_POINT('',(1.5,-3.));
#1773 = CARTESIAN_POINT('',(-8.892304845413,-3.));
#1774 = CARTESIAN_POINT('',(-3.696152422707,6.));
#1775 = CARTESIAN_POINT('',(1.5,15.));
#1776 = CARTESIAN_POINT('',(6.696152422707,6.));
#1777 = CARTESIAN_POINT('',(11.892304845413,-3.));
#1778 = CARTESIAN_POINT('',(1.5,-3.));
#1779 = ( GEOMETRIC_REPRESENTATION_CONTEXT(2) 
PARAMETRIC_REPRESENTATION_CONTEXT() REPRESENTATION_CONTEXT('2D SPACE',''
  ) );
#1780 = ADVANCED_FACE('',(#1781),#348,.T.);
#1781 = FACE_BOUND('',#1782,.F.);
#1782 = EDGE_LOOP('',(#1783,#1784,#1785,#1808));
#1783 = ORIENTED_EDGE('',*,*,#1706,.F.);
#1784 = ORIENTED_EDGE('',*,*,#327,.T.);
#1785 = ORIENTED_EDGE('',*,*,#1786,.T.);
#1786 = EDGE_CURVE('',#328,#1787,#1789,.T.);
#1787 = VERTEX_POINT('',#1788);
#1788 = CARTESIAN_POINT('',(-6.,23.65,44.));
#1789 = SURFACE_CURVE('',#1790,(#1794,#1801),.PCURVE_S1.);
#1790 = LINE('',#1791,#1792);
#1791 = CARTESIAN_POINT('',(-6.,15.65,44.));
#1792 = VECTOR('',#1793,1.);
#1793 = DIRECTION('',(-0.,1.,-0.));
#1794 = PCURVE('',#348,#1795);
#1795 = DEFINITIONAL_REPRESENTATION('',(#1796),#1800);
#1796 = LINE('',#1797,#1798);
#1797 = CARTESIAN_POINT('',(-1.570796326795,0.));
#1798 = VECTOR('',#1799,1.);
#1799 = DIRECTION('',(-0.,1.));
#1800 = ( GEOMETRIC_REPRESENTATION_CONTEXT(2) 
PARAMETRIC_REPRESENTATION_CONTEXT() REPRESENTATION_CONTEXT('2D SPACE',''
  ) );
#1801 = PCURVE('',#376,#1802);
#1802 = DEFINITIONAL_REPRESENTATION('',(#1803),#1807);
#1803 = LINE('',#1804,#1805);
#1804 = CARTESIAN_POINT('',(-6.,0.));
#1805 = VECTOR('',#1806,1.);
#1806 = DIRECTION('',(-0.,-1.));
#1807 = ( GEOMETRIC_REPRESENTATION_CONTEXT(2) 
PARAMETRIC_REPRESENTATION_CONTEXT() REPRESENTATION_CONTEXT('2D SPACE',''
  ) );
#1808 = ORIENTED_EDGE('',*,*,#1809,.F.);
#1809 = EDGE_CURVE('',#1684,#1787,#1810,.T.);
#1810 = SURFACE_CURVE('',#1811,(#1816,#1823),.PCURVE_S1.);
#1811 = CIRCLE('',#1812,6.);
#1812 = AXIS2_PLACEMENT_3D('',#1813,#1814,#1815);
#1813 = CARTESIAN_POINT('',(-6.,23.65,38.));
#1814 = DIRECTION('',(-0.,-1.,-0.));
#1815 = DIRECTION('',(1.,-0.,-0.));
#1816 = PCURVE('',#348,#1817);
#1817 = DEFINITIONAL_REPRESENTATION('',(#1818),#1822);
#1818 = LINE('',#1819,#1820);
#1819 = CARTESIAN_POINT('',(-0.,8.));
#1820 = VECTOR('',#1821,1.);
#1821 = DIRECTION('',(-1.,0.));
#1822 = ( GEOMETRIC_REPRESENTATION_CONTEXT(2) 
PARAMETRIC_REPRESENTATION_CONTEXT() REPRESENTATION_CONTEXT('2D SPACE',''
  ) );
#1823 = PCURVE('',#1455,#1824);
#1824 = DEFINITIONAL_REPRESENTATION('',(#1825),#1829);
#1825 = CIRCLE('',#1826,6.);
#1826 = AXIS2_PLACEMENT_2D('',#1827,#1828);
#1827 = CARTESIAN_POINT('',(1.5,9.));
#1828 = DIRECTION('',(-0.,1.));
#1829 = ( GEOMETRIC_REPRESENTATION_CONTEXT(2) 
PARAMETRIC_REPRESENTATION_CONTEXT() REPRESENTATION_CONTEXT('2D SPACE',''
  ) );
#1830 = ADVANCED_FACE('',(#1831),#376,.F.);
#1831 = FACE_BOUND('',#1832,.T.);
#1832 = EDGE_LOOP('',(#1833,#1834,#1835,#1856));
#1833 = ORIENTED_EDGE('',*,*,#360,.F.);
#1834 = ORIENTED_EDGE('',*,*,#1786,.T.);
#1835 = ORIENTED_EDGE('',*,*,#1836,.F.);
#1836 = EDGE_CURVE('',#1731,#1787,#1837,.T.);
#1837 = SURFACE_CURVE('',#1838,(#1842,#1849),.PCURVE_S1.);
#1838 = LINE('',#1839,#1840);
#1839 = CARTESIAN_POINT('',(-12.,23.65,44.));
#1840 = VECTOR('',#1841,1.);
#1841 = DIRECTION('',(1.,-5.921189464668E-16,-0.));
#1842 = PCURVE('',#376,#1843);
#1843 = DEFINITIONAL_REPRESENTATION('',(#1844),#1848);
#1844 = LINE('',#1845,#1846);
#1845 = CARTESIAN_POINT('',(-12.,-8.));
#1846 = VECTOR('',#1847,1.);
#1847 = DIRECTION('',(1.,5.921189464668E-16));
#1848 = ( GEOMETRIC_REPRESENTATION_CONTEXT(2) 
PARAMETRIC_REPRESENTATION_CONTEXT() REPRESENTATION_CONTEXT('2D SPACE',''
  ) );
#1849 = PCURVE('',#1455,#1850);
#1850 = DEFINITIONAL_REPRESENTATION('',(#1851),#1855);
#1851 = LINE('',#1852,#1853);
#1852 = CARTESIAN_POINT('',(-4.5,3.));
#1853 = VECTOR('',#1854,1.);
#1854 = DIRECTION('',(-0.,1.));
#1855 = ( GEOMETRIC_REPRESENTATION_CONTEXT(2) 
PARAMETRIC_REPRESENTATION_CONTEXT() REPRESENTATION_CONTEXT('2D SPACE',''
  ) );
#1856 = ORIENTED_EDGE('',*,*,#1730,.F.);
#1857 = ADVANCED_FACE('',(#1858),#490,.F.);
#1858 = FACE_BOUND('',#1859,.T.);
#1859 = EDGE_LOOP('',(#1860,#1861,#1884,#1915));
#1860 = ORIENTED_EDGE('',*,*,#473,.F.);
#1861 = ORIENTED_EDGE('',*,*,#1862,.F.);
#1862 = EDGE_CURVE('',#1863,#474,#1865,.T.);
#1863 = VERTEX_POINT('',#1864);
#1864 = CARTESIAN_POINT('',(-15.,21.65,41.5));
#1865 = SEAM_CURVE('',#1866,(#1870,#1877),.PCURVE_S1.);
#1866 = LINE('',#1867,#1868);
#1867 = CARTESIAN_POINT('',(-15.,21.65,41.5));
#1868 = VECTOR('',#1869,1.);
#1869 = DIRECTION('',(-0.,-1.,-0.));
#1870 = PCURVE('',#490,#1871);
#1871 = DEFINITIONAL_REPRESENTATION('',(#1872),#1876);
#1872 = LINE('',#1873,#1874);
#1873 = CARTESIAN_POINT('',(-6.28318530718,-0.));
#1874 = VECTOR('',#1875,1.);
#1875 = DIRECTION('',(-0.,1.));
#1876 = ( GEOMETRIC_REPRESENTATION_CONTEXT(2) 
PARAMETRIC_REPRESENTATION_CONTEXT() REPRESENTATION_CONTEXT('2D SPACE',''
  ) );
#1877 = PCURVE('',#490,#1878);
#1878 = DEFINITIONAL_REPRESENTATION('',(#1879),#1883);
#1879 = LINE('',#1880,#1881);
#1880 = CARTESIAN_POINT('',(-0.,-0.));
#1881 = VECTOR('',#1882,1.);
#1882 = DIRECTION('',(-0.,1.));
#1883 = ( GEOMETRIC_REPRESENTATION_CONTEXT(2) 
PARAMETRIC_REPRESENTATION_CONTEXT() REPRESENTATION_CONTEXT('2D SPACE',''
  ) );
#1884 = ORIENTED_EDGE('',*,*,#1885,.T.);
#1885 = EDGE_CURVE('',#1863,#1863,#1886,.T.);
#1886 = SURFACE_CURVE('',#1887,(#1892,#1899),.PCURVE_S1.);
#1887 = CIRCLE('',#1888,2.);
#1888 = AXIS2_PLACEMENT_3D('',#1889,#1890,#1891);
#1889 = CARTESIAN_POINT('',(-15.,21.65,39.5));
#1890 = DIRECTION('',(0.,1.,0.));
#1891 = DIRECTION('',(-0.,-0.,1.));
#1892 = PCURVE('',#490,#1893);
#1893 = DEFINITIONAL_REPRESENTATION('',(#1894),#1898);
#1894 = LINE('',#1895,#1896);
#1895 = CARTESIAN_POINT('',(-0.,0.));
#1896 = VECTOR('',#1897,1.);
#1897 = DIRECTION('',(-1.,0.));
#1898 = ( GEOMETRIC_REPRESENTATION_CONTEXT(2) 
PARAMETRIC_REPRESENTATION_CONTEXT() REPRESENTATION_CONTEXT('2D SPACE',''
  ) );
#1899 = PCURVE('',#1900,#1905);
#1900 = PLANE('',#1901);
#1901 = AXIS2_PLACEMENT_3D('',#1902,#1903,#1904);
#1902 = CARTESIAN_POINT('',(-15.,21.65,39.5));
#1903 = DIRECTION('',(-0.,-1.,-0.));
#1904 = DIRECTION('',(0.,0.,-1.));
#1905 = DEFINITIONAL_REPRESENTATION('',(#1906),#1914);
#1906 = ( BOUNDED_CURVE() B_SPLINE_CURVE(2,(#1907,#1908,#1909,#1910,
#1911,#1912,#1913),.UNSPECIFIED.,.T.,.F.) B_SPLINE_CURVE_WITH_KNOTS((1,2
    ,2,2,2,1),(-2.094395102393,0.,2.094395102393,4.188790204786,
6.28318530718,8.377580409573),.UNSPECIFIED.) CURVE() 
GEOMETRIC_REPRESENTATION_ITEM() RATIONAL_B_SPLINE_CURVE((1.,0.5,1.,0.5,
1.,0.5,1.)) REPRESENTATION_ITEM('') );
#1907 = CARTESIAN_POINT('',(-2.,0.));
#1908 = CARTESIAN_POINT('',(-2.,3.464101615138));
#1909 = CARTESIAN_POINT('',(1.,1.732050807569));
#1910 = CARTESIAN_POINT('',(4.,4.898587196589E-16));
#1911 = CARTESIAN_POINT('',(1.,-1.732050807569));
#1912 = CARTESIAN_POINT('',(-2.,-3.464101615138));
#1913 = CARTESIAN_POINT('',(-2.,0.));
#1914 = ( GEOMETRIC_REPRESENTATION_CONTEXT(2) 
PARAMETRIC_REPRESENTATION_CONTEXT() REPRESENTATION_CONTEXT('2D SPACE',''
  ) );
#1915 = ORIENTED_EDGE('',*,*,#1862,.T.);
#1916 = ADVANCED_FACE('',(#1917),#848,.F.);
#1917 = FACE_BOUND('',#1918,.T.);
#1918 = EDGE_LOOP('',(#1919,#1942,#1943,#1944));
#1919 = ORIENTED_EDGE('',*,*,#1920,.T.);
#1920 = EDGE_CURVE('',#1921,#832,#1923,.T.);
#1921 = VERTEX_POINT('',#1922);
#1922 = CARTESIAN_POINT('',(-15.3,30.,17.2));
#1923 = SEAM_CURVE('',#1924,(#1928,#1935),.PCURVE_S1.);
#1924 = LINE('',#1925,#1926);
#1925 = CARTESIAN_POINT('',(-19.,30.,17.2));
#1926 = VECTOR('',#1927,1.);
#1927 = DIRECTION('',(1.,-0.,-0.));
#1928 = PCURVE('',#848,#1929);
#1929 = DEFINITIONAL_REPRESENTATION('',(#1930),#1934);
#1930 = LINE('',#1931,#1932);
#1931 = CARTESIAN_POINT('',(-6.28318530718,-0.));
#1932 = VECTOR('',#1933,1.);
#1933 = DIRECTION('',(-0.,1.));
#1934 = ( GEOMETRIC_REPRESENTATION_CONTEXT(2) 
PARAMETRIC_REPRESENTATION_CONTEXT() REPRESENTATION_CONTEXT('2D SPACE',''
  ) );
#1935 = PCURVE('',#848,#1936);
#1936 = DEFINITIONAL_REPRESENTATION('',(#1937),#1941);
#1937 = LINE('',#1938,#1939);
#1938 = CARTESIAN_POINT('',(-0.,-0.));
#1939 = VECTOR('',#1940,1.);
#1940 = DIRECTION('',(-0.,1.));
#1941 = ( GEOMETRIC_REPRESENTATION_CONTEXT(2) 
PARAMETRIC_REPRESENTATION_CONTEXT() REPRESENTATION_CONTEXT('2D SPACE',''
  ) );
#1942 = ORIENTED_EDGE('',*,*,#831,.F.);
#1943 = ORIENTED_EDGE('',*,*,#1920,.F.);
#1944 = ORIENTED_EDGE('',*,*,#1945,.T.);
#1945 = EDGE_CURVE('',#1921,#1921,#1946,.T.);
#1946 = SURFACE_CURVE('',#1947,(#1952,#1959),.PCURVE_S1.);
#1947 = CIRCLE('',#1948,1.7);
#1948 = AXIS2_PLACEMENT_3D('',#1949,#1950,#1951);
#1949 = CARTESIAN_POINT('',(-15.3,30.,15.5));
#1950 = DIRECTION('',(-1.,-0.,-0.));
#1951 = DIRECTION('',(-0.,-0.,1.));
#1952 = PCURVE('',#848,#1953);
#1953 = DEFINITIONAL_REPRESENTATION('',(#1954),#1958);
#1954 = LINE('',#1955,#1956);
#1955 = CARTESIAN_POINT('',(-0.,3.7));
#1956 = VECTOR('',#1957,1.);
#1957 = DIRECTION('',(-1.,0.));
#1958 = ( GEOMETRIC_REPRESENTATION_CONTEXT(2) 
PARAMETRIC_REPRESENTATION_CONTEXT() REPRESENTATION_CONTEXT('2D SPACE',''
  ) );
#1959 = PCURVE('',#1960,#1965);
#1960 = PLANE('',#1961);
#1961 = AXIS2_PLACEMENT_3D('',#1962,#1963,#1964);
#1962 = CARTESIAN_POINT('',(-15.3,30.,15.5));
#1963 = DIRECTION('',(1.,-0.,-0.));
#1964 = DIRECTION('',(0.,0.,-1.));
#1965 = DEFINITIONAL_REPRESENTATION('',(#1966),#1974);
#1966 = ( BOUNDED_CURVE() B_SPLINE_CURVE(2,(#1967,#1968,#1969,#1970,
#1971,#1972,#1973),.UNSPECIFIED.,.T.,.F.) B_SPLINE_CURVE_WITH_KNOTS((1,2
    ,2,2,2,1),(-2.094395102393,0.,2.094395102393,4.188790204786,
6.28318530718,8.377580409573),.UNSPECIFIED.) CURVE() 
GEOMETRIC_REPRESENTATION_ITEM() RATIONAL_B_SPLINE_CURVE((1.,0.5,1.,0.5,
1.,0.5,1.)) REPRESENTATION_ITEM('') );
#1967 = CARTESIAN_POINT('',(-1.7,0.));
#1968 = CARTESIAN_POINT('',(-1.7,2.944486372867));
#1969 = CARTESIAN_POINT('',(0.85,1.472243186434));
#1970 = CARTESIAN_POINT('',(3.4,4.163799117101E-16));
#1971 = CARTESIAN_POINT('',(0.85,-1.472243186434));
#1972 = CARTESIAN_POINT('',(-1.7,-2.944486372867));
#1973 = CARTESIAN_POINT('',(-1.7,0.));
#1974 = ( GEOMETRIC_REPRESENTATION_CONTEXT(2) 
PARAMETRIC_REPRESENTATION_CONTEXT() REPRESENTATION_CONTEXT('2D SPACE',''
  ) );
#1975 = ADVANCED_FACE('',(#1976),#1024,.T.);
#1976 = FACE_BOUND('',#1977,.F.);
#1977 = EDGE_LOOP('',(#1978,#2001,#2023,#2024));
#1978 = ORIENTED_EDGE('',*,*,#1979,.F.);
#1979 = EDGE_CURVE('',#1980,#976,#1982,.T.);
#1980 = VERTEX_POINT('',#1981);
#1981 = CARTESIAN_POINT('',(-12.,36.35,44.));
#1982 = SURFACE_CURVE('',#1983,(#1987,#1994),.PCURVE_S1.);
#1983 = LINE('',#1984,#1985);
#1984 = CARTESIAN_POINT('',(-12.,15.65,44.));
#1985 = VECTOR('',#1986,1.);
#1986 = DIRECTION('',(-0.,1.,-0.));
#1987 = PCURVE('',#1024,#1988);
#1988 = DEFINITIONAL_REPRESENTATION('',(#1989),#1993);
#1989 = LINE('',#1990,#1991);
#1990 = CARTESIAN_POINT('',(-0.,0.));
#1991 = VECTOR('',#1992,1.);
#1992 = DIRECTION('',(-0.,1.));
#1993 = ( GEOMETRIC_REPRESENTATION_CONTEXT(2) 
PARAMETRIC_REPRESENTATION_CONTEXT() REPRESENTATION_CONTEXT('2D SPACE',''
  ) );
#1994 = PCURVE('',#991,#1995);
#1995 = DEFINITIONAL_REPRESENTATION('',(#1996),#2000);
#1996 = LINE('',#1997,#1998);
#1997 = CARTESIAN_POINT('',(-12.,0.));
#1998 = VECTOR('',#1999,1.);
#1999 = DIRECTION('',(-0.,-1.));
#2000 = ( GEOMETRIC_REPRESENTATION_CONTEXT(2) 
PARAMETRIC_REPRESENTATION_CONTEXT() REPRESENTATION_CONTEXT('2D SPACE',''
  ) );
#2001 = ORIENTED_EDGE('',*,*,#2002,.T.);
#2002 = EDGE_CURVE('',#1980,#1496,#2003,.T.);
#2003 = SURFACE_CURVE('',#2004,(#2009,#2016),.PCURVE_S1.);
#2004 = CIRCLE('',#2005,6.);
#2005 = AXIS2_PLACEMENT_3D('',#2006,#2007,#2008);
#2006 = CARTESIAN_POINT('',(-12.,36.35,38.));
#2007 = DIRECTION('',(0.,-1.,0.));
#2008 = DIRECTION('',(-0.,-0.,1.));
#2009 = PCURVE('',#1024,#2010);
#2010 = DEFINITIONAL_REPRESENTATION('',(#2011),#2015);
#2011 = LINE('',#2012,#2013);
#2012 = CARTESIAN_POINT('',(-0.,20.7));
#2013 = VECTOR('',#2014,1.);
#2014 = DIRECTION('',(-1.,0.));
#2015 = ( GEOMETRIC_REPRESENTATION_CONTEXT(2) 
PARAMETRIC_REPRESENTATION_CONTEXT() REPRESENTATION_CONTEXT('2D SPACE',''
  ) );
#2016 = PCURVE('',#1511,#2017);
#2017 = DEFINITIONAL_REPRESENTATION('',(#2018),#2022);
#2018 = CIRCLE('',#2019,6.);
#2019 = AXIS2_PLACEMENT_2D('',#2020,#2021);
#2020 = CARTESIAN_POINT('',(1.5,3.));
#2021 = DIRECTION('',(-1.,0.));
#2022 = ( GEOMETRIC_REPRESENTATION_CONTEXT(2) 
PARAMETRIC_REPRESENTATION_CONTEXT() REPRESENTATION_CONTEXT('2D SPACE',''
  ) );
#2023 = ORIENTED_EDGE('',*,*,#1523,.T.);
#2024 = ORIENTED_EDGE('',*,*,#1003,.F.);
#2025 = ADVANCED_FACE('',(#2026),#963,.T.);
#2026 = FACE_BOUND('',#2027,.F.);
#2027 = EDGE_LOOP('',(#2028,#2029,#2053,#2074));
#2028 = ORIENTED_EDGE('',*,*,#1609,.F.);
#2029 = ORIENTED_EDGE('',*,*,#2030,.T.);
#2030 = EDGE_CURVE('',#1610,#2031,#2033,.T.);
#2031 = VERTEX_POINT('',#2032);
#2032 = CARTESIAN_POINT('',(-6.,36.35,44.));
#2033 = SURFACE_CURVE('',#2034,(#2039,#2046),.PCURVE_S1.);
#2034 = CIRCLE('',#2035,6.);
#2035 = AXIS2_PLACEMENT_3D('',#2036,#2037,#2038);
#2036 = CARTESIAN_POINT('',(-6.,36.35,38.));
#2037 = DIRECTION('',(-0.,-1.,-0.));
#2038 = DIRECTION('',(1.,-0.,-0.));
#2039 = PCURVE('',#963,#2040);
#2040 = DEFINITIONAL_REPRESENTATION('',(#2041),#2045);
#2041 = LINE('',#2042,#2043);
#2042 = CARTESIAN_POINT('',(-0.,20.7));
#2043 = VECTOR('',#2044,1.);
#2044 = DIRECTION('',(-1.,0.));
#2045 = ( GEOMETRIC_REPRESENTATION_CONTEXT(2) 
PARAMETRIC_REPRESENTATION_CONTEXT() REPRESENTATION_CONTEXT('2D SPACE',''
  ) );
#2046 = PCURVE('',#1511,#2047);
#2047 = DEFINITIONAL_REPRESENTATION('',(#2048),#2052);
#2048 = CIRCLE('',#2049,6.);
#2049 = AXIS2_PLACEMENT_2D('',#2050,#2051);
#2050 = CARTESIAN_POINT('',(1.5,9.));
#2051 = DIRECTION('',(-0.,1.));
#2052 = ( GEOMETRIC_REPRESENTATION_CONTEXT(2) 
PARAMETRIC_REPRESENTATION_CONTEXT() REPRESENTATION_CONTEXT('2D SPACE',''
  ) );
#2053 = ORIENTED_EDGE('',*,*,#2054,.T.);
#2054 = EDGE_CURVE('',#2031,#943,#2055,.T.);
#2055 = SURFACE_CURVE('',#2056,(#2060,#2067),.PCURVE_S1.);
#2056 = LINE('',#2057,#2058);
#2057 = CARTESIAN_POINT('',(-6.,15.65,44.));
#2058 = VECTOR('',#2059,1.);
#2059 = DIRECTION('',(-0.,1.,-0.));
#2060 = PCURVE('',#963,#2061);
#2061 = DEFINITIONAL_REPRESENTATION('',(#2062),#2066);
#2062 = LINE('',#2063,#2064);
#2063 = CARTESIAN_POINT('',(-1.570796326795,0.));
#2064 = VECTOR('',#2065,1.);
#2065 = DIRECTION('',(-0.,1.));
#2066 = ( GEOMETRIC_REPRESENTATION_CONTEXT(2) 
PARAMETRIC_REPRESENTATION_CONTEXT() REPRESENTATION_CONTEXT('2D SPACE',''
  ) );
#2067 = PCURVE('',#991,#2068);
#2068 = DEFINITIONAL_REPRESENTATION('',(#2069),#2073);
#2069 = LINE('',#2070,#2071);
#2070 = CARTESIAN_POINT('',(-6.,0.));
#2071 = VECTOR('',#2072,1.);
#2072 = DIRECTION('',(-0.,-1.));
#2073 = ( GEOMETRIC_REPRESENTATION_CONTEXT(2) 
PARAMETRIC_REPRESENTATION_CONTEXT() REPRESENTATION_CONTEXT('2D SPACE',''
  ) );
#2074 = ORIENTED_EDGE('',*,*,#942,.F.);
#2075 = ADVANCED_FACE('',(#2076),#991,.F.);
#2076 = FACE_BOUND('',#2077,.T.);
#2077 = EDGE_LOOP('',(#2078,#2099,#2100,#2101));
#2078 = ORIENTED_EDGE('',*,*,#2079,.F.);
#2079 = EDGE_CURVE('',#2031,#1980,#2080,.T.);
#2080 = SURFACE_CURVE('',#2081,(#2085,#2092),.PCURVE_S1.);
#2081 = LINE('',#2082,#2083);
#2082 = CARTESIAN_POINT('',(-6.,36.35,44.));
#2083 = VECTOR('',#2084,1.);
#2084 = DIRECTION('',(-1.,1.184237892934E-15,0.));
#2085 = PCURVE('',#991,#2086);
#2086 = DEFINITIONAL_REPRESENTATION('',(#2087),#2091);
#2087 = LINE('',#2088,#2089);
#2088 = CARTESIAN_POINT('',(-6.,-20.7));
#2089 = VECTOR('',#2090,1.);
#2090 = DIRECTION('',(-1.,-1.184237892934E-15));
#2091 = ( GEOMETRIC_REPRESENTATION_CONTEXT(2) 
PARAMETRIC_REPRESENTATION_CONTEXT() REPRESENTATION_CONTEXT('2D SPACE',''
  ) );
#2092 = PCURVE('',#1511,#2093);
#2093 = DEFINITIONAL_REPRESENTATION('',(#2094),#2098);
#2094 = LINE('',#2095,#2096);
#2095 = CARTESIAN_POINT('',(-4.5,9.));
#2096 = VECTOR('',#2097,1.);
#2097 = DIRECTION('',(-0.,-1.));
#2098 = ( GEOMETRIC_REPRESENTATION_CONTEXT(2) 
PARAMETRIC_REPRESENTATION_CONTEXT() REPRESENTATION_CONTEXT('2D SPACE',''
  ) );
#2099 = ORIENTED_EDGE('',*,*,#2054,.T.);
#2100 = ORIENTED_EDGE('',*,*,#975,.T.);
#2101 = ORIENTED_EDGE('',*,*,#1979,.F.);
#2102 = ADVANCED_FACE('',(#2103),#1100,.F.);
#2103 = FACE_BOUND('',#2104,.T.);
#2104 = EDGE_LOOP('',(#2105,#2133,#2154,#2155));
#2105 = ORIENTED_EDGE('',*,*,#2106,.F.);
#2106 = EDGE_CURVE('',#2107,#2107,#2109,.T.);
#2107 = VERTEX_POINT('',#2108);
#2108 = CARTESIAN_POINT('',(-15.,36.35,41.2));
#2109 = SURFACE_CURVE('',#2110,(#2115,#2122),.PCURVE_S1.);
#2110 = CIRCLE('',#2111,1.7);
#2111 = AXIS2_PLACEMENT_3D('',#2112,#2113,#2114);
#2112 = CARTESIAN_POINT('',(-15.,36.35,39.5));
#2113 = DIRECTION('',(0.,1.,0.));
#2114 = DIRECTION('',(-0.,-0.,1.));
#2115 = PCURVE('',#1100,#2116);
#2116 = DEFINITIONAL_REPRESENTATION('',(#2117),#2121);
#2117 = LINE('',#2118,#2119);
#2118 = CARTESIAN_POINT('',(-0.,8.));
#2119 = VECTOR('',#2120,1.);
#2120 = DIRECTION('',(-1.,0.));
#2121 = ( GEOMETRIC_REPRESENTATION_CONTEXT(2) 
PARAMETRIC_REPRESENTATION_CONTEXT() REPRESENTATION_CONTEXT('2D SPACE',''
  ) );
#2122 = PCURVE('',#1511,#2123);
#2123 = DEFINITIONAL_REPRESENTATION('',(#2124),#2132);
#2124 = ( BOUNDED_CURVE() B_SPLINE_CURVE(2,(#2125,#2126,#2127,#2128,
#2129,#2130,#2131),.UNSPECIFIED.,.T.,.F.) B_SPLINE_CURVE_WITH_KNOTS((1,2
    ,2,2,2,1),(-2.094395102393,0.,2.094395102393,4.188790204786,
6.28318530718,8.377580409573),.UNSPECIFIED.) CURVE() 
GEOMETRIC_REPRESENTATION_ITEM() RATIONAL_B_SPLINE_CURVE((1.,0.5,1.,0.5,
1.,0.5,1.)) REPRESENTATION_ITEM('') );
#2125 = CARTESIAN_POINT('',(-1.7,0.));
#2126 = CARTESIAN_POINT('',(-1.7,2.944486372867));
#2127 = CARTESIAN_POINT('',(0.85,1.472243186434));
#2128 = CARTESIAN_POINT('',(3.4,4.163799117101E-16));
#2129 = CARTESIAN_POINT('',(0.85,-1.472243186434));
#2130 = CARTESIAN_POINT('',(-1.7,-2.944486372867));
#2131 = CARTESIAN_POINT('',(-1.7,0.));
#2132 = ( GEOMETRIC_REPRESENTATION_CONTEXT(2) 
PARAMETRIC_REPRESENTATION_CONTEXT() REPRESENTATION_CONTEXT('2D SPACE',''
  ) );
#2133 = ORIENTED_EDGE('',*,*,#2134,.F.);
#2134 = EDGE_CURVE('',#1084,#2107,#2135,.T.);
#2135 = SEAM_CURVE('',#2136,(#2140,#2147),.PCURVE_S1.);
#2136 = LINE('',#2137,#2138);
#2137 = CARTESIAN_POINT('',(-15.,44.35,41.2));
#2138 = VECTOR('',#2139,1.);
#2139 = DIRECTION('',(-0.,-1.,-0.));
#2140 = PCURVE('',#1100,#2141);
#2141 = DEFINITIONAL_REPRESENTATION('',(#2142),#2146);
#2142 = LINE('',#2143,#2144);
#2143 = CARTESIAN_POINT('',(-6.28318530718,-0.));
#2144 = VECTOR('',#2145,1.);
#2145 = DIRECTION('',(-0.,1.));
#2146 = ( GEOMETRIC_REPRESENTATION_CONTEXT(2) 
PARAMETRIC_REPRESENTATION_CONTEXT() REPRESENTATION_CONTEXT('2D SPACE',''
  ) );
#2147 = PCURVE('',#1100,#2148);
#2148 = DEFINITIONAL_REPRESENTATION('',(#2149),#2153);
#2149 = LINE('',#2150,#2151);
#2150 = CARTESIAN_POINT('',(-0.,-0.));
#2151 = VECTOR('',#2152,1.);
#2152 = DIRECTION('',(-0.,1.));
#2153 = ( GEOMETRIC_REPRESENTATION_CONTEXT(2) 
PARAMETRIC_REPRESENTATION_CONTEXT() REPRESENTATION_CONTEXT('2D SPACE',''
  ) );
#2154 = ORIENTED_EDGE('',*,*,#1083,.T.);
#2155 = ORIENTED_EDGE('',*,*,#2134,.T.);
#2156 = ADVANCED_FACE('',(#2157),#1304,.F.);
#2157 = FACE_BOUND('',#2158,.T.);
#2158 = EDGE_LOOP('',(#2159,#2182,#2208,#2209,#2210,#2211));
#2159 = ORIENTED_EDGE('',*,*,#2160,.T.);
#2160 = EDGE_CURVE('',#1547,#2161,#2163,.T.);
#2161 = VERTEX_POINT('',#2162);
#2162 = CARTESIAN_POINT('',(-15.3,30.,18.35));
#2163 = SEAM_CURVE('',#2164,(#2168,#2175),.PCURVE_S1.);
#2164 = LINE('',#2165,#2166);
#2165 = CARTESIAN_POINT('',(-18.5,30.,18.35));
#2166 = VECTOR('',#2167,1.);
#2167 = DIRECTION('',(1.,-0.,-0.));
#2168 = PCURVE('',#1304,#2169);
#2169 = DEFINITIONAL_REPRESENTATION('',(#2170),#2174);
#2170 = LINE('',#2171,#2172);
#2171 = CARTESIAN_POINT('',(-6.28318530718,-0.));
#2172 = VECTOR('',#2173,1.);
#2173 = DIRECTION('',(-0.,1.));
#2174 = ( GEOMETRIC_REPRESENTATION_CONTEXT(2) 
PARAMETRIC_REPRESENTATION_CONTEXT() REPRESENTATION_CONTEXT('2D SPACE',''
  ) );
#2175 = PCURVE('',#1304,#2176);
#2176 = DEFINITIONAL_REPRESENTATION('',(#2177),#2181);
#2177 = LINE('',#2178,#2179);
#2178 = CARTESIAN_POINT('',(-0.,-0.));
#2179 = VECTOR('',#2180,1.);
#2180 = DIRECTION('',(-0.,1.));
#2181 = ( GEOMETRIC_REPRESENTATION_CONTEXT(2) 
PARAMETRIC_REPRESENTATION_CONTEXT() REPRESENTATION_CONTEXT('2D SPACE',''
  ) );
#2182 = ORIENTED_EDGE('',*,*,#2183,.F.);
#2183 = EDGE_CURVE('',#2161,#2161,#2184,.T.);
#2184 = SURFACE_CURVE('',#2185,(#2190,#2197),.PCURVE_S1.);
#2185 = CIRCLE('',#2186,2.85);
#2186 = AXIS2_PLACEMENT_3D('',#2187,#2188,#2189);
#2187 = CARTESIAN_POINT('',(-15.3,30.,15.5));
#2188 = DIRECTION('',(-1.,-0.,-0.));
#2189 = DIRECTION('',(-0.,-0.,1.));
#2190 = PCURVE('',#1304,#2191);
#2191 = DEFINITIONAL_REPRESENTATION('',(#2192),#2196);
#2192 = LINE('',#2193,#2194);
#2193 = CARTESIAN_POINT('',(-0.,3.2));
#2194 = VECTOR('',#2195,1.);
#2195 = DIRECTION('',(-1.,0.));
#2196 = ( GEOMETRIC_REPRESENTATION_CONTEXT(2) 
PARAMETRIC_REPRESENTATION_CONTEXT() REPRESENTATION_CONTEXT('2D SPACE',''
  ) );
#2197 = PCURVE('',#1960,#2198);
#2198 = DEFINITIONAL_REPRESENTATION('',(#2199),#2207);
#2199 = ( BOUNDED_CURVE() B_SPLINE_CURVE(2,(#2200,#2201,#2202,#2203,
#2204,#2205,#2206),.UNSPECIFIED.,.T.,.F.) B_SPLINE_CURVE_WITH_KNOTS((1,2
    ,2,2,2,1),(-2.094395102393,0.,2.094395102393,4.188790204786,
6.28318530718,8.377580409573),.UNSPECIFIED.) CURVE() 
GEOMETRIC_REPRESENTATION_ITEM() RATIONAL_B_SPLINE_CURVE((1.,0.5,1.,0.5,
1.,0.5,1.)) REPRESENTATION_ITEM('') );
#2200 = CARTESIAN_POINT('',(-2.85,0.));
#2201 = CARTESIAN_POINT('',(-2.85,4.936344801571));
#2202 = CARTESIAN_POINT('',(1.425,2.468172400786));
#2203 = CARTESIAN_POINT('',(5.7,6.98048675514E-16));
#2204 = CARTESIAN_POINT('',(1.425,-2.468172400786));
#2205 = CARTESIAN_POINT('',(-2.85,-4.936344801571));
#2206 = CARTESIAN_POINT('',(-2.85,0.));
#2207 = ( GEOMETRIC_REPRESENTATION_CONTEXT(2) 
PARAMETRIC_REPRESENTATION_CONTEXT() REPRESENTATION_CONTEXT('2D SPACE',''
  ) );
#2208 = ORIENTED_EDGE('',*,*,#2160,.F.);
#2209 = ORIENTED_EDGE('',*,*,#1546,.T.);
#2210 = ORIENTED_EDGE('',*,*,#1140,.T.);
#2211 = ORIENTED_EDGE('',*,*,#1574,.T.);
#2212 = ADVANCED_FACE('',(#2213,#2269),#1511,.T.);
#2213 = FACE_BOUND('',#2214,.F.);
#2214 = EDGE_LOOP('',(#2215,#2216,#2217,#2218,#2219,#2242,#2268));
#2215 = ORIENTED_EDGE('',*,*,#2002,.F.);
#2216 = ORIENTED_EDGE('',*,*,#2079,.F.);
#2217 = ORIENTED_EDGE('',*,*,#2030,.F.);
#2218 = ORIENTED_EDGE('',*,*,#1632,.F.);
#2219 = ORIENTED_EDGE('',*,*,#2220,.F.);
#2220 = EDGE_CURVE('',#2221,#1633,#2223,.T.);
#2221 = VERTEX_POINT('',#2222);
#2222 = CARTESIAN_POINT('',(-15.,36.35,32.75));
#2223 = SURFACE_CURVE('',#2224,(#2228,#2235),.PCURVE_S1.);
#2224 = LINE('',#2225,#2226);
#2225 = CARTESIAN_POINT('',(-15.,36.35,32.75));
#2226 = VECTOR('',#2227,1.);
#2227 = DIRECTION('',(1.,-0.,-0.));
#2228 = PCURVE('',#1511,#2229);
#2229 = DEFINITIONAL_REPRESENTATION('',(#2230),#2234);
#2230 = LINE('',#2231,#2232);
#2231 = CARTESIAN_POINT('',(6.75,-0.));
#2232 = VECTOR('',#2233,1.);
#2233 = DIRECTION('',(-0.,1.));
#2234 = ( GEOMETRIC_REPRESENTATION_CONTEXT(2) 
PARAMETRIC_REPRESENTATION_CONTEXT() REPRESENTATION_CONTEXT('2D SPACE',''
  ) );
#2235 = PCURVE('',#1671,#2236);
#2236 = DEFINITIONAL_REPRESENTATION('',(#2237),#2241);
#2237 = LINE('',#2238,#2239);
#2238 = CARTESIAN_POINT('',(-0.,-12.7));
#2239 = VECTOR('',#2240,1.);
#2240 = DIRECTION('',(-1.,0.));
#2241 = ( GEOMETRIC_REPRESENTATION_CONTEXT(2) 
PARAMETRIC_REPRESENTATION_CONTEXT() REPRESENTATION_CONTEXT('2D SPACE',''
  ) );
#2242 = ORIENTED_EDGE('',*,*,#2243,.T.);
#2243 = EDGE_CURVE('',#2221,#1468,#2244,.T.);
#2244 = SURFACE_CURVE('',#2245,(#2250,#2261),.PCURVE_S1.);
#2245 = CIRCLE('',#2246,6.75);
#2246 = AXIS2_PLACEMENT_3D('',#2247,#2248,#2249);
#2247 = CARTESIAN_POINT('',(-15.,36.35,39.5));
#2248 = DIRECTION('',(0.,1.,0.));
#2249 = DIRECTION('',(-0.,-0.,1.));
#2250 = PCURVE('',#1511,#2251);
#2251 = DEFINITIONAL_REPRESENTATION('',(#2252),#2260);
#2252 = ( BOUNDED_CURVE() B_SPLINE_CURVE(2,(#2253,#2254,#2255,#2256,
#2257,#2258,#2259),.UNSPECIFIED.,.T.,.F.) B_SPLINE_CURVE_WITH_KNOTS((1,2
    ,2,2,2,1),(-2.094395102393,0.,2.094395102393,4.188790204786,
6.28318530718,8.377580409573),.UNSPECIFIED.) CURVE() 
GEOMETRIC_REPRESENTATION_ITEM() RATIONAL_B_SPLINE_CURVE((1.,0.5,1.,0.5,
1.,0.5,1.)) REPRESENTATION_ITEM('') );
#2253 = CARTESIAN_POINT('',(-6.75,0.));
#2254 = CARTESIAN_POINT('',(-6.75,11.69134295109));
#2255 = CARTESIAN_POINT('',(3.375,5.845671475545));
#2256 = CARTESIAN_POINT('',(13.5,1.653273178849E-15));
#2257 = CARTESIAN_POINT('',(3.375,-5.845671475545));
#2258 = CARTESIAN_POINT('',(-6.75,-11.69134295109));
#2259 = CARTESIAN_POINT('',(-6.75,0.));
#2260 = ( GEOMETRIC_REPRESENTATION_CONTEXT(2) 
PARAMETRIC_REPRESENTATION_CONTEXT() REPRESENTATION_CONTEXT('2D SPACE',''
  ) );
#2261 = PCURVE('',#1483,#2262);
#2262 = DEFINITIONAL_REPRESENTATION('',(#2263),#2267);
#2263 = LINE('',#2264,#2265);
#2264 = CARTESIAN_POINT('',(-0.,0.));
#2265 = VECTOR('',#2266,1.);
#2266 = DIRECTION('',(-1.,0.));
#2267 = ( GEOMETRIC_REPRESENTATION_CONTEXT(2) 
PARAMETRIC_REPRESENTATION_CONTEXT() REPRESENTATION_CONTEXT('2D SPACE',''
  ) );
#2268 = ORIENTED_EDGE('',*,*,#1495,.T.);
#2269 = FACE_BOUND('',#2270,.F.);
#2270 = EDGE_LOOP('',(#2271));
#2271 = ORIENTED_EDGE('',*,*,#2106,.F.);
#2272 = ADVANCED_FACE('',(#2273),#1483,.F.);
#2273 = FACE_BOUND('',#2274,.T.);
#2274 = EDGE_LOOP('',(#2275,#2303,#2324,#2325));
#2275 = ORIENTED_EDGE('',*,*,#2276,.F.);
#2276 = EDGE_CURVE('',#2277,#1440,#2279,.T.);
#2277 = VERTEX_POINT('',#2278);
#2278 = CARTESIAN_POINT('',(-15.,23.65,32.75));
#2279 = SURFACE_CURVE('',#2280,(#2285,#2292),.PCURVE_S1.);
#2280 = CIRCLE('',#2281,6.75);
#2281 = AXIS2_PLACEMENT_3D('',#2282,#2283,#2284);
#2282 = CARTESIAN_POINT('',(-15.,23.65,39.5));
#2283 = DIRECTION('',(0.,1.,0.));
#2284 = DIRECTION('',(-0.,-0.,1.));
#2285 = PCURVE('',#1483,#2286);
#2286 = DEFINITIONAL_REPRESENTATION('',(#2287),#2291);
#2287 = LINE('',#2288,#2289);
#2288 = CARTESIAN_POINT('',(-0.,12.7));
#2289 = VECTOR('',#2290,1.);
#2290 = DIRECTION('',(-1.,0.));
#2291 = ( GEOMETRIC_REPRESENTATION_CONTEXT(2) 
PARAMETRIC_REPRESENTATION_CONTEXT() REPRESENTATION_CONTEXT('2D SPACE',''
  ) );
#2292 = PCURVE('',#1455,#2293);
#2293 = DEFINITIONAL_REPRESENTATION('',(#2294),#2302);
#2294 = ( BOUNDED_CURVE() B_SPLINE_CURVE(2,(#2295,#2296,#2297,#2298,
#2299,#2300,#2301),.UNSPECIFIED.,.T.,.F.) B_SPLINE_CURVE_WITH_KNOTS((1,2
    ,2,2,2,1),(-2.094395102393,0.,2.094395102393,4.188790204786,
6.28318530718,8.377580409573),.UNSPECIFIED.) CURVE() 
GEOMETRIC_REPRESENTATION_ITEM() RATIONAL_B_SPLINE_CURVE((1.,0.5,1.,0.5,
1.,0.5,1.)) REPRESENTATION_ITEM('') );
#2295 = CARTESIAN_POINT('',(-6.75,0.));
#2296 = CARTESIAN_POINT('',(-6.75,11.69134295109));
#2297 = CARTESIAN_POINT('',(3.375,5.845671475545));
#2298 = CARTESIAN_POINT('',(13.5,1.653273178849E-15));
#2299 = CARTESIAN_POINT('',(3.375,-5.845671475545));
#2300 = CARTESIAN_POINT('',(-6.75,-11.69134295109));
#2301 = CARTESIAN_POINT('',(-6.75,0.));
#2302 = ( GEOMETRIC_REPRESENTATION_CONTEXT(2) 
PARAMETRIC_REPRESENTATION_CONTEXT() REPRESENTATION_CONTEXT('2D SPACE',''
  ) );
#2303 = ORIENTED_EDGE('',*,*,#2304,.T.);
#2304 = EDGE_CURVE('',#2277,#2221,#2305,.T.);
#2305 = SURFACE_CURVE('',#2306,(#2310,#2317),.PCURVE_S1.);
#2306 = LINE('',#2307,#2308);
#2307 = CARTESIAN_POINT('',(-15.,23.65,32.75));
#2308 = VECTOR('',#2309,1.);
#2309 = DIRECTION('',(-0.,1.,-0.));
#2310 = PCURVE('',#1483,#2311);
#2311 = DEFINITIONAL_REPRESENTATION('',(#2312),#2316);
#2312 = LINE('',#2313,#2314);
#2313 = CARTESIAN_POINT('',(-3.14159265359,12.7));
#2314 = VECTOR('',#2315,1.);
#2315 = DIRECTION('',(-0.,-1.));
#2316 = ( GEOMETRIC_REPRESENTATION_CONTEXT(2) 
PARAMETRIC_REPRESENTATION_CONTEXT() REPRESENTATION_CONTEXT('2D SPACE',''
  ) );
#2317 = PCURVE('',#1671,#2318);
#2318 = DEFINITIONAL_REPRESENTATION('',(#2319),#2323);
#2319 = LINE('',#2320,#2321);
#2320 = CARTESIAN_POINT('',(-0.,-0.));
#2321 = VECTOR('',#2322,1.);
#2322 = DIRECTION('',(-0.,-1.));
#2323 = ( GEOMETRIC_REPRESENTATION_CONTEXT(2) 
PARAMETRIC_REPRESENTATION_CONTEXT() REPRESENTATION_CONTEXT('2D SPACE',''
  ) );
#2324 = ORIENTED_EDGE('',*,*,#2243,.T.);
#2325 = ORIENTED_EDGE('',*,*,#1467,.T.);
#2326 = ADVANCED_FACE('',(#2327,#2356),#1455,.F.);
#2327 = FACE_BOUND('',#2328,.T.);
#2328 = EDGE_LOOP('',(#2329,#2330,#2331,#2332,#2333,#2354,#2355));
#2329 = ORIENTED_EDGE('',*,*,#1755,.T.);
#2330 = ORIENTED_EDGE('',*,*,#1836,.T.);
#2331 = ORIENTED_EDGE('',*,*,#1809,.F.);
#2332 = ORIENTED_EDGE('',*,*,#1683,.F.);
#2333 = ORIENTED_EDGE('',*,*,#2334,.F.);
#2334 = EDGE_CURVE('',#2277,#1656,#2335,.T.);
#2335 = SURFACE_CURVE('',#2336,(#2340,#2347),.PCURVE_S1.);
#2336 = LINE('',#2337,#2338);
#2337 = CARTESIAN_POINT('',(-15.,23.65,32.75));
#2338 = VECTOR('',#2339,1.);
#2339 = DIRECTION('',(1.,-0.,-0.));
#2340 = PCURVE('',#1455,#2341);
#2341 = DEFINITIONAL_REPRESENTATION('',(#2342),#2346);
#2342 = LINE('',#2343,#2344);
#2343 = CARTESIAN_POINT('',(6.75,-0.));
#2344 = VECTOR('',#2345,1.);
#2345 = DIRECTION('',(-0.,1.));
#2346 = ( GEOMETRIC_REPRESENTATION_CONTEXT(2) 
PARAMETRIC_REPRESENTATION_CONTEXT() REPRESENTATION_CONTEXT('2D SPACE',''
  ) );
#2347 = PCURVE('',#1671,#2348);
#2348 = DEFINITIONAL_REPRESENTATION('',(#2349),#2353);
#2349 = LINE('',#2350,#2351);
#2350 = CARTESIAN_POINT('',(-0.,-0.));
#2351 = VECTOR('',#2352,1.);
#2352 = DIRECTION('',(-1.,0.));
#2353 = ( GEOMETRIC_REPRESENTATION_CONTEXT(2) 
PARAMETRIC_REPRESENTATION_CONTEXT() REPRESENTATION_CONTEXT('2D SPACE',''
  ) );
#2354 = ORIENTED_EDGE('',*,*,#2276,.T.);
#2355 = ORIENTED_EDGE('',*,*,#1439,.T.);
#2356 = FACE_BOUND('',#2357,.T.);
#2357 = EDGE_LOOP('',(#2358));
#2358 = ORIENTED_EDGE('',*,*,#2359,.F.);
#2359 = EDGE_CURVE('',#2360,#2360,#2362,.T.);
#2360 = VERTEX_POINT('',#2361);
#2361 = CARTESIAN_POINT('',(-15.,23.65,41.2));
#2362 = SURFACE_CURVE('',#2363,(#2368,#2379),.PCURVE_S1.);
#2363 = CIRCLE('',#2364,1.7);
#2364 = AXIS2_PLACEMENT_3D('',#2365,#2366,#2367);
#2365 = CARTESIAN_POINT('',(-15.,23.65,39.5));
#2366 = DIRECTION('',(0.,1.,0.));
#2367 = DIRECTION('',(-0.,-0.,1.));
#2368 = PCURVE('',#1455,#2369);
#2369 = DEFINITIONAL_REPRESENTATION('',(#2370),#2378);
#2370 = ( BOUNDED_CURVE() B_SPLINE_CURVE(2,(#2371,#2372,#2373,#2374,
#2375,#2376,#2377),.UNSPECIFIED.,.T.,.F.) B_SPLINE_CURVE_WITH_KNOTS((1,2
    ,2,2,2,1),(-2.094395102393,0.,2.094395102393,4.188790204786,
6.28318530718,8.377580409573),.UNSPECIFIED.) CURVE() 
GEOMETRIC_REPRESENTATION_ITEM() RATIONAL_B_SPLINE_CURVE((1.,0.5,1.,0.5,
1.,0.5,1.)) REPRESENTATION_ITEM('') );
#2371 = CARTESIAN_POINT('',(-1.7,0.));
#2372 = CARTESIAN_POINT('',(-1.7,2.944486372867));
#2373 = CARTESIAN_POINT('',(0.85,1.472243186434));
#2374 = CARTESIAN_POINT('',(3.4,4.163799117101E-16));
#2375 = CARTESIAN_POINT('',(0.85,-1.472243186434));
#2376 = CARTESIAN_POINT('',(-1.7,-2.944486372867));
#2377 = CARTESIAN_POINT('',(-1.7,0.));
#2378 = ( GEOMETRIC_REPRESENTATION_CONTEXT(2) 
PARAMETRIC_REPRESENTATION_CONTEXT() REPRESENTATION_CONTEXT('2D SPACE',''
  ) );
#2379 = PCURVE('',#2380,#2385);
#2380 = CYLINDRICAL_SURFACE('',#2381,1.7);
#2381 = AXIS2_PLACEMENT_3D('',#2382,#2383,#2384);
#2382 = CARTESIAN_POINT('',(-15.,44.35,39.5));
#2383 = DIRECTION('',(-0.,-1.,-0.));
#2384 = DIRECTION('',(-0.,-0.,1.));
#2385 = DEFINITIONAL_REPRESENTATION('',(#2386),#2390);
#2386 = LINE('',#2387,#2388);
#2387 = CARTESIAN_POINT('',(-0.,20.7));
#2388 = VECTOR('',#2389,1.);
#2389 = DIRECTION('',(-1.,0.));
#2390 = ( GEOMETRIC_REPRESENTATION_CONTEXT(2) 
PARAMETRIC_REPRESENTATION_CONTEXT() REPRESENTATION_CONTEXT('2D SPACE',''
  ) );
#2391 = ADVANCED_FACE('',(#2392),#1671,.T.);
#2392 = FACE_BOUND('',#2393,.F.);
#2393 = EDGE_LOOP('',(#2394,#2395,#2396,#2397));
#2394 = ORIENTED_EDGE('',*,*,#2334,.F.);
#2395 = ORIENTED_EDGE('',*,*,#2304,.T.);
#2396 = ORIENTED_EDGE('',*,*,#2220,.T.);
#2397 = ORIENTED_EDGE('',*,*,#1655,.T.);
#2398 = ADVANCED_FACE('',(#2399,#2402),#1900,.T.);
#2399 = FACE_BOUND('',#2400,.F.);
#2400 = EDGE_LOOP('',(#2401));
#2401 = ORIENTED_EDGE('',*,*,#1885,.T.);
#2402 = FACE_BOUND('',#2403,.F.);
#2403 = EDGE_LOOP('',(#2404));
#2404 = ORIENTED_EDGE('',*,*,#2405,.F.);
#2405 = EDGE_CURVE('',#2406,#2406,#2408,.T.);
#2406 = VERTEX_POINT('',#2407);
#2407 = CARTESIAN_POINT('',(-15.,21.65,41.2));
#2408 = SURFACE_CURVE('',#2409,(#2414,#2425),.PCURVE_S1.);
#2409 = CIRCLE('',#2410,1.7);
#2410 = AXIS2_PLACEMENT_3D('',#2411,#2412,#2413);
#2411 = CARTESIAN_POINT('',(-15.,21.65,39.5));
#2412 = DIRECTION('',(0.,1.,0.));
#2413 = DIRECTION('',(-0.,-0.,1.));
#2414 = PCURVE('',#1900,#2415);
#2415 = DEFINITIONAL_REPRESENTATION('',(#2416),#2424);
#2416 = ( BOUNDED_CURVE() B_SPLINE_CURVE(2,(#2417,#2418,#2419,#2420,
#2421,#2422,#2423),.UNSPECIFIED.,.T.,.F.) B_SPLINE_CURVE_WITH_KNOTS((1,2
    ,2,2,2,1),(-2.094395102393,0.,2.094395102393,4.188790204786,
6.28318530718,8.377580409573),.UNSPECIFIED.) CURVE() 
GEOMETRIC_REPRESENTATION_ITEM() RATIONAL_B_SPLINE_CURVE((1.,0.5,1.,0.5,
1.,0.5,1.)) REPRESENTATION_ITEM('') );
#2417 = CARTESIAN_POINT('',(-1.7,0.));
#2418 = CARTESIAN_POINT('',(-1.7,2.944486372867));
#2419 = CARTESIAN_POINT('',(0.85,1.472243186434));
#2420 = CARTESIAN_POINT('',(3.4,4.163799117101E-16));
#2421 = CARTESIAN_POINT('',(0.85,-1.472243186434));
#2422 = CARTESIAN_POINT('',(-1.7,-2.944486372867));
#2423 = CARTESIAN_POINT('',(-1.7,0.));
#2424 = ( GEOMETRIC_REPRESENTATION_CONTEXT(2) 
PARAMETRIC_REPRESENTATION_CONTEXT() REPRESENTATION_CONTEXT('2D SPACE',''
  ) );
#2425 = PCURVE('',#2380,#2426);
#2426 = DEFINITIONAL_REPRESENTATION('',(#2427),#2431);
#2427 = LINE('',#2428,#2429);
#2428 = CARTESIAN_POINT('',(-0.,22.7));
#2429 = VECTOR('',#2430,1.);
#2430 = DIRECTION('',(-1.,0.));
#2431 = ( GEOMETRIC_REPRESENTATION_CONTEXT(2) 
PARAMETRIC_REPRESENTATION_CONTEXT() REPRESENTATION_CONTEXT('2D SPACE',''
  ) );
#2432 = ADVANCED_FACE('',(#2433,#2436),#1960,.F.);
#2433 = FACE_BOUND('',#2434,.T.);
#2434 = EDGE_LOOP('',(#2435));
#2435 = ORIENTED_EDGE('',*,*,#2183,.T.);
#2436 = FACE_BOUND('',#2437,.T.);
#2437 = EDGE_LOOP('',(#2438));
#2438 = ORIENTED_EDGE('',*,*,#1945,.F.);
#2439 = ADVANCED_FACE('',(#2440),#2380,.F.);
#2440 = FACE_BOUND('',#2441,.T.);
#2441 = EDGE_LOOP('',(#2442,#2443,#2464,#2465));
#2442 = ORIENTED_EDGE('',*,*,#2359,.T.);
#2443 = ORIENTED_EDGE('',*,*,#2444,.T.);
#2444 = EDGE_CURVE('',#2360,#2406,#2445,.T.);
#2445 = SEAM_CURVE('',#2446,(#2450,#2457),.PCURVE_S1.);
#2446 = LINE('',#2447,#2448);
#2447 = CARTESIAN_POINT('',(-15.,44.35,41.2));
#2448 = VECTOR('',#2449,1.);
#2449 = DIRECTION('',(-0.,-1.,-0.));
#2450 = PCURVE('',#2380,#2451);
#2451 = DEFINITIONAL_REPRESENTATION('',(#2452),#2456);
#2452 = LINE('',#2453,#2454);
#2453 = CARTESIAN_POINT('',(-0.,-0.));
#2454 = VECTOR('',#2455,1.);
#2455 = DIRECTION('',(-0.,1.));
#2456 = ( GEOMETRIC_REPRESENTATION_CONTEXT(2) 
PARAMETRIC_REPRESENTATION_CONTEXT() REPRESENTATION_CONTEXT('2D SPACE',''
  ) );
#2457 = PCURVE('',#2380,#2458);
#2458 = DEFINITIONAL_REPRESENTATION('',(#2459),#2463);
#2459 = LINE('',#2460,#2461);
#2460 = CARTESIAN_POINT('',(-6.28318530718,-0.));
#2461 = VECTOR('',#2462,1.);
#2462 = DIRECTION('',(-0.,1.));
#2463 = ( GEOMETRIC_REPRESENTATION_CONTEXT(2) 
PARAMETRIC_REPRESENTATION_CONTEXT() REPRESENTATION_CONTEXT('2D SPACE',''
  ) );
#2464 = ORIENTED_EDGE('',*,*,#2405,.F.);
#2465 = ORIENTED_EDGE('',*,*,#2444,.F.);
#2466 = ( GEOMETRIC_REPRESENTATION_CONTEXT(3) 
GLOBAL_UNCERTAINTY_ASSIGNED_CONTEXT((#2470)) 
GLOBAL_UNIT_ASSIGNED_CONTEXT((#2467,#2468,#2469)) REPRESENTATION_CONTEXT
('Context #1','3D Context with UNIT and UNCERTAINTY') );
#2467 = ( LENGTH_UNIT() NAMED_UNIT(*) SI_UNIT(.MILLI.,.METRE.) );
#2468 = ( NAMED_UNIT(*) PLANE_ANGLE_UNIT() SI_UNIT($,.RADIAN.) );
#2469 = ( NAMED_UNIT(*) SI_UNIT($,.STERADIAN.) SOLID_ANGLE_UNIT() );
#2470 = UNCERTAINTY_MEASURE_WITH_UNIT(LENGTH_MEASURE(1.E-07),#2467,
  'distance_accuracy_value','confusion accuracy');
#2471 = CONTEXT_DEPENDENT_SHAPE_REPRESENTATION(#2472,#2474);
#2472 = ( REPRESENTATION_RELATIONSHIP('','',#36,#10) 
REPRESENTATION_RELATIONSHIP_WITH_TRANSFORMATION(#2473) 
SHAPE_REPRESENTATION_RELATIONSHIP() );
#2473 = ITEM_DEFINED_TRANSFORMATION('','',#11,#15);
#2474 = PRODUCT_DEFINITION_SHAPE('Placement','Placement of an item',
  #2475);
#2475 = NEXT_ASSEMBLY_USAGE_OCCURRENCE('7','','',#5,#31,$);
#2476 = PRODUCT_RELATED_PRODUCT_CATEGORY('part',$,(#33));
#2477 = SHAPE_DEFINITION_REPRESENTATION(#2478,#2484);
#2478 = PRODUCT_DEFINITION_SHAPE('','',#2479);
#2479 = PRODUCT_DEFINITION('design','',#2480,#2483);
#2480 = PRODUCT_DEFINITION_FORMATION('','',#2481);
#2481 = PRODUCT('Open CASCADE STEP translator 7.9 8.2',
  'Open CASCADE STEP translator 7.9 8.2','',(#2482));
#2482 = PRODUCT_CONTEXT('',#2,'mechanical');
#2483 = PRODUCT_DEFINITION_CONTEXT('part definition',#2,'design');
#2484 = ADVANCED_BREP_SHAPE_REPRESENTATION('',(#11,#2485),#4914);
#2485 = MANIFOLD_SOLID_BREP('',#2486);
#2486 = CLOSED_SHELL('',(#2487,#2714,#2949,#3085,#3271,#3307,#3361,#3559
    ,#3859,#4048,#4174,#4228,#4278,#4305,#4364,#4423,#4473,#4523,#4550,
    #4604,#4660,#4720,#4774,#4839,#4846,#4880,#4887));
#2487 = ADVANCED_FACE('',(#2488),#2502,.F.);
#2488 = FACE_BOUND('',#2489,.T.);
#2489 = EDGE_LOOP('',(#2490,#2525,#2553,#2581,#2609,#2637,#2665,#2688));
#2490 = ORIENTED_EDGE('',*,*,#2491,.F.);
#2491 = EDGE_CURVE('',#2492,#2494,#2496,.T.);
#2492 = VERTEX_POINT('',#2493);
#2493 = CARTESIAN_POINT('',(-12.,-44.35,11.));
#2494 = VERTEX_POINT('',#2495);
#2495 = CARTESIAN_POINT('',(-6.,-44.35,11.));
#2496 = SURFACE_CURVE('',#2497,(#2501,#2513),.PCURVE_S1.);
#2497 = LINE('',#2498,#2499);
#2498 = CARTESIAN_POINT('',(-18.,-44.35,11.));
#2499 = VECTOR('',#2500,1.);
#2500 = DIRECTION('',(1.,-0.,-0.));
#2501 = PCURVE('',#2502,#2507);
#2502 = PLANE('',#2503);
#2503 = AXIS2_PLACEMENT_3D('',#2504,#2505,#2506);
#2504 = CARTESIAN_POINT('',(-18.,-44.35,11.));
#2505 = DIRECTION('',(-0.,-0.,1.));
#2506 = DIRECTION('',(-1.,0.,0.));
#2507 = DEFINITIONAL_REPRESENTATION('',(#2508),#2512);
#2508 = LINE('',#2509,#2510);
#2509 = CARTESIAN_POINT('',(-0.,-0.));
#2510 = VECTOR('',#2511,1.);
#2511 = DIRECTION('',(-1.,0.));
#2512 = ( GEOMETRIC_REPRESENTATION_CONTEXT(2) 
PARAMETRIC_REPRESENTATION_CONTEXT() REPRESENTATION_CONTEXT('2D SPACE',''
  ) );
#2513 = PCURVE('',#2514,#2519);
#2514 = PLANE('',#2515);
#2515 = AXIS2_PLACEMENT_3D('',#2516,#2517,#2518);
#2516 = CARTESIAN_POINT('',(-9.,-44.35,27.5));
#2517 = DIRECTION('',(-0.,1.,-0.));
#2518 = DIRECTION('',(0.,0.,1.));
#2519 = DEFINITIONAL_REPRESENTATION('',(#2520),#2524);
#2520 = LINE('',#2521,#2522);
#2521 = CARTESIAN_POINT('',(-16.5,-9.));
#2522 = VECTOR('',#2523,1.);
#2523 = DIRECTION('',(-0.,1.));
#2524 = ( GEOMETRIC_REPRESENTATION_CONTEXT(2) 
PARAMETRIC_REPRESENTATION_CONTEXT() REPRESENTATION_CONTEXT('2D SPACE',''
  ) );
#2525 = ORIENTED_EDGE('',*,*,#2526,.T.);
#2526 = EDGE_CURVE('',#2492,#2527,#2529,.T.);
#2527 = VERTEX_POINT('',#2528);
#2528 = CARTESIAN_POINT('',(-12.,-15.65,11.));
#2529 = SURFACE_CURVE('',#2530,(#2534,#2541),.PCURVE_S1.);
#2530 = LINE('',#2531,#2532);
#2531 = CARTESIAN_POINT('',(-12.,-44.35,11.));
#2532 = VECTOR('',#2533,1.);
#2533 = DIRECTION('',(-0.,1.,-0.));
#2534 = PCURVE('',#2502,#2535);
#2535 = DEFINITIONAL_REPRESENTATION('',(#2536),#2540);
#2536 = LINE('',#2537,#2538);
#2537 = CARTESIAN_POINT('',(-6.,-0.));
#2538 = VECTOR('',#2539,1.);
#2539 = DIRECTION('',(-0.,-1.));
#2540 = ( GEOMETRIC_REPRESENTATION_CONTEXT(2) 
PARAMETRIC_REPRESENTATION_CONTEXT() REPRESENTATION_CONTEXT('2D SPACE',''
  ) );
#2541 = PCURVE('',#2542,#2547);
#2542 = CYLINDRICAL_SURFACE('',#2543,6.);
#2543 = AXIS2_PLACEMENT_3D('',#2544,#2545,#2546);
#2544 = CARTESIAN_POINT('',(-12.,-44.35,17.));
#2545 = DIRECTION('',(-0.,1.,-0.));
#2546 = DIRECTION('',(0.,-0.,-1.));
#2547 = DEFINITIONAL_REPRESENTATION('',(#2548),#2552);
#2548 = LINE('',#2549,#2550);
#2549 = CARTESIAN_POINT('',(0.,0.));
#2550 = VECTOR('',#2551,1.);
#2551 = DIRECTION('',(0.,1.));
#2552 = ( GEOMETRIC_REPRESENTATION_CONTEXT(2) 
PARAMETRIC_REPRESENTATION_CONTEXT() REPRESENTATION_CONTEXT('2D SPACE',''
  ) );
#2553 = ORIENTED_EDGE('',*,*,#2554,.T.);
#2554 = EDGE_CURVE('',#2527,#2555,#2557,.T.);
#2555 = VERTEX_POINT('',#2556);
#2556 = CARTESIAN_POINT('',(-6.,-15.65,11.));
#2557 = SURFACE_CURVE('',#2558,(#2562,#2569),.PCURVE_S1.);
#2558 = LINE('',#2559,#2560);
#2559 = CARTESIAN_POINT('',(-18.,-15.65,11.));
#2560 = VECTOR('',#2561,1.);
#2561 = DIRECTION('',(1.,-0.,-0.));
#2562 = PCURVE('',#2502,#2563);
#2563 = DEFINITIONAL_REPRESENTATION('',(#2564),#2568);
#2564 = LINE('',#2565,#2566);
#2565 = CARTESIAN_POINT('',(-0.,-28.7));
#2566 = VECTOR('',#2567,1.);
#2567 = DIRECTION('',(-1.,0.));
#2568 = ( GEOMETRIC_REPRESENTATION_CONTEXT(2) 
PARAMETRIC_REPRESENTATION_CONTEXT() REPRESENTATION_CONTEXT('2D SPACE',''
  ) );
#2569 = PCURVE('',#2570,#2575);
#2570 = PLANE('',#2571);
#2571 = AXIS2_PLACEMENT_3D('',#2572,#2573,#2574);
#2572 = CARTESIAN_POINT('',(-9.,-15.65,27.5));
#2573 = DIRECTION('',(-0.,1.,-0.));
#2574 = DIRECTION('',(0.,0.,1.));
#2575 = DEFINITIONAL_REPRESENTATION('',(#2576),#2580);
#2576 = LINE('',#2577,#2578);
#2577 = CARTESIAN_POINT('',(-16.5,-9.));
#2578 = VECTOR('',#2579,1.);
#2579 = DIRECTION('',(-0.,1.));
#2580 = ( GEOMETRIC_REPRESENTATION_CONTEXT(2) 
PARAMETRIC_REPRESENTATION_CONTEXT() REPRESENTATION_CONTEXT('2D SPACE',''
  ) );
#2581 = ORIENTED_EDGE('',*,*,#2582,.F.);
#2582 = EDGE_CURVE('',#2583,#2555,#2585,.T.);
#2583 = VERTEX_POINT('',#2584);
#2584 = CARTESIAN_POINT('',(-6.,-26.42054473418,11.));
#2585 = SURFACE_CURVE('',#2586,(#2590,#2597),.PCURVE_S1.);
#2586 = LINE('',#2587,#2588);
#2587 = CARTESIAN_POINT('',(-6.,-44.35,11.));
#2588 = VECTOR('',#2589,1.);
#2589 = DIRECTION('',(-0.,1.,-0.));
#2590 = PCURVE('',#2502,#2591);
#2591 = DEFINITIONAL_REPRESENTATION('',(#2592),#2596);
#2592 = LINE('',#2593,#2594);
#2593 = CARTESIAN_POINT('',(-12.,-0.));
#2594 = VECTOR('',#2595,1.);
#2595 = DIRECTION('',(-0.,-1.));
#2596 = ( GEOMETRIC_REPRESENTATION_CONTEXT(2) 
PARAMETRIC_REPRESENTATION_CONTEXT() REPRESENTATION_CONTEXT('2D SPACE',''
  ) );
#2597 = PCURVE('',#2598,#2603);
#2598 = CYLINDRICAL_SURFACE('',#2599,6.);
#2599 = AXIS2_PLACEMENT_3D('',#2600,#2601,#2602);
#2600 = CARTESIAN_POINT('',(-6.,-44.35,17.));
#2601 = DIRECTION('',(-0.,1.,-0.));
#2602 = DIRECTION('',(0.,-0.,-1.));
#2603 = DEFINITIONAL_REPRESENTATION('',(#2604),#2608);
#2604 = LINE('',#2605,#2606);
#2605 = CARTESIAN_POINT('',(-0.,0.));
#2606 = VECTOR('',#2607,1.);
#2607 = DIRECTION('',(-0.,1.));
#2608 = ( GEOMETRIC_REPRESENTATION_CONTEXT(2) 
PARAMETRIC_REPRESENTATION_CONTEXT() REPRESENTATION_CONTEXT('2D SPACE',''
  ) );
#2609 = ORIENTED_EDGE('',*,*,#2610,.T.);
#2610 = EDGE_CURVE('',#2583,#2611,#2613,.T.);
#2611 = VERTEX_POINT('',#2612);
#2612 = CARTESIAN_POINT('',(-9.,-26.42054473418,11.));
#2613 = SURFACE_CURVE('',#2614,(#2618,#2625),.PCURVE_S1.);
#2614 = LINE('',#2615,#2616);
#2615 = CARTESIAN_POINT('',(0.5,-26.42054473418,11.));
#2616 = VECTOR('',#2617,1.);
#2617 = DIRECTION('',(-1.,-0.,-0.));
#2618 = PCURVE('',#2502,#2619);
#2619 = DEFINITIONAL_REPRESENTATION('',(#2620),#2624);
#2620 = LINE('',#2621,#2622);
#2621 = CARTESIAN_POINT('',(-18.5,-17.92945526581));
#2622 = VECTOR('',#2623,1.);
#2623 = DIRECTION('',(1.,-0.));
#2624 = ( GEOMETRIC_REPRESENTATION_CONTEXT(2) 
PARAMETRIC_REPRESENTATION_CONTEXT() REPRESENTATION_CONTEXT('2D SPACE',''
  ) );
#2625 = PCURVE('',#2626,#2631);
#2626 = CYLINDRICAL_SURFACE('',#2627,5.75);
#2627 = AXIS2_PLACEMENT_3D('',#2628,#2629,#2630);
#2628 = CARTESIAN_POINT('',(0.5,-30.,15.5));
#2629 = DIRECTION('',(-1.,-0.,-0.));
#2630 = DIRECTION('',(-0.,-0.,-1.));
#2631 = DEFINITIONAL_REPRESENTATION('',(#2632),#2636);
#2632 = LINE('',#2633,#2634);
#2633 = CARTESIAN_POINT('',(-0.671950896496,0.));
#2634 = VECTOR('',#2635,1.);
#2635 = DIRECTION('',(-0.,1.));
#2636 = ( GEOMETRIC_REPRESENTATION_CONTEXT(2) 
PARAMETRIC_REPRESENTATION_CONTEXT() REPRESENTATION_CONTEXT('2D SPACE',''
  ) );
#2637 = ORIENTED_EDGE('',*,*,#2638,.F.);
#2638 = EDGE_CURVE('',#2639,#2611,#2641,.T.);
#2639 = VERTEX_POINT('',#2640);
#2640 = CARTESIAN_POINT('',(-9.,-33.57945526581,11.));
#2641 = SURFACE_CURVE('',#2642,(#2646,#2653),.PCURVE_S1.);
#2642 = LINE('',#2643,#2644);
#2643 = CARTESIAN_POINT('',(-9.,-37.175,11.));
#2644 = VECTOR('',#2645,1.);
#2645 = DIRECTION('',(-0.,1.,-0.));
#2646 = PCURVE('',#2502,#2647);
#2647 = DEFINITIONAL_REPRESENTATION('',(#2648),#2652);
#2648 = LINE('',#2649,#2650);
#2649 = CARTESIAN_POINT('',(-9.,-7.175));
#2650 = VECTOR('',#2651,1.);
#2651 = DIRECTION('',(-0.,-1.));
#2652 = ( GEOMETRIC_REPRESENTATION_CONTEXT(2) 
PARAMETRIC_REPRESENTATION_CONTEXT() REPRESENTATION_CONTEXT('2D SPACE',''
  ) );
#2653 = PCURVE('',#2654,#2659);
#2654 = PLANE('',#2655);
#2655 = AXIS2_PLACEMENT_3D('',#2656,#2657,#2658);
#2656 = CARTESIAN_POINT('',(-9.,-30.,15.5));
#2657 = DIRECTION('',(-1.,-0.,-0.));
#2658 = DIRECTION('',(0.,0.,1.));
#2659 = DEFINITIONAL_REPRESENTATION('',(#2660),#2664);
#2660 = LINE('',#2661,#2662);
#2661 = CARTESIAN_POINT('',(-4.5,-7.175));
#2662 = VECTOR('',#2663,1.);
#2663 = DIRECTION('',(0.,1.));
#2664 = ( GEOMETRIC_REPRESENTATION_CONTEXT(2) 
PARAMETRIC_REPRESENTATION_CONTEXT() REPRESENTATION_CONTEXT('2D SPACE',''
  ) );
#2665 = ORIENTED_EDGE('',*,*,#2666,.F.);
#2666 = EDGE_CURVE('',#2667,#2639,#2669,.T.);
#2667 = VERTEX_POINT('',#2668);
#2668 = CARTESIAN_POINT('',(-6.,-33.57945526581,11.));
#2669 = SURFACE_CURVE('',#2670,(#2674,#2681),.PCURVE_S1.);
#2670 = LINE('',#2671,#2672);
#2671 = CARTESIAN_POINT('',(0.5,-33.57945526581,11.));
#2672 = VECTOR('',#2673,1.);
#2673 = DIRECTION('',(-1.,-0.,-0.));
#2674 = PCURVE('',#2502,#2675);
#2675 = DEFINITIONAL_REPRESENTATION('',(#2676),#2680);
#2676 = LINE('',#2677,#2678);
#2677 = CARTESIAN_POINT('',(-18.5,-10.77054473418));
#2678 = VECTOR('',#2679,1.);
#2679 = DIRECTION('',(1.,-0.));
#2680 = ( GEOMETRIC_REPRESENTATION_CONTEXT(2) 
PARAMETRIC_REPRESENTATION_CONTEXT() REPRESENTATION_CONTEXT('2D SPACE',''
  ) );
#2681 = PCURVE('',#2626,#2682);
#2682 = DEFINITIONAL_REPRESENTATION('',(#2683),#2687);
#2683 = LINE('',#2684,#2685);
#2684 = CARTESIAN_POINT('',(-5.611234410684,0.));
#2685 = VECTOR('',#2686,1.);
#2686 = DIRECTION('',(-0.,1.));
#2687 = ( GEOMETRIC_REPRESENTATION_CONTEXT(2) 
PARAMETRIC_REPRESENTATION_CONTEXT() REPRESENTATION_CONTEXT('2D SPACE',''
  ) );
#2688 = ORIENTED_EDGE('',*,*,#2689,.F.);
#2689 = EDGE_CURVE('',#2494,#2667,#2690,.T.);
#2690 = SURFACE_CURVE('',#2691,(#2695,#2702),.PCURVE_S1.);
#2691 = LINE('',#2692,#2693);
#2692 = CARTESIAN_POINT('',(-6.,-44.35,11.));
#2693 = VECTOR('',#2694,1.);
#2694 = DIRECTION('',(-0.,1.,-0.));
#2695 = PCURVE('',#2502,#2696);
#2696 = DEFINITIONAL_REPRESENTATION('',(#2697),#2701);
#2697 = LINE('',#2698,#2699);
#2698 = CARTESIAN_POINT('',(-12.,-0.));
#2699 = VECTOR('',#2700,1.);
#2700 = DIRECTION('',(-0.,-1.));
#2701 = ( GEOMETRIC_REPRESENTATION_CONTEXT(2) 
PARAMETRIC_REPRESENTATION_CONTEXT() REPRESENTATION_CONTEXT('2D SPACE',''
  ) );
#2702 = PCURVE('',#2703,#2708);
#2703 = CYLINDRICAL_SURFACE('',#2704,6.);
#2704 = AXIS2_PLACEMENT_3D('',#2705,#2706,#2707);
#2705 = CARTESIAN_POINT('',(-6.,-44.35,17.));
#2706 = DIRECTION('',(-0.,1.,-0.));
#2707 = DIRECTION('',(0.,-0.,-1.));
#2708 = DEFINITIONAL_REPRESENTATION('',(#2709),#2713);
#2709 = LINE('',#2710,#2711);
#2710 = CARTESIAN_POINT('',(-0.,0.));
#2711 = VECTOR('',#2712,1.);
#2712 = DIRECTION('',(-0.,1.));
#2713 = ( GEOMETRIC_REPRESENTATION_CONTEXT(2) 
PARAMETRIC_REPRESENTATION_CONTEXT() REPRESENTATION_CONTEXT('2D SPACE',''
  ) );
#2714 = ADVANCED_FACE('',(#2715,#2918),#2514,.F.);
#2715 = FACE_BOUND('',#2716,.T.);
#2716 = EDGE_LOOP('',(#2717,#2718,#2746,#2774,#2807,#2835,#2868,#2896));
#2717 = ORIENTED_EDGE('',*,*,#2491,.T.);
#2718 = ORIENTED_EDGE('',*,*,#2719,.T.);
#2719 = EDGE_CURVE('',#2494,#2720,#2722,.T.);
#2720 = VERTEX_POINT('',#2721);
#2721 = CARTESIAN_POINT('',(8.881784197001E-16,-44.35,17.));
#2722 = SURFACE_CURVE('',#2723,(#2728,#2739),.PCURVE_S1.);
#2723 = CIRCLE('',#2724,6.);
#2724 = AXIS2_PLACEMENT_3D('',#2725,#2726,#2727);
#2725 = CARTESIAN_POINT('',(-6.,-44.35,17.));
#2726 = DIRECTION('',(0.,-1.,0.));
#2727 = DIRECTION('',(0.,-0.,-1.));
#2728 = PCURVE('',#2514,#2729);
#2729 = DEFINITIONAL_REPRESENTATION('',(#2730),#2738);
#2730 = ( BOUNDED_CURVE() B_SPLINE_CURVE(2,(#2731,#2732,#2733,#2734,
#2735,#2736,#2737),.UNSPECIFIED.,.T.,.F.) B_SPLINE_CURVE_WITH_KNOTS((1,2
    ,2,2,2,1),(-2.094395102393,0.,2.094395102393,4.188790204786,
6.28318530718,8.377580409573),.UNSPECIFIED.) CURVE() 
GEOMETRIC_REPRESENTATION_ITEM() RATIONAL_B_SPLINE_CURVE((1.,0.5,1.,0.5,
1.,0.5,1.)) REPRESENTATION_ITEM('') );
#2731 = CARTESIAN_POINT('',(-16.5,3.));
#2732 = CARTESIAN_POINT('',(-16.5,13.392304845413));
#2733 = CARTESIAN_POINT('',(-7.5,8.196152422707));
#2734 = CARTESIAN_POINT('',(1.5,3.));
#2735 = CARTESIAN_POINT('',(-7.5,-2.196152422707));
#2736 = CARTESIAN_POINT('',(-16.5,-7.392304845413));
#2737 = CARTESIAN_POINT('',(-16.5,3.));
#2738 = ( GEOMETRIC_REPRESENTATION_CONTEXT(2) 
PARAMETRIC_REPRESENTATION_CONTEXT() REPRESENTATION_CONTEXT('2D SPACE',''
  ) );
#2739 = PCURVE('',#2703,#2740);
#2740 = DEFINITIONAL_REPRESENTATION('',(#2741),#2745);
#2741 = LINE('',#2742,#2743);
#2742 = CARTESIAN_POINT('',(-0.,0.));
#2743 = VECTOR('',#2744,1.);
#2744 = DIRECTION('',(-1.,0.));
#2745 = ( GEOMETRIC_REPRESENTATION_CONTEXT(2) 
PARAMETRIC_REPRESENTATION_CONTEXT() REPRESENTATION_CONTEXT('2D SPACE',''
  ) );
#2746 = ORIENTED_EDGE('',*,*,#2747,.T.);
#2747 = EDGE_CURVE('',#2720,#2748,#2750,.T.);
#2748 = VERTEX_POINT('',#2749);
#2749 = CARTESIAN_POINT('',(8.881784197001E-16,-44.35,38.));
#2750 = SURFACE_CURVE('',#2751,(#2755,#2762),.PCURVE_S1.);
#2751 = LINE('',#2752,#2753);
#2752 = CARTESIAN_POINT('',(0.,-44.35,11.));
#2753 = VECTOR('',#2754,1.);
#2754 = DIRECTION('',(-0.,-0.,1.));
#2755 = PCURVE('',#2514,#2756);
#2756 = DEFINITIONAL_REPRESENTATION('',(#2757),#2761);
#2757 = LINE('',#2758,#2759);
#2758 = CARTESIAN_POINT('',(-16.5,9.));
#2759 = VECTOR('',#2760,1.);
#2760 = DIRECTION('',(1.,-0.));
#2761 = ( GEOMETRIC_REPRESENTATION_CONTEXT(2) 
PARAMETRIC_REPRESENTATION_CONTEXT() REPRESENTATION_CONTEXT('2D SPACE',''
  ) );
#2762 = PCURVE('',#2763,#2768);
#2763 = PLANE('',#2764);
#2764 = AXIS2_PLACEMENT_3D('',#2765,#2766,#2767);
#2765 = CARTESIAN_POINT('',(0.,-44.35,11.));
#2766 = DIRECTION('',(-1.,-0.,-0.));
#2767 = DIRECTION('',(0.,0.,-1.));
#2768 = DEFINITIONAL_REPRESENTATION('',(#2769),#2773);
#2769 = LINE('',#2770,#2771);
#2770 = CARTESIAN_POINT('',(-0.,-0.));
#2771 = VECTOR('',#2772,1.);
#2772 = DIRECTION('',(-1.,-0.));
#2773 = ( GEOMETRIC_REPRESENTATION_CONTEXT(2) 
PARAMETRIC_REPRESENTATION_CONTEXT() REPRESENTATION_CONTEXT('2D SPACE',''
  ) );
#2774 = ORIENTED_EDGE('',*,*,#2775,.T.);
#2775 = EDGE_CURVE('',#2748,#2776,#2778,.T.);
#2776 = VERTEX_POINT('',#2777);
#2777 = CARTESIAN_POINT('',(-6.,-44.35,44.));
#2778 = SURFACE_CURVE('',#2779,(#2784,#2795),.PCURVE_S1.);
#2779 = CIRCLE('',#2780,6.);
#2780 = AXIS2_PLACEMENT_3D('',#2781,#2782,#2783);
#2781 = CARTESIAN_POINT('',(-6.,-44.35,38.));
#2782 = DIRECTION('',(0.,-1.,0.));
#2783 = DIRECTION('',(0.,-0.,-1.));
#2784 = PCURVE('',#2514,#2785);
#2785 = DEFINITIONAL_REPRESENTATION('',(#2786),#2794);
#2786 = ( BOUNDED_CURVE() B_SPLINE_CURVE(2,(#2787,#2788,#2789,#2790,
#2791,#2792,#2793),.UNSPECIFIED.,.T.,.F.) B_SPLINE_CURVE_WITH_KNOTS((1,2
    ,2,2,2,1),(-2.094395102393,0.,2.094395102393,4.188790204786,
6.28318530718,8.377580409573),.UNSPECIFIED.) CURVE() 
GEOMETRIC_REPRESENTATION_ITEM() RATIONAL_B_SPLINE_CURVE((1.,0.5,1.,0.5,
1.,0.5,1.)) REPRESENTATION_ITEM('') );
#2787 = CARTESIAN_POINT('',(4.5,3.));
#2788 = CARTESIAN_POINT('',(4.5,13.392304845413));
#2789 = CARTESIAN_POINT('',(13.5,8.196152422707));
#2790 = CARTESIAN_POINT('',(22.5,3.));
#2791 = CARTESIAN_POINT('',(13.5,-2.196152422707));
#2792 = CARTESIAN_POINT('',(4.5,-7.392304845413));
#2793 = CARTESIAN_POINT('',(4.5,3.));
#2794 = ( GEOMETRIC_REPRESENTATION_CONTEXT(2) 
PARAMETRIC_REPRESENTATION_CONTEXT() REPRESENTATION_CONTEXT('2D SPACE',''
  ) );
#2795 = PCURVE('',#2796,#2801);
#2796 = CYLINDRICAL_SURFACE('',#2797,6.);
#2797 = AXIS2_PLACEMENT_3D('',#2798,#2799,#2800);
#2798 = CARTESIAN_POINT('',(-6.,-44.35,38.));
#2799 = DIRECTION('',(-0.,1.,-0.));
#2800 = DIRECTION('',(1.,-0.,-0.));
#2801 = DEFINITIONAL_REPRESENTATION('',(#2802),#2806);
#2802 = LINE('',#2803,#2804);
#2803 = CARTESIAN_POINT('',(1.570796326795,-0.));
#2804 = VECTOR('',#2805,1.);
#2805 = DIRECTION('',(-1.,0.));
#2806 = ( GEOMETRIC_REPRESENTATION_CONTEXT(2) 
PARAMETRIC_REPRESENTATION_CONTEXT() REPRESENTATION_CONTEXT('2D SPACE',''
  ) );
#2807 = ORIENTED_EDGE('',*,*,#2808,.T.);
#2808 = EDGE_CURVE('',#2776,#2809,#2811,.T.);
#2809 = VERTEX_POINT('',#2810);
#2810 = CARTESIAN_POINT('',(-12.,-44.35,44.));
#2811 = SURFACE_CURVE('',#2812,(#2816,#2823),.PCURVE_S1.);
#2812 = LINE('',#2813,#2814);
#2813 = CARTESIAN_POINT('',(0.,-44.35,44.));
#2814 = VECTOR('',#2815,1.);
#2815 = DIRECTION('',(-1.,-0.,-0.));
#2816 = PCURVE('',#2514,#2817);
#2817 = DEFINITIONAL_REPRESENTATION('',(#2818),#2822);
#2818 = LINE('',#2819,#2820);
#2819 = CARTESIAN_POINT('',(16.5,9.));
#2820 = VECTOR('',#2821,1.);
#2821 = DIRECTION('',(-0.,-1.));
#2822 = ( GEOMETRIC_REPRESENTATION_CONTEXT(2) 
PARAMETRIC_REPRESENTATION_CONTEXT() REPRESENTATION_CONTEXT('2D SPACE',''
  ) );
#2823 = PCURVE('',#2824,#2829);
#2824 = PLANE('',#2825);
#2825 = AXIS2_PLACEMENT_3D('',#2826,#2827,#2828);
#2826 = CARTESIAN_POINT('',(0.,-44.35,44.));
#2827 = DIRECTION('',(-0.,0.,-1.));
#2828 = DIRECTION('',(1.,0.,0.));
#2829 = DEFINITIONAL_REPRESENTATION('',(#2830),#2834);
#2830 = LINE('',#2831,#2832);
#2831 = CARTESIAN_POINT('',(-0.,-0.));
#2832 = VECTOR('',#2833,1.);
#2833 = DIRECTION('',(-1.,0.));
#2834 = ( GEOMETRIC_REPRESENTATION_CONTEXT(2) 
PARAMETRIC_REPRESENTATION_CONTEXT() REPRESENTATION_CONTEXT('2D SPACE',''
  ) );
#2835 = ORIENTED_EDGE('',*,*,#2836,.T.);
#2836 = EDGE_CURVE('',#2809,#2837,#2839,.T.);
#2837 = VERTEX_POINT('',#2838);
#2838 = CARTESIAN_POINT('',(-18.,-44.35,38.));
#2839 = SURFACE_CURVE('',#2840,(#2845,#2856),.PCURVE_S1.);
#2840 = CIRCLE('',#2841,6.);
#2841 = AXIS2_PLACEMENT_3D('',#2842,#2843,#2844);
#2842 = CARTESIAN_POINT('',(-12.,-44.35,38.));
#2843 = DIRECTION('',(0.,-1.,0.));
#2844 = DIRECTION('',(0.,-0.,-1.));
#2845 = PCURVE('',#2514,#2846);
#2846 = DEFINITIONAL_REPRESENTATION('',(#2847),#2855);
#2847 = ( BOUNDED_CURVE() B_SPLINE_CURVE(2,(#2848,#2849,#2850,#2851,
#2852,#2853,#2854),.UNSPECIFIED.,.T.,.F.) B_SPLINE_CURVE_WITH_KNOTS((1,2
    ,2,2,2,1),(-2.094395102393,0.,2.094395102393,4.188790204786,
6.28318530718,8.377580409573),.UNSPECIFIED.) CURVE() 
GEOMETRIC_REPRESENTATION_ITEM() RATIONAL_B_SPLINE_CURVE((1.,0.5,1.,0.5,
1.,0.5,1.)) REPRESENTATION_ITEM('') );
#2848 = CARTESIAN_POINT('',(4.5,-3.));
#2849 = CARTESIAN_POINT('',(4.5,7.392304845413));
#2850 = CARTESIAN_POINT('',(13.5,2.196152422707));
#2851 = CARTESIAN_POINT('',(22.5,-3.));
#2852 = CARTESIAN_POINT('',(13.5,-8.196152422707));
#2853 = CARTESIAN_POINT('',(4.5,-13.39230484541));
#2854 = CARTESIAN_POINT('',(4.5,-3.));
#2855 = ( GEOMETRIC_REPRESENTATION_CONTEXT(2) 
PARAMETRIC_REPRESENTATION_CONTEXT() REPRESENTATION_CONTEXT('2D SPACE',''
  ) );
#2856 = PCURVE('',#2857,#2862);
#2857 = CYLINDRICAL_SURFACE('',#2858,6.);
#2858 = AXIS2_PLACEMENT_3D('',#2859,#2860,#2861);
#2859 = CARTESIAN_POINT('',(-12.,-44.35,38.));
#2860 = DIRECTION('',(-0.,1.,-0.));
#2861 = DIRECTION('',(-0.,-0.,1.));
#2862 = DEFINITIONAL_REPRESENTATION('',(#2863),#2867);
#2863 = LINE('',#2864,#2865);
#2864 = CARTESIAN_POINT('',(3.14159265359,-0.));
#2865 = VECTOR('',#2866,1.);
#2866 = DIRECTION('',(-1.,0.));
#2867 = ( GEOMETRIC_REPRESENTATION_CONTEXT(2) 
PARAMETRIC_REPRESENTATION_CONTEXT() REPRESENTATION_CONTEXT('2D SPACE',''
  ) );
#2868 = ORIENTED_EDGE('',*,*,#2869,.T.);
#2869 = EDGE_CURVE('',#2837,#2870,#2872,.T.);
#2870 = VERTEX_POINT('',#2871);
#2871 = CARTESIAN_POINT('',(-18.,-44.35,17.));
#2872 = SURFACE_CURVE('',#2873,(#2877,#2884),.PCURVE_S1.);
#2873 = LINE('',#2874,#2875);
#2874 = CARTESIAN_POINT('',(-18.,-44.35,44.));
#2875 = VECTOR('',#2876,1.);
#2876 = DIRECTION('',(-0.,-0.,-1.));
#2877 = PCURVE('',#2514,#2878);
#2878 = DEFINITIONAL_REPRESENTATION('',(#2879),#2883);
#2879 = LINE('',#2880,#2881);
#2880 = CARTESIAN_POINT('',(16.5,-9.));
#2881 = VECTOR('',#2882,1.);
#2882 = DIRECTION('',(-1.,0.));
#2883 = ( GEOMETRIC_REPRESENTATION_CONTEXT(2) 
PARAMETRIC_REPRESENTATION_CONTEXT() REPRESENTATION_CONTEXT('2D SPACE',''
  ) );
#2884 = PCURVE('',#2885,#2890);
#2885 = PLANE('',#2886);
#2886 = AXIS2_PLACEMENT_3D('',#2887,#2888,#2889);
#2887 = CARTESIAN_POINT('',(-18.,-44.35,44.));
#2888 = DIRECTION('',(1.,-0.,-0.));
#2889 = DIRECTION('',(0.,0.,1.));
#2890 = DEFINITIONAL_REPRESENTATION('',(#2891),#2895);
#2891 = LINE('',#2892,#2893);
#2892 = CARTESIAN_POINT('',(-0.,-0.));
#2893 = VECTOR('',#2894,1.);
#2894 = DIRECTION('',(-1.,0.));
#2895 = ( GEOMETRIC_REPRESENTATION_CONTEXT(2) 
PARAMETRIC_REPRESENTATION_CONTEXT() REPRESENTATION_CONTEXT('2D SPACE',''
  ) );
#2896 = ORIENTED_EDGE('',*,*,#2897,.F.);
#2897 = EDGE_CURVE('',#2492,#2870,#2898,.T.);
#2898 = SURFACE_CURVE('',#2899,(#2904,#2911),.PCURVE_S1.);
#2899 = CIRCLE('',#2900,6.);
#2900 = AXIS2_PLACEMENT_3D('',#2901,#2902,#2903);
#2901 = CARTESIAN_POINT('',(-12.,-44.35,17.));
#2902 = DIRECTION('',(0.,1.,-0.));
#2903 = DIRECTION('',(-0.,-0.,-1.));
#2904 = PCURVE('',#2514,#2905);
#2905 = DEFINITIONAL_REPRESENTATION('',(#2906),#2910);
#2906 = CIRCLE('',#2907,6.);
#2907 = AXIS2_PLACEMENT_2D('',#2908,#2909);
#2908 = CARTESIAN_POINT('',(-10.5,-3.));
#2909 = DIRECTION('',(-1.,0.));
#2910 = ( GEOMETRIC_REPRESENTATION_CONTEXT(2) 
PARAMETRIC_REPRESENTATION_CONTEXT() REPRESENTATION_CONTEXT('2D SPACE',''
  ) );
#2911 = PCURVE('',#2542,#2912);
#2912 = DEFINITIONAL_REPRESENTATION('',(#2913),#2917);
#2913 = LINE('',#2914,#2915);
#2914 = CARTESIAN_POINT('',(0.,0.));
#2915 = VECTOR('',#2916,1.);
#2916 = DIRECTION('',(1.,0.));
#2917 = ( GEOMETRIC_REPRESENTATION_CONTEXT(2) 
PARAMETRIC_REPRESENTATION_CONTEXT() REPRESENTATION_CONTEXT('2D SPACE',''
  ) );
#2918 = FACE_BOUND('',#2919,.T.);
#2919 = EDGE_LOOP('',(#2920));
#2920 = ORIENTED_EDGE('',*,*,#2921,.T.);
#2921 = EDGE_CURVE('',#2922,#2922,#2924,.T.);
#2922 = VERTEX_POINT('',#2923);
#2923 = CARTESIAN_POINT('',(-15.,-44.35,41.5));
#2924 = SURFACE_CURVE('',#2925,(#2930,#2937),.PCURVE_S1.);
#2925 = CIRCLE('',#2926,2.);
#2926 = AXIS2_PLACEMENT_3D('',#2927,#2928,#2929);
#2927 = CARTESIAN_POINT('',(-15.,-44.35,39.5));
#2928 = DIRECTION('',(0.,1.,0.));
#2929 = DIRECTION('',(-0.,-0.,1.));
#2930 = PCURVE('',#2514,#2931);
#2931 = DEFINITIONAL_REPRESENTATION('',(#2932),#2936);
#2932 = CIRCLE('',#2933,2.);
#2933 = AXIS2_PLACEMENT_2D('',#2934,#2935);
#2934 = CARTESIAN_POINT('',(12.,-6.));
#2935 = DIRECTION('',(1.,-0.));
#2936 = ( GEOMETRIC_REPRESENTATION_CONTEXT(2) 
PARAMETRIC_REPRESENTATION_CONTEXT() REPRESENTATION_CONTEXT('2D SPACE',''
  ) );
#2937 = PCURVE('',#2938,#2943);
#2938 = CYLINDRICAL_SURFACE('',#2939,2.);
#2939 = AXIS2_PLACEMENT_3D('',#2940,#2941,#2942);
#2940 = CARTESIAN_POINT('',(-15.,-38.35,39.5));
#2941 = DIRECTION('',(-0.,-1.,-0.));
#2942 = DIRECTION('',(-0.,-0.,1.));
#2943 = DEFINITIONAL_REPRESENTATION('',(#2944),#2948);
#2944 = LINE('',#2945,#2946);
#2945 = CARTESIAN_POINT('',(-0.,6.));
#2946 = VECTOR('',#2947,1.);
#2947 = DIRECTION('',(-1.,0.));
#2948 = ( GEOMETRIC_REPRESENTATION_CONTEXT(2) 
PARAMETRIC_REPRESENTATION_CONTEXT() REPRESENTATION_CONTEXT('2D SPACE',''
  ) );
#2949 = ADVANCED_FACE('',(#2950),#2703,.T.);
#2950 = FACE_BOUND('',#2951,.F.);
#2951 = EDGE_LOOP('',(#2952,#2953,#2954,#2977));
#2952 = ORIENTED_EDGE('',*,*,#2689,.F.);
#2953 = ORIENTED_EDGE('',*,*,#2719,.T.);
#2954 = ORIENTED_EDGE('',*,*,#2955,.T.);
#2955 = EDGE_CURVE('',#2720,#2956,#2958,.T.);
#2956 = VERTEX_POINT('',#2957);
#2957 = CARTESIAN_POINT('',(8.881784197001E-16,-35.55090082779,17.));
#2958 = SURFACE_CURVE('',#2959,(#2963,#2970),.PCURVE_S1.);
#2959 = LINE('',#2960,#2961);
#2960 = CARTESIAN_POINT('',(8.881784197001E-16,-44.35,17.));
#2961 = VECTOR('',#2962,1.);
#2962 = DIRECTION('',(-0.,1.,-0.));
#2963 = PCURVE('',#2703,#2964);
#2964 = DEFINITIONAL_REPRESENTATION('',(#2965),#2969);
#2965 = LINE('',#2966,#2967);
#2966 = CARTESIAN_POINT('',(-1.570796326795,0.));
#2967 = VECTOR('',#2968,1.);
#2968 = DIRECTION('',(-0.,1.));
#2969 = ( GEOMETRIC_REPRESENTATION_CONTEXT(2) 
PARAMETRIC_REPRESENTATION_CONTEXT() REPRESENTATION_CONTEXT('2D SPACE',''
  ) );
#2970 = PCURVE('',#2763,#2971);
#2971 = DEFINITIONAL_REPRESENTATION('',(#2972),#2976);
#2972 = LINE('',#2973,#2974);
#2973 = CARTESIAN_POINT('',(-6.,-0.));
#2974 = VECTOR('',#2975,1.);
#2975 = DIRECTION('',(-0.,-1.));
#2976 = ( GEOMETRIC_REPRESENTATION_CONTEXT(2) 
PARAMETRIC_REPRESENTATION_CONTEXT() REPRESENTATION_CONTEXT('2D SPACE',''
  ) );
#2977 = ORIENTED_EDGE('',*,*,#2978,.T.);
#2978 = EDGE_CURVE('',#2956,#2667,#2979,.T.);
#2979 = SURFACE_CURVE('',#2980,(#3013,#3049),.PCURVE_S1.);
#2980 = B_SPLINE_CURVE_WITH_KNOTS('',7,(#2981,#2982,#2983,#2984,#2985,
    #2986,#2987,#2988,#2989,#2990,#2991,#2992,#2993,#2994,#2995,#2996,
    #2997,#2998,#2999,#3000,#3001,#3002,#3003,#3004,#3005,#3006,#3007,
    #3008,#3009,#3010,#3011,#3012),.UNSPECIFIED.,.F.,.F.,(8,6,6,6,6,8),(
    0.,0.179827365184,0.351516486621,0.609183124435,0.82654187768,1.),
  .UNSPECIFIED.);
#2981 = CARTESIAN_POINT('',(8.881784197001E-16,-35.55090082779,17.));
#2982 = CARTESIAN_POINT('',(8.881784197001E-16,-35.62848190318,
    16.712903429589));
#2983 = CARTESIAN_POINT('',(-1.602634350306E-02,-35.68975664011,
    16.417360047235));
#2984 = CARTESIAN_POINT('',(-4.978041100046E-02,-35.73266942297,
    16.117732078402));
#2985 = CARTESIAN_POINT('',(-0.101832368231,-35.75652492233,
    15.818517220932));
#2986 = CARTESIAN_POINT('',(-0.171535388915,-35.76189953616,
    15.524208302798));
#2987 = CARTESIAN_POINT('',(-0.256932679939,-35.75054891638,
    15.239198741007));
#2988 = CARTESIAN_POINT('',(-0.44795932498,-35.70121638223,
    14.708554244116));
#2989 = CARTESIAN_POINT('',(-0.552760664502,-35.66439470041,
    14.460991409971));
#2990 = CARTESIAN_POINT('',(-0.667527088335,-35.61685336079,
    14.225302105776));
#2991 = CARTESIAN_POINT('',(-0.790825031447,-35.56039968329,
    14.001569763861));
#2992 = CARTESIAN_POINT('',(-0.921329328505,-35.49667312412,
    13.789741410182));
#2993 = CARTESIAN_POINT('',(-1.057822480272,-35.42716539437,
    13.589659169553));
#2994 = CARTESIAN_POINT('',(-1.411339402931,-35.24226728962,
    13.118080985835));
#2995 = CARTESIAN_POINT('',(-1.635567431355,-35.12075283664,
    12.859523373605));
#2996 = CARTESIAN_POINT('',(-1.869289061294,-34.99255096625,
    12.623772551339));
#2997 = CARTESIAN_POINT('',(-2.110842650357,-34.8606138991,
    12.409093161294));
#2998 = CARTESIAN_POINT('',(-2.359402893882,-34.72727717149,
    12.213824805081));
#2999 = CARTESIAN_POINT('',(-2.614871330578,-34.59452723579,
    12.036560645135));
#3000 = CARTESIAN_POINT('',(-3.099661450227,-34.35474998205,
    11.741148887686));
#3001 = CARTESIAN_POINT('',(-3.326581016177,-34.24706579593,
    11.618237603438));
#3002 = CARTESIAN_POINT('',(-3.558534244602,-34.14286326995,
    11.507193977726));
#3003 = CARTESIAN_POINT('',(-3.795468362049,-34.04374711953,
    11.40788116832));
#3004 = CARTESIAN_POINT('',(-4.03738533591,-33.95154029002,
    11.320310539471));
#3005 = CARTESIAN_POINT('',(-4.284382184081,-33.86827136521,
    11.244625380046));
#3006 = CARTESIAN_POINT('',(-4.738026105216,-33.73847942175,
    11.130543070797));
#3007 = CARTESIAN_POINT('',(-4.943384178035,-33.68774909027,
    11.087541846841));
#3008 = CARTESIAN_POINT('',(-5.151628960735,-33.64542794115,
    11.052760638067));
#3009 = CARTESIAN_POINT('',(-5.361938926861,-33.61275030934,
    11.026483822465));
#3010 = CARTESIAN_POINT('',(-5.573721682261,-33.59059404883,
    11.008860262359));
#3011 = CARTESIAN_POINT('',(-5.786534050848,-33.57945526581,11.));
#3012 = CARTESIAN_POINT('',(-6.,-33.57945526581,11.));
#3013 = PCURVE('',#2703,#3014);
#3014 = DEFINITIONAL_REPRESENTATION('',(#3015),#3048);
#3015 = B_SPLINE_CURVE_WITH_KNOTS('',7,(#3016,#3017,#3018,#3019,#3020,
    #3021,#3022,#3023,#3024,#3025,#3026,#3027,#3028,#3029,#3030,#3031,
    #3032,#3033,#3034,#3035,#3036,#3037,#3038,#3039,#3040,#3041,#3042,
    #3043,#3044,#3045,#3046,#3047),.UNSPECIFIED.,.F.,.F.,(8,6,6,6,6,8),(
    0.,0.179827365184,0.351516486621,0.609183124435,0.82654187768,1.),
  .UNSPECIFIED.);
#3016 = CARTESIAN_POINT('',(-1.570796326795,8.799099172206));
#3017 = CARTESIAN_POINT('',(-1.522946898393,8.721518096814));
#3018 = CARTESIAN_POINT('',(-1.473689585397,8.660243359882));
#3019 = CARTESIAN_POINT('',(-1.423572944887,8.617330577024));
#3020 = CARTESIAN_POINT('',(-1.373119150121,8.59347507767));
#3021 = CARTESIAN_POINT('',(-1.322850975769,8.588100463832));
#3022 = CARTESIAN_POINT('',(-1.273336241135,8.599451083615));
#3023 = CARTESIAN_POINT('',(-1.179339379308,8.648783617761));
#3024 = CARTESIAN_POINT('',(-1.134601567889,8.685605299581));
#3025 = CARTESIAN_POINT('',(-1.091005098089,8.733146639201));
#3026 = CARTESIAN_POINT('',(-1.048522269799,8.789600316708));
#3027 = CARTESIAN_POINT('',(-1.007128214308,8.853326875876));
#3028 = CARTESIAN_POINT('',(-0.966800860256,8.92283460563));
#3029 = CARTESIAN_POINT('',(-0.868572074312,9.10773271038));
#3030 = CARTESIAN_POINT('',(-0.811675841711,9.229247163352));
#3031 = CARTESIAN_POINT('',(-0.756537355432,9.357449033748));
#3032 = CARTESIAN_POINT('',(-0.702861612359,9.489386100891));
#3033 = CARTESIAN_POINT('',(-0.650329609258,9.622722828508));
#3034 = CARTESIAN_POINT('',(-0.598596660491,9.75547276421));
#3035 = CARTESIAN_POINT('',(-0.503979072487,9.995250017943));
#3036 = CARTESIAN_POINT('',(-0.461023104401,10.102934204063));
#3037 = CARTESIAN_POINT('',(-0.418247754901,10.207136730046));
#3038 = CARTESIAN_POINT('',(-0.375524424569,10.30625288047));
#3039 = CARTESIAN_POINT('',(-0.332730033374,10.398459709972));
#3040 = CARTESIAN_POINT('',(-0.289730435014,10.48172863479));
#3041 = CARTESIAN_POINT('',(-0.21176898078,10.611520578241));
#3042 = CARTESIAN_POINT('',(-0.176828282219,10.662250909729));
#3043 = CARTESIAN_POINT('',(-0.141687251654,10.704572058846));
#3044 = CARTESIAN_POINT('',(-0.106417180927,10.737249690655));
#3045 = CARTESIAN_POINT('',(-7.104634184572E-02,10.759405951166));
#3046 = CARTESIAN_POINT('',(-3.557765819197E-02,10.770544734181));
#3047 = CARTESIAN_POINT('',(0.,10.770544734181));
#3048 = ( GEOMETRIC_REPRESENTATION_CONTEXT(2) 
PARAMETRIC_REPRESENTATION_CONTEXT() REPRESENTATION_CONTEXT('2D SPACE',''
  ) );
#3049 = PCURVE('',#2626,#3050);
#3050 = DEFINITIONAL_REPRESENTATION('',(#3051),#3084);
#3051 = B_SPLINE_CURVE_WITH_KNOTS('',7,(#3052,#3053,#3054,#3055,#3056,
    #3057,#3058,#3059,#3060,#3061,#3062,#3063,#3064,#3065,#3066,#3067,
    #3068,#3069,#3070,#3071,#3072,#3073,#3074,#3075,#3076,#3077,#3078,
    #3079,#3080,#3081,#3082,#3083),.UNSPECIFIED.,.F.,.F.,(8,6,6,6,6,8),(
    0.,0.179827365184,0.351516486621,0.609183124435,0.82654187768,1.),
  .UNSPECIFIED.);
#3052 = CARTESIAN_POINT('',(-4.448466132255,0.5));
#3053 = CARTESIAN_POINT('',(-4.500186849183,0.5));
#3054 = CARTESIAN_POINT('',(-4.552586003181,0.516026343503));
#3055 = CARTESIAN_POINT('',(-4.605063458229,0.549780411));
#3056 = CARTESIAN_POINT('',(-4.657086293563,0.601832368231));
#3057 = CARTESIAN_POINT('',(-4.708137986806,0.671535388915));
#3058 = CARTESIAN_POINT('',(-4.757674851262,0.756932679939));
#3059 = CARTESIAN_POINT('',(-4.85035880207,0.94795932498));
#3060 = CARTESIAN_POINT('',(-4.893821163012,1.052760664502));
#3061 = CARTESIAN_POINT('',(-4.935551383076,1.167527088335));
#3062 = CARTESIAN_POINT('',(-4.975603453323,1.290825031447));
#3063 = CARTESIAN_POINT('',(-5.014017959246,1.421329328505));
#3064 = CARTESIAN_POINT('',(-5.05082635868,1.557822480272));
#3065 = CARTESIAN_POINT('',(-5.138918644453,1.911339402931));
#3066 = CARTESIAN_POINT('',(-5.18849647611,2.135567431355));
#3067 = CARTESIAN_POINT('',(-5.23504735347,2.369289061294));
#3068 = CARTESIAN_POINT('',(-5.278771618767,2.610842650357));
#3069 = CARTESIAN_POINT('',(-5.31982834988,2.859402893882));
#3070 = CARTESIAN_POINT('',(-5.358314014447,3.114871330578));
#3071 = CARTESIAN_POINT('',(-5.424483582458,3.599661450227));
#3072 = CARTESIAN_POINT('',(-5.452882782128,3.826581016177));
#3073 = CARTESIAN_POINT('',(-5.47934287201,4.058534244602));
#3074 = CARTESIAN_POINT('',(-5.50372752746,4.295468362049));
#3075 = CARTESIAN_POINT('',(-5.525834008509,4.53738533591));
#3076 = CARTESIAN_POINT('',(-5.545400988476,4.784382184081));
#3077 = CARTESIAN_POINT('',(-5.575453606161,5.238026105216));
#3078 = CARTESIAN_POINT('',(-5.587017463673,5.443384178035));
#3079 = CARTESIAN_POINT('',(-5.596543178186,5.651628960735));
#3080 = CARTESIAN_POINT('',(-5.603835437825,5.861938926861));
#3081 = CARTESIAN_POINT('',(-5.608759154984,6.073721682261));
#3082 = CARTESIAN_POINT('',(-5.611234410684,6.286534050848));
#3083 = CARTESIAN_POINT('',(-5.611234410684,6.5));
#3084 = ( GEOMETRIC_REPRESENTATION_CONTEXT(2) 
PARAMETRIC_REPRESENTATION_CONTEXT() REPRESENTATION_CONTEXT('2D SPACE',''
  ) );
#3085 = ADVANCED_FACE('',(#3086),#2626,.F.);
#3086 = FACE_BOUND('',#3087,.T.);
#3087 = EDGE_LOOP('',(#3088,#3114,#3115,#3243,#3269,#3270));
#3088 = ORIENTED_EDGE('',*,*,#3089,.F.);
#3089 = EDGE_CURVE('',#2611,#2639,#3090,.T.);
#3090 = SURFACE_CURVE('',#3091,(#3096,#3103),.PCURVE_S1.);
#3091 = CIRCLE('',#3092,5.75);
#3092 = AXIS2_PLACEMENT_3D('',#3093,#3094,#3095);
#3093 = CARTESIAN_POINT('',(-9.,-30.,15.5));
#3094 = DIRECTION('',(1.,0.,-0.));
#3095 = DIRECTION('',(-0.,-0.,-1.));
#3096 = PCURVE('',#2626,#3097);
#3097 = DEFINITIONAL_REPRESENTATION('',(#3098),#3102);
#3098 = LINE('',#3099,#3100);
#3099 = CARTESIAN_POINT('',(-0.,9.5));
#3100 = VECTOR('',#3101,1.);
#3101 = DIRECTION('',(-1.,0.));
#3102 = ( GEOMETRIC_REPRESENTATION_CONTEXT(2) 
PARAMETRIC_REPRESENTATION_CONTEXT() REPRESENTATION_CONTEXT('2D SPACE',''
  ) );
#3103 = PCURVE('',#2654,#3104);
#3104 = DEFINITIONAL_REPRESENTATION('',(#3105),#3113);
#3105 = ( BOUNDED_CURVE() B_SPLINE_CURVE(2,(#3106,#3107,#3108,#3109,
#3110,#3111,#3112),.UNSPECIFIED.,.T.,.F.) B_SPLINE_CURVE_WITH_KNOTS((1,2
    ,2,2,2,1),(-2.094395102393,0.,2.094395102393,4.188790204786,
6.28318530718,8.377580409573),.UNSPECIFIED.) CURVE() 
GEOMETRIC_REPRESENTATION_ITEM() RATIONAL_B_SPLINE_CURVE((1.,0.5,1.,0.5,
1.,0.5,1.)) REPRESENTATION_ITEM('') );
#3106 = CARTESIAN_POINT('',(-5.75,0.));
#3107 = CARTESIAN_POINT('',(-5.75,9.959292143521));
#3108 = CARTESIAN_POINT('',(2.875,4.979646071761));
#3109 = CARTESIAN_POINT('',(11.5,1.408343819019E-15));
#3110 = CARTESIAN_POINT('',(2.875,-4.979646071761));
#3111 = CARTESIAN_POINT('',(-5.75,-9.959292143521));
#3112 = CARTESIAN_POINT('',(-5.75,0.));
#3113 = ( GEOMETRIC_REPRESENTATION_CONTEXT(2) 
PARAMETRIC_REPRESENTATION_CONTEXT() REPRESENTATION_CONTEXT('2D SPACE',''
  ) );
#3114 = ORIENTED_EDGE('',*,*,#2610,.F.);
#3115 = ORIENTED_EDGE('',*,*,#3116,.T.);
#3116 = EDGE_CURVE('',#2583,#3117,#3119,.T.);
#3117 = VERTEX_POINT('',#3118);
#3118 = CARTESIAN_POINT('',(8.881784197001E-16,-24.4490991722,17.));
#3119 = SURFACE_CURVE('',#3120,(#3159,#3201),.PCURVE_S1.);
#3120 = B_SPLINE_CURVE_WITH_KNOTS('',7,(#3121,#3122,#3123,#3124,#3125,
    #3126,#3127,#3128,#3129,#3130,#3131,#3132,#3133,#3134,#3135,#3136,
    #3137,#3138,#3139,#3140,#3141,#3142,#3143,#3144,#3145,#3146,#3147,
    #3148,#3149,#3150,#3151,#3152,#3153,#3154,#3155,#3156,#3157,#3158),
  .UNSPECIFIED.,.F.,.F.,(8,6,6,6,6,6,8),(0.,0.170268649692,
    0.392056660366,0.649287491224,0.744809017784,0.930344395873,1.),
  .UNSPECIFIED.);
#3121 = CARTESIAN_POINT('',(-6.,-26.42054473418,11.));
#3122 = CARTESIAN_POINT('',(-5.790552216594,-26.42054473418,11.));
#3123 = CARTESIAN_POINT('',(-5.581731785285,-26.4098213336,
    11.008529853139));
#3124 = CARTESIAN_POINT('',(-5.373902408035,-26.38848882265,
    11.02549817362));
#3125 = CARTESIAN_POINT('',(-5.167486146957,-26.3570113845,
    11.050799573314));
#3126 = CARTESIAN_POINT('',(-4.963038890234,-26.31620744442,
    11.084292421651));
#3127 = CARTESIAN_POINT('',(-4.761323558912,-26.26722562556,
    11.125713254181));
#3128 = CARTESIAN_POINT('',(-4.305545719987,-26.13889538405,
    11.238112568635));
#3129 = CARTESIAN_POINT('',(-4.053231236343,-26.05459494807,
    11.314459661817));
#3130 = CARTESIAN_POINT('',(-3.806193622575,-25.96087185713,
    11.403185952828));
#3131 = CARTESIAN_POINT('',(-3.564331957668,-25.85988923568,
    11.504134898019));
#3132 = CARTESIAN_POINT('',(-3.327651273404,-25.75359029294,
    11.617289133911));
#3133 = CARTESIAN_POINT('',(-3.096216311753,-25.64368199869,
    11.742787261247));
#3134 = CARTESIAN_POINT('',(-2.607840862256,-25.40183270542,
    12.041396675686));
#3135 = CARTESIAN_POINT('',(-2.353050814483,-25.26933314134,
    12.218719285987));
#3136 = CARTESIAN_POINT('',(-2.105145764429,-25.13628992085,
    12.413995093698));
#3137 = CARTESIAN_POINT('',(-1.864229523077,-25.00467863666,
    12.628629178599));
#3138 = CARTESIAN_POINT('',(-1.631130145986,-24.87682586495,
    12.864276458293));
#3139 = CARTESIAN_POINT('',(-1.407507951132,-24.7556734821,
    13.122664286708));
#3140 = CARTESIAN_POINT('',(-1.117370726548,-24.60400092825,
    13.510425623358));
#3141 = CARTESIAN_POINT('',(-1.040414646228,-24.56435747984,
    13.618857284813));
#3142 = CARTESIAN_POINT('',(-0.96521099099,-24.52634614946,
    13.730801970408));
#3143 = CARTESIAN_POINT('',(-0.891922492336,-24.49019030588,
    13.846335164676));
#3144 = CARTESIAN_POINT('',(-0.820731290955,-24.45613362375,
    13.96552438415));
#3145 = CARTESIAN_POINT('',(-0.751838094602,-24.42444129859,
    14.088428667358));
#3146 = CARTESIAN_POINT('',(-0.556535035798,-24.33899560731,
    14.461133229805));
#3147 = CARTESIAN_POINT('',(-0.435759868443,-24.29200871643,
    14.723935708174));
#3148 = CARTESIAN_POINT('',(-0.326790143817,-24.25767121996,
    15.001168342212));
#3149 = CARTESIAN_POINT('',(-0.232417716181,-24.23872364739,
    15.290294443005));
#3150 = CARTESIAN_POINT('',(-0.154665551997,-24.23733985001,
    15.588560179884));
#3151 = CARTESIAN_POINT('',(-9.483009740337E-02,-24.25507798447,
    15.89303985604));
#3152 = CARTESIAN_POINT('',(-3.794552923553E-02,-24.30704321612,
    16.316265558183));
#3153 = CARTESIAN_POINT('',(-2.508535384065E-02,-24.32399548921,
    16.431778107167));
#3154 = CARTESIAN_POINT('',(-1.489743161553E-02,-24.34371149346,
    16.547017580738));
#3155 = CARTESIAN_POINT('',(-7.358728949208E-03,-24.36615807019,
    16.661720599134));
#3156 = CARTESIAN_POINT('',(-2.418646570638E-03,-24.39127238766,
    16.775625088059));
#3157 = CARTESIAN_POINT('',(8.881784197001E-16,-24.41896104434,
    16.888470827409));
#3158 = CARTESIAN_POINT('',(8.881784197001E-16,-24.4490991722,17.));
#3159 = PCURVE('',#2626,#3160);
#3160 = DEFINITIONAL_REPRESENTATION('',(#3161),#3200);
#3161 = B_SPLINE_CURVE_WITH_KNOTS('',7,(#3162,#3163,#3164,#3165,#3166,
    #3167,#3168,#3169,#3170,#3171,#3172,#3173,#3174,#3175,#3176,#3177,
    #3178,#3179,#3180,#3181,#3182,#3183,#3184,#3185,#3186,#3187,#3188,
    #3189,#3190,#3191,#3192,#3193,#3194,#3195,#3196,#3197,#3198,#3199),
  .UNSPECIFIED.,.F.,.F.,(8,6,6,6,6,6,8),(0.,0.170268649692,
    0.392056660366,0.649287491224,0.744809017784,0.930344395873,1.),
  .UNSPECIFIED.);
#3162 = CARTESIAN_POINT('',(-0.671950896496,6.5));
#3163 = CARTESIAN_POINT('',(-0.671950896496,6.290552216594));
#3164 = CARTESIAN_POINT('',(-0.674333849268,6.081731785285));
#3165 = CARTESIAN_POINT('',(-0.679074494187,5.873902408035));
#3166 = CARTESIAN_POINT('',(-0.686097822061,5.667486146957));
#3167 = CARTESIAN_POINT('',(-0.695277548238,5.463038890234));
#3168 = CARTESIAN_POINT('',(-0.706431915077,5.261323558912));
#3169 = CARTESIAN_POINT('',(-0.736100408241,4.805545719987));
#3170 = CARTESIAN_POINT('',(-0.755877591216,4.553231236343));
#3171 = CARTESIAN_POINT('',(-0.778313407595,4.306193622575));
#3172 = CARTESIAN_POINT('',(-0.803127893391,4.064331957668));
#3173 = CARTESIAN_POINT('',(-0.830103678478,3.827651273404));
#3174 = CARTESIAN_POINT('',(-0.859094795261,3.596216311753));
#3175 = CARTESIAN_POINT('',(-0.925923281098,3.107840862256));
#3176 = CARTESIAN_POINT('',(-0.964391007922,2.853050814482));
#3177 = CARTESIAN_POINT('',(-1.005420153268,2.605145764429));
#3178 = CARTESIAN_POINT('',(-1.049108300365,2.364229523076));
#3179 = CARTESIAN_POINT('',(-1.095614728291,2.131130145986));
#3180 = CARTESIAN_POINT('',(-1.1451394652,1.907507951132));
#3181 = CARTESIAN_POINT('',(-1.217551522347,1.617370726548));
#3182 = CARTESIAN_POINT('',(-1.237625006152,1.540414646228));
#3183 = CARTESIAN_POINT('',(-1.258176419796,1.46521099099));
#3184 = CARTESIAN_POINT('',(-1.279218733121,1.391922492336));
#3185 = CARTESIAN_POINT('',(-1.300765499296,1.320731290955));
#3186 = CARTESIAN_POINT('',(-1.322831316934,1.251838094602));
#3187 = CARTESIAN_POINT('',(-1.389331093252,1.056535035798));
#3188 = CARTESIAN_POINT('',(-1.435706221757,0.935759868443));
#3189 = CARTESIAN_POINT('',(-1.484173814406,0.826790143817));
#3190 = CARTESIAN_POINT('',(-1.53440648913,0.732417716181));
#3191 = CARTESIAN_POINT('',(-1.586118605446,0.654665551997));
#3192 = CARTESIAN_POINT('',(-1.639052908801,0.594830097403));
#3193 = CARTESIAN_POINT('',(-1.713210128036,0.537945529236));
#3194 = CARTESIAN_POINT('',(-1.733508826608,0.525085353841));
#3195 = CARTESIAN_POINT('',(-1.753832500663,0.514897431616));
#3196 = CARTESIAN_POINT('',(-1.774148886814,0.507358728949));
#3197 = CARTESIAN_POINT('',(-1.794425094742,0.502418646571));
#3198 = CARTESIAN_POINT('',(-1.814627089685,0.5));
#3199 = CARTESIAN_POINT('',(-1.834719174925,0.5));
#3200 = ( GEOMETRIC_REPRESENTATION_CONTEXT(2) 
PARAMETRIC_REPRESENTATION_CONTEXT() REPRESENTATION_CONTEXT('2D SPACE',''
  ) );
#3201 = PCURVE('',#2598,#3202);
#3202 = DEFINITIONAL_REPRESENTATION('',(#3203),#3242);
#3203 = B_SPLINE_CURVE_WITH_KNOTS('',7,(#3204,#3205,#3206,#3207,#3208,
    #3209,#3210,#3211,#3212,#3213,#3214,#3215,#3216,#3217,#3218,#3219,
    #3220,#3221,#3222,#3223,#3224,#3225,#3226,#3227,#3228,#3229,#3230,
    #3231,#3232,#3233,#3234,#3235,#3236,#3237,#3238,#3239,#3240,#3241),
  .UNSPECIFIED.,.F.,.F.,(8,6,6,6,6,6,8),(0.,0.170268649692,
    0.392056660366,0.649287491224,0.744809017784,0.930344395873,1.),
  .UNSPECIFIED.);
#3204 = CARTESIAN_POINT('',(0.,17.929455265819));
#3205 = CARTESIAN_POINT('',(-3.490796390097E-02,17.929455265819));
#3206 = CARTESIAN_POINT('',(-6.97113289944E-02,17.940178666392));
#3207 = CARTESIAN_POINT('',(-0.104419177944,17.96151117735));
#3208 = CARTESIAN_POINT('',(-0.139028251646,17.992988615497));
#3209 = CARTESIAN_POINT('',(-0.17351241468,18.033792555576));
#3210 = CARTESIAN_POINT('',(-0.207806626444,18.082774374433));
#3211 = CARTESIAN_POINT('',(-0.286045407028,18.211104615946));
#3212 = CARTESIAN_POINT('',(-0.329921413767,18.295405051922));
#3213 = CARTESIAN_POINT('',(-0.373578704331,18.389128142866));
#3214 = CARTESIAN_POINT('',(-0.417159162108,18.490110764312));
#3215 = CARTESIAN_POINT('',(-0.46079184838,18.596409707052));
#3216 = CARTESIAN_POINT('',(-0.50461144085,18.706318001307));
#3217 = CARTESIAN_POINT('',(-0.600016740328,18.948167294575));
#3218 = CARTESIAN_POINT('',(-0.651662893056,19.080666858653));
#3219 = CARTESIAN_POINT('',(-0.704110568854,19.213710079144));
#3220 = CARTESIAN_POINT('',(-0.757702788443,19.345321363333));
#3221 = CARTESIAN_POINT('',(-0.812756892068,19.473174135048));
#3222 = CARTESIAN_POINT('',(-0.869566290476,19.594326517891));
#3223 = CARTESIAN_POINT('',(-0.950281575978,19.74599907175));
#3224 = CARTESIAN_POINT('',(-0.972435379975,19.785642520158));
#3225 = CARTESIAN_POINT('',(-0.994900066188,19.823653850534));
#3226 = CARTESIAN_POINT('',(-1.017688590479,19.859809694116));
#3227 = CARTESIAN_POINT('',(-1.040813374295,19.893866376247));
#3228 = CARTESIAN_POINT('',(-1.064286719726,19.925558701409));
#3229 = CARTESIAN_POINT('',(-1.134415960664,20.01100439269));
#3230 = CARTESIAN_POINT('',(-1.18255544813,20.057991283569));
#3231 = CARTESIAN_POINT('',(-1.232073919879,20.092328780035));
#3232 = CARTESIAN_POINT('',(-1.28260142445,20.111276352605));
#3233 = CARTESIAN_POINT('',(-1.33382187683,20.112660149981));
#3234 = CARTESIAN_POINT('',(-1.385444672586,20.094922015523));
#3235 = CARTESIAN_POINT('',(-1.456616578921,20.042956783875));
#3236 = CARTESIAN_POINT('',(-1.475982604131,20.026004510787));
#3237 = CARTESIAN_POINT('',(-1.495256183993,20.006288506534));
#3238 = CARTESIAN_POINT('',(-1.514405941958,19.983841929806));
#3239 = CARTESIAN_POINT('',(-1.533400505768,19.958727612339));
#3240 = CARTESIAN_POINT('',(-1.552208131363,19.931038955654));
#3241 = CARTESIAN_POINT('',(-1.570796326795,19.900900827794));
#3242 = ( GEOMETRIC_REPRESENTATION_CONTEXT(2) 
PARAMETRIC_REPRESENTATION_CONTEXT() REPRESENTATION_CONTEXT('2D SPACE',''
  ) );
#3243 = ORIENTED_EDGE('',*,*,#3244,.T.);
#3244 = EDGE_CURVE('',#3117,#2956,#3245,.T.);
#3245 = SURFACE_CURVE('',#3246,(#3251,#3258),.PCURVE_S1.);
#3246 = CIRCLE('',#3247,5.75);
#3247 = AXIS2_PLACEMENT_3D('',#3248,#3249,#3250);
#3248 = CARTESIAN_POINT('',(0.,-30.,15.5));
#3249 = DIRECTION('',(1.,0.,-0.));
#3250 = DIRECTION('',(-0.,-0.,-1.));
#3251 = PCURVE('',#2626,#3252);
#3252 = DEFINITIONAL_REPRESENTATION('',(#3253),#3257);
#3253 = LINE('',#3254,#3255);
#3254 = CARTESIAN_POINT('',(-0.,0.5));
#3255 = VECTOR('',#3256,1.);
#3256 = DIRECTION('',(-1.,0.));
#3257 = ( GEOMETRIC_REPRESENTATION_CONTEXT(2) 
PARAMETRIC_REPRESENTATION_CONTEXT() REPRESENTATION_CONTEXT('2D SPACE',''
  ) );
#3258 = PCURVE('',#2763,#3259);
#3259 = DEFINITIONAL_REPRESENTATION('',(#3260),#3268);
#3260 = ( BOUNDED_CURVE() B_SPLINE_CURVE(2,(#3261,#3262,#3263,#3264,
#3265,#3266,#3267),.UNSPECIFIED.,.T.,.F.) B_SPLINE_CURVE_WITH_KNOTS((1,2
    ,2,2,2,1),(-2.094395102393,0.,2.094395102393,4.188790204786,
6.28318530718,8.377580409573),.UNSPECIFIED.) CURVE() 
GEOMETRIC_REPRESENTATION_ITEM() RATIONAL_B_SPLINE_CURVE((1.,0.5,1.,0.5,
1.,0.5,1.)) REPRESENTATION_ITEM('') );
#3261 = CARTESIAN_POINT('',(1.25,-14.35));
#3262 = CARTESIAN_POINT('',(1.25,-24.30929214352));
#3263 = CARTESIAN_POINT('',(-7.375,-19.32964607176));
#3264 = CARTESIAN_POINT('',(-16.,-14.35));
#3265 = CARTESIAN_POINT('',(-7.375,-9.370353928239));
#3266 = CARTESIAN_POINT('',(1.25,-4.390707856479));
#3267 = CARTESIAN_POINT('',(1.25,-14.35));
#3268 = ( GEOMETRIC_REPRESENTATION_CONTEXT(2) 
PARAMETRIC_REPRESENTATION_CONTEXT() REPRESENTATION_CONTEXT('2D SPACE',''
  ) );
#3269 = ORIENTED_EDGE('',*,*,#2978,.T.);
#3270 = ORIENTED_EDGE('',*,*,#2666,.T.);
#3271 = ADVANCED_FACE('',(#3272,#3276),#2654,.F.);
#3272 = FACE_BOUND('',#3273,.T.);
#3273 = EDGE_LOOP('',(#3274,#3275));
#3274 = ORIENTED_EDGE('',*,*,#2638,.T.);
#3275 = ORIENTED_EDGE('',*,*,#3089,.T.);
#3276 = FACE_BOUND('',#3277,.T.);
#3277 = EDGE_LOOP('',(#3278));
#3278 = ORIENTED_EDGE('',*,*,#3279,.T.);
#3279 = EDGE_CURVE('',#3280,#3280,#3282,.T.);
#3280 = VERTEX_POINT('',#3281);
#3281 = CARTESIAN_POINT('',(-9.,-30.,17.2));
#3282 = SURFACE_CURVE('',#3283,(#3288,#3295),.PCURVE_S1.);
#3283 = CIRCLE('',#3284,1.7);
#3284 = AXIS2_PLACEMENT_3D('',#3285,#3286,#3287);
#3285 = CARTESIAN_POINT('',(-9.,-30.,15.5));
#3286 = DIRECTION('',(-1.,-0.,-0.));
#3287 = DIRECTION('',(-0.,-0.,1.));
#3288 = PCURVE('',#2654,#3289);
#3289 = DEFINITIONAL_REPRESENTATION('',(#3290),#3294);
#3290 = CIRCLE('',#3291,1.7);
#3291 = AXIS2_PLACEMENT_2D('',#3292,#3293);
#3292 = CARTESIAN_POINT('',(0.,0.));
#3293 = DIRECTION('',(1.,-0.));
#3294 = ( GEOMETRIC_REPRESENTATION_CONTEXT(2) 
PARAMETRIC_REPRESENTATION_CONTEXT() REPRESENTATION_CONTEXT('2D SPACE',''
  ) );
#3295 = PCURVE('',#3296,#3301);
#3296 = CYLINDRICAL_SURFACE('',#3297,1.7);
#3297 = AXIS2_PLACEMENT_3D('',#3298,#3299,#3300);
#3298 = CARTESIAN_POINT('',(-19.,-30.,15.5));
#3299 = DIRECTION('',(1.,-0.,-0.));
#3300 = DIRECTION('',(-0.,-0.,1.));
#3301 = DEFINITIONAL_REPRESENTATION('',(#3302),#3306);
#3302 = LINE('',#3303,#3304);
#3303 = CARTESIAN_POINT('',(-0.,10.));
#3304 = VECTOR('',#3305,1.);
#3305 = DIRECTION('',(-1.,0.));
#3306 = ( GEOMETRIC_REPRESENTATION_CONTEXT(2) 
PARAMETRIC_REPRESENTATION_CONTEXT() REPRESENTATION_CONTEXT('2D SPACE',''
  ) );
#3307 = ADVANCED_FACE('',(#3308),#2598,.T.);
#3308 = FACE_BOUND('',#3309,.F.);
#3309 = EDGE_LOOP('',(#3310,#3311,#3312,#3335));
#3310 = ORIENTED_EDGE('',*,*,#2582,.F.);
#3311 = ORIENTED_EDGE('',*,*,#3116,.T.);
#3312 = ORIENTED_EDGE('',*,*,#3313,.T.);
#3313 = EDGE_CURVE('',#3117,#3314,#3316,.T.);
#3314 = VERTEX_POINT('',#3315);
#3315 = CARTESIAN_POINT('',(8.881784197001E-16,-15.65,17.));
#3316 = SURFACE_CURVE('',#3317,(#3321,#3328),.PCURVE_S1.);
#3317 = LINE('',#3318,#3319);
#3318 = CARTESIAN_POINT('',(8.881784197001E-16,-44.35,17.));
#3319 = VECTOR('',#3320,1.);
#3320 = DIRECTION('',(-0.,1.,-0.));
#3321 = PCURVE('',#2598,#3322);
#3322 = DEFINITIONAL_REPRESENTATION('',(#3323),#3327);
#3323 = LINE('',#3324,#3325);
#3324 = CARTESIAN_POINT('',(-1.570796326795,0.));
#3325 = VECTOR('',#3326,1.);
#3326 = DIRECTION('',(-0.,1.));
#3327 = ( GEOMETRIC_REPRESENTATION_CONTEXT(2) 
PARAMETRIC_REPRESENTATION_CONTEXT() REPRESENTATION_CONTEXT('2D SPACE',''
  ) );
#3328 = PCURVE('',#2763,#3329);
#3329 = DEFINITIONAL_REPRESENTATION('',(#3330),#3334);
#3330 = LINE('',#3331,#3332);
#3331 = CARTESIAN_POINT('',(-6.,-0.));
#3332 = VECTOR('',#3333,1.);
#3333 = DIRECTION('',(-0.,-1.));
#3334 = ( GEOMETRIC_REPRESENTATION_CONTEXT(2) 
PARAMETRIC_REPRESENTATION_CONTEXT() REPRESENTATION_CONTEXT('2D SPACE',''
  ) );
#3335 = ORIENTED_EDGE('',*,*,#3336,.F.);
#3336 = EDGE_CURVE('',#2555,#3314,#3337,.T.);
#3337 = SURFACE_CURVE('',#3338,(#3343,#3350),.PCURVE_S1.);
#3338 = CIRCLE('',#3339,6.);
#3339 = AXIS2_PLACEMENT_3D('',#3340,#3341,#3342);
#3340 = CARTESIAN_POINT('',(-6.,-15.65,17.));
#3341 = DIRECTION('',(0.,-1.,0.));
#3342 = DIRECTION('',(0.,-0.,-1.));
#3343 = PCURVE('',#2598,#3344);
#3344 = DEFINITIONAL_REPRESENTATION('',(#3345),#3349);
#3345 = LINE('',#3346,#3347);
#3346 = CARTESIAN_POINT('',(-0.,28.7));
#3347 = VECTOR('',#3348,1.);
#3348 = DIRECTION('',(-1.,0.));
#3349 = ( GEOMETRIC_REPRESENTATION_CONTEXT(2) 
PARAMETRIC_REPRESENTATION_CONTEXT() REPRESENTATION_CONTEXT('2D SPACE',''
  ) );
#3350 = PCURVE('',#2570,#3351);
#3351 = DEFINITIONAL_REPRESENTATION('',(#3352),#3360);
#3352 = ( BOUNDED_CURVE() B_SPLINE_CURVE(2,(#3353,#3354,#3355,#3356,
#3357,#3358,#3359),.UNSPECIFIED.,.T.,.F.) B_SPLINE_CURVE_WITH_KNOTS((1,2
    ,2,2,2,1),(-2.094395102393,0.,2.094395102393,4.188790204786,
6.28318530718,8.377580409573),.UNSPECIFIED.) CURVE() 
GEOMETRIC_REPRESENTATION_ITEM() RATIONAL_B_SPLINE_CURVE((1.,0.5,1.,0.5,
1.,0.5,1.)) REPRESENTATION_ITEM('') );
#3353 = CARTESIAN_POINT('',(-16.5,3.));
#3354 = CARTESIAN_POINT('',(-16.5,13.392304845413));
#3355 = CARTESIAN_POINT('',(-7.5,8.196152422707));
#3356 = CARTESIAN_POINT('',(1.5,3.));
#3357 = CARTESIAN_POINT('',(-7.5,-2.196152422707));
#3358 = CARTESIAN_POINT('',(-16.5,-7.392304845413));
#3359 = CARTESIAN_POINT('',(-16.5,3.));
#3360 = ( GEOMETRIC_REPRESENTATION_CONTEXT(2) 
PARAMETRIC_REPRESENTATION_CONTEXT() REPRESENTATION_CONTEXT('2D SPACE',''
  ) );
#3361 = ADVANCED_FACE('',(#3362,#3528),#2570,.T.);
#3362 = FACE_BOUND('',#3363,.F.);
#3363 = EDGE_LOOP('',(#3364,#3365,#3366,#3389,#3422,#3450,#3483,#3506));
#3364 = ORIENTED_EDGE('',*,*,#2554,.T.);
#3365 = ORIENTED_EDGE('',*,*,#3336,.T.);
#3366 = ORIENTED_EDGE('',*,*,#3367,.T.);
#3367 = EDGE_CURVE('',#3314,#3368,#3370,.T.);
#3368 = VERTEX_POINT('',#3369);
#3369 = CARTESIAN_POINT('',(8.881784197001E-16,-15.65,38.));
#3370 = SURFACE_CURVE('',#3371,(#3375,#3382),.PCURVE_S1.);
#3371 = LINE('',#3372,#3373);
#3372 = CARTESIAN_POINT('',(0.,-15.65,11.));
#3373 = VECTOR('',#3374,1.);
#3374 = DIRECTION('',(-0.,-0.,1.));
#3375 = PCURVE('',#2570,#3376);
#3376 = DEFINITIONAL_REPRESENTATION('',(#3377),#3381);
#3377 = LINE('',#3378,#3379);
#3378 = CARTESIAN_POINT('',(-16.5,9.));
#3379 = VECTOR('',#3380,1.);
#3380 = DIRECTION('',(1.,-0.));
#3381 = ( GEOMETRIC_REPRESENTATION_CONTEXT(2) 
PARAMETRIC_REPRESENTATION_CONTEXT() REPRESENTATION_CONTEXT('2D SPACE',''
  ) );
#3382 = PCURVE('',#2763,#3383);
#3383 = DEFINITIONAL_REPRESENTATION('',(#3384),#3388);
#3384 = LINE('',#3385,#3386);
#3385 = CARTESIAN_POINT('',(-0.,-28.7));
#3386 = VECTOR('',#3387,1.);
#3387 = DIRECTION('',(-1.,-0.));
#3388 = ( GEOMETRIC_REPRESENTATION_CONTEXT(2) 
PARAMETRIC_REPRESENTATION_CONTEXT() REPRESENTATION_CONTEXT('2D SPACE',''
  ) );
#3389 = ORIENTED_EDGE('',*,*,#3390,.T.);
#3390 = EDGE_CURVE('',#3368,#3391,#3393,.T.);
#3391 = VERTEX_POINT('',#3392);
#3392 = CARTESIAN_POINT('',(-6.,-15.65,44.));
#3393 = SURFACE_CURVE('',#3394,(#3399,#3410),.PCURVE_S1.);
#3394 = CIRCLE('',#3395,6.);
#3395 = AXIS2_PLACEMENT_3D('',#3396,#3397,#3398);
#3396 = CARTESIAN_POINT('',(-6.,-15.65,38.));
#3397 = DIRECTION('',(0.,-1.,0.));
#3398 = DIRECTION('',(0.,-0.,-1.));
#3399 = PCURVE('',#2570,#3400);
#3400 = DEFINITIONAL_REPRESENTATION('',(#3401),#3409);
#3401 = ( BOUNDED_CURVE() B_SPLINE_CURVE(2,(#3402,#3403,#3404,#3405,
#3406,#3407,#3408),.UNSPECIFIED.,.T.,.F.) B_SPLINE_CURVE_WITH_KNOTS((1,2
    ,2,2,2,1),(-2.094395102393,0.,2.094395102393,4.188790204786,
6.28318530718,8.377580409573),.UNSPECIFIED.) CURVE() 
GEOMETRIC_REPRESENTATION_ITEM() RATIONAL_B_SPLINE_CURVE((1.,0.5,1.,0.5,
1.,0.5,1.)) REPRESENTATION_ITEM('') );
#3402 = CARTESIAN_POINT('',(4.5,3.));
#3403 = CARTESIAN_POINT('',(4.5,13.392304845413));
#3404 = CARTESIAN_POINT('',(13.5,8.196152422707));
#3405 = CARTESIAN_POINT('',(22.5,3.));
#3406 = CARTESIAN_POINT('',(13.5,-2.196152422707));
#3407 = CARTESIAN_POINT('',(4.5,-7.392304845413));
#3408 = CARTESIAN_POINT('',(4.5,3.));
#3409 = ( GEOMETRIC_REPRESENTATION_CONTEXT(2) 
PARAMETRIC_REPRESENTATION_CONTEXT() REPRESENTATION_CONTEXT('2D SPACE',''
  ) );
#3410 = PCURVE('',#3411,#3416);
#3411 = CYLINDRICAL_SURFACE('',#3412,6.);
#3412 = AXIS2_PLACEMENT_3D('',#3413,#3414,#3415);
#3413 = CARTESIAN_POINT('',(-6.,-44.35,38.));
#3414 = DIRECTION('',(-0.,1.,-0.));
#3415 = DIRECTION('',(1.,-0.,-0.));
#3416 = DEFINITIONAL_REPRESENTATION('',(#3417),#3421);
#3417 = LINE('',#3418,#3419);
#3418 = CARTESIAN_POINT('',(1.570796326795,28.7));
#3419 = VECTOR('',#3420,1.);
#3420 = DIRECTION('',(-1.,0.));
#3421 = ( GEOMETRIC_REPRESENTATION_CONTEXT(2) 
PARAMETRIC_REPRESENTATION_CONTEXT() REPRESENTATION_CONTEXT('2D SPACE',''
  ) );
#3422 = ORIENTED_EDGE('',*,*,#3423,.T.);
#3423 = EDGE_CURVE('',#3391,#3424,#3426,.T.);
#3424 = VERTEX_POINT('',#3425);
#3425 = CARTESIAN_POINT('',(-12.,-15.65,44.));
#3426 = SURFACE_CURVE('',#3427,(#3431,#3438),.PCURVE_S1.);
#3427 = LINE('',#3428,#3429);
#3428 = CARTESIAN_POINT('',(0.,-15.65,44.));
#3429 = VECTOR('',#3430,1.);
#3430 = DIRECTION('',(-1.,-0.,-0.));
#3431 = PCURVE('',#2570,#3432);
#3432 = DEFINITIONAL_REPRESENTATION('',(#3433),#3437);
#3433 = LINE('',#3434,#3435);
#3434 = CARTESIAN_POINT('',(16.5,9.));
#3435 = VECTOR('',#3436,1.);
#3436 = DIRECTION('',(-0.,-1.));
#3437 = ( GEOMETRIC_REPRESENTATION_CONTEXT(2) 
PARAMETRIC_REPRESENTATION_CONTEXT() REPRESENTATION_CONTEXT('2D SPACE',''
  ) );
#3438 = PCURVE('',#3439,#3444);
#3439 = PLANE('',#3440);
#3440 = AXIS2_PLACEMENT_3D('',#3441,#3442,#3443);
#3441 = CARTESIAN_POINT('',(0.,-44.35,44.));
#3442 = DIRECTION('',(-0.,0.,-1.));
#3443 = DIRECTION('',(1.,0.,0.));
#3444 = DEFINITIONAL_REPRESENTATION('',(#3445),#3449);
#3445 = LINE('',#3446,#3447);
#3446 = CARTESIAN_POINT('',(-0.,-28.7));
#3447 = VECTOR('',#3448,1.);
#3448 = DIRECTION('',(-1.,0.));
#3449 = ( GEOMETRIC_REPRESENTATION_CONTEXT(2) 
PARAMETRIC_REPRESENTATION_CONTEXT() REPRESENTATION_CONTEXT('2D SPACE',''
  ) );
#3450 = ORIENTED_EDGE('',*,*,#3451,.T.);
#3451 = EDGE_CURVE('',#3424,#3452,#3454,.T.);
#3452 = VERTEX_POINT('',#3453);
#3453 = CARTESIAN_POINT('',(-18.,-15.65,38.));
#3454 = SURFACE_CURVE('',#3455,(#3460,#3471),.PCURVE_S1.);
#3455 = CIRCLE('',#3456,6.);
#3456 = AXIS2_PLACEMENT_3D('',#3457,#3458,#3459);
#3457 = CARTESIAN_POINT('',(-12.,-15.65,38.));
#3458 = DIRECTION('',(0.,-1.,0.));
#3459 = DIRECTION('',(0.,-0.,-1.));
#3460 = PCURVE('',#2570,#3461);
#3461 = DEFINITIONAL_REPRESENTATION('',(#3462),#3470);
#3462 = ( BOUNDED_CURVE() B_SPLINE_CURVE(2,(#3463,#3464,#3465,#3466,
#3467,#3468,#3469),.UNSPECIFIED.,.T.,.F.) B_SPLINE_CURVE_WITH_KNOTS((1,2
    ,2,2,2,1),(-2.094395102393,0.,2.094395102393,4.188790204786,
6.28318530718,8.377580409573),.UNSPECIFIED.) CURVE() 
GEOMETRIC_REPRESENTATION_ITEM() RATIONAL_B_SPLINE_CURVE((1.,0.5,1.,0.5,
1.,0.5,1.)) REPRESENTATION_ITEM('') );
#3463 = CARTESIAN_POINT('',(4.5,-3.));
#3464 = CARTESIAN_POINT('',(4.5,7.392304845413));
#3465 = CARTESIAN_POINT('',(13.5,2.196152422707));
#3466 = CARTESIAN_POINT('',(22.5,-3.));
#3467 = CARTESIAN_POINT('',(13.5,-8.196152422707));
#3468 = CARTESIAN_POINT('',(4.5,-13.39230484541));
#3469 = CARTESIAN_POINT('',(4.5,-3.));
#3470 = ( GEOMETRIC_REPRESENTATION_CONTEXT(2) 
PARAMETRIC_REPRESENTATION_CONTEXT() REPRESENTATION_CONTEXT('2D SPACE',''
  ) );
#3471 = PCURVE('',#3472,#3477);
#3472 = CYLINDRICAL_SURFACE('',#3473,6.);
#3473 = AXIS2_PLACEMENT_3D('',#3474,#3475,#3476);
#3474 = CARTESIAN_POINT('',(-12.,-44.35,38.));
#3475 = DIRECTION('',(-0.,1.,-0.));
#3476 = DIRECTION('',(-0.,-0.,1.));
#3477 = DEFINITIONAL_REPRESENTATION('',(#3478),#3482);
#3478 = LINE('',#3479,#3480);
#3479 = CARTESIAN_POINT('',(3.14159265359,28.7));
#3480 = VECTOR('',#3481,1.);
#3481 = DIRECTION('',(-1.,0.));
#3482 = ( GEOMETRIC_REPRESENTATION_CONTEXT(2) 
PARAMETRIC_REPRESENTATION_CONTEXT() REPRESENTATION_CONTEXT('2D SPACE',''
  ) );
#3483 = ORIENTED_EDGE('',*,*,#3484,.T.);
#3484 = EDGE_CURVE('',#3452,#3485,#3487,.T.);
#3485 = VERTEX_POINT('',#3486);
#3486 = CARTESIAN_POINT('',(-18.,-15.65,17.));
#3487 = SURFACE_CURVE('',#3488,(#3492,#3499),.PCURVE_S1.);
#3488 = LINE('',#3489,#3490);
#3489 = CARTESIAN_POINT('',(-18.,-15.65,44.));
#3490 = VECTOR('',#3491,1.);
#3491 = DIRECTION('',(-0.,-0.,-1.));
#3492 = PCURVE('',#2570,#3493);
#3493 = DEFINITIONAL_REPRESENTATION('',(#3494),#3498);
#3494 = LINE('',#3495,#3496);
#3495 = CARTESIAN_POINT('',(16.5,-9.));
#3496 = VECTOR('',#3497,1.);
#3497 = DIRECTION('',(-1.,0.));
#3498 = ( GEOMETRIC_REPRESENTATION_CONTEXT(2) 
PARAMETRIC_REPRESENTATION_CONTEXT() REPRESENTATION_CONTEXT('2D SPACE',''
  ) );
#3499 = PCURVE('',#2885,#3500);
#3500 = DEFINITIONAL_REPRESENTATION('',(#3501),#3505);
#3501 = LINE('',#3502,#3503);
#3502 = CARTESIAN_POINT('',(-0.,-28.7));
#3503 = VECTOR('',#3504,1.);
#3504 = DIRECTION('',(-1.,0.));
#3505 = ( GEOMETRIC_REPRESENTATION_CONTEXT(2) 
PARAMETRIC_REPRESENTATION_CONTEXT() REPRESENTATION_CONTEXT('2D SPACE',''
  ) );
#3506 = ORIENTED_EDGE('',*,*,#3507,.F.);
#3507 = EDGE_CURVE('',#2527,#3485,#3508,.T.);
#3508 = SURFACE_CURVE('',#3509,(#3514,#3521),.PCURVE_S1.);
#3509 = CIRCLE('',#3510,6.);
#3510 = AXIS2_PLACEMENT_3D('',#3511,#3512,#3513);
#3511 = CARTESIAN_POINT('',(-12.,-15.65,17.));
#3512 = DIRECTION('',(0.,1.,-0.));
#3513 = DIRECTION('',(-0.,-0.,-1.));
#3514 = PCURVE('',#2570,#3515);
#3515 = DEFINITIONAL_REPRESENTATION('',(#3516),#3520);
#3516 = CIRCLE('',#3517,6.);
#3517 = AXIS2_PLACEMENT_2D('',#3518,#3519);
#3518 = CARTESIAN_POINT('',(-10.5,-3.));
#3519 = DIRECTION('',(-1.,0.));
#3520 = ( GEOMETRIC_REPRESENTATION_CONTEXT(2) 
PARAMETRIC_REPRESENTATION_CONTEXT() REPRESENTATION_CONTEXT('2D SPACE',''
  ) );
#3521 = PCURVE('',#2542,#3522);
#3522 = DEFINITIONAL_REPRESENTATION('',(#3523),#3527);
#3523 = LINE('',#3524,#3525);
#3524 = CARTESIAN_POINT('',(0.,28.7));
#3525 = VECTOR('',#3526,1.);
#3526 = DIRECTION('',(1.,0.));
#3527 = ( GEOMETRIC_REPRESENTATION_CONTEXT(2) 
PARAMETRIC_REPRESENTATION_CONTEXT() REPRESENTATION_CONTEXT('2D SPACE',''
  ) );
#3528 = FACE_BOUND('',#3529,.F.);
#3529 = EDGE_LOOP('',(#3530));
#3530 = ORIENTED_EDGE('',*,*,#3531,.T.);
#3531 = EDGE_CURVE('',#3532,#3532,#3534,.T.);
#3532 = VERTEX_POINT('',#3533);
#3533 = CARTESIAN_POINT('',(-15.,-15.65,41.2));
#3534 = SURFACE_CURVE('',#3535,(#3540,#3547),.PCURVE_S1.);
#3535 = CIRCLE('',#3536,1.7);
#3536 = AXIS2_PLACEMENT_3D('',#3537,#3538,#3539);
#3537 = CARTESIAN_POINT('',(-15.,-15.65,39.5));
#3538 = DIRECTION('',(0.,1.,0.));
#3539 = DIRECTION('',(-0.,-0.,1.));
#3540 = PCURVE('',#2570,#3541);
#3541 = DEFINITIONAL_REPRESENTATION('',(#3542),#3546);
#3542 = CIRCLE('',#3543,1.7);
#3543 = AXIS2_PLACEMENT_2D('',#3544,#3545);
#3544 = CARTESIAN_POINT('',(12.,-6.));
#3545 = DIRECTION('',(1.,-0.));
#3546 = ( GEOMETRIC_REPRESENTATION_CONTEXT(2) 
PARAMETRIC_REPRESENTATION_CONTEXT() REPRESENTATION_CONTEXT('2D SPACE',''
  ) );
#3547 = PCURVE('',#3548,#3553);
#3548 = CYLINDRICAL_SURFACE('',#3549,1.7);
#3549 = AXIS2_PLACEMENT_3D('',#3550,#3551,#3552);
#3550 = CARTESIAN_POINT('',(-15.,-15.65,39.5));
#3551 = DIRECTION('',(-0.,-1.,-0.));
#3552 = DIRECTION('',(-0.,-0.,1.));
#3553 = DEFINITIONAL_REPRESENTATION('',(#3554),#3558);
#3554 = LINE('',#3555,#3556);
#3555 = CARTESIAN_POINT('',(-0.,0.));
#3556 = VECTOR('',#3557,1.);
#3557 = DIRECTION('',(-1.,0.));
#3558 = ( GEOMETRIC_REPRESENTATION_CONTEXT(2) 
PARAMETRIC_REPRESENTATION_CONTEXT() REPRESENTATION_CONTEXT('2D SPACE',''
  ) );
#3559 = ADVANCED_FACE('',(#3560),#2542,.T.);
#3560 = FACE_BOUND('',#3561,.T.);
#3561 = EDGE_LOOP('',(#3562,#3563,#3564,#3587,#3837,#3858));
#3562 = ORIENTED_EDGE('',*,*,#2526,.F.);
#3563 = ORIENTED_EDGE('',*,*,#2897,.T.);
#3564 = ORIENTED_EDGE('',*,*,#3565,.T.);
#3565 = EDGE_CURVE('',#2870,#3566,#3568,.T.);
#3566 = VERTEX_POINT('',#3567);
#3567 = CARTESIAN_POINT('',(-18.,-32.42332416321,17.));
#3568 = SURFACE_CURVE('',#3569,(#3573,#3580),.PCURVE_S1.);
#3569 = LINE('',#3570,#3571);
#3570 = CARTESIAN_POINT('',(-18.,-44.35,17.));
#3571 = VECTOR('',#3572,1.);
#3572 = DIRECTION('',(-0.,1.,-0.));
#3573 = PCURVE('',#2542,#3574);
#3574 = DEFINITIONAL_REPRESENTATION('',(#3575),#3579);
#3575 = LINE('',#3576,#3577);
#3576 = CARTESIAN_POINT('',(1.570796326795,0.));
#3577 = VECTOR('',#3578,1.);
#3578 = DIRECTION('',(0.,1.));
#3579 = ( GEOMETRIC_REPRESENTATION_CONTEXT(2) 
PARAMETRIC_REPRESENTATION_CONTEXT() REPRESENTATION_CONTEXT('2D SPACE',''
  ) );
#3580 = PCURVE('',#2885,#3581);
#3581 = DEFINITIONAL_REPRESENTATION('',(#3582),#3586);
#3582 = LINE('',#3583,#3584);
#3583 = CARTESIAN_POINT('',(-27.,0.));
#3584 = VECTOR('',#3585,1.);
#3585 = DIRECTION('',(-0.,-1.));
#3586 = ( GEOMETRIC_REPRESENTATION_CONTEXT(2) 
PARAMETRIC_REPRESENTATION_CONTEXT() REPRESENTATION_CONTEXT('2D SPACE',''
  ) );
#3587 = ORIENTED_EDGE('',*,*,#3588,.F.);
#3588 = EDGE_CURVE('',#3589,#3566,#3591,.T.);
#3589 = VERTEX_POINT('',#3590);
#3590 = CARTESIAN_POINT('',(-18.,-27.57667583679,17.));
#3591 = SURFACE_CURVE('',#3592,(#3670,#3751),.PCURVE_S1.);
#3592 = B_SPLINE_CURVE_WITH_KNOTS('',6,(#3593,#3594,#3595,#3596,#3597,
    #3598,#3599,#3600,#3601,#3602,#3603,#3604,#3605,#3606,#3607,#3608,
    #3609,#3610,#3611,#3612,#3613,#3614,#3615,#3616,#3617,#3618,#3619,
    #3620,#3621,#3622,#3623,#3624,#3625,#3626,#3627,#3628,#3629,#3630,
    #3631,#3632,#3633,#3634,#3635,#3636,#3637,#3638,#3639,#3640,#3641,
    #3642,#3643,#3644,#3645,#3646,#3647,#3648,#3649,#3650,#3651,#3652,
    #3653,#3654,#3655,#3656,#3657,#3658,#3659,#3660,#3661,#3662,#3663,
    #3664,#3665,#3666,#3667,#3668,#3669),.UNSPECIFIED.,.F.,.F.,(7,5,5,5,
    5,5,5,5,5,5,5,5,5,5,5,7),(0.,8.460777365918E-02,0.140331841902,
    0.173904773962,0.213894024761,0.317043939496,0.417328666553,
    0.499373561874,0.554545713397,0.684892250215,0.75705626078,
    0.825169160087,0.859547846981,0.916533582094,0.968546150501,1.),
  .UNSPECIFIED.);
#3593 = CARTESIAN_POINT('',(-18.,-27.57667583678,17.));
#3594 = CARTESIAN_POINT('',(-18.,-27.47710032468,16.839130836975));
#3595 = CARTESIAN_POINT('',(-17.9948242171,-27.38711297872,
    16.665117005634));
#3596 = CARTESIAN_POINT('',(-17.98288682619,-27.31014045841,
    16.480011204995));
#3597 = CARTESIAN_POINT('',(-17.96279190143,-27.24853611897,
    16.286407936223));
#3598 = CARTESIAN_POINT('',(-17.93371459072,-27.20371066125,
    16.087178863273));
#3599 = CARTESIAN_POINT('',(-17.87040547991,-27.158023448,
    15.752342306475));
#3600 = CARTESIAN_POINT('',(-17.84146334405,-27.14747902862,
    15.618978636444));
#3601 = CARTESIAN_POINT('',(-17.80878871344,-27.1445314157,
    15.486197806667));
#3602 = CARTESIAN_POINT('',(-17.77262041791,-27.14896593059,
    15.35498711756));
#3603 = CARTESIAN_POINT('',(-17.73336338154,-27.16035427825,
    15.22631194221));
#3604 = CARTESIAN_POINT('',(-17.66641614219,-27.18871942245,
    15.025651202159));
#3605 = CARTESIAN_POINT('',(-17.64030891782,-27.20168431687,
    14.95139787172));
#3606 = CARTESIAN_POINT('',(-17.6133460408,-27.21683394621,
    14.878418948172));
#3607 = CARTESIAN_POINT('',(-17.58561458191,-27.23404909879,
    14.806793363236));
#3608 = CARTESIAN_POINT('',(-17.55720721875,-27.25320708696,
    14.736593524063));
#3609 = CARTESIAN_POINT('',(-17.49369776367,-27.2991649967,
    14.586045875729));
#3610 = CARTESIAN_POINT('',(-17.45834803131,-27.3267294523,
    14.506309835807));
#3611 = CARTESIAN_POINT('',(-17.42230036683,-27.35668999769,
    14.428701781094));
#3612 = CARTESIAN_POINT('',(-17.38568010446,-27.38887527005,
    14.353236187754));
#3613 = CARTESIAN_POINT('',(-17.34860924012,-27.42312691575,
    14.279918416384));
#3614 = CARTESIAN_POINT('',(-17.21472327954,-27.55260220797,
    14.025159902633));
#3615 = CARTESIAN_POINT('',(-17.11597527678,-27.65872926089,
    13.855754183723));
#3616 = CARTESIAN_POINT('',(-17.016723625,-27.77543929962,13.70003425335
    ));
#3617 = CARTESIAN_POINT('',(-16.91845252821,-27.90129338796,
    13.557319441379));
#3618 = CARTESIAN_POINT('',(-16.82248435278,-28.03545181223,
    13.42702999059));
#3619 = CARTESIAN_POINT('',(-16.64061146229,-28.31567572287,
    13.193956868651));
#3620 = CARTESIAN_POINT('',(-16.55440407296,-28.4614559726,
    13.090385740909));
#3621 = CARTESIAN_POINT('',(-16.47320575284,-28.61423038438,
    12.998174434118));
#3622 = CARTESIAN_POINT('',(-16.39871208677,-28.77351956892,
    12.917509644549));
#3623 = CARTESIAN_POINT('',(-16.33278996736,-28.93898916722,
    12.848714306617));
#3624 = CARTESIAN_POINT('',(-16.23205929431,-29.25066589255,
    12.746313140966));
#3625 = CARTESIAN_POINT('',(-16.19370090188,-29.39512459397,
    12.708510018624));
#3626 = CARTESIAN_POINT('',(-16.16374414588,-29.54268112482,
    12.679694283903));
#3627 = CARTESIAN_POINT('',(-16.14324824907,-29.69236427014,
    12.660217426264));
#3628 = CARTESIAN_POINT('',(-16.13279720681,-29.84330063053,
    12.650288812213));
#3629 = CARTESIAN_POINT('',(-16.13229757723,-30.09643697497,
    12.649814163745));
#3630 = CARTESIAN_POINT('',(-16.1366877691,-30.19816696252,
    12.653985405755));
#3631 = CARTESIAN_POINT('',(-16.14566360612,-30.29953812876,
    12.662509173057));
#3632 = CARTESIAN_POINT('',(-16.15910085196,-30.40022693291,
    12.675339884648));
#3633 = CARTESIAN_POINT('',(-16.17676271894,-30.49989406121,
    12.692383197142));
#3634 = CARTESIAN_POINT('',(-16.24920329952,-30.83039914519,
    12.763333050123));
#3635 = CARTESIAN_POINT('',(-16.32147788095,-31.0536053986,
    12.835540491586));
#3636 = CARTESIAN_POINT('',(-16.41104849783,-31.26730612317,
    12.928425267958));
#3637 = CARTESIAN_POINT('',(-16.51359930921,-31.47059886863,
    13.041186199147));
#3638 = CARTESIAN_POINT('',(-16.62511862035,-31.66217281373,
    13.17316909206));
#3639 = CARTESIAN_POINT('',(-16.80662118073,-31.93901369591,
    13.40729397739));
#3640 = CARTESIAN_POINT('',(-16.87307775079,-32.03379545454,
    13.496656106681));
#3641 = CARTESIAN_POINT('',(-16.94081618584,-32.12455421713,
    13.592054567786));
#3642 = CARTESIAN_POINT('',(-17.00936537852,-32.21103605059,
    13.693658959563));
#3643 = CARTESIAN_POINT('',(-17.07824290974,-32.29285608425,
    13.801671721659));
#3644 = CARTESIAN_POINT('',(-17.21173787387,-32.44177939647,
    14.024484116004));
#3645 = CARTESIAN_POINT('',(-17.2764260046,-32.50950543688,
    14.138643734357));
#3646 = CARTESIAN_POINT('',(-17.34049825139,-32.57212839601,
    14.258892738089));
#3647 = CARTESIAN_POINT('',(-17.40342715208,-32.62901793259,
    14.385325901739));
#3648 = CARTESIAN_POINT('',(-17.4646433116,-32.67941448267,
    14.517981647793));
#3649 = CARTESIAN_POINT('',(-17.55326212343,-32.74411493765,
    14.726880273213));
#3650 = CARTESIAN_POINT('',(-17.58239285385,-32.76393034816,
    14.798516306435));
#3651 = CARTESIAN_POINT('',(-17.61082468223,-32.78172374658,
    14.871648508726));
#3652 = CARTESIAN_POINT('',(-17.63845820286,-32.79736429146,
    14.94620111168));
#3653 = CARTESIAN_POINT('',(-17.665199988,-32.81072471401,15.02209125077
    ));
#3654 = CARTESIAN_POINT('',(-17.73366932125,-32.83984133367,
    15.227090373738));
#3655 = CARTESIAN_POINT('',(-17.77375222973,-32.8514231176,
    15.358572390513));
#3656 = CARTESIAN_POINT('',(-17.8106059759,-32.85573851425,
    15.492689624094));
#3657 = CARTESIAN_POINT('',(-17.84379619992,-32.85233622953,
    15.628411714127));
#3658 = CARTESIAN_POINT('',(-17.87307896118,-32.84099395281,
    15.76468017779));
#3659 = CARTESIAN_POINT('',(-17.92148658577,-32.80414270532,
    16.024354239117));
#3660 = CARTESIAN_POINT('',(-17.94121288004,-32.78000354635,
    16.147510451134));
#3661 = CARTESIAN_POINT('',(-17.95753875131,-32.74939700285,
    16.269067367659));
#3662 = CARTESIAN_POINT('',(-17.97057135703,-32.71258721557,
    16.388202218042));
#3663 = CARTESIAN_POINT('',(-17.98052717804,-32.67002574156,
    16.504129393738));
#3664 = CARTESIAN_POINT('',(-17.99204882021,-32.59353751063,
    16.68384140838));
#3665 = CARTESIAN_POINT('',(-17.99537770504,-32.56283204981,
    16.750160615959));
#3666 = CARTESIAN_POINT('',(-17.99776363301,-32.53034691429,
    16.815001615657));
#3667 = CARTESIAN_POINT('',(-17.99927953678,-32.4961898668,
    16.878295833539));
#3668 = CARTESIAN_POINT('',(-18.,-32.46047520542,16.939980654475));
#3669 = CARTESIAN_POINT('',(-18.,-32.42332416321,17.));
#3670 = PCURVE('',#2542,#3671);
#3671 = DEFINITIONAL_REPRESENTATION('',(#3672),#3750);
#3672 = B_SPLINE_CURVE_WITH_KNOTS('',6,(#3673,#3674,#3675,#3676,#3677,
    #3678,#3679,#3680,#3681,#3682,#3683,#3684,#3685,#3686,#3687,#3688,
    #3689,#3690,#3691,#3692,#3693,#3694,#3695,#3696,#3697,#3698,#3699,
    #3700,#3701,#3702,#3703,#3704,#3705,#3706,#3707,#3708,#3709,#3710,
    #3711,#3712,#3713,#3714,#3715,#3716,#3717,#3718,#3719,#3720,#3721,
    #3722,#3723,#3724,#3725,#3726,#3727,#3728,#3729,#3730,#3731,#3732,
    #3733,#3734,#3735,#3736,#3737,#3738,#3739,#3740,#3741,#3742,#3743,
    #3744,#3745,#3746,#3747,#3748,#3749),.UNSPECIFIED.,.F.,.F.,(7,5,5,5,
    5,5,5,5,5,5,5,5,5,5,5,7),(0.,8.460777365918E-02,0.140331841902,
    0.173904773962,0.213894024761,0.317043939496,0.417328666553,
    0.499373561874,0.554545713397,0.684892250215,0.75705626078,
    0.825169160087,0.859547846981,0.916533582094,0.968546150501,1.),
  .UNSPECIFIED.);
#3673 = CARTESIAN_POINT('',(1.570796326795,16.773324163211));
#3674 = CARTESIAN_POINT('',(1.543984799624,16.872899675311));
#3675 = CARTESIAN_POINT('',(1.514982476834,16.96288702128));
#3676 = CARTESIAN_POINT('',(1.484096899735,17.039859541587));
#3677 = CARTESIAN_POINT('',(1.451697071048,17.101463881022));
#3678 = CARTESIAN_POINT('',(1.418169926208,17.146289338742));
#3679 = CARTESIAN_POINT('',(1.361375080178,17.191976551994));
#3680 = CARTESIAN_POINT('',(1.338638604281,17.202520971377));
#3681 = CARTESIAN_POINT('',(1.315861355911,17.205468584293));
#3682 = CARTESIAN_POINT('',(1.293190052339,17.20103406941));
#3683 = CARTESIAN_POINT('',(1.270775849456,17.189645721741));
#3684 = CARTESIAN_POINT('',(1.235520170065,17.161280577547));
#3685 = CARTESIAN_POINT('',(1.222403677424,17.148315683124));
#3686 = CARTESIAN_POINT('',(1.209439303471,17.133166053788));
#3687 = CARTESIAN_POINT('',(1.196640410394,17.115950901204));
#3688 = CARTESIAN_POINT('',(1.184020164881,17.096792913035));
#3689 = CARTESIAN_POINT('',(1.156787604047,17.050835003294));
#3690 = CARTESIAN_POINT('',(1.14225321112,17.023270547694));
#3691 = CARTESIAN_POINT('',(1.127994538982,16.99331000231));
#3692 = CARTESIAN_POINT('',(1.114017162965,16.961124729948));
#3693 = CARTESIAN_POINT('',(1.100326052681,16.926873084244));
#3694 = CARTESIAN_POINT('',(1.052359817227,16.797397792028));
#3695 = CARTESIAN_POINT('',(1.019710403004,16.691270739103));
#3696 = CARTESIAN_POINT('',(0.988966642041,16.574560700379));
#3697 = CARTESIAN_POINT('',(0.960110393525,16.448706612039));
#3698 = CARTESIAN_POINT('',(0.933151055791,16.314548187766));
#3699 = CARTESIAN_POINT('',(0.883878337267,16.034324277123));
#3700 = CARTESIAN_POINT('',(0.861430453944,15.888544027397));
#3701 = CARTESIAN_POINT('',(0.840963081796,15.73576961562));
#3702 = CARTESIAN_POINT('',(0.822668044699,15.576480431071));
#3703 = CARTESIAN_POINT('',(0.806789185139,15.411010832778));
#3704 = CARTESIAN_POINT('',(0.782849058887,15.099334107442));
#3705 = CARTESIAN_POINT('',(0.773874197455,14.954875406025));
#3706 = CARTESIAN_POINT('',(0.766946795014,14.807318875178));
#3707 = CARTESIAN_POINT('',(0.762234360276,14.65763572986));
#3708 = CARTESIAN_POINT('',(0.759831820547,14.506699369467));
#3709 = CARTESIAN_POINT('',(0.759716963041,14.253563025026));
#3710 = CARTESIAN_POINT('',(0.76072626084,14.151833037476));
#3711 = CARTESIAN_POINT('',(0.76278931737,14.050461871234));
#3712 = CARTESIAN_POINT('',(0.765885815404,13.949773067085));
#3713 = CARTESIAN_POINT('',(0.76997640288,13.850105938787));
#3714 = CARTESIAN_POINT('',(0.78687604074,13.51960085481));
#3715 = CARTESIAN_POINT('',(0.803902561394,13.296394601392));
#3716 = CARTESIAN_POINT('',(0.825403012503,13.08269387683));
#3717 = CARTESIAN_POINT('',(0.850785559754,12.879401131362));
#3718 = CARTESIAN_POINT('',(0.8795582355,12.687827186269));
#3719 = CARTESIAN_POINT('',(0.928931429238,12.410986304084));
#3720 = CARTESIAN_POINT('',(0.947488456134,12.316204545452));
#3721 = CARTESIAN_POINT('',(0.966981351962,12.225445782866));
#3722 = CARTESIAN_POINT('',(0.987399371444,12.138963949407));
#3723 = CARTESIAN_POINT('',(1.008741913623,12.057143915744));
#3724 = CARTESIAN_POINT('',(1.052032363083,11.908220603528));
#3725 = CARTESIAN_POINT('',(1.073894858612,11.840494563112));
#3726 = CARTESIAN_POINT('',(1.096591863697,11.777871603981));
#3727 = CARTESIAN_POINT('',(1.120115269242,11.720982067403));
#3728 = CARTESIAN_POINT('',(1.14445331631,11.670585517322));
#3729 = CARTESIAN_POINT('',(1.182273038352,11.605885062348));
#3730 = CARTESIAN_POINT('',(1.195160348086,11.58606965184));
#3731 = CARTESIAN_POINT('',(1.20823539767,11.568276253411));
#3732 = CARTESIAN_POINT('',(1.221484359756,11.552635708538));
#3733 = CARTESIAN_POINT('',(1.234893193401,11.539275285986));
#3734 = CARTESIAN_POINT('',(1.270915057908,11.510158666329));
#3735 = CARTESIAN_POINT('',(1.293816390798,11.4985768824));
#3736 = CARTESIAN_POINT('',(1.316984196774,11.494261485747));
#3737 = CARTESIAN_POINT('',(1.340257122398,11.497663770467));
#3738 = CARTESIAN_POINT('',(1.363478301514,11.509006047189));
#3739 = CARTESIAN_POINT('',(1.407502889418,11.545857294677));
#3740 = CARTESIAN_POINT('',(1.428283773832,11.569996453646));
#3741 = CARTESIAN_POINT('',(1.44871559516,11.600602997143));
#3742 = CARTESIAN_POINT('',(1.468681366576,11.637412784424));
#3743 = CARTESIAN_POINT('',(1.488069175095,11.679974258434));
#3744 = CARTESIAN_POINT('',(1.518082670413,11.756462489367));
#3745 = CARTESIAN_POINT('',(1.529148721622,11.787167950181));
#3746 = CARTESIAN_POINT('',(1.539961462311,11.819653085703));
#3747 = CARTESIAN_POINT('',(1.550512298606,11.853810133193));
#3748 = CARTESIAN_POINT('',(1.560793102541,11.889524794575));
#3749 = CARTESIAN_POINT('',(1.570796326795,11.926675836789));
#3750 = ( GEOMETRIC_REPRESENTATION_CONTEXT(2) 
PARAMETRIC_REPRESENTATION_CONTEXT() REPRESENTATION_CONTEXT('2D SPACE',''
  ) );
#3751 = PCURVE('',#3752,#3757);
#3752 = CYLINDRICAL_SURFACE('',#3753,2.85);
#3753 = AXIS2_PLACEMENT_3D('',#3754,#3755,#3756);
#3754 = CARTESIAN_POINT('',(-18.5,-30.,15.5));
#3755 = DIRECTION('',(1.,-0.,-0.));
#3756 = DIRECTION('',(-0.,-0.,1.));
#3757 = DEFINITIONAL_REPRESENTATION('',(#3758),#3836);
#3758 = B_SPLINE_CURVE_WITH_KNOTS('',6,(#3759,#3760,#3761,#3762,#3763,
    #3764,#3765,#3766,#3767,#3768,#3769,#3770,#3771,#3772,#3773,#3774,
    #3775,#3776,#3777,#3778,#3779,#3780,#3781,#3782,#3783,#3784,#3785,
    #3786,#3787,#3788,#3789,#3790,#3791,#3792,#3793,#3794,#3795,#3796,
    #3797,#3798,#3799,#3800,#3801,#3802,#3803,#3804,#3805,#3806,#3807,
    #3808,#3809,#3810,#3811,#3812,#3813,#3814,#3815,#3816,#3817,#3818,
    #3819,#3820,#3821,#3822,#3823,#3824,#3825,#3826,#3827,#3828,#3829,
    #3830,#3831,#3832,#3833,#3834,#3835),.UNSPECIFIED.,.F.,.F.,(7,5,5,5,
    5,5,5,5,5,5,5,5,5,5,5,7),(0.,8.460777365918E-02,0.140331841902,
    0.173904773962,0.213894024761,0.317043939496,0.417328666553,
    0.499373561874,0.554545713397,0.684892250215,0.75705626078,
    0.825169160087,0.859547846981,0.916533582094,0.968546150501,1.),
  .UNSPECIFIED.);
#3759 = CARTESIAN_POINT('',(-1.016534492343,0.5));
#3760 = CARTESIAN_POINT('',(-1.082918167077,0.5));
#3761 = CARTESIAN_POINT('',(-1.15145279547,0.505175782891));
#3762 = CARTESIAN_POINT('',(-1.221420045878,0.517113173809));
#3763 = CARTESIAN_POINT('',(-1.292307601584,0.537208098563));
#3764 = CARTESIAN_POINT('',(-1.363697062451,0.566285409278));
#3765 = CARTESIAN_POINT('',(-1.482272188328,0.629594520089));
#3766 = CARTESIAN_POINT('',(-1.529137017396,0.658536655949));
#3767 = CARTESIAN_POINT('',(-1.575626836745,0.69121128656));
#3768 = CARTESIAN_POINT('',(-1.621587440233,0.727379582084));
#3769 = CARTESIAN_POINT('',(-1.666851510211,0.766636618454));
#3770 = CARTESIAN_POINT('',(-1.737958757146,0.833583857803));
#3771 = CARTESIAN_POINT('',(-1.764392810318,0.859691082174));
#3772 = CARTESIAN_POINT('',(-1.790525788018,0.886653959199));
#3773 = CARTESIAN_POINT('',(-1.816354966179,0.91438541809));
#3774 = CARTESIAN_POINT('',(-1.84187588237,0.942792781247));
#3775 = CARTESIAN_POINT('',(-1.897106141457,1.006302236324));
#3776 = CARTESIAN_POINT('',(-1.926688511429,1.041651968683));
#3777 = CARTESIAN_POINT('',(-1.955850909102,1.077699633163));
#3778 = CARTESIAN_POINT('',(-1.984612554673,1.114319895534));
#3779 = CARTESIAN_POINT('',(-2.012991263014,1.151390759873));
#3780 = CARTESIAN_POINT('',(-2.113262211199,1.28527672046));
#3781 = CARTESIAN_POINT('',(-2.183123390768,1.384024723213));
#3782 = CARTESIAN_POINT('',(-2.251064357617,1.483276374992));
#3783 = CARTESIAN_POINT('',(-2.317526572412,1.581547471787));
#3784 = CARTESIAN_POINT('',(-2.382950958729,1.677515647212));
#3785 = CARTESIAN_POINT('',(-2.510840049773,1.859388537706));
#3786 = CARTESIAN_POINT('',(-2.573404710564,1.945595927035));
#3787 = CARTESIAN_POINT('',(-2.635757739159,2.026794247151));
#3788 = CARTESIAN_POINT('',(-2.69814707935,2.101287913227));
#3789 = CARTESIAN_POINT('',(-2.760840434805,2.167210032634));
#3790 = CARTESIAN_POINT('',(-2.87595188927,2.267940705686));
#3791 = CARTESIAN_POINT('',(-2.928246880141,2.306299098117));
#3792 = CARTESIAN_POINT('',(-2.980840752699,2.336255854119));
#3793 = CARTESIAN_POINT('',(-3.033643830325,2.35675175093));
#3794 = CARTESIAN_POINT('',(-3.086610324231,2.367202793188));
#3795 = CARTESIAN_POINT('',(-3.17543025035,2.367702422765));
#3796 = CARTESIAN_POINT('',(-3.211122221674,2.363312230897));
#3797 = CARTESIAN_POINT('',(-3.246767243739,2.354336393875));
#3798 = CARTESIAN_POINT('',(-3.282333730686,2.340899148039));
#3799 = CARTESIAN_POINT('',(-3.317780801842,2.323237281058));
#3800 = CARTESIAN_POINT('',(-3.436389486034,2.250796700475));
#3801 = CARTESIAN_POINT('',(-3.518281301332,2.178522119042));
#3802 = CARTESIAN_POINT('',(-3.599473085079,2.088951502161));
#3803 = CARTESIAN_POINT('',(-3.680472600594,1.986400690787));
#3804 = CARTESIAN_POINT('',(-3.761702760406,1.874881379648));
#3805 = CARTESIAN_POINT('',(-3.888919496714,1.693378819266));
#3806 = CARTESIAN_POINT('',(-3.934560118846,1.626922249205));
#3807 = CARTESIAN_POINT('',(-3.980658619178,1.559183814158));
#3808 = CARTESIAN_POINT('',(-4.027363761708,1.490634621475));
#3809 = CARTESIAN_POINT('',(-4.074826053458,1.421757090253));
#3810 = CARTESIAN_POINT('',(-4.168860824337,1.288262126124));
#3811 = CARTESIAN_POINT('',(-4.215367968107,1.223573995394));
#3812 = CARTESIAN_POINT('',(-4.262828436342,1.159501748602));
#3813 = CARTESIAN_POINT('',(-4.311348801601,1.096572847918));
#3814 = CARTESIAN_POINT('',(-4.361042716449,1.035356688392));
#3815 = CARTESIAN_POINT('',(-4.437775623379,0.946737876561));
#3816 = CARTESIAN_POINT('',(-4.46384284098,0.917607146149));
#3817 = CARTESIAN_POINT('',(-4.490232327362,0.889175317768));
#3818 = CARTESIAN_POINT('',(-4.516939690106,0.861541797139));
#3819 = CARTESIAN_POINT('',(-4.543962435106,0.834800011995));
#3820 = CARTESIAN_POINT('',(-4.616613858751,0.766330678748));
#3821 = CARTESIAN_POINT('',(-4.662860936658,0.726247770267));
#3822 = CARTESIAN_POINT('',(-4.709832441207,0.689394024098));
#3823 = CARTESIAN_POINT('',(-4.757350045458,0.656203800077));
#3824 = CARTESIAN_POINT('',(-4.805248396774,0.626921038816));
#3825 = CARTESIAN_POINT('',(-4.897275018217,0.578513414223));
#3826 = CARTESIAN_POINT('',(-4.941249172789,0.558787119953));
#3827 = CARTESIAN_POINT('',(-4.985138807653,0.542461248681));
#3828 = CARTESIAN_POINT('',(-5.028800046566,0.52942864297));
#3829 = CARTESIAN_POINT('',(-5.072075674291,0.51947282196));
#3830 = CARTESIAN_POINT('',(-5.140606272767,0.507951179784));
#3831 = CARTESIAN_POINT('',(-5.166236791155,0.504622294955));
#3832 = CARTESIAN_POINT('',(-5.191665608629,0.502236366981));
#3833 = CARTESIAN_POINT('',(-5.216884462966,0.500720463217));
#3834 = CARTESIAN_POINT('',(-5.241883453361,0.5));
#3835 = CARTESIAN_POINT('',(-5.266650814837,0.5));
#3836 = ( GEOMETRIC_REPRESENTATION_CONTEXT(2) 
PARAMETRIC_REPRESENTATION_CONTEXT() REPRESENTATION_CONTEXT('2D SPACE',''
  ) );
#3837 = ORIENTED_EDGE('',*,*,#3838,.T.);
#3838 = EDGE_CURVE('',#3589,#3485,#3839,.T.);
#3839 = SURFACE_CURVE('',#3840,(#3844,#3851),.PCURVE_S1.);
#3840 = LINE('',#3841,#3842);
#3841 = CARTESIAN_POINT('',(-18.,-44.35,17.));
#3842 = VECTOR('',#3843,1.);
#3843 = DIRECTION('',(-0.,1.,-0.));
#3844 = PCURVE('',#2542,#3845);
#3845 = DEFINITIONAL_REPRESENTATION('',(#3846),#3850);
#3846 = LINE('',#3847,#3848);
#3847 = CARTESIAN_POINT('',(1.570796326795,0.));
#3848 = VECTOR('',#3849,1.);
#3849 = DIRECTION('',(0.,1.));
#3850 = ( GEOMETRIC_REPRESENTATION_CONTEXT(2) 
PARAMETRIC_REPRESENTATION_CONTEXT() REPRESENTATION_CONTEXT('2D SPACE',''
  ) );
#3851 = PCURVE('',#2885,#3852);
#3852 = DEFINITIONAL_REPRESENTATION('',(#3853),#3857);
#3853 = LINE('',#3854,#3855);
#3854 = CARTESIAN_POINT('',(-27.,0.));
#3855 = VECTOR('',#3856,1.);
#3856 = DIRECTION('',(-0.,-1.));
#3857 = ( GEOMETRIC_REPRESENTATION_CONTEXT(2) 
PARAMETRIC_REPRESENTATION_CONTEXT() REPRESENTATION_CONTEXT('2D SPACE',''
  ) );
#3858 = ORIENTED_EDGE('',*,*,#3507,.F.);
#3859 = ADVANCED_FACE('',(#3860),#2885,.F.);
#3860 = FACE_BOUND('',#3861,.T.);
#3861 = EDGE_LOOP('',(#3862,#3863,#3886,#3914,#3942,#3970,#3991,#3992,
    #3993,#4021,#4047));
#3862 = ORIENTED_EDGE('',*,*,#2869,.F.);
#3863 = ORIENTED_EDGE('',*,*,#3864,.T.);
#3864 = EDGE_CURVE('',#2837,#3865,#3867,.T.);
#3865 = VERTEX_POINT('',#3866);
#3866 = CARTESIAN_POINT('',(-18.,-36.35,38.));
#3867 = SURFACE_CURVE('',#3868,(#3872,#3879),.PCURVE_S1.);
#3868 = LINE('',#3869,#3870);
#3869 = CARTESIAN_POINT('',(-18.,-44.35,38.));
#3870 = VECTOR('',#3871,1.);
#3871 = DIRECTION('',(-0.,1.,-0.));
#3872 = PCURVE('',#2885,#3873);
#3873 = DEFINITIONAL_REPRESENTATION('',(#3874),#3878);
#3874 = LINE('',#3875,#3876);
#3875 = CARTESIAN_POINT('',(-6.,0.));
#3876 = VECTOR('',#3877,1.);
#3877 = DIRECTION('',(-0.,-1.));
#3878 = ( GEOMETRIC_REPRESENTATION_CONTEXT(2) 
PARAMETRIC_REPRESENTATION_CONTEXT() REPRESENTATION_CONTEXT('2D SPACE',''
  ) );
#3879 = PCURVE('',#2857,#3880);
#3880 = DEFINITIONAL_REPRESENTATION('',(#3881),#3885);
#3881 = LINE('',#3882,#3883);
#3882 = CARTESIAN_POINT('',(-1.570796326795,0.));
#3883 = VECTOR('',#3884,1.);
#3884 = DIRECTION('',(-0.,1.));
#3885 = ( GEOMETRIC_REPRESENTATION_CONTEXT(2) 
PARAMETRIC_REPRESENTATION_CONTEXT() REPRESENTATION_CONTEXT('2D SPACE',''
  ) );
#3886 = ORIENTED_EDGE('',*,*,#3887,.F.);
#3887 = EDGE_CURVE('',#3888,#3865,#3890,.T.);
#3888 = VERTEX_POINT('',#3889);
#3889 = CARTESIAN_POINT('',(-18.,-36.35,33.453306688776));
#3890 = SURFACE_CURVE('',#3891,(#3895,#3902),.PCURVE_S1.);
#3891 = LINE('',#3892,#3893);
#3892 = CARTESIAN_POINT('',(-18.,-36.35,41.75));
#3893 = VECTOR('',#3894,1.);
#3894 = DIRECTION('',(-0.,-0.,1.));
#3895 = PCURVE('',#2885,#3896);
#3896 = DEFINITIONAL_REPRESENTATION('',(#3897),#3901);
#3897 = LINE('',#3898,#3899);
#3898 = CARTESIAN_POINT('',(-2.25,-8.));
#3899 = VECTOR('',#3900,1.);
#3900 = DIRECTION('',(1.,-0.));
#3901 = ( GEOMETRIC_REPRESENTATION_CONTEXT(2) 
PARAMETRIC_REPRESENTATION_CONTEXT() REPRESENTATION_CONTEXT('2D SPACE',''
  ) );
#3902 = PCURVE('',#3903,#3908);
#3903 = PLANE('',#3904);
#3904 = AXIS2_PLACEMENT_3D('',#3905,#3906,#3907);
#3905 = CARTESIAN_POINT('',(-15.,-36.35,39.5));
#3906 = DIRECTION('',(-0.,-1.,-0.));
#3907 = DIRECTION('',(0.,0.,-1.));
#3908 = DEFINITIONAL_REPRESENTATION('',(#3909),#3913);
#3909 = LINE('',#3910,#3911);
#3910 = CARTESIAN_POINT('',(-2.25,-3.));
#3911 = VECTOR('',#3912,1.);
#3912 = DIRECTION('',(-1.,0.));
#3913 = ( GEOMETRIC_REPRESENTATION_CONTEXT(2) 
PARAMETRIC_REPRESENTATION_CONTEXT() REPRESENTATION_CONTEXT('2D SPACE',''
  ) );
#3914 = ORIENTED_EDGE('',*,*,#3915,.F.);
#3915 = EDGE_CURVE('',#3916,#3888,#3918,.T.);
#3916 = VERTEX_POINT('',#3917);
#3917 = CARTESIAN_POINT('',(-18.,-23.65,33.453306688776));
#3918 = SURFACE_CURVE('',#3919,(#3923,#3930),.PCURVE_S1.);
#3919 = LINE('',#3920,#3921);
#3920 = CARTESIAN_POINT('',(-18.,-23.65,33.453306688776));
#3921 = VECTOR('',#3922,1.);
#3922 = DIRECTION('',(-0.,-1.,-0.));
#3923 = PCURVE('',#2885,#3924);
#3924 = DEFINITIONAL_REPRESENTATION('',(#3925),#3929);
#3925 = LINE('',#3926,#3927);
#3926 = CARTESIAN_POINT('',(-10.54669331122,-20.7));
#3927 = VECTOR('',#3928,1.);
#3928 = DIRECTION('',(-0.,1.));
#3929 = ( GEOMETRIC_REPRESENTATION_CONTEXT(2) 
PARAMETRIC_REPRESENTATION_CONTEXT() REPRESENTATION_CONTEXT('2D SPACE',''
  ) );
#3930 = PCURVE('',#3931,#3936);
#3931 = CYLINDRICAL_SURFACE('',#3932,6.75);
#3932 = AXIS2_PLACEMENT_3D('',#3933,#3934,#3935);
#3933 = CARTESIAN_POINT('',(-15.,-23.65,39.5));
#3934 = DIRECTION('',(-0.,-1.,-0.));
#3935 = DIRECTION('',(-0.,-0.,1.));
#3936 = DEFINITIONAL_REPRESENTATION('',(#3937),#3941);
#3937 = LINE('',#3938,#3939);
#3938 = CARTESIAN_POINT('',(-3.602146645271,0.));
#3939 = VECTOR('',#3940,1.);
#3940 = DIRECTION('',(-0.,1.));
#3941 = ( GEOMETRIC_REPRESENTATION_CONTEXT(2) 
PARAMETRIC_REPRESENTATION_CONTEXT() REPRESENTATION_CONTEXT('2D SPACE',''
  ) );
#3942 = ORIENTED_EDGE('',*,*,#3943,.T.);
#3943 = EDGE_CURVE('',#3916,#3944,#3946,.T.);
#3944 = VERTEX_POINT('',#3945);
#3945 = CARTESIAN_POINT('',(-18.,-23.65,38.));
#3946 = SURFACE_CURVE('',#3947,(#3951,#3958),.PCURVE_S1.);
#3947 = LINE('',#3948,#3949);
#3948 = CARTESIAN_POINT('',(-18.,-23.65,41.75));
#3949 = VECTOR('',#3950,1.);
#3950 = DIRECTION('',(-0.,-0.,1.));
#3951 = PCURVE('',#2885,#3952);
#3952 = DEFINITIONAL_REPRESENTATION('',(#3953),#3957);
#3953 = LINE('',#3954,#3955);
#3954 = CARTESIAN_POINT('',(-2.25,-20.7));
#3955 = VECTOR('',#3956,1.);
#3956 = DIRECTION('',(1.,-0.));
#3957 = ( GEOMETRIC_REPRESENTATION_CONTEXT(2) 
PARAMETRIC_REPRESENTATION_CONTEXT() REPRESENTATION_CONTEXT('2D SPACE',''
  ) );
#3958 = PCURVE('',#3959,#3964);
#3959 = PLANE('',#3960);
#3960 = AXIS2_PLACEMENT_3D('',#3961,#3962,#3963);
#3961 = CARTESIAN_POINT('',(-15.,-23.65,39.5));
#3962 = DIRECTION('',(-0.,-1.,-0.));
#3963 = DIRECTION('',(0.,0.,-1.));
#3964 = DEFINITIONAL_REPRESENTATION('',(#3965),#3969);
#3965 = LINE('',#3966,#3967);
#3966 = CARTESIAN_POINT('',(-2.25,-3.));
#3967 = VECTOR('',#3968,1.);
#3968 = DIRECTION('',(-1.,0.));
#3969 = ( GEOMETRIC_REPRESENTATION_CONTEXT(2) 
PARAMETRIC_REPRESENTATION_CONTEXT() REPRESENTATION_CONTEXT('2D SPACE',''
  ) );
#3970 = ORIENTED_EDGE('',*,*,#3971,.T.);
#3971 = EDGE_CURVE('',#3944,#3452,#3972,.T.);
#3972 = SURFACE_CURVE('',#3973,(#3977,#3984),.PCURVE_S1.);
#3973 = LINE('',#3974,#3975);
#3974 = CARTESIAN_POINT('',(-18.,-44.35,38.));
#3975 = VECTOR('',#3976,1.);
#3976 = DIRECTION('',(-0.,1.,-0.));
#3977 = PCURVE('',#2885,#3978);
#3978 = DEFINITIONAL_REPRESENTATION('',(#3979),#3983);
#3979 = LINE('',#3980,#3981);
#3980 = CARTESIAN_POINT('',(-6.,0.));
#3981 = VECTOR('',#3982,1.);
#3982 = DIRECTION('',(-0.,-1.));
#3983 = ( GEOMETRIC_REPRESENTATION_CONTEXT(2) 
PARAMETRIC_REPRESENTATION_CONTEXT() REPRESENTATION_CONTEXT('2D SPACE',''
  ) );
#3984 = PCURVE('',#3472,#3985);
#3985 = DEFINITIONAL_REPRESENTATION('',(#3986),#3990);
#3986 = LINE('',#3987,#3988);
#3987 = CARTESIAN_POINT('',(-1.570796326795,0.));
#3988 = VECTOR('',#3989,1.);
#3989 = DIRECTION('',(-0.,1.));
#3990 = ( GEOMETRIC_REPRESENTATION_CONTEXT(2) 
PARAMETRIC_REPRESENTATION_CONTEXT() REPRESENTATION_CONTEXT('2D SPACE',''
  ) );
#3991 = ORIENTED_EDGE('',*,*,#3484,.T.);
#3992 = ORIENTED_EDGE('',*,*,#3838,.F.);
#3993 = ORIENTED_EDGE('',*,*,#3994,.F.);
#3994 = EDGE_CURVE('',#3995,#3589,#3997,.T.);
#3995 = VERTEX_POINT('',#3996);
#3996 = CARTESIAN_POINT('',(-18.,-30.,18.35));
#3997 = SURFACE_CURVE('',#3998,(#4003,#4014),.PCURVE_S1.);
#3998 = CIRCLE('',#3999,2.85);
#3999 = AXIS2_PLACEMENT_3D('',#4000,#4001,#4002);
#4000 = CARTESIAN_POINT('',(-18.,-30.,15.5));
#4001 = DIRECTION('',(-1.,-0.,-0.));
#4002 = DIRECTION('',(-0.,-0.,1.));
#4003 = PCURVE('',#2885,#4004);
#4004 = DEFINITIONAL_REPRESENTATION('',(#4005),#4013);
#4005 = ( BOUNDED_CURVE() B_SPLINE_CURVE(2,(#4006,#4007,#4008,#4009,
#4010,#4011,#4012),.UNSPECIFIED.,.T.,.F.) B_SPLINE_CURVE_WITH_KNOTS((1,2
    ,2,2,2,1),(-2.094395102393,0.,2.094395102393,4.188790204786,
6.28318530718,8.377580409573),.UNSPECIFIED.) CURVE() 
GEOMETRIC_REPRESENTATION_ITEM() RATIONAL_B_SPLINE_CURVE((1.,0.5,1.,0.5,
1.,0.5,1.)) REPRESENTATION_ITEM('') );
#4006 = CARTESIAN_POINT('',(-25.65,-14.35));
#4007 = CARTESIAN_POINT('',(-25.65,-19.28634480157));
#4008 = CARTESIAN_POINT('',(-29.925,-16.81817240078));
#4009 = CARTESIAN_POINT('',(-34.2,-14.35));
#4010 = CARTESIAN_POINT('',(-29.925,-11.88182759921));
#4011 = CARTESIAN_POINT('',(-25.65,-9.413655198429));
#4012 = CARTESIAN_POINT('',(-25.65,-14.35));
#4013 = ( GEOMETRIC_REPRESENTATION_CONTEXT(2) 
PARAMETRIC_REPRESENTATION_CONTEXT() REPRESENTATION_CONTEXT('2D SPACE',''
  ) );
#4014 = PCURVE('',#3752,#4015);
#4015 = DEFINITIONAL_REPRESENTATION('',(#4016),#4020);
#4016 = LINE('',#4017,#4018);
#4017 = CARTESIAN_POINT('',(-0.,0.5));
#4018 = VECTOR('',#4019,1.);
#4019 = DIRECTION('',(-1.,0.));
#4020 = ( GEOMETRIC_REPRESENTATION_CONTEXT(2) 
PARAMETRIC_REPRESENTATION_CONTEXT() REPRESENTATION_CONTEXT('2D SPACE',''
  ) );
#4021 = ORIENTED_EDGE('',*,*,#4022,.F.);
#4022 = EDGE_CURVE('',#3566,#3995,#4023,.T.);
#4023 = SURFACE_CURVE('',#4024,(#4029,#4040),.PCURVE_S1.);
#4024 = CIRCLE('',#4025,2.85);
#4025 = AXIS2_PLACEMENT_3D('',#4026,#4027,#4028);
#4026 = CARTESIAN_POINT('',(-18.,-30.,15.5));
#4027 = DIRECTION('',(-1.,-0.,-0.));
#4028 = DIRECTION('',(-0.,-0.,1.));
#4029 = PCURVE('',#2885,#4030);
#4030 = DEFINITIONAL_REPRESENTATION('',(#4031),#4039);
#4031 = ( BOUNDED_CURVE() B_SPLINE_CURVE(2,(#4032,#4033,#4034,#4035,
#4036,#4037,#4038),.UNSPECIFIED.,.T.,.F.) B_SPLINE_CURVE_WITH_KNOTS((1,2
    ,2,2,2,1),(-2.094395102393,0.,2.094395102393,4.188790204786,
6.28318530718,8.377580409573),.UNSPECIFIED.) CURVE() 
GEOMETRIC_REPRESENTATION_ITEM() RATIONAL_B_SPLINE_CURVE((1.,0.5,1.,0.5,
1.,0.5,1.)) REPRESENTATION_ITEM('') );
#4032 = CARTESIAN_POINT('',(-25.65,-14.35));
#4033 = CARTESIAN_POINT('',(-25.65,-19.28634480157));
#4034 = CARTESIAN_POINT('',(-29.925,-16.81817240078));
#4035 = CARTESIAN_POINT('',(-34.2,-14.35));
#4036 = CARTESIAN_POINT('',(-29.925,-11.88182759921));
#4037 = CARTESIAN_POINT('',(-25.65,-9.413655198429));
#4038 = CARTESIAN_POINT('',(-25.65,-14.35));
#4039 = ( GEOMETRIC_REPRESENTATION_CONTEXT(2) 
PARAMETRIC_REPRESENTATION_CONTEXT() REPRESENTATION_CONTEXT('2D SPACE',''
  ) );
#4040 = PCURVE('',#3752,#4041);
#4041 = DEFINITIONAL_REPRESENTATION('',(#4042),#4046);
#4042 = LINE('',#4043,#4044);
#4043 = CARTESIAN_POINT('',(-0.,0.5));
#4044 = VECTOR('',#4045,1.);
#4045 = DIRECTION('',(-1.,0.));
#4046 = ( GEOMETRIC_REPRESENTATION_CONTEXT(2) 
PARAMETRIC_REPRESENTATION_CONTEXT() REPRESENTATION_CONTEXT('2D SPACE',''
  ) );
#4047 = ORIENTED_EDGE('',*,*,#3565,.F.);
#4048 = ADVANCED_FACE('',(#4049),#2763,.F.);
#4049 = FACE_BOUND('',#4050,.T.);
#4050 = EDGE_LOOP('',(#4051,#4052,#4053,#4054,#4055,#4056,#4079,#4102,
    #4130,#4153));
#4051 = ORIENTED_EDGE('',*,*,#2747,.F.);
#4052 = ORIENTED_EDGE('',*,*,#2955,.T.);
#4053 = ORIENTED_EDGE('',*,*,#3244,.F.);
#4054 = ORIENTED_EDGE('',*,*,#3313,.T.);
#4055 = ORIENTED_EDGE('',*,*,#3367,.T.);
#4056 = ORIENTED_EDGE('',*,*,#4057,.F.);
#4057 = EDGE_CURVE('',#4058,#3368,#4060,.T.);
#4058 = VERTEX_POINT('',#4059);
#4059 = CARTESIAN_POINT('',(8.881784197001E-16,-23.65,38.));
#4060 = SURFACE_CURVE('',#4061,(#4065,#4072),.PCURVE_S1.);
#4061 = LINE('',#4062,#4063);
#4062 = CARTESIAN_POINT('',(8.881784197001E-16,-44.35,38.));
#4063 = VECTOR('',#4064,1.);
#4064 = DIRECTION('',(-0.,1.,-0.));
#4065 = PCURVE('',#2763,#4066);
#4066 = DEFINITIONAL_REPRESENTATION('',(#4067),#4071);
#4067 = LINE('',#4068,#4069);
#4068 = CARTESIAN_POINT('',(-27.,-0.));
#4069 = VECTOR('',#4070,1.);
#4070 = DIRECTION('',(-0.,-1.));
#4071 = ( GEOMETRIC_REPRESENTATION_CONTEXT(2) 
PARAMETRIC_REPRESENTATION_CONTEXT() REPRESENTATION_CONTEXT('2D SPACE',''
  ) );
#4072 = PCURVE('',#3411,#4073);
#4073 = DEFINITIONAL_REPRESENTATION('',(#4074),#4078);
#4074 = LINE('',#4075,#4076);
#4075 = CARTESIAN_POINT('',(-0.,0.));
#4076 = VECTOR('',#4077,1.);
#4077 = DIRECTION('',(-0.,1.));
#4078 = ( GEOMETRIC_REPRESENTATION_CONTEXT(2) 
PARAMETRIC_REPRESENTATION_CONTEXT() REPRESENTATION_CONTEXT('2D SPACE',''
  ) );
#4079 = ORIENTED_EDGE('',*,*,#4080,.F.);
#4080 = EDGE_CURVE('',#4081,#4058,#4083,.T.);
#4081 = VERTEX_POINT('',#4082);
#4082 = CARTESIAN_POINT('',(0.,-23.65,32.75));
#4083 = SURFACE_CURVE('',#4084,(#4088,#4095),.PCURVE_S1.);
#4084 = LINE('',#4085,#4086);
#4085 = CARTESIAN_POINT('',(0.,-23.65,25.25));
#4086 = VECTOR('',#4087,1.);
#4087 = DIRECTION('',(-0.,-0.,1.));
#4088 = PCURVE('',#2763,#4089);
#4089 = DEFINITIONAL_REPRESENTATION('',(#4090),#4094);
#4090 = LINE('',#4091,#4092);
#4091 = CARTESIAN_POINT('',(-14.25,-20.7));
#4092 = VECTOR('',#4093,1.);
#4093 = DIRECTION('',(-1.,-0.));
#4094 = ( GEOMETRIC_REPRESENTATION_CONTEXT(2) 
PARAMETRIC_REPRESENTATION_CONTEXT() REPRESENTATION_CONTEXT('2D SPACE',''
  ) );
#4095 = PCURVE('',#3959,#4096);
#4096 = DEFINITIONAL_REPRESENTATION('',(#4097),#4101);
#4097 = LINE('',#4098,#4099);
#4098 = CARTESIAN_POINT('',(14.25,15.));
#4099 = VECTOR('',#4100,1.);
#4100 = DIRECTION('',(-1.,0.));
#4101 = ( GEOMETRIC_REPRESENTATION_CONTEXT(2) 
PARAMETRIC_REPRESENTATION_CONTEXT() REPRESENTATION_CONTEXT('2D SPACE',''
  ) );
#4102 = ORIENTED_EDGE('',*,*,#4103,.T.);
#4103 = EDGE_CURVE('',#4081,#4104,#4106,.T.);
#4104 = VERTEX_POINT('',#4105);
#4105 = CARTESIAN_POINT('',(0.,-36.35,32.75));
#4106 = SURFACE_CURVE('',#4107,(#4111,#4118),.PCURVE_S1.);
#4107 = LINE('',#4108,#4109);
#4108 = CARTESIAN_POINT('',(0.,-40.35,32.75));
#4109 = VECTOR('',#4110,1.);
#4110 = DIRECTION('',(-0.,-1.,-0.));
#4111 = PCURVE('',#2763,#4112);
#4112 = DEFINITIONAL_REPRESENTATION('',(#4113),#4117);
#4113 = LINE('',#4114,#4115);
#4114 = CARTESIAN_POINT('',(-21.75,-4.));
#4115 = VECTOR('',#4116,1.);
#4116 = DIRECTION('',(-0.,1.));
#4117 = ( GEOMETRIC_REPRESENTATION_CONTEXT(2) 
PARAMETRIC_REPRESENTATION_CONTEXT() REPRESENTATION_CONTEXT('2D SPACE',''
  ) );
#4118 = PCURVE('',#4119,#4124);
#4119 = PLANE('',#4120);
#4120 = AXIS2_PLACEMENT_3D('',#4121,#4122,#4123);
#4121 = CARTESIAN_POINT('',(-15.,-36.35,32.75));
#4122 = DIRECTION('',(-0.,-0.,1.));
#4123 = DIRECTION('',(-1.,0.,0.));
#4124 = DEFINITIONAL_REPRESENTATION('',(#4125),#4129);
#4125 = LINE('',#4126,#4127);
#4126 = CARTESIAN_POINT('',(-15.,4.));
#4127 = VECTOR('',#4128,1.);
#4128 = DIRECTION('',(-0.,1.));
#4129 = ( GEOMETRIC_REPRESENTATION_CONTEXT(2) 
PARAMETRIC_REPRESENTATION_CONTEXT() REPRESENTATION_CONTEXT('2D SPACE',''
  ) );
#4130 = ORIENTED_EDGE('',*,*,#4131,.T.);
#4131 = EDGE_CURVE('',#4104,#4132,#4134,.T.);
#4132 = VERTEX_POINT('',#4133);
#4133 = CARTESIAN_POINT('',(8.881784197001E-16,-36.35,38.));
#4134 = SURFACE_CURVE('',#4135,(#4139,#4146),.PCURVE_S1.);
#4135 = LINE('',#4136,#4137);
#4136 = CARTESIAN_POINT('',(0.,-36.35,25.25));
#4137 = VECTOR('',#4138,1.);
#4138 = DIRECTION('',(-0.,-0.,1.));
#4139 = PCURVE('',#2763,#4140);
#4140 = DEFINITIONAL_REPRESENTATION('',(#4141),#4145);
#4141 = LINE('',#4142,#4143);
#4142 = CARTESIAN_POINT('',(-14.25,-8.));
#4143 = VECTOR('',#4144,1.);
#4144 = DIRECTION('',(-1.,-0.));
#4145 = ( GEOMETRIC_REPRESENTATION_CONTEXT(2) 
PARAMETRIC_REPRESENTATION_CONTEXT() REPRESENTATION_CONTEXT('2D SPACE',''
  ) );
#4146 = PCURVE('',#3903,#4147);
#4147 = DEFINITIONAL_REPRESENTATION('',(#4148),#4152);
#4148 = LINE('',#4149,#4150);
#4149 = CARTESIAN_POINT('',(14.25,15.));
#4150 = VECTOR('',#4151,1.);
#4151 = DIRECTION('',(-1.,0.));
#4152 = ( GEOMETRIC_REPRESENTATION_CONTEXT(2) 
PARAMETRIC_REPRESENTATION_CONTEXT() REPRESENTATION_CONTEXT('2D SPACE',''
  ) );
#4153 = ORIENTED_EDGE('',*,*,#4154,.F.);
#4154 = EDGE_CURVE('',#2748,#4132,#4155,.T.);
#4155 = SURFACE_CURVE('',#4156,(#4160,#4167),.PCURVE_S1.);
#4156 = LINE('',#4157,#4158);
#4157 = CARTESIAN_POINT('',(8.881784197001E-16,-44.35,38.));
#4158 = VECTOR('',#4159,1.);
#4159 = DIRECTION('',(-0.,1.,-0.));
#4160 = PCURVE('',#2763,#4161);
#4161 = DEFINITIONAL_REPRESENTATION('',(#4162),#4166);
#4162 = LINE('',#4163,#4164);
#4163 = CARTESIAN_POINT('',(-27.,-0.));
#4164 = VECTOR('',#4165,1.);
#4165 = DIRECTION('',(-0.,-1.));
#4166 = ( GEOMETRIC_REPRESENTATION_CONTEXT(2) 
PARAMETRIC_REPRESENTATION_CONTEXT() REPRESENTATION_CONTEXT('2D SPACE',''
  ) );
#4167 = PCURVE('',#2796,#4168);
#4168 = DEFINITIONAL_REPRESENTATION('',(#4169),#4173);
#4169 = LINE('',#4170,#4171);
#4170 = CARTESIAN_POINT('',(-0.,0.));
#4171 = VECTOR('',#4172,1.);
#4172 = DIRECTION('',(-0.,1.));
#4173 = ( GEOMETRIC_REPRESENTATION_CONTEXT(2) 
PARAMETRIC_REPRESENTATION_CONTEXT() REPRESENTATION_CONTEXT('2D SPACE',''
  ) );
#4174 = ADVANCED_FACE('',(#4175),#2857,.T.);
#4175 = FACE_BOUND('',#4176,.F.);
#4176 = EDGE_LOOP('',(#4177,#4200,#4201,#4202));
#4177 = ORIENTED_EDGE('',*,*,#4178,.F.);
#4178 = EDGE_CURVE('',#2809,#4179,#4181,.T.);
#4179 = VERTEX_POINT('',#4180);
#4180 = CARTESIAN_POINT('',(-12.,-36.35,44.));
#4181 = SURFACE_CURVE('',#4182,(#4186,#4193),.PCURVE_S1.);
#4182 = LINE('',#4183,#4184);
#4183 = CARTESIAN_POINT('',(-12.,-44.35,44.));
#4184 = VECTOR('',#4185,1.);
#4185 = DIRECTION('',(-0.,1.,-0.));
#4186 = PCURVE('',#2857,#4187);
#4187 = DEFINITIONAL_REPRESENTATION('',(#4188),#4192);
#4188 = LINE('',#4189,#4190);
#4189 = CARTESIAN_POINT('',(-0.,0.));
#4190 = VECTOR('',#4191,1.);
#4191 = DIRECTION('',(-0.,1.));
#4192 = ( GEOMETRIC_REPRESENTATION_CONTEXT(2) 
PARAMETRIC_REPRESENTATION_CONTEXT() REPRESENTATION_CONTEXT('2D SPACE',''
  ) );
#4193 = PCURVE('',#2824,#4194);
#4194 = DEFINITIONAL_REPRESENTATION('',(#4195),#4199);
#4195 = LINE('',#4196,#4197);
#4196 = CARTESIAN_POINT('',(-12.,0.));
#4197 = VECTOR('',#4198,1.);
#4198 = DIRECTION('',(-0.,-1.));
#4199 = ( GEOMETRIC_REPRESENTATION_CONTEXT(2) 
PARAMETRIC_REPRESENTATION_CONTEXT() REPRESENTATION_CONTEXT('2D SPACE',''
  ) );
#4200 = ORIENTED_EDGE('',*,*,#2836,.T.);
#4201 = ORIENTED_EDGE('',*,*,#3864,.T.);
#4202 = ORIENTED_EDGE('',*,*,#4203,.T.);
#4203 = EDGE_CURVE('',#3865,#4179,#4204,.T.);
#4204 = SURFACE_CURVE('',#4205,(#4210,#4217),.PCURVE_S1.);
#4205 = CIRCLE('',#4206,6.);
#4206 = AXIS2_PLACEMENT_3D('',#4207,#4208,#4209);
#4207 = CARTESIAN_POINT('',(-12.,-36.35,38.));
#4208 = DIRECTION('',(-0.,1.,0.));
#4209 = DIRECTION('',(-1.,-0.,-0.));
#4210 = PCURVE('',#2857,#4211);
#4211 = DEFINITIONAL_REPRESENTATION('',(#4212),#4216);
#4212 = LINE('',#4213,#4214);
#4213 = CARTESIAN_POINT('',(-1.570796326795,8.));
#4214 = VECTOR('',#4215,1.);
#4215 = DIRECTION('',(1.,-0.));
#4216 = ( GEOMETRIC_REPRESENTATION_CONTEXT(2) 
PARAMETRIC_REPRESENTATION_CONTEXT() REPRESENTATION_CONTEXT('2D SPACE',''
  ) );
#4217 = PCURVE('',#3903,#4218);
#4218 = DEFINITIONAL_REPRESENTATION('',(#4219),#4227);
#4219 = ( BOUNDED_CURVE() B_SPLINE_CURVE(2,(#4220,#4221,#4222,#4223,
#4224,#4225,#4226),.UNSPECIFIED.,.T.,.F.) B_SPLINE_CURVE_WITH_KNOTS((1,2
    ,2,2,2,1),(-2.094395102393,0.,2.094395102393,4.188790204786,
6.28318530718,8.377580409573),.UNSPECIFIED.) CURVE() 
GEOMETRIC_REPRESENTATION_ITEM() RATIONAL_B_SPLINE_CURVE((1.,0.5,1.,0.5,
1.,0.5,1.)) REPRESENTATION_ITEM('') );
#4220 = CARTESIAN_POINT('',(1.5,-3.));
#4221 = CARTESIAN_POINT('',(-8.892304845413,-3.));
#4222 = CARTESIAN_POINT('',(-3.696152422707,6.));
#4223 = CARTESIAN_POINT('',(1.5,15.));
#4224 = CARTESIAN_POINT('',(6.696152422707,6.));
#4225 = CARTESIAN_POINT('',(11.892304845413,-3.));
#4226 = CARTESIAN_POINT('',(1.5,-3.));
#4227 = ( GEOMETRIC_REPRESENTATION_CONTEXT(2) 
PARAMETRIC_REPRESENTATION_CONTEXT() REPRESENTATION_CONTEXT('2D SPACE',''
  ) );
#4228 = ADVANCED_FACE('',(#4229),#2796,.T.);
#4229 = FACE_BOUND('',#4230,.F.);
#4230 = EDGE_LOOP('',(#4231,#4232,#4233,#4256));
#4231 = ORIENTED_EDGE('',*,*,#4154,.F.);
#4232 = ORIENTED_EDGE('',*,*,#2775,.T.);
#4233 = ORIENTED_EDGE('',*,*,#4234,.T.);
#4234 = EDGE_CURVE('',#2776,#4235,#4237,.T.);
#4235 = VERTEX_POINT('',#4236);
#4236 = CARTESIAN_POINT('',(-6.,-36.35,44.));
#4237 = SURFACE_CURVE('',#4238,(#4242,#4249),.PCURVE_S1.);
#4238 = LINE('',#4239,#4240);
#4239 = CARTESIAN_POINT('',(-6.,-44.35,44.));
#4240 = VECTOR('',#4241,1.);
#4241 = DIRECTION('',(-0.,1.,-0.));
#4242 = PCURVE('',#2796,#4243);
#4243 = DEFINITIONAL_REPRESENTATION('',(#4244),#4248);
#4244 = LINE('',#4245,#4246);
#4245 = CARTESIAN_POINT('',(-1.570796326795,0.));
#4246 = VECTOR('',#4247,1.);
#4247 = DIRECTION('',(-0.,1.));
#4248 = ( GEOMETRIC_REPRESENTATION_CONTEXT(2) 
PARAMETRIC_REPRESENTATION_CONTEXT() REPRESENTATION_CONTEXT('2D SPACE',''
  ) );
#4249 = PCURVE('',#2824,#4250);
#4250 = DEFINITIONAL_REPRESENTATION('',(#4251),#4255);
#4251 = LINE('',#4252,#4253);
#4252 = CARTESIAN_POINT('',(-6.,0.));
#4253 = VECTOR('',#4254,1.);
#4254 = DIRECTION('',(-0.,-1.));
#4255 = ( GEOMETRIC_REPRESENTATION_CONTEXT(2) 
PARAMETRIC_REPRESENTATION_CONTEXT() REPRESENTATION_CONTEXT('2D SPACE',''
  ) );
#4256 = ORIENTED_EDGE('',*,*,#4257,.F.);
#4257 = EDGE_CURVE('',#4132,#4235,#4258,.T.);
#4258 = SURFACE_CURVE('',#4259,(#4264,#4271),.PCURVE_S1.);
#4259 = CIRCLE('',#4260,6.);
#4260 = AXIS2_PLACEMENT_3D('',#4261,#4262,#4263);
#4261 = CARTESIAN_POINT('',(-6.,-36.35,38.));
#4262 = DIRECTION('',(-0.,-1.,-0.));
#4263 = DIRECTION('',(1.,-0.,-0.));
#4264 = PCURVE('',#2796,#4265);
#4265 = DEFINITIONAL_REPRESENTATION('',(#4266),#4270);
#4266 = LINE('',#4267,#4268);
#4267 = CARTESIAN_POINT('',(-0.,8.));
#4268 = VECTOR('',#4269,1.);
#4269 = DIRECTION('',(-1.,0.));
#4270 = ( GEOMETRIC_REPRESENTATION_CONTEXT(2) 
PARAMETRIC_REPRESENTATION_CONTEXT() REPRESENTATION_CONTEXT('2D SPACE',''
  ) );
#4271 = PCURVE('',#3903,#4272);
#4272 = DEFINITIONAL_REPRESENTATION('',(#4273),#4277);
#4273 = CIRCLE('',#4274,6.);
#4274 = AXIS2_PLACEMENT_2D('',#4275,#4276);
#4275 = CARTESIAN_POINT('',(1.5,9.));
#4276 = DIRECTION('',(-0.,1.));
#4277 = ( GEOMETRIC_REPRESENTATION_CONTEXT(2) 
PARAMETRIC_REPRESENTATION_CONTEXT() REPRESENTATION_CONTEXT('2D SPACE',''
  ) );
#4278 = ADVANCED_FACE('',(#4279),#2824,.F.);
#4279 = FACE_BOUND('',#4280,.T.);
#4280 = EDGE_LOOP('',(#4281,#4282,#4283,#4304));
#4281 = ORIENTED_EDGE('',*,*,#2808,.F.);
#4282 = ORIENTED_EDGE('',*,*,#4234,.T.);
#4283 = ORIENTED_EDGE('',*,*,#4284,.F.);
#4284 = EDGE_CURVE('',#4179,#4235,#4285,.T.);
#4285 = SURFACE_CURVE('',#4286,(#4290,#4297),.PCURVE_S1.);
#4286 = LINE('',#4287,#4288);
#4287 = CARTESIAN_POINT('',(-12.,-36.35,44.));
#4288 = VECTOR('',#4289,1.);
#4289 = DIRECTION('',(1.,-1.184237892934E-15,-0.));
#4290 = PCURVE('',#2824,#4291);
#4291 = DEFINITIONAL_REPRESENTATION('',(#4292),#4296);
#4292 = LINE('',#4293,#4294);
#4293 = CARTESIAN_POINT('',(-12.,-8.));
#4294 = VECTOR('',#4295,1.);
#4295 = DIRECTION('',(1.,1.184237892934E-15));
#4296 = ( GEOMETRIC_REPRESENTATION_CONTEXT(2) 
PARAMETRIC_REPRESENTATION_CONTEXT() REPRESENTATION_CONTEXT('2D SPACE',''
  ) );
#4297 = PCURVE('',#3903,#4298);
#4298 = DEFINITIONAL_REPRESENTATION('',(#4299),#4303);
#4299 = LINE('',#4300,#4301);
#4300 = CARTESIAN_POINT('',(-4.5,3.));
#4301 = VECTOR('',#4302,1.);
#4302 = DIRECTION('',(-0.,1.));
#4303 = ( GEOMETRIC_REPRESENTATION_CONTEXT(2) 
PARAMETRIC_REPRESENTATION_CONTEXT() REPRESENTATION_CONTEXT('2D SPACE',''
  ) );
#4304 = ORIENTED_EDGE('',*,*,#4178,.F.);
#4305 = ADVANCED_FACE('',(#4306),#2938,.F.);
#4306 = FACE_BOUND('',#4307,.T.);
#4307 = EDGE_LOOP('',(#4308,#4309,#4332,#4363));
#4308 = ORIENTED_EDGE('',*,*,#2921,.F.);
#4309 = ORIENTED_EDGE('',*,*,#4310,.F.);
#4310 = EDGE_CURVE('',#4311,#2922,#4313,.T.);
#4311 = VERTEX_POINT('',#4312);
#4312 = CARTESIAN_POINT('',(-15.,-38.35,41.5));
#4313 = SEAM_CURVE('',#4314,(#4318,#4325),.PCURVE_S1.);
#4314 = LINE('',#4315,#4316);
#4315 = CARTESIAN_POINT('',(-15.,-38.35,41.5));
#4316 = VECTOR('',#4317,1.);
#4317 = DIRECTION('',(-0.,-1.,-0.));
#4318 = PCURVE('',#2938,#4319);
#4319 = DEFINITIONAL_REPRESENTATION('',(#4320),#4324);
#4320 = LINE('',#4321,#4322);
#4321 = CARTESIAN_POINT('',(-6.28318530718,-0.));
#4322 = VECTOR('',#4323,1.);
#4323 = DIRECTION('',(-0.,1.));
#4324 = ( GEOMETRIC_REPRESENTATION_CONTEXT(2) 
PARAMETRIC_REPRESENTATION_CONTEXT() REPRESENTATION_CONTEXT('2D SPACE',''
  ) );
#4325 = PCURVE('',#2938,#4326);
#4326 = DEFINITIONAL_REPRESENTATION('',(#4327),#4331);
#4327 = LINE('',#4328,#4329);
#4328 = CARTESIAN_POINT('',(-0.,-0.));
#4329 = VECTOR('',#4330,1.);
#4330 = DIRECTION('',(-0.,1.));
#4331 = ( GEOMETRIC_REPRESENTATION_CONTEXT(2) 
PARAMETRIC_REPRESENTATION_CONTEXT() REPRESENTATION_CONTEXT('2D SPACE',''
  ) );
#4332 = ORIENTED_EDGE('',*,*,#4333,.T.);
#4333 = EDGE_CURVE('',#4311,#4311,#4334,.T.);
#4334 = SURFACE_CURVE('',#4335,(#4340,#4347),.PCURVE_S1.);
#4335 = CIRCLE('',#4336,2.);
#4336 = AXIS2_PLACEMENT_3D('',#4337,#4338,#4339);
#4337 = CARTESIAN_POINT('',(-15.,-38.35,39.5));
#4338 = DIRECTION('',(0.,1.,0.));
#4339 = DIRECTION('',(-0.,-0.,1.));
#4340 = PCURVE('',#2938,#4341);
#4341 = DEFINITIONAL_REPRESENTATION('',(#4342),#4346);
#4342 = LINE('',#4343,#4344);
#4343 = CARTESIAN_POINT('',(-0.,0.));
#4344 = VECTOR('',#4345,1.);
#4345 = DIRECTION('',(-1.,0.));
#4346 = ( GEOMETRIC_REPRESENTATION_CONTEXT(2) 
PARAMETRIC_REPRESENTATION_CONTEXT() REPRESENTATION_CONTEXT('2D SPACE',''
  ) );
#4347 = PCURVE('',#4348,#4353);
#4348 = PLANE('',#4349);
#4349 = AXIS2_PLACEMENT_3D('',#4350,#4351,#4352);
#4350 = CARTESIAN_POINT('',(-15.,-38.35,39.5));
#4351 = DIRECTION('',(-0.,-1.,-0.));
#4352 = DIRECTION('',(0.,0.,-1.));
#4353 = DEFINITIONAL_REPRESENTATION('',(#4354),#4362);
#4354 = ( BOUNDED_CURVE() B_SPLINE_CURVE(2,(#4355,#4356,#4357,#4358,
#4359,#4360,#4361),.UNSPECIFIED.,.T.,.F.) B_SPLINE_CURVE_WITH_KNOTS((1,2
    ,2,2,2,1),(-2.094395102393,0.,2.094395102393,4.188790204786,
6.28318530718,8.377580409573),.UNSPECIFIED.) CURVE() 
GEOMETRIC_REPRESENTATION_ITEM() RATIONAL_B_SPLINE_CURVE((1.,0.5,1.,0.5,
1.,0.5,1.)) REPRESENTATION_ITEM('') );
#4355 = CARTESIAN_POINT('',(-2.,0.));
#4356 = CARTESIAN_POINT('',(-2.,3.464101615138));
#4357 = CARTESIAN_POINT('',(1.,1.732050807569));
#4358 = CARTESIAN_POINT('',(4.,4.898587196589E-16));
#4359 = CARTESIAN_POINT('',(1.,-1.732050807569));
#4360 = CARTESIAN_POINT('',(-2.,-3.464101615138));
#4361 = CARTESIAN_POINT('',(-2.,0.));
#4362 = ( GEOMETRIC_REPRESENTATION_CONTEXT(2) 
PARAMETRIC_REPRESENTATION_CONTEXT() REPRESENTATION_CONTEXT('2D SPACE',''
  ) );
#4363 = ORIENTED_EDGE('',*,*,#4310,.T.);
#4364 = ADVANCED_FACE('',(#4365),#3296,.F.);
#4365 = FACE_BOUND('',#4366,.T.);
#4366 = EDGE_LOOP('',(#4367,#4390,#4391,#4392));
#4367 = ORIENTED_EDGE('',*,*,#4368,.T.);
#4368 = EDGE_CURVE('',#4369,#3280,#4371,.T.);
#4369 = VERTEX_POINT('',#4370);
#4370 = CARTESIAN_POINT('',(-15.3,-30.,17.2));
#4371 = SEAM_CURVE('',#4372,(#4376,#4383),.PCURVE_S1.);
#4372 = LINE('',#4373,#4374);
#4373 = CARTESIAN_POINT('',(-19.,-30.,17.2));
#4374 = VECTOR('',#4375,1.);
#4375 = DIRECTION('',(1.,-0.,-0.));
#4376 = PCURVE('',#3296,#4377);
#4377 = DEFINITIONAL_REPRESENTATION('',(#4378),#4382);
#4378 = LINE('',#4379,#4380);
#4379 = CARTESIAN_POINT('',(-6.28318530718,-0.));
#4380 = VECTOR('',#4381,1.);
#4381 = DIRECTION('',(-0.,1.));
#4382 = ( GEOMETRIC_REPRESENTATION_CONTEXT(2) 
PARAMETRIC_REPRESENTATION_CONTEXT() REPRESENTATION_CONTEXT('2D SPACE',''
  ) );
#4383 = PCURVE('',#3296,#4384);
#4384 = DEFINITIONAL_REPRESENTATION('',(#4385),#4389);
#4385 = LINE('',#4386,#4387);
#4386 = CARTESIAN_POINT('',(-0.,-0.));
#4387 = VECTOR('',#4388,1.);
#4388 = DIRECTION('',(-0.,1.));
#4389 = ( GEOMETRIC_REPRESENTATION_CONTEXT(2) 
PARAMETRIC_REPRESENTATION_CONTEXT() REPRESENTATION_CONTEXT('2D SPACE',''
  ) );
#4390 = ORIENTED_EDGE('',*,*,#3279,.F.);
#4391 = ORIENTED_EDGE('',*,*,#4368,.F.);
#4392 = ORIENTED_EDGE('',*,*,#4393,.T.);
#4393 = EDGE_CURVE('',#4369,#4369,#4394,.T.);
#4394 = SURFACE_CURVE('',#4395,(#4400,#4407),.PCURVE_S1.);
#4395 = CIRCLE('',#4396,1.7);
#4396 = AXIS2_PLACEMENT_3D('',#4397,#4398,#4399);
#4397 = CARTESIAN_POINT('',(-15.3,-30.,15.5));
#4398 = DIRECTION('',(-1.,-0.,-0.));
#4399 = DIRECTION('',(-0.,-0.,1.));
#4400 = PCURVE('',#3296,#4401);
#4401 = DEFINITIONAL_REPRESENTATION('',(#4402),#4406);
#4402 = LINE('',#4403,#4404);
#4403 = CARTESIAN_POINT('',(-0.,3.7));
#4404 = VECTOR('',#4405,1.);
#4405 = DIRECTION('',(-1.,0.));
#4406 = ( GEOMETRIC_REPRESENTATION_CONTEXT(2) 
PARAMETRIC_REPRESENTATION_CONTEXT() REPRESENTATION_CONTEXT('2D SPACE',''
  ) );
#4407 = PCURVE('',#4408,#4413);
#4408 = PLANE('',#4409);
#4409 = AXIS2_PLACEMENT_3D('',#4410,#4411,#4412);
#4410 = CARTESIAN_POINT('',(-15.3,-30.,15.5));
#4411 = DIRECTION('',(1.,-0.,-0.));
#4412 = DIRECTION('',(0.,0.,-1.));
#4413 = DEFINITIONAL_REPRESENTATION('',(#4414),#4422);
#4414 = ( BOUNDED_CURVE() B_SPLINE_CURVE(2,(#4415,#4416,#4417,#4418,
#4419,#4420,#4421),.UNSPECIFIED.,.T.,.F.) B_SPLINE_CURVE_WITH_KNOTS((1,2
    ,2,2,2,1),(-2.094395102393,0.,2.094395102393,4.188790204786,
6.28318530718,8.377580409573),.UNSPECIFIED.) CURVE() 
GEOMETRIC_REPRESENTATION_ITEM() RATIONAL_B_SPLINE_CURVE((1.,0.5,1.,0.5,
1.,0.5,1.)) REPRESENTATION_ITEM('') );
#4415 = CARTESIAN_POINT('',(-1.7,0.));
#4416 = CARTESIAN_POINT('',(-1.7,2.944486372867));
#4417 = CARTESIAN_POINT('',(0.85,1.472243186434));
#4418 = CARTESIAN_POINT('',(3.4,4.163799117101E-16));
#4419 = CARTESIAN_POINT('',(0.85,-1.472243186434));
#4420 = CARTESIAN_POINT('',(-1.7,-2.944486372867));
#4421 = CARTESIAN_POINT('',(-1.7,0.));
#4422 = ( GEOMETRIC_REPRESENTATION_CONTEXT(2) 
PARAMETRIC_REPRESENTATION_CONTEXT() REPRESENTATION_CONTEXT('2D SPACE',''
  ) );
#4423 = ADVANCED_FACE('',(#4424),#3472,.T.);
#4424 = FACE_BOUND('',#4425,.F.);
#4425 = EDGE_LOOP('',(#4426,#4449,#4471,#4472));
#4426 = ORIENTED_EDGE('',*,*,#4427,.F.);
#4427 = EDGE_CURVE('',#4428,#3424,#4430,.T.);
#4428 = VERTEX_POINT('',#4429);
#4429 = CARTESIAN_POINT('',(-12.,-23.65,44.));
#4430 = SURFACE_CURVE('',#4431,(#4435,#4442),.PCURVE_S1.);
#4431 = LINE('',#4432,#4433);
#4432 = CARTESIAN_POINT('',(-12.,-44.35,44.));
#4433 = VECTOR('',#4434,1.);
#4434 = DIRECTION('',(-0.,1.,-0.));
#4435 = PCURVE('',#3472,#4436);
#4436 = DEFINITIONAL_REPRESENTATION('',(#4437),#4441);
#4437 = LINE('',#4438,#4439);
#4438 = CARTESIAN_POINT('',(-0.,0.));
#4439 = VECTOR('',#4440,1.);
#4440 = DIRECTION('',(-0.,1.));
#4441 = ( GEOMETRIC_REPRESENTATION_CONTEXT(2) 
PARAMETRIC_REPRESENTATION_CONTEXT() REPRESENTATION_CONTEXT('2D SPACE',''
  ) );
#4442 = PCURVE('',#3439,#4443);
#4443 = DEFINITIONAL_REPRESENTATION('',(#4444),#4448);
#4444 = LINE('',#4445,#4446);
#4445 = CARTESIAN_POINT('',(-12.,0.));
#4446 = VECTOR('',#4447,1.);
#4447 = DIRECTION('',(-0.,-1.));
#4448 = ( GEOMETRIC_REPRESENTATION_CONTEXT(2) 
PARAMETRIC_REPRESENTATION_CONTEXT() REPRESENTATION_CONTEXT('2D SPACE',''
  ) );
#4449 = ORIENTED_EDGE('',*,*,#4450,.T.);
#4450 = EDGE_CURVE('',#4428,#3944,#4451,.T.);
#4451 = SURFACE_CURVE('',#4452,(#4457,#4464),.PCURVE_S1.);
#4452 = CIRCLE('',#4453,6.);
#4453 = AXIS2_PLACEMENT_3D('',#4454,#4455,#4456);
#4454 = CARTESIAN_POINT('',(-12.,-23.65,38.));
#4455 = DIRECTION('',(0.,-1.,0.));
#4456 = DIRECTION('',(-0.,-0.,1.));
#4457 = PCURVE('',#3472,#4458);
#4458 = DEFINITIONAL_REPRESENTATION('',(#4459),#4463);
#4459 = LINE('',#4460,#4461);
#4460 = CARTESIAN_POINT('',(-0.,20.7));
#4461 = VECTOR('',#4462,1.);
#4462 = DIRECTION('',(-1.,0.));
#4463 = ( GEOMETRIC_REPRESENTATION_CONTEXT(2) 
PARAMETRIC_REPRESENTATION_CONTEXT() REPRESENTATION_CONTEXT('2D SPACE',''
  ) );
#4464 = PCURVE('',#3959,#4465);
#4465 = DEFINITIONAL_REPRESENTATION('',(#4466),#4470);
#4466 = CIRCLE('',#4467,6.);
#4467 = AXIS2_PLACEMENT_2D('',#4468,#4469);
#4468 = CARTESIAN_POINT('',(1.5,3.));
#4469 = DIRECTION('',(-1.,0.));
#4470 = ( GEOMETRIC_REPRESENTATION_CONTEXT(2) 
PARAMETRIC_REPRESENTATION_CONTEXT() REPRESENTATION_CONTEXT('2D SPACE',''
  ) );
#4471 = ORIENTED_EDGE('',*,*,#3971,.T.);
#4472 = ORIENTED_EDGE('',*,*,#3451,.F.);
#4473 = ADVANCED_FACE('',(#4474),#3411,.T.);
#4474 = FACE_BOUND('',#4475,.F.);
#4475 = EDGE_LOOP('',(#4476,#4477,#4501,#4522));
#4476 = ORIENTED_EDGE('',*,*,#4057,.F.);
#4477 = ORIENTED_EDGE('',*,*,#4478,.T.);
#4478 = EDGE_CURVE('',#4058,#4479,#4481,.T.);
#4479 = VERTEX_POINT('',#4480);
#4480 = CARTESIAN_POINT('',(-6.,-23.65,44.));
#4481 = SURFACE_CURVE('',#4482,(#4487,#4494),.PCURVE_S1.);
#4482 = CIRCLE('',#4483,6.);
#4483 = AXIS2_PLACEMENT_3D('',#4484,#4485,#4486);
#4484 = CARTESIAN_POINT('',(-6.,-23.65,38.));
#4485 = DIRECTION('',(-0.,-1.,-0.));
#4486 = DIRECTION('',(1.,-0.,-0.));
#4487 = PCURVE('',#3411,#4488);
#4488 = DEFINITIONAL_REPRESENTATION('',(#4489),#4493);
#4489 = LINE('',#4490,#4491);
#4490 = CARTESIAN_POINT('',(-0.,20.7));
#4491 = VECTOR('',#4492,1.);
#4492 = DIRECTION('',(-1.,0.));
#4493 = ( GEOMETRIC_REPRESENTATION_CONTEXT(2) 
PARAMETRIC_REPRESENTATION_CONTEXT() REPRESENTATION_CONTEXT('2D SPACE',''
  ) );
#4494 = PCURVE('',#3959,#4495);
#4495 = DEFINITIONAL_REPRESENTATION('',(#4496),#4500);
#4496 = CIRCLE('',#4497,6.);
#4497 = AXIS2_PLACEMENT_2D('',#4498,#4499);
#4498 = CARTESIAN_POINT('',(1.5,9.));
#4499 = DIRECTION('',(-0.,1.));
#4500 = ( GEOMETRIC_REPRESENTATION_CONTEXT(2) 
PARAMETRIC_REPRESENTATION_CONTEXT() REPRESENTATION_CONTEXT('2D SPACE',''
  ) );
#4501 = ORIENTED_EDGE('',*,*,#4502,.T.);
#4502 = EDGE_CURVE('',#4479,#3391,#4503,.T.);
#4503 = SURFACE_CURVE('',#4504,(#4508,#4515),.PCURVE_S1.);
#4504 = LINE('',#4505,#4506);
#4505 = CARTESIAN_POINT('',(-6.,-44.35,44.));
#4506 = VECTOR('',#4507,1.);
#4507 = DIRECTION('',(-0.,1.,-0.));
#4508 = PCURVE('',#3411,#4509);
#4509 = DEFINITIONAL_REPRESENTATION('',(#4510),#4514);
#4510 = LINE('',#4511,#4512);
#4511 = CARTESIAN_POINT('',(-1.570796326795,0.));
#4512 = VECTOR('',#4513,1.);
#4513 = DIRECTION('',(-0.,1.));
#4514 = ( GEOMETRIC_REPRESENTATION_CONTEXT(2) 
PARAMETRIC_REPRESENTATION_CONTEXT() REPRESENTATION_CONTEXT('2D SPACE',''
  ) );
#4515 = PCURVE('',#3439,#4516);
#4516 = DEFINITIONAL_REPRESENTATION('',(#4517),#4521);
#4517 = LINE('',#4518,#4519);
#4518 = CARTESIAN_POINT('',(-6.,0.));
#4519 = VECTOR('',#4520,1.);
#4520 = DIRECTION('',(-0.,-1.));
#4521 = ( GEOMETRIC_REPRESENTATION_CONTEXT(2) 
PARAMETRIC_REPRESENTATION_CONTEXT() REPRESENTATION_CONTEXT('2D SPACE',''
  ) );
#4522 = ORIENTED_EDGE('',*,*,#3390,.F.);
#4523 = ADVANCED_FACE('',(#4524),#3439,.F.);
#4524 = FACE_BOUND('',#4525,.T.);
#4525 = EDGE_LOOP('',(#4526,#4547,#4548,#4549));
#4526 = ORIENTED_EDGE('',*,*,#4527,.F.);
#4527 = EDGE_CURVE('',#4479,#4428,#4528,.T.);
#4528 = SURFACE_CURVE('',#4529,(#4533,#4540),.PCURVE_S1.);
#4529 = LINE('',#4530,#4531);
#4530 = CARTESIAN_POINT('',(-6.,-23.65,44.));
#4531 = VECTOR('',#4532,1.);
#4532 = DIRECTION('',(-1.,5.921189464668E-16,0.));
#4533 = PCURVE('',#3439,#4534);
#4534 = DEFINITIONAL_REPRESENTATION('',(#4535),#4539);
#4535 = LINE('',#4536,#4537);
#4536 = CARTESIAN_POINT('',(-6.,-20.7));
#4537 = VECTOR('',#4538,1.);
#4538 = DIRECTION('',(-1.,-5.921189464668E-16));
#4539 = ( GEOMETRIC_REPRESENTATION_CONTEXT(2) 
PARAMETRIC_REPRESENTATION_CONTEXT() REPRESENTATION_CONTEXT('2D SPACE',''
  ) );
#4540 = PCURVE('',#3959,#4541);
#4541 = DEFINITIONAL_REPRESENTATION('',(#4542),#4546);
#4542 = LINE('',#4543,#4544);
#4543 = CARTESIAN_POINT('',(-4.5,9.));
#4544 = VECTOR('',#4545,1.);
#4545 = DIRECTION('',(-0.,-1.));
#4546 = ( GEOMETRIC_REPRESENTATION_CONTEXT(2) 
PARAMETRIC_REPRESENTATION_CONTEXT() REPRESENTATION_CONTEXT('2D SPACE',''
  ) );
#4547 = ORIENTED_EDGE('',*,*,#4502,.T.);
#4548 = ORIENTED_EDGE('',*,*,#3423,.T.);
#4549 = ORIENTED_EDGE('',*,*,#4427,.F.);
#4550 = ADVANCED_FACE('',(#4551),#3548,.F.);
#4551 = FACE_BOUND('',#4552,.T.);
#4552 = EDGE_LOOP('',(#4553,#4581,#4602,#4603));
#4553 = ORIENTED_EDGE('',*,*,#4554,.F.);
#4554 = EDGE_CURVE('',#4555,#4555,#4557,.T.);
#4555 = VERTEX_POINT('',#4556);
#4556 = CARTESIAN_POINT('',(-15.,-23.65,41.2));
#4557 = SURFACE_CURVE('',#4558,(#4563,#4570),.PCURVE_S1.);
#4558 = CIRCLE('',#4559,1.7);
#4559 = AXIS2_PLACEMENT_3D('',#4560,#4561,#4562);
#4560 = CARTESIAN_POINT('',(-15.,-23.65,39.5));
#4561 = DIRECTION('',(0.,1.,0.));
#4562 = DIRECTION('',(-0.,-0.,1.));
#4563 = PCURVE('',#3548,#4564);
#4564 = DEFINITIONAL_REPRESENTATION('',(#4565),#4569);
#4565 = LINE('',#4566,#4567);
#4566 = CARTESIAN_POINT('',(-0.,8.));
#4567 = VECTOR('',#4568,1.);
#4568 = DIRECTION('',(-1.,0.));
#4569 = ( GEOMETRIC_REPRESENTATION_CONTEXT(2) 
PARAMETRIC_REPRESENTATION_CONTEXT() REPRESENTATION_CONTEXT('2D SPACE',''
  ) );
#4570 = PCURVE('',#3959,#4571);
#4571 = DEFINITIONAL_REPRESENTATION('',(#4572),#4580);
#4572 = ( BOUNDED_CURVE() B_SPLINE_CURVE(2,(#4573,#4574,#4575,#4576,
#4577,#4578,#4579),.UNSPECIFIED.,.T.,.F.) B_SPLINE_CURVE_WITH_KNOTS((1,2
    ,2,2,2,1),(-2.094395102393,0.,2.094395102393,4.188790204786,
6.28318530718,8.377580409573),.UNSPECIFIED.) CURVE() 
GEOMETRIC_REPRESENTATION_ITEM() RATIONAL_B_SPLINE_CURVE((1.,0.5,1.,0.5,
1.,0.5,1.)) REPRESENTATION_ITEM('') );
#4573 = CARTESIAN_POINT('',(-1.7,0.));
#4574 = CARTESIAN_POINT('',(-1.7,2.944486372867));
#4575 = CARTESIAN_POINT('',(0.85,1.472243186434));
#4576 = CARTESIAN_POINT('',(3.4,4.163799117101E-16));
#4577 = CARTESIAN_POINT('',(0.85,-1.472243186434));
#4578 = CARTESIAN_POINT('',(-1.7,-2.944486372867));
#4579 = CARTESIAN_POINT('',(-1.7,0.));
#4580 = ( GEOMETRIC_REPRESENTATION_CONTEXT(2) 
PARAMETRIC_REPRESENTATION_CONTEXT() REPRESENTATION_CONTEXT('2D SPACE',''
  ) );
#4581 = ORIENTED_EDGE('',*,*,#4582,.F.);
#4582 = EDGE_CURVE('',#3532,#4555,#4583,.T.);
#4583 = SEAM_CURVE('',#4584,(#4588,#4595),.PCURVE_S1.);
#4584 = LINE('',#4585,#4586);
#4585 = CARTESIAN_POINT('',(-15.,-15.65,41.2));
#4586 = VECTOR('',#4587,1.);
#4587 = DIRECTION('',(-0.,-1.,-0.));
#4588 = PCURVE('',#3548,#4589);
#4589 = DEFINITIONAL_REPRESENTATION('',(#4590),#4594);
#4590 = LINE('',#4591,#4592);
#4591 = CARTESIAN_POINT('',(-6.28318530718,-0.));
#4592 = VECTOR('',#4593,1.);
#4593 = DIRECTION('',(-0.,1.));
#4594 = ( GEOMETRIC_REPRESENTATION_CONTEXT(2) 
PARAMETRIC_REPRESENTATION_CONTEXT() REPRESENTATION_CONTEXT('2D SPACE',''
  ) );
#4595 = PCURVE('',#3548,#4596);
#4596 = DEFINITIONAL_REPRESENTATION('',(#4597),#4601);
#4597 = LINE('',#4598,#4599);
#4598 = CARTESIAN_POINT('',(-0.,-0.));
#4599 = VECTOR('',#4600,1.);
#4600 = DIRECTION('',(-0.,1.));
#4601 = ( GEOMETRIC_REPRESENTATION_CONTEXT(2) 
PARAMETRIC_REPRESENTATION_CONTEXT() REPRESENTATION_CONTEXT('2D SPACE',''
  ) );
#4602 = ORIENTED_EDGE('',*,*,#3531,.T.);
#4603 = ORIENTED_EDGE('',*,*,#4582,.T.);
#4604 = ADVANCED_FACE('',(#4605),#3752,.F.);
#4605 = FACE_BOUND('',#4606,.T.);
#4606 = EDGE_LOOP('',(#4607,#4630,#4656,#4657,#4658,#4659));
#4607 = ORIENTED_EDGE('',*,*,#4608,.T.);
#4608 = EDGE_CURVE('',#3995,#4609,#4611,.T.);
#4609 = VERTEX_POINT('',#4610);
#4610 = CARTESIAN_POINT('',(-15.3,-30.,18.35));
#4611 = SEAM_CURVE('',#4612,(#4616,#4623),.PCURVE_S1.);
#4612 = LINE('',#4613,#4614);
#4613 = CARTESIAN_POINT('',(-18.5,-30.,18.35));
#4614 = VECTOR('',#4615,1.);
#4615 = DIRECTION('',(1.,-0.,-0.));
#4616 = PCURVE('',#3752,#4617);
#4617 = DEFINITIONAL_REPRESENTATION('',(#4618),#4622);
#4618 = LINE('',#4619,#4620);
#4619 = CARTESIAN_POINT('',(-6.28318530718,-0.));
#4620 = VECTOR('',#4621,1.);
#4621 = DIRECTION('',(-0.,1.));
#4622 = ( GEOMETRIC_REPRESENTATION_CONTEXT(2) 
PARAMETRIC_REPRESENTATION_CONTEXT() REPRESENTATION_CONTEXT('2D SPACE',''
  ) );
#4623 = PCURVE('',#3752,#4624);
#4624 = DEFINITIONAL_REPRESENTATION('',(#4625),#4629);
#4625 = LINE('',#4626,#4627);
#4626 = CARTESIAN_POINT('',(-0.,-0.));
#4627 = VECTOR('',#4628,1.);
#4628 = DIRECTION('',(-0.,1.));
#4629 = ( GEOMETRIC_REPRESENTATION_CONTEXT(2) 
PARAMETRIC_REPRESENTATION_CONTEXT() REPRESENTATION_CONTEXT('2D SPACE',''
  ) );
#4630 = ORIENTED_EDGE('',*,*,#4631,.F.);
#4631 = EDGE_CURVE('',#4609,#4609,#4632,.T.);
#4632 = SURFACE_CURVE('',#4633,(#4638,#4645),.PCURVE_S1.);
#4633 = CIRCLE('',#4634,2.85);
#4634 = AXIS2_PLACEMENT_3D('',#4635,#4636,#4637);
#4635 = CARTESIAN_POINT('',(-15.3,-30.,15.5));
#4636 = DIRECTION('',(-1.,-0.,-0.));
#4637 = DIRECTION('',(-0.,-0.,1.));
#4638 = PCURVE('',#3752,#4639);
#4639 = DEFINITIONAL_REPRESENTATION('',(#4640),#4644);
#4640 = LINE('',#4641,#4642);
#4641 = CARTESIAN_POINT('',(-0.,3.2));
#4642 = VECTOR('',#4643,1.);
#4643 = DIRECTION('',(-1.,0.));
#4644 = ( GEOMETRIC_REPRESENTATION_CONTEXT(2) 
PARAMETRIC_REPRESENTATION_CONTEXT() REPRESENTATION_CONTEXT('2D SPACE',''
  ) );
#4645 = PCURVE('',#4408,#4646);
#4646 = DEFINITIONAL_REPRESENTATION('',(#4647),#4655);
#4647 = ( BOUNDED_CURVE() B_SPLINE_CURVE(2,(#4648,#4649,#4650,#4651,
#4652,#4653,#4654),.UNSPECIFIED.,.T.,.F.) B_SPLINE_CURVE_WITH_KNOTS((1,2
    ,2,2,2,1),(-2.094395102393,0.,2.094395102393,4.188790204786,
6.28318530718,8.377580409573),.UNSPECIFIED.) CURVE() 
GEOMETRIC_REPRESENTATION_ITEM() RATIONAL_B_SPLINE_CURVE((1.,0.5,1.,0.5,
1.,0.5,1.)) REPRESENTATION_ITEM('') );
#4648 = CARTESIAN_POINT('',(-2.85,0.));
#4649 = CARTESIAN_POINT('',(-2.85,4.936344801571));
#4650 = CARTESIAN_POINT('',(1.425,2.468172400786));
#4651 = CARTESIAN_POINT('',(5.7,6.98048675514E-16));
#4652 = CARTESIAN_POINT('',(1.425,-2.468172400786));
#4653 = CARTESIAN_POINT('',(-2.85,-4.936344801571));
#4654 = CARTESIAN_POINT('',(-2.85,0.));
#4655 = ( GEOMETRIC_REPRESENTATION_CONTEXT(2) 
PARAMETRIC_REPRESENTATION_CONTEXT() REPRESENTATION_CONTEXT('2D SPACE',''
  ) );
#4656 = ORIENTED_EDGE('',*,*,#4608,.F.);
#4657 = ORIENTED_EDGE('',*,*,#3994,.T.);
#4658 = ORIENTED_EDGE('',*,*,#3588,.T.);
#4659 = ORIENTED_EDGE('',*,*,#4022,.T.);
#4660 = ADVANCED_FACE('',(#4661,#4717),#3959,.T.);
#4661 = FACE_BOUND('',#4662,.F.);
#4662 = EDGE_LOOP('',(#4663,#4664,#4665,#4666,#4667,#4690,#4716));
#4663 = ORIENTED_EDGE('',*,*,#4450,.F.);
#4664 = ORIENTED_EDGE('',*,*,#4527,.F.);
#4665 = ORIENTED_EDGE('',*,*,#4478,.F.);
#4666 = ORIENTED_EDGE('',*,*,#4080,.F.);
#4667 = ORIENTED_EDGE('',*,*,#4668,.F.);
#4668 = EDGE_CURVE('',#4669,#4081,#4671,.T.);
#4669 = VERTEX_POINT('',#4670);
#4670 = CARTESIAN_POINT('',(-15.,-23.65,32.75));
#4671 = SURFACE_CURVE('',#4672,(#4676,#4683),.PCURVE_S1.);
#4672 = LINE('',#4673,#4674);
#4673 = CARTESIAN_POINT('',(-15.,-23.65,32.75));
#4674 = VECTOR('',#4675,1.);
#4675 = DIRECTION('',(1.,-0.,-0.));
#4676 = PCURVE('',#3959,#4677);
#4677 = DEFINITIONAL_REPRESENTATION('',(#4678),#4682);
#4678 = LINE('',#4679,#4680);
#4679 = CARTESIAN_POINT('',(6.75,-0.));
#4680 = VECTOR('',#4681,1.);
#4681 = DIRECTION('',(-0.,1.));
#4682 = ( GEOMETRIC_REPRESENTATION_CONTEXT(2) 
PARAMETRIC_REPRESENTATION_CONTEXT() REPRESENTATION_CONTEXT('2D SPACE',''
  ) );
#4683 = PCURVE('',#4119,#4684);
#4684 = DEFINITIONAL_REPRESENTATION('',(#4685),#4689);
#4685 = LINE('',#4686,#4687);
#4686 = CARTESIAN_POINT('',(-0.,-12.7));
#4687 = VECTOR('',#4688,1.);
#4688 = DIRECTION('',(-1.,0.));
#4689 = ( GEOMETRIC_REPRESENTATION_CONTEXT(2) 
PARAMETRIC_REPRESENTATION_CONTEXT() REPRESENTATION_CONTEXT('2D SPACE',''
  ) );
#4690 = ORIENTED_EDGE('',*,*,#4691,.T.);
#4691 = EDGE_CURVE('',#4669,#3916,#4692,.T.);
#4692 = SURFACE_CURVE('',#4693,(#4698,#4709),.PCURVE_S1.);
#4693 = CIRCLE('',#4694,6.75);
#4694 = AXIS2_PLACEMENT_3D('',#4695,#4696,#4697);
#4695 = CARTESIAN_POINT('',(-15.,-23.65,39.5));
#4696 = DIRECTION('',(0.,1.,0.));
#4697 = DIRECTION('',(-0.,-0.,1.));
#4698 = PCURVE('',#3959,#4699);
#4699 = DEFINITIONAL_REPRESENTATION('',(#4700),#4708);
#4700 = ( BOUNDED_CURVE() B_SPLINE_CURVE(2,(#4701,#4702,#4703,#4704,
#4705,#4706,#4707),.UNSPECIFIED.,.T.,.F.) B_SPLINE_CURVE_WITH_KNOTS((1,2
    ,2,2,2,1),(-2.094395102393,0.,2.094395102393,4.188790204786,
6.28318530718,8.377580409573),.UNSPECIFIED.) CURVE() 
GEOMETRIC_REPRESENTATION_ITEM() RATIONAL_B_SPLINE_CURVE((1.,0.5,1.,0.5,
1.,0.5,1.)) REPRESENTATION_ITEM('') );
#4701 = CARTESIAN_POINT('',(-6.75,0.));
#4702 = CARTESIAN_POINT('',(-6.75,11.69134295109));
#4703 = CARTESIAN_POINT('',(3.375,5.845671475545));
#4704 = CARTESIAN_POINT('',(13.5,1.653273178849E-15));
#4705 = CARTESIAN_POINT('',(3.375,-5.845671475545));
#4706 = CARTESIAN_POINT('',(-6.75,-11.69134295109));
#4707 = CARTESIAN_POINT('',(-6.75,0.));
#4708 = ( GEOMETRIC_REPRESENTATION_CONTEXT(2) 
PARAMETRIC_REPRESENTATION_CONTEXT() REPRESENTATION_CONTEXT('2D SPACE',''
  ) );
#4709 = PCURVE('',#3931,#4710);
#4710 = DEFINITIONAL_REPRESENTATION('',(#4711),#4715);
#4711 = LINE('',#4712,#4713);
#4712 = CARTESIAN_POINT('',(-0.,0.));
#4713 = VECTOR('',#4714,1.);
#4714 = DIRECTION('',(-1.,0.));
#4715 = ( GEOMETRIC_REPRESENTATION_CONTEXT(2) 
PARAMETRIC_REPRESENTATION_CONTEXT() REPRESENTATION_CONTEXT('2D SPACE',''
  ) );
#4716 = ORIENTED_EDGE('',*,*,#3943,.T.);
#4717 = FACE_BOUND('',#4718,.F.);
#4718 = EDGE_LOOP('',(#4719));
#4719 = ORIENTED_EDGE('',*,*,#4554,.F.);
#4720 = ADVANCED_FACE('',(#4721),#3931,.F.);
#4721 = FACE_BOUND('',#4722,.T.);
#4722 = EDGE_LOOP('',(#4723,#4751,#4772,#4773));
#4723 = ORIENTED_EDGE('',*,*,#4724,.F.);
#4724 = EDGE_CURVE('',#4725,#3888,#4727,.T.);
#4725 = VERTEX_POINT('',#4726);
#4726 = CARTESIAN_POINT('',(-15.,-36.35,32.75));
#4727 = SURFACE_CURVE('',#4728,(#4733,#4740),.PCURVE_S1.);
#4728 = CIRCLE('',#4729,6.75);
#4729 = AXIS2_PLACEMENT_3D('',#4730,#4731,#4732);
#4730 = CARTESIAN_POINT('',(-15.,-36.35,39.5));
#4731 = DIRECTION('',(0.,1.,0.));
#4732 = DIRECTION('',(-0.,-0.,1.));
#4733 = PCURVE('',#3931,#4734);
#4734 = DEFINITIONAL_REPRESENTATION('',(#4735),#4739);
#4735 = LINE('',#4736,#4737);
#4736 = CARTESIAN_POINT('',(-0.,12.7));
#4737 = VECTOR('',#4738,1.);
#4738 = DIRECTION('',(-1.,0.));
#4739 = ( GEOMETRIC_REPRESENTATION_CONTEXT(2) 
PARAMETRIC_REPRESENTATION_CONTEXT() REPRESENTATION_CONTEXT('2D SPACE',''
  ) );
#4740 = PCURVE('',#3903,#4741);
#4741 = DEFINITIONAL_REPRESENTATION('',(#4742),#4750);
#4742 = ( BOUNDED_CURVE() B_SPLINE_CURVE(2,(#4743,#4744,#4745,#4746,
#4747,#4748,#4749),.UNSPECIFIED.,.T.,.F.) B_SPLINE_CURVE_WITH_KNOTS((1,2
    ,2,2,2,1),(-2.094395102393,0.,2.094395102393,4.188790204786,
6.28318530718,8.377580409573),.UNSPECIFIED.) CURVE() 
GEOMETRIC_REPRESENTATION_ITEM() RATIONAL_B_SPLINE_CURVE((1.,0.5,1.,0.5,
1.,0.5,1.)) REPRESENTATION_ITEM('') );
#4743 = CARTESIAN_POINT('',(-6.75,0.));
#4744 = CARTESIAN_POINT('',(-6.75,11.69134295109));
#4745 = CARTESIAN_POINT('',(3.375,5.845671475545));
#4746 = CARTESIAN_POINT('',(13.5,1.653273178849E-15));
#4747 = CARTESIAN_POINT('',(3.375,-5.845671475545));
#4748 = CARTESIAN_POINT('',(-6.75,-11.69134295109));
#4749 = CARTESIAN_POINT('',(-6.75,0.));
#4750 = ( GEOMETRIC_REPRESENTATION_CONTEXT(2) 
PARAMETRIC_REPRESENTATION_CONTEXT() REPRESENTATION_CONTEXT('2D SPACE',''
  ) );
#4751 = ORIENTED_EDGE('',*,*,#4752,.T.);
#4752 = EDGE_CURVE('',#4725,#4669,#4753,.T.);
#4753 = SURFACE_CURVE('',#4754,(#4758,#4765),.PCURVE_S1.);
#4754 = LINE('',#4755,#4756);
#4755 = CARTESIAN_POINT('',(-15.,-36.35,32.75));
#4756 = VECTOR('',#4757,1.);
#4757 = DIRECTION('',(-0.,1.,-0.));
#4758 = PCURVE('',#3931,#4759);
#4759 = DEFINITIONAL_REPRESENTATION('',(#4760),#4764);
#4760 = LINE('',#4761,#4762);
#4761 = CARTESIAN_POINT('',(-3.14159265359,12.7));
#4762 = VECTOR('',#4763,1.);
#4763 = DIRECTION('',(-0.,-1.));
#4764 = ( GEOMETRIC_REPRESENTATION_CONTEXT(2) 
PARAMETRIC_REPRESENTATION_CONTEXT() REPRESENTATION_CONTEXT('2D SPACE',''
  ) );
#4765 = PCURVE('',#4119,#4766);
#4766 = DEFINITIONAL_REPRESENTATION('',(#4767),#4771);
#4767 = LINE('',#4768,#4769);
#4768 = CARTESIAN_POINT('',(-0.,-0.));
#4769 = VECTOR('',#4770,1.);
#4770 = DIRECTION('',(-0.,-1.));
#4771 = ( GEOMETRIC_REPRESENTATION_CONTEXT(2) 
PARAMETRIC_REPRESENTATION_CONTEXT() REPRESENTATION_CONTEXT('2D SPACE',''
  ) );
#4772 = ORIENTED_EDGE('',*,*,#4691,.T.);
#4773 = ORIENTED_EDGE('',*,*,#3915,.T.);
#4774 = ADVANCED_FACE('',(#4775,#4804),#3903,.F.);
#4775 = FACE_BOUND('',#4776,.T.);
#4776 = EDGE_LOOP('',(#4777,#4778,#4779,#4780,#4781,#4802,#4803));
#4777 = ORIENTED_EDGE('',*,*,#4203,.T.);
#4778 = ORIENTED_EDGE('',*,*,#4284,.T.);
#4779 = ORIENTED_EDGE('',*,*,#4257,.F.);
#4780 = ORIENTED_EDGE('',*,*,#4131,.F.);
#4781 = ORIENTED_EDGE('',*,*,#4782,.F.);
#4782 = EDGE_CURVE('',#4725,#4104,#4783,.T.);
#4783 = SURFACE_CURVE('',#4784,(#4788,#4795),.PCURVE_S1.);
#4784 = LINE('',#4785,#4786);
#4785 = CARTESIAN_POINT('',(-15.,-36.35,32.75));
#4786 = VECTOR('',#4787,1.);
#4787 = DIRECTION('',(1.,-0.,-0.));
#4788 = PCURVE('',#3903,#4789);
#4789 = DEFINITIONAL_REPRESENTATION('',(#4790),#4794);
#4790 = LINE('',#4791,#4792);
#4791 = CARTESIAN_POINT('',(6.75,-0.));
#4792 = VECTOR('',#4793,1.);
#4793 = DIRECTION('',(-0.,1.));
#4794 = ( GEOMETRIC_REPRESENTATION_CONTEXT(2) 
PARAMETRIC_REPRESENTATION_CONTEXT() REPRESENTATION_CONTEXT('2D SPACE',''
  ) );
#4795 = PCURVE('',#4119,#4796);
#4796 = DEFINITIONAL_REPRESENTATION('',(#4797),#4801);
#4797 = LINE('',#4798,#4799);
#4798 = CARTESIAN_POINT('',(-0.,-0.));
#4799 = VECTOR('',#4800,1.);
#4800 = DIRECTION('',(-1.,0.));
#4801 = ( GEOMETRIC_REPRESENTATION_CONTEXT(2) 
PARAMETRIC_REPRESENTATION_CONTEXT() REPRESENTATION_CONTEXT('2D SPACE',''
  ) );
#4802 = ORIENTED_EDGE('',*,*,#4724,.T.);
#4803 = ORIENTED_EDGE('',*,*,#3887,.T.);
#4804 = FACE_BOUND('',#4805,.T.);
#4805 = EDGE_LOOP('',(#4806));
#4806 = ORIENTED_EDGE('',*,*,#4807,.F.);
#4807 = EDGE_CURVE('',#4808,#4808,#4810,.T.);
#4808 = VERTEX_POINT('',#4809);
#4809 = CARTESIAN_POINT('',(-15.,-36.35,41.2));
#4810 = SURFACE_CURVE('',#4811,(#4816,#4827),.PCURVE_S1.);
#4811 = CIRCLE('',#4812,1.7);
#4812 = AXIS2_PLACEMENT_3D('',#4813,#4814,#4815);
#4813 = CARTESIAN_POINT('',(-15.,-36.35,39.5));
#4814 = DIRECTION('',(0.,1.,0.));
#4815 = DIRECTION('',(-0.,-0.,1.));
#4816 = PCURVE('',#3903,#4817);
#4817 = DEFINITIONAL_REPRESENTATION('',(#4818),#4826);
#4818 = ( BOUNDED_CURVE() B_SPLINE_CURVE(2,(#4819,#4820,#4821,#4822,
#4823,#4824,#4825),.UNSPECIFIED.,.T.,.F.) B_SPLINE_CURVE_WITH_KNOTS((1,2
    ,2,2,2,1),(-2.094395102393,0.,2.094395102393,4.188790204786,
6.28318530718,8.377580409573),.UNSPECIFIED.) CURVE() 
GEOMETRIC_REPRESENTATION_ITEM() RATIONAL_B_SPLINE_CURVE((1.,0.5,1.,0.5,
1.,0.5,1.)) REPRESENTATION_ITEM('') );
#4819 = CARTESIAN_POINT('',(-1.7,0.));
#4820 = CARTESIAN_POINT('',(-1.7,2.944486372867));
#4821 = CARTESIAN_POINT('',(0.85,1.472243186434));
#4822 = CARTESIAN_POINT('',(3.4,4.163799117101E-16));
#4823 = CARTESIAN_POINT('',(0.85,-1.472243186434));
#4824 = CARTESIAN_POINT('',(-1.7,-2.944486372867));
#4825 = CARTESIAN_POINT('',(-1.7,0.));
#4826 = ( GEOMETRIC_REPRESENTATION_CONTEXT(2) 
PARAMETRIC_REPRESENTATION_CONTEXT() REPRESENTATION_CONTEXT('2D SPACE',''
  ) );
#4827 = PCURVE('',#4828,#4833);
#4828 = CYLINDRICAL_SURFACE('',#4829,1.7);
#4829 = AXIS2_PLACEMENT_3D('',#4830,#4831,#4832);
#4830 = CARTESIAN_POINT('',(-15.,-15.65,39.5));
#4831 = DIRECTION('',(-0.,-1.,-0.));
#4832 = DIRECTION('',(-0.,-0.,1.));
#4833 = DEFINITIONAL_REPRESENTATION('',(#4834),#4838);
#4834 = LINE('',#4835,#4836);
#4835 = CARTESIAN_POINT('',(-0.,20.7));
#4836 = VECTOR('',#4837,1.);
#4837 = DIRECTION('',(-1.,0.));
#4838 = ( GEOMETRIC_REPRESENTATION_CONTEXT(2) 
PARAMETRIC_REPRESENTATION_CONTEXT() REPRESENTATION_CONTEXT('2D SPACE',''
  ) );
#4839 = ADVANCED_FACE('',(#4840),#4119,.T.);
#4840 = FACE_BOUND('',#4841,.F.);
#4841 = EDGE_LOOP('',(#4842,#4843,#4844,#4845));
#4842 = ORIENTED_EDGE('',*,*,#4782,.F.);
#4843 = ORIENTED_EDGE('',*,*,#4752,.T.);
#4844 = ORIENTED_EDGE('',*,*,#4668,.T.);
#4845 = ORIENTED_EDGE('',*,*,#4103,.T.);
#4846 = ADVANCED_FACE('',(#4847,#4850),#4348,.T.);
#4847 = FACE_BOUND('',#4848,.F.);
#4848 = EDGE_LOOP('',(#4849));
#4849 = ORIENTED_EDGE('',*,*,#4333,.T.);
#4850 = FACE_BOUND('',#4851,.F.);
#4851 = EDGE_LOOP('',(#4852));
#4852 = ORIENTED_EDGE('',*,*,#4853,.F.);
#4853 = EDGE_CURVE('',#4854,#4854,#4856,.T.);
#4854 = VERTEX_POINT('',#4855);
#4855 = CARTESIAN_POINT('',(-15.,-38.35,41.2));
#4856 = SURFACE_CURVE('',#4857,(#4862,#4873),.PCURVE_S1.);
#4857 = CIRCLE('',#4858,1.7);
#4858 = AXIS2_PLACEMENT_3D('',#4859,#4860,#4861);
#4859 = CARTESIAN_POINT('',(-15.,-38.35,39.5));
#4860 = DIRECTION('',(0.,1.,0.));
#4861 = DIRECTION('',(-0.,-0.,1.));
#4862 = PCURVE('',#4348,#4863);
#4863 = DEFINITIONAL_REPRESENTATION('',(#4864),#4872);
#4864 = ( BOUNDED_CURVE() B_SPLINE_CURVE(2,(#4865,#4866,#4867,#4868,
#4869,#4870,#4871),.UNSPECIFIED.,.T.,.F.) B_SPLINE_CURVE_WITH_KNOTS((1,2
    ,2,2,2,1),(-2.094395102393,0.,2.094395102393,4.188790204786,
6.28318530718,8.377580409573),.UNSPECIFIED.) CURVE() 
GEOMETRIC_REPRESENTATION_ITEM() RATIONAL_B_SPLINE_CURVE((1.,0.5,1.,0.5,
1.,0.5,1.)) REPRESENTATION_ITEM('') );
#4865 = CARTESIAN_POINT('',(-1.7,0.));
#4866 = CARTESIAN_POINT('',(-1.7,2.944486372867));
#4867 = CARTESIAN_POINT('',(0.85,1.472243186434));
#4868 = CARTESIAN_POINT('',(3.4,4.163799117101E-16));
#4869 = CARTESIAN_POINT('',(0.85,-1.472243186434));
#4870 = CARTESIAN_POINT('',(-1.7,-2.944486372867));
#4871 = CARTESIAN_POINT('',(-1.7,0.));
#4872 = ( GEOMETRIC_REPRESENTATION_CONTEXT(2) 
PARAMETRIC_REPRESENTATION_CONTEXT() REPRESENTATION_CONTEXT('2D SPACE',''
  ) );
#4873 = PCURVE('',#4828,#4874);
#4874 = DEFINITIONAL_REPRESENTATION('',(#4875),#4879);
#4875 = LINE('',#4876,#4877);
#4876 = CARTESIAN_POINT('',(-0.,22.7));
#4877 = VECTOR('',#4878,1.);
#4878 = DIRECTION('',(-1.,0.));
#4879 = ( GEOMETRIC_REPRESENTATION_CONTEXT(2) 
PARAMETRIC_REPRESENTATION_CONTEXT() REPRESENTATION_CONTEXT('2D SPACE',''
  ) );
#4880 = ADVANCED_FACE('',(#4881,#4884),#4408,.F.);
#4881 = FACE_BOUND('',#4882,.T.);
#4882 = EDGE_LOOP('',(#4883));
#4883 = ORIENTED_EDGE('',*,*,#4631,.T.);
#4884 = FACE_BOUND('',#4885,.T.);
#4885 = EDGE_LOOP('',(#4886));
#4886 = ORIENTED_EDGE('',*,*,#4393,.F.);
#4887 = ADVANCED_FACE('',(#4888),#4828,.F.);
#4888 = FACE_BOUND('',#4889,.T.);
#4889 = EDGE_LOOP('',(#4890,#4891,#4912,#4913));
#4890 = ORIENTED_EDGE('',*,*,#4807,.T.);
#4891 = ORIENTED_EDGE('',*,*,#4892,.T.);
#4892 = EDGE_CURVE('',#4808,#4854,#4893,.T.);
#4893 = SEAM_CURVE('',#4894,(#4898,#4905),.PCURVE_S1.);
#4894 = LINE('',#4895,#4896);
#4895 = CARTESIAN_POINT('',(-15.,-15.65,41.2));
#4896 = VECTOR('',#4897,1.);
#4897 = DIRECTION('',(-0.,-1.,-0.));
#4898 = PCURVE('',#4828,#4899);
#4899 = DEFINITIONAL_REPRESENTATION('',(#4900),#4904);
#4900 = LINE('',#4901,#4902);
#4901 = CARTESIAN_POINT('',(-0.,-0.));
#4902 = VECTOR('',#4903,1.);
#4903 = DIRECTION('',(-0.,1.));
#4904 = ( GEOMETRIC_REPRESENTATION_CONTEXT(2) 
PARAMETRIC_REPRESENTATION_CONTEXT() REPRESENTATION_CONTEXT('2D SPACE',''
  ) );
#4905 = PCURVE('',#4828,#4906);
#4906 = DEFINITIONAL_REPRESENTATION('',(#4907),#4911);
#4907 = LINE('',#4908,#4909);
#4908 = CARTESIAN_POINT('',(-6.28318530718,-0.));
#4909 = VECTOR('',#4910,1.);
#4910 = DIRECTION('',(-0.,1.));
#4911 = ( GEOMETRIC_REPRESENTATION_CONTEXT(2) 
PARAMETRIC_REPRESENTATION_CONTEXT() REPRESENTATION_CONTEXT('2D SPACE',''
  ) );
#4912 = ORIENTED_EDGE('',*,*,#4853,.F.);
#4913 = ORIENTED_EDGE('',*,*,#4892,.F.);
#4914 = ( GEOMETRIC_REPRESENTATION_CONTEXT(3) 
GLOBAL_UNCERTAINTY_ASSIGNED_CONTEXT((#4918)) 
GLOBAL_UNIT_ASSIGNED_CONTEXT((#4915,#4916,#4917)) REPRESENTATION_CONTEXT
('Context #1','3D Context with UNIT and UNCERTAINTY') );
#4915 = ( LENGTH_UNIT() NAMED_UNIT(*) SI_UNIT(.MILLI.,.METRE.) );
#4916 = ( NAMED_UNIT(*) PLANE_ANGLE_UNIT() SI_UNIT($,.RADIAN.) );
#4917 = ( NAMED_UNIT(*) SI_UNIT($,.STERADIAN.) SOLID_ANGLE_UNIT() );
#4918 = UNCERTAINTY_MEASURE_WITH_UNIT(LENGTH_MEASURE(1.E-07),#4915,
  'distance_accuracy_value','confusion accuracy');
#4919 = CONTEXT_DEPENDENT_SHAPE_REPRESENTATION(#4920,#4922);
#4920 = ( REPRESENTATION_RELATIONSHIP('','',#2484,#10) 
REPRESENTATION_RELATIONSHIP_WITH_TRANSFORMATION(#4921) 
SHAPE_REPRESENTATION_RELATIONSHIP() );
#4921 = ITEM_DEFINED_TRANSFORMATION('','',#11,#19);
#4922 = PRODUCT_DEFINITION_SHAPE('Placement','Placement of an item',
  #4923);
#4923 = NEXT_ASSEMBLY_USAGE_OCCURRENCE('8','','',#5,#2479,$);
#4924 = PRODUCT_RELATED_PRODUCT_CATEGORY('part',$,(#2481));
ENDSEC;
END-ISO-10303-21;
