ISO-10303-21;
HEADER;
FILE_DESCRIPTION(('Open CASCADE Model'),'2;1');
FILE_NAME('Open CASCADE Shape Model','2026-07-31T00:25:17',('Author'),(
    'Open CASCADE'),'Open CASCADE STEP processor 7.9','Open CASCADE 7.9'
  ,'Unknown');
FILE_SCHEMA(('AUTOMOTIVE_DESIGN { 1 0 10303 214 1 1 1 1 }'));
ENDSEC;
DATA;
#1 = APPLICATION_PROTOCOL_DEFINITION('international standard',
  'automotive_design',2000,#2);
#2 = APPLICATION_CONTEXT(
  'core data for automotive mechanical design processes');
#3 = SHAPE_DEFINITION_REPRESENTATION(#4,#10);
#4 = PRODUCT_DEFINITION_SHAPE('','',#5);
#5 = PRODUCT_DEFINITION('design','',#6,#9);
#6 = PRODUCT_DEFINITION_FORMATION('','',#7);
#7 = PRODUCT('Open CASCADE STEP translator 7.9 9',
  'Open CASCADE STEP translator 7.9 9','',(#8));
#8 = PRODUCT_CONTEXT('',#2,'mechanical');
#9 = PRODUCT_DEFINITION_CONTEXT('part definition',#2,'design');
#10 = SHAPE_REPRESENTATION('',(#11,#15,#19,#23),#27);
#11 = AXIS2_PLACEMENT_3D('',#12,#13,#14);
#12 = CARTESIAN_POINT('',(0.,0.,0.));
#13 = DIRECTION('',(0.,0.,1.));
#14 = DIRECTION('',(1.,0.,-0.));
#15 = AXIS2_PLACEMENT_3D('',#16,#17,#18);
#16 = CARTESIAN_POINT('',(0.,0.,0.));
#17 = DIRECTION('',(0.,0.,1.));
#18 = DIRECTION('',(1.,0.,-0.));
#19 = AXIS2_PLACEMENT_3D('',#20,#21,#22);
#20 = CARTESIAN_POINT('',(0.,0.,0.));
#21 = DIRECTION('',(0.,0.,1.));
#22 = DIRECTION('',(1.,0.,-0.));
#23 = AXIS2_PLACEMENT_3D('',#24,#25,#26);
#24 = CARTESIAN_POINT('',(0.,0.,0.));
#25 = DIRECTION('',(0.,0.,1.));
#26 = DIRECTION('',(1.,0.,-0.));
#27 = ( GEOMETRIC_REPRESENTATION_CONTEXT(3) 
GLOBAL_UNCERTAINTY_ASSIGNED_CONTEXT((#31)) GLOBAL_UNIT_ASSIGNED_CONTEXT(
(#28,#29,#30)) REPRESENTATION_CONTEXT('Context #1',
  '3D Context with UNIT and UNCERTAINTY') );
#28 = ( LENGTH_UNIT() NAMED_UNIT(*) SI_UNIT(.MILLI.,.METRE.) );
#29 = ( NAMED_UNIT(*) PLANE_ANGLE_UNIT() SI_UNIT($,.RADIAN.) );
#30 = ( NAMED_UNIT(*) SI_UNIT($,.STERADIAN.) SOLID_ANGLE_UNIT() );
#31 = UNCERTAINTY_MEASURE_WITH_UNIT(LENGTH_MEASURE(1.E-07),#28,
  'distance_accuracy_value','confusion accuracy');
#32 = PRODUCT_RELATED_PRODUCT_CATEGORY('part',$,(#7));
#33 = SHAPE_DEFINITION_REPRESENTATION(#34,#40);
#34 = PRODUCT_DEFINITION_SHAPE('','',#35);
#35 = PRODUCT_DEFINITION('design','',#36,#39);
#36 = PRODUCT_DEFINITION_FORMATION('','',#37);
#37 = PRODUCT('Open CASCADE STEP translator 7.9 9.1',
  'Open CASCADE STEP translator 7.9 9.1','',(#38));
#38 = PRODUCT_CONTEXT('',#2,'mechanical');
#39 = PRODUCT_DEFINITION_CONTEXT('part definition',#2,'design');
#40 = ADVANCED_BREP_SHAPE_REPRESENTATION('',(#11,#41),#2302);
#41 = MANIFOLD_SOLID_BREP('',#42);
#42 = CLOSED_SHELL('',(#43,#225,#281,#651,#701,#751,#1020,#1076,#1135,
    #1162,#1189,#1216,#1243,#1489,#1516,#1611,#1638,#1665,#1692,#1699,
    #1758,#1793,#1824,#1908,#1957,#2006,#2055,#2104,#2132,#2167,#2226,
    #2235,#2294,#2298));
#43 = ADVANCED_FACE('',(#44,#80,#194),#57,.F.);
#44 = FACE_BOUND('',#45,.T.);
#45 = EDGE_LOOP('',(#46));
#46 = ORIENTED_EDGE('',*,*,#47,.T.);
#47 = EDGE_CURVE('',#48,#48,#50,.T.);
#48 = VERTEX_POINT('',#49);
#49 = CARTESIAN_POINT('',(0.,-30.,9.25));
#50 = SURFACE_CURVE('',#51,(#56,#68),.PCURVE_S1.);
#51 = CIRCLE('',#52,6.25);
#52 = AXIS2_PLACEMENT_3D('',#53,#54,#55);
#53 = CARTESIAN_POINT('',(0.,-30.,15.5));
#54 = DIRECTION('',(1.,0.,-0.));
#55 = DIRECTION('',(-0.,-0.,-1.));
#56 = PCURVE('',#57,#62);
#57 = PLANE('',#58);
#58 = AXIS2_PLACEMENT_3D('',#59,#60,#61);
#59 = CARTESIAN_POINT('',(0.,-48.5,31.));
#60 = DIRECTION('',(1.,-0.,-0.));
#61 = DIRECTION('',(0.,0.,1.));
#62 = DEFINITIONAL_REPRESENTATION('',(#63),#67);
#63 = CIRCLE('',#64,6.25);
#64 = AXIS2_PLACEMENT_2D('',#65,#66);
#65 = CARTESIAN_POINT('',(-15.5,-18.5));
#66 = DIRECTION('',(-1.,0.));
#67 = ( GEOMETRIC_REPRESENTATION_CONTEXT(2) 
PARAMETRIC_REPRESENTATION_CONTEXT() REPRESENTATION_CONTEXT('2D SPACE',''
  ) );
#68 = PCURVE('',#69,#74);
#69 = TOROIDAL_SURFACE('',#70,6.25,1.5);
#70 = AXIS2_PLACEMENT_3D('',#71,#72,#73);
#71 = CARTESIAN_POINT('',(-1.5,-30.,15.5));
#72 = DIRECTION('',(1.,-0.,-0.));
#73 = DIRECTION('',(-0.,-0.,-1.));
#74 = DEFINITIONAL_REPRESENTATION('',(#75),#79);
#75 = LINE('',#76,#77);
#76 = CARTESIAN_POINT('',(0.,1.570796326795));
#77 = VECTOR('',#78,1.);
#78 = DIRECTION('',(1.,0.));
#79 = ( GEOMETRIC_REPRESENTATION_CONTEXT(2) 
PARAMETRIC_REPRESENTATION_CONTEXT() REPRESENTATION_CONTEXT('2D SPACE',''
  ) );
#80 = FACE_BOUND('',#81,.T.);
#81 = EDGE_LOOP('',(#82,#112,#140,#168));
#82 = ORIENTED_EDGE('',*,*,#83,.F.);
#83 = EDGE_CURVE('',#84,#86,#88,.T.);
#84 = VERTEX_POINT('',#85);
#85 = CARTESIAN_POINT('',(-8.881784197001E-16,-48.5,26.5));
#86 = VERTEX_POINT('',#87);
#87 = CARTESIAN_POINT('',(-8.881784197001E-16,-48.5,4.5));
#88 = SURFACE_CURVE('',#89,(#93,#100),.PCURVE_S1.);
#89 = LINE('',#90,#91);
#90 = CARTESIAN_POINT('',(0.,-48.5,31.));
#91 = VECTOR('',#92,1.);
#92 = DIRECTION('',(-0.,-0.,-1.));
#93 = PCURVE('',#57,#94);
#94 = DEFINITIONAL_REPRESENTATION('',(#95),#99);
#95 = LINE('',#96,#97);
#96 = CARTESIAN_POINT('',(-0.,-0.));
#97 = VECTOR('',#98,1.);
#98 = DIRECTION('',(-1.,0.));
#99 = ( GEOMETRIC_REPRESENTATION_CONTEXT(2) 
PARAMETRIC_REPRESENTATION_CONTEXT() REPRESENTATION_CONTEXT('2D SPACE',''
  ) );
#100 = PCURVE('',#101,#106);
#101 = PLANE('',#102);
#102 = AXIS2_PLACEMENT_3D('',#103,#104,#105);
#103 = CARTESIAN_POINT('',(17.,-48.5,15.5));
#104 = DIRECTION('',(-0.,1.,-0.));
#105 = DIRECTION('',(0.,0.,1.));
#106 = DEFINITIONAL_REPRESENTATION('',(#107),#111);
#107 = LINE('',#108,#109);
#108 = CARTESIAN_POINT('',(15.5,-17.));
#109 = VECTOR('',#110,1.);
#110 = DIRECTION('',(-1.,0.));
#111 = ( GEOMETRIC_REPRESENTATION_CONTEXT(2) 
PARAMETRIC_REPRESENTATION_CONTEXT() REPRESENTATION_CONTEXT('2D SPACE',''
  ) );
#112 = ORIENTED_EDGE('',*,*,#113,.T.);
#113 = EDGE_CURVE('',#84,#114,#116,.T.);
#114 = VERTEX_POINT('',#115);
#115 = CARTESIAN_POINT('',(-8.881784197001E-16,48.5,26.5));
#116 = SURFACE_CURVE('',#117,(#121,#128),.PCURVE_S1.);
#117 = LINE('',#118,#119);
#118 = CARTESIAN_POINT('',(-8.881784197001E-16,-48.5,26.5));
#119 = VECTOR('',#120,1.);
#120 = DIRECTION('',(-0.,1.,-0.));
#121 = PCURVE('',#57,#122);
#122 = DEFINITIONAL_REPRESENTATION('',(#123),#127);
#123 = LINE('',#124,#125);
#124 = CARTESIAN_POINT('',(-4.5,0.));
#125 = VECTOR('',#126,1.);
#126 = DIRECTION('',(-0.,-1.));
#127 = ( GEOMETRIC_REPRESENTATION_CONTEXT(2) 
PARAMETRIC_REPRESENTATION_CONTEXT() REPRESENTATION_CONTEXT('2D SPACE',''
  ) );
#128 = PCURVE('',#129,#134);
#129 = CYLINDRICAL_SURFACE('',#130,4.5);
#130 = AXIS2_PLACEMENT_3D('',#131,#132,#133);
#131 = CARTESIAN_POINT('',(4.5,-48.5,26.5));
#132 = DIRECTION('',(-0.,1.,-0.));
#133 = DIRECTION('',(-1.,-0.,0.));
#134 = DEFINITIONAL_REPRESENTATION('',(#135),#139);
#135 = LINE('',#136,#137);
#136 = CARTESIAN_POINT('',(0.,0.));
#137 = VECTOR('',#138,1.);
#138 = DIRECTION('',(0.,1.));
#139 = ( GEOMETRIC_REPRESENTATION_CONTEXT(2) 
PARAMETRIC_REPRESENTATION_CONTEXT() REPRESENTATION_CONTEXT('2D SPACE',''
  ) );
#140 = ORIENTED_EDGE('',*,*,#141,.T.);
#141 = EDGE_CURVE('',#114,#142,#144,.T.);
#142 = VERTEX_POINT('',#143);
#143 = CARTESIAN_POINT('',(-8.881784197001E-16,48.5,4.5));
#144 = SURFACE_CURVE('',#145,(#149,#156),.PCURVE_S1.);
#145 = LINE('',#146,#147);
#146 = CARTESIAN_POINT('',(0.,48.5,31.));
#147 = VECTOR('',#148,1.);
#148 = DIRECTION('',(-0.,-0.,-1.));
#149 = PCURVE('',#57,#150);
#150 = DEFINITIONAL_REPRESENTATION('',(#151),#155);
#151 = LINE('',#152,#153);
#152 = CARTESIAN_POINT('',(-0.,-97.));
#153 = VECTOR('',#154,1.);
#154 = DIRECTION('',(-1.,0.));
#155 = ( GEOMETRIC_REPRESENTATION_CONTEXT(2) 
PARAMETRIC_REPRESENTATION_CONTEXT() REPRESENTATION_CONTEXT('2D SPACE',''
  ) );
#156 = PCURVE('',#157,#162);
#157 = PLANE('',#158);
#158 = AXIS2_PLACEMENT_3D('',#159,#160,#161);
#159 = CARTESIAN_POINT('',(17.,48.5,15.5));
#160 = DIRECTION('',(-0.,1.,-0.));
#161 = DIRECTION('',(0.,0.,1.));
#162 = DEFINITIONAL_REPRESENTATION('',(#163),#167);
#163 = LINE('',#164,#165);
#164 = CARTESIAN_POINT('',(15.5,-17.));
#165 = VECTOR('',#166,1.);
#166 = DIRECTION('',(-1.,0.));
#167 = ( GEOMETRIC_REPRESENTATION_CONTEXT(2) 
PARAMETRIC_REPRESENTATION_CONTEXT() REPRESENTATION_CONTEXT('2D SPACE',''
  ) );
#168 = ORIENTED_EDGE('',*,*,#169,.F.);
#169 = EDGE_CURVE('',#86,#142,#170,.T.);
#170 = SURFACE_CURVE('',#171,(#175,#182),.PCURVE_S1.);
#171 = LINE('',#172,#173);
#172 = CARTESIAN_POINT('',(-8.881784197001E-16,-48.5,4.5));
#173 = VECTOR('',#174,1.);
#174 = DIRECTION('',(-0.,1.,-0.));
#175 = PCURVE('',#57,#176);
#176 = DEFINITIONAL_REPRESENTATION('',(#177),#181);
#177 = LINE('',#178,#179);
#178 = CARTESIAN_POINT('',(-26.5,0.));
#179 = VECTOR('',#180,1.);
#180 = DIRECTION('',(-0.,-1.));
#181 = ( GEOMETRIC_REPRESENTATION_CONTEXT(2) 
PARAMETRIC_REPRESENTATION_CONTEXT() REPRESENTATION_CONTEXT('2D SPACE',''
  ) );
#182 = PCURVE('',#183,#188);
#183 = CYLINDRICAL_SURFACE('',#184,4.5);
#184 = AXIS2_PLACEMENT_3D('',#185,#186,#187);
#185 = CARTESIAN_POINT('',(4.5,-48.5,4.5));
#186 = DIRECTION('',(-0.,1.,-0.));
#187 = DIRECTION('',(0.,-0.,-1.));
#188 = DEFINITIONAL_REPRESENTATION('',(#189),#193);
#189 = LINE('',#190,#191);
#190 = CARTESIAN_POINT('',(1.570796326795,0.));
#191 = VECTOR('',#192,1.);
#192 = DIRECTION('',(0.,1.));
#193 = ( GEOMETRIC_REPRESENTATION_CONTEXT(2) 
PARAMETRIC_REPRESENTATION_CONTEXT() REPRESENTATION_CONTEXT('2D SPACE',''
  ) );
#194 = FACE_BOUND('',#195,.T.);
#195 = EDGE_LOOP('',(#196));
#196 = ORIENTED_EDGE('',*,*,#197,.T.);
#197 = EDGE_CURVE('',#198,#198,#200,.T.);
#198 = VERTEX_POINT('',#199);
#199 = CARTESIAN_POINT('',(0.,30.,9.25));
#200 = SURFACE_CURVE('',#201,(#206,#213),.PCURVE_S1.);
#201 = CIRCLE('',#202,6.25);
#202 = AXIS2_PLACEMENT_3D('',#203,#204,#205);
#203 = CARTESIAN_POINT('',(0.,30.,15.5));
#204 = DIRECTION('',(1.,0.,-0.));
#205 = DIRECTION('',(-0.,-0.,-1.));
#206 = PCURVE('',#57,#207);
#207 = DEFINITIONAL_REPRESENTATION('',(#208),#212);
#208 = CIRCLE('',#209,6.25);
#209 = AXIS2_PLACEMENT_2D('',#210,#211);
#210 = CARTESIAN_POINT('',(-15.5,-78.5));
#211 = DIRECTION('',(-1.,0.));
#212 = ( GEOMETRIC_REPRESENTATION_CONTEXT(2) 
PARAMETRIC_REPRESENTATION_CONTEXT() REPRESENTATION_CONTEXT('2D SPACE',''
  ) );
#213 = PCURVE('',#214,#219);
#214 = TOROIDAL_SURFACE('',#215,6.25,1.5);
#215 = AXIS2_PLACEMENT_3D('',#216,#217,#218);
#216 = CARTESIAN_POINT('',(-1.5,30.,15.5));
#217 = DIRECTION('',(1.,-0.,-0.));
#218 = DIRECTION('',(-0.,-0.,-1.));
#219 = DEFINITIONAL_REPRESENTATION('',(#220),#224);
#220 = LINE('',#221,#222);
#221 = CARTESIAN_POINT('',(0.,1.570796326795));
#222 = VECTOR('',#223,1.);
#223 = DIRECTION('',(1.,0.));
#224 = ( GEOMETRIC_REPRESENTATION_CONTEXT(2) 
PARAMETRIC_REPRESENTATION_CONTEXT() REPRESENTATION_CONTEXT('2D SPACE',''
  ) );
#225 = ADVANCED_FACE('',(#226),#69,.F.);
#226 = FACE_BOUND('',#227,.F.);
#227 = EDGE_LOOP('',(#228,#252,#253,#254));
#228 = ORIENTED_EDGE('',*,*,#229,.F.);
#229 = EDGE_CURVE('',#48,#230,#232,.T.);
#230 = VERTEX_POINT('',#231);
#231 = CARTESIAN_POINT('',(-1.5,-30.,10.75));
#232 = SEAM_CURVE('',#233,(#238,#245),.PCURVE_S1.);
#233 = CIRCLE('',#234,1.5);
#234 = AXIS2_PLACEMENT_3D('',#235,#236,#237);
#235 = CARTESIAN_POINT('',(-1.5,-30.,9.25));
#236 = DIRECTION('',(0.,-1.,0.));
#237 = DIRECTION('',(-0.,-0.,-1.));
#238 = PCURVE('',#69,#239);
#239 = DEFINITIONAL_REPRESENTATION('',(#240),#244);
#240 = LINE('',#241,#242);
#241 = CARTESIAN_POINT('',(0.,0.));
#242 = VECTOR('',#243,1.);
#243 = DIRECTION('',(0.,1.));
#244 = ( GEOMETRIC_REPRESENTATION_CONTEXT(2) 
PARAMETRIC_REPRESENTATION_CONTEXT() REPRESENTATION_CONTEXT('2D SPACE',''
  ) );
#245 = PCURVE('',#69,#246);
#246 = DEFINITIONAL_REPRESENTATION('',(#247),#251);
#247 = LINE('',#248,#249);
#248 = CARTESIAN_POINT('',(6.28318530718,0.));
#249 = VECTOR('',#250,1.);
#250 = DIRECTION('',(0.,1.));
#251 = ( GEOMETRIC_REPRESENTATION_CONTEXT(2) 
PARAMETRIC_REPRESENTATION_CONTEXT() REPRESENTATION_CONTEXT('2D SPACE',''
  ) );
#252 = ORIENTED_EDGE('',*,*,#47,.T.);
#253 = ORIENTED_EDGE('',*,*,#229,.T.);
#254 = ORIENTED_EDGE('',*,*,#255,.F.);
#255 = EDGE_CURVE('',#230,#230,#256,.T.);
#256 = SURFACE_CURVE('',#257,(#262,#269),.PCURVE_S1.);
#257 = CIRCLE('',#258,4.75);
#258 = AXIS2_PLACEMENT_3D('',#259,#260,#261);
#259 = CARTESIAN_POINT('',(-1.5,-30.,15.5));
#260 = DIRECTION('',(1.,0.,-0.));
#261 = DIRECTION('',(-0.,-0.,-1.));
#262 = PCURVE('',#69,#263);
#263 = DEFINITIONAL_REPRESENTATION('',(#264),#268);
#264 = LINE('',#265,#266);
#265 = CARTESIAN_POINT('',(0.,3.14159265359));
#266 = VECTOR('',#267,1.);
#267 = DIRECTION('',(1.,0.));
#268 = ( GEOMETRIC_REPRESENTATION_CONTEXT(2) 
PARAMETRIC_REPRESENTATION_CONTEXT() REPRESENTATION_CONTEXT('2D SPACE',''
  ) );
#269 = PCURVE('',#270,#275);
#270 = CYLINDRICAL_SURFACE('',#271,4.75);
#271 = AXIS2_PLACEMENT_3D('',#272,#273,#274);
#272 = CARTESIAN_POINT('',(0.,-30.,15.5));
#273 = DIRECTION('',(-1.,-0.,-0.));
#274 = DIRECTION('',(-0.,-0.,-1.));
#275 = DEFINITIONAL_REPRESENTATION('',(#276),#280);
#276 = LINE('',#277,#278);
#277 = CARTESIAN_POINT('',(-0.,1.5));
#278 = VECTOR('',#279,1.);
#279 = DIRECTION('',(-1.,0.));
#280 = ( GEOMETRIC_REPRESENTATION_CONTEXT(2) 
PARAMETRIC_REPRESENTATION_CONTEXT() REPRESENTATION_CONTEXT('2D SPACE',''
  ) );
#281 = ADVANCED_FACE('',(#282),#101,.F.);
#282 = FACE_BOUND('',#283,.T.);
#283 = EDGE_LOOP('',(#284,#314,#336,#337,#361,#389,#422,#450,#483,#511,
    #539,#567,#596,#624));
#284 = ORIENTED_EDGE('',*,*,#285,.T.);
#285 = EDGE_CURVE('',#286,#288,#290,.T.);
#286 = VERTEX_POINT('',#287);
#287 = CARTESIAN_POINT('',(32.2,-48.5,31.));
#288 = VERTEX_POINT('',#289);
#289 = CARTESIAN_POINT('',(4.5,-48.5,31.));
#290 = SURFACE_CURVE('',#291,(#295,#302),.PCURVE_S1.);
#291 = LINE('',#292,#293);
#292 = CARTESIAN_POINT('',(34.,-48.5,31.));
#293 = VECTOR('',#294,1.);
#294 = DIRECTION('',(-1.,-0.,-0.));
#295 = PCURVE('',#101,#296);
#296 = DEFINITIONAL_REPRESENTATION('',(#297),#301);
#297 = LINE('',#298,#299);
#298 = CARTESIAN_POINT('',(15.5,17.));
#299 = VECTOR('',#300,1.);
#300 = DIRECTION('',(-0.,-1.));
#301 = ( GEOMETRIC_REPRESENTATION_CONTEXT(2) 
PARAMETRIC_REPRESENTATION_CONTEXT() REPRESENTATION_CONTEXT('2D SPACE',''
  ) );
#302 = PCURVE('',#303,#308);
#303 = PLANE('',#304);
#304 = AXIS2_PLACEMENT_3D('',#305,#306,#307);
#305 = CARTESIAN_POINT('',(34.,-48.5,31.));
#306 = DIRECTION('',(-0.,0.,-1.));
#307 = DIRECTION('',(1.,0.,0.));
#308 = DEFINITIONAL_REPRESENTATION('',(#309),#313);
#309 = LINE('',#310,#311);
#310 = CARTESIAN_POINT('',(-0.,-0.));
#311 = VECTOR('',#312,1.);
#312 = DIRECTION('',(-1.,0.));
#313 = ( GEOMETRIC_REPRESENTATION_CONTEXT(2) 
PARAMETRIC_REPRESENTATION_CONTEXT() REPRESENTATION_CONTEXT('2D SPACE',''
  ) );
#314 = ORIENTED_EDGE('',*,*,#315,.F.);
#315 = EDGE_CURVE('',#84,#288,#316,.T.);
#316 = SURFACE_CURVE('',#317,(#322,#329),.PCURVE_S1.);
#317 = CIRCLE('',#318,4.5);
#318 = AXIS2_PLACEMENT_3D('',#319,#320,#321);
#319 = CARTESIAN_POINT('',(4.5,-48.5,26.5));
#320 = DIRECTION('',(0.,1.,-0.));
#321 = DIRECTION('',(-0.,-0.,-1.));
#322 = PCURVE('',#101,#323);
#323 = DEFINITIONAL_REPRESENTATION('',(#324),#328);
#324 = CIRCLE('',#325,4.5);
#325 = AXIS2_PLACEMENT_2D('',#326,#327);
#326 = CARTESIAN_POINT('',(11.,-12.5));
#327 = DIRECTION('',(-1.,0.));
#328 = ( GEOMETRIC_REPRESENTATION_CONTEXT(2) 
PARAMETRIC_REPRESENTATION_CONTEXT() REPRESENTATION_CONTEXT('2D SPACE',''
  ) );
#329 = PCURVE('',#129,#330);
#330 = DEFINITIONAL_REPRESENTATION('',(#331),#335);
#331 = LINE('',#332,#333);
#332 = CARTESIAN_POINT('',(-1.570796326795,0.));
#333 = VECTOR('',#334,1.);
#334 = DIRECTION('',(1.,0.));
#335 = ( GEOMETRIC_REPRESENTATION_CONTEXT(2) 
PARAMETRIC_REPRESENTATION_CONTEXT() REPRESENTATION_CONTEXT('2D SPACE',''
  ) );
#336 = ORIENTED_EDGE('',*,*,#83,.T.);
#337 = ORIENTED_EDGE('',*,*,#338,.F.);
#338 = EDGE_CURVE('',#339,#86,#341,.T.);
#339 = VERTEX_POINT('',#340);
#340 = CARTESIAN_POINT('',(4.5,-48.5,-8.881784197001E-16));
#341 = SURFACE_CURVE('',#342,(#347,#354),.PCURVE_S1.);
#342 = CIRCLE('',#343,4.5);
#343 = AXIS2_PLACEMENT_3D('',#344,#345,#346);
#344 = CARTESIAN_POINT('',(4.5,-48.5,4.5));
#345 = DIRECTION('',(0.,1.,-0.));
#346 = DIRECTION('',(-0.,-0.,-1.));
#347 = PCURVE('',#101,#348);
#348 = DEFINITIONAL_REPRESENTATION('',(#349),#353);
#349 = CIRCLE('',#350,4.5);
#350 = AXIS2_PLACEMENT_2D('',#351,#352);
#351 = CARTESIAN_POINT('',(-11.,-12.5));
#352 = DIRECTION('',(-1.,0.));
#353 = ( GEOMETRIC_REPRESENTATION_CONTEXT(2) 
PARAMETRIC_REPRESENTATION_CONTEXT() REPRESENTATION_CONTEXT('2D SPACE',''
  ) );
#354 = PCURVE('',#183,#355);
#355 = DEFINITIONAL_REPRESENTATION('',(#356),#360);
#356 = LINE('',#357,#358);
#357 = CARTESIAN_POINT('',(0.,0.));
#358 = VECTOR('',#359,1.);
#359 = DIRECTION('',(1.,0.));
#360 = ( GEOMETRIC_REPRESENTATION_CONTEXT(2) 
PARAMETRIC_REPRESENTATION_CONTEXT() REPRESENTATION_CONTEXT('2D SPACE',''
  ) );
#361 = ORIENTED_EDGE('',*,*,#362,.T.);
#362 = EDGE_CURVE('',#339,#363,#365,.T.);
#363 = VERTEX_POINT('',#364);
#364 = CARTESIAN_POINT('',(32.2,-48.5,-4.440892098501E-16));
#365 = SURFACE_CURVE('',#366,(#370,#377),.PCURVE_S1.);
#366 = LINE('',#367,#368);
#367 = CARTESIAN_POINT('',(0.,-48.5,0.));
#368 = VECTOR('',#369,1.);
#369 = DIRECTION('',(1.,-0.,-0.));
#370 = PCURVE('',#101,#371);
#371 = DEFINITIONAL_REPRESENTATION('',(#372),#376);
#372 = LINE('',#373,#374);
#373 = CARTESIAN_POINT('',(-15.5,-17.));
#374 = VECTOR('',#375,1.);
#375 = DIRECTION('',(-0.,1.));
#376 = ( GEOMETRIC_REPRESENTATION_CONTEXT(2) 
PARAMETRIC_REPRESENTATION_CONTEXT() REPRESENTATION_CONTEXT('2D SPACE',''
  ) );
#377 = PCURVE('',#378,#383);
#378 = PLANE('',#379);
#379 = AXIS2_PLACEMENT_3D('',#380,#381,#382);
#380 = CARTESIAN_POINT('',(0.,-48.5,0.));
#381 = DIRECTION('',(-0.,-0.,1.));
#382 = DIRECTION('',(-1.,0.,0.));
#383 = DEFINITIONAL_REPRESENTATION('',(#384),#388);
#384 = LINE('',#385,#386);
#385 = CARTESIAN_POINT('',(-0.,-0.));
#386 = VECTOR('',#387,1.);
#387 = DIRECTION('',(-1.,0.));
#388 = ( GEOMETRIC_REPRESENTATION_CONTEXT(2) 
PARAMETRIC_REPRESENTATION_CONTEXT() REPRESENTATION_CONTEXT('2D SPACE',''
  ) );
#389 = ORIENTED_EDGE('',*,*,#390,.T.);
#390 = EDGE_CURVE('',#363,#391,#393,.T.);
#391 = VERTEX_POINT('',#392);
#392 = CARTESIAN_POINT('',(34.,-48.5,1.8));
#393 = SURFACE_CURVE('',#394,(#399,#410),.PCURVE_S1.);
#394 = CIRCLE('',#395,1.8);
#395 = AXIS2_PLACEMENT_3D('',#396,#397,#398);
#396 = CARTESIAN_POINT('',(32.2,-48.5,1.8));
#397 = DIRECTION('',(0.,-1.,0.));
#398 = DIRECTION('',(0.,-0.,-1.));
#399 = PCURVE('',#101,#400);
#400 = DEFINITIONAL_REPRESENTATION('',(#401),#409);
#401 = ( BOUNDED_CURVE() B_SPLINE_CURVE(2,(#402,#403,#404,#405,#406,#407
,#408),.UNSPECIFIED.,.T.,.F.) B_SPLINE_CURVE_WITH_KNOTS((1,2,2,2,2,1),(
    -2.094395102393,0.,2.094395102393,4.188790204786,6.28318530718,
8.377580409573),.UNSPECIFIED.) CURVE() GEOMETRIC_REPRESENTATION_ITEM() 
RATIONAL_B_SPLINE_CURVE((1.,0.5,1.,0.5,1.,0.5,1.)) REPRESENTATION_ITEM(
  '') );
#402 = CARTESIAN_POINT('',(-15.5,15.2));
#403 = CARTESIAN_POINT('',(-15.5,18.317691453624));
#404 = CARTESIAN_POINT('',(-12.8,16.758845726812));
#405 = CARTESIAN_POINT('',(-10.1,15.2));
#406 = CARTESIAN_POINT('',(-12.8,13.641154273188));
#407 = CARTESIAN_POINT('',(-15.5,12.082308546376));
#408 = CARTESIAN_POINT('',(-15.5,15.2));
#409 = ( GEOMETRIC_REPRESENTATION_CONTEXT(2) 
PARAMETRIC_REPRESENTATION_CONTEXT() REPRESENTATION_CONTEXT('2D SPACE',''
  ) );
#410 = PCURVE('',#411,#416);
#411 = CYLINDRICAL_SURFACE('',#412,1.8);
#412 = AXIS2_PLACEMENT_3D('',#413,#414,#415);
#413 = CARTESIAN_POINT('',(32.2,-48.5,1.8));
#414 = DIRECTION('',(-0.,1.,-0.));
#415 = DIRECTION('',(0.,-0.,-1.));
#416 = DEFINITIONAL_REPRESENTATION('',(#417),#421);
#417 = LINE('',#418,#419);
#418 = CARTESIAN_POINT('',(-0.,0.));
#419 = VECTOR('',#420,1.);
#420 = DIRECTION('',(-1.,0.));
#421 = ( GEOMETRIC_REPRESENTATION_CONTEXT(2) 
PARAMETRIC_REPRESENTATION_CONTEXT() REPRESENTATION_CONTEXT('2D SPACE',''
  ) );
#422 = ORIENTED_EDGE('',*,*,#423,.T.);
#423 = EDGE_CURVE('',#391,#424,#426,.T.);
#424 = VERTEX_POINT('',#425);
#425 = CARTESIAN_POINT('',(34.,-48.5,3.2));
#426 = SURFACE_CURVE('',#427,(#431,#438),.PCURVE_S1.);
#427 = LINE('',#428,#429);
#428 = CARTESIAN_POINT('',(34.,-48.5,0.));
#429 = VECTOR('',#430,1.);
#430 = DIRECTION('',(-0.,-0.,1.));
#431 = PCURVE('',#101,#432);
#432 = DEFINITIONAL_REPRESENTATION('',(#433),#437);
#433 = LINE('',#434,#435);
#434 = CARTESIAN_POINT('',(-15.5,17.));
#435 = VECTOR('',#436,1.);
#436 = DIRECTION('',(1.,-0.));
#437 = ( GEOMETRIC_REPRESENTATION_CONTEXT(2) 
PARAMETRIC_REPRESENTATION_CONTEXT() REPRESENTATION_CONTEXT('2D SPACE',''
  ) );
#438 = PCURVE('',#439,#444);
#439 = PLANE('',#440);
#440 = AXIS2_PLACEMENT_3D('',#441,#442,#443);
#441 = CARTESIAN_POINT('',(34.,-48.5,0.));
#442 = DIRECTION('',(-1.,-0.,-0.));
#443 = DIRECTION('',(0.,0.,-1.));
#444 = DEFINITIONAL_REPRESENTATION('',(#445),#449);
#445 = LINE('',#446,#447);
#446 = CARTESIAN_POINT('',(-0.,-0.));
#447 = VECTOR('',#448,1.);
#448 = DIRECTION('',(-1.,-0.));
#449 = ( GEOMETRIC_REPRESENTATION_CONTEXT(2) 
PARAMETRIC_REPRESENTATION_CONTEXT() REPRESENTATION_CONTEXT('2D SPACE',''
  ) );
#450 = ORIENTED_EDGE('',*,*,#451,.T.);
#451 = EDGE_CURVE('',#424,#452,#454,.T.);
#452 = VERTEX_POINT('',#453);
#453 = CARTESIAN_POINT('',(32.2,-48.5,5.));
#454 = SURFACE_CURVE('',#455,(#460,#471),.PCURVE_S1.);
#455 = CIRCLE('',#456,1.8);
#456 = AXIS2_PLACEMENT_3D('',#457,#458,#459);
#457 = CARTESIAN_POINT('',(32.2,-48.5,3.2));
#458 = DIRECTION('',(0.,-1.,0.));
#459 = DIRECTION('',(-0.,-0.,1.));
#460 = PCURVE('',#101,#461);
#461 = DEFINITIONAL_REPRESENTATION('',(#462),#470);
#462 = ( BOUNDED_CURVE() B_SPLINE_CURVE(2,(#463,#464,#465,#466,#467,#468
,#469),.UNSPECIFIED.,.T.,.F.) B_SPLINE_CURVE_WITH_KNOTS((1,2,2,2,2,1),(
    -2.094395102393,0.,2.094395102393,4.188790204786,6.28318530718,
8.377580409573),.UNSPECIFIED.) CURVE() GEOMETRIC_REPRESENTATION_ITEM() 
RATIONAL_B_SPLINE_CURVE((1.,0.5,1.,0.5,1.,0.5,1.)) REPRESENTATION_ITEM(
  '') );
#463 = CARTESIAN_POINT('',(-10.5,15.2));
#464 = CARTESIAN_POINT('',(-10.5,12.082308546376));
#465 = CARTESIAN_POINT('',(-13.2,13.641154273188));
#466 = CARTESIAN_POINT('',(-15.9,15.2));
#467 = CARTESIAN_POINT('',(-13.2,16.758845726812));
#468 = CARTESIAN_POINT('',(-10.5,18.317691453624));
#469 = CARTESIAN_POINT('',(-10.5,15.2));
#470 = ( GEOMETRIC_REPRESENTATION_CONTEXT(2) 
PARAMETRIC_REPRESENTATION_CONTEXT() REPRESENTATION_CONTEXT('2D SPACE',''
  ) );
#471 = PCURVE('',#472,#477);
#472 = CYLINDRICAL_SURFACE('',#473,1.8);
#473 = AXIS2_PLACEMENT_3D('',#474,#475,#476);
#474 = CARTESIAN_POINT('',(32.2,48.5,3.2));
#475 = DIRECTION('',(-0.,-1.,-0.));
#476 = DIRECTION('',(1.,-0.,-0.));
#477 = DEFINITIONAL_REPRESENTATION('',(#478),#482);
#478 = LINE('',#479,#480);
#479 = CARTESIAN_POINT('',(-4.712388980385,97.));
#480 = VECTOR('',#481,1.);
#481 = DIRECTION('',(1.,0.));
#482 = ( GEOMETRIC_REPRESENTATION_CONTEXT(2) 
PARAMETRIC_REPRESENTATION_CONTEXT() REPRESENTATION_CONTEXT('2D SPACE',''
  ) );
#483 = ORIENTED_EDGE('',*,*,#484,.F.);
#484 = EDGE_CURVE('',#485,#452,#487,.T.);
#485 = VERTEX_POINT('',#486);
#486 = CARTESIAN_POINT('',(5.,-48.5,5.));
#487 = SURFACE_CURVE('',#488,(#492,#499),.PCURVE_S1.);
#488 = LINE('',#489,#490);
#489 = CARTESIAN_POINT('',(5.,-48.5,5.));
#490 = VECTOR('',#491,1.);
#491 = DIRECTION('',(1.,-0.,-0.));
#492 = PCURVE('',#101,#493);
#493 = DEFINITIONAL_REPRESENTATION('',(#494),#498);
#494 = LINE('',#495,#496);
#495 = CARTESIAN_POINT('',(-10.5,-12.));
#496 = VECTOR('',#497,1.);
#497 = DIRECTION('',(-0.,1.));
#498 = ( GEOMETRIC_REPRESENTATION_CONTEXT(2) 
PARAMETRIC_REPRESENTATION_CONTEXT() REPRESENTATION_CONTEXT('2D SPACE',''
  ) );
#499 = PCURVE('',#500,#505);
#500 = PLANE('',#501);
#501 = AXIS2_PLACEMENT_3D('',#502,#503,#504);
#502 = CARTESIAN_POINT('',(5.,-48.5,5.));
#503 = DIRECTION('',(-0.,-0.,1.));
#504 = DIRECTION('',(-1.,0.,0.));
#505 = DEFINITIONAL_REPRESENTATION('',(#506),#510);
#506 = LINE('',#507,#508);
#507 = CARTESIAN_POINT('',(-0.,-0.));
#508 = VECTOR('',#509,1.);
#509 = DIRECTION('',(-1.,0.));
#510 = ( GEOMETRIC_REPRESENTATION_CONTEXT(2) 
PARAMETRIC_REPRESENTATION_CONTEXT() REPRESENTATION_CONTEXT('2D SPACE',''
  ) );
#511 = ORIENTED_EDGE('',*,*,#512,.F.);
#512 = EDGE_CURVE('',#513,#485,#515,.T.);
#513 = VERTEX_POINT('',#514);
#514 = CARTESIAN_POINT('',(5.,-48.5,26.));
#515 = SURFACE_CURVE('',#516,(#520,#527),.PCURVE_S1.);
#516 = LINE('',#517,#518);
#517 = CARTESIAN_POINT('',(5.,-48.5,26.));
#518 = VECTOR('',#519,1.);
#519 = DIRECTION('',(-0.,-0.,-1.));
#520 = PCURVE('',#101,#521);
#521 = DEFINITIONAL_REPRESENTATION('',(#522),#526);
#522 = LINE('',#523,#524);
#523 = CARTESIAN_POINT('',(10.5,-12.));
#524 = VECTOR('',#525,1.);
#525 = DIRECTION('',(-1.,0.));
#526 = ( GEOMETRIC_REPRESENTATION_CONTEXT(2) 
PARAMETRIC_REPRESENTATION_CONTEXT() REPRESENTATION_CONTEXT('2D SPACE',''
  ) );
#527 = PCURVE('',#528,#533);
#528 = PLANE('',#529);
#529 = AXIS2_PLACEMENT_3D('',#530,#531,#532);
#530 = CARTESIAN_POINT('',(5.,-48.5,26.));
#531 = DIRECTION('',(1.,-0.,-0.));
#532 = DIRECTION('',(0.,0.,1.));
#533 = DEFINITIONAL_REPRESENTATION('',(#534),#538);
#534 = LINE('',#535,#536);
#535 = CARTESIAN_POINT('',(-0.,-0.));
#536 = VECTOR('',#537,1.);
#537 = DIRECTION('',(-1.,0.));
#538 = ( GEOMETRIC_REPRESENTATION_CONTEXT(2) 
PARAMETRIC_REPRESENTATION_CONTEXT() REPRESENTATION_CONTEXT('2D SPACE',''
  ) );
#539 = ORIENTED_EDGE('',*,*,#540,.F.);
#540 = EDGE_CURVE('',#541,#513,#543,.T.);
#541 = VERTEX_POINT('',#542);
#542 = CARTESIAN_POINT('',(32.2,-48.5,26.));
#543 = SURFACE_CURVE('',#544,(#548,#555),.PCURVE_S1.);
#544 = LINE('',#545,#546);
#545 = CARTESIAN_POINT('',(39.,-48.5,26.));
#546 = VECTOR('',#547,1.);
#547 = DIRECTION('',(-1.,-0.,-0.));
#548 = PCURVE('',#101,#549);
#549 = DEFINITIONAL_REPRESENTATION('',(#550),#554);
#550 = LINE('',#551,#552);
#551 = CARTESIAN_POINT('',(10.5,22.));
#552 = VECTOR('',#553,1.);
#553 = DIRECTION('',(-0.,-1.));
#554 = ( GEOMETRIC_REPRESENTATION_CONTEXT(2) 
PARAMETRIC_REPRESENTATION_CONTEXT() REPRESENTATION_CONTEXT('2D SPACE',''
  ) );
#555 = PCURVE('',#556,#561);
#556 = PLANE('',#557);
#557 = AXIS2_PLACEMENT_3D('',#558,#559,#560);
#558 = CARTESIAN_POINT('',(39.,-48.5,26.));
#559 = DIRECTION('',(-0.,0.,-1.));
#560 = DIRECTION('',(1.,0.,0.));
#561 = DEFINITIONAL_REPRESENTATION('',(#562),#566);
#562 = LINE('',#563,#564);
#563 = CARTESIAN_POINT('',(-0.,-0.));
#564 = VECTOR('',#565,1.);
#565 = DIRECTION('',(-1.,0.));
#566 = ( GEOMETRIC_REPRESENTATION_CONTEXT(2) 
PARAMETRIC_REPRESENTATION_CONTEXT() REPRESENTATION_CONTEXT('2D SPACE',''
  ) );
#567 = ORIENTED_EDGE('',*,*,#568,.F.);
#568 = EDGE_CURVE('',#569,#541,#571,.T.);
#569 = VERTEX_POINT('',#570);
#570 = CARTESIAN_POINT('',(34.,-48.5,27.8));
#571 = SURFACE_CURVE('',#572,(#577,#584),.PCURVE_S1.);
#572 = CIRCLE('',#573,1.8);
#573 = AXIS2_PLACEMENT_3D('',#574,#575,#576);
#574 = CARTESIAN_POINT('',(32.2,-48.5,27.8));
#575 = DIRECTION('',(0.,1.,-0.));
#576 = DIRECTION('',(-0.,-0.,-1.));
#577 = PCURVE('',#101,#578);
#578 = DEFINITIONAL_REPRESENTATION('',(#579),#583);
#579 = CIRCLE('',#580,1.8);
#580 = AXIS2_PLACEMENT_2D('',#581,#582);
#581 = CARTESIAN_POINT('',(12.3,15.2));
#582 = DIRECTION('',(-1.,0.));
#583 = ( GEOMETRIC_REPRESENTATION_CONTEXT(2) 
PARAMETRIC_REPRESENTATION_CONTEXT() REPRESENTATION_CONTEXT('2D SPACE',''
  ) );
#584 = PCURVE('',#585,#590);
#585 = CYLINDRICAL_SURFACE('',#586,1.8);
#586 = AXIS2_PLACEMENT_3D('',#587,#588,#589);
#587 = CARTESIAN_POINT('',(32.2,-48.5,27.8));
#588 = DIRECTION('',(-0.,1.,-0.));
#589 = DIRECTION('',(1.,-0.,-0.));
#590 = DEFINITIONAL_REPRESENTATION('',(#591),#595);
#591 = LINE('',#592,#593);
#592 = CARTESIAN_POINT('',(-4.712388980385,0.));
#593 = VECTOR('',#594,1.);
#594 = DIRECTION('',(1.,0.));
#595 = ( GEOMETRIC_REPRESENTATION_CONTEXT(2) 
PARAMETRIC_REPRESENTATION_CONTEXT() REPRESENTATION_CONTEXT('2D SPACE',''
  ) );
#596 = ORIENTED_EDGE('',*,*,#597,.T.);
#597 = EDGE_CURVE('',#569,#598,#600,.T.);
#598 = VERTEX_POINT('',#599);
#599 = CARTESIAN_POINT('',(34.,-48.5,29.2));
#600 = SURFACE_CURVE('',#601,(#605,#612),.PCURVE_S1.);
#601 = LINE('',#602,#603);
#602 = CARTESIAN_POINT('',(34.,-48.5,0.));
#603 = VECTOR('',#604,1.);
#604 = DIRECTION('',(-0.,-0.,1.));
#605 = PCURVE('',#101,#606);
#606 = DEFINITIONAL_REPRESENTATION('',(#607),#611);
#607 = LINE('',#608,#609);
#608 = CARTESIAN_POINT('',(-15.5,17.));
#609 = VECTOR('',#610,1.);
#610 = DIRECTION('',(1.,-0.));
#611 = ( GEOMETRIC_REPRESENTATION_CONTEXT(2) 
PARAMETRIC_REPRESENTATION_CONTEXT() REPRESENTATION_CONTEXT('2D SPACE',''
  ) );
#612 = PCURVE('',#613,#618);
#613 = PLANE('',#614);
#614 = AXIS2_PLACEMENT_3D('',#615,#616,#617);
#615 = CARTESIAN_POINT('',(34.,-48.5,0.));
#616 = DIRECTION('',(-1.,-0.,-0.));
#617 = DIRECTION('',(0.,0.,-1.));
#618 = DEFINITIONAL_REPRESENTATION('',(#619),#623);
#619 = LINE('',#620,#621);
#620 = CARTESIAN_POINT('',(-0.,-0.));
#621 = VECTOR('',#622,1.);
#622 = DIRECTION('',(-1.,-0.));
#623 = ( GEOMETRIC_REPRESENTATION_CONTEXT(2) 
PARAMETRIC_REPRESENTATION_CONTEXT() REPRESENTATION_CONTEXT('2D SPACE',''
  ) );
#624 = ORIENTED_EDGE('',*,*,#625,.F.);
#625 = EDGE_CURVE('',#286,#598,#626,.T.);
#626 = SURFACE_CURVE('',#627,(#632,#639),.PCURVE_S1.);
#627 = CIRCLE('',#628,1.8);
#628 = AXIS2_PLACEMENT_3D('',#629,#630,#631);
#629 = CARTESIAN_POINT('',(32.2,-48.5,29.2));
#630 = DIRECTION('',(0.,1.,-0.));
#631 = DIRECTION('',(-0.,-0.,-1.));
#632 = PCURVE('',#101,#633);
#633 = DEFINITIONAL_REPRESENTATION('',(#634),#638);
#634 = CIRCLE('',#635,1.8);
#635 = AXIS2_PLACEMENT_2D('',#636,#637);
#636 = CARTESIAN_POINT('',(13.7,15.2));
#637 = DIRECTION('',(-1.,0.));
#638 = ( GEOMETRIC_REPRESENTATION_CONTEXT(2) 
PARAMETRIC_REPRESENTATION_CONTEXT() REPRESENTATION_CONTEXT('2D SPACE',''
  ) );
#639 = PCURVE('',#640,#645);
#640 = CYLINDRICAL_SURFACE('',#641,1.8);
#641 = AXIS2_PLACEMENT_3D('',#642,#643,#644);
#642 = CARTESIAN_POINT('',(32.2,-48.5,29.2));
#643 = DIRECTION('',(-0.,1.,-0.));
#644 = DIRECTION('',(-0.,-0.,1.));
#645 = DEFINITIONAL_REPRESENTATION('',(#646),#650);
#646 = LINE('',#647,#648);
#647 = CARTESIAN_POINT('',(-3.14159265359,0.));
#648 = VECTOR('',#649,1.);
#649 = DIRECTION('',(1.,0.));
#650 = ( GEOMETRIC_REPRESENTATION_CONTEXT(2) 
PARAMETRIC_REPRESENTATION_CONTEXT() REPRESENTATION_CONTEXT('2D SPACE',''
  ) );
#651 = ADVANCED_FACE('',(#652),#129,.T.);
#652 = FACE_BOUND('',#653,.T.);
#653 = EDGE_LOOP('',(#654,#655,#678,#700));
#654 = ORIENTED_EDGE('',*,*,#315,.T.);
#655 = ORIENTED_EDGE('',*,*,#656,.T.);
#656 = EDGE_CURVE('',#288,#657,#659,.T.);
#657 = VERTEX_POINT('',#658);
#658 = CARTESIAN_POINT('',(4.5,48.5,31.));
#659 = SURFACE_CURVE('',#660,(#664,#671),.PCURVE_S1.);
#660 = LINE('',#661,#662);
#661 = CARTESIAN_POINT('',(4.5,-48.5,31.));
#662 = VECTOR('',#663,1.);
#663 = DIRECTION('',(-0.,1.,-0.));
#664 = PCURVE('',#129,#665);
#665 = DEFINITIONAL_REPRESENTATION('',(#666),#670);
#666 = LINE('',#667,#668);
#667 = CARTESIAN_POINT('',(1.570796326795,0.));
#668 = VECTOR('',#669,1.);
#669 = DIRECTION('',(0.,1.));
#670 = ( GEOMETRIC_REPRESENTATION_CONTEXT(2) 
PARAMETRIC_REPRESENTATION_CONTEXT() REPRESENTATION_CONTEXT('2D SPACE',''
  ) );
#671 = PCURVE('',#303,#672);
#672 = DEFINITIONAL_REPRESENTATION('',(#673),#677);
#673 = LINE('',#674,#675);
#674 = CARTESIAN_POINT('',(-29.5,0.));
#675 = VECTOR('',#676,1.);
#676 = DIRECTION('',(-0.,-1.));
#677 = ( GEOMETRIC_REPRESENTATION_CONTEXT(2) 
PARAMETRIC_REPRESENTATION_CONTEXT() REPRESENTATION_CONTEXT('2D SPACE',''
  ) );
#678 = ORIENTED_EDGE('',*,*,#679,.F.);
#679 = EDGE_CURVE('',#114,#657,#680,.T.);
#680 = SURFACE_CURVE('',#681,(#686,#693),.PCURVE_S1.);
#681 = CIRCLE('',#682,4.5);
#682 = AXIS2_PLACEMENT_3D('',#683,#684,#685);
#683 = CARTESIAN_POINT('',(4.5,48.5,26.5));
#684 = DIRECTION('',(0.,1.,-0.));
#685 = DIRECTION('',(-0.,-0.,-1.));
#686 = PCURVE('',#129,#687);
#687 = DEFINITIONAL_REPRESENTATION('',(#688),#692);
#688 = LINE('',#689,#690);
#689 = CARTESIAN_POINT('',(-1.570796326795,97.));
#690 = VECTOR('',#691,1.);
#691 = DIRECTION('',(1.,0.));
#692 = ( GEOMETRIC_REPRESENTATION_CONTEXT(2) 
PARAMETRIC_REPRESENTATION_CONTEXT() REPRESENTATION_CONTEXT('2D SPACE',''
  ) );
#693 = PCURVE('',#157,#694);
#694 = DEFINITIONAL_REPRESENTATION('',(#695),#699);
#695 = CIRCLE('',#696,4.5);
#696 = AXIS2_PLACEMENT_2D('',#697,#698);
#697 = CARTESIAN_POINT('',(11.,-12.5));
#698 = DIRECTION('',(-1.,0.));
#699 = ( GEOMETRIC_REPRESENTATION_CONTEXT(2) 
PARAMETRIC_REPRESENTATION_CONTEXT() REPRESENTATION_CONTEXT('2D SPACE',''
  ) );
#700 = ORIENTED_EDGE('',*,*,#113,.F.);
#701 = ADVANCED_FACE('',(#702),#183,.T.);
#702 = FACE_BOUND('',#703,.T.);
#703 = EDGE_LOOP('',(#704,#705,#706,#730));
#704 = ORIENTED_EDGE('',*,*,#338,.T.);
#705 = ORIENTED_EDGE('',*,*,#169,.T.);
#706 = ORIENTED_EDGE('',*,*,#707,.F.);
#707 = EDGE_CURVE('',#708,#142,#710,.T.);
#708 = VERTEX_POINT('',#709);
#709 = CARTESIAN_POINT('',(4.5,48.5,-8.881784197001E-16));
#710 = SURFACE_CURVE('',#711,(#716,#723),.PCURVE_S1.);
#711 = CIRCLE('',#712,4.5);
#712 = AXIS2_PLACEMENT_3D('',#713,#714,#715);
#713 = CARTESIAN_POINT('',(4.5,48.5,4.5));
#714 = DIRECTION('',(0.,1.,-0.));
#715 = DIRECTION('',(-0.,-0.,-1.));
#716 = PCURVE('',#183,#717);
#717 = DEFINITIONAL_REPRESENTATION('',(#718),#722);
#718 = LINE('',#719,#720);
#719 = CARTESIAN_POINT('',(0.,97.));
#720 = VECTOR('',#721,1.);
#721 = DIRECTION('',(1.,0.));
#722 = ( GEOMETRIC_REPRESENTATION_CONTEXT(2) 
PARAMETRIC_REPRESENTATION_CONTEXT() REPRESENTATION_CONTEXT('2D SPACE',''
  ) );
#723 = PCURVE('',#157,#724);
#724 = DEFINITIONAL_REPRESENTATION('',(#725),#729);
#725 = CIRCLE('',#726,4.5);
#726 = AXIS2_PLACEMENT_2D('',#727,#728);
#727 = CARTESIAN_POINT('',(-11.,-12.5));
#728 = DIRECTION('',(-1.,0.));
#729 = ( GEOMETRIC_REPRESENTATION_CONTEXT(2) 
PARAMETRIC_REPRESENTATION_CONTEXT() REPRESENTATION_CONTEXT('2D SPACE',''
  ) );
#730 = ORIENTED_EDGE('',*,*,#731,.F.);
#731 = EDGE_CURVE('',#339,#708,#732,.T.);
#732 = SURFACE_CURVE('',#733,(#737,#744),.PCURVE_S1.);
#733 = LINE('',#734,#735);
#734 = CARTESIAN_POINT('',(4.5,-48.5,-8.881784197001E-16));
#735 = VECTOR('',#736,1.);
#736 = DIRECTION('',(-0.,1.,-0.));
#737 = PCURVE('',#183,#738);
#738 = DEFINITIONAL_REPRESENTATION('',(#739),#743);
#739 = LINE('',#740,#741);
#740 = CARTESIAN_POINT('',(0.,0.));
#741 = VECTOR('',#742,1.);
#742 = DIRECTION('',(0.,1.));
#743 = ( GEOMETRIC_REPRESENTATION_CONTEXT(2) 
PARAMETRIC_REPRESENTATION_CONTEXT() REPRESENTATION_CONTEXT('2D SPACE',''
  ) );
#744 = PCURVE('',#378,#745);
#745 = DEFINITIONAL_REPRESENTATION('',(#746),#750);
#746 = LINE('',#747,#748);
#747 = CARTESIAN_POINT('',(-4.5,-0.));
#748 = VECTOR('',#749,1.);
#749 = DIRECTION('',(-0.,-1.));
#750 = ( GEOMETRIC_REPRESENTATION_CONTEXT(2) 
PARAMETRIC_REPRESENTATION_CONTEXT() REPRESENTATION_CONTEXT('2D SPACE',''
  ) );
#751 = ADVANCED_FACE('',(#752),#157,.T.);
#752 = FACE_BOUND('',#753,.F.);
#753 = EDGE_LOOP('',(#754,#777,#778,#779,#780,#803,#831,#854,#882,#905,
    #928,#951,#975,#998));
#754 = ORIENTED_EDGE('',*,*,#755,.T.);
#755 = EDGE_CURVE('',#756,#657,#758,.T.);
#756 = VERTEX_POINT('',#757);
#757 = CARTESIAN_POINT('',(32.2,48.5,31.));
#758 = SURFACE_CURVE('',#759,(#763,#770),.PCURVE_S1.);
#759 = LINE('',#760,#761);
#760 = CARTESIAN_POINT('',(34.,48.5,31.));
#761 = VECTOR('',#762,1.);
#762 = DIRECTION('',(-1.,-0.,-0.));
#763 = PCURVE('',#157,#764);
#764 = DEFINITIONAL_REPRESENTATION('',(#765),#769);
#765 = LINE('',#766,#767);
#766 = CARTESIAN_POINT('',(15.5,17.));
#767 = VECTOR('',#768,1.);
#768 = DIRECTION('',(-0.,-1.));
#769 = ( GEOMETRIC_REPRESENTATION_CONTEXT(2) 
PARAMETRIC_REPRESENTATION_CONTEXT() REPRESENTATION_CONTEXT('2D SPACE',''
  ) );
#770 = PCURVE('',#303,#771);
#771 = DEFINITIONAL_REPRESENTATION('',(#772),#776);
#772 = LINE('',#773,#774);
#773 = CARTESIAN_POINT('',(-0.,-97.));
#774 = VECTOR('',#775,1.);
#775 = DIRECTION('',(-1.,0.));
#776 = ( GEOMETRIC_REPRESENTATION_CONTEXT(2) 
PARAMETRIC_REPRESENTATION_CONTEXT() REPRESENTATION_CONTEXT('2D SPACE',''
  ) );
#777 = ORIENTED_EDGE('',*,*,#679,.F.);
#778 = ORIENTED_EDGE('',*,*,#141,.T.);
#779 = ORIENTED_EDGE('',*,*,#707,.F.);
#780 = ORIENTED_EDGE('',*,*,#781,.T.);
#781 = EDGE_CURVE('',#708,#782,#784,.T.);
#782 = VERTEX_POINT('',#783);
#783 = CARTESIAN_POINT('',(32.2,48.5,-4.440892098501E-16));
#784 = SURFACE_CURVE('',#785,(#789,#796),.PCURVE_S1.);
#785 = LINE('',#786,#787);
#786 = CARTESIAN_POINT('',(0.,48.5,0.));
#787 = VECTOR('',#788,1.);
#788 = DIRECTION('',(1.,-0.,-0.));
#789 = PCURVE('',#157,#790);
#790 = DEFINITIONAL_REPRESENTATION('',(#791),#795);
#791 = LINE('',#792,#793);
#792 = CARTESIAN_POINT('',(-15.5,-17.));
#793 = VECTOR('',#794,1.);
#794 = DIRECTION('',(-0.,1.));
#795 = ( GEOMETRIC_REPRESENTATION_CONTEXT(2) 
PARAMETRIC_REPRESENTATION_CONTEXT() REPRESENTATION_CONTEXT('2D SPACE',''
  ) );
#796 = PCURVE('',#378,#797);
#797 = DEFINITIONAL_REPRESENTATION('',(#798),#802);
#798 = LINE('',#799,#800);
#799 = CARTESIAN_POINT('',(-0.,-97.));
#800 = VECTOR('',#801,1.);
#801 = DIRECTION('',(-1.,0.));
#802 = ( GEOMETRIC_REPRESENTATION_CONTEXT(2) 
PARAMETRIC_REPRESENTATION_CONTEXT() REPRESENTATION_CONTEXT('2D SPACE',''
  ) );
#803 = ORIENTED_EDGE('',*,*,#804,.T.);
#804 = EDGE_CURVE('',#782,#805,#807,.T.);
#805 = VERTEX_POINT('',#806);
#806 = CARTESIAN_POINT('',(34.,48.5,1.8));
#807 = SURFACE_CURVE('',#808,(#813,#824),.PCURVE_S1.);
#808 = CIRCLE('',#809,1.8);
#809 = AXIS2_PLACEMENT_3D('',#810,#811,#812);
#810 = CARTESIAN_POINT('',(32.2,48.5,1.8));
#811 = DIRECTION('',(0.,-1.,0.));
#812 = DIRECTION('',(0.,-0.,-1.));
#813 = PCURVE('',#157,#814);
#814 = DEFINITIONAL_REPRESENTATION('',(#815),#823);
#815 = ( BOUNDED_CURVE() B_SPLINE_CURVE(2,(#816,#817,#818,#819,#820,#821
,#822),.UNSPECIFIED.,.T.,.F.) B_SPLINE_CURVE_WITH_KNOTS((1,2,2,2,2,1),(
    -2.094395102393,0.,2.094395102393,4.188790204786,6.28318530718,
8.377580409573),.UNSPECIFIED.) CURVE() GEOMETRIC_REPRESENTATION_ITEM() 
RATIONAL_B_SPLINE_CURVE((1.,0.5,1.,0.5,1.,0.5,1.)) REPRESENTATION_ITEM(
  '') );
#816 = CARTESIAN_POINT('',(-15.5,15.2));
#817 = CARTESIAN_POINT('',(-15.5,18.317691453624));
#818 = CARTESIAN_POINT('',(-12.8,16.758845726812));
#819 = CARTESIAN_POINT('',(-10.1,15.2));
#820 = CARTESIAN_POINT('',(-12.8,13.641154273188));
#821 = CARTESIAN_POINT('',(-15.5,12.082308546376));
#822 = CARTESIAN_POINT('',(-15.5,15.2));
#823 = ( GEOMETRIC_REPRESENTATION_CONTEXT(2) 
PARAMETRIC_REPRESENTATION_CONTEXT() REPRESENTATION_CONTEXT('2D SPACE',''
  ) );
#824 = PCURVE('',#411,#825);
#825 = DEFINITIONAL_REPRESENTATION('',(#826),#830);
#826 = LINE('',#827,#828);
#827 = CARTESIAN_POINT('',(-0.,97.));
#828 = VECTOR('',#829,1.);
#829 = DIRECTION('',(-1.,0.));
#830 = ( GEOMETRIC_REPRESENTATION_CONTEXT(2) 
PARAMETRIC_REPRESENTATION_CONTEXT() REPRESENTATION_CONTEXT('2D SPACE',''
  ) );
#831 = ORIENTED_EDGE('',*,*,#832,.T.);
#832 = EDGE_CURVE('',#805,#833,#835,.T.);
#833 = VERTEX_POINT('',#834);
#834 = CARTESIAN_POINT('',(34.,48.5,3.2));
#835 = SURFACE_CURVE('',#836,(#840,#847),.PCURVE_S1.);
#836 = LINE('',#837,#838);
#837 = CARTESIAN_POINT('',(34.,48.5,0.));
#838 = VECTOR('',#839,1.);
#839 = DIRECTION('',(-0.,-0.,1.));
#840 = PCURVE('',#157,#841);
#841 = DEFINITIONAL_REPRESENTATION('',(#842),#846);
#842 = LINE('',#843,#844);
#843 = CARTESIAN_POINT('',(-15.5,17.));
#844 = VECTOR('',#845,1.);
#845 = DIRECTION('',(1.,-0.));
#846 = ( GEOMETRIC_REPRESENTATION_CONTEXT(2) 
PARAMETRIC_REPRESENTATION_CONTEXT() REPRESENTATION_CONTEXT('2D SPACE',''
  ) );
#847 = PCURVE('',#439,#848);
#848 = DEFINITIONAL_REPRESENTATION('',(#849),#853);
#849 = LINE('',#850,#851);
#850 = CARTESIAN_POINT('',(-0.,-97.));
#851 = VECTOR('',#852,1.);
#852 = DIRECTION('',(-1.,-0.));
#853 = ( GEOMETRIC_REPRESENTATION_CONTEXT(2) 
PARAMETRIC_REPRESENTATION_CONTEXT() REPRESENTATION_CONTEXT('2D SPACE',''
  ) );
#854 = ORIENTED_EDGE('',*,*,#855,.T.);
#855 = EDGE_CURVE('',#833,#856,#858,.T.);
#856 = VERTEX_POINT('',#857);
#857 = CARTESIAN_POINT('',(32.2,48.5,5.));
#858 = SURFACE_CURVE('',#859,(#864,#875),.PCURVE_S1.);
#859 = CIRCLE('',#860,1.8);
#860 = AXIS2_PLACEMENT_3D('',#861,#862,#863);
#861 = CARTESIAN_POINT('',(32.2,48.5,3.2));
#862 = DIRECTION('',(0.,-1.,0.));
#863 = DIRECTION('',(-0.,-0.,1.));
#864 = PCURVE('',#157,#865);
#865 = DEFINITIONAL_REPRESENTATION('',(#866),#874);
#866 = ( BOUNDED_CURVE() B_SPLINE_CURVE(2,(#867,#868,#869,#870,#871,#872
,#873),.UNSPECIFIED.,.T.,.F.) B_SPLINE_CURVE_WITH_KNOTS((1,2,2,2,2,1),(
    -2.094395102393,0.,2.094395102393,4.188790204786,6.28318530718,
8.377580409573),.UNSPECIFIED.) CURVE() GEOMETRIC_REPRESENTATION_ITEM() 
RATIONAL_B_SPLINE_CURVE((1.,0.5,1.,0.5,1.,0.5,1.)) REPRESENTATION_ITEM(
  '') );
#867 = CARTESIAN_POINT('',(-10.5,15.2));
#868 = CARTESIAN_POINT('',(-10.5,12.082308546376));
#869 = CARTESIAN_POINT('',(-13.2,13.641154273188));
#870 = CARTESIAN_POINT('',(-15.9,15.2));
#871 = CARTESIAN_POINT('',(-13.2,16.758845726812));
#872 = CARTESIAN_POINT('',(-10.5,18.317691453624));
#873 = CARTESIAN_POINT('',(-10.5,15.2));
#874 = ( GEOMETRIC_REPRESENTATION_CONTEXT(2) 
PARAMETRIC_REPRESENTATION_CONTEXT() REPRESENTATION_CONTEXT('2D SPACE',''
  ) );
#875 = PCURVE('',#472,#876);
#876 = DEFINITIONAL_REPRESENTATION('',(#877),#881);
#877 = LINE('',#878,#879);
#878 = CARTESIAN_POINT('',(-4.712388980385,0.));
#879 = VECTOR('',#880,1.);
#880 = DIRECTION('',(1.,0.));
#881 = ( GEOMETRIC_REPRESENTATION_CONTEXT(2) 
PARAMETRIC_REPRESENTATION_CONTEXT() REPRESENTATION_CONTEXT('2D SPACE',''
  ) );
#882 = ORIENTED_EDGE('',*,*,#883,.F.);
#883 = EDGE_CURVE('',#884,#856,#886,.T.);
#884 = VERTEX_POINT('',#885);
#885 = CARTESIAN_POINT('',(5.,48.5,5.));
#886 = SURFACE_CURVE('',#887,(#891,#898),.PCURVE_S1.);
#887 = LINE('',#888,#889);
#888 = CARTESIAN_POINT('',(5.,48.5,5.));
#889 = VECTOR('',#890,1.);
#890 = DIRECTION('',(1.,-0.,-0.));
#891 = PCURVE('',#157,#892);
#892 = DEFINITIONAL_REPRESENTATION('',(#893),#897);
#893 = LINE('',#894,#895);
#894 = CARTESIAN_POINT('',(-10.5,-12.));
#895 = VECTOR('',#896,1.);
#896 = DIRECTION('',(-0.,1.));
#897 = ( GEOMETRIC_REPRESENTATION_CONTEXT(2) 
PARAMETRIC_REPRESENTATION_CONTEXT() REPRESENTATION_CONTEXT('2D SPACE',''
  ) );
#898 = PCURVE('',#500,#899);
#899 = DEFINITIONAL_REPRESENTATION('',(#900),#904);
#900 = LINE('',#901,#902);
#901 = CARTESIAN_POINT('',(-0.,-97.));
#902 = VECTOR('',#903,1.);
#903 = DIRECTION('',(-1.,0.));
#904 = ( GEOMETRIC_REPRESENTATION_CONTEXT(2) 
PARAMETRIC_REPRESENTATION_CONTEXT() REPRESENTATION_CONTEXT('2D SPACE',''
  ) );
#905 = ORIENTED_EDGE('',*,*,#906,.F.);
#906 = EDGE_CURVE('',#907,#884,#909,.T.);
#907 = VERTEX_POINT('',#908);
#908 = CARTESIAN_POINT('',(5.,48.5,26.));
#909 = SURFACE_CURVE('',#910,(#914,#921),.PCURVE_S1.);
#910 = LINE('',#911,#912);
#911 = CARTESIAN_POINT('',(5.,48.5,26.));
#912 = VECTOR('',#913,1.);
#913 = DIRECTION('',(-0.,-0.,-1.));
#914 = PCURVE('',#157,#915);
#915 = DEFINITIONAL_REPRESENTATION('',(#916),#920);
#916 = LINE('',#917,#918);
#917 = CARTESIAN_POINT('',(10.5,-12.));
#918 = VECTOR('',#919,1.);
#919 = DIRECTION('',(-1.,0.));
#920 = ( GEOMETRIC_REPRESENTATION_CONTEXT(2) 
PARAMETRIC_REPRESENTATION_CONTEXT() REPRESENTATION_CONTEXT('2D SPACE',''
  ) );
#921 = PCURVE('',#528,#922);
#922 = DEFINITIONAL_REPRESENTATION('',(#923),#927);
#923 = LINE('',#924,#925);
#924 = CARTESIAN_POINT('',(-0.,-97.));
#925 = VECTOR('',#926,1.);
#926 = DIRECTION('',(-1.,0.));
#927 = ( GEOMETRIC_REPRESENTATION_CONTEXT(2) 
PARAMETRIC_REPRESENTATION_CONTEXT() REPRESENTATION_CONTEXT('2D SPACE',''
  ) );
#928 = ORIENTED_EDGE('',*,*,#929,.F.);
#929 = EDGE_CURVE('',#930,#907,#932,.T.);
#930 = VERTEX_POINT('',#931);
#931 = CARTESIAN_POINT('',(32.2,48.5,26.));
#932 = SURFACE_CURVE('',#933,(#937,#944),.PCURVE_S1.);
#933 = LINE('',#934,#935);
#934 = CARTESIAN_POINT('',(39.,48.5,26.));
#935 = VECTOR('',#936,1.);
#936 = DIRECTION('',(-1.,-0.,-0.));
#937 = PCURVE('',#157,#938);
#938 = DEFINITIONAL_REPRESENTATION('',(#939),#943);
#939 = LINE('',#940,#941);
#940 = CARTESIAN_POINT('',(10.5,22.));
#941 = VECTOR('',#942,1.);
#942 = DIRECTION('',(-0.,-1.));
#943 = ( GEOMETRIC_REPRESENTATION_CONTEXT(2) 
PARAMETRIC_REPRESENTATION_CONTEXT() REPRESENTATION_CONTEXT('2D SPACE',''
  ) );
#944 = PCURVE('',#556,#945);
#945 = DEFINITIONAL_REPRESENTATION('',(#946),#950);
#946 = LINE('',#947,#948);
#947 = CARTESIAN_POINT('',(-0.,-97.));
#948 = VECTOR('',#949,1.);
#949 = DIRECTION('',(-1.,0.));
#950 = ( GEOMETRIC_REPRESENTATION_CONTEXT(2) 
PARAMETRIC_REPRESENTATION_CONTEXT() REPRESENTATION_CONTEXT('2D SPACE',''
  ) );
#951 = ORIENTED_EDGE('',*,*,#952,.F.);
#952 = EDGE_CURVE('',#953,#930,#955,.T.);
#953 = VERTEX_POINT('',#954);
#954 = CARTESIAN_POINT('',(34.,48.5,27.8));
#955 = SURFACE_CURVE('',#956,(#961,#968),.PCURVE_S1.);
#956 = CIRCLE('',#957,1.8);
#957 = AXIS2_PLACEMENT_3D('',#958,#959,#960);
#958 = CARTESIAN_POINT('',(32.2,48.5,27.8));
#959 = DIRECTION('',(0.,1.,-0.));
#960 = DIRECTION('',(-0.,-0.,-1.));
#961 = PCURVE('',#157,#962);
#962 = DEFINITIONAL_REPRESENTATION('',(#963),#967);
#963 = CIRCLE('',#964,1.8);
#964 = AXIS2_PLACEMENT_2D('',#965,#966);
#965 = CARTESIAN_POINT('',(12.3,15.2));
#966 = DIRECTION('',(-1.,0.));
#967 = ( GEOMETRIC_REPRESENTATION_CONTEXT(2) 
PARAMETRIC_REPRESENTATION_CONTEXT() REPRESENTATION_CONTEXT('2D SPACE',''
  ) );
#968 = PCURVE('',#585,#969);
#969 = DEFINITIONAL_REPRESENTATION('',(#970),#974);
#970 = LINE('',#971,#972);
#971 = CARTESIAN_POINT('',(-4.712388980385,97.));
#972 = VECTOR('',#973,1.);
#973 = DIRECTION('',(1.,0.));
#974 = ( GEOMETRIC_REPRESENTATION_CONTEXT(2) 
PARAMETRIC_REPRESENTATION_CONTEXT() REPRESENTATION_CONTEXT('2D SPACE',''
  ) );
#975 = ORIENTED_EDGE('',*,*,#976,.T.);
#976 = EDGE_CURVE('',#953,#977,#979,.T.);
#977 = VERTEX_POINT('',#978);
#978 = CARTESIAN_POINT('',(34.,48.5,29.2));
#979 = SURFACE_CURVE('',#980,(#984,#991),.PCURVE_S1.);
#980 = LINE('',#981,#982);
#981 = CARTESIAN_POINT('',(34.,48.5,0.));
#982 = VECTOR('',#983,1.);
#983 = DIRECTION('',(-0.,-0.,1.));
#984 = PCURVE('',#157,#985);
#985 = DEFINITIONAL_REPRESENTATION('',(#986),#990);
#986 = LINE('',#987,#988);
#987 = CARTESIAN_POINT('',(-15.5,17.));
#988 = VECTOR('',#989,1.);
#989 = DIRECTION('',(1.,-0.));
#990 = ( GEOMETRIC_REPRESENTATION_CONTEXT(2) 
PARAMETRIC_REPRESENTATION_CONTEXT() REPRESENTATION_CONTEXT('2D SPACE',''
  ) );
#991 = PCURVE('',#613,#992);
#992 = DEFINITIONAL_REPRESENTATION('',(#993),#997);
#993 = LINE('',#994,#995);
#994 = CARTESIAN_POINT('',(-0.,-97.));
#995 = VECTOR('',#996,1.);
#996 = DIRECTION('',(-1.,-0.));
#997 = ( GEOMETRIC_REPRESENTATION_CONTEXT(2) 
PARAMETRIC_REPRESENTATION_CONTEXT() REPRESENTATION_CONTEXT('2D SPACE',''
  ) );
#998 = ORIENTED_EDGE('',*,*,#999,.F.);
#999 = EDGE_CURVE('',#756,#977,#1000,.T.);
#1000 = SURFACE_CURVE('',#1001,(#1006,#1013),.PCURVE_S1.);
#1001 = CIRCLE('',#1002,1.8);
#1002 = AXIS2_PLACEMENT_3D('',#1003,#1004,#1005);
#1003 = CARTESIAN_POINT('',(32.2,48.5,29.2));
#1004 = DIRECTION('',(0.,1.,-0.));
#1005 = DIRECTION('',(-0.,-0.,-1.));
#1006 = PCURVE('',#157,#1007);
#1007 = DEFINITIONAL_REPRESENTATION('',(#1008),#1012);
#1008 = CIRCLE('',#1009,1.8);
#1009 = AXIS2_PLACEMENT_2D('',#1010,#1011);
#1010 = CARTESIAN_POINT('',(13.7,15.2));
#1011 = DIRECTION('',(-1.,0.));
#1012 = ( GEOMETRIC_REPRESENTATION_CONTEXT(2) 
PARAMETRIC_REPRESENTATION_CONTEXT() REPRESENTATION_CONTEXT('2D SPACE',''
  ) );
#1013 = PCURVE('',#640,#1014);
#1014 = DEFINITIONAL_REPRESENTATION('',(#1015),#1019);
#1015 = LINE('',#1016,#1017);
#1016 = CARTESIAN_POINT('',(-3.14159265359,97.));
#1017 = VECTOR('',#1018,1.);
#1018 = DIRECTION('',(1.,0.));
#1019 = ( GEOMETRIC_REPRESENTATION_CONTEXT(2) 
PARAMETRIC_REPRESENTATION_CONTEXT() REPRESENTATION_CONTEXT('2D SPACE',''
  ) );
#1020 = ADVANCED_FACE('',(#1021),#214,.F.);
#1021 = FACE_BOUND('',#1022,.F.);
#1022 = EDGE_LOOP('',(#1023,#1047,#1048,#1049));
#1023 = ORIENTED_EDGE('',*,*,#1024,.F.);
#1024 = EDGE_CURVE('',#198,#1025,#1027,.T.);
#1025 = VERTEX_POINT('',#1026);
#1026 = CARTESIAN_POINT('',(-1.5,30.,10.75));
#1027 = SEAM_CURVE('',#1028,(#1033,#1040),.PCURVE_S1.);
#1028 = CIRCLE('',#1029,1.5);
#1029 = AXIS2_PLACEMENT_3D('',#1030,#1031,#1032);
#1030 = CARTESIAN_POINT('',(-1.5,30.,9.25));
#1031 = DIRECTION('',(0.,-1.,0.));
#1032 = DIRECTION('',(-0.,-0.,-1.));
#1033 = PCURVE('',#214,#1034);
#1034 = DEFINITIONAL_REPRESENTATION('',(#1035),#1039);
#1035 = LINE('',#1036,#1037);
#1036 = CARTESIAN_POINT('',(0.,0.));
#1037 = VECTOR('',#1038,1.);
#1038 = DIRECTION('',(0.,1.));
#1039 = ( GEOMETRIC_REPRESENTATION_CONTEXT(2) 
PARAMETRIC_REPRESENTATION_CONTEXT() REPRESENTATION_CONTEXT('2D SPACE',''
  ) );
#1040 = PCURVE('',#214,#1041);
#1041 = DEFINITIONAL_REPRESENTATION('',(#1042),#1046);
#1042 = LINE('',#1043,#1044);
#1043 = CARTESIAN_POINT('',(6.28318530718,0.));
#1044 = VECTOR('',#1045,1.);
#1045 = DIRECTION('',(0.,1.));
#1046 = ( GEOMETRIC_REPRESENTATION_CONTEXT(2) 
PARAMETRIC_REPRESENTATION_CONTEXT() REPRESENTATION_CONTEXT('2D SPACE',''
  ) );
#1047 = ORIENTED_EDGE('',*,*,#197,.T.);
#1048 = ORIENTED_EDGE('',*,*,#1024,.T.);
#1049 = ORIENTED_EDGE('',*,*,#1050,.F.);
#1050 = EDGE_CURVE('',#1025,#1025,#1051,.T.);
#1051 = SURFACE_CURVE('',#1052,(#1057,#1064),.PCURVE_S1.);
#1052 = CIRCLE('',#1053,4.75);
#1053 = AXIS2_PLACEMENT_3D('',#1054,#1055,#1056);
#1054 = CARTESIAN_POINT('',(-1.5,30.,15.5));
#1055 = DIRECTION('',(1.,0.,-0.));
#1056 = DIRECTION('',(-0.,-0.,-1.));
#1057 = PCURVE('',#214,#1058);
#1058 = DEFINITIONAL_REPRESENTATION('',(#1059),#1063);
#1059 = LINE('',#1060,#1061);
#1060 = CARTESIAN_POINT('',(0.,3.14159265359));
#1061 = VECTOR('',#1062,1.);
#1062 = DIRECTION('',(1.,0.));
#1063 = ( GEOMETRIC_REPRESENTATION_CONTEXT(2) 
PARAMETRIC_REPRESENTATION_CONTEXT() REPRESENTATION_CONTEXT('2D SPACE',''
  ) );
#1064 = PCURVE('',#1065,#1070);
#1065 = CYLINDRICAL_SURFACE('',#1066,4.75);
#1066 = AXIS2_PLACEMENT_3D('',#1067,#1068,#1069);
#1067 = CARTESIAN_POINT('',(0.,30.,15.5));
#1068 = DIRECTION('',(-1.,-0.,-0.));
#1069 = DIRECTION('',(-0.,-0.,-1.));
#1070 = DEFINITIONAL_REPRESENTATION('',(#1071),#1075);
#1071 = LINE('',#1072,#1073);
#1072 = CARTESIAN_POINT('',(-0.,1.5));
#1073 = VECTOR('',#1074,1.);
#1074 = DIRECTION('',(-1.,0.));
#1075 = ( GEOMETRIC_REPRESENTATION_CONTEXT(2) 
PARAMETRIC_REPRESENTATION_CONTEXT() REPRESENTATION_CONTEXT('2D SPACE',''
  ) );
#1076 = ADVANCED_FACE('',(#1077),#270,.T.);
#1077 = FACE_BOUND('',#1078,.F.);
#1078 = EDGE_LOOP('',(#1079,#1102,#1133,#1134));
#1079 = ORIENTED_EDGE('',*,*,#1080,.T.);
#1080 = EDGE_CURVE('',#230,#1081,#1083,.T.);
#1081 = VERTEX_POINT('',#1082);
#1082 = CARTESIAN_POINT('',(-9.,-30.,10.75));
#1083 = SEAM_CURVE('',#1084,(#1088,#1095),.PCURVE_S1.);
#1084 = LINE('',#1085,#1086);
#1085 = CARTESIAN_POINT('',(0.,-30.,10.75));
#1086 = VECTOR('',#1087,1.);
#1087 = DIRECTION('',(-1.,-0.,-0.));
#1088 = PCURVE('',#270,#1089);
#1089 = DEFINITIONAL_REPRESENTATION('',(#1090),#1094);
#1090 = LINE('',#1091,#1092);
#1091 = CARTESIAN_POINT('',(-6.28318530718,-0.));
#1092 = VECTOR('',#1093,1.);
#1093 = DIRECTION('',(-0.,1.));
#1094 = ( GEOMETRIC_REPRESENTATION_CONTEXT(2) 
PARAMETRIC_REPRESENTATION_CONTEXT() REPRESENTATION_CONTEXT('2D SPACE',''
  ) );
#1095 = PCURVE('',#270,#1096);
#1096 = DEFINITIONAL_REPRESENTATION('',(#1097),#1101);
#1097 = LINE('',#1098,#1099);
#1098 = CARTESIAN_POINT('',(-0.,-0.));
#1099 = VECTOR('',#1100,1.);
#1100 = DIRECTION('',(-0.,1.));
#1101 = ( GEOMETRIC_REPRESENTATION_CONTEXT(2) 
PARAMETRIC_REPRESENTATION_CONTEXT() REPRESENTATION_CONTEXT('2D SPACE',''
  ) );
#1102 = ORIENTED_EDGE('',*,*,#1103,.F.);
#1103 = EDGE_CURVE('',#1081,#1081,#1104,.T.);
#1104 = SURFACE_CURVE('',#1105,(#1110,#1117),.PCURVE_S1.);
#1105 = CIRCLE('',#1106,4.75);
#1106 = AXIS2_PLACEMENT_3D('',#1107,#1108,#1109);
#1107 = CARTESIAN_POINT('',(-9.,-30.,15.5));
#1108 = DIRECTION('',(1.,0.,-0.));
#1109 = DIRECTION('',(-0.,-0.,-1.));
#1110 = PCURVE('',#270,#1111);
#1111 = DEFINITIONAL_REPRESENTATION('',(#1112),#1116);
#1112 = LINE('',#1113,#1114);
#1113 = CARTESIAN_POINT('',(-0.,9.));
#1114 = VECTOR('',#1115,1.);
#1115 = DIRECTION('',(-1.,0.));
#1116 = ( GEOMETRIC_REPRESENTATION_CONTEXT(2) 
PARAMETRIC_REPRESENTATION_CONTEXT() REPRESENTATION_CONTEXT('2D SPACE',''
  ) );
#1117 = PCURVE('',#1118,#1123);
#1118 = PLANE('',#1119);
#1119 = AXIS2_PLACEMENT_3D('',#1120,#1121,#1122);
#1120 = CARTESIAN_POINT('',(-9.,-30.,15.5));
#1121 = DIRECTION('',(-1.,-0.,-0.));
#1122 = DIRECTION('',(0.,0.,1.));
#1123 = DEFINITIONAL_REPRESENTATION('',(#1124),#1132);
#1124 = ( BOUNDED_CURVE() B_SPLINE_CURVE(2,(#1125,#1126,#1127,#1128,
#1129,#1130,#1131),.UNSPECIFIED.,.T.,.F.) B_SPLINE_CURVE_WITH_KNOTS((1,2
    ,2,2,2,1),(-2.094395102393,0.,2.094395102393,4.188790204786,
6.28318530718,8.377580409573),.UNSPECIFIED.) CURVE() 
GEOMETRIC_REPRESENTATION_ITEM() RATIONAL_B_SPLINE_CURVE((1.,0.5,1.,0.5,
1.,0.5,1.)) REPRESENTATION_ITEM('') );
#1125 = CARTESIAN_POINT('',(-4.75,0.));
#1126 = CARTESIAN_POINT('',(-4.75,8.227241335952));
#1127 = CARTESIAN_POINT('',(2.375,4.113620667976));
#1128 = CARTESIAN_POINT('',(9.5,1.16341445919E-15));
#1129 = CARTESIAN_POINT('',(2.375,-4.113620667976));
#1130 = CARTESIAN_POINT('',(-4.75,-8.227241335952));
#1131 = CARTESIAN_POINT('',(-4.75,0.));
#1132 = ( GEOMETRIC_REPRESENTATION_CONTEXT(2) 
PARAMETRIC_REPRESENTATION_CONTEXT() REPRESENTATION_CONTEXT('2D SPACE',''
  ) );
#1133 = ORIENTED_EDGE('',*,*,#1080,.F.);
#1134 = ORIENTED_EDGE('',*,*,#255,.T.);
#1135 = ADVANCED_FACE('',(#1136),#303,.F.);
#1136 = FACE_BOUND('',#1137,.T.);
#1137 = EDGE_LOOP('',(#1138,#1139,#1160,#1161));
#1138 = ORIENTED_EDGE('',*,*,#285,.F.);
#1139 = ORIENTED_EDGE('',*,*,#1140,.T.);
#1140 = EDGE_CURVE('',#286,#756,#1141,.T.);
#1141 = SURFACE_CURVE('',#1142,(#1146,#1153),.PCURVE_S1.);
#1142 = LINE('',#1143,#1144);
#1143 = CARTESIAN_POINT('',(32.2,-48.5,31.));
#1144 = VECTOR('',#1145,1.);
#1145 = DIRECTION('',(-0.,1.,-0.));
#1146 = PCURVE('',#303,#1147);
#1147 = DEFINITIONAL_REPRESENTATION('',(#1148),#1152);
#1148 = LINE('',#1149,#1150);
#1149 = CARTESIAN_POINT('',(-1.8,0.));
#1150 = VECTOR('',#1151,1.);
#1151 = DIRECTION('',(-0.,-1.));
#1152 = ( GEOMETRIC_REPRESENTATION_CONTEXT(2) 
PARAMETRIC_REPRESENTATION_CONTEXT() REPRESENTATION_CONTEXT('2D SPACE',''
  ) );
#1153 = PCURVE('',#640,#1154);
#1154 = DEFINITIONAL_REPRESENTATION('',(#1155),#1159);
#1155 = LINE('',#1156,#1157);
#1156 = CARTESIAN_POINT('',(0.,0.));
#1157 = VECTOR('',#1158,1.);
#1158 = DIRECTION('',(0.,1.));
#1159 = ( GEOMETRIC_REPRESENTATION_CONTEXT(2) 
PARAMETRIC_REPRESENTATION_CONTEXT() REPRESENTATION_CONTEXT('2D SPACE',''
  ) );
#1160 = ORIENTED_EDGE('',*,*,#755,.T.);
#1161 = ORIENTED_EDGE('',*,*,#656,.F.);
#1162 = ADVANCED_FACE('',(#1163),#640,.T.);
#1163 = FACE_BOUND('',#1164,.T.);
#1164 = EDGE_LOOP('',(#1165,#1166,#1187,#1188));
#1165 = ORIENTED_EDGE('',*,*,#625,.T.);
#1166 = ORIENTED_EDGE('',*,*,#1167,.T.);
#1167 = EDGE_CURVE('',#598,#977,#1168,.T.);
#1168 = SURFACE_CURVE('',#1169,(#1173,#1180),.PCURVE_S1.);
#1169 = LINE('',#1170,#1171);
#1170 = CARTESIAN_POINT('',(34.,-48.5,29.2));
#1171 = VECTOR('',#1172,1.);
#1172 = DIRECTION('',(-0.,1.,-0.));
#1173 = PCURVE('',#640,#1174);
#1174 = DEFINITIONAL_REPRESENTATION('',(#1175),#1179);
#1175 = LINE('',#1176,#1177);
#1176 = CARTESIAN_POINT('',(1.570796326795,0.));
#1177 = VECTOR('',#1178,1.);
#1178 = DIRECTION('',(0.,1.));
#1179 = ( GEOMETRIC_REPRESENTATION_CONTEXT(2) 
PARAMETRIC_REPRESENTATION_CONTEXT() REPRESENTATION_CONTEXT('2D SPACE',''
  ) );
#1180 = PCURVE('',#613,#1181);
#1181 = DEFINITIONAL_REPRESENTATION('',(#1182),#1186);
#1182 = LINE('',#1183,#1184);
#1183 = CARTESIAN_POINT('',(-29.2,-0.));
#1184 = VECTOR('',#1185,1.);
#1185 = DIRECTION('',(-0.,-1.));
#1186 = ( GEOMETRIC_REPRESENTATION_CONTEXT(2) 
PARAMETRIC_REPRESENTATION_CONTEXT() REPRESENTATION_CONTEXT('2D SPACE',''
  ) );
#1187 = ORIENTED_EDGE('',*,*,#999,.F.);
#1188 = ORIENTED_EDGE('',*,*,#1140,.F.);
#1189 = ADVANCED_FACE('',(#1190),#613,.F.);
#1190 = FACE_BOUND('',#1191,.T.);
#1191 = EDGE_LOOP('',(#1192,#1193,#1214,#1215));
#1192 = ORIENTED_EDGE('',*,*,#597,.F.);
#1193 = ORIENTED_EDGE('',*,*,#1194,.T.);
#1194 = EDGE_CURVE('',#569,#953,#1195,.T.);
#1195 = SURFACE_CURVE('',#1196,(#1200,#1207),.PCURVE_S1.);
#1196 = LINE('',#1197,#1198);
#1197 = CARTESIAN_POINT('',(34.,-48.5,27.8));
#1198 = VECTOR('',#1199,1.);
#1199 = DIRECTION('',(-0.,1.,-0.));
#1200 = PCURVE('',#613,#1201);
#1201 = DEFINITIONAL_REPRESENTATION('',(#1202),#1206);
#1202 = LINE('',#1203,#1204);
#1203 = CARTESIAN_POINT('',(-27.8,-0.));
#1204 = VECTOR('',#1205,1.);
#1205 = DIRECTION('',(-0.,-1.));
#1206 = ( GEOMETRIC_REPRESENTATION_CONTEXT(2) 
PARAMETRIC_REPRESENTATION_CONTEXT() REPRESENTATION_CONTEXT('2D SPACE',''
  ) );
#1207 = PCURVE('',#585,#1208);
#1208 = DEFINITIONAL_REPRESENTATION('',(#1209),#1213);
#1209 = LINE('',#1210,#1211);
#1210 = CARTESIAN_POINT('',(0.,0.));
#1211 = VECTOR('',#1212,1.);
#1212 = DIRECTION('',(0.,1.));
#1213 = ( GEOMETRIC_REPRESENTATION_CONTEXT(2) 
PARAMETRIC_REPRESENTATION_CONTEXT() REPRESENTATION_CONTEXT('2D SPACE',''
  ) );
#1214 = ORIENTED_EDGE('',*,*,#976,.T.);
#1215 = ORIENTED_EDGE('',*,*,#1167,.F.);
#1216 = ADVANCED_FACE('',(#1217),#585,.T.);
#1217 = FACE_BOUND('',#1218,.T.);
#1218 = EDGE_LOOP('',(#1219,#1220,#1241,#1242));
#1219 = ORIENTED_EDGE('',*,*,#568,.T.);
#1220 = ORIENTED_EDGE('',*,*,#1221,.T.);
#1221 = EDGE_CURVE('',#541,#930,#1222,.T.);
#1222 = SURFACE_CURVE('',#1223,(#1227,#1234),.PCURVE_S1.);
#1223 = LINE('',#1224,#1225);
#1224 = CARTESIAN_POINT('',(32.2,-48.5,26.));
#1225 = VECTOR('',#1226,1.);
#1226 = DIRECTION('',(-0.,1.,-0.));
#1227 = PCURVE('',#585,#1228);
#1228 = DEFINITIONAL_REPRESENTATION('',(#1229),#1233);
#1229 = LINE('',#1230,#1231);
#1230 = CARTESIAN_POINT('',(1.570796326795,0.));
#1231 = VECTOR('',#1232,1.);
#1232 = DIRECTION('',(0.,1.));
#1233 = ( GEOMETRIC_REPRESENTATION_CONTEXT(2) 
PARAMETRIC_REPRESENTATION_CONTEXT() REPRESENTATION_CONTEXT('2D SPACE',''
  ) );
#1234 = PCURVE('',#556,#1235);
#1235 = DEFINITIONAL_REPRESENTATION('',(#1236),#1240);
#1236 = LINE('',#1237,#1238);
#1237 = CARTESIAN_POINT('',(-6.8,0.));
#1238 = VECTOR('',#1239,1.);
#1239 = DIRECTION('',(-0.,-1.));
#1240 = ( GEOMETRIC_REPRESENTATION_CONTEXT(2) 
PARAMETRIC_REPRESENTATION_CONTEXT() REPRESENTATION_CONTEXT('2D SPACE',''
  ) );
#1241 = ORIENTED_EDGE('',*,*,#952,.F.);
#1242 = ORIENTED_EDGE('',*,*,#1194,.F.);
#1243 = ADVANCED_FACE('',(#1244),#556,.T.);
#1244 = FACE_BOUND('',#1245,.F.);
#1245 = EDGE_LOOP('',(#1246,#1247,#1248,#1249,#1272,#1300,#1328,#1356,
    #1384,#1412,#1440,#1468));
#1246 = ORIENTED_EDGE('',*,*,#540,.F.);
#1247 = ORIENTED_EDGE('',*,*,#1221,.T.);
#1248 = ORIENTED_EDGE('',*,*,#929,.T.);
#1249 = ORIENTED_EDGE('',*,*,#1250,.F.);
#1250 = EDGE_CURVE('',#1251,#907,#1253,.T.);
#1251 = VERTEX_POINT('',#1252);
#1252 = CARTESIAN_POINT('',(5.,-22.16,26.));
#1253 = SURFACE_CURVE('',#1254,(#1258,#1265),.PCURVE_S1.);
#1254 = LINE('',#1255,#1256);
#1255 = CARTESIAN_POINT('',(5.,-48.5,26.));
#1256 = VECTOR('',#1257,1.);
#1257 = DIRECTION('',(-0.,1.,-0.));
#1258 = PCURVE('',#556,#1259);
#1259 = DEFINITIONAL_REPRESENTATION('',(#1260),#1264);
#1260 = LINE('',#1261,#1262);
#1261 = CARTESIAN_POINT('',(-34.,0.));
#1262 = VECTOR('',#1263,1.);
#1263 = DIRECTION('',(-0.,-1.));
#1264 = ( GEOMETRIC_REPRESENTATION_CONTEXT(2) 
PARAMETRIC_REPRESENTATION_CONTEXT() REPRESENTATION_CONTEXT('2D SPACE',''
  ) );
#1265 = PCURVE('',#528,#1266);
#1266 = DEFINITIONAL_REPRESENTATION('',(#1267),#1271);
#1267 = LINE('',#1268,#1269);
#1268 = CARTESIAN_POINT('',(-0.,-0.));
#1269 = VECTOR('',#1270,1.);
#1270 = DIRECTION('',(-0.,-1.));
#1271 = ( GEOMETRIC_REPRESENTATION_CONTEXT(2) 
PARAMETRIC_REPRESENTATION_CONTEXT() REPRESENTATION_CONTEXT('2D SPACE',''
  ) );
#1272 = ORIENTED_EDGE('',*,*,#1273,.F.);
#1273 = EDGE_CURVE('',#1274,#1251,#1276,.T.);
#1274 = VERTEX_POINT('',#1275);
#1275 = CARTESIAN_POINT('',(7.,-22.16,26.));
#1276 = SURFACE_CURVE('',#1277,(#1281,#1288),.PCURVE_S1.);
#1277 = LINE('',#1278,#1279);
#1278 = CARTESIAN_POINT('',(22.,-22.16,26.));
#1279 = VECTOR('',#1280,1.);
#1280 = DIRECTION('',(-1.,-0.,-0.));
#1281 = PCURVE('',#556,#1282);
#1282 = DEFINITIONAL_REPRESENTATION('',(#1283),#1287);
#1283 = LINE('',#1284,#1285);
#1284 = CARTESIAN_POINT('',(-17.,-26.34));
#1285 = VECTOR('',#1286,1.);
#1286 = DIRECTION('',(-1.,0.));
#1287 = ( GEOMETRIC_REPRESENTATION_CONTEXT(2) 
PARAMETRIC_REPRESENTATION_CONTEXT() REPRESENTATION_CONTEXT('2D SPACE',''
  ) );
#1288 = PCURVE('',#1289,#1294);
#1289 = PLANE('',#1290);
#1290 = AXIS2_PLACEMENT_3D('',#1291,#1292,#1293);
#1291 = CARTESIAN_POINT('',(5.,-22.16,26.));
#1292 = DIRECTION('',(-0.,1.,-0.));
#1293 = DIRECTION('',(0.,0.,1.));
#1294 = DEFINITIONAL_REPRESENTATION('',(#1295),#1299);
#1295 = LINE('',#1296,#1297);
#1296 = CARTESIAN_POINT('',(0.,17.));
#1297 = VECTOR('',#1298,1.);
#1298 = DIRECTION('',(-0.,-1.));
#1299 = ( GEOMETRIC_REPRESENTATION_CONTEXT(2) 
PARAMETRIC_REPRESENTATION_CONTEXT() REPRESENTATION_CONTEXT('2D SPACE',''
  ) );
#1300 = ORIENTED_EDGE('',*,*,#1301,.T.);
#1301 = EDGE_CURVE('',#1274,#1302,#1304,.T.);
#1302 = VERTEX_POINT('',#1303);
#1303 = CARTESIAN_POINT('',(7.,29.1,26.));
#1304 = SURFACE_CURVE('',#1305,(#1309,#1316),.PCURVE_S1.);
#1305 = LINE('',#1306,#1307);
#1306 = CARTESIAN_POINT('',(7.,-38.8,26.));
#1307 = VECTOR('',#1308,1.);
#1308 = DIRECTION('',(-0.,1.,-0.));
#1309 = PCURVE('',#556,#1310);
#1310 = DEFINITIONAL_REPRESENTATION('',(#1311),#1315);
#1311 = LINE('',#1312,#1313);
#1312 = CARTESIAN_POINT('',(-32.,-9.7));
#1313 = VECTOR('',#1314,1.);
#1314 = DIRECTION('',(-0.,-1.));
#1315 = ( GEOMETRIC_REPRESENTATION_CONTEXT(2) 
PARAMETRIC_REPRESENTATION_CONTEXT() REPRESENTATION_CONTEXT('2D SPACE',''
  ) );
#1316 = PCURVE('',#1317,#1322);
#1317 = PLANE('',#1318);
#1318 = AXIS2_PLACEMENT_3D('',#1319,#1320,#1321);
#1319 = CARTESIAN_POINT('',(7.,-29.1,26.5));
#1320 = DIRECTION('',(1.,-0.,-0.));
#1321 = DIRECTION('',(0.,0.,1.));
#1322 = DEFINITIONAL_REPRESENTATION('',(#1323),#1327);
#1323 = LINE('',#1324,#1325);
#1324 = CARTESIAN_POINT('',(-0.5,9.7));
#1325 = VECTOR('',#1326,1.);
#1326 = DIRECTION('',(-0.,-1.));
#1327 = ( GEOMETRIC_REPRESENTATION_CONTEXT(2) 
PARAMETRIC_REPRESENTATION_CONTEXT() REPRESENTATION_CONTEXT('2D SPACE',''
  ) );
#1328 = ORIENTED_EDGE('',*,*,#1329,.F.);
#1329 = EDGE_CURVE('',#1330,#1302,#1332,.T.);
#1330 = VERTEX_POINT('',#1331);
#1331 = CARTESIAN_POINT('',(32.,29.1,26.));
#1332 = SURFACE_CURVE('',#1333,(#1337,#1344),.PCURVE_S1.);
#1333 = LINE('',#1334,#1335);
#1334 = CARTESIAN_POINT('',(29.25,29.1,26.));
#1335 = VECTOR('',#1336,1.);
#1336 = DIRECTION('',(-1.,-0.,-0.));
#1337 = PCURVE('',#556,#1338);
#1338 = DEFINITIONAL_REPRESENTATION('',(#1339),#1343);
#1339 = LINE('',#1340,#1341);
#1340 = CARTESIAN_POINT('',(-9.75,-77.6));
#1341 = VECTOR('',#1342,1.);
#1342 = DIRECTION('',(-1.,0.));
#1343 = ( GEOMETRIC_REPRESENTATION_CONTEXT(2) 
PARAMETRIC_REPRESENTATION_CONTEXT() REPRESENTATION_CONTEXT('2D SPACE',''
  ) );
#1344 = PCURVE('',#1345,#1350);
#1345 = PLANE('',#1346);
#1346 = AXIS2_PLACEMENT_3D('',#1347,#1348,#1349);
#1347 = CARTESIAN_POINT('',(19.5,29.1,26.));
#1348 = DIRECTION('',(-0.,1.,-0.));
#1349 = DIRECTION('',(0.,0.,1.));
#1350 = DEFINITIONAL_REPRESENTATION('',(#1351),#1355);
#1351 = LINE('',#1352,#1353);
#1352 = CARTESIAN_POINT('',(0.,9.75));
#1353 = VECTOR('',#1354,1.);
#1354 = DIRECTION('',(-0.,-1.));
#1355 = ( GEOMETRIC_REPRESENTATION_CONTEXT(2) 
PARAMETRIC_REPRESENTATION_CONTEXT() REPRESENTATION_CONTEXT('2D SPACE',''
  ) );
#1356 = ORIENTED_EDGE('',*,*,#1357,.T.);
#1357 = EDGE_CURVE('',#1330,#1358,#1360,.T.);
#1358 = VERTEX_POINT('',#1359);
#1359 = CARTESIAN_POINT('',(32.,-29.1,26.));
#1360 = SURFACE_CURVE('',#1361,(#1365,#1372),.PCURVE_S1.);
#1361 = LINE('',#1362,#1363);
#1362 = CARTESIAN_POINT('',(32.,-38.8,26.));
#1363 = VECTOR('',#1364,1.);
#1364 = DIRECTION('',(-0.,-1.,-0.));
#1365 = PCURVE('',#556,#1366);
#1366 = DEFINITIONAL_REPRESENTATION('',(#1367),#1371);
#1367 = LINE('',#1368,#1369);
#1368 = CARTESIAN_POINT('',(-7.,-9.7));
#1369 = VECTOR('',#1370,1.);
#1370 = DIRECTION('',(-0.,1.));
#1371 = ( GEOMETRIC_REPRESENTATION_CONTEXT(2) 
PARAMETRIC_REPRESENTATION_CONTEXT() REPRESENTATION_CONTEXT('2D SPACE',''
  ) );
#1372 = PCURVE('',#1373,#1378);
#1373 = PLANE('',#1374);
#1374 = AXIS2_PLACEMENT_3D('',#1375,#1376,#1377);
#1375 = CARTESIAN_POINT('',(32.,-29.1,25.5));
#1376 = DIRECTION('',(-1.,-0.,-0.));
#1377 = DIRECTION('',(0.,0.,-1.));
#1378 = DEFINITIONAL_REPRESENTATION('',(#1379),#1383);
#1379 = LINE('',#1380,#1381);
#1380 = CARTESIAN_POINT('',(-0.5,9.7));
#1381 = VECTOR('',#1382,1.);
#1382 = DIRECTION('',(-0.,1.));
#1383 = ( GEOMETRIC_REPRESENTATION_CONTEXT(2) 
PARAMETRIC_REPRESENTATION_CONTEXT() REPRESENTATION_CONTEXT('2D SPACE',''
  ) );
#1384 = ORIENTED_EDGE('',*,*,#1385,.T.);
#1385 = EDGE_CURVE('',#1358,#1386,#1388,.T.);
#1386 = VERTEX_POINT('',#1387);
#1387 = CARTESIAN_POINT('',(8.,-29.1,26.));
#1388 = SURFACE_CURVE('',#1389,(#1393,#1400),.PCURVE_S1.);
#1389 = LINE('',#1390,#1391);
#1390 = CARTESIAN_POINT('',(29.25,-29.1,26.));
#1391 = VECTOR('',#1392,1.);
#1392 = DIRECTION('',(-1.,-0.,-0.));
#1393 = PCURVE('',#556,#1394);
#1394 = DEFINITIONAL_REPRESENTATION('',(#1395),#1399);
#1395 = LINE('',#1396,#1397);
#1396 = CARTESIAN_POINT('',(-9.75,-19.4));
#1397 = VECTOR('',#1398,1.);
#1398 = DIRECTION('',(-1.,0.));
#1399 = ( GEOMETRIC_REPRESENTATION_CONTEXT(2) 
PARAMETRIC_REPRESENTATION_CONTEXT() REPRESENTATION_CONTEXT('2D SPACE',''
  ) );
#1400 = PCURVE('',#1401,#1406);
#1401 = PLANE('',#1402);
#1402 = AXIS2_PLACEMENT_3D('',#1403,#1404,#1405);
#1403 = CARTESIAN_POINT('',(19.5,-29.1,26.));
#1404 = DIRECTION('',(-0.,1.,-0.));
#1405 = DIRECTION('',(0.,0.,1.));
#1406 = DEFINITIONAL_REPRESENTATION('',(#1407),#1411);
#1407 = LINE('',#1408,#1409);
#1408 = CARTESIAN_POINT('',(0.,9.75));
#1409 = VECTOR('',#1410,1.);
#1410 = DIRECTION('',(-0.,-1.));
#1411 = ( GEOMETRIC_REPRESENTATION_CONTEXT(2) 
PARAMETRIC_REPRESENTATION_CONTEXT() REPRESENTATION_CONTEXT('2D SPACE',''
  ) );
#1412 = ORIENTED_EDGE('',*,*,#1413,.F.);
#1413 = EDGE_CURVE('',#1414,#1386,#1416,.T.);
#1414 = VERTEX_POINT('',#1415);
#1415 = CARTESIAN_POINT('',(8.,-32.16,26.));
#1416 = SURFACE_CURVE('',#1417,(#1421,#1428),.PCURVE_S1.);
#1417 = LINE('',#1418,#1419);
#1418 = CARTESIAN_POINT('',(8.,-32.16,26.));
#1419 = VECTOR('',#1420,1.);
#1420 = DIRECTION('',(-0.,1.,-0.));
#1421 = PCURVE('',#556,#1422);
#1422 = DEFINITIONAL_REPRESENTATION('',(#1423),#1427);
#1423 = LINE('',#1424,#1425);
#1424 = CARTESIAN_POINT('',(-31.,-16.34));
#1425 = VECTOR('',#1426,1.);
#1426 = DIRECTION('',(-0.,-1.));
#1427 = ( GEOMETRIC_REPRESENTATION_CONTEXT(2) 
PARAMETRIC_REPRESENTATION_CONTEXT() REPRESENTATION_CONTEXT('2D SPACE',''
  ) );
#1428 = PCURVE('',#1429,#1434);
#1429 = CYLINDRICAL_SURFACE('',#1430,3.);
#1430 = AXIS2_PLACEMENT_3D('',#1431,#1432,#1433);
#1431 = CARTESIAN_POINT('',(5.,-32.16,26.));
#1432 = DIRECTION('',(-0.,-1.,-0.));
#1433 = DIRECTION('',(1.,-0.,-0.));
#1434 = DEFINITIONAL_REPRESENTATION('',(#1435),#1439);
#1435 = LINE('',#1436,#1437);
#1436 = CARTESIAN_POINT('',(0.,0.));
#1437 = VECTOR('',#1438,1.);
#1438 = DIRECTION('',(0.,-1.));
#1439 = ( GEOMETRIC_REPRESENTATION_CONTEXT(2) 
PARAMETRIC_REPRESENTATION_CONTEXT() REPRESENTATION_CONTEXT('2D SPACE',''
  ) );
#1440 = ORIENTED_EDGE('',*,*,#1441,.T.);
#1441 = EDGE_CURVE('',#1414,#1442,#1444,.T.);
#1442 = VERTEX_POINT('',#1443);
#1443 = CARTESIAN_POINT('',(5.,-32.16,26.));
#1444 = SURFACE_CURVE('',#1445,(#1449,#1456),.PCURVE_S1.);
#1445 = LINE('',#1446,#1447);
#1446 = CARTESIAN_POINT('',(22.,-32.16,26.));
#1447 = VECTOR('',#1448,1.);
#1448 = DIRECTION('',(-1.,-0.,-0.));
#1449 = PCURVE('',#556,#1450);
#1450 = DEFINITIONAL_REPRESENTATION('',(#1451),#1455);
#1451 = LINE('',#1452,#1453);
#1452 = CARTESIAN_POINT('',(-17.,-16.34));
#1453 = VECTOR('',#1454,1.);
#1454 = DIRECTION('',(-1.,0.));
#1455 = ( GEOMETRIC_REPRESENTATION_CONTEXT(2) 
PARAMETRIC_REPRESENTATION_CONTEXT() REPRESENTATION_CONTEXT('2D SPACE',''
  ) );
#1456 = PCURVE('',#1457,#1462);
#1457 = PLANE('',#1458);
#1458 = AXIS2_PLACEMENT_3D('',#1459,#1460,#1461);
#1459 = CARTESIAN_POINT('',(5.,-32.16,26.));
#1460 = DIRECTION('',(-0.,1.,-0.));
#1461 = DIRECTION('',(0.,0.,1.));
#1462 = DEFINITIONAL_REPRESENTATION('',(#1463),#1467);
#1463 = LINE('',#1464,#1465);
#1464 = CARTESIAN_POINT('',(0.,17.));
#1465 = VECTOR('',#1466,1.);
#1466 = DIRECTION('',(-0.,-1.));
#1467 = ( GEOMETRIC_REPRESENTATION_CONTEXT(2) 
PARAMETRIC_REPRESENTATION_CONTEXT() REPRESENTATION_CONTEXT('2D SPACE',''
  ) );
#1468 = ORIENTED_EDGE('',*,*,#1469,.F.);
#1469 = EDGE_CURVE('',#513,#1442,#1470,.T.);
#1470 = SURFACE_CURVE('',#1471,(#1475,#1482),.PCURVE_S1.);
#1471 = LINE('',#1472,#1473);
#1472 = CARTESIAN_POINT('',(5.,-48.5,26.));
#1473 = VECTOR('',#1474,1.);
#1474 = DIRECTION('',(-0.,1.,-0.));
#1475 = PCURVE('',#556,#1476);
#1476 = DEFINITIONAL_REPRESENTATION('',(#1477),#1481);
#1477 = LINE('',#1478,#1479);
#1478 = CARTESIAN_POINT('',(-34.,0.));
#1479 = VECTOR('',#1480,1.);
#1480 = DIRECTION('',(-0.,-1.));
#1481 = ( GEOMETRIC_REPRESENTATION_CONTEXT(2) 
PARAMETRIC_REPRESENTATION_CONTEXT() REPRESENTATION_CONTEXT('2D SPACE',''
  ) );
#1482 = PCURVE('',#528,#1483);
#1483 = DEFINITIONAL_REPRESENTATION('',(#1484),#1488);
#1484 = LINE('',#1485,#1486);
#1485 = CARTESIAN_POINT('',(-0.,-0.));
#1486 = VECTOR('',#1487,1.);
#1487 = DIRECTION('',(-0.,-1.));
#1488 = ( GEOMETRIC_REPRESENTATION_CONTEXT(2) 
PARAMETRIC_REPRESENTATION_CONTEXT() REPRESENTATION_CONTEXT('2D SPACE',''
  ) );
#1489 = ADVANCED_FACE('',(#1490),#378,.F.);
#1490 = FACE_BOUND('',#1491,.T.);
#1491 = EDGE_LOOP('',(#1492,#1493,#1494,#1495));
#1492 = ORIENTED_EDGE('',*,*,#362,.F.);
#1493 = ORIENTED_EDGE('',*,*,#731,.T.);
#1494 = ORIENTED_EDGE('',*,*,#781,.T.);
#1495 = ORIENTED_EDGE('',*,*,#1496,.F.);
#1496 = EDGE_CURVE('',#363,#782,#1497,.T.);
#1497 = SURFACE_CURVE('',#1498,(#1502,#1509),.PCURVE_S1.);
#1498 = LINE('',#1499,#1500);
#1499 = CARTESIAN_POINT('',(32.2,-48.5,-4.440892098501E-16));
#1500 = VECTOR('',#1501,1.);
#1501 = DIRECTION('',(-0.,1.,-0.));
#1502 = PCURVE('',#378,#1503);
#1503 = DEFINITIONAL_REPRESENTATION('',(#1504),#1508);
#1504 = LINE('',#1505,#1506);
#1505 = CARTESIAN_POINT('',(-32.2,-0.));
#1506 = VECTOR('',#1507,1.);
#1507 = DIRECTION('',(-0.,-1.));
#1508 = ( GEOMETRIC_REPRESENTATION_CONTEXT(2) 
PARAMETRIC_REPRESENTATION_CONTEXT() REPRESENTATION_CONTEXT('2D SPACE',''
  ) );
#1509 = PCURVE('',#411,#1510);
#1510 = DEFINITIONAL_REPRESENTATION('',(#1511),#1515);
#1511 = LINE('',#1512,#1513);
#1512 = CARTESIAN_POINT('',(-0.,0.));
#1513 = VECTOR('',#1514,1.);
#1514 = DIRECTION('',(-0.,1.));
#1515 = ( GEOMETRIC_REPRESENTATION_CONTEXT(2) 
PARAMETRIC_REPRESENTATION_CONTEXT() REPRESENTATION_CONTEXT('2D SPACE',''
  ) );
#1516 = ADVANCED_FACE('',(#1517),#528,.T.);
#1517 = FACE_BOUND('',#1518,.F.);
#1518 = EDGE_LOOP('',(#1519,#1520,#1521,#1544,#1567,#1588,#1589,#1590));
#1519 = ORIENTED_EDGE('',*,*,#512,.F.);
#1520 = ORIENTED_EDGE('',*,*,#1469,.T.);
#1521 = ORIENTED_EDGE('',*,*,#1522,.T.);
#1522 = EDGE_CURVE('',#1442,#1523,#1525,.T.);
#1523 = VERTEX_POINT('',#1524);
#1524 = CARTESIAN_POINT('',(5.,-32.16,23.));
#1525 = SURFACE_CURVE('',#1526,(#1530,#1537),.PCURVE_S1.);
#1526 = LINE('',#1527,#1528);
#1527 = CARTESIAN_POINT('',(5.,-32.16,26.));
#1528 = VECTOR('',#1529,1.);
#1529 = DIRECTION('',(-0.,-0.,-1.));
#1530 = PCURVE('',#528,#1531);
#1531 = DEFINITIONAL_REPRESENTATION('',(#1532),#1536);
#1532 = LINE('',#1533,#1534);
#1533 = CARTESIAN_POINT('',(-0.,-16.34));
#1534 = VECTOR('',#1535,1.);
#1535 = DIRECTION('',(-1.,0.));
#1536 = ( GEOMETRIC_REPRESENTATION_CONTEXT(2) 
PARAMETRIC_REPRESENTATION_CONTEXT() REPRESENTATION_CONTEXT('2D SPACE',''
  ) );
#1537 = PCURVE('',#1457,#1538);
#1538 = DEFINITIONAL_REPRESENTATION('',(#1539),#1543);
#1539 = LINE('',#1540,#1541);
#1540 = CARTESIAN_POINT('',(0.,-0.));
#1541 = VECTOR('',#1542,1.);
#1542 = DIRECTION('',(-1.,0.));
#1543 = ( GEOMETRIC_REPRESENTATION_CONTEXT(2) 
PARAMETRIC_REPRESENTATION_CONTEXT() REPRESENTATION_CONTEXT('2D SPACE',''
  ) );
#1544 = ORIENTED_EDGE('',*,*,#1545,.F.);
#1545 = EDGE_CURVE('',#1546,#1523,#1548,.T.);
#1546 = VERTEX_POINT('',#1547);
#1547 = CARTESIAN_POINT('',(5.,-22.16,23.));
#1548 = SURFACE_CURVE('',#1549,(#1553,#1560),.PCURVE_S1.);
#1549 = LINE('',#1550,#1551);
#1550 = CARTESIAN_POINT('',(5.,-32.16,23.));
#1551 = VECTOR('',#1552,1.);
#1552 = DIRECTION('',(-0.,-1.,-0.));
#1553 = PCURVE('',#528,#1554);
#1554 = DEFINITIONAL_REPRESENTATION('',(#1555),#1559);
#1555 = LINE('',#1556,#1557);
#1556 = CARTESIAN_POINT('',(-3.,-16.34));
#1557 = VECTOR('',#1558,1.);
#1558 = DIRECTION('',(-0.,1.));
#1559 = ( GEOMETRIC_REPRESENTATION_CONTEXT(2) 
PARAMETRIC_REPRESENTATION_CONTEXT() REPRESENTATION_CONTEXT('2D SPACE',''
  ) );
#1560 = PCURVE('',#1429,#1561);
#1561 = DEFINITIONAL_REPRESENTATION('',(#1562),#1566);
#1562 = LINE('',#1563,#1564);
#1563 = CARTESIAN_POINT('',(4.712388980385,0.));
#1564 = VECTOR('',#1565,1.);
#1565 = DIRECTION('',(0.,1.));
#1566 = ( GEOMETRIC_REPRESENTATION_CONTEXT(2) 
PARAMETRIC_REPRESENTATION_CONTEXT() REPRESENTATION_CONTEXT('2D SPACE',''
  ) );
#1567 = ORIENTED_EDGE('',*,*,#1568,.F.);
#1568 = EDGE_CURVE('',#1251,#1546,#1569,.T.);
#1569 = SURFACE_CURVE('',#1570,(#1574,#1581),.PCURVE_S1.);
#1570 = LINE('',#1571,#1572);
#1571 = CARTESIAN_POINT('',(5.,-22.16,26.));
#1572 = VECTOR('',#1573,1.);
#1573 = DIRECTION('',(-0.,-0.,-1.));
#1574 = PCURVE('',#528,#1575);
#1575 = DEFINITIONAL_REPRESENTATION('',(#1576),#1580);
#1576 = LINE('',#1577,#1578);
#1577 = CARTESIAN_POINT('',(-0.,-26.34));
#1578 = VECTOR('',#1579,1.);
#1579 = DIRECTION('',(-1.,0.));
#1580 = ( GEOMETRIC_REPRESENTATION_CONTEXT(2) 
PARAMETRIC_REPRESENTATION_CONTEXT() REPRESENTATION_CONTEXT('2D SPACE',''
  ) );
#1581 = PCURVE('',#1289,#1582);
#1582 = DEFINITIONAL_REPRESENTATION('',(#1583),#1587);
#1583 = LINE('',#1584,#1585);
#1584 = CARTESIAN_POINT('',(0.,-0.));
#1585 = VECTOR('',#1586,1.);
#1586 = DIRECTION('',(-1.,0.));
#1587 = ( GEOMETRIC_REPRESENTATION_CONTEXT(2) 
PARAMETRIC_REPRESENTATION_CONTEXT() REPRESENTATION_CONTEXT('2D SPACE',''
  ) );
#1588 = ORIENTED_EDGE('',*,*,#1250,.T.);
#1589 = ORIENTED_EDGE('',*,*,#906,.T.);
#1590 = ORIENTED_EDGE('',*,*,#1591,.F.);
#1591 = EDGE_CURVE('',#485,#884,#1592,.T.);
#1592 = SURFACE_CURVE('',#1593,(#1597,#1604),.PCURVE_S1.);
#1593 = LINE('',#1594,#1595);
#1594 = CARTESIAN_POINT('',(5.,-48.5,5.));
#1595 = VECTOR('',#1596,1.);
#1596 = DIRECTION('',(-0.,1.,-0.));
#1597 = PCURVE('',#528,#1598);
#1598 = DEFINITIONAL_REPRESENTATION('',(#1599),#1603);
#1599 = LINE('',#1600,#1601);
#1600 = CARTESIAN_POINT('',(-21.,0.));
#1601 = VECTOR('',#1602,1.);
#1602 = DIRECTION('',(-0.,-1.));
#1603 = ( GEOMETRIC_REPRESENTATION_CONTEXT(2) 
PARAMETRIC_REPRESENTATION_CONTEXT() REPRESENTATION_CONTEXT('2D SPACE',''
  ) );
#1604 = PCURVE('',#500,#1605);
#1605 = DEFINITIONAL_REPRESENTATION('',(#1606),#1610);
#1606 = LINE('',#1607,#1608);
#1607 = CARTESIAN_POINT('',(-0.,-0.));
#1608 = VECTOR('',#1609,1.);
#1609 = DIRECTION('',(-0.,-1.));
#1610 = ( GEOMETRIC_REPRESENTATION_CONTEXT(2) 
PARAMETRIC_REPRESENTATION_CONTEXT() REPRESENTATION_CONTEXT('2D SPACE',''
  ) );
#1611 = ADVANCED_FACE('',(#1612),#411,.T.);
#1612 = FACE_BOUND('',#1613,.F.);
#1613 = EDGE_LOOP('',(#1614,#1615,#1636,#1637));
#1614 = ORIENTED_EDGE('',*,*,#390,.T.);
#1615 = ORIENTED_EDGE('',*,*,#1616,.T.);
#1616 = EDGE_CURVE('',#391,#805,#1617,.T.);
#1617 = SURFACE_CURVE('',#1618,(#1622,#1629),.PCURVE_S1.);
#1618 = LINE('',#1619,#1620);
#1619 = CARTESIAN_POINT('',(34.,-48.5,1.8));
#1620 = VECTOR('',#1621,1.);
#1621 = DIRECTION('',(-0.,1.,-0.));
#1622 = PCURVE('',#411,#1623);
#1623 = DEFINITIONAL_REPRESENTATION('',(#1624),#1628);
#1624 = LINE('',#1625,#1626);
#1625 = CARTESIAN_POINT('',(-1.570796326795,0.));
#1626 = VECTOR('',#1627,1.);
#1627 = DIRECTION('',(-0.,1.));
#1628 = ( GEOMETRIC_REPRESENTATION_CONTEXT(2) 
PARAMETRIC_REPRESENTATION_CONTEXT() REPRESENTATION_CONTEXT('2D SPACE',''
  ) );
#1629 = PCURVE('',#439,#1630);
#1630 = DEFINITIONAL_REPRESENTATION('',(#1631),#1635);
#1631 = LINE('',#1632,#1633);
#1632 = CARTESIAN_POINT('',(-1.8,-0.));
#1633 = VECTOR('',#1634,1.);
#1634 = DIRECTION('',(-0.,-1.));
#1635 = ( GEOMETRIC_REPRESENTATION_CONTEXT(2) 
PARAMETRIC_REPRESENTATION_CONTEXT() REPRESENTATION_CONTEXT('2D SPACE',''
  ) );
#1636 = ORIENTED_EDGE('',*,*,#804,.F.);
#1637 = ORIENTED_EDGE('',*,*,#1496,.F.);
#1638 = ADVANCED_FACE('',(#1639),#500,.T.);
#1639 = FACE_BOUND('',#1640,.F.);
#1640 = EDGE_LOOP('',(#1641,#1642,#1643,#1644));
#1641 = ORIENTED_EDGE('',*,*,#484,.F.);
#1642 = ORIENTED_EDGE('',*,*,#1591,.T.);
#1643 = ORIENTED_EDGE('',*,*,#883,.T.);
#1644 = ORIENTED_EDGE('',*,*,#1645,.T.);
#1645 = EDGE_CURVE('',#856,#452,#1646,.T.);
#1646 = SURFACE_CURVE('',#1647,(#1651,#1658),.PCURVE_S1.);
#1647 = LINE('',#1648,#1649);
#1648 = CARTESIAN_POINT('',(32.2,48.5,5.));
#1649 = VECTOR('',#1650,1.);
#1650 = DIRECTION('',(-0.,-1.,-0.));
#1651 = PCURVE('',#500,#1652);
#1652 = DEFINITIONAL_REPRESENTATION('',(#1653),#1657);
#1653 = LINE('',#1654,#1655);
#1654 = CARTESIAN_POINT('',(-27.2,-97.));
#1655 = VECTOR('',#1656,1.);
#1656 = DIRECTION('',(-0.,1.));
#1657 = ( GEOMETRIC_REPRESENTATION_CONTEXT(2) 
PARAMETRIC_REPRESENTATION_CONTEXT() REPRESENTATION_CONTEXT('2D SPACE',''
  ) );
#1658 = PCURVE('',#472,#1659);
#1659 = DEFINITIONAL_REPRESENTATION('',(#1660),#1664);
#1660 = LINE('',#1661,#1662);
#1661 = CARTESIAN_POINT('',(1.570796326795,0.));
#1662 = VECTOR('',#1663,1.);
#1663 = DIRECTION('',(0.,1.));
#1664 = ( GEOMETRIC_REPRESENTATION_CONTEXT(2) 
PARAMETRIC_REPRESENTATION_CONTEXT() REPRESENTATION_CONTEXT('2D SPACE',''
  ) );
#1665 = ADVANCED_FACE('',(#1666),#439,.F.);
#1666 = FACE_BOUND('',#1667,.T.);
#1667 = EDGE_LOOP('',(#1668,#1669,#1670,#1671));
#1668 = ORIENTED_EDGE('',*,*,#423,.F.);
#1669 = ORIENTED_EDGE('',*,*,#1616,.T.);
#1670 = ORIENTED_EDGE('',*,*,#832,.T.);
#1671 = ORIENTED_EDGE('',*,*,#1672,.T.);
#1672 = EDGE_CURVE('',#833,#424,#1673,.T.);
#1673 = SURFACE_CURVE('',#1674,(#1678,#1685),.PCURVE_S1.);
#1674 = LINE('',#1675,#1676);
#1675 = CARTESIAN_POINT('',(34.,48.5,3.2));
#1676 = VECTOR('',#1677,1.);
#1677 = DIRECTION('',(-0.,-1.,-0.));
#1678 = PCURVE('',#439,#1679);
#1679 = DEFINITIONAL_REPRESENTATION('',(#1680),#1684);
#1680 = LINE('',#1681,#1682);
#1681 = CARTESIAN_POINT('',(-3.2,-97.));
#1682 = VECTOR('',#1683,1.);
#1683 = DIRECTION('',(-0.,1.));
#1684 = ( GEOMETRIC_REPRESENTATION_CONTEXT(2) 
PARAMETRIC_REPRESENTATION_CONTEXT() REPRESENTATION_CONTEXT('2D SPACE',''
  ) );
#1685 = PCURVE('',#472,#1686);
#1686 = DEFINITIONAL_REPRESENTATION('',(#1687),#1691);
#1687 = LINE('',#1688,#1689);
#1688 = CARTESIAN_POINT('',(0.,0.));
#1689 = VECTOR('',#1690,1.);
#1690 = DIRECTION('',(0.,1.));
#1691 = ( GEOMETRIC_REPRESENTATION_CONTEXT(2) 
PARAMETRIC_REPRESENTATION_CONTEXT() REPRESENTATION_CONTEXT('2D SPACE',''
  ) );
#1692 = ADVANCED_FACE('',(#1693),#472,.T.);
#1693 = FACE_BOUND('',#1694,.T.);
#1694 = EDGE_LOOP('',(#1695,#1696,#1697,#1698));
#1695 = ORIENTED_EDGE('',*,*,#855,.T.);
#1696 = ORIENTED_EDGE('',*,*,#1645,.T.);
#1697 = ORIENTED_EDGE('',*,*,#451,.F.);
#1698 = ORIENTED_EDGE('',*,*,#1672,.F.);
#1699 = ADVANCED_FACE('',(#1700),#1065,.T.);
#1700 = FACE_BOUND('',#1701,.F.);
#1701 = EDGE_LOOP('',(#1702,#1725,#1756,#1757));
#1702 = ORIENTED_EDGE('',*,*,#1703,.T.);
#1703 = EDGE_CURVE('',#1025,#1704,#1706,.T.);
#1704 = VERTEX_POINT('',#1705);
#1705 = CARTESIAN_POINT('',(-9.,30.,10.75));
#1706 = SEAM_CURVE('',#1707,(#1711,#1718),.PCURVE_S1.);
#1707 = LINE('',#1708,#1709);
#1708 = CARTESIAN_POINT('',(0.,30.,10.75));
#1709 = VECTOR('',#1710,1.);
#1710 = DIRECTION('',(-1.,-0.,-0.));
#1711 = PCURVE('',#1065,#1712);
#1712 = DEFINITIONAL_REPRESENTATION('',(#1713),#1717);
#1713 = LINE('',#1714,#1715);
#1714 = CARTESIAN_POINT('',(-6.28318530718,-0.));
#1715 = VECTOR('',#1716,1.);
#1716 = DIRECTION('',(-0.,1.));
#1717 = ( GEOMETRIC_REPRESENTATION_CONTEXT(2) 
PARAMETRIC_REPRESENTATION_CONTEXT() REPRESENTATION_CONTEXT('2D SPACE',''
  ) );
#1718 = PCURVE('',#1065,#1719);
#1719 = DEFINITIONAL_REPRESENTATION('',(#1720),#1724);
#1720 = LINE('',#1721,#1722);
#1721 = CARTESIAN_POINT('',(-0.,-0.));
#1722 = VECTOR('',#1723,1.);
#1723 = DIRECTION('',(-0.,1.));
#1724 = ( GEOMETRIC_REPRESENTATION_CONTEXT(2) 
PARAMETRIC_REPRESENTATION_CONTEXT() REPRESENTATION_CONTEXT('2D SPACE',''
  ) );
#1725 = ORIENTED_EDGE('',*,*,#1726,.F.);
#1726 = EDGE_CURVE('',#1704,#1704,#1727,.T.);
#1727 = SURFACE_CURVE('',#1728,(#1733,#1740),.PCURVE_S1.);
#1728 = CIRCLE('',#1729,4.75);
#1729 = AXIS2_PLACEMENT_3D('',#1730,#1731,#1732);
#1730 = CARTESIAN_POINT('',(-9.,30.,15.5));
#1731 = DIRECTION('',(1.,0.,-0.));
#1732 = DIRECTION('',(-0.,-0.,-1.));
#1733 = PCURVE('',#1065,#1734);
#1734 = DEFINITIONAL_REPRESENTATION('',(#1735),#1739);
#1735 = LINE('',#1736,#1737);
#1736 = CARTESIAN_POINT('',(-0.,9.));
#1737 = VECTOR('',#1738,1.);
#1738 = DIRECTION('',(-1.,0.));
#1739 = ( GEOMETRIC_REPRESENTATION_CONTEXT(2) 
PARAMETRIC_REPRESENTATION_CONTEXT() REPRESENTATION_CONTEXT('2D SPACE',''
  ) );
#1740 = PCURVE('',#1741,#1746);
#1741 = PLANE('',#1742);
#1742 = AXIS2_PLACEMENT_3D('',#1743,#1744,#1745);
#1743 = CARTESIAN_POINT('',(-9.,30.,15.5));
#1744 = DIRECTION('',(-1.,-0.,-0.));
#1745 = DIRECTION('',(0.,0.,1.));
#1746 = DEFINITIONAL_REPRESENTATION('',(#1747),#1755);
#1747 = ( BOUNDED_CURVE() B_SPLINE_CURVE(2,(#1748,#1749,#1750,#1751,
#1752,#1753,#1754),.UNSPECIFIED.,.T.,.F.) B_SPLINE_CURVE_WITH_KNOTS((1,2
    ,2,2,2,1),(-2.094395102393,0.,2.094395102393,4.188790204786,
6.28318530718,8.377580409573),.UNSPECIFIED.) CURVE() 
GEOMETRIC_REPRESENTATION_ITEM() RATIONAL_B_SPLINE_CURVE((1.,0.5,1.,0.5,
1.,0.5,1.)) REPRESENTATION_ITEM('') );
#1748 = CARTESIAN_POINT('',(-4.75,0.));
#1749 = CARTESIAN_POINT('',(-4.75,8.227241335952));
#1750 = CARTESIAN_POINT('',(2.375,4.113620667976));
#1751 = CARTESIAN_POINT('',(9.5,1.16341445919E-15));
#1752 = CARTESIAN_POINT('',(2.375,-4.113620667976));
#1753 = CARTESIAN_POINT('',(-4.75,-8.227241335952));
#1754 = CARTESIAN_POINT('',(-4.75,0.));
#1755 = ( GEOMETRIC_REPRESENTATION_CONTEXT(2) 
PARAMETRIC_REPRESENTATION_CONTEXT() REPRESENTATION_CONTEXT('2D SPACE',''
  ) );
#1756 = ORIENTED_EDGE('',*,*,#1703,.F.);
#1757 = ORIENTED_EDGE('',*,*,#1050,.T.);
#1758 = ADVANCED_FACE('',(#1759,#1762),#1118,.T.);
#1759 = FACE_BOUND('',#1760,.F.);
#1760 = EDGE_LOOP('',(#1761));
#1761 = ORIENTED_EDGE('',*,*,#1103,.T.);
#1762 = FACE_BOUND('',#1763,.F.);
#1763 = EDGE_LOOP('',(#1764));
#1764 = ORIENTED_EDGE('',*,*,#1765,.T.);
#1765 = EDGE_CURVE('',#1766,#1766,#1768,.T.);
#1766 = VERTEX_POINT('',#1767);
#1767 = CARTESIAN_POINT('',(-9.,-30.,17.5));
#1768 = SURFACE_CURVE('',#1769,(#1774,#1781),.PCURVE_S1.);
#1769 = CIRCLE('',#1770,2.);
#1770 = AXIS2_PLACEMENT_3D('',#1771,#1772,#1773);
#1771 = CARTESIAN_POINT('',(-9.,-30.,15.5));
#1772 = DIRECTION('',(-1.,-0.,-0.));
#1773 = DIRECTION('',(-0.,-0.,1.));
#1774 = PCURVE('',#1118,#1775);
#1775 = DEFINITIONAL_REPRESENTATION('',(#1776),#1780);
#1776 = CIRCLE('',#1777,2.);
#1777 = AXIS2_PLACEMENT_2D('',#1778,#1779);
#1778 = CARTESIAN_POINT('',(0.,0.));
#1779 = DIRECTION('',(1.,-0.));
#1780 = ( GEOMETRIC_REPRESENTATION_CONTEXT(2) 
PARAMETRIC_REPRESENTATION_CONTEXT() REPRESENTATION_CONTEXT('2D SPACE',''
  ) );
#1781 = PCURVE('',#1782,#1787);
#1782 = CYLINDRICAL_SURFACE('',#1783,2.);
#1783 = AXIS2_PLACEMENT_3D('',#1784,#1785,#1786);
#1784 = CARTESIAN_POINT('',(-9.,-30.,15.5));
#1785 = DIRECTION('',(1.,-0.,-0.));
#1786 = DIRECTION('',(-0.,-0.,1.));
#1787 = DEFINITIONAL_REPRESENTATION('',(#1788),#1792);
#1788 = LINE('',#1789,#1790);
#1789 = CARTESIAN_POINT('',(-0.,0.));
#1790 = VECTOR('',#1791,1.);
#1791 = DIRECTION('',(-1.,0.));
#1792 = ( GEOMETRIC_REPRESENTATION_CONTEXT(2) 
PARAMETRIC_REPRESENTATION_CONTEXT() REPRESENTATION_CONTEXT('2D SPACE',''
  ) );
#1793 = ADVANCED_FACE('',(#1794),#1457,.T.);
#1794 = FACE_BOUND('',#1795,.F.);
#1795 = EDGE_LOOP('',(#1796,#1797,#1823));
#1796 = ORIENTED_EDGE('',*,*,#1441,.F.);
#1797 = ORIENTED_EDGE('',*,*,#1798,.T.);
#1798 = EDGE_CURVE('',#1414,#1523,#1799,.T.);
#1799 = SURFACE_CURVE('',#1800,(#1805,#1816),.PCURVE_S1.);
#1800 = CIRCLE('',#1801,3.);
#1801 = AXIS2_PLACEMENT_3D('',#1802,#1803,#1804);
#1802 = CARTESIAN_POINT('',(5.,-32.16,26.));
#1803 = DIRECTION('',(-0.,-1.,-0.));
#1804 = DIRECTION('',(1.,-0.,-0.));
#1805 = PCURVE('',#1457,#1806);
#1806 = DEFINITIONAL_REPRESENTATION('',(#1807),#1815);
#1807 = ( BOUNDED_CURVE() B_SPLINE_CURVE(2,(#1808,#1809,#1810,#1811,
#1812,#1813,#1814),.UNSPECIFIED.,.T.,.F.) B_SPLINE_CURVE_WITH_KNOTS((1,2
    ,2,2,2,1),(-2.094395102393,0.,2.094395102393,4.188790204786,
6.28318530718,8.377580409573),.UNSPECIFIED.) CURVE() 
GEOMETRIC_REPRESENTATION_ITEM() RATIONAL_B_SPLINE_CURVE((1.,0.5,1.,0.5,
1.,0.5,1.)) REPRESENTATION_ITEM('') );
#1808 = CARTESIAN_POINT('',(0.,3.));
#1809 = CARTESIAN_POINT('',(5.196152422707,3.));
#1810 = CARTESIAN_POINT('',(2.598076211353,-1.5));
#1811 = CARTESIAN_POINT('',(7.347880794884E-16,-6.));
#1812 = CARTESIAN_POINT('',(-2.598076211353,-1.5));
#1813 = CARTESIAN_POINT('',(-5.196152422707,3.));
#1814 = CARTESIAN_POINT('',(0.,3.));
#1815 = ( GEOMETRIC_REPRESENTATION_CONTEXT(2) 
PARAMETRIC_REPRESENTATION_CONTEXT() REPRESENTATION_CONTEXT('2D SPACE',''
  ) );
#1816 = PCURVE('',#1429,#1817);
#1817 = DEFINITIONAL_REPRESENTATION('',(#1818),#1822);
#1818 = LINE('',#1819,#1820);
#1819 = CARTESIAN_POINT('',(0.,0.));
#1820 = VECTOR('',#1821,1.);
#1821 = DIRECTION('',(1.,0.));
#1822 = ( GEOMETRIC_REPRESENTATION_CONTEXT(2) 
PARAMETRIC_REPRESENTATION_CONTEXT() REPRESENTATION_CONTEXT('2D SPACE',''
  ) );
#1823 = ORIENTED_EDGE('',*,*,#1522,.F.);
#1824 = ADVANCED_FACE('',(#1825),#1429,.F.);
#1825 = FACE_BOUND('',#1826,.F.);
#1826 = EDGE_LOOP('',(#1827,#1828,#1829,#1853,#1881,#1907));
#1827 = ORIENTED_EDGE('',*,*,#1798,.F.);
#1828 = ORIENTED_EDGE('',*,*,#1413,.T.);
#1829 = ORIENTED_EDGE('',*,*,#1830,.F.);
#1830 = EDGE_CURVE('',#1831,#1386,#1833,.T.);
#1831 = VERTEX_POINT('',#1832);
#1832 = CARTESIAN_POINT('',(7.95803989155,-29.1,26.5));
#1833 = SURFACE_CURVE('',#1834,(#1839,#1846),.PCURVE_S1.);
#1834 = CIRCLE('',#1835,3.);
#1835 = AXIS2_PLACEMENT_3D('',#1836,#1837,#1838);
#1836 = CARTESIAN_POINT('',(5.,-29.1,26.));
#1837 = DIRECTION('',(0.,1.,-0.));
#1838 = DIRECTION('',(1.,-0.,-0.));
#1839 = PCURVE('',#1429,#1840);
#1840 = DEFINITIONAL_REPRESENTATION('',(#1841),#1845);
#1841 = LINE('',#1842,#1843);
#1842 = CARTESIAN_POINT('',(6.28318530718,-3.06));
#1843 = VECTOR('',#1844,1.);
#1844 = DIRECTION('',(-1.,0.));
#1845 = ( GEOMETRIC_REPRESENTATION_CONTEXT(2) 
PARAMETRIC_REPRESENTATION_CONTEXT() REPRESENTATION_CONTEXT('2D SPACE',''
  ) );
#1846 = PCURVE('',#1401,#1847);
#1847 = DEFINITIONAL_REPRESENTATION('',(#1848),#1852);
#1848 = CIRCLE('',#1849,3.);
#1849 = AXIS2_PLACEMENT_2D('',#1850,#1851);
#1850 = CARTESIAN_POINT('',(0.,-14.5));
#1851 = DIRECTION('',(-0.,1.));
#1852 = ( GEOMETRIC_REPRESENTATION_CONTEXT(2) 
PARAMETRIC_REPRESENTATION_CONTEXT() REPRESENTATION_CONTEXT('2D SPACE',''
  ) );
#1853 = ORIENTED_EDGE('',*,*,#1854,.F.);
#1854 = EDGE_CURVE('',#1855,#1831,#1857,.T.);
#1855 = VERTEX_POINT('',#1856);
#1856 = CARTESIAN_POINT('',(7.95803989155,-22.16,26.5));
#1857 = SURFACE_CURVE('',#1858,(#1862,#1869),.PCURVE_S1.);
#1858 = LINE('',#1859,#1860);
#1859 = CARTESIAN_POINT('',(7.95803989155,-32.16,26.5));
#1860 = VECTOR('',#1861,1.);
#1861 = DIRECTION('',(-0.,-1.,-0.));
#1862 = PCURVE('',#1429,#1863);
#1863 = DEFINITIONAL_REPRESENTATION('',(#1864),#1868);
#1864 = LINE('',#1865,#1866);
#1865 = CARTESIAN_POINT('',(0.16744807922,0.));
#1866 = VECTOR('',#1867,1.);
#1867 = DIRECTION('',(0.,1.));
#1868 = ( GEOMETRIC_REPRESENTATION_CONTEXT(2) 
PARAMETRIC_REPRESENTATION_CONTEXT() REPRESENTATION_CONTEXT('2D SPACE',''
  ) );
#1869 = PCURVE('',#1870,#1875);
#1870 = PLANE('',#1871);
#1871 = AXIS2_PLACEMENT_3D('',#1872,#1873,#1874);
#1872 = CARTESIAN_POINT('',(32.,-29.1,26.5));
#1873 = DIRECTION('',(-0.,0.,-1.));
#1874 = DIRECTION('',(1.,0.,0.));
#1875 = DEFINITIONAL_REPRESENTATION('',(#1876),#1880);
#1876 = LINE('',#1877,#1878);
#1877 = CARTESIAN_POINT('',(-24.04196010845,3.06));
#1878 = VECTOR('',#1879,1.);
#1879 = DIRECTION('',(-0.,1.));
#1880 = ( GEOMETRIC_REPRESENTATION_CONTEXT(2) 
PARAMETRIC_REPRESENTATION_CONTEXT() REPRESENTATION_CONTEXT('2D SPACE',''
  ) );
#1881 = ORIENTED_EDGE('',*,*,#1882,.T.);
#1882 = EDGE_CURVE('',#1855,#1546,#1883,.T.);
#1883 = SURFACE_CURVE('',#1884,(#1889,#1896),.PCURVE_S1.);
#1884 = CIRCLE('',#1885,3.);
#1885 = AXIS2_PLACEMENT_3D('',#1886,#1887,#1888);
#1886 = CARTESIAN_POINT('',(5.,-22.16,26.));
#1887 = DIRECTION('',(-0.,-1.,-0.));
#1888 = DIRECTION('',(1.,-0.,-0.));
#1889 = PCURVE('',#1429,#1890);
#1890 = DEFINITIONAL_REPRESENTATION('',(#1891),#1895);
#1891 = LINE('',#1892,#1893);
#1892 = CARTESIAN_POINT('',(0.,-10.));
#1893 = VECTOR('',#1894,1.);
#1894 = DIRECTION('',(1.,0.));
#1895 = ( GEOMETRIC_REPRESENTATION_CONTEXT(2) 
PARAMETRIC_REPRESENTATION_CONTEXT() REPRESENTATION_CONTEXT('2D SPACE',''
  ) );
#1896 = PCURVE('',#1289,#1897);
#1897 = DEFINITIONAL_REPRESENTATION('',(#1898),#1906);
#1898 = ( BOUNDED_CURVE() B_SPLINE_CURVE(2,(#1899,#1900,#1901,#1902,
#1903,#1904,#1905),.UNSPECIFIED.,.T.,.F.) B_SPLINE_CURVE_WITH_KNOTS((1,2
    ,2,2,2,1),(-2.094395102393,0.,2.094395102393,4.188790204786,
6.28318530718,8.377580409573),.UNSPECIFIED.) CURVE() 
GEOMETRIC_REPRESENTATION_ITEM() RATIONAL_B_SPLINE_CURVE((1.,0.5,1.,0.5,
1.,0.5,1.)) REPRESENTATION_ITEM('') );
#1899 = CARTESIAN_POINT('',(0.,3.));
#1900 = CARTESIAN_POINT('',(5.196152422707,3.));
#1901 = CARTESIAN_POINT('',(2.598076211353,-1.5));
#1902 = CARTESIAN_POINT('',(7.347880794884E-16,-6.));
#1903 = CARTESIAN_POINT('',(-2.598076211353,-1.5));
#1904 = CARTESIAN_POINT('',(-5.196152422707,3.));
#1905 = CARTESIAN_POINT('',(0.,3.));
#1906 = ( GEOMETRIC_REPRESENTATION_CONTEXT(2) 
PARAMETRIC_REPRESENTATION_CONTEXT() REPRESENTATION_CONTEXT('2D SPACE',''
  ) );
#1907 = ORIENTED_EDGE('',*,*,#1545,.T.);
#1908 = ADVANCED_FACE('',(#1909),#1401,.T.);
#1909 = FACE_BOUND('',#1910,.F.);
#1910 = EDGE_LOOP('',(#1911,#1912,#1935,#1956));
#1911 = ORIENTED_EDGE('',*,*,#1385,.F.);
#1912 = ORIENTED_EDGE('',*,*,#1913,.T.);
#1913 = EDGE_CURVE('',#1358,#1914,#1916,.T.);
#1914 = VERTEX_POINT('',#1915);
#1915 = CARTESIAN_POINT('',(32.,-29.1,26.5));
#1916 = SURFACE_CURVE('',#1917,(#1921,#1928),.PCURVE_S1.);
#1917 = LINE('',#1918,#1919);
#1918 = CARTESIAN_POINT('',(32.,-29.1,25.5));
#1919 = VECTOR('',#1920,1.);
#1920 = DIRECTION('',(-0.,-0.,1.));
#1921 = PCURVE('',#1401,#1922);
#1922 = DEFINITIONAL_REPRESENTATION('',(#1923),#1927);
#1923 = LINE('',#1924,#1925);
#1924 = CARTESIAN_POINT('',(-0.5,12.5));
#1925 = VECTOR('',#1926,1.);
#1926 = DIRECTION('',(1.,-0.));
#1927 = ( GEOMETRIC_REPRESENTATION_CONTEXT(2) 
PARAMETRIC_REPRESENTATION_CONTEXT() REPRESENTATION_CONTEXT('2D SPACE',''
  ) );
#1928 = PCURVE('',#1373,#1929);
#1929 = DEFINITIONAL_REPRESENTATION('',(#1930),#1934);
#1930 = LINE('',#1931,#1932);
#1931 = CARTESIAN_POINT('',(-0.,-0.));
#1932 = VECTOR('',#1933,1.);
#1933 = DIRECTION('',(-1.,-0.));
#1934 = ( GEOMETRIC_REPRESENTATION_CONTEXT(2) 
PARAMETRIC_REPRESENTATION_CONTEXT() REPRESENTATION_CONTEXT('2D SPACE',''
  ) );
#1935 = ORIENTED_EDGE('',*,*,#1936,.T.);
#1936 = EDGE_CURVE('',#1914,#1831,#1937,.T.);
#1937 = SURFACE_CURVE('',#1938,(#1942,#1949),.PCURVE_S1.);
#1938 = LINE('',#1939,#1940);
#1939 = CARTESIAN_POINT('',(32.,-29.1,26.5));
#1940 = VECTOR('',#1941,1.);
#1941 = DIRECTION('',(-1.,-0.,-0.));
#1942 = PCURVE('',#1401,#1943);
#1943 = DEFINITIONAL_REPRESENTATION('',(#1944),#1948);
#1944 = LINE('',#1945,#1946);
#1945 = CARTESIAN_POINT('',(0.5,12.5));
#1946 = VECTOR('',#1947,1.);
#1947 = DIRECTION('',(-0.,-1.));
#1948 = ( GEOMETRIC_REPRESENTATION_CONTEXT(2) 
PARAMETRIC_REPRESENTATION_CONTEXT() REPRESENTATION_CONTEXT('2D SPACE',''
  ) );
#1949 = PCURVE('',#1870,#1950);
#1950 = DEFINITIONAL_REPRESENTATION('',(#1951),#1955);
#1951 = LINE('',#1952,#1953);
#1952 = CARTESIAN_POINT('',(-0.,-0.));
#1953 = VECTOR('',#1954,1.);
#1954 = DIRECTION('',(-1.,0.));
#1955 = ( GEOMETRIC_REPRESENTATION_CONTEXT(2) 
PARAMETRIC_REPRESENTATION_CONTEXT() REPRESENTATION_CONTEXT('2D SPACE',''
  ) );
#1956 = ORIENTED_EDGE('',*,*,#1830,.T.);
#1957 = ADVANCED_FACE('',(#1958),#1373,.T.);
#1958 = FACE_BOUND('',#1959,.F.);
#1959 = EDGE_LOOP('',(#1960,#1961,#1962,#1985));
#1960 = ORIENTED_EDGE('',*,*,#1913,.F.);
#1961 = ORIENTED_EDGE('',*,*,#1357,.F.);
#1962 = ORIENTED_EDGE('',*,*,#1963,.T.);
#1963 = EDGE_CURVE('',#1330,#1964,#1966,.T.);
#1964 = VERTEX_POINT('',#1965);
#1965 = CARTESIAN_POINT('',(32.,29.1,26.5));
#1966 = SURFACE_CURVE('',#1967,(#1971,#1978),.PCURVE_S1.);
#1967 = LINE('',#1968,#1969);
#1968 = CARTESIAN_POINT('',(32.,29.1,25.5));
#1969 = VECTOR('',#1970,1.);
#1970 = DIRECTION('',(-0.,-0.,1.));
#1971 = PCURVE('',#1373,#1972);
#1972 = DEFINITIONAL_REPRESENTATION('',(#1973),#1977);
#1973 = LINE('',#1974,#1975);
#1974 = CARTESIAN_POINT('',(-0.,-58.2));
#1975 = VECTOR('',#1976,1.);
#1976 = DIRECTION('',(-1.,-0.));
#1977 = ( GEOMETRIC_REPRESENTATION_CONTEXT(2) 
PARAMETRIC_REPRESENTATION_CONTEXT() REPRESENTATION_CONTEXT('2D SPACE',''
  ) );
#1978 = PCURVE('',#1345,#1979);
#1979 = DEFINITIONAL_REPRESENTATION('',(#1980),#1984);
#1980 = LINE('',#1981,#1982);
#1981 = CARTESIAN_POINT('',(-0.5,12.5));
#1982 = VECTOR('',#1983,1.);
#1983 = DIRECTION('',(1.,-0.));
#1984 = ( GEOMETRIC_REPRESENTATION_CONTEXT(2) 
PARAMETRIC_REPRESENTATION_CONTEXT() REPRESENTATION_CONTEXT('2D SPACE',''
  ) );
#1985 = ORIENTED_EDGE('',*,*,#1986,.F.);
#1986 = EDGE_CURVE('',#1914,#1964,#1987,.T.);
#1987 = SURFACE_CURVE('',#1988,(#1992,#1999),.PCURVE_S1.);
#1988 = LINE('',#1989,#1990);
#1989 = CARTESIAN_POINT('',(32.,-29.1,26.5));
#1990 = VECTOR('',#1991,1.);
#1991 = DIRECTION('',(-0.,1.,-0.));
#1992 = PCURVE('',#1373,#1993);
#1993 = DEFINITIONAL_REPRESENTATION('',(#1994),#1998);
#1994 = LINE('',#1995,#1996);
#1995 = CARTESIAN_POINT('',(-1.,-0.));
#1996 = VECTOR('',#1997,1.);
#1997 = DIRECTION('',(-0.,-1.));
#1998 = ( GEOMETRIC_REPRESENTATION_CONTEXT(2) 
PARAMETRIC_REPRESENTATION_CONTEXT() REPRESENTATION_CONTEXT('2D SPACE',''
  ) );
#1999 = PCURVE('',#1870,#2000);
#2000 = DEFINITIONAL_REPRESENTATION('',(#2001),#2005);
#2001 = LINE('',#2002,#2003);
#2002 = CARTESIAN_POINT('',(-0.,-0.));
#2003 = VECTOR('',#2004,1.);
#2004 = DIRECTION('',(-0.,-1.));
#2005 = ( GEOMETRIC_REPRESENTATION_CONTEXT(2) 
PARAMETRIC_REPRESENTATION_CONTEXT() REPRESENTATION_CONTEXT('2D SPACE',''
  ) );
#2006 = ADVANCED_FACE('',(#2007),#1345,.F.);
#2007 = FACE_BOUND('',#2008,.T.);
#2008 = EDGE_LOOP('',(#2009,#2032,#2033,#2034));
#2009 = ORIENTED_EDGE('',*,*,#2010,.T.);
#2010 = EDGE_CURVE('',#2011,#1302,#2013,.T.);
#2011 = VERTEX_POINT('',#2012);
#2012 = CARTESIAN_POINT('',(7.,29.1,26.5));
#2013 = SURFACE_CURVE('',#2014,(#2018,#2025),.PCURVE_S1.);
#2014 = LINE('',#2015,#2016);
#2015 = CARTESIAN_POINT('',(7.,29.1,26.5));
#2016 = VECTOR('',#2017,1.);
#2017 = DIRECTION('',(-0.,-0.,-1.));
#2018 = PCURVE('',#1345,#2019);
#2019 = DEFINITIONAL_REPRESENTATION('',(#2020),#2024);
#2020 = LINE('',#2021,#2022);
#2021 = CARTESIAN_POINT('',(0.5,-12.5));
#2022 = VECTOR('',#2023,1.);
#2023 = DIRECTION('',(-1.,0.));
#2024 = ( GEOMETRIC_REPRESENTATION_CONTEXT(2) 
PARAMETRIC_REPRESENTATION_CONTEXT() REPRESENTATION_CONTEXT('2D SPACE',''
  ) );
#2025 = PCURVE('',#1317,#2026);
#2026 = DEFINITIONAL_REPRESENTATION('',(#2027),#2031);
#2027 = LINE('',#2028,#2029);
#2028 = CARTESIAN_POINT('',(-0.,-58.2));
#2029 = VECTOR('',#2030,1.);
#2030 = DIRECTION('',(-1.,0.));
#2031 = ( GEOMETRIC_REPRESENTATION_CONTEXT(2) 
PARAMETRIC_REPRESENTATION_CONTEXT() REPRESENTATION_CONTEXT('2D SPACE',''
  ) );
#2032 = ORIENTED_EDGE('',*,*,#1329,.F.);
#2033 = ORIENTED_EDGE('',*,*,#1963,.T.);
#2034 = ORIENTED_EDGE('',*,*,#2035,.T.);
#2035 = EDGE_CURVE('',#1964,#2011,#2036,.T.);
#2036 = SURFACE_CURVE('',#2037,(#2041,#2048),.PCURVE_S1.);
#2037 = LINE('',#2038,#2039);
#2038 = CARTESIAN_POINT('',(32.,29.1,26.5));
#2039 = VECTOR('',#2040,1.);
#2040 = DIRECTION('',(-1.,-0.,-0.));
#2041 = PCURVE('',#1345,#2042);
#2042 = DEFINITIONAL_REPRESENTATION('',(#2043),#2047);
#2043 = LINE('',#2044,#2045);
#2044 = CARTESIAN_POINT('',(0.5,12.5));
#2045 = VECTOR('',#2046,1.);
#2046 = DIRECTION('',(-0.,-1.));
#2047 = ( GEOMETRIC_REPRESENTATION_CONTEXT(2) 
PARAMETRIC_REPRESENTATION_CONTEXT() REPRESENTATION_CONTEXT('2D SPACE',''
  ) );
#2048 = PCURVE('',#1870,#2049);
#2049 = DEFINITIONAL_REPRESENTATION('',(#2050),#2054);
#2050 = LINE('',#2051,#2052);
#2051 = CARTESIAN_POINT('',(-0.,-58.2));
#2052 = VECTOR('',#2053,1.);
#2053 = DIRECTION('',(-1.,0.));
#2054 = ( GEOMETRIC_REPRESENTATION_CONTEXT(2) 
PARAMETRIC_REPRESENTATION_CONTEXT() REPRESENTATION_CONTEXT('2D SPACE',''
  ) );
#2055 = ADVANCED_FACE('',(#2056),#1317,.T.);
#2056 = FACE_BOUND('',#2057,.F.);
#2057 = EDGE_LOOP('',(#2058,#2081,#2102,#2103));
#2058 = ORIENTED_EDGE('',*,*,#2059,.T.);
#2059 = EDGE_CURVE('',#1274,#2060,#2062,.T.);
#2060 = VERTEX_POINT('',#2061);
#2061 = CARTESIAN_POINT('',(7.,-22.16,26.5));
#2062 = SURFACE_CURVE('',#2063,(#2067,#2074),.PCURVE_S1.);
#2063 = LINE('',#2064,#2065);
#2064 = CARTESIAN_POINT('',(7.,-22.16,26.25));
#2065 = VECTOR('',#2066,1.);
#2066 = DIRECTION('',(-0.,-0.,1.));
#2067 = PCURVE('',#1317,#2068);
#2068 = DEFINITIONAL_REPRESENTATION('',(#2069),#2073);
#2069 = LINE('',#2070,#2071);
#2070 = CARTESIAN_POINT('',(-0.25,-6.94));
#2071 = VECTOR('',#2072,1.);
#2072 = DIRECTION('',(1.,-0.));
#2073 = ( GEOMETRIC_REPRESENTATION_CONTEXT(2) 
PARAMETRIC_REPRESENTATION_CONTEXT() REPRESENTATION_CONTEXT('2D SPACE',''
  ) );
#2074 = PCURVE('',#1289,#2075);
#2075 = DEFINITIONAL_REPRESENTATION('',(#2076),#2080);
#2076 = LINE('',#2077,#2078);
#2077 = CARTESIAN_POINT('',(0.25,2.));
#2078 = VECTOR('',#2079,1.);
#2079 = DIRECTION('',(1.,-0.));
#2080 = ( GEOMETRIC_REPRESENTATION_CONTEXT(2) 
PARAMETRIC_REPRESENTATION_CONTEXT() REPRESENTATION_CONTEXT('2D SPACE',''
  ) );
#2081 = ORIENTED_EDGE('',*,*,#2082,.T.);
#2082 = EDGE_CURVE('',#2060,#2011,#2083,.T.);
#2083 = SURFACE_CURVE('',#2084,(#2088,#2095),.PCURVE_S1.);
#2084 = LINE('',#2085,#2086);
#2085 = CARTESIAN_POINT('',(7.,-29.1,26.5));
#2086 = VECTOR('',#2087,1.);
#2087 = DIRECTION('',(-0.,1.,-0.));
#2088 = PCURVE('',#1317,#2089);
#2089 = DEFINITIONAL_REPRESENTATION('',(#2090),#2094);
#2090 = LINE('',#2091,#2092);
#2091 = CARTESIAN_POINT('',(-0.,-0.));
#2092 = VECTOR('',#2093,1.);
#2093 = DIRECTION('',(-0.,-1.));
#2094 = ( GEOMETRIC_REPRESENTATION_CONTEXT(2) 
PARAMETRIC_REPRESENTATION_CONTEXT() REPRESENTATION_CONTEXT('2D SPACE',''
  ) );
#2095 = PCURVE('',#1870,#2096);
#2096 = DEFINITIONAL_REPRESENTATION('',(#2097),#2101);
#2097 = LINE('',#2098,#2099);
#2098 = CARTESIAN_POINT('',(-25.,0.));
#2099 = VECTOR('',#2100,1.);
#2100 = DIRECTION('',(-0.,-1.));
#2101 = ( GEOMETRIC_REPRESENTATION_CONTEXT(2) 
PARAMETRIC_REPRESENTATION_CONTEXT() REPRESENTATION_CONTEXT('2D SPACE',''
  ) );
#2102 = ORIENTED_EDGE('',*,*,#2010,.T.);
#2103 = ORIENTED_EDGE('',*,*,#1301,.F.);
#2104 = ADVANCED_FACE('',(#2105),#1289,.F.);
#2105 = FACE_BOUND('',#2106,.T.);
#2106 = EDGE_LOOP('',(#2107,#2108,#2109,#2130,#2131));
#2107 = ORIENTED_EDGE('',*,*,#1273,.F.);
#2108 = ORIENTED_EDGE('',*,*,#2059,.T.);
#2109 = ORIENTED_EDGE('',*,*,#2110,.T.);
#2110 = EDGE_CURVE('',#2060,#1855,#2111,.T.);
#2111 = SURFACE_CURVE('',#2112,(#2116,#2123),.PCURVE_S1.);
#2112 = LINE('',#2113,#2114);
#2113 = CARTESIAN_POINT('',(18.5,-22.16,26.5));
#2114 = VECTOR('',#2115,1.);
#2115 = DIRECTION('',(1.,-0.,-0.));
#2116 = PCURVE('',#1289,#2117);
#2117 = DEFINITIONAL_REPRESENTATION('',(#2118),#2122);
#2118 = LINE('',#2119,#2120);
#2119 = CARTESIAN_POINT('',(0.5,13.5));
#2120 = VECTOR('',#2121,1.);
#2121 = DIRECTION('',(-0.,1.));
#2122 = ( GEOMETRIC_REPRESENTATION_CONTEXT(2) 
PARAMETRIC_REPRESENTATION_CONTEXT() REPRESENTATION_CONTEXT('2D SPACE',''
  ) );
#2123 = PCURVE('',#1870,#2124);
#2124 = DEFINITIONAL_REPRESENTATION('',(#2125),#2129);
#2125 = LINE('',#2126,#2127);
#2126 = CARTESIAN_POINT('',(-13.5,-6.94));
#2127 = VECTOR('',#2128,1.);
#2128 = DIRECTION('',(1.,-0.));
#2129 = ( GEOMETRIC_REPRESENTATION_CONTEXT(2) 
PARAMETRIC_REPRESENTATION_CONTEXT() REPRESENTATION_CONTEXT('2D SPACE',''
  ) );
#2130 = ORIENTED_EDGE('',*,*,#1882,.T.);
#2131 = ORIENTED_EDGE('',*,*,#1568,.F.);
#2132 = ADVANCED_FACE('',(#2133,#2136),#1741,.T.);
#2133 = FACE_BOUND('',#2134,.F.);
#2134 = EDGE_LOOP('',(#2135));
#2135 = ORIENTED_EDGE('',*,*,#1726,.T.);
#2136 = FACE_BOUND('',#2137,.F.);
#2137 = EDGE_LOOP('',(#2138));
#2138 = ORIENTED_EDGE('',*,*,#2139,.T.);
#2139 = EDGE_CURVE('',#2140,#2140,#2142,.T.);
#2140 = VERTEX_POINT('',#2141);
#2141 = CARTESIAN_POINT('',(-9.,30.,17.5));
#2142 = SURFACE_CURVE('',#2143,(#2148,#2155),.PCURVE_S1.);
#2143 = CIRCLE('',#2144,2.);
#2144 = AXIS2_PLACEMENT_3D('',#2145,#2146,#2147);
#2145 = CARTESIAN_POINT('',(-9.,30.,15.5));
#2146 = DIRECTION('',(-1.,-0.,-0.));
#2147 = DIRECTION('',(-0.,-0.,1.));
#2148 = PCURVE('',#1741,#2149);
#2149 = DEFINITIONAL_REPRESENTATION('',(#2150),#2154);
#2150 = CIRCLE('',#2151,2.);
#2151 = AXIS2_PLACEMENT_2D('',#2152,#2153);
#2152 = CARTESIAN_POINT('',(0.,0.));
#2153 = DIRECTION('',(1.,-0.));
#2154 = ( GEOMETRIC_REPRESENTATION_CONTEXT(2) 
PARAMETRIC_REPRESENTATION_CONTEXT() REPRESENTATION_CONTEXT('2D SPACE',''
  ) );
#2155 = PCURVE('',#2156,#2161);
#2156 = CYLINDRICAL_SURFACE('',#2157,2.);
#2157 = AXIS2_PLACEMENT_3D('',#2158,#2159,#2160);
#2158 = CARTESIAN_POINT('',(-9.,30.,15.5));
#2159 = DIRECTION('',(1.,-0.,-0.));
#2160 = DIRECTION('',(-0.,-0.,1.));
#2161 = DEFINITIONAL_REPRESENTATION('',(#2162),#2166);
#2162 = LINE('',#2163,#2164);
#2163 = CARTESIAN_POINT('',(-0.,0.));
#2164 = VECTOR('',#2165,1.);
#2165 = DIRECTION('',(-1.,0.));
#2166 = ( GEOMETRIC_REPRESENTATION_CONTEXT(2) 
PARAMETRIC_REPRESENTATION_CONTEXT() REPRESENTATION_CONTEXT('2D SPACE',''
  ) );
#2167 = ADVANCED_FACE('',(#2168),#1782,.F.);
#2168 = FACE_BOUND('',#2169,.T.);
#2169 = EDGE_LOOP('',(#2170,#2203,#2224,#2225));
#2170 = ORIENTED_EDGE('',*,*,#2171,.F.);
#2171 = EDGE_CURVE('',#2172,#2172,#2174,.T.);
#2172 = VERTEX_POINT('',#2173);
#2173 = CARTESIAN_POINT('',(-3.,-30.,17.5));
#2174 = SURFACE_CURVE('',#2175,(#2180,#2187),.PCURVE_S1.);
#2175 = CIRCLE('',#2176,2.);
#2176 = AXIS2_PLACEMENT_3D('',#2177,#2178,#2179);
#2177 = CARTESIAN_POINT('',(-3.,-30.,15.5));
#2178 = DIRECTION('',(-1.,-0.,-0.));
#2179 = DIRECTION('',(-0.,-0.,1.));
#2180 = PCURVE('',#1782,#2181);
#2181 = DEFINITIONAL_REPRESENTATION('',(#2182),#2186);
#2182 = LINE('',#2183,#2184);
#2183 = CARTESIAN_POINT('',(-0.,6.));
#2184 = VECTOR('',#2185,1.);
#2185 = DIRECTION('',(-1.,0.));
#2186 = ( GEOMETRIC_REPRESENTATION_CONTEXT(2) 
PARAMETRIC_REPRESENTATION_CONTEXT() REPRESENTATION_CONTEXT('2D SPACE',''
  ) );
#2187 = PCURVE('',#2188,#2193);
#2188 = PLANE('',#2189);
#2189 = AXIS2_PLACEMENT_3D('',#2190,#2191,#2192);
#2190 = CARTESIAN_POINT('',(-3.,-30.,15.5));
#2191 = DIRECTION('',(1.,-0.,-0.));
#2192 = DIRECTION('',(0.,0.,-1.));
#2193 = DEFINITIONAL_REPRESENTATION('',(#2194),#2202);
#2194 = ( BOUNDED_CURVE() B_SPLINE_CURVE(2,(#2195,#2196,#2197,#2198,
#2199,#2200,#2201),.UNSPECIFIED.,.T.,.F.) B_SPLINE_CURVE_WITH_KNOTS((1,2
    ,2,2,2,1),(-2.094395102393,0.,2.094395102393,4.188790204786,
6.28318530718,8.377580409573),.UNSPECIFIED.) CURVE() 
GEOMETRIC_REPRESENTATION_ITEM() RATIONAL_B_SPLINE_CURVE((1.,0.5,1.,0.5,
1.,0.5,1.)) REPRESENTATION_ITEM('') );
#2195 = CARTESIAN_POINT('',(-2.,0.));
#2196 = CARTESIAN_POINT('',(-2.,3.464101615138));
#2197 = CARTESIAN_POINT('',(1.,1.732050807569));
#2198 = CARTESIAN_POINT('',(4.,4.898587196589E-16));
#2199 = CARTESIAN_POINT('',(1.,-1.732050807569));
#2200 = CARTESIAN_POINT('',(-2.,-3.464101615138));
#2201 = CARTESIAN_POINT('',(-2.,0.));
#2202 = ( GEOMETRIC_REPRESENTATION_CONTEXT(2) 
PARAMETRIC_REPRESENTATION_CONTEXT() REPRESENTATION_CONTEXT('2D SPACE',''
  ) );
#2203 = ORIENTED_EDGE('',*,*,#2204,.F.);
#2204 = EDGE_CURVE('',#1766,#2172,#2205,.T.);
#2205 = SEAM_CURVE('',#2206,(#2210,#2217),.PCURVE_S1.);
#2206 = LINE('',#2207,#2208);
#2207 = CARTESIAN_POINT('',(-9.,-30.,17.5));
#2208 = VECTOR('',#2209,1.);
#2209 = DIRECTION('',(1.,-0.,-0.));
#2210 = PCURVE('',#1782,#2211);
#2211 = DEFINITIONAL_REPRESENTATION('',(#2212),#2216);
#2212 = LINE('',#2213,#2214);
#2213 = CARTESIAN_POINT('',(-6.28318530718,-0.));
#2214 = VECTOR('',#2215,1.);
#2215 = DIRECTION('',(-0.,1.));
#2216 = ( GEOMETRIC_REPRESENTATION_CONTEXT(2) 
PARAMETRIC_REPRESENTATION_CONTEXT() REPRESENTATION_CONTEXT('2D SPACE',''
  ) );
#2217 = PCURVE('',#1782,#2218);
#2218 = DEFINITIONAL_REPRESENTATION('',(#2219),#2223);
#2219 = LINE('',#2220,#2221);
#2220 = CARTESIAN_POINT('',(-0.,-0.));
#2221 = VECTOR('',#2222,1.);
#2222 = DIRECTION('',(-0.,1.));
#2223 = ( GEOMETRIC_REPRESENTATION_CONTEXT(2) 
PARAMETRIC_REPRESENTATION_CONTEXT() REPRESENTATION_CONTEXT('2D SPACE',''
  ) );
#2224 = ORIENTED_EDGE('',*,*,#1765,.T.);
#2225 = ORIENTED_EDGE('',*,*,#2204,.T.);
#2226 = ADVANCED_FACE('',(#2227),#1870,.T.);
#2227 = FACE_BOUND('',#2228,.F.);
#2228 = EDGE_LOOP('',(#2229,#2230,#2231,#2232,#2233,#2234));
#2229 = ORIENTED_EDGE('',*,*,#1936,.F.);
#2230 = ORIENTED_EDGE('',*,*,#1986,.T.);
#2231 = ORIENTED_EDGE('',*,*,#2035,.T.);
#2232 = ORIENTED_EDGE('',*,*,#2082,.F.);
#2233 = ORIENTED_EDGE('',*,*,#2110,.T.);
#2234 = ORIENTED_EDGE('',*,*,#1854,.T.);
#2235 = ADVANCED_FACE('',(#2236),#2156,.F.);
#2236 = FACE_BOUND('',#2237,.T.);
#2237 = EDGE_LOOP('',(#2238,#2271,#2292,#2293));
#2238 = ORIENTED_EDGE('',*,*,#2239,.F.);
#2239 = EDGE_CURVE('',#2240,#2240,#2242,.T.);
#2240 = VERTEX_POINT('',#2241);
#2241 = CARTESIAN_POINT('',(-3.,30.,17.5));
#2242 = SURFACE_CURVE('',#2243,(#2248,#2255),.PCURVE_S1.);
#2243 = CIRCLE('',#2244,2.);
#2244 = AXIS2_PLACEMENT_3D('',#2245,#2246,#2247);
#2245 = CARTESIAN_POINT('',(-3.,30.,15.5));
#2246 = DIRECTION('',(-1.,-0.,-0.));
#2247 = DIRECTION('',(-0.,-0.,1.));
#2248 = PCURVE('',#2156,#2249);
#2249 = DEFINITIONAL_REPRESENTATION('',(#2250),#2254);
#2250 = LINE('',#2251,#2252);
#2251 = CARTESIAN_POINT('',(-0.,6.));
#2252 = VECTOR('',#2253,1.);
#2253 = DIRECTION('',(-1.,0.));
#2254 = ( GEOMETRIC_REPRESENTATION_CONTEXT(2) 
PARAMETRIC_REPRESENTATION_CONTEXT() REPRESENTATION_CONTEXT('2D SPACE',''
  ) );
#2255 = PCURVE('',#2256,#2261);
#2256 = PLANE('',#2257);
#2257 = AXIS2_PLACEMENT_3D('',#2258,#2259,#2260);
#2258 = CARTESIAN_POINT('',(-3.,30.,15.5));
#2259 = DIRECTION('',(1.,-0.,-0.));
#2260 = DIRECTION('',(0.,0.,-1.));
#2261 = DEFINITIONAL_REPRESENTATION('',(#2262),#2270);
#2262 = ( BOUNDED_CURVE() B_SPLINE_CURVE(2,(#2263,#2264,#2265,#2266,
#2267,#2268,#2269),.UNSPECIFIED.,.T.,.F.) B_SPLINE_CURVE_WITH_KNOTS((1,2
    ,2,2,2,1),(-2.094395102393,0.,2.094395102393,4.188790204786,
6.28318530718,8.377580409573),.UNSPECIFIED.) CURVE() 
GEOMETRIC_REPRESENTATION_ITEM() RATIONAL_B_SPLINE_CURVE((1.,0.5,1.,0.5,
1.,0.5,1.)) REPRESENTATION_ITEM('') );
#2263 = CARTESIAN_POINT('',(-2.,0.));
#2264 = CARTESIAN_POINT('',(-2.,3.464101615138));
#2265 = CARTESIAN_POINT('',(1.,1.732050807569));
#2266 = CARTESIAN_POINT('',(4.,4.898587196589E-16));
#2267 = CARTESIAN_POINT('',(1.,-1.732050807569));
#2268 = CARTESIAN_POINT('',(-2.,-3.464101615138));
#2269 = CARTESIAN_POINT('',(-2.,0.));
#2270 = ( GEOMETRIC_REPRESENTATION_CONTEXT(2) 
PARAMETRIC_REPRESENTATION_CONTEXT() REPRESENTATION_CONTEXT('2D SPACE',''
  ) );
#2271 = ORIENTED_EDGE('',*,*,#2272,.F.);
#2272 = EDGE_CURVE('',#2140,#2240,#2273,.T.);
#2273 = SEAM_CURVE('',#2274,(#2278,#2285),.PCURVE_S1.);
#2274 = LINE('',#2275,#2276);
#2275 = CARTESIAN_POINT('',(-9.,30.,17.5));
#2276 = VECTOR('',#2277,1.);
#2277 = DIRECTION('',(1.,-0.,-0.));
#2278 = PCURVE('',#2156,#2279);
#2279 = DEFINITIONAL_REPRESENTATION('',(#2280),#2284);
#2280 = LINE('',#2281,#2282);
#2281 = CARTESIAN_POINT('',(-6.28318530718,-0.));
#2282 = VECTOR('',#2283,1.);
#2283 = DIRECTION('',(-0.,1.));
#2284 = ( GEOMETRIC_REPRESENTATION_CONTEXT(2) 
PARAMETRIC_REPRESENTATION_CONTEXT() REPRESENTATION_CONTEXT('2D SPACE',''
  ) );
#2285 = PCURVE('',#2156,#2286);
#2286 = DEFINITIONAL_REPRESENTATION('',(#2287),#2291);
#2287 = LINE('',#2288,#2289);
#2288 = CARTESIAN_POINT('',(-0.,-0.));
#2289 = VECTOR('',#2290,1.);
#2290 = DIRECTION('',(-0.,1.));
#2291 = ( GEOMETRIC_REPRESENTATION_CONTEXT(2) 
PARAMETRIC_REPRESENTATION_CONTEXT() REPRESENTATION_CONTEXT('2D SPACE',''
  ) );
#2292 = ORIENTED_EDGE('',*,*,#2139,.T.);
#2293 = ORIENTED_EDGE('',*,*,#2272,.T.);
#2294 = ADVANCED_FACE('',(#2295),#2188,.F.);
#2295 = FACE_BOUND('',#2296,.T.);
#2296 = EDGE_LOOP('',(#2297));
#2297 = ORIENTED_EDGE('',*,*,#2171,.T.);
#2298 = ADVANCED_FACE('',(#2299),#2256,.F.);
#2299 = FACE_BOUND('',#2300,.T.);
#2300 = EDGE_LOOP('',(#2301));
#2301 = ORIENTED_EDGE('',*,*,#2239,.T.);
#2302 = ( GEOMETRIC_REPRESENTATION_CONTEXT(3) 
GLOBAL_UNCERTAINTY_ASSIGNED_CONTEXT((#2306)) 
GLOBAL_UNIT_ASSIGNED_CONTEXT((#2303,#2304,#2305)) REPRESENTATION_CONTEXT
('Context #1','3D Context with UNIT and UNCERTAINTY') );
#2303 = ( LENGTH_UNIT() NAMED_UNIT(*) SI_UNIT(.MILLI.,.METRE.) );
#2304 = ( NAMED_UNIT(*) PLANE_ANGLE_UNIT() SI_UNIT($,.RADIAN.) );
#2305 = ( NAMED_UNIT(*) SI_UNIT($,.STERADIAN.) SOLID_ANGLE_UNIT() );
#2306 = UNCERTAINTY_MEASURE_WITH_UNIT(LENGTH_MEASURE(1.E-07),#2303,
  'distance_accuracy_value','confusion accuracy');
#2307 = CONTEXT_DEPENDENT_SHAPE_REPRESENTATION(#2308,#2310);
#2308 = ( REPRESENTATION_RELATIONSHIP('','',#40,#10) 
REPRESENTATION_RELATIONSHIP_WITH_TRANSFORMATION(#2309) 
SHAPE_REPRESENTATION_RELATIONSHIP() );
#2309 = ITEM_DEFINED_TRANSFORMATION('','',#11,#15);
#2310 = PRODUCT_DEFINITION_SHAPE('Placement','Placement of an item',
  #2311);
#2311 = NEXT_ASSEMBLY_USAGE_OCCURRENCE('15','','',#5,#35,$);
#2312 = PRODUCT_RELATED_PRODUCT_CATEGORY('part',$,(#37));
#2313 = SHAPE_DEFINITION_REPRESENTATION(#2314,#2320);
#2314 = PRODUCT_DEFINITION_SHAPE('','',#2315);
#2315 = PRODUCT_DEFINITION('design','',#2316,#2319);
#2316 = PRODUCT_DEFINITION_FORMATION('','',#2317);
#2317 = PRODUCT('Open CASCADE STEP translator 7.9 9.2',
  'Open CASCADE STEP translator 7.9 9.2','',(#2318));
#2318 = PRODUCT_CONTEXT('',#2,'mechanical');
#2319 = PRODUCT_DEFINITION_CONTEXT('part definition',#2,'design');
#2320 = SHAPE_REPRESENTATION('',(#11,#2321,#2325),#2329);
#2321 = AXIS2_PLACEMENT_3D('',#2322,#2323,#2324);
#2322 = CARTESIAN_POINT('',(0.,0.,0.));
#2323 = DIRECTION('',(0.,0.,1.));
#2324 = DIRECTION('',(1.,0.,-0.));
#2325 = AXIS2_PLACEMENT_3D('',#2326,#2327,#2328);
#2326 = CARTESIAN_POINT('',(0.,0.,0.));
#2327 = DIRECTION('',(0.,0.,1.));
#2328 = DIRECTION('',(1.,0.,-0.));
#2329 = ( GEOMETRIC_REPRESENTATION_CONTEXT(3) 
GLOBAL_UNCERTAINTY_ASSIGNED_CONTEXT((#2333)) 
GLOBAL_UNIT_ASSIGNED_CONTEXT((#2330,#2331,#2332)) REPRESENTATION_CONTEXT
('Context #1','3D Context with UNIT and UNCERTAINTY') );
#2330 = ( LENGTH_UNIT() NAMED_UNIT(*) SI_UNIT(.MILLI.,.METRE.) );
#2331 = ( NAMED_UNIT(*) PLANE_ANGLE_UNIT() SI_UNIT($,.RADIAN.) );
#2332 = ( NAMED_UNIT(*) SI_UNIT($,.STERADIAN.) SOLID_ANGLE_UNIT() );
#2333 = UNCERTAINTY_MEASURE_WITH_UNIT(LENGTH_MEASURE(1.E-07),#2330,
  'distance_accuracy_value','confusion accuracy');
#2334 = CONTEXT_DEPENDENT_SHAPE_REPRESENTATION(#2335,#2337);
#2335 = ( REPRESENTATION_RELATIONSHIP('','',#2320,#10) 
REPRESENTATION_RELATIONSHIP_WITH_TRANSFORMATION(#2336) 
SHAPE_REPRESENTATION_RELATIONSHIP() );
#2336 = ITEM_DEFINED_TRANSFORMATION('','',#11,#19);
#2337 = PRODUCT_DEFINITION_SHAPE('Placement','Placement of an item',
  #2338);
#2338 = NEXT_ASSEMBLY_USAGE_OCCURRENCE('18','','',#5,#2315,$);
#2339 = PRODUCT_RELATED_PRODUCT_CATEGORY('part',$,(#2317));
#2340 = SHAPE_DEFINITION_REPRESENTATION(#2341,#2347);
#2341 = PRODUCT_DEFINITION_SHAPE('','',#2342);
#2342 = PRODUCT_DEFINITION('design','',#2343,#2346);
#2343 = PRODUCT_DEFINITION_FORMATION('','',#2344);
#2344 = PRODUCT('Open CASCADE STEP translator 7.9 9.2.1',
  'Open CASCADE STEP translator 7.9 9.2.1','',(#2345));
#2345 = PRODUCT_CONTEXT('',#2,'mechanical');
#2346 = PRODUCT_DEFINITION_CONTEXT('part definition',#2,'design');
#2347 = ADVANCED_BREP_SHAPE_REPRESENTATION('',(#11,#2348),#4777);
#2348 = MANIFOLD_SOLID_BREP('',#2349);
#2349 = CLOSED_SHELL('',(#2350,#2577,#2812,#2948,#3134,#3170,#3224,#3422
    ,#3722,#3911,#4037,#4091,#4141,#4168,#4227,#4286,#4336,#4386,#4413,
    #4467,#4523,#4583,#4637,#4702,#4709,#4743,#4750));
#2350 = ADVANCED_FACE('',(#2351),#2365,.F.);
#2351 = FACE_BOUND('',#2352,.T.);
#2352 = EDGE_LOOP('',(#2353,#2388,#2416,#2444,#2472,#2500,#2528,#2551));
#2353 = ORIENTED_EDGE('',*,*,#2354,.F.);
#2354 = EDGE_CURVE('',#2355,#2357,#2359,.T.);
#2355 = VERTEX_POINT('',#2356);
#2356 = CARTESIAN_POINT('',(-12.,15.65,11.));
#2357 = VERTEX_POINT('',#2358);
#2358 = CARTESIAN_POINT('',(-6.,15.65,11.));
#2359 = SURFACE_CURVE('',#2360,(#2364,#2376),.PCURVE_S1.);
#2360 = LINE('',#2361,#2362);
#2361 = CARTESIAN_POINT('',(-18.,15.65,11.));
#2362 = VECTOR('',#2363,1.);
#2363 = DIRECTION('',(1.,-0.,-0.));
#2364 = PCURVE('',#2365,#2370);
#2365 = PLANE('',#2366);
#2366 = AXIS2_PLACEMENT_3D('',#2367,#2368,#2369);
#2367 = CARTESIAN_POINT('',(-18.,15.65,11.));
#2368 = DIRECTION('',(-0.,-0.,1.));
#2369 = DIRECTION('',(-1.,0.,0.));
#2370 = DEFINITIONAL_REPRESENTATION('',(#2371),#2375);
#2371 = LINE('',#2372,#2373);
#2372 = CARTESIAN_POINT('',(-0.,-0.));
#2373 = VECTOR('',#2374,1.);
#2374 = DIRECTION('',(-1.,0.));
#2375 = ( GEOMETRIC_REPRESENTATION_CONTEXT(2) 
PARAMETRIC_REPRESENTATION_CONTEXT() REPRESENTATION_CONTEXT('2D SPACE',''
  ) );
#2376 = PCURVE('',#2377,#2382);
#2377 = PLANE('',#2378);
#2378 = AXIS2_PLACEMENT_3D('',#2379,#2380,#2381);
#2379 = CARTESIAN_POINT('',(-9.,15.65,27.5));
#2380 = DIRECTION('',(-0.,1.,-0.));
#2381 = DIRECTION('',(0.,0.,1.));
#2382 = DEFINITIONAL_REPRESENTATION('',(#2383),#2387);
#2383 = LINE('',#2384,#2385);
#2384 = CARTESIAN_POINT('',(-16.5,-9.));
#2385 = VECTOR('',#2386,1.);
#2386 = DIRECTION('',(-0.,1.));
#2387 = ( GEOMETRIC_REPRESENTATION_CONTEXT(2) 
PARAMETRIC_REPRESENTATION_CONTEXT() REPRESENTATION_CONTEXT('2D SPACE',''
  ) );
#2388 = ORIENTED_EDGE('',*,*,#2389,.T.);
#2389 = EDGE_CURVE('',#2355,#2390,#2392,.T.);
#2390 = VERTEX_POINT('',#2391);
#2391 = CARTESIAN_POINT('',(-12.,44.35,11.));
#2392 = SURFACE_CURVE('',#2393,(#2397,#2404),.PCURVE_S1.);
#2393 = LINE('',#2394,#2395);
#2394 = CARTESIAN_POINT('',(-12.,15.65,11.));
#2395 = VECTOR('',#2396,1.);
#2396 = DIRECTION('',(-0.,1.,-0.));
#2397 = PCURVE('',#2365,#2398);
#2398 = DEFINITIONAL_REPRESENTATION('',(#2399),#2403);
#2399 = LINE('',#2400,#2401);
#2400 = CARTESIAN_POINT('',(-6.,-0.));
#2401 = VECTOR('',#2402,1.);
#2402 = DIRECTION('',(-0.,-1.));
#2403 = ( GEOMETRIC_REPRESENTATION_CONTEXT(2) 
PARAMETRIC_REPRESENTATION_CONTEXT() REPRESENTATION_CONTEXT('2D SPACE',''
  ) );
#2404 = PCURVE('',#2405,#2410);
#2405 = CYLINDRICAL_SURFACE('',#2406,6.);
#2406 = AXIS2_PLACEMENT_3D('',#2407,#2408,#2409);
#2407 = CARTESIAN_POINT('',(-12.,15.65,17.));
#2408 = DIRECTION('',(-0.,1.,-0.));
#2409 = DIRECTION('',(0.,-0.,-1.));
#2410 = DEFINITIONAL_REPRESENTATION('',(#2411),#2415);
#2411 = LINE('',#2412,#2413);
#2412 = CARTESIAN_POINT('',(0.,0.));
#2413 = VECTOR('',#2414,1.);
#2414 = DIRECTION('',(0.,1.));
#2415 = ( GEOMETRIC_REPRESENTATION_CONTEXT(2) 
PARAMETRIC_REPRESENTATION_CONTEXT() REPRESENTATION_CONTEXT('2D SPACE',''
  ) );
#2416 = ORIENTED_EDGE('',*,*,#2417,.T.);
#2417 = EDGE_CURVE('',#2390,#2418,#2420,.T.);
#2418 = VERTEX_POINT('',#2419);
#2419 = CARTESIAN_POINT('',(-6.,44.35,11.));
#2420 = SURFACE_CURVE('',#2421,(#2425,#2432),.PCURVE_S1.);
#2421 = LINE('',#2422,#2423);
#2422 = CARTESIAN_POINT('',(-18.,44.35,11.));
#2423 = VECTOR('',#2424,1.);
#2424 = DIRECTION('',(1.,-0.,-0.));
#2425 = PCURVE('',#2365,#2426);
#2426 = DEFINITIONAL_REPRESENTATION('',(#2427),#2431);
#2427 = LINE('',#2428,#2429);
#2428 = CARTESIAN_POINT('',(-0.,-28.7));
#2429 = VECTOR('',#2430,1.);
#2430 = DIRECTION('',(-1.,0.));
#2431 = ( GEOMETRIC_REPRESENTATION_CONTEXT(2) 
PARAMETRIC_REPRESENTATION_CONTEXT() REPRESENTATION_CONTEXT('2D SPACE',''
  ) );
#2432 = PCURVE('',#2433,#2438);
#2433 = PLANE('',#2434);
#2434 = AXIS2_PLACEMENT_3D('',#2435,#2436,#2437);
#2435 = CARTESIAN_POINT('',(-9.,44.35,27.5));
#2436 = DIRECTION('',(-0.,1.,-0.));
#2437 = DIRECTION('',(0.,0.,1.));
#2438 = DEFINITIONAL_REPRESENTATION('',(#2439),#2443);
#2439 = LINE('',#2440,#2441);
#2440 = CARTESIAN_POINT('',(-16.5,-9.));
#2441 = VECTOR('',#2442,1.);
#2442 = DIRECTION('',(-0.,1.));
#2443 = ( GEOMETRIC_REPRESENTATION_CONTEXT(2) 
PARAMETRIC_REPRESENTATION_CONTEXT() REPRESENTATION_CONTEXT('2D SPACE',''
  ) );
#2444 = ORIENTED_EDGE('',*,*,#2445,.F.);
#2445 = EDGE_CURVE('',#2446,#2418,#2448,.T.);
#2446 = VERTEX_POINT('',#2447);
#2447 = CARTESIAN_POINT('',(-6.,33.579455265819,11.));
#2448 = SURFACE_CURVE('',#2449,(#2453,#2460),.PCURVE_S1.);
#2449 = LINE('',#2450,#2451);
#2450 = CARTESIAN_POINT('',(-6.,15.65,11.));
#2451 = VECTOR('',#2452,1.);
#2452 = DIRECTION('',(-0.,1.,-0.));
#2453 = PCURVE('',#2365,#2454);
#2454 = DEFINITIONAL_REPRESENTATION('',(#2455),#2459);
#2455 = LINE('',#2456,#2457);
#2456 = CARTESIAN_POINT('',(-12.,-0.));
#2457 = VECTOR('',#2458,1.);
#2458 = DIRECTION('',(-0.,-1.));
#2459 = ( GEOMETRIC_REPRESENTATION_CONTEXT(2) 
PARAMETRIC_REPRESENTATION_CONTEXT() REPRESENTATION_CONTEXT('2D SPACE',''
  ) );
#2460 = PCURVE('',#2461,#2466);
#2461 = CYLINDRICAL_SURFACE('',#2462,6.);
#2462 = AXIS2_PLACEMENT_3D('',#2463,#2464,#2465);
#2463 = CARTESIAN_POINT('',(-6.,15.65,17.));
#2464 = DIRECTION('',(-0.,1.,-0.));
#2465 = DIRECTION('',(0.,-0.,-1.));
#2466 = DEFINITIONAL_REPRESENTATION('',(#2467),#2471);
#2467 = LINE('',#2468,#2469);
#2468 = CARTESIAN_POINT('',(-0.,0.));
#2469 = VECTOR('',#2470,1.);
#2470 = DIRECTION('',(-0.,1.));
#2471 = ( GEOMETRIC_REPRESENTATION_CONTEXT(2) 
PARAMETRIC_REPRESENTATION_CONTEXT() REPRESENTATION_CONTEXT('2D SPACE',''
  ) );
#2472 = ORIENTED_EDGE('',*,*,#2473,.T.);
#2473 = EDGE_CURVE('',#2446,#2474,#2476,.T.);
#2474 = VERTEX_POINT('',#2475);
#2475 = CARTESIAN_POINT('',(-9.,33.579455265819,11.));
#2476 = SURFACE_CURVE('',#2477,(#2481,#2488),.PCURVE_S1.);
#2477 = LINE('',#2478,#2479);
#2478 = CARTESIAN_POINT('',(0.5,33.579455265819,11.));
#2479 = VECTOR('',#2480,1.);
#2480 = DIRECTION('',(-1.,-0.,-0.));
#2481 = PCURVE('',#2365,#2482);
#2482 = DEFINITIONAL_REPRESENTATION('',(#2483),#2487);
#2483 = LINE('',#2484,#2485);
#2484 = CARTESIAN_POINT('',(-18.5,-17.92945526581));
#2485 = VECTOR('',#2486,1.);
#2486 = DIRECTION('',(1.,-0.));
#2487 = ( GEOMETRIC_REPRESENTATION_CONTEXT(2) 
PARAMETRIC_REPRESENTATION_CONTEXT() REPRESENTATION_CONTEXT('2D SPACE',''
  ) );
#2488 = PCURVE('',#2489,#2494);
#2489 = CYLINDRICAL_SURFACE('',#2490,5.75);
#2490 = AXIS2_PLACEMENT_3D('',#2491,#2492,#2493);
#2491 = CARTESIAN_POINT('',(0.5,30.,15.5));
#2492 = DIRECTION('',(-1.,-0.,-0.));
#2493 = DIRECTION('',(-0.,-0.,-1.));
#2494 = DEFINITIONAL_REPRESENTATION('',(#2495),#2499);
#2495 = LINE('',#2496,#2497);
#2496 = CARTESIAN_POINT('',(-0.671950896496,0.));
#2497 = VECTOR('',#2498,1.);
#2498 = DIRECTION('',(-0.,1.));
#2499 = ( GEOMETRIC_REPRESENTATION_CONTEXT(2) 
PARAMETRIC_REPRESENTATION_CONTEXT() REPRESENTATION_CONTEXT('2D SPACE',''
  ) );
#2500 = ORIENTED_EDGE('',*,*,#2501,.F.);
#2501 = EDGE_CURVE('',#2502,#2474,#2504,.T.);
#2502 = VERTEX_POINT('',#2503);
#2503 = CARTESIAN_POINT('',(-9.,26.420544734181,11.));
#2504 = SURFACE_CURVE('',#2505,(#2509,#2516),.PCURVE_S1.);
#2505 = LINE('',#2506,#2507);
#2506 = CARTESIAN_POINT('',(-9.,22.825,11.));
#2507 = VECTOR('',#2508,1.);
#2508 = DIRECTION('',(-0.,1.,-0.));
#2509 = PCURVE('',#2365,#2510);
#2510 = DEFINITIONAL_REPRESENTATION('',(#2511),#2515);
#2511 = LINE('',#2512,#2513);
#2512 = CARTESIAN_POINT('',(-9.,-7.175));
#2513 = VECTOR('',#2514,1.);
#2514 = DIRECTION('',(-0.,-1.));
#2515 = ( GEOMETRIC_REPRESENTATION_CONTEXT(2) 
PARAMETRIC_REPRESENTATION_CONTEXT() REPRESENTATION_CONTEXT('2D SPACE',''
  ) );
#2516 = PCURVE('',#2517,#2522);
#2517 = PLANE('',#2518);
#2518 = AXIS2_PLACEMENT_3D('',#2519,#2520,#2521);
#2519 = CARTESIAN_POINT('',(-9.,30.,15.5));
#2520 = DIRECTION('',(-1.,-0.,-0.));
#2521 = DIRECTION('',(0.,0.,1.));
#2522 = DEFINITIONAL_REPRESENTATION('',(#2523),#2527);
#2523 = LINE('',#2524,#2525);
#2524 = CARTESIAN_POINT('',(-4.5,-7.175));
#2525 = VECTOR('',#2526,1.);
#2526 = DIRECTION('',(0.,1.));
#2527 = ( GEOMETRIC_REPRESENTATION_CONTEXT(2) 
PARAMETRIC_REPRESENTATION_CONTEXT() REPRESENTATION_CONTEXT('2D SPACE',''
  ) );
#2528 = ORIENTED_EDGE('',*,*,#2529,.F.);
#2529 = EDGE_CURVE('',#2530,#2502,#2532,.T.);
#2530 = VERTEX_POINT('',#2531);
#2531 = CARTESIAN_POINT('',(-6.,26.420544734181,11.));
#2532 = SURFACE_CURVE('',#2533,(#2537,#2544),.PCURVE_S1.);
#2533 = LINE('',#2534,#2535);
#2534 = CARTESIAN_POINT('',(0.5,26.420544734181,11.));
#2535 = VECTOR('',#2536,1.);
#2536 = DIRECTION('',(-1.,-0.,-0.));
#2537 = PCURVE('',#2365,#2538);
#2538 = DEFINITIONAL_REPRESENTATION('',(#2539),#2543);
#2539 = LINE('',#2540,#2541);
#2540 = CARTESIAN_POINT('',(-18.5,-10.77054473418));
#2541 = VECTOR('',#2542,1.);
#2542 = DIRECTION('',(1.,-0.));
#2543 = ( GEOMETRIC_REPRESENTATION_CONTEXT(2) 
PARAMETRIC_REPRESENTATION_CONTEXT() REPRESENTATION_CONTEXT('2D SPACE',''
  ) );
#2544 = PCURVE('',#2489,#2545);
#2545 = DEFINITIONAL_REPRESENTATION('',(#2546),#2550);
#2546 = LINE('',#2547,#2548);
#2547 = CARTESIAN_POINT('',(-5.611234410684,0.));
#2548 = VECTOR('',#2549,1.);
#2549 = DIRECTION('',(-0.,1.));
#2550 = ( GEOMETRIC_REPRESENTATION_CONTEXT(2) 
PARAMETRIC_REPRESENTATION_CONTEXT() REPRESENTATION_CONTEXT('2D SPACE',''
  ) );
#2551 = ORIENTED_EDGE('',*,*,#2552,.F.);
#2552 = EDGE_CURVE('',#2357,#2530,#2553,.T.);
#2553 = SURFACE_CURVE('',#2554,(#2558,#2565),.PCURVE_S1.);
#2554 = LINE('',#2555,#2556);
#2555 = CARTESIAN_POINT('',(-6.,15.65,11.));
#2556 = VECTOR('',#2557,1.);
#2557 = DIRECTION('',(-0.,1.,-0.));
#2558 = PCURVE('',#2365,#2559);
#2559 = DEFINITIONAL_REPRESENTATION('',(#2560),#2564);
#2560 = LINE('',#2561,#2562);
#2561 = CARTESIAN_POINT('',(-12.,-0.));
#2562 = VECTOR('',#2563,1.);
#2563 = DIRECTION('',(-0.,-1.));
#2564 = ( GEOMETRIC_REPRESENTATION_CONTEXT(2) 
PARAMETRIC_REPRESENTATION_CONTEXT() REPRESENTATION_CONTEXT('2D SPACE',''
  ) );
#2565 = PCURVE('',#2566,#2571);
#2566 = CYLINDRICAL_SURFACE('',#2567,6.);
#2567 = AXIS2_PLACEMENT_3D('',#2568,#2569,#2570);
#2568 = CARTESIAN_POINT('',(-6.,15.65,17.));
#2569 = DIRECTION('',(-0.,1.,-0.));
#2570 = DIRECTION('',(0.,-0.,-1.));
#2571 = DEFINITIONAL_REPRESENTATION('',(#2572),#2576);
#2572 = LINE('',#2573,#2574);
#2573 = CARTESIAN_POINT('',(-0.,0.));
#2574 = VECTOR('',#2575,1.);
#2575 = DIRECTION('',(-0.,1.));
#2576 = ( GEOMETRIC_REPRESENTATION_CONTEXT(2) 
PARAMETRIC_REPRESENTATION_CONTEXT() REPRESENTATION_CONTEXT('2D SPACE',''
  ) );
#2577 = ADVANCED_FACE('',(#2578,#2781),#2377,.F.);
#2578 = FACE_BOUND('',#2579,.T.);
#2579 = EDGE_LOOP('',(#2580,#2581,#2609,#2637,#2670,#2698,#2731,#2759));
#2580 = ORIENTED_EDGE('',*,*,#2354,.T.);
#2581 = ORIENTED_EDGE('',*,*,#2582,.T.);
#2582 = EDGE_CURVE('',#2357,#2583,#2585,.T.);
#2583 = VERTEX_POINT('',#2584);
#2584 = CARTESIAN_POINT('',(8.881784197001E-16,15.65,17.));
#2585 = SURFACE_CURVE('',#2586,(#2591,#2602),.PCURVE_S1.);
#2586 = CIRCLE('',#2587,6.);
#2587 = AXIS2_PLACEMENT_3D('',#2588,#2589,#2590);
#2588 = CARTESIAN_POINT('',(-6.,15.65,17.));
#2589 = DIRECTION('',(0.,-1.,0.));
#2590 = DIRECTION('',(0.,-0.,-1.));
#2591 = PCURVE('',#2377,#2592);
#2592 = DEFINITIONAL_REPRESENTATION('',(#2593),#2601);
#2593 = ( BOUNDED_CURVE() B_SPLINE_CURVE(2,(#2594,#2595,#2596,#2597,
#2598,#2599,#2600),.UNSPECIFIED.,.T.,.F.) B_SPLINE_CURVE_WITH_KNOTS((1,2
    ,2,2,2,1),(-2.094395102393,0.,2.094395102393,4.188790204786,
6.28318530718,8.377580409573),.UNSPECIFIED.) CURVE() 
GEOMETRIC_REPRESENTATION_ITEM() RATIONAL_B_SPLINE_CURVE((1.,0.5,1.,0.5,
1.,0.5,1.)) REPRESENTATION_ITEM('') );
#2594 = CARTESIAN_POINT('',(-16.5,3.));
#2595 = CARTESIAN_POINT('',(-16.5,13.392304845413));
#2596 = CARTESIAN_POINT('',(-7.5,8.196152422707));
#2597 = CARTESIAN_POINT('',(1.5,3.));
#2598 = CARTESIAN_POINT('',(-7.5,-2.196152422707));
#2599 = CARTESIAN_POINT('',(-16.5,-7.392304845413));
#2600 = CARTESIAN_POINT('',(-16.5,3.));
#2601 = ( GEOMETRIC_REPRESENTATION_CONTEXT(2) 
PARAMETRIC_REPRESENTATION_CONTEXT() REPRESENTATION_CONTEXT('2D SPACE',''
  ) );
#2602 = PCURVE('',#2566,#2603);
#2603 = DEFINITIONAL_REPRESENTATION('',(#2604),#2608);
#2604 = LINE('',#2605,#2606);
#2605 = CARTESIAN_POINT('',(-0.,0.));
#2606 = VECTOR('',#2607,1.);
#2607 = DIRECTION('',(-1.,0.));
#2608 = ( GEOMETRIC_REPRESENTATION_CONTEXT(2) 
PARAMETRIC_REPRESENTATION_CONTEXT() REPRESENTATION_CONTEXT('2D SPACE',''
  ) );
#2609 = ORIENTED_EDGE('',*,*,#2610,.T.);
#2610 = EDGE_CURVE('',#2583,#2611,#2613,.T.);
#2611 = VERTEX_POINT('',#2612);
#2612 = CARTESIAN_POINT('',(8.881784197001E-16,15.65,38.));
#2613 = SURFACE_CURVE('',#2614,(#2618,#2625),.PCURVE_S1.);
#2614 = LINE('',#2615,#2616);
#2615 = CARTESIAN_POINT('',(0.,15.65,11.));
#2616 = VECTOR('',#2617,1.);
#2617 = DIRECTION('',(-0.,-0.,1.));
#2618 = PCURVE('',#2377,#2619);
#2619 = DEFINITIONAL_REPRESENTATION('',(#2620),#2624);
#2620 = LINE('',#2621,#2622);
#2621 = CARTESIAN_POINT('',(-16.5,9.));
#2622 = VECTOR('',#2623,1.);
#2623 = DIRECTION('',(1.,-0.));
#2624 = ( GEOMETRIC_REPRESENTATION_CONTEXT(2) 
PARAMETRIC_REPRESENTATION_CONTEXT() REPRESENTATION_CONTEXT('2D SPACE',''
  ) );
#2625 = PCURVE('',#2626,#2631);
#2626 = PLANE('',#2627);
#2627 = AXIS2_PLACEMENT_3D('',#2628,#2629,#2630);
#2628 = CARTESIAN_POINT('',(0.,15.65,11.));
#2629 = DIRECTION('',(-1.,-0.,-0.));
#2630 = DIRECTION('',(0.,0.,-1.));
#2631 = DEFINITIONAL_REPRESENTATION('',(#2632),#2636);
#2632 = LINE('',#2633,#2634);
#2633 = CARTESIAN_POINT('',(-0.,-0.));
#2634 = VECTOR('',#2635,1.);
#2635 = DIRECTION('',(-1.,-0.));
#2636 = ( GEOMETRIC_REPRESENTATION_CONTEXT(2) 
PARAMETRIC_REPRESENTATION_CONTEXT() REPRESENTATION_CONTEXT('2D SPACE',''
  ) );
#2637 = ORIENTED_EDGE('',*,*,#2638,.T.);
#2638 = EDGE_CURVE('',#2611,#2639,#2641,.T.);
#2639 = VERTEX_POINT('',#2640);
#2640 = CARTESIAN_POINT('',(-6.,15.65,44.));
#2641 = SURFACE_CURVE('',#2642,(#2647,#2658),.PCURVE_S1.);
#2642 = CIRCLE('',#2643,6.);
#2643 = AXIS2_PLACEMENT_3D('',#2644,#2645,#2646);
#2644 = CARTESIAN_POINT('',(-6.,15.65,38.));
#2645 = DIRECTION('',(0.,-1.,0.));
#2646 = DIRECTION('',(0.,-0.,-1.));
#2647 = PCURVE('',#2377,#2648);
#2648 = DEFINITIONAL_REPRESENTATION('',(#2649),#2657);
#2649 = ( BOUNDED_CURVE() B_SPLINE_CURVE(2,(#2650,#2651,#2652,#2653,
#2654,#2655,#2656),.UNSPECIFIED.,.T.,.F.) B_SPLINE_CURVE_WITH_KNOTS((1,2
    ,2,2,2,1),(-2.094395102393,0.,2.094395102393,4.188790204786,
6.28318530718,8.377580409573),.UNSPECIFIED.) CURVE() 
GEOMETRIC_REPRESENTATION_ITEM() RATIONAL_B_SPLINE_CURVE((1.,0.5,1.,0.5,
1.,0.5,1.)) REPRESENTATION_ITEM('') );
#2650 = CARTESIAN_POINT('',(4.5,3.));
#2651 = CARTESIAN_POINT('',(4.5,13.392304845413));
#2652 = CARTESIAN_POINT('',(13.5,8.196152422707));
#2653 = CARTESIAN_POINT('',(22.5,3.));
#2654 = CARTESIAN_POINT('',(13.5,-2.196152422707));
#2655 = CARTESIAN_POINT('',(4.5,-7.392304845413));
#2656 = CARTESIAN_POINT('',(4.5,3.));
#2657 = ( GEOMETRIC_REPRESENTATION_CONTEXT(2) 
PARAMETRIC_REPRESENTATION_CONTEXT() REPRESENTATION_CONTEXT('2D SPACE',''
  ) );
#2658 = PCURVE('',#2659,#2664);
#2659 = CYLINDRICAL_SURFACE('',#2660,6.);
#2660 = AXIS2_PLACEMENT_3D('',#2661,#2662,#2663);
#2661 = CARTESIAN_POINT('',(-6.,15.65,38.));
#2662 = DIRECTION('',(-0.,1.,-0.));
#2663 = DIRECTION('',(1.,-0.,-0.));
#2664 = DEFINITIONAL_REPRESENTATION('',(#2665),#2669);
#2665 = LINE('',#2666,#2667);
#2666 = CARTESIAN_POINT('',(1.570796326795,-0.));
#2667 = VECTOR('',#2668,1.);
#2668 = DIRECTION('',(-1.,0.));
#2669 = ( GEOMETRIC_REPRESENTATION_CONTEXT(2) 
PARAMETRIC_REPRESENTATION_CONTEXT() REPRESENTATION_CONTEXT('2D SPACE',''
  ) );
#2670 = ORIENTED_EDGE('',*,*,#2671,.T.);
#2671 = EDGE_CURVE('',#2639,#2672,#2674,.T.);
#2672 = VERTEX_POINT('',#2673);
#2673 = CARTESIAN_POINT('',(-12.,15.65,44.));
#2674 = SURFACE_CURVE('',#2675,(#2679,#2686),.PCURVE_S1.);
#2675 = LINE('',#2676,#2677);
#2676 = CARTESIAN_POINT('',(0.,15.65,44.));
#2677 = VECTOR('',#2678,1.);
#2678 = DIRECTION('',(-1.,-0.,-0.));
#2679 = PCURVE('',#2377,#2680);
#2680 = DEFINITIONAL_REPRESENTATION('',(#2681),#2685);
#2681 = LINE('',#2682,#2683);
#2682 = CARTESIAN_POINT('',(16.5,9.));
#2683 = VECTOR('',#2684,1.);
#2684 = DIRECTION('',(-0.,-1.));
#2685 = ( GEOMETRIC_REPRESENTATION_CONTEXT(2) 
PARAMETRIC_REPRESENTATION_CONTEXT() REPRESENTATION_CONTEXT('2D SPACE',''
  ) );
#2686 = PCURVE('',#2687,#2692);
#2687 = PLANE('',#2688);
#2688 = AXIS2_PLACEMENT_3D('',#2689,#2690,#2691);
#2689 = CARTESIAN_POINT('',(0.,15.65,44.));
#2690 = DIRECTION('',(-0.,0.,-1.));
#2691 = DIRECTION('',(1.,0.,0.));
#2692 = DEFINITIONAL_REPRESENTATION('',(#2693),#2697);
#2693 = LINE('',#2694,#2695);
#2694 = CARTESIAN_POINT('',(-0.,-0.));
#2695 = VECTOR('',#2696,1.);
#2696 = DIRECTION('',(-1.,0.));
#2697 = ( GEOMETRIC_REPRESENTATION_CONTEXT(2) 
PARAMETRIC_REPRESENTATION_CONTEXT() REPRESENTATION_CONTEXT('2D SPACE',''
  ) );
#2698 = ORIENTED_EDGE('',*,*,#2699,.T.);
#2699 = EDGE_CURVE('',#2672,#2700,#2702,.T.);
#2700 = VERTEX_POINT('',#2701);
#2701 = CARTESIAN_POINT('',(-18.,15.65,38.));
#2702 = SURFACE_CURVE('',#2703,(#2708,#2719),.PCURVE_S1.);
#2703 = CIRCLE('',#2704,6.);
#2704 = AXIS2_PLACEMENT_3D('',#2705,#2706,#2707);
#2705 = CARTESIAN_POINT('',(-12.,15.65,38.));
#2706 = DIRECTION('',(0.,-1.,0.));
#2707 = DIRECTION('',(0.,-0.,-1.));
#2708 = PCURVE('',#2377,#2709);
#2709 = DEFINITIONAL_REPRESENTATION('',(#2710),#2718);
#2710 = ( BOUNDED_CURVE() B_SPLINE_CURVE(2,(#2711,#2712,#2713,#2714,
#2715,#2716,#2717),.UNSPECIFIED.,.T.,.F.) B_SPLINE_CURVE_WITH_KNOTS((1,2
    ,2,2,2,1),(-2.094395102393,0.,2.094395102393,4.188790204786,
6.28318530718,8.377580409573),.UNSPECIFIED.) CURVE() 
GEOMETRIC_REPRESENTATION_ITEM() RATIONAL_B_SPLINE_CURVE((1.,0.5,1.,0.5,
1.,0.5,1.)) REPRESENTATION_ITEM('') );
#2711 = CARTESIAN_POINT('',(4.5,-3.));
#2712 = CARTESIAN_POINT('',(4.5,7.392304845413));
#2713 = CARTESIAN_POINT('',(13.5,2.196152422707));
#2714 = CARTESIAN_POINT('',(22.5,-3.));
#2715 = CARTESIAN_POINT('',(13.5,-8.196152422707));
#2716 = CARTESIAN_POINT('',(4.5,-13.39230484541));
#2717 = CARTESIAN_POINT('',(4.5,-3.));
#2718 = ( GEOMETRIC_REPRESENTATION_CONTEXT(2) 
PARAMETRIC_REPRESENTATION_CONTEXT() REPRESENTATION_CONTEXT('2D SPACE',''
  ) );
#2719 = PCURVE('',#2720,#2725);
#2720 = CYLINDRICAL_SURFACE('',#2721,6.);
#2721 = AXIS2_PLACEMENT_3D('',#2722,#2723,#2724);
#2722 = CARTESIAN_POINT('',(-12.,15.65,38.));
#2723 = DIRECTION('',(-0.,1.,-0.));
#2724 = DIRECTION('',(-0.,-0.,1.));
#2725 = DEFINITIONAL_REPRESENTATION('',(#2726),#2730);
#2726 = LINE('',#2727,#2728);
#2727 = CARTESIAN_POINT('',(3.14159265359,-0.));
#2728 = VECTOR('',#2729,1.);
#2729 = DIRECTION('',(-1.,0.));
#2730 = ( GEOMETRIC_REPRESENTATION_CONTEXT(2) 
PARAMETRIC_REPRESENTATION_CONTEXT() REPRESENTATION_CONTEXT('2D SPACE',''
  ) );
#2731 = ORIENTED_EDGE('',*,*,#2732,.T.);
#2732 = EDGE_CURVE('',#2700,#2733,#2735,.T.);
#2733 = VERTEX_POINT('',#2734);
#2734 = CARTESIAN_POINT('',(-18.,15.65,17.));
#2735 = SURFACE_CURVE('',#2736,(#2740,#2747),.PCURVE_S1.);
#2736 = LINE('',#2737,#2738);
#2737 = CARTESIAN_POINT('',(-18.,15.65,44.));
#2738 = VECTOR('',#2739,1.);
#2739 = DIRECTION('',(-0.,-0.,-1.));
#2740 = PCURVE('',#2377,#2741);
#2741 = DEFINITIONAL_REPRESENTATION('',(#2742),#2746);
#2742 = LINE('',#2743,#2744);
#2743 = CARTESIAN_POINT('',(16.5,-9.));
#2744 = VECTOR('',#2745,1.);
#2745 = DIRECTION('',(-1.,0.));
#2746 = ( GEOMETRIC_REPRESENTATION_CONTEXT(2) 
PARAMETRIC_REPRESENTATION_CONTEXT() REPRESENTATION_CONTEXT('2D SPACE',''
  ) );
#2747 = PCURVE('',#2748,#2753);
#2748 = PLANE('',#2749);
#2749 = AXIS2_PLACEMENT_3D('',#2750,#2751,#2752);
#2750 = CARTESIAN_POINT('',(-18.,15.65,44.));
#2751 = DIRECTION('',(1.,-0.,-0.));
#2752 = DIRECTION('',(0.,0.,1.));
#2753 = DEFINITIONAL_REPRESENTATION('',(#2754),#2758);
#2754 = LINE('',#2755,#2756);
#2755 = CARTESIAN_POINT('',(-0.,-0.));
#2756 = VECTOR('',#2757,1.);
#2757 = DIRECTION('',(-1.,0.));
#2758 = ( GEOMETRIC_REPRESENTATION_CONTEXT(2) 
PARAMETRIC_REPRESENTATION_CONTEXT() REPRESENTATION_CONTEXT('2D SPACE',''
  ) );
#2759 = ORIENTED_EDGE('',*,*,#2760,.F.);
#2760 = EDGE_CURVE('',#2355,#2733,#2761,.T.);
#2761 = SURFACE_CURVE('',#2762,(#2767,#2774),.PCURVE_S1.);
#2762 = CIRCLE('',#2763,6.);
#2763 = AXIS2_PLACEMENT_3D('',#2764,#2765,#2766);
#2764 = CARTESIAN_POINT('',(-12.,15.65,17.));
#2765 = DIRECTION('',(0.,1.,-0.));
#2766 = DIRECTION('',(-0.,-0.,-1.));
#2767 = PCURVE('',#2377,#2768);
#2768 = DEFINITIONAL_REPRESENTATION('',(#2769),#2773);
#2769 = CIRCLE('',#2770,6.);
#2770 = AXIS2_PLACEMENT_2D('',#2771,#2772);
#2771 = CARTESIAN_POINT('',(-10.5,-3.));
#2772 = DIRECTION('',(-1.,0.));
#2773 = ( GEOMETRIC_REPRESENTATION_CONTEXT(2) 
PARAMETRIC_REPRESENTATION_CONTEXT() REPRESENTATION_CONTEXT('2D SPACE',''
  ) );
#2774 = PCURVE('',#2405,#2775);
#2775 = DEFINITIONAL_REPRESENTATION('',(#2776),#2780);
#2776 = LINE('',#2777,#2778);
#2777 = CARTESIAN_POINT('',(0.,0.));
#2778 = VECTOR('',#2779,1.);
#2779 = DIRECTION('',(1.,0.));
#2780 = ( GEOMETRIC_REPRESENTATION_CONTEXT(2) 
PARAMETRIC_REPRESENTATION_CONTEXT() REPRESENTATION_CONTEXT('2D SPACE',''
  ) );
#2781 = FACE_BOUND('',#2782,.T.);
#2782 = EDGE_LOOP('',(#2783));
#2783 = ORIENTED_EDGE('',*,*,#2784,.T.);
#2784 = EDGE_CURVE('',#2785,#2785,#2787,.T.);
#2785 = VERTEX_POINT('',#2786);
#2786 = CARTESIAN_POINT('',(-15.,15.65,41.5));
#2787 = SURFACE_CURVE('',#2788,(#2793,#2800),.PCURVE_S1.);
#2788 = CIRCLE('',#2789,2.);
#2789 = AXIS2_PLACEMENT_3D('',#2790,#2791,#2792);
#2790 = CARTESIAN_POINT('',(-15.,15.65,39.5));
#2791 = DIRECTION('',(0.,1.,0.));
#2792 = DIRECTION('',(-0.,-0.,1.));
#2793 = PCURVE('',#2377,#2794);
#2794 = DEFINITIONAL_REPRESENTATION('',(#2795),#2799);
#2795 = CIRCLE('',#2796,2.);
#2796 = AXIS2_PLACEMENT_2D('',#2797,#2798);
#2797 = CARTESIAN_POINT('',(12.,-6.));
#2798 = DIRECTION('',(1.,-0.));
#2799 = ( GEOMETRIC_REPRESENTATION_CONTEXT(2) 
PARAMETRIC_REPRESENTATION_CONTEXT() REPRESENTATION_CONTEXT('2D SPACE',''
  ) );
#2800 = PCURVE('',#2801,#2806);
#2801 = CYLINDRICAL_SURFACE('',#2802,2.);
#2802 = AXIS2_PLACEMENT_3D('',#2803,#2804,#2805);
#2803 = CARTESIAN_POINT('',(-15.,21.65,39.5));
#2804 = DIRECTION('',(-0.,-1.,-0.));
#2805 = DIRECTION('',(-0.,-0.,1.));
#2806 = DEFINITIONAL_REPRESENTATION('',(#2807),#2811);
#2807 = LINE('',#2808,#2809);
#2808 = CARTESIAN_POINT('',(-0.,6.));
#2809 = VECTOR('',#2810,1.);
#2810 = DIRECTION('',(-1.,0.));
#2811 = ( GEOMETRIC_REPRESENTATION_CONTEXT(2) 
PARAMETRIC_REPRESENTATION_CONTEXT() REPRESENTATION_CONTEXT('2D SPACE',''
  ) );
#2812 = ADVANCED_FACE('',(#2813),#2566,.T.);
#2813 = FACE_BOUND('',#2814,.F.);
#2814 = EDGE_LOOP('',(#2815,#2816,#2817,#2840));
#2815 = ORIENTED_EDGE('',*,*,#2552,.F.);
#2816 = ORIENTED_EDGE('',*,*,#2582,.T.);
#2817 = ORIENTED_EDGE('',*,*,#2818,.T.);
#2818 = EDGE_CURVE('',#2583,#2819,#2821,.T.);
#2819 = VERTEX_POINT('',#2820);
#2820 = CARTESIAN_POINT('',(8.881784197001E-16,24.449099172206,17.));
#2821 = SURFACE_CURVE('',#2822,(#2826,#2833),.PCURVE_S1.);
#2822 = LINE('',#2823,#2824);
#2823 = CARTESIAN_POINT('',(8.881784197001E-16,15.65,17.));
#2824 = VECTOR('',#2825,1.);
#2825 = DIRECTION('',(-0.,1.,-0.));
#2826 = PCURVE('',#2566,#2827);
#2827 = DEFINITIONAL_REPRESENTATION('',(#2828),#2832);
#2828 = LINE('',#2829,#2830);
#2829 = CARTESIAN_POINT('',(-1.570796326795,0.));
#2830 = VECTOR('',#2831,1.);
#2831 = DIRECTION('',(-0.,1.));
#2832 = ( GEOMETRIC_REPRESENTATION_CONTEXT(2) 
PARAMETRIC_REPRESENTATION_CONTEXT() REPRESENTATION_CONTEXT('2D SPACE',''
  ) );
#2833 = PCURVE('',#2626,#2834);
#2834 = DEFINITIONAL_REPRESENTATION('',(#2835),#2839);
#2835 = LINE('',#2836,#2837);
#2836 = CARTESIAN_POINT('',(-6.,-0.));
#2837 = VECTOR('',#2838,1.);
#2838 = DIRECTION('',(-0.,-1.));
#2839 = ( GEOMETRIC_REPRESENTATION_CONTEXT(2) 
PARAMETRIC_REPRESENTATION_CONTEXT() REPRESENTATION_CONTEXT('2D SPACE',''
  ) );
#2840 = ORIENTED_EDGE('',*,*,#2841,.T.);
#2841 = EDGE_CURVE('',#2819,#2530,#2842,.T.);
#2842 = SURFACE_CURVE('',#2843,(#2876,#2912),.PCURVE_S1.);
#2843 = B_SPLINE_CURVE_WITH_KNOTS('',7,(#2844,#2845,#2846,#2847,#2848,
    #2849,#2850,#2851,#2852,#2853,#2854,#2855,#2856,#2857,#2858,#2859,
    #2860,#2861,#2862,#2863,#2864,#2865,#2866,#2867,#2868,#2869,#2870,
    #2871,#2872,#2873,#2874,#2875),.UNSPECIFIED.,.F.,.F.,(8,6,6,6,6,8),(
    0.,0.179827366231,0.351516487445,0.609183124931,0.8265418779,1.),
  .UNSPECIFIED.);
#2844 = CARTESIAN_POINT('',(8.881784197001E-16,24.449099172206,17.));
#2845 = CARTESIAN_POINT('',(8.881784197001E-16,24.371518097384,
    16.712903431699));
#2846 = CARTESIAN_POINT('',(-1.60263440447E-02,24.310243359095,
    16.417360042257));
#2847 = CARTESIAN_POINT('',(-4.9780410216E-02,24.267330577013,
    16.117732081325));
#2848 = CARTESIAN_POINT('',(-0.101832367966,24.243475078217,
    15.818517223981));
#2849 = CARTESIAN_POINT('',(-0.17153539009,24.238100463724,
    15.524208297973));
#2850 = CARTESIAN_POINT('',(-0.256932679241,24.249451083435,
    15.239198742947));
#2851 = CARTESIAN_POINT('',(-0.447959324983,24.298783617761,
    14.70855424411));
#2852 = CARTESIAN_POINT('',(-0.552760664503,24.335605299582,
    14.460991409969));
#2853 = CARTESIAN_POINT('',(-0.667527088334,24.383146639201,
    14.22530210578));
#2854 = CARTESIAN_POINT('',(-0.790825031444,24.439600316706,
    14.001569763865));
#2855 = CARTESIAN_POINT('',(-0.921329328504,24.503326875875,
    13.789741410182));
#2856 = CARTESIAN_POINT('',(-1.057822480276,24.572834605632,
    13.589659169548));
#2857 = CARTESIAN_POINT('',(-1.41133940293,24.75773271038,
    13.118080985835));
#2858 = CARTESIAN_POINT('',(-1.635567431355,24.879247163352,
    12.859523373604));
#2859 = CARTESIAN_POINT('',(-1.869289061294,25.007449033748,
    12.623772551339));
#2860 = CARTESIAN_POINT('',(-2.110842650358,25.139386100892,
    12.409093161293));
#2861 = CARTESIAN_POINT('',(-2.35940289388,25.272722828507,
    12.213824805083));
#2862 = CARTESIAN_POINT('',(-2.614871330579,25.405472764211,
    12.036560645134));
#2863 = CARTESIAN_POINT('',(-3.099661450227,25.645250017943,
    11.741148887686));
#2864 = CARTESIAN_POINT('',(-3.326581016176,25.752934204063,
    11.618237603438));
#2865 = CARTESIAN_POINT('',(-3.558534244602,25.857136730046,
    11.507193977726));
#2866 = CARTESIAN_POINT('',(-3.795468362049,25.95625288047,
    11.40788116832));
#2867 = CARTESIAN_POINT('',(-4.03738533591,26.048459709972,
    11.320310539471));
#2868 = CARTESIAN_POINT('',(-4.284382184081,26.13172863479,
    11.244625380046));
#2869 = CARTESIAN_POINT('',(-4.738026105216,26.261520578241,
    11.130543070797));
#2870 = CARTESIAN_POINT('',(-4.943384178035,26.312250909729,
    11.08754184684));
#2871 = CARTESIAN_POINT('',(-5.151628960735,26.354572058846,
    11.052760638067));
#2872 = CARTESIAN_POINT('',(-5.361938926861,26.387249690655,
    11.026483822465));
#2873 = CARTESIAN_POINT('',(-5.573721682261,26.409405951166,
    11.008860262359));
#2874 = CARTESIAN_POINT('',(-5.786534050848,26.420544734181,11.));
#2875 = CARTESIAN_POINT('',(-6.,26.420544734181,11.));
#2876 = PCURVE('',#2566,#2877);
#2877 = DEFINITIONAL_REPRESENTATION('',(#2878),#2911);
#2878 = B_SPLINE_CURVE_WITH_KNOTS('',7,(#2879,#2880,#2881,#2882,#2883,
    #2884,#2885,#2886,#2887,#2888,#2889,#2890,#2891,#2892,#2893,#2894,
    #2895,#2896,#2897,#2898,#2899,#2900,#2901,#2902,#2903,#2904,#2905,
    #2906,#2907,#2908,#2909,#2910),.UNSPECIFIED.,.F.,.F.,(8,6,6,6,6,8),(
    0.,0.179827366231,0.351516487445,0.609183124931,0.8265418779,1.),
  .UNSPECIFIED.);
#2879 = CARTESIAN_POINT('',(-1.570796326795,8.799099172206));
#2880 = CARTESIAN_POINT('',(-1.522946898745,8.721518097384));
#2881 = CARTESIAN_POINT('',(-1.473689584554,8.660243359095));
#2882 = CARTESIAN_POINT('',(-1.423572945395,8.617330577013));
#2883 = CARTESIAN_POINT('',(-1.373119150635,8.593475078217));
#2884 = CARTESIAN_POINT('',(-1.322850974933,8.588100463724));
#2885 = CARTESIAN_POINT('',(-1.273336241478,8.599451083435));
#2886 = CARTESIAN_POINT('',(-1.179339379307,8.648783617761));
#2887 = CARTESIAN_POINT('',(-1.134601567888,8.685605299582));
#2888 = CARTESIAN_POINT('',(-1.09100509809,8.733146639201));
#2889 = CARTESIAN_POINT('',(-1.0485222698,8.789600316706));
#2890 = CARTESIAN_POINT('',(-1.007128214308,8.853326875875));
#2891 = CARTESIAN_POINT('',(-0.966800860255,8.922834605632));
#2892 = CARTESIAN_POINT('',(-0.868572074313,9.10773271038));
#2893 = CARTESIAN_POINT('',(-0.811675841711,9.229247163352));
#2894 = CARTESIAN_POINT('',(-0.756537355432,9.357449033748));
#2895 = CARTESIAN_POINT('',(-0.702861612359,9.489386100892));
#2896 = CARTESIAN_POINT('',(-0.650329609259,9.622722828507));
#2897 = CARTESIAN_POINT('',(-0.59859666049,9.755472764211));
#2898 = CARTESIAN_POINT('',(-0.503979072487,9.995250017943));
#2899 = CARTESIAN_POINT('',(-0.461023104401,10.102934204063));
#2900 = CARTESIAN_POINT('',(-0.418247754901,10.207136730046));
#2901 = CARTESIAN_POINT('',(-0.375524424569,10.30625288047));
#2902 = CARTESIAN_POINT('',(-0.332730033374,10.398459709972));
#2903 = CARTESIAN_POINT('',(-0.289730435014,10.48172863479));
#2904 = CARTESIAN_POINT('',(-0.21176898078,10.611520578241));
#2905 = CARTESIAN_POINT('',(-0.176828282219,10.662250909729));
#2906 = CARTESIAN_POINT('',(-0.141687251654,10.704572058846));
#2907 = CARTESIAN_POINT('',(-0.106417180927,10.737249690655));
#2908 = CARTESIAN_POINT('',(-7.104634184571E-02,10.759405951166));
#2909 = CARTESIAN_POINT('',(-3.557765819194E-02,10.770544734181));
#2910 = CARTESIAN_POINT('',(0.,10.770544734181));
#2911 = ( GEOMETRIC_REPRESENTATION_CONTEXT(2) 
PARAMETRIC_REPRESENTATION_CONTEXT() REPRESENTATION_CONTEXT('2D SPACE',''
  ) );
#2912 = PCURVE('',#2489,#2913);
#2913 = DEFINITIONAL_REPRESENTATION('',(#2914),#2947);
#2914 = B_SPLINE_CURVE_WITH_KNOTS('',7,(#2915,#2916,#2917,#2918,#2919,
    #2920,#2921,#2922,#2923,#2924,#2925,#2926,#2927,#2928,#2929,#2930,
    #2931,#2932,#2933,#2934,#2935,#2936,#2937,#2938,#2939,#2940,#2941,
    #2942,#2943,#2944,#2945,#2946),.UNSPECIFIED.,.F.,.F.,(8,6,6,6,6,8),(
    0.,0.179827366231,0.351516487445,0.609183124931,0.8265418779,1.),
  .UNSPECIFIED.);
#2915 = CARTESIAN_POINT('',(-4.448466132255,0.5));
#2916 = CARTESIAN_POINT('',(-4.500186848803,0.5));
#2917 = CARTESIAN_POINT('',(-4.552586004067,0.516026344045));
#2918 = CARTESIAN_POINT('',(-4.605063457717,0.549780410216));
#2919 = CARTESIAN_POINT('',(-4.657086293021,0.601832367966));
#2920 = CARTESIAN_POINT('',(-4.708137987655,0.67153539009));
#2921 = CARTESIAN_POINT('',(-4.757674850923,0.756932679241));
#2922 = CARTESIAN_POINT('',(-4.850358802071,0.947959324983));
#2923 = CARTESIAN_POINT('',(-4.893821163013,1.052760664503));
#2924 = CARTESIAN_POINT('',(-4.935551383075,1.167527088334));
#2925 = CARTESIAN_POINT('',(-4.975603453323,1.290825031444));
#2926 = CARTESIAN_POINT('',(-5.014017959246,1.421329328504));
#2927 = CARTESIAN_POINT('',(-5.050826358681,1.557822480276));
#2928 = CARTESIAN_POINT('',(-5.138918644453,1.91133940293));
#2929 = CARTESIAN_POINT('',(-5.18849647611,2.135567431355));
#2930 = CARTESIAN_POINT('',(-5.23504735347,2.369289061293));
#2931 = CARTESIAN_POINT('',(-5.278771618768,2.610842650359));
#2932 = CARTESIAN_POINT('',(-5.31982834988,2.85940289388));
#2933 = CARTESIAN_POINT('',(-5.358314014447,3.114871330579));
#2934 = CARTESIAN_POINT('',(-5.424483582458,3.599661450227));
#2935 = CARTESIAN_POINT('',(-5.452882782128,3.826581016176));
#2936 = CARTESIAN_POINT('',(-5.47934287201,4.058534244602));
#2937 = CARTESIAN_POINT('',(-5.50372752746,4.295468362049));
#2938 = CARTESIAN_POINT('',(-5.525834008509,4.53738533591));
#2939 = CARTESIAN_POINT('',(-5.545400988476,4.784382184081));
#2940 = CARTESIAN_POINT('',(-5.575453606161,5.238026105216));
#2941 = CARTESIAN_POINT('',(-5.587017463673,5.443384178035));
#2942 = CARTESIAN_POINT('',(-5.596543178186,5.651628960734));
#2943 = CARTESIAN_POINT('',(-5.603835437825,5.861938926861));
#2944 = CARTESIAN_POINT('',(-5.608759154984,6.073721682261));
#2945 = CARTESIAN_POINT('',(-5.611234410684,6.286534050848));
#2946 = CARTESIAN_POINT('',(-5.611234410684,6.5));
#2947 = ( GEOMETRIC_REPRESENTATION_CONTEXT(2) 
PARAMETRIC_REPRESENTATION_CONTEXT() REPRESENTATION_CONTEXT('2D SPACE',''
  ) );
#2948 = ADVANCED_FACE('',(#2949),#2489,.F.);
#2949 = FACE_BOUND('',#2950,.T.);
#2950 = EDGE_LOOP('',(#2951,#2977,#2978,#3106,#3132,#3133));
#2951 = ORIENTED_EDGE('',*,*,#2952,.F.);
#2952 = EDGE_CURVE('',#2474,#2502,#2953,.T.);
#2953 = SURFACE_CURVE('',#2954,(#2959,#2966),.PCURVE_S1.);
#2954 = CIRCLE('',#2955,5.75);
#2955 = AXIS2_PLACEMENT_3D('',#2956,#2957,#2958);
#2956 = CARTESIAN_POINT('',(-9.,30.,15.5));
#2957 = DIRECTION('',(1.,0.,-0.));
#2958 = DIRECTION('',(-0.,-0.,-1.));
#2959 = PCURVE('',#2489,#2960);
#2960 = DEFINITIONAL_REPRESENTATION('',(#2961),#2965);
#2961 = LINE('',#2962,#2963);
#2962 = CARTESIAN_POINT('',(-0.,9.5));
#2963 = VECTOR('',#2964,1.);
#2964 = DIRECTION('',(-1.,0.));
#2965 = ( GEOMETRIC_REPRESENTATION_CONTEXT(2) 
PARAMETRIC_REPRESENTATION_CONTEXT() REPRESENTATION_CONTEXT('2D SPACE',''
  ) );
#2966 = PCURVE('',#2517,#2967);
#2967 = DEFINITIONAL_REPRESENTATION('',(#2968),#2976);
#2968 = ( BOUNDED_CURVE() B_SPLINE_CURVE(2,(#2969,#2970,#2971,#2972,
#2973,#2974,#2975),.UNSPECIFIED.,.T.,.F.) B_SPLINE_CURVE_WITH_KNOTS((1,2
    ,2,2,2,1),(-2.094395102393,0.,2.094395102393,4.188790204786,
6.28318530718,8.377580409573),.UNSPECIFIED.) CURVE() 
GEOMETRIC_REPRESENTATION_ITEM() RATIONAL_B_SPLINE_CURVE((1.,0.5,1.,0.5,
1.,0.5,1.)) REPRESENTATION_ITEM('') );
#2969 = CARTESIAN_POINT('',(-5.75,0.));
#2970 = CARTESIAN_POINT('',(-5.75,9.959292143521));
#2971 = CARTESIAN_POINT('',(2.875,4.979646071761));
#2972 = CARTESIAN_POINT('',(11.5,1.408343819019E-15));
#2973 = CARTESIAN_POINT('',(2.875,-4.979646071761));
#2974 = CARTESIAN_POINT('',(-5.75,-9.959292143521));
#2975 = CARTESIAN_POINT('',(-5.75,0.));
#2976 = ( GEOMETRIC_REPRESENTATION_CONTEXT(2) 
PARAMETRIC_REPRESENTATION_CONTEXT() REPRESENTATION_CONTEXT('2D SPACE',''
  ) );
#2977 = ORIENTED_EDGE('',*,*,#2473,.F.);
#2978 = ORIENTED_EDGE('',*,*,#2979,.T.);
#2979 = EDGE_CURVE('',#2446,#2980,#2982,.T.);
#2980 = VERTEX_POINT('',#2981);
#2981 = CARTESIAN_POINT('',(8.881784197001E-16,35.550900827794,17.));
#2982 = SURFACE_CURVE('',#2983,(#3022,#3064),.PCURVE_S1.);
#2983 = B_SPLINE_CURVE_WITH_KNOTS('',7,(#2984,#2985,#2986,#2987,#2988,
    #2989,#2990,#2991,#2992,#2993,#2994,#2995,#2996,#2997,#2998,#2999,
    #3000,#3001,#3002,#3003,#3004,#3005,#3006,#3007,#3008,#3009,#3010,
    #3011,#3012,#3013,#3014,#3015,#3016,#3017,#3018,#3019,#3020,#3021),
  .UNSPECIFIED.,.F.,.F.,(8,6,6,6,6,6,8),(0.,0.170268649693,
    0.392056660368,0.64928749123,0.744809017791,0.930344395883,1.),
  .UNSPECIFIED.);
#2984 = CARTESIAN_POINT('',(-6.,33.579455265819,11.));
#2985 = CARTESIAN_POINT('',(-5.790552216594,33.579455265819,11.));
#2986 = CARTESIAN_POINT('',(-5.581731785286,33.590178666392,
    11.008529853139));
#2987 = CARTESIAN_POINT('',(-5.373902408035,33.61151117735,
    11.02549817362));
#2988 = CARTESIAN_POINT('',(-5.167486146957,33.642988615497,
    11.050799573314));
#2989 = CARTESIAN_POINT('',(-4.963038890234,33.683792555576,
    11.084292421651));
#2990 = CARTESIAN_POINT('',(-4.761323558912,33.732774374433,
    11.125713254181));
#2991 = CARTESIAN_POINT('',(-4.305545719986,33.861104615946,
    11.238112568635));
#2992 = CARTESIAN_POINT('',(-4.053231236343,33.945405051922,
    11.314459661817));
#2993 = CARTESIAN_POINT('',(-3.806193622576,34.039128142865,
    11.403185952827));
#2994 = CARTESIAN_POINT('',(-3.564331957669,34.140110764311,
    11.504134898019));
#2995 = CARTESIAN_POINT('',(-3.327651273404,34.246409707052,
    11.617289133911));
#2996 = CARTESIAN_POINT('',(-3.096216311752,34.356318001307,
    11.742787261247));
#2997 = CARTESIAN_POINT('',(-2.607840862256,34.598167294575,
    12.041396675686));
#2998 = CARTESIAN_POINT('',(-2.353050814482,34.730666858653,
    12.218719285988));
#2999 = CARTESIAN_POINT('',(-2.10514576443,34.863710079143,
    12.413995093697));
#3000 = CARTESIAN_POINT('',(-1.864229523076,34.995321363333,
    12.6286291786));
#3001 = CARTESIAN_POINT('',(-1.631130145986,35.123174135048,
    12.864276458293));
#3002 = CARTESIAN_POINT('',(-1.407507951132,35.244326517891,
    13.122664286708));
#3003 = CARTESIAN_POINT('',(-1.117370726548,35.39599907175,
    13.510425623358));
#3004 = CARTESIAN_POINT('',(-1.040414646228,35.435642520158,
    13.618857284813));
#3005 = CARTESIAN_POINT('',(-0.96521099099,35.473653850534,
    13.730801970408));
#3006 = CARTESIAN_POINT('',(-0.891922492336,35.509809694116,
    13.846335164676));
#3007 = CARTESIAN_POINT('',(-0.820731290955,35.543866376247,
    13.96552438415));
#3008 = CARTESIAN_POINT('',(-0.751838094602,35.575558701409,
    14.088428667358));
#3009 = CARTESIAN_POINT('',(-0.556535035798,35.66100439269,
    14.461133229805));
#3010 = CARTESIAN_POINT('',(-0.435759868443,35.707991283569,
    14.723935708174));
#3011 = CARTESIAN_POINT('',(-0.326790143817,35.742328780035,
    15.001168342212));
#3012 = CARTESIAN_POINT('',(-0.232417716181,35.761276352605,
    15.290294443004));
#3013 = CARTESIAN_POINT('',(-0.154665551997,35.762660149981,
    15.588560179884));
#3014 = CARTESIAN_POINT('',(-9.483009740333E-02,35.744922015523,
    15.89303985604));
#3015 = CARTESIAN_POINT('',(-3.794552923782E-02,35.692956783877,
    16.316265558166));
#3016 = CARTESIAN_POINT('',(-2.508535384076E-02,35.676004510789,
    16.431778107161));
#3017 = CARTESIAN_POINT('',(-1.489743161443E-02,35.656288506533,
    16.547017580746));
#3018 = CARTESIAN_POINT('',(-7.358728948647E-03,35.633841929803,
    16.661720599146));
#3019 = CARTESIAN_POINT('',(-2.418646570884E-03,35.608727612337,
    16.775625088064));
#3020 = CARTESIAN_POINT('',(8.881784197001E-16,35.581038955655,
    16.888470827403));
#3021 = CARTESIAN_POINT('',(8.881784197001E-16,35.550900827794,17.));
#3022 = PCURVE('',#2489,#3023);
#3023 = DEFINITIONAL_REPRESENTATION('',(#3024),#3063);
#3024 = B_SPLINE_CURVE_WITH_KNOTS('',7,(#3025,#3026,#3027,#3028,#3029,
    #3030,#3031,#3032,#3033,#3034,#3035,#3036,#3037,#3038,#3039,#3040,
    #3041,#3042,#3043,#3044,#3045,#3046,#3047,#3048,#3049,#3050,#3051,
    #3052,#3053,#3054,#3055,#3056,#3057,#3058,#3059,#3060,#3061,#3062),
  .UNSPECIFIED.,.F.,.F.,(8,6,6,6,6,6,8),(0.,0.170268649693,
    0.392056660368,0.64928749123,0.744809017791,0.930344395883,1.),
  .UNSPECIFIED.);
#3025 = CARTESIAN_POINT('',(-0.671950896496,6.5));
#3026 = CARTESIAN_POINT('',(-0.671950896496,6.290552216594));
#3027 = CARTESIAN_POINT('',(-0.674333849268,6.081731785286));
#3028 = CARTESIAN_POINT('',(-0.679074494187,5.873902408035));
#3029 = CARTESIAN_POINT('',(-0.686097822061,5.667486146957));
#3030 = CARTESIAN_POINT('',(-0.695277548238,5.463038890234));
#3031 = CARTESIAN_POINT('',(-0.706431915077,5.261323558912));
#3032 = CARTESIAN_POINT('',(-0.736100408241,4.805545719986));
#3033 = CARTESIAN_POINT('',(-0.755877591216,4.553231236343));
#3034 = CARTESIAN_POINT('',(-0.778313407595,4.306193622576));
#3035 = CARTESIAN_POINT('',(-0.803127893391,4.064331957669));
#3036 = CARTESIAN_POINT('',(-0.830103678478,3.827651273404));
#3037 = CARTESIAN_POINT('',(-0.859094795261,3.596216311752));
#3038 = CARTESIAN_POINT('',(-0.925923281098,3.107840862256));
#3039 = CARTESIAN_POINT('',(-0.964391007923,2.853050814482));
#3040 = CARTESIAN_POINT('',(-1.005420153268,2.60514576443));
#3041 = CARTESIAN_POINT('',(-1.049108300365,2.364229523076));
#3042 = CARTESIAN_POINT('',(-1.095614728291,2.131130145986));
#3043 = CARTESIAN_POINT('',(-1.1451394652,1.907507951132));
#3044 = CARTESIAN_POINT('',(-1.217551522347,1.617370726548));
#3045 = CARTESIAN_POINT('',(-1.237625006152,1.540414646228));
#3046 = CARTESIAN_POINT('',(-1.258176419796,1.46521099099));
#3047 = CARTESIAN_POINT('',(-1.279218733121,1.391922492336));
#3048 = CARTESIAN_POINT('',(-1.300765499296,1.320731290955));
#3049 = CARTESIAN_POINT('',(-1.322831316934,1.251838094602));
#3050 = CARTESIAN_POINT('',(-1.389331093252,1.056535035798));
#3051 = CARTESIAN_POINT('',(-1.435706221757,0.935759868443));
#3052 = CARTESIAN_POINT('',(-1.484173814406,0.826790143817));
#3053 = CARTESIAN_POINT('',(-1.53440648913,0.732417716181));
#3054 = CARTESIAN_POINT('',(-1.586118605446,0.654665551997));
#3055 = CARTESIAN_POINT('',(-1.639052908801,0.594830097403));
#3056 = CARTESIAN_POINT('',(-1.713210128033,0.537945529238));
#3057 = CARTESIAN_POINT('',(-1.733508826607,0.525085353841));
#3058 = CARTESIAN_POINT('',(-1.753832500664,0.514897431614));
#3059 = CARTESIAN_POINT('',(-1.774148886816,0.507358728949));
#3060 = CARTESIAN_POINT('',(-1.794425094743,0.502418646571));
#3061 = CARTESIAN_POINT('',(-1.814627089684,0.5));
#3062 = CARTESIAN_POINT('',(-1.834719174925,0.5));
#3063 = ( GEOMETRIC_REPRESENTATION_CONTEXT(2) 
PARAMETRIC_REPRESENTATION_CONTEXT() REPRESENTATION_CONTEXT('2D SPACE',''
  ) );
#3064 = PCURVE('',#2461,#3065);
#3065 = DEFINITIONAL_REPRESENTATION('',(#3066),#3105);
#3066 = B_SPLINE_CURVE_WITH_KNOTS('',7,(#3067,#3068,#3069,#3070,#3071,
    #3072,#3073,#3074,#3075,#3076,#3077,#3078,#3079,#3080,#3081,#3082,
    #3083,#3084,#3085,#3086,#3087,#3088,#3089,#3090,#3091,#3092,#3093,
    #3094,#3095,#3096,#3097,#3098,#3099,#3100,#3101,#3102,#3103,#3104),
  .UNSPECIFIED.,.F.,.F.,(8,6,6,6,6,6,8),(0.,0.170268649693,
    0.392056660368,0.64928749123,0.744809017791,0.930344395883,1.),
  .UNSPECIFIED.);
#3067 = CARTESIAN_POINT('',(0.,17.929455265819));
#3068 = CARTESIAN_POINT('',(-3.490796390099E-02,17.929455265819));
#3069 = CARTESIAN_POINT('',(-6.971132899437E-02,17.940178666392));
#3070 = CARTESIAN_POINT('',(-0.104419177944,17.96151117735));
#3071 = CARTESIAN_POINT('',(-0.139028251646,17.992988615497));
#3072 = CARTESIAN_POINT('',(-0.17351241468,18.033792555576));
#3073 = CARTESIAN_POINT('',(-0.207806626444,18.082774374433));
#3074 = CARTESIAN_POINT('',(-0.286045407029,18.211104615946));
#3075 = CARTESIAN_POINT('',(-0.329921413767,18.295405051922));
#3076 = CARTESIAN_POINT('',(-0.373578704331,18.389128142865));
#3077 = CARTESIAN_POINT('',(-0.417159162108,18.490110764311));
#3078 = CARTESIAN_POINT('',(-0.46079184838,18.596409707052));
#3079 = CARTESIAN_POINT('',(-0.50461144085,18.706318001307));
#3080 = CARTESIAN_POINT('',(-0.600016740328,18.948167294575));
#3081 = CARTESIAN_POINT('',(-0.651662893056,19.080666858653));
#3082 = CARTESIAN_POINT('',(-0.704110568853,19.213710079143));
#3083 = CARTESIAN_POINT('',(-0.757702788443,19.345321363334));
#3084 = CARTESIAN_POINT('',(-0.812756892068,19.473174135048));
#3085 = CARTESIAN_POINT('',(-0.869566290476,19.594326517891));
#3086 = CARTESIAN_POINT('',(-0.950281575978,19.74599907175));
#3087 = CARTESIAN_POINT('',(-0.972435379975,19.785642520158));
#3088 = CARTESIAN_POINT('',(-0.994900066188,19.823653850534));
#3089 = CARTESIAN_POINT('',(-1.017688590479,19.859809694116));
#3090 = CARTESIAN_POINT('',(-1.040813374295,19.893866376247));
#3091 = CARTESIAN_POINT('',(-1.064286719726,19.925558701409));
#3092 = CARTESIAN_POINT('',(-1.134415960664,20.01100439269));
#3093 = CARTESIAN_POINT('',(-1.18255544813,20.057991283569));
#3094 = CARTESIAN_POINT('',(-1.232073919879,20.092328780035));
#3095 = CARTESIAN_POINT('',(-1.28260142445,20.111276352605));
#3096 = CARTESIAN_POINT('',(-1.33382187683,20.112660149981));
#3097 = CARTESIAN_POINT('',(-1.385444672586,20.094922015523));
#3098 = CARTESIAN_POINT('',(-1.456616578919,20.042956783878));
#3099 = CARTESIAN_POINT('',(-1.47598260413,20.026004510789));
#3100 = CARTESIAN_POINT('',(-1.495256183994,20.006288506533));
#3101 = CARTESIAN_POINT('',(-1.51440594196,19.983841929803));
#3102 = CARTESIAN_POINT('',(-1.533400505768,19.958727612337));
#3103 = CARTESIAN_POINT('',(-1.552208131362,19.931038955655));
#3104 = CARTESIAN_POINT('',(-1.570796326795,19.900900827794));
#3105 = ( GEOMETRIC_REPRESENTATION_CONTEXT(2) 
PARAMETRIC_REPRESENTATION_CONTEXT() REPRESENTATION_CONTEXT('2D SPACE',''
  ) );
#3106 = ORIENTED_EDGE('',*,*,#3107,.T.);
#3107 = EDGE_CURVE('',#2980,#2819,#3108,.T.);
#3108 = SURFACE_CURVE('',#3109,(#3114,#3121),.PCURVE_S1.);
#3109 = CIRCLE('',#3110,5.75);
#3110 = AXIS2_PLACEMENT_3D('',#3111,#3112,#3113);
#3111 = CARTESIAN_POINT('',(0.,30.,15.5));
#3112 = DIRECTION('',(1.,0.,-0.));
#3113 = DIRECTION('',(-0.,-0.,-1.));
#3114 = PCURVE('',#2489,#3115);
#3115 = DEFINITIONAL_REPRESENTATION('',(#3116),#3120);
#3116 = LINE('',#3117,#3118);
#3117 = CARTESIAN_POINT('',(-0.,0.5));
#3118 = VECTOR('',#3119,1.);
#3119 = DIRECTION('',(-1.,0.));
#3120 = ( GEOMETRIC_REPRESENTATION_CONTEXT(2) 
PARAMETRIC_REPRESENTATION_CONTEXT() REPRESENTATION_CONTEXT('2D SPACE',''
  ) );
#3121 = PCURVE('',#2626,#3122);
#3122 = DEFINITIONAL_REPRESENTATION('',(#3123),#3131);
#3123 = ( BOUNDED_CURVE() B_SPLINE_CURVE(2,(#3124,#3125,#3126,#3127,
#3128,#3129,#3130),.UNSPECIFIED.,.T.,.F.) B_SPLINE_CURVE_WITH_KNOTS((1,2
    ,2,2,2,1),(-2.094395102393,0.,2.094395102393,4.188790204786,
6.28318530718,8.377580409573),.UNSPECIFIED.) CURVE() 
GEOMETRIC_REPRESENTATION_ITEM() RATIONAL_B_SPLINE_CURVE((1.,0.5,1.,0.5,
1.,0.5,1.)) REPRESENTATION_ITEM('') );
#3124 = CARTESIAN_POINT('',(1.25,-14.35));
#3125 = CARTESIAN_POINT('',(1.25,-24.30929214352));
#3126 = CARTESIAN_POINT('',(-7.375,-19.32964607176));
#3127 = CARTESIAN_POINT('',(-16.,-14.35));
#3128 = CARTESIAN_POINT('',(-7.375,-9.370353928239));
#3129 = CARTESIAN_POINT('',(1.25,-4.390707856479));
#3130 = CARTESIAN_POINT('',(1.25,-14.35));
#3131 = ( GEOMETRIC_REPRESENTATION_CONTEXT(2) 
PARAMETRIC_REPRESENTATION_CONTEXT() REPRESENTATION_CONTEXT('2D SPACE',''
  ) );
#3132 = ORIENTED_EDGE('',*,*,#2841,.T.);
#3133 = ORIENTED_EDGE('',*,*,#2529,.T.);
#3134 = ADVANCED_FACE('',(#3135,#3139),#2517,.F.);
#3135 = FACE_BOUND('',#3136,.T.);
#3136 = EDGE_LOOP('',(#3137,#3138));
#3137 = ORIENTED_EDGE('',*,*,#2501,.T.);
#3138 = ORIENTED_EDGE('',*,*,#2952,.T.);
#3139 = FACE_BOUND('',#3140,.T.);
#3140 = EDGE_LOOP('',(#3141));
#3141 = ORIENTED_EDGE('',*,*,#3142,.T.);
#3142 = EDGE_CURVE('',#3143,#3143,#3145,.T.);
#3143 = VERTEX_POINT('',#3144);
#3144 = CARTESIAN_POINT('',(-9.,30.,17.2));
#3145 = SURFACE_CURVE('',#3146,(#3151,#3158),.PCURVE_S1.);
#3146 = CIRCLE('',#3147,1.7);
#3147 = AXIS2_PLACEMENT_3D('',#3148,#3149,#3150);
#3148 = CARTESIAN_POINT('',(-9.,30.,15.5));
#3149 = DIRECTION('',(-1.,-0.,-0.));
#3150 = DIRECTION('',(-0.,-0.,1.));
#3151 = PCURVE('',#2517,#3152);
#3152 = DEFINITIONAL_REPRESENTATION('',(#3153),#3157);
#3153 = CIRCLE('',#3154,1.7);
#3154 = AXIS2_PLACEMENT_2D('',#3155,#3156);
#3155 = CARTESIAN_POINT('',(0.,0.));
#3156 = DIRECTION('',(1.,-0.));
#3157 = ( GEOMETRIC_REPRESENTATION_CONTEXT(2) 
PARAMETRIC_REPRESENTATION_CONTEXT() REPRESENTATION_CONTEXT('2D SPACE',''
  ) );
#3158 = PCURVE('',#3159,#3164);
#3159 = CYLINDRICAL_SURFACE('',#3160,1.7);
#3160 = AXIS2_PLACEMENT_3D('',#3161,#3162,#3163);
#3161 = CARTESIAN_POINT('',(-19.,30.,15.5));
#3162 = DIRECTION('',(1.,-0.,-0.));
#3163 = DIRECTION('',(-0.,-0.,1.));
#3164 = DEFINITIONAL_REPRESENTATION('',(#3165),#3169);
#3165 = LINE('',#3166,#3167);
#3166 = CARTESIAN_POINT('',(-0.,10.));
#3167 = VECTOR('',#3168,1.);
#3168 = DIRECTION('',(-1.,0.));
#3169 = ( GEOMETRIC_REPRESENTATION_CONTEXT(2) 
PARAMETRIC_REPRESENTATION_CONTEXT() REPRESENTATION_CONTEXT('2D SPACE',''
  ) );
#3170 = ADVANCED_FACE('',(#3171),#2461,.T.);
#3171 = FACE_BOUND('',#3172,.F.);
#3172 = EDGE_LOOP('',(#3173,#3174,#3175,#3198));
#3173 = ORIENTED_EDGE('',*,*,#2445,.F.);
#3174 = ORIENTED_EDGE('',*,*,#2979,.T.);
#3175 = ORIENTED_EDGE('',*,*,#3176,.T.);
#3176 = EDGE_CURVE('',#2980,#3177,#3179,.T.);
#3177 = VERTEX_POINT('',#3178);
#3178 = CARTESIAN_POINT('',(8.881784197001E-16,44.35,17.));
#3179 = SURFACE_CURVE('',#3180,(#3184,#3191),.PCURVE_S1.);
#3180 = LINE('',#3181,#3182);
#3181 = CARTESIAN_POINT('',(8.881784197001E-16,15.65,17.));
#3182 = VECTOR('',#3183,1.);
#3183 = DIRECTION('',(-0.,1.,-0.));
#3184 = PCURVE('',#2461,#3185);
#3185 = DEFINITIONAL_REPRESENTATION('',(#3186),#3190);
#3186 = LINE('',#3187,#3188);
#3187 = CARTESIAN_POINT('',(-1.570796326795,0.));
#3188 = VECTOR('',#3189,1.);
#3189 = DIRECTION('',(-0.,1.));
#3190 = ( GEOMETRIC_REPRESENTATION_CONTEXT(2) 
PARAMETRIC_REPRESENTATION_CONTEXT() REPRESENTATION_CONTEXT('2D SPACE',''
  ) );
#3191 = PCURVE('',#2626,#3192);
#3192 = DEFINITIONAL_REPRESENTATION('',(#3193),#3197);
#3193 = LINE('',#3194,#3195);
#3194 = CARTESIAN_POINT('',(-6.,-0.));
#3195 = VECTOR('',#3196,1.);
#3196 = DIRECTION('',(-0.,-1.));
#3197 = ( GEOMETRIC_REPRESENTATION_CONTEXT(2) 
PARAMETRIC_REPRESENTATION_CONTEXT() REPRESENTATION_CONTEXT('2D SPACE',''
  ) );
#3198 = ORIENTED_EDGE('',*,*,#3199,.F.);
#3199 = EDGE_CURVE('',#2418,#3177,#3200,.T.);
#3200 = SURFACE_CURVE('',#3201,(#3206,#3213),.PCURVE_S1.);
#3201 = CIRCLE('',#3202,6.);
#3202 = AXIS2_PLACEMENT_3D('',#3203,#3204,#3205);
#3203 = CARTESIAN_POINT('',(-6.,44.35,17.));
#3204 = DIRECTION('',(0.,-1.,0.));
#3205 = DIRECTION('',(0.,-0.,-1.));
#3206 = PCURVE('',#2461,#3207);
#3207 = DEFINITIONAL_REPRESENTATION('',(#3208),#3212);
#3208 = LINE('',#3209,#3210);
#3209 = CARTESIAN_POINT('',(-0.,28.7));
#3210 = VECTOR('',#3211,1.);
#3211 = DIRECTION('',(-1.,0.));
#3212 = ( GEOMETRIC_REPRESENTATION_CONTEXT(2) 
PARAMETRIC_REPRESENTATION_CONTEXT() REPRESENTATION_CONTEXT('2D SPACE',''
  ) );
#3213 = PCURVE('',#2433,#3214);
#3214 = DEFINITIONAL_REPRESENTATION('',(#3215),#3223);
#3215 = ( BOUNDED_CURVE() B_SPLINE_CURVE(2,(#3216,#3217,#3218,#3219,
#3220,#3221,#3222),.UNSPECIFIED.,.T.,.F.) B_SPLINE_CURVE_WITH_KNOTS((1,2
    ,2,2,2,1),(-2.094395102393,0.,2.094395102393,4.188790204786,
6.28318530718,8.377580409573),.UNSPECIFIED.) CURVE() 
GEOMETRIC_REPRESENTATION_ITEM() RATIONAL_B_SPLINE_CURVE((1.,0.5,1.,0.5,
1.,0.5,1.)) REPRESENTATION_ITEM('') );
#3216 = CARTESIAN_POINT('',(-16.5,3.));
#3217 = CARTESIAN_POINT('',(-16.5,13.392304845413));
#3218 = CARTESIAN_POINT('',(-7.5,8.196152422707));
#3219 = CARTESIAN_POINT('',(1.5,3.));
#3220 = CARTESIAN_POINT('',(-7.5,-2.196152422707));
#3221 = CARTESIAN_POINT('',(-16.5,-7.392304845413));
#3222 = CARTESIAN_POINT('',(-16.5,3.));
#3223 = ( GEOMETRIC_REPRESENTATION_CONTEXT(2) 
PARAMETRIC_REPRESENTATION_CONTEXT() REPRESENTATION_CONTEXT('2D SPACE',''
  ) );
#3224 = ADVANCED_FACE('',(#3225,#3391),#2433,.T.);
#3225 = FACE_BOUND('',#3226,.F.);
#3226 = EDGE_LOOP('',(#3227,#3228,#3229,#3252,#3285,#3313,#3346,#3369));
#3227 = ORIENTED_EDGE('',*,*,#2417,.T.);
#3228 = ORIENTED_EDGE('',*,*,#3199,.T.);
#3229 = ORIENTED_EDGE('',*,*,#3230,.T.);
#3230 = EDGE_CURVE('',#3177,#3231,#3233,.T.);
#3231 = VERTEX_POINT('',#3232);
#3232 = CARTESIAN_POINT('',(8.881784197001E-16,44.35,38.));
#3233 = SURFACE_CURVE('',#3234,(#3238,#3245),.PCURVE_S1.);
#3234 = LINE('',#3235,#3236);
#3235 = CARTESIAN_POINT('',(0.,44.35,11.));
#3236 = VECTOR('',#3237,1.);
#3237 = DIRECTION('',(-0.,-0.,1.));
#3238 = PCURVE('',#2433,#3239);
#3239 = DEFINITIONAL_REPRESENTATION('',(#3240),#3244);
#3240 = LINE('',#3241,#3242);
#3241 = CARTESIAN_POINT('',(-16.5,9.));
#3242 = VECTOR('',#3243,1.);
#3243 = DIRECTION('',(1.,-0.));
#3244 = ( GEOMETRIC_REPRESENTATION_CONTEXT(2) 
PARAMETRIC_REPRESENTATION_CONTEXT() REPRESENTATION_CONTEXT('2D SPACE',''
  ) );
#3245 = PCURVE('',#2626,#3246);
#3246 = DEFINITIONAL_REPRESENTATION('',(#3247),#3251);
#3247 = LINE('',#3248,#3249);
#3248 = CARTESIAN_POINT('',(-0.,-28.7));
#3249 = VECTOR('',#3250,1.);
#3250 = DIRECTION('',(-1.,-0.));
#3251 = ( GEOMETRIC_REPRESENTATION_CONTEXT(2) 
PARAMETRIC_REPRESENTATION_CONTEXT() REPRESENTATION_CONTEXT('2D SPACE',''
  ) );
#3252 = ORIENTED_EDGE('',*,*,#3253,.T.);
#3253 = EDGE_CURVE('',#3231,#3254,#3256,.T.);
#3254 = VERTEX_POINT('',#3255);
#3255 = CARTESIAN_POINT('',(-6.,44.35,44.));
#3256 = SURFACE_CURVE('',#3257,(#3262,#3273),.PCURVE_S1.);
#3257 = CIRCLE('',#3258,6.);
#3258 = AXIS2_PLACEMENT_3D('',#3259,#3260,#3261);
#3259 = CARTESIAN_POINT('',(-6.,44.35,38.));
#3260 = DIRECTION('',(0.,-1.,0.));
#3261 = DIRECTION('',(0.,-0.,-1.));
#3262 = PCURVE('',#2433,#3263);
#3263 = DEFINITIONAL_REPRESENTATION('',(#3264),#3272);
#3264 = ( BOUNDED_CURVE() B_SPLINE_CURVE(2,(#3265,#3266,#3267,#3268,
#3269,#3270,#3271),.UNSPECIFIED.,.T.,.F.) B_SPLINE_CURVE_WITH_KNOTS((1,2
    ,2,2,2,1),(-2.094395102393,0.,2.094395102393,4.188790204786,
6.28318530718,8.377580409573),.UNSPECIFIED.) CURVE() 
GEOMETRIC_REPRESENTATION_ITEM() RATIONAL_B_SPLINE_CURVE((1.,0.5,1.,0.5,
1.,0.5,1.)) REPRESENTATION_ITEM('') );
#3265 = CARTESIAN_POINT('',(4.5,3.));
#3266 = CARTESIAN_POINT('',(4.5,13.392304845413));
#3267 = CARTESIAN_POINT('',(13.5,8.196152422707));
#3268 = CARTESIAN_POINT('',(22.5,3.));
#3269 = CARTESIAN_POINT('',(13.5,-2.196152422707));
#3270 = CARTESIAN_POINT('',(4.5,-7.392304845413));
#3271 = CARTESIAN_POINT('',(4.5,3.));
#3272 = ( GEOMETRIC_REPRESENTATION_CONTEXT(2) 
PARAMETRIC_REPRESENTATION_CONTEXT() REPRESENTATION_CONTEXT('2D SPACE',''
  ) );
#3273 = PCURVE('',#3274,#3279);
#3274 = CYLINDRICAL_SURFACE('',#3275,6.);
#3275 = AXIS2_PLACEMENT_3D('',#3276,#3277,#3278);
#3276 = CARTESIAN_POINT('',(-6.,15.65,38.));
#3277 = DIRECTION('',(-0.,1.,-0.));
#3278 = DIRECTION('',(1.,-0.,-0.));
#3279 = DEFINITIONAL_REPRESENTATION('',(#3280),#3284);
#3280 = LINE('',#3281,#3282);
#3281 = CARTESIAN_POINT('',(1.570796326795,28.7));
#3282 = VECTOR('',#3283,1.);
#3283 = DIRECTION('',(-1.,0.));
#3284 = ( GEOMETRIC_REPRESENTATION_CONTEXT(2) 
PARAMETRIC_REPRESENTATION_CONTEXT() REPRESENTATION_CONTEXT('2D SPACE',''
  ) );
#3285 = ORIENTED_EDGE('',*,*,#3286,.T.);
#3286 = EDGE_CURVE('',#3254,#3287,#3289,.T.);
#3287 = VERTEX_POINT('',#3288);
#3288 = CARTESIAN_POINT('',(-12.,44.35,44.));
#3289 = SURFACE_CURVE('',#3290,(#3294,#3301),.PCURVE_S1.);
#3290 = LINE('',#3291,#3292);
#3291 = CARTESIAN_POINT('',(0.,44.35,44.));
#3292 = VECTOR('',#3293,1.);
#3293 = DIRECTION('',(-1.,-0.,-0.));
#3294 = PCURVE('',#2433,#3295);
#3295 = DEFINITIONAL_REPRESENTATION('',(#3296),#3300);
#3296 = LINE('',#3297,#3298);
#3297 = CARTESIAN_POINT('',(16.5,9.));
#3298 = VECTOR('',#3299,1.);
#3299 = DIRECTION('',(-0.,-1.));
#3300 = ( GEOMETRIC_REPRESENTATION_CONTEXT(2) 
PARAMETRIC_REPRESENTATION_CONTEXT() REPRESENTATION_CONTEXT('2D SPACE',''
  ) );
#3301 = PCURVE('',#3302,#3307);
#3302 = PLANE('',#3303);
#3303 = AXIS2_PLACEMENT_3D('',#3304,#3305,#3306);
#3304 = CARTESIAN_POINT('',(0.,15.65,44.));
#3305 = DIRECTION('',(-0.,0.,-1.));
#3306 = DIRECTION('',(1.,0.,0.));
#3307 = DEFINITIONAL_REPRESENTATION('',(#3308),#3312);
#3308 = LINE('',#3309,#3310);
#3309 = CARTESIAN_POINT('',(-0.,-28.7));
#3310 = VECTOR('',#3311,1.);
#3311 = DIRECTION('',(-1.,0.));
#3312 = ( GEOMETRIC_REPRESENTATION_CONTEXT(2) 
PARAMETRIC_REPRESENTATION_CONTEXT() REPRESENTATION_CONTEXT('2D SPACE',''
  ) );
#3313 = ORIENTED_EDGE('',*,*,#3314,.T.);
#3314 = EDGE_CURVE('',#3287,#3315,#3317,.T.);
#3315 = VERTEX_POINT('',#3316);
#3316 = CARTESIAN_POINT('',(-18.,44.35,38.));
#3317 = SURFACE_CURVE('',#3318,(#3323,#3334),.PCURVE_S1.);
#3318 = CIRCLE('',#3319,6.);
#3319 = AXIS2_PLACEMENT_3D('',#3320,#3321,#3322);
#3320 = CARTESIAN_POINT('',(-12.,44.35,38.));
#3321 = DIRECTION('',(0.,-1.,0.));
#3322 = DIRECTION('',(0.,-0.,-1.));
#3323 = PCURVE('',#2433,#3324);
#3324 = DEFINITIONAL_REPRESENTATION('',(#3325),#3333);
#3325 = ( BOUNDED_CURVE() B_SPLINE_CURVE(2,(#3326,#3327,#3328,#3329,
#3330,#3331,#3332),.UNSPECIFIED.,.T.,.F.) B_SPLINE_CURVE_WITH_KNOTS((1,2
    ,2,2,2,1),(-2.094395102393,0.,2.094395102393,4.188790204786,
6.28318530718,8.377580409573),.UNSPECIFIED.) CURVE() 
GEOMETRIC_REPRESENTATION_ITEM() RATIONAL_B_SPLINE_CURVE((1.,0.5,1.,0.5,
1.,0.5,1.)) REPRESENTATION_ITEM('') );
#3326 = CARTESIAN_POINT('',(4.5,-3.));
#3327 = CARTESIAN_POINT('',(4.5,7.392304845413));
#3328 = CARTESIAN_POINT('',(13.5,2.196152422707));
#3329 = CARTESIAN_POINT('',(22.5,-3.));
#3330 = CARTESIAN_POINT('',(13.5,-8.196152422707));
#3331 = CARTESIAN_POINT('',(4.5,-13.39230484541));
#3332 = CARTESIAN_POINT('',(4.5,-3.));
#3333 = ( GEOMETRIC_REPRESENTATION_CONTEXT(2) 
PARAMETRIC_REPRESENTATION_CONTEXT() REPRESENTATION_CONTEXT('2D SPACE',''
  ) );
#3334 = PCURVE('',#3335,#3340);
#3335 = CYLINDRICAL_SURFACE('',#3336,6.);
#3336 = AXIS2_PLACEMENT_3D('',#3337,#3338,#3339);
#3337 = CARTESIAN_POINT('',(-12.,15.65,38.));
#3338 = DIRECTION('',(-0.,1.,-0.));
#3339 = DIRECTION('',(-0.,-0.,1.));
#3340 = DEFINITIONAL_REPRESENTATION('',(#3341),#3345);
#3341 = LINE('',#3342,#3343);
#3342 = CARTESIAN_POINT('',(3.14159265359,28.7));
#3343 = VECTOR('',#3344,1.);
#3344 = DIRECTION('',(-1.,0.));
#3345 = ( GEOMETRIC_REPRESENTATION_CONTEXT(2) 
PARAMETRIC_REPRESENTATION_CONTEXT() REPRESENTATION_CONTEXT('2D SPACE',''
  ) );
#3346 = ORIENTED_EDGE('',*,*,#3347,.T.);
#3347 = EDGE_CURVE('',#3315,#3348,#3350,.T.);
#3348 = VERTEX_POINT('',#3349);
#3349 = CARTESIAN_POINT('',(-18.,44.35,17.));
#3350 = SURFACE_CURVE('',#3351,(#3355,#3362),.PCURVE_S1.);
#3351 = LINE('',#3352,#3353);
#3352 = CARTESIAN_POINT('',(-18.,44.35,44.));
#3353 = VECTOR('',#3354,1.);
#3354 = DIRECTION('',(-0.,-0.,-1.));
#3355 = PCURVE('',#2433,#3356);
#3356 = DEFINITIONAL_REPRESENTATION('',(#3357),#3361);
#3357 = LINE('',#3358,#3359);
#3358 = CARTESIAN_POINT('',(16.5,-9.));
#3359 = VECTOR('',#3360,1.);
#3360 = DIRECTION('',(-1.,0.));
#3361 = ( GEOMETRIC_REPRESENTATION_CONTEXT(2) 
PARAMETRIC_REPRESENTATION_CONTEXT() REPRESENTATION_CONTEXT('2D SPACE',''
  ) );
#3362 = PCURVE('',#2748,#3363);
#3363 = DEFINITIONAL_REPRESENTATION('',(#3364),#3368);
#3364 = LINE('',#3365,#3366);
#3365 = CARTESIAN_POINT('',(-0.,-28.7));
#3366 = VECTOR('',#3367,1.);
#3367 = DIRECTION('',(-1.,0.));
#3368 = ( GEOMETRIC_REPRESENTATION_CONTEXT(2) 
PARAMETRIC_REPRESENTATION_CONTEXT() REPRESENTATION_CONTEXT('2D SPACE',''
  ) );
#3369 = ORIENTED_EDGE('',*,*,#3370,.F.);
#3370 = EDGE_CURVE('',#2390,#3348,#3371,.T.);
#3371 = SURFACE_CURVE('',#3372,(#3377,#3384),.PCURVE_S1.);
#3372 = CIRCLE('',#3373,6.);
#3373 = AXIS2_PLACEMENT_3D('',#3374,#3375,#3376);
#3374 = CARTESIAN_POINT('',(-12.,44.35,17.));
#3375 = DIRECTION('',(0.,1.,-0.));
#3376 = DIRECTION('',(-0.,-0.,-1.));
#3377 = PCURVE('',#2433,#3378);
#3378 = DEFINITIONAL_REPRESENTATION('',(#3379),#3383);
#3379 = CIRCLE('',#3380,6.);
#3380 = AXIS2_PLACEMENT_2D('',#3381,#3382);
#3381 = CARTESIAN_POINT('',(-10.5,-3.));
#3382 = DIRECTION('',(-1.,0.));
#3383 = ( GEOMETRIC_REPRESENTATION_CONTEXT(2) 
PARAMETRIC_REPRESENTATION_CONTEXT() REPRESENTATION_CONTEXT('2D SPACE',''
  ) );
#3384 = PCURVE('',#2405,#3385);
#3385 = DEFINITIONAL_REPRESENTATION('',(#3386),#3390);
#3386 = LINE('',#3387,#3388);
#3387 = CARTESIAN_POINT('',(0.,28.7));
#3388 = VECTOR('',#3389,1.);
#3389 = DIRECTION('',(1.,0.));
#3390 = ( GEOMETRIC_REPRESENTATION_CONTEXT(2) 
PARAMETRIC_REPRESENTATION_CONTEXT() REPRESENTATION_CONTEXT('2D SPACE',''
  ) );
#3391 = FACE_BOUND('',#3392,.F.);
#3392 = EDGE_LOOP('',(#3393));
#3393 = ORIENTED_EDGE('',*,*,#3394,.T.);
#3394 = EDGE_CURVE('',#3395,#3395,#3397,.T.);
#3395 = VERTEX_POINT('',#3396);
#3396 = CARTESIAN_POINT('',(-15.,44.35,41.2));
#3397 = SURFACE_CURVE('',#3398,(#3403,#3410),.PCURVE_S1.);
#3398 = CIRCLE('',#3399,1.7);
#3399 = AXIS2_PLACEMENT_3D('',#3400,#3401,#3402);
#3400 = CARTESIAN_POINT('',(-15.,44.35,39.5));
#3401 = DIRECTION('',(0.,1.,0.));
#3402 = DIRECTION('',(-0.,-0.,1.));
#3403 = PCURVE('',#2433,#3404);
#3404 = DEFINITIONAL_REPRESENTATION('',(#3405),#3409);
#3405 = CIRCLE('',#3406,1.7);
#3406 = AXIS2_PLACEMENT_2D('',#3407,#3408);
#3407 = CARTESIAN_POINT('',(12.,-6.));
#3408 = DIRECTION('',(1.,-0.));
#3409 = ( GEOMETRIC_REPRESENTATION_CONTEXT(2) 
PARAMETRIC_REPRESENTATION_CONTEXT() REPRESENTATION_CONTEXT('2D SPACE',''
  ) );
#3410 = PCURVE('',#3411,#3416);
#3411 = CYLINDRICAL_SURFACE('',#3412,1.7);
#3412 = AXIS2_PLACEMENT_3D('',#3413,#3414,#3415);
#3413 = CARTESIAN_POINT('',(-15.,44.35,39.5));
#3414 = DIRECTION('',(-0.,-1.,-0.));
#3415 = DIRECTION('',(-0.,-0.,1.));
#3416 = DEFINITIONAL_REPRESENTATION('',(#3417),#3421);
#3417 = LINE('',#3418,#3419);
#3418 = CARTESIAN_POINT('',(-0.,0.));
#3419 = VECTOR('',#3420,1.);
#3420 = DIRECTION('',(-1.,0.));
#3421 = ( GEOMETRIC_REPRESENTATION_CONTEXT(2) 
PARAMETRIC_REPRESENTATION_CONTEXT() REPRESENTATION_CONTEXT('2D SPACE',''
  ) );
#3422 = ADVANCED_FACE('',(#3423),#2405,.T.);
#3423 = FACE_BOUND('',#3424,.T.);
#3424 = EDGE_LOOP('',(#3425,#3426,#3427,#3450,#3700,#3721));
#3425 = ORIENTED_EDGE('',*,*,#2389,.F.);
#3426 = ORIENTED_EDGE('',*,*,#2760,.T.);
#3427 = ORIENTED_EDGE('',*,*,#3428,.T.);
#3428 = EDGE_CURVE('',#2733,#3429,#3431,.T.);
#3429 = VERTEX_POINT('',#3430);
#3430 = CARTESIAN_POINT('',(-18.,27.57667583679,17.));
#3431 = SURFACE_CURVE('',#3432,(#3436,#3443),.PCURVE_S1.);
#3432 = LINE('',#3433,#3434);
#3433 = CARTESIAN_POINT('',(-18.,15.65,17.));
#3434 = VECTOR('',#3435,1.);
#3435 = DIRECTION('',(-0.,1.,-0.));
#3436 = PCURVE('',#2405,#3437);
#3437 = DEFINITIONAL_REPRESENTATION('',(#3438),#3442);
#3438 = LINE('',#3439,#3440);
#3439 = CARTESIAN_POINT('',(1.570796326795,0.));
#3440 = VECTOR('',#3441,1.);
#3441 = DIRECTION('',(0.,1.));
#3442 = ( GEOMETRIC_REPRESENTATION_CONTEXT(2) 
PARAMETRIC_REPRESENTATION_CONTEXT() REPRESENTATION_CONTEXT('2D SPACE',''
  ) );
#3443 = PCURVE('',#2748,#3444);
#3444 = DEFINITIONAL_REPRESENTATION('',(#3445),#3449);
#3445 = LINE('',#3446,#3447);
#3446 = CARTESIAN_POINT('',(-27.,0.));
#3447 = VECTOR('',#3448,1.);
#3448 = DIRECTION('',(-0.,-1.));
#3449 = ( GEOMETRIC_REPRESENTATION_CONTEXT(2) 
PARAMETRIC_REPRESENTATION_CONTEXT() REPRESENTATION_CONTEXT('2D SPACE',''
  ) );
#3450 = ORIENTED_EDGE('',*,*,#3451,.F.);
#3451 = EDGE_CURVE('',#3452,#3429,#3454,.T.);
#3452 = VERTEX_POINT('',#3453);
#3453 = CARTESIAN_POINT('',(-18.,32.42332416321,17.));
#3454 = SURFACE_CURVE('',#3455,(#3533,#3614),.PCURVE_S1.);
#3455 = B_SPLINE_CURVE_WITH_KNOTS('',6,(#3456,#3457,#3458,#3459,#3460,
    #3461,#3462,#3463,#3464,#3465,#3466,#3467,#3468,#3469,#3470,#3471,
    #3472,#3473,#3474,#3475,#3476,#3477,#3478,#3479,#3480,#3481,#3482,
    #3483,#3484,#3485,#3486,#3487,#3488,#3489,#3490,#3491,#3492,#3493,
    #3494,#3495,#3496,#3497,#3498,#3499,#3500,#3501,#3502,#3503,#3504,
    #3505,#3506,#3507,#3508,#3509,#3510,#3511,#3512,#3513,#3514,#3515,
    #3516,#3517,#3518,#3519,#3520,#3521,#3522,#3523,#3524,#3525,#3526,
    #3527,#3528,#3529,#3530,#3531,#3532),.UNSPECIFIED.,.F.,.F.,(7,5,5,5,
    5,5,5,5,5,5,5,5,5,5,5,7),(0.,8.460773702904E-02,0.140331781158,
    0.173904707533,0.213893961546,0.317043884578,0.417328619702,
    0.499373521622,0.554545677581,0.684892224871,0.757056241234,
    0.825169146012,0.859547835668,0.91653357536,0.968546147946,1.),
  .UNSPECIFIED.);
#3456 = CARTESIAN_POINT('',(-18.,32.423324163211,17.));
#3457 = CARTESIAN_POINT('',(-18.,32.522899675311,16.839130836974));
#3458 = CARTESIAN_POINT('',(-17.9948242171,32.612887021279,
    16.665117005634));
#3459 = CARTESIAN_POINT('',(-17.98288682619,32.689859541587,
    16.480011204995));
#3460 = CARTESIAN_POINT('',(-17.96279190143,32.751463881022,
    16.286407936223));
#3461 = CARTESIAN_POINT('',(-17.93371459072,32.796289338742,
    16.087178863273));
#3462 = CARTESIAN_POINT('',(-17.8704054799,32.841976551998,
    15.752342306449));
#3463 = CARTESIAN_POINT('',(-17.84146334405,32.852520971374,
    15.618978636448));
#3464 = CARTESIAN_POINT('',(-17.80878871344,32.855468584293,
    15.486197806691));
#3465 = CARTESIAN_POINT('',(-17.77262041792,32.851034069413,
    15.354987117569));
#3466 = CARTESIAN_POINT('',(-17.73336338153,32.839645721738,
    15.226311942188));
#3467 = CARTESIAN_POINT('',(-17.66641613557,32.811280574739,
    15.0256511823));
#3468 = CARTESIAN_POINT('',(-17.64030891993,32.798315685205,
    14.951397875573));
#3469 = CARTESIAN_POINT('',(-17.61334604776,32.783166057864,
    14.87841896668));
#3470 = CARTESIAN_POINT('',(-17.58561458353,32.765950901342,
    14.806793369256));
#3471 = CARTESIAN_POINT('',(-17.55720721151,32.746792907799,
    14.736593506911));
#3472 = CARTESIAN_POINT('',(-17.49369776367,32.700835003293,
    14.586045875723));
#3473 = CARTESIAN_POINT('',(-17.45834803131,32.673270547694,
    14.506309835809));
#3474 = CARTESIAN_POINT('',(-17.42230036683,32.643310002312,
    14.428701781099));
#3475 = CARTESIAN_POINT('',(-17.38568010446,32.611124729949,
    14.353236187754));
#3476 = CARTESIAN_POINT('',(-17.34860924012,32.576873084241,
    14.279918416378));
#3477 = CARTESIAN_POINT('',(-17.21472327954,32.447397792028,
    14.025159902633));
#3478 = CARTESIAN_POINT('',(-17.11597527678,32.341270739103,
    13.855754183723));
#3479 = CARTESIAN_POINT('',(-17.016723625,32.22456070038,13.70003425335)
  );
#3480 = CARTESIAN_POINT('',(-16.91845252821,32.098706612039,
    13.557319441379));
#3481 = CARTESIAN_POINT('',(-16.82248435278,31.964548187766,
    13.42702999059));
#3482 = CARTESIAN_POINT('',(-16.64061146229,31.684324277123,
    13.193956868651));
#3483 = CARTESIAN_POINT('',(-16.55440407296,31.538544027397,
    13.090385740909));
#3484 = CARTESIAN_POINT('',(-16.47320575284,31.38576961562,
    12.998174434118));
#3485 = CARTESIAN_POINT('',(-16.39871208677,31.226480431071,
    12.917509644549));
#3486 = CARTESIAN_POINT('',(-16.33278996736,31.061010832778,
    12.848714306617));
#3487 = CARTESIAN_POINT('',(-16.23205929431,30.749334107442,
    12.746313140966));
#3488 = CARTESIAN_POINT('',(-16.19370090188,30.604875406025,
    12.708510018624));
#3489 = CARTESIAN_POINT('',(-16.16374414588,30.457318875178,
    12.679694283903));
#3490 = CARTESIAN_POINT('',(-16.14324824907,30.30763572986,
    12.660217426264));
#3491 = CARTESIAN_POINT('',(-16.13279720681,30.156699369467,
    12.650288812213));
#3492 = CARTESIAN_POINT('',(-16.13229757723,29.903563025031,
    12.649814163745));
#3493 = CARTESIAN_POINT('',(-16.1366877691,29.801833037475,
    12.653985405755));
#3494 = CARTESIAN_POINT('',(-16.14566360612,29.700461871229,
    12.662509173058));
#3495 = CARTESIAN_POINT('',(-16.15910085196,29.599773067084,
    12.675339884649));
#3496 = CARTESIAN_POINT('',(-16.17676271894,29.500105938792,
    12.692383197141));
#3497 = CARTESIAN_POINT('',(-16.24920329952,29.16960085481,
    12.763333050123));
#3498 = CARTESIAN_POINT('',(-16.32147788095,28.946394601392,
    12.835540491586));
#3499 = CARTESIAN_POINT('',(-16.41104849783,28.73269387683,
    12.928425267958));
#3500 = CARTESIAN_POINT('',(-16.51359930921,28.529401131362,
    13.041186199147));
#3501 = CARTESIAN_POINT('',(-16.62511862035,28.337827186269,
    13.17316909206));
#3502 = CARTESIAN_POINT('',(-16.80662118073,28.060986304084,
    13.40729397739));
#3503 = CARTESIAN_POINT('',(-16.87307775079,27.966204545453,
    13.496656106681));
#3504 = CARTESIAN_POINT('',(-16.94081618584,27.875445782866,
    13.592054567786));
#3505 = CARTESIAN_POINT('',(-17.00936537852,27.788963949407,
    13.693658959563));
#3506 = CARTESIAN_POINT('',(-17.07824290974,27.707143915744,
    13.801671721659));
#3507 = CARTESIAN_POINT('',(-17.21173787387,27.558220603528,
    14.024484116004));
#3508 = CARTESIAN_POINT('',(-17.2764260046,27.490494563112,
    14.138643734357));
#3509 = CARTESIAN_POINT('',(-17.34049825139,27.427871603981,
    14.258892738089));
#3510 = CARTESIAN_POINT('',(-17.40342715208,27.370982067403,
    14.385325901739));
#3511 = CARTESIAN_POINT('',(-17.4646433116,27.320585517322,
    14.517981647793));
#3512 = CARTESIAN_POINT('',(-17.55326212343,27.255885062348,
    14.726880273213));
#3513 = CARTESIAN_POINT('',(-17.58239285385,27.23606965184,
    14.798516306435));
#3514 = CARTESIAN_POINT('',(-17.61082468223,27.218276253411,
    14.871648508726));
#3515 = CARTESIAN_POINT('',(-17.63845820286,27.202635708538,
    14.94620111168));
#3516 = CARTESIAN_POINT('',(-17.665199988,27.189275285986,15.02209125077
    ));
#3517 = CARTESIAN_POINT('',(-17.73366932125,27.160158666329,
    15.227090373739));
#3518 = CARTESIAN_POINT('',(-17.77375222973,27.1485768824,
    15.358572390513));
#3519 = CARTESIAN_POINT('',(-17.8106059759,27.144261485747,
    15.492689624094));
#3520 = CARTESIAN_POINT('',(-17.84379619992,27.147663770467,
    15.628411714127));
#3521 = CARTESIAN_POINT('',(-17.87307896118,27.159006047189,
    15.76468017779));
#3522 = CARTESIAN_POINT('',(-17.92148658577,27.195857294677,
    16.024354239117));
#3523 = CARTESIAN_POINT('',(-17.94121288004,27.219996453646,
    16.147510451134));
#3524 = CARTESIAN_POINT('',(-17.95753875131,27.250602997143,
    16.269067367659));
#3525 = CARTESIAN_POINT('',(-17.97057135703,27.287412784424,
    16.388202218042));
#3526 = CARTESIAN_POINT('',(-17.98052717804,27.329974258434,
    16.504129393738));
#3527 = CARTESIAN_POINT('',(-17.99204882022,27.406462489393,
    16.68384140844));
#3528 = CARTESIAN_POINT('',(-17.99537770504,27.437167950185,
    16.75016061596));
#3529 = CARTESIAN_POINT('',(-17.99776363301,27.469653085683,
    16.815001615615));
#3530 = CARTESIAN_POINT('',(-17.99927953678,27.503810133175,
    16.878295833512));
#3531 = CARTESIAN_POINT('',(-18.,27.539524794584,16.939980654489));
#3532 = CARTESIAN_POINT('',(-18.,27.576675836789,17.));
#3533 = PCURVE('',#2405,#3534);
#3534 = DEFINITIONAL_REPRESENTATION('',(#3535),#3613);
#3535 = B_SPLINE_CURVE_WITH_KNOTS('',6,(#3536,#3537,#3538,#3539,#3540,
    #3541,#3542,#3543,#3544,#3545,#3546,#3547,#3548,#3549,#3550,#3551,
    #3552,#3553,#3554,#3555,#3556,#3557,#3558,#3559,#3560,#3561,#3562,
    #3563,#3564,#3565,#3566,#3567,#3568,#3569,#3570,#3571,#3572,#3573,
    #3574,#3575,#3576,#3577,#3578,#3579,#3580,#3581,#3582,#3583,#3584,
    #3585,#3586,#3587,#3588,#3589,#3590,#3591,#3592,#3593,#3594,#3595,
    #3596,#3597,#3598,#3599,#3600,#3601,#3602,#3603,#3604,#3605,#3606,
    #3607,#3608,#3609,#3610,#3611,#3612),.UNSPECIFIED.,.F.,.F.,(7,5,5,5,
    5,5,5,5,5,5,5,5,5,5,5,7),(0.,8.460773702904E-02,0.140331781158,
    0.173904707533,0.213893961546,0.317043884578,0.417328619702,
    0.499373521622,0.554545677581,0.684892224871,0.757056241234,
    0.825169146012,0.859547835668,0.91653357536,0.968546147946,1.),
  .UNSPECIFIED.);
#3536 = CARTESIAN_POINT('',(1.570796326795,16.773324163211));
#3537 = CARTESIAN_POINT('',(1.543984799624,16.872899675311));
#3538 = CARTESIAN_POINT('',(1.514982476834,16.962887021279));
#3539 = CARTESIAN_POINT('',(1.484096899735,17.039859541587));
#3540 = CARTESIAN_POINT('',(1.451697071048,17.101463881021));
#3541 = CARTESIAN_POINT('',(1.418169926208,17.146289338742));
#3542 = CARTESIAN_POINT('',(1.361375080174,17.191976551998));
#3543 = CARTESIAN_POINT('',(1.338638604282,17.202520971374));
#3544 = CARTESIAN_POINT('',(1.315861355915,17.205468584293));
#3545 = CARTESIAN_POINT('',(1.293190052341,17.201034069413));
#3546 = CARTESIAN_POINT('',(1.270775849452,17.189645721738));
#3547 = CARTESIAN_POINT('',(1.235520166576,17.161280574739));
#3548 = CARTESIAN_POINT('',(1.22240367815,17.148315685205));
#3549 = CARTESIAN_POINT('',(1.209439306769,17.133166057864));
#3550 = CARTESIAN_POINT('',(1.196640411429,17.115950901342));
#3551 = CARTESIAN_POINT('',(1.184020161778,17.096792907799));
#3552 = CARTESIAN_POINT('',(1.156787604046,17.050835003293));
#3553 = CARTESIAN_POINT('',(1.14225321112,17.023270547694));
#3554 = CARTESIAN_POINT('',(1.127994538983,16.993310002312));
#3555 = CARTESIAN_POINT('',(1.114017162965,16.961124729949));
#3556 = CARTESIAN_POINT('',(1.10032605268,16.926873084241));
#3557 = CARTESIAN_POINT('',(1.052359817227,16.797397792028));
#3558 = CARTESIAN_POINT('',(1.019710403004,16.691270739103));
#3559 = CARTESIAN_POINT('',(0.988966642041,16.574560700379));
#3560 = CARTESIAN_POINT('',(0.960110393525,16.448706612039));
#3561 = CARTESIAN_POINT('',(0.933151055791,16.314548187766));
#3562 = CARTESIAN_POINT('',(0.883878337267,16.034324277123));
#3563 = CARTESIAN_POINT('',(0.861430453944,15.888544027397));
#3564 = CARTESIAN_POINT('',(0.840963081796,15.73576961562));
#3565 = CARTESIAN_POINT('',(0.822668044699,15.576480431071));
#3566 = CARTESIAN_POINT('',(0.806789185139,15.411010832778));
#3567 = CARTESIAN_POINT('',(0.782849058887,15.099334107442));
#3568 = CARTESIAN_POINT('',(0.773874197455,14.954875406025));
#3569 = CARTESIAN_POINT('',(0.766946795014,14.807318875178));
#3570 = CARTESIAN_POINT('',(0.762234360276,14.65763572986));
#3571 = CARTESIAN_POINT('',(0.759831820547,14.506699369467));
#3572 = CARTESIAN_POINT('',(0.759716963041,14.253563025031));
#3573 = CARTESIAN_POINT('',(0.76072626084,14.151833037475));
#3574 = CARTESIAN_POINT('',(0.76278931737,14.050461871229));
#3575 = CARTESIAN_POINT('',(0.765885815404,13.949773067084));
#3576 = CARTESIAN_POINT('',(0.76997640288,13.850105938792));
#3577 = CARTESIAN_POINT('',(0.78687604074,13.51960085481));
#3578 = CARTESIAN_POINT('',(0.803902561394,13.296394601392));
#3579 = CARTESIAN_POINT('',(0.825403012503,13.08269387683));
#3580 = CARTESIAN_POINT('',(0.850785559754,12.879401131362));
#3581 = CARTESIAN_POINT('',(0.8795582355,12.687827186269));
#3582 = CARTESIAN_POINT('',(0.928931429238,12.410986304084));
#3583 = CARTESIAN_POINT('',(0.947488456134,12.316204545453));
#3584 = CARTESIAN_POINT('',(0.966981351962,12.225445782866));
#3585 = CARTESIAN_POINT('',(0.987399371444,12.138963949407));
#3586 = CARTESIAN_POINT('',(1.008741913623,12.057143915744));
#3587 = CARTESIAN_POINT('',(1.052032363083,11.908220603528));
#3588 = CARTESIAN_POINT('',(1.073894858612,11.840494563112));
#3589 = CARTESIAN_POINT('',(1.096591863697,11.777871603981));
#3590 = CARTESIAN_POINT('',(1.120115269242,11.720982067403));
#3591 = CARTESIAN_POINT('',(1.14445331631,11.670585517322));
#3592 = CARTESIAN_POINT('',(1.182273038352,11.605885062348));
#3593 = CARTESIAN_POINT('',(1.195160348086,11.58606965184));
#3594 = CARTESIAN_POINT('',(1.20823539767,11.568276253411));
#3595 = CARTESIAN_POINT('',(1.221484359756,11.552635708538));
#3596 = CARTESIAN_POINT('',(1.234893193401,11.539275285986));
#3597 = CARTESIAN_POINT('',(1.270915057908,11.510158666329));
#3598 = CARTESIAN_POINT('',(1.293816390798,11.4985768824));
#3599 = CARTESIAN_POINT('',(1.316984196774,11.494261485747));
#3600 = CARTESIAN_POINT('',(1.340257122398,11.497663770467));
#3601 = CARTESIAN_POINT('',(1.363478301514,11.509006047189));
#3602 = CARTESIAN_POINT('',(1.407502889418,11.545857294677));
#3603 = CARTESIAN_POINT('',(1.428283773832,11.569996453646));
#3604 = CARTESIAN_POINT('',(1.44871559516,11.600602997143));
#3605 = CARTESIAN_POINT('',(1.468681366576,11.637412784424));
#3606 = CARTESIAN_POINT('',(1.488069175095,11.679974258434));
#3607 = CARTESIAN_POINT('',(1.518082670424,11.756462489393));
#3608 = CARTESIAN_POINT('',(1.529148721622,11.787167950185));
#3609 = CARTESIAN_POINT('',(1.539961462304,11.819653085683));
#3610 = CARTESIAN_POINT('',(1.550512298601,11.853810133175));
#3611 = CARTESIAN_POINT('',(1.560793102543,11.889524794584));
#3612 = CARTESIAN_POINT('',(1.570796326795,11.926675836789));
#3613 = ( GEOMETRIC_REPRESENTATION_CONTEXT(2) 
PARAMETRIC_REPRESENTATION_CONTEXT() REPRESENTATION_CONTEXT('2D SPACE',''
  ) );
#3614 = PCURVE('',#3615,#3620);
#3615 = CYLINDRICAL_SURFACE('',#3616,2.85);
#3616 = AXIS2_PLACEMENT_3D('',#3617,#3618,#3619);
#3617 = CARTESIAN_POINT('',(-18.5,30.,15.5));
#3618 = DIRECTION('',(1.,-0.,-0.));
#3619 = DIRECTION('',(-0.,-0.,1.));
#3620 = DEFINITIONAL_REPRESENTATION('',(#3621),#3699);
#3621 = B_SPLINE_CURVE_WITH_KNOTS('',6,(#3622,#3623,#3624,#3625,#3626,
    #3627,#3628,#3629,#3630,#3631,#3632,#3633,#3634,#3635,#3636,#3637,
    #3638,#3639,#3640,#3641,#3642,#3643,#3644,#3645,#3646,#3647,#3648,
    #3649,#3650,#3651,#3652,#3653,#3654,#3655,#3656,#3657,#3658,#3659,
    #3660,#3661,#3662,#3663,#3664,#3665,#3666,#3667,#3668,#3669,#3670,
    #3671,#3672,#3673,#3674,#3675,#3676,#3677,#3678,#3679,#3680,#3681,
    #3682,#3683,#3684,#3685,#3686,#3687,#3688,#3689,#3690,#3691,#3692,
    #3693,#3694,#3695,#3696,#3697,#3698),.UNSPECIFIED.,.F.,.F.,(7,5,5,5,
    5,5,5,5,5,5,5,5,5,5,5,7),(0.,8.460773702904E-02,0.140331781158,
    0.173904707533,0.213893961546,0.317043884578,0.417328619702,
    0.499373521622,0.554545677581,0.684892224871,0.757056241234,
    0.825169146012,0.859547835668,0.91653357536,0.968546147946,1.),
  .UNSPECIFIED.);
#3622 = CARTESIAN_POINT('',(-1.016534492343,0.5));
#3623 = CARTESIAN_POINT('',(-1.082918167077,0.5));
#3624 = CARTESIAN_POINT('',(-1.15145279547,0.505175782891));
#3625 = CARTESIAN_POINT('',(-1.221420045878,0.517113173809));
#3626 = CARTESIAN_POINT('',(-1.292307601583,0.537208098563));
#3627 = CARTESIAN_POINT('',(-1.363697062451,0.566285409278));
#3628 = CARTESIAN_POINT('',(-1.482272188338,0.629594520094));
#3629 = CARTESIAN_POINT('',(-1.529137017394,0.65853665595));
#3630 = CARTESIAN_POINT('',(-1.575626836736,0.691211286554));
#3631 = CARTESIAN_POINT('',(-1.62158744023,0.72737958208));
#3632 = CARTESIAN_POINT('',(-1.666851510219,0.766636618461));
#3633 = CARTESIAN_POINT('',(-1.737958764184,0.833583864428));
#3634 = CARTESIAN_POINT('',(-1.764392808837,0.859691080061));
#3635 = CARTESIAN_POINT('',(-1.790525781351,0.886653952238));
#3636 = CARTESIAN_POINT('',(-1.816354964102,0.914385416466));
#3637 = CARTESIAN_POINT('',(-1.841875888662,0.942792788482));
#3638 = CARTESIAN_POINT('',(-1.897106141459,1.006302236327));
#3639 = CARTESIAN_POINT('',(-1.926688511428,1.041651968683));
#3640 = CARTESIAN_POINT('',(-1.9558509091,1.077699633161));
#3641 = CARTESIAN_POINT('',(-1.984612554673,1.114319895533));
#3642 = CARTESIAN_POINT('',(-2.012991263016,1.151390759876));
#3643 = CARTESIAN_POINT('',(-2.113262211199,1.28527672046));
#3644 = CARTESIAN_POINT('',(-2.183123390768,1.384024723213));
#3645 = CARTESIAN_POINT('',(-2.251064357616,1.483276374992));
#3646 = CARTESIAN_POINT('',(-2.317526572412,1.581547471787));
#3647 = CARTESIAN_POINT('',(-2.382950958729,1.677515647212));
#3648 = CARTESIAN_POINT('',(-2.510840049773,1.859388537706));
#3649 = CARTESIAN_POINT('',(-2.573404710564,1.945595927035));
#3650 = CARTESIAN_POINT('',(-2.635757739159,2.026794247151));
#3651 = CARTESIAN_POINT('',(-2.69814707935,2.101287913227));
#3652 = CARTESIAN_POINT('',(-2.760840434805,2.167210032635));
#3653 = CARTESIAN_POINT('',(-2.87595188927,2.267940705686));
#3654 = CARTESIAN_POINT('',(-2.928246880141,2.306299098117));
#3655 = CARTESIAN_POINT('',(-2.980840752699,2.336255854119));
#3656 = CARTESIAN_POINT('',(-3.033643830325,2.35675175093));
#3657 = CARTESIAN_POINT('',(-3.086610324231,2.367202793188));
#3658 = CARTESIAN_POINT('',(-3.175430250349,2.367702422765));
#3659 = CARTESIAN_POINT('',(-3.211122221674,2.363312230897));
#3660 = CARTESIAN_POINT('',(-3.246767243741,2.354336393875));
#3661 = CARTESIAN_POINT('',(-3.282333730686,2.340899148039));
#3662 = CARTESIAN_POINT('',(-3.31778080184,2.323237281059));
#3663 = CARTESIAN_POINT('',(-3.436389486034,2.250796700475));
#3664 = CARTESIAN_POINT('',(-3.518281301332,2.178522119042));
#3665 = CARTESIAN_POINT('',(-3.59947308508,2.088951502161));
#3666 = CARTESIAN_POINT('',(-3.680472600594,1.986400690787));
#3667 = CARTESIAN_POINT('',(-3.761702760406,1.874881379648));
#3668 = CARTESIAN_POINT('',(-3.888919496714,1.693378819266));
#3669 = CARTESIAN_POINT('',(-3.934560118845,1.626922249205));
#3670 = CARTESIAN_POINT('',(-3.980658619178,1.559183814158));
#3671 = CARTESIAN_POINT('',(-4.027363761708,1.490634621475));
#3672 = CARTESIAN_POINT('',(-4.074826053458,1.421757090253));
#3673 = CARTESIAN_POINT('',(-4.168860824337,1.288262126124));
#3674 = CARTESIAN_POINT('',(-4.215367968107,1.223573995394));
#3675 = CARTESIAN_POINT('',(-4.262828436342,1.159501748602));
#3676 = CARTESIAN_POINT('',(-4.311348801601,1.096572847918));
#3677 = CARTESIAN_POINT('',(-4.361042716449,1.035356688392));
#3678 = CARTESIAN_POINT('',(-4.437775623379,0.946737876561));
#3679 = CARTESIAN_POINT('',(-4.46384284098,0.917607146149));
#3680 = CARTESIAN_POINT('',(-4.490232327362,0.889175317768));
#3681 = CARTESIAN_POINT('',(-4.516939690106,0.861541797139));
#3682 = CARTESIAN_POINT('',(-4.543962435106,0.834800011995));
#3683 = CARTESIAN_POINT('',(-4.616613858751,0.766330678748));
#3684 = CARTESIAN_POINT('',(-4.662860936658,0.726247770267));
#3685 = CARTESIAN_POINT('',(-4.709832441207,0.689394024098));
#3686 = CARTESIAN_POINT('',(-4.757350045458,0.656203800077));
#3687 = CARTESIAN_POINT('',(-4.805248396774,0.626921038816));
#3688 = CARTESIAN_POINT('',(-4.897275018217,0.578513414223));
#3689 = CARTESIAN_POINT('',(-4.941249172789,0.558787119953));
#3690 = CARTESIAN_POINT('',(-4.985138807653,0.542461248681));
#3691 = CARTESIAN_POINT('',(-5.028800046566,0.52942864297));
#3692 = CARTESIAN_POINT('',(-5.072075674291,0.51947282196));
#3693 = CARTESIAN_POINT('',(-5.14060627279,0.50795117978));
#3694 = CARTESIAN_POINT('',(-5.166236791156,0.504622294956));
#3695 = CARTESIAN_POINT('',(-5.191665608613,0.502236366983));
#3696 = CARTESIAN_POINT('',(-5.216884462954,0.500720463217));
#3697 = CARTESIAN_POINT('',(-5.241883453366,0.5));
#3698 = CARTESIAN_POINT('',(-5.266650814837,0.5));
#3699 = ( GEOMETRIC_REPRESENTATION_CONTEXT(2) 
PARAMETRIC_REPRESENTATION_CONTEXT() REPRESENTATION_CONTEXT('2D SPACE',''
  ) );
#3700 = ORIENTED_EDGE('',*,*,#3701,.T.);
#3701 = EDGE_CURVE('',#3452,#3348,#3702,.T.);
#3702 = SURFACE_CURVE('',#3703,(#3707,#3714),.PCURVE_S1.);
#3703 = LINE('',#3704,#3705);
#3704 = CARTESIAN_POINT('',(-18.,15.65,17.));
#3705 = VECTOR('',#3706,1.);
#3706 = DIRECTION('',(-0.,1.,-0.));
#3707 = PCURVE('',#2405,#3708);
#3708 = DEFINITIONAL_REPRESENTATION('',(#3709),#3713);
#3709 = LINE('',#3710,#3711);
#3710 = CARTESIAN_POINT('',(1.570796326795,0.));
#3711 = VECTOR('',#3712,1.);
#3712 = DIRECTION('',(0.,1.));
#3713 = ( GEOMETRIC_REPRESENTATION_CONTEXT(2) 
PARAMETRIC_REPRESENTATION_CONTEXT() REPRESENTATION_CONTEXT('2D SPACE',''
  ) );
#3714 = PCURVE('',#2748,#3715);
#3715 = DEFINITIONAL_REPRESENTATION('',(#3716),#3720);
#3716 = LINE('',#3717,#3718);
#3717 = CARTESIAN_POINT('',(-27.,0.));
#3718 = VECTOR('',#3719,1.);
#3719 = DIRECTION('',(-0.,-1.));
#3720 = ( GEOMETRIC_REPRESENTATION_CONTEXT(2) 
PARAMETRIC_REPRESENTATION_CONTEXT() REPRESENTATION_CONTEXT('2D SPACE',''
  ) );
#3721 = ORIENTED_EDGE('',*,*,#3370,.F.);
#3722 = ADVANCED_FACE('',(#3723),#2748,.F.);
#3723 = FACE_BOUND('',#3724,.T.);
#3724 = EDGE_LOOP('',(#3725,#3726,#3749,#3777,#3805,#3833,#3854,#3855,
    #3856,#3884,#3910));
#3725 = ORIENTED_EDGE('',*,*,#2732,.F.);
#3726 = ORIENTED_EDGE('',*,*,#3727,.T.);
#3727 = EDGE_CURVE('',#2700,#3728,#3730,.T.);
#3728 = VERTEX_POINT('',#3729);
#3729 = CARTESIAN_POINT('',(-18.,23.65,38.));
#3730 = SURFACE_CURVE('',#3731,(#3735,#3742),.PCURVE_S1.);
#3731 = LINE('',#3732,#3733);
#3732 = CARTESIAN_POINT('',(-18.,15.65,38.));
#3733 = VECTOR('',#3734,1.);
#3734 = DIRECTION('',(-0.,1.,-0.));
#3735 = PCURVE('',#2748,#3736);
#3736 = DEFINITIONAL_REPRESENTATION('',(#3737),#3741);
#3737 = LINE('',#3738,#3739);
#3738 = CARTESIAN_POINT('',(-6.,0.));
#3739 = VECTOR('',#3740,1.);
#3740 = DIRECTION('',(-0.,-1.));
#3741 = ( GEOMETRIC_REPRESENTATION_CONTEXT(2) 
PARAMETRIC_REPRESENTATION_CONTEXT() REPRESENTATION_CONTEXT('2D SPACE',''
  ) );
#3742 = PCURVE('',#2720,#3743);
#3743 = DEFINITIONAL_REPRESENTATION('',(#3744),#3748);
#3744 = LINE('',#3745,#3746);
#3745 = CARTESIAN_POINT('',(-1.570796326795,0.));
#3746 = VECTOR('',#3747,1.);
#3747 = DIRECTION('',(-0.,1.));
#3748 = ( GEOMETRIC_REPRESENTATION_CONTEXT(2) 
PARAMETRIC_REPRESENTATION_CONTEXT() REPRESENTATION_CONTEXT('2D SPACE',''
  ) );
#3749 = ORIENTED_EDGE('',*,*,#3750,.F.);
#3750 = EDGE_CURVE('',#3751,#3728,#3753,.T.);
#3751 = VERTEX_POINT('',#3752);
#3752 = CARTESIAN_POINT('',(-18.,23.65,33.453306688776));
#3753 = SURFACE_CURVE('',#3754,(#3758,#3765),.PCURVE_S1.);
#3754 = LINE('',#3755,#3756);
#3755 = CARTESIAN_POINT('',(-18.,23.65,41.75));
#3756 = VECTOR('',#3757,1.);
#3757 = DIRECTION('',(-0.,-0.,1.));
#3758 = PCURVE('',#2748,#3759);
#3759 = DEFINITIONAL_REPRESENTATION('',(#3760),#3764);
#3760 = LINE('',#3761,#3762);
#3761 = CARTESIAN_POINT('',(-2.25,-8.));
#3762 = VECTOR('',#3763,1.);
#3763 = DIRECTION('',(1.,-0.));
#3764 = ( GEOMETRIC_REPRESENTATION_CONTEXT(2) 
PARAMETRIC_REPRESENTATION_CONTEXT() REPRESENTATION_CONTEXT('2D SPACE',''
  ) );
#3765 = PCURVE('',#3766,#3771);
#3766 = PLANE('',#3767);
#3767 = AXIS2_PLACEMENT_3D('',#3768,#3769,#3770);
#3768 = CARTESIAN_POINT('',(-15.,23.65,39.5));
#3769 = DIRECTION('',(-0.,-1.,-0.));
#3770 = DIRECTION('',(0.,0.,-1.));
#3771 = DEFINITIONAL_REPRESENTATION('',(#3772),#3776);
#3772 = LINE('',#3773,#3774);
#3773 = CARTESIAN_POINT('',(-2.25,-3.));
#3774 = VECTOR('',#3775,1.);
#3775 = DIRECTION('',(-1.,0.));
#3776 = ( GEOMETRIC_REPRESENTATION_CONTEXT(2) 
PARAMETRIC_REPRESENTATION_CONTEXT() REPRESENTATION_CONTEXT('2D SPACE',''
  ) );
#3777 = ORIENTED_EDGE('',*,*,#3778,.F.);
#3778 = EDGE_CURVE('',#3779,#3751,#3781,.T.);
#3779 = VERTEX_POINT('',#3780);
#3780 = CARTESIAN_POINT('',(-18.,36.35,33.453306688776));
#3781 = SURFACE_CURVE('',#3782,(#3786,#3793),.PCURVE_S1.);
#3782 = LINE('',#3783,#3784);
#3783 = CARTESIAN_POINT('',(-18.,36.35,33.453306688776));
#3784 = VECTOR('',#3785,1.);
#3785 = DIRECTION('',(-0.,-1.,-0.));
#3786 = PCURVE('',#2748,#3787);
#3787 = DEFINITIONAL_REPRESENTATION('',(#3788),#3792);
#3788 = LINE('',#3789,#3790);
#3789 = CARTESIAN_POINT('',(-10.54669331122,-20.7));
#3790 = VECTOR('',#3791,1.);
#3791 = DIRECTION('',(-0.,1.));
#3792 = ( GEOMETRIC_REPRESENTATION_CONTEXT(2) 
PARAMETRIC_REPRESENTATION_CONTEXT() REPRESENTATION_CONTEXT('2D SPACE',''
  ) );
#3793 = PCURVE('',#3794,#3799);
#3794 = CYLINDRICAL_SURFACE('',#3795,6.75);
#3795 = AXIS2_PLACEMENT_3D('',#3796,#3797,#3798);
#3796 = CARTESIAN_POINT('',(-15.,36.35,39.5));
#3797 = DIRECTION('',(-0.,-1.,-0.));
#3798 = DIRECTION('',(-0.,-0.,1.));
#3799 = DEFINITIONAL_REPRESENTATION('',(#3800),#3804);
#3800 = LINE('',#3801,#3802);
#3801 = CARTESIAN_POINT('',(-3.602146645271,0.));
#3802 = VECTOR('',#3803,1.);
#3803 = DIRECTION('',(-0.,1.));
#3804 = ( GEOMETRIC_REPRESENTATION_CONTEXT(2) 
PARAMETRIC_REPRESENTATION_CONTEXT() REPRESENTATION_CONTEXT('2D SPACE',''
  ) );
#3805 = ORIENTED_EDGE('',*,*,#3806,.T.);
#3806 = EDGE_CURVE('',#3779,#3807,#3809,.T.);
#3807 = VERTEX_POINT('',#3808);
#3808 = CARTESIAN_POINT('',(-18.,36.35,38.));
#3809 = SURFACE_CURVE('',#3810,(#3814,#3821),.PCURVE_S1.);
#3810 = LINE('',#3811,#3812);
#3811 = CARTESIAN_POINT('',(-18.,36.35,41.75));
#3812 = VECTOR('',#3813,1.);
#3813 = DIRECTION('',(-0.,-0.,1.));
#3814 = PCURVE('',#2748,#3815);
#3815 = DEFINITIONAL_REPRESENTATION('',(#3816),#3820);
#3816 = LINE('',#3817,#3818);
#3817 = CARTESIAN_POINT('',(-2.25,-20.7));
#3818 = VECTOR('',#3819,1.);
#3819 = DIRECTION('',(1.,-0.));
#3820 = ( GEOMETRIC_REPRESENTATION_CONTEXT(2) 
PARAMETRIC_REPRESENTATION_CONTEXT() REPRESENTATION_CONTEXT('2D SPACE',''
  ) );
#3821 = PCURVE('',#3822,#3827);
#3822 = PLANE('',#3823);
#3823 = AXIS2_PLACEMENT_3D('',#3824,#3825,#3826);
#3824 = CARTESIAN_POINT('',(-15.,36.35,39.5));
#3825 = DIRECTION('',(-0.,-1.,-0.));
#3826 = DIRECTION('',(0.,0.,-1.));
#3827 = DEFINITIONAL_REPRESENTATION('',(#3828),#3832);
#3828 = LINE('',#3829,#3830);
#3829 = CARTESIAN_POINT('',(-2.25,-3.));
#3830 = VECTOR('',#3831,1.);
#3831 = DIRECTION('',(-1.,0.));
#3832 = ( GEOMETRIC_REPRESENTATION_CONTEXT(2) 
PARAMETRIC_REPRESENTATION_CONTEXT() REPRESENTATION_CONTEXT('2D SPACE',''
  ) );
#3833 = ORIENTED_EDGE('',*,*,#3834,.T.);
#3834 = EDGE_CURVE('',#3807,#3315,#3835,.T.);
#3835 = SURFACE_CURVE('',#3836,(#3840,#3847),.PCURVE_S1.);
#3836 = LINE('',#3837,#3838);
#3837 = CARTESIAN_POINT('',(-18.,15.65,38.));
#3838 = VECTOR('',#3839,1.);
#3839 = DIRECTION('',(-0.,1.,-0.));
#3840 = PCURVE('',#2748,#3841);
#3841 = DEFINITIONAL_REPRESENTATION('',(#3842),#3846);
#3842 = LINE('',#3843,#3844);
#3843 = CARTESIAN_POINT('',(-6.,0.));
#3844 = VECTOR('',#3845,1.);
#3845 = DIRECTION('',(-0.,-1.));
#3846 = ( GEOMETRIC_REPRESENTATION_CONTEXT(2) 
PARAMETRIC_REPRESENTATION_CONTEXT() REPRESENTATION_CONTEXT('2D SPACE',''
  ) );
#3847 = PCURVE('',#3335,#3848);
#3848 = DEFINITIONAL_REPRESENTATION('',(#3849),#3853);
#3849 = LINE('',#3850,#3851);
#3850 = CARTESIAN_POINT('',(-1.570796326795,0.));
#3851 = VECTOR('',#3852,1.);
#3852 = DIRECTION('',(-0.,1.));
#3853 = ( GEOMETRIC_REPRESENTATION_CONTEXT(2) 
PARAMETRIC_REPRESENTATION_CONTEXT() REPRESENTATION_CONTEXT('2D SPACE',''
  ) );
#3854 = ORIENTED_EDGE('',*,*,#3347,.T.);
#3855 = ORIENTED_EDGE('',*,*,#3701,.F.);
#3856 = ORIENTED_EDGE('',*,*,#3857,.F.);
#3857 = EDGE_CURVE('',#3858,#3452,#3860,.T.);
#3858 = VERTEX_POINT('',#3859);
#3859 = CARTESIAN_POINT('',(-18.,30.,18.35));
#3860 = SURFACE_CURVE('',#3861,(#3866,#3877),.PCURVE_S1.);
#3861 = CIRCLE('',#3862,2.85);
#3862 = AXIS2_PLACEMENT_3D('',#3863,#3864,#3865);
#3863 = CARTESIAN_POINT('',(-18.,30.,15.5));
#3864 = DIRECTION('',(-1.,-0.,-0.));
#3865 = DIRECTION('',(-0.,-0.,1.));
#3866 = PCURVE('',#2748,#3867);
#3867 = DEFINITIONAL_REPRESENTATION('',(#3868),#3876);
#3868 = ( BOUNDED_CURVE() B_SPLINE_CURVE(2,(#3869,#3870,#3871,#3872,
#3873,#3874,#3875),.UNSPECIFIED.,.T.,.F.) B_SPLINE_CURVE_WITH_KNOTS((1,2
    ,2,2,2,1),(-2.094395102393,0.,2.094395102393,4.188790204786,
6.28318530718,8.377580409573),.UNSPECIFIED.) CURVE() 
GEOMETRIC_REPRESENTATION_ITEM() RATIONAL_B_SPLINE_CURVE((1.,0.5,1.,0.5,
1.,0.5,1.)) REPRESENTATION_ITEM('') );
#3869 = CARTESIAN_POINT('',(-25.65,-14.35));
#3870 = CARTESIAN_POINT('',(-25.65,-19.28634480157));
#3871 = CARTESIAN_POINT('',(-29.925,-16.81817240078));
#3872 = CARTESIAN_POINT('',(-34.2,-14.35));
#3873 = CARTESIAN_POINT('',(-29.925,-11.88182759921));
#3874 = CARTESIAN_POINT('',(-25.65,-9.413655198429));
#3875 = CARTESIAN_POINT('',(-25.65,-14.35));
#3876 = ( GEOMETRIC_REPRESENTATION_CONTEXT(2) 
PARAMETRIC_REPRESENTATION_CONTEXT() REPRESENTATION_CONTEXT('2D SPACE',''
  ) );
#3877 = PCURVE('',#3615,#3878);
#3878 = DEFINITIONAL_REPRESENTATION('',(#3879),#3883);
#3879 = LINE('',#3880,#3881);
#3880 = CARTESIAN_POINT('',(-0.,0.5));
#3881 = VECTOR('',#3882,1.);
#3882 = DIRECTION('',(-1.,0.));
#3883 = ( GEOMETRIC_REPRESENTATION_CONTEXT(2) 
PARAMETRIC_REPRESENTATION_CONTEXT() REPRESENTATION_CONTEXT('2D SPACE',''
  ) );
#3884 = ORIENTED_EDGE('',*,*,#3885,.F.);
#3885 = EDGE_CURVE('',#3429,#3858,#3886,.T.);
#3886 = SURFACE_CURVE('',#3887,(#3892,#3903),.PCURVE_S1.);
#3887 = CIRCLE('',#3888,2.85);
#3888 = AXIS2_PLACEMENT_3D('',#3889,#3890,#3891);
#3889 = CARTESIAN_POINT('',(-18.,30.,15.5));
#3890 = DIRECTION('',(-1.,-0.,-0.));
#3891 = DIRECTION('',(-0.,-0.,1.));
#3892 = PCURVE('',#2748,#3893);
#3893 = DEFINITIONAL_REPRESENTATION('',(#3894),#3902);
#3894 = ( BOUNDED_CURVE() B_SPLINE_CURVE(2,(#3895,#3896,#3897,#3898,
#3899,#3900,#3901),.UNSPECIFIED.,.T.,.F.) B_SPLINE_CURVE_WITH_KNOTS((1,2
    ,2,2,2,1),(-2.094395102393,0.,2.094395102393,4.188790204786,
6.28318530718,8.377580409573),.UNSPECIFIED.) CURVE() 
GEOMETRIC_REPRESENTATION_ITEM() RATIONAL_B_SPLINE_CURVE((1.,0.5,1.,0.5,
1.,0.5,1.)) REPRESENTATION_ITEM('') );
#3895 = CARTESIAN_POINT('',(-25.65,-14.35));
#3896 = CARTESIAN_POINT('',(-25.65,-19.28634480157));
#3897 = CARTESIAN_POINT('',(-29.925,-16.81817240078));
#3898 = CARTESIAN_POINT('',(-34.2,-14.35));
#3899 = CARTESIAN_POINT('',(-29.925,-11.88182759921));
#3900 = CARTESIAN_POINT('',(-25.65,-9.413655198429));
#3901 = CARTESIAN_POINT('',(-25.65,-14.35));
#3902 = ( GEOMETRIC_REPRESENTATION_CONTEXT(2) 
PARAMETRIC_REPRESENTATION_CONTEXT() REPRESENTATION_CONTEXT('2D SPACE',''
  ) );
#3903 = PCURVE('',#3615,#3904);
#3904 = DEFINITIONAL_REPRESENTATION('',(#3905),#3909);
#3905 = LINE('',#3906,#3907);
#3906 = CARTESIAN_POINT('',(-0.,0.5));
#3907 = VECTOR('',#3908,1.);
#3908 = DIRECTION('',(-1.,0.));
#3909 = ( GEOMETRIC_REPRESENTATION_CONTEXT(2) 
PARAMETRIC_REPRESENTATION_CONTEXT() REPRESENTATION_CONTEXT('2D SPACE',''
  ) );
#3910 = ORIENTED_EDGE('',*,*,#3428,.F.);
#3911 = ADVANCED_FACE('',(#3912),#2626,.F.);
#3912 = FACE_BOUND('',#3913,.T.);
#3913 = EDGE_LOOP('',(#3914,#3915,#3916,#3917,#3918,#3919,#3942,#3965,
    #3993,#4016));
#3914 = ORIENTED_EDGE('',*,*,#2610,.F.);
#3915 = ORIENTED_EDGE('',*,*,#2818,.T.);
#3916 = ORIENTED_EDGE('',*,*,#3107,.F.);
#3917 = ORIENTED_EDGE('',*,*,#3176,.T.);
#3918 = ORIENTED_EDGE('',*,*,#3230,.T.);
#3919 = ORIENTED_EDGE('',*,*,#3920,.F.);
#3920 = EDGE_CURVE('',#3921,#3231,#3923,.T.);
#3921 = VERTEX_POINT('',#3922);
#3922 = CARTESIAN_POINT('',(8.881784197001E-16,36.35,38.));
#3923 = SURFACE_CURVE('',#3924,(#3928,#3935),.PCURVE_S1.);
#3924 = LINE('',#3925,#3926);
#3925 = CARTESIAN_POINT('',(8.881784197001E-16,15.65,38.));
#3926 = VECTOR('',#3927,1.);
#3927 = DIRECTION('',(-0.,1.,-0.));
#3928 = PCURVE('',#2626,#3929);
#3929 = DEFINITIONAL_REPRESENTATION('',(#3930),#3934);
#3930 = LINE('',#3931,#3932);
#3931 = CARTESIAN_POINT('',(-27.,-0.));
#3932 = VECTOR('',#3933,1.);
#3933 = DIRECTION('',(-0.,-1.));
#3934 = ( GEOMETRIC_REPRESENTATION_CONTEXT(2) 
PARAMETRIC_REPRESENTATION_CONTEXT() REPRESENTATION_CONTEXT('2D SPACE',''
  ) );
#3935 = PCURVE('',#3274,#3936);
#3936 = DEFINITIONAL_REPRESENTATION('',(#3937),#3941);
#3937 = LINE('',#3938,#3939);
#3938 = CARTESIAN_POINT('',(-0.,0.));
#3939 = VECTOR('',#3940,1.);
#3940 = DIRECTION('',(-0.,1.));
#3941 = ( GEOMETRIC_REPRESENTATION_CONTEXT(2) 
PARAMETRIC_REPRESENTATION_CONTEXT() REPRESENTATION_CONTEXT('2D SPACE',''
  ) );
#3942 = ORIENTED_EDGE('',*,*,#3943,.F.);
#3943 = EDGE_CURVE('',#3944,#3921,#3946,.T.);
#3944 = VERTEX_POINT('',#3945);
#3945 = CARTESIAN_POINT('',(0.,36.35,32.75));
#3946 = SURFACE_CURVE('',#3947,(#3951,#3958),.PCURVE_S1.);
#3947 = LINE('',#3948,#3949);
#3948 = CARTESIAN_POINT('',(0.,36.35,25.25));
#3949 = VECTOR('',#3950,1.);
#3950 = DIRECTION('',(-0.,-0.,1.));
#3951 = PCURVE('',#2626,#3952);
#3952 = DEFINITIONAL_REPRESENTATION('',(#3953),#3957);
#3953 = LINE('',#3954,#3955);
#3954 = CARTESIAN_POINT('',(-14.25,-20.7));
#3955 = VECTOR('',#3956,1.);
#3956 = DIRECTION('',(-1.,-0.));
#3957 = ( GEOMETRIC_REPRESENTATION_CONTEXT(2) 
PARAMETRIC_REPRESENTATION_CONTEXT() REPRESENTATION_CONTEXT('2D SPACE',''
  ) );
#3958 = PCURVE('',#3822,#3959);
#3959 = DEFINITIONAL_REPRESENTATION('',(#3960),#3964);
#3960 = LINE('',#3961,#3962);
#3961 = CARTESIAN_POINT('',(14.25,15.));
#3962 = VECTOR('',#3963,1.);
#3963 = DIRECTION('',(-1.,0.));
#3964 = ( GEOMETRIC_REPRESENTATION_CONTEXT(2) 
PARAMETRIC_REPRESENTATION_CONTEXT() REPRESENTATION_CONTEXT('2D SPACE',''
  ) );
#3965 = ORIENTED_EDGE('',*,*,#3966,.T.);
#3966 = EDGE_CURVE('',#3944,#3967,#3969,.T.);
#3967 = VERTEX_POINT('',#3968);
#3968 = CARTESIAN_POINT('',(0.,23.65,32.75));
#3969 = SURFACE_CURVE('',#3970,(#3974,#3981),.PCURVE_S1.);
#3970 = LINE('',#3971,#3972);
#3971 = CARTESIAN_POINT('',(0.,19.65,32.75));
#3972 = VECTOR('',#3973,1.);
#3973 = DIRECTION('',(-0.,-1.,-0.));
#3974 = PCURVE('',#2626,#3975);
#3975 = DEFINITIONAL_REPRESENTATION('',(#3976),#3980);
#3976 = LINE('',#3977,#3978);
#3977 = CARTESIAN_POINT('',(-21.75,-4.));
#3978 = VECTOR('',#3979,1.);
#3979 = DIRECTION('',(-0.,1.));
#3980 = ( GEOMETRIC_REPRESENTATION_CONTEXT(2) 
PARAMETRIC_REPRESENTATION_CONTEXT() REPRESENTATION_CONTEXT('2D SPACE',''
  ) );
#3981 = PCURVE('',#3982,#3987);
#3982 = PLANE('',#3983);
#3983 = AXIS2_PLACEMENT_3D('',#3984,#3985,#3986);
#3984 = CARTESIAN_POINT('',(-15.,23.65,32.75));
#3985 = DIRECTION('',(-0.,-0.,1.));
#3986 = DIRECTION('',(-1.,0.,0.));
#3987 = DEFINITIONAL_REPRESENTATION('',(#3988),#3992);
#3988 = LINE('',#3989,#3990);
#3989 = CARTESIAN_POINT('',(-15.,4.));
#3990 = VECTOR('',#3991,1.);
#3991 = DIRECTION('',(-0.,1.));
#3992 = ( GEOMETRIC_REPRESENTATION_CONTEXT(2) 
PARAMETRIC_REPRESENTATION_CONTEXT() REPRESENTATION_CONTEXT('2D SPACE',''
  ) );
#3993 = ORIENTED_EDGE('',*,*,#3994,.T.);
#3994 = EDGE_CURVE('',#3967,#3995,#3997,.T.);
#3995 = VERTEX_POINT('',#3996);
#3996 = CARTESIAN_POINT('',(8.881784197001E-16,23.65,38.));
#3997 = SURFACE_CURVE('',#3998,(#4002,#4009),.PCURVE_S1.);
#3998 = LINE('',#3999,#4000);
#3999 = CARTESIAN_POINT('',(0.,23.65,25.25));
#4000 = VECTOR('',#4001,1.);
#4001 = DIRECTION('',(-0.,-0.,1.));
#4002 = PCURVE('',#2626,#4003);
#4003 = DEFINITIONAL_REPRESENTATION('',(#4004),#4008);
#4004 = LINE('',#4005,#4006);
#4005 = CARTESIAN_POINT('',(-14.25,-8.));
#4006 = VECTOR('',#4007,1.);
#4007 = DIRECTION('',(-1.,-0.));
#4008 = ( GEOMETRIC_REPRESENTATION_CONTEXT(2) 
PARAMETRIC_REPRESENTATION_CONTEXT() REPRESENTATION_CONTEXT('2D SPACE',''
  ) );
#4009 = PCURVE('',#3766,#4010);
#4010 = DEFINITIONAL_REPRESENTATION('',(#4011),#4015);
#4011 = LINE('',#4012,#4013);
#4012 = CARTESIAN_POINT('',(14.25,15.));
#4013 = VECTOR('',#4014,1.);
#4014 = DIRECTION('',(-1.,0.));
#4015 = ( GEOMETRIC_REPRESENTATION_CONTEXT(2) 
PARAMETRIC_REPRESENTATION_CONTEXT() REPRESENTATION_CONTEXT('2D SPACE',''
  ) );
#4016 = ORIENTED_EDGE('',*,*,#4017,.F.);
#4017 = EDGE_CURVE('',#2611,#3995,#4018,.T.);
#4018 = SURFACE_CURVE('',#4019,(#4023,#4030),.PCURVE_S1.);
#4019 = LINE('',#4020,#4021);
#4020 = CARTESIAN_POINT('',(8.881784197001E-16,15.65,38.));
#4021 = VECTOR('',#4022,1.);
#4022 = DIRECTION('',(-0.,1.,-0.));
#4023 = PCURVE('',#2626,#4024);
#4024 = DEFINITIONAL_REPRESENTATION('',(#4025),#4029);
#4025 = LINE('',#4026,#4027);
#4026 = CARTESIAN_POINT('',(-27.,-0.));
#4027 = VECTOR('',#4028,1.);
#4028 = DIRECTION('',(-0.,-1.));
#4029 = ( GEOMETRIC_REPRESENTATION_CONTEXT(2) 
PARAMETRIC_REPRESENTATION_CONTEXT() REPRESENTATION_CONTEXT('2D SPACE',''
  ) );
#4030 = PCURVE('',#2659,#4031);
#4031 = DEFINITIONAL_REPRESENTATION('',(#4032),#4036);
#4032 = LINE('',#4033,#4034);
#4033 = CARTESIAN_POINT('',(-0.,0.));
#4034 = VECTOR('',#4035,1.);
#4035 = DIRECTION('',(-0.,1.));
#4036 = ( GEOMETRIC_REPRESENTATION_CONTEXT(2) 
PARAMETRIC_REPRESENTATION_CONTEXT() REPRESENTATION_CONTEXT('2D SPACE',''
  ) );
#4037 = ADVANCED_FACE('',(#4038),#2720,.T.);
#4038 = FACE_BOUND('',#4039,.F.);
#4039 = EDGE_LOOP('',(#4040,#4063,#4064,#4065));
#4040 = ORIENTED_EDGE('',*,*,#4041,.F.);
#4041 = EDGE_CURVE('',#2672,#4042,#4044,.T.);
#4042 = VERTEX_POINT('',#4043);
#4043 = CARTESIAN_POINT('',(-12.,23.65,44.));
#4044 = SURFACE_CURVE('',#4045,(#4049,#4056),.PCURVE_S1.);
#4045 = LINE('',#4046,#4047);
#4046 = CARTESIAN_POINT('',(-12.,15.65,44.));
#4047 = VECTOR('',#4048,1.);
#4048 = DIRECTION('',(-0.,1.,-0.));
#4049 = PCURVE('',#2720,#4050);
#4050 = DEFINITIONAL_REPRESENTATION('',(#4051),#4055);
#4051 = LINE('',#4052,#4053);
#4052 = CARTESIAN_POINT('',(-0.,0.));
#4053 = VECTOR('',#4054,1.);
#4054 = DIRECTION('',(-0.,1.));
#4055 = ( GEOMETRIC_REPRESENTATION_CONTEXT(2) 
PARAMETRIC_REPRESENTATION_CONTEXT() REPRESENTATION_CONTEXT('2D SPACE',''
  ) );
#4056 = PCURVE('',#2687,#4057);
#4057 = DEFINITIONAL_REPRESENTATION('',(#4058),#4062);
#4058 = LINE('',#4059,#4060);
#4059 = CARTESIAN_POINT('',(-12.,0.));
#4060 = VECTOR('',#4061,1.);
#4061 = DIRECTION('',(-0.,-1.));
#4062 = ( GEOMETRIC_REPRESENTATION_CONTEXT(2) 
PARAMETRIC_REPRESENTATION_CONTEXT() REPRESENTATION_CONTEXT('2D SPACE',''
  ) );
#4063 = ORIENTED_EDGE('',*,*,#2699,.T.);
#4064 = ORIENTED_EDGE('',*,*,#3727,.T.);
#4065 = ORIENTED_EDGE('',*,*,#4066,.T.);
#4066 = EDGE_CURVE('',#3728,#4042,#4067,.T.);
#4067 = SURFACE_CURVE('',#4068,(#4073,#4080),.PCURVE_S1.);
#4068 = CIRCLE('',#4069,6.);
#4069 = AXIS2_PLACEMENT_3D('',#4070,#4071,#4072);
#4070 = CARTESIAN_POINT('',(-12.,23.65,38.));
#4071 = DIRECTION('',(-0.,1.,0.));
#4072 = DIRECTION('',(-1.,-0.,-0.));
#4073 = PCURVE('',#2720,#4074);
#4074 = DEFINITIONAL_REPRESENTATION('',(#4075),#4079);
#4075 = LINE('',#4076,#4077);
#4076 = CARTESIAN_POINT('',(-1.570796326795,8.));
#4077 = VECTOR('',#4078,1.);
#4078 = DIRECTION('',(1.,-0.));
#4079 = ( GEOMETRIC_REPRESENTATION_CONTEXT(2) 
PARAMETRIC_REPRESENTATION_CONTEXT() REPRESENTATION_CONTEXT('2D SPACE',''
  ) );
#4080 = PCURVE('',#3766,#4081);
#4081 = DEFINITIONAL_REPRESENTATION('',(#4082),#4090);
#4082 = ( BOUNDED_CURVE() B_SPLINE_CURVE(2,(#4083,#4084,#4085,#4086,
#4087,#4088,#4089),.UNSPECIFIED.,.T.,.F.) B_SPLINE_CURVE_WITH_KNOTS((1,2
    ,2,2,2,1),(-2.094395102393,0.,2.094395102393,4.188790204786,
6.28318530718,8.377580409573),.UNSPECIFIED.) CURVE() 
GEOMETRIC_REPRESENTATION_ITEM() RATIONAL_B_SPLINE_CURVE((1.,0.5,1.,0.5,
1.,0.5,1.)) REPRESENTATION_ITEM('') );
#4083 = CARTESIAN_POINT('',(1.5,-3.));
#4084 = CARTESIAN_POINT('',(-8.892304845413,-3.));
#4085 = CARTESIAN_POINT('',(-3.696152422707,6.));
#4086 = CARTESIAN_POINT('',(1.5,15.));
#4087 = CARTESIAN_POINT('',(6.696152422707,6.));
#4088 = CARTESIAN_POINT('',(11.892304845413,-3.));
#4089 = CARTESIAN_POINT('',(1.5,-3.));
#4090 = ( GEOMETRIC_REPRESENTATION_CONTEXT(2) 
PARAMETRIC_REPRESENTATION_CONTEXT() REPRESENTATION_CONTEXT('2D SPACE',''
  ) );
#4091 = ADVANCED_FACE('',(#4092),#2659,.T.);
#4092 = FACE_BOUND('',#4093,.F.);
#4093 = EDGE_LOOP('',(#4094,#4095,#4096,#4119));
#4094 = ORIENTED_EDGE('',*,*,#4017,.F.);
#4095 = ORIENTED_EDGE('',*,*,#2638,.T.);
#4096 = ORIENTED_EDGE('',*,*,#4097,.T.);
#4097 = EDGE_CURVE('',#2639,#4098,#4100,.T.);
#4098 = VERTEX_POINT('',#4099);
#4099 = CARTESIAN_POINT('',(-6.,23.65,44.));
#4100 = SURFACE_CURVE('',#4101,(#4105,#4112),.PCURVE_S1.);
#4101 = LINE('',#4102,#4103);
#4102 = CARTESIAN_POINT('',(-6.,15.65,44.));
#4103 = VECTOR('',#4104,1.);
#4104 = DIRECTION('',(-0.,1.,-0.));
#4105 = PCURVE('',#2659,#4106);
#4106 = DEFINITIONAL_REPRESENTATION('',(#4107),#4111);
#4107 = LINE('',#4108,#4109);
#4108 = CARTESIAN_POINT('',(-1.570796326795,0.));
#4109 = VECTOR('',#4110,1.);
#4110 = DIRECTION('',(-0.,1.));
#4111 = ( GEOMETRIC_REPRESENTATION_CONTEXT(2) 
PARAMETRIC_REPRESENTATION_CONTEXT() REPRESENTATION_CONTEXT('2D SPACE',''
  ) );
#4112 = PCURVE('',#2687,#4113);
#4113 = DEFINITIONAL_REPRESENTATION('',(#4114),#4118);
#4114 = LINE('',#4115,#4116);
#4115 = CARTESIAN_POINT('',(-6.,0.));
#4116 = VECTOR('',#4117,1.);
#4117 = DIRECTION('',(-0.,-1.));
#4118 = ( GEOMETRIC_REPRESENTATION_CONTEXT(2) 
PARAMETRIC_REPRESENTATION_CONTEXT() REPRESENTATION_CONTEXT('2D SPACE',''
  ) );
#4119 = ORIENTED_EDGE('',*,*,#4120,.F.);
#4120 = EDGE_CURVE('',#3995,#4098,#4121,.T.);
#4121 = SURFACE_CURVE('',#4122,(#4127,#4134),.PCURVE_S1.);
#4122 = CIRCLE('',#4123,6.);
#4123 = AXIS2_PLACEMENT_3D('',#4124,#4125,#4126);
#4124 = CARTESIAN_POINT('',(-6.,23.65,38.));
#4125 = DIRECTION('',(-0.,-1.,-0.));
#4126 = DIRECTION('',(1.,-0.,-0.));
#4127 = PCURVE('',#2659,#4128);
#4128 = DEFINITIONAL_REPRESENTATION('',(#4129),#4133);
#4129 = LINE('',#4130,#4131);
#4130 = CARTESIAN_POINT('',(-0.,8.));
#4131 = VECTOR('',#4132,1.);
#4132 = DIRECTION('',(-1.,0.));
#4133 = ( GEOMETRIC_REPRESENTATION_CONTEXT(2) 
PARAMETRIC_REPRESENTATION_CONTEXT() REPRESENTATION_CONTEXT('2D SPACE',''
  ) );
#4134 = PCURVE('',#3766,#4135);
#4135 = DEFINITIONAL_REPRESENTATION('',(#4136),#4140);
#4136 = CIRCLE('',#4137,6.);
#4137 = AXIS2_PLACEMENT_2D('',#4138,#4139);
#4138 = CARTESIAN_POINT('',(1.5,9.));
#4139 = DIRECTION('',(-0.,1.));
#4140 = ( GEOMETRIC_REPRESENTATION_CONTEXT(2) 
PARAMETRIC_REPRESENTATION_CONTEXT() REPRESENTATION_CONTEXT('2D SPACE',''
  ) );
#4141 = ADVANCED_FACE('',(#4142),#2687,.F.);
#4142 = FACE_BOUND('',#4143,.T.);
#4143 = EDGE_LOOP('',(#4144,#4145,#4146,#4167));
#4144 = ORIENTED_EDGE('',*,*,#2671,.F.);
#4145 = ORIENTED_EDGE('',*,*,#4097,.T.);
#4146 = ORIENTED_EDGE('',*,*,#4147,.F.);
#4147 = EDGE_CURVE('',#4042,#4098,#4148,.T.);
#4148 = SURFACE_CURVE('',#4149,(#4153,#4160),.PCURVE_S1.);
#4149 = LINE('',#4150,#4151);
#4150 = CARTESIAN_POINT('',(-12.,23.65,44.));
#4151 = VECTOR('',#4152,1.);
#4152 = DIRECTION('',(1.,-5.921189464668E-16,-0.));
#4153 = PCURVE('',#2687,#4154);
#4154 = DEFINITIONAL_REPRESENTATION('',(#4155),#4159);
#4155 = LINE('',#4156,#4157);
#4156 = CARTESIAN_POINT('',(-12.,-8.));
#4157 = VECTOR('',#4158,1.);
#4158 = DIRECTION('',(1.,5.921189464668E-16));
#4159 = ( GEOMETRIC_REPRESENTATION_CONTEXT(2) 
PARAMETRIC_REPRESENTATION_CONTEXT() REPRESENTATION_CONTEXT('2D SPACE',''
  ) );
#4160 = PCURVE('',#3766,#4161);
#4161 = DEFINITIONAL_REPRESENTATION('',(#4162),#4166);
#4162 = LINE('',#4163,#4164);
#4163 = CARTESIAN_POINT('',(-4.5,3.));
#4164 = VECTOR('',#4165,1.);
#4165 = DIRECTION('',(-0.,1.));
#4166 = ( GEOMETRIC_REPRESENTATION_CONTEXT(2) 
PARAMETRIC_REPRESENTATION_CONTEXT() REPRESENTATION_CONTEXT('2D SPACE',''
  ) );
#4167 = ORIENTED_EDGE('',*,*,#4041,.F.);
#4168 = ADVANCED_FACE('',(#4169),#2801,.F.);
#4169 = FACE_BOUND('',#4170,.T.);
#4170 = EDGE_LOOP('',(#4171,#4172,#4195,#4226));
#4171 = ORIENTED_EDGE('',*,*,#2784,.F.);
#4172 = ORIENTED_EDGE('',*,*,#4173,.F.);
#4173 = EDGE_CURVE('',#4174,#2785,#4176,.T.);
#4174 = VERTEX_POINT('',#4175);
#4175 = CARTESIAN_POINT('',(-15.,21.65,41.5));
#4176 = SEAM_CURVE('',#4177,(#4181,#4188),.PCURVE_S1.);
#4177 = LINE('',#4178,#4179);
#4178 = CARTESIAN_POINT('',(-15.,21.65,41.5));
#4179 = VECTOR('',#4180,1.);
#4180 = DIRECTION('',(-0.,-1.,-0.));
#4181 = PCURVE('',#2801,#4182);
#4182 = DEFINITIONAL_REPRESENTATION('',(#4183),#4187);
#4183 = LINE('',#4184,#4185);
#4184 = CARTESIAN_POINT('',(-6.28318530718,-0.));
#4185 = VECTOR('',#4186,1.);
#4186 = DIRECTION('',(-0.,1.));
#4187 = ( GEOMETRIC_REPRESENTATION_CONTEXT(2) 
PARAMETRIC_REPRESENTATION_CONTEXT() REPRESENTATION_CONTEXT('2D SPACE',''
  ) );
#4188 = PCURVE('',#2801,#4189);
#4189 = DEFINITIONAL_REPRESENTATION('',(#4190),#4194);
#4190 = LINE('',#4191,#4192);
#4191 = CARTESIAN_POINT('',(-0.,-0.));
#4192 = VECTOR('',#4193,1.);
#4193 = DIRECTION('',(-0.,1.));
#4194 = ( GEOMETRIC_REPRESENTATION_CONTEXT(2) 
PARAMETRIC_REPRESENTATION_CONTEXT() REPRESENTATION_CONTEXT('2D SPACE',''
  ) );
#4195 = ORIENTED_EDGE('',*,*,#4196,.T.);
#4196 = EDGE_CURVE('',#4174,#4174,#4197,.T.);
#4197 = SURFACE_CURVE('',#4198,(#4203,#4210),.PCURVE_S1.);
#4198 = CIRCLE('',#4199,2.);
#4199 = AXIS2_PLACEMENT_3D('',#4200,#4201,#4202);
#4200 = CARTESIAN_POINT('',(-15.,21.65,39.5));
#4201 = DIRECTION('',(0.,1.,0.));
#4202 = DIRECTION('',(-0.,-0.,1.));
#4203 = PCURVE('',#2801,#4204);
#4204 = DEFINITIONAL_REPRESENTATION('',(#4205),#4209);
#4205 = LINE('',#4206,#4207);
#4206 = CARTESIAN_POINT('',(-0.,0.));
#4207 = VECTOR('',#4208,1.);
#4208 = DIRECTION('',(-1.,0.));
#4209 = ( GEOMETRIC_REPRESENTATION_CONTEXT(2) 
PARAMETRIC_REPRESENTATION_CONTEXT() REPRESENTATION_CONTEXT('2D SPACE',''
  ) );
#4210 = PCURVE('',#4211,#4216);
#4211 = PLANE('',#4212);
#4212 = AXIS2_PLACEMENT_3D('',#4213,#4214,#4215);
#4213 = CARTESIAN_POINT('',(-15.,21.65,39.5));
#4214 = DIRECTION('',(-0.,-1.,-0.));
#4215 = DIRECTION('',(0.,0.,-1.));
#4216 = DEFINITIONAL_REPRESENTATION('',(#4217),#4225);
#4217 = ( BOUNDED_CURVE() B_SPLINE_CURVE(2,(#4218,#4219,#4220,#4221,
#4222,#4223,#4224),.UNSPECIFIED.,.T.,.F.) B_SPLINE_CURVE_WITH_KNOTS((1,2
    ,2,2,2,1),(-2.094395102393,0.,2.094395102393,4.188790204786,
6.28318530718,8.377580409573),.UNSPECIFIED.) CURVE() 
GEOMETRIC_REPRESENTATION_ITEM() RATIONAL_B_SPLINE_CURVE((1.,0.5,1.,0.5,
1.,0.5,1.)) REPRESENTATION_ITEM('') );
#4218 = CARTESIAN_POINT('',(-2.,0.));
#4219 = CARTESIAN_POINT('',(-2.,3.464101615138));
#4220 = CARTESIAN_POINT('',(1.,1.732050807569));
#4221 = CARTESIAN_POINT('',(4.,4.898587196589E-16));
#4222 = CARTESIAN_POINT('',(1.,-1.732050807569));
#4223 = CARTESIAN_POINT('',(-2.,-3.464101615138));
#4224 = CARTESIAN_POINT('',(-2.,0.));
#4225 = ( GEOMETRIC_REPRESENTATION_CONTEXT(2) 
PARAMETRIC_REPRESENTATION_CONTEXT() REPRESENTATION_CONTEXT('2D SPACE',''
  ) );
#4226 = ORIENTED_EDGE('',*,*,#4173,.T.);
#4227 = ADVANCED_FACE('',(#4228),#3159,.F.);
#4228 = FACE_BOUND('',#4229,.T.);
#4229 = EDGE_LOOP('',(#4230,#4253,#4254,#4255));
#4230 = ORIENTED_EDGE('',*,*,#4231,.T.);
#4231 = EDGE_CURVE('',#4232,#3143,#4234,.T.);
#4232 = VERTEX_POINT('',#4233);
#4233 = CARTESIAN_POINT('',(-15.3,30.,17.2));
#4234 = SEAM_CURVE('',#4235,(#4239,#4246),.PCURVE_S1.);
#4235 = LINE('',#4236,#4237);
#4236 = CARTESIAN_POINT('',(-19.,30.,17.2));
#4237 = VECTOR('',#4238,1.);
#4238 = DIRECTION('',(1.,-0.,-0.));
#4239 = PCURVE('',#3159,#4240);
#4240 = DEFINITIONAL_REPRESENTATION('',(#4241),#4245);
#4241 = LINE('',#4242,#4243);
#4242 = CARTESIAN_POINT('',(-6.28318530718,-0.));
#4243 = VECTOR('',#4244,1.);
#4244 = DIRECTION('',(-0.,1.));
#4245 = ( GEOMETRIC_REPRESENTATION_CONTEXT(2) 
PARAMETRIC_REPRESENTATION_CONTEXT() REPRESENTATION_CONTEXT('2D SPACE',''
  ) );
#4246 = PCURVE('',#3159,#4247);
#4247 = DEFINITIONAL_REPRESENTATION('',(#4248),#4252);
#4248 = LINE('',#4249,#4250);
#4249 = CARTESIAN_POINT('',(-0.,-0.));
#4250 = VECTOR('',#4251,1.);
#4251 = DIRECTION('',(-0.,1.));
#4252 = ( GEOMETRIC_REPRESENTATION_CONTEXT(2) 
PARAMETRIC_REPRESENTATION_CONTEXT() REPRESENTATION_CONTEXT('2D SPACE',''
  ) );
#4253 = ORIENTED_EDGE('',*,*,#3142,.F.);
#4254 = ORIENTED_EDGE('',*,*,#4231,.F.);
#4255 = ORIENTED_EDGE('',*,*,#4256,.T.);
#4256 = EDGE_CURVE('',#4232,#4232,#4257,.T.);
#4257 = SURFACE_CURVE('',#4258,(#4263,#4270),.PCURVE_S1.);
#4258 = CIRCLE('',#4259,1.7);
#4259 = AXIS2_PLACEMENT_3D('',#4260,#4261,#4262);
#4260 = CARTESIAN_POINT('',(-15.3,30.,15.5));
#4261 = DIRECTION('',(-1.,-0.,-0.));
#4262 = DIRECTION('',(-0.,-0.,1.));
#4263 = PCURVE('',#3159,#4264);
#4264 = DEFINITIONAL_REPRESENTATION('',(#4265),#4269);
#4265 = LINE('',#4266,#4267);
#4266 = CARTESIAN_POINT('',(-0.,3.7));
#4267 = VECTOR('',#4268,1.);
#4268 = DIRECTION('',(-1.,0.));
#4269 = ( GEOMETRIC_REPRESENTATION_CONTEXT(2) 
PARAMETRIC_REPRESENTATION_CONTEXT() REPRESENTATION_CONTEXT('2D SPACE',''
  ) );
#4270 = PCURVE('',#4271,#4276);
#4271 = PLANE('',#4272);
#4272 = AXIS2_PLACEMENT_3D('',#4273,#4274,#4275);
#4273 = CARTESIAN_POINT('',(-15.3,30.,15.5));
#4274 = DIRECTION('',(1.,-0.,-0.));
#4275 = DIRECTION('',(0.,0.,-1.));
#4276 = DEFINITIONAL_REPRESENTATION('',(#4277),#4285);
#4277 = ( BOUNDED_CURVE() B_SPLINE_CURVE(2,(#4278,#4279,#4280,#4281,
#4282,#4283,#4284),.UNSPECIFIED.,.T.,.F.) B_SPLINE_CURVE_WITH_KNOTS((1,2
    ,2,2,2,1),(-2.094395102393,0.,2.094395102393,4.188790204786,
6.28318530718,8.377580409573),.UNSPECIFIED.) CURVE() 
GEOMETRIC_REPRESENTATION_ITEM() RATIONAL_B_SPLINE_CURVE((1.,0.5,1.,0.5,
1.,0.5,1.)) REPRESENTATION_ITEM('') );
#4278 = CARTESIAN_POINT('',(-1.7,0.));
#4279 = CARTESIAN_POINT('',(-1.7,2.944486372867));
#4280 = CARTESIAN_POINT('',(0.85,1.472243186434));
#4281 = CARTESIAN_POINT('',(3.4,4.163799117101E-16));
#4282 = CARTESIAN_POINT('',(0.85,-1.472243186434));
#4283 = CARTESIAN_POINT('',(-1.7,-2.944486372867));
#4284 = CARTESIAN_POINT('',(-1.7,0.));
#4285 = ( GEOMETRIC_REPRESENTATION_CONTEXT(2) 
PARAMETRIC_REPRESENTATION_CONTEXT() REPRESENTATION_CONTEXT('2D SPACE',''
  ) );
#4286 = ADVANCED_FACE('',(#4287),#3335,.T.);
#4287 = FACE_BOUND('',#4288,.F.);
#4288 = EDGE_LOOP('',(#4289,#4312,#4334,#4335));
#4289 = ORIENTED_EDGE('',*,*,#4290,.F.);
#4290 = EDGE_CURVE('',#4291,#3287,#4293,.T.);
#4291 = VERTEX_POINT('',#4292);
#4292 = CARTESIAN_POINT('',(-12.,36.35,44.));
#4293 = SURFACE_CURVE('',#4294,(#4298,#4305),.PCURVE_S1.);
#4294 = LINE('',#4295,#4296);
#4295 = CARTESIAN_POINT('',(-12.,15.65,44.));
#4296 = VECTOR('',#4297,1.);
#4297 = DIRECTION('',(-0.,1.,-0.));
#4298 = PCURVE('',#3335,#4299);
#4299 = DEFINITIONAL_REPRESENTATION('',(#4300),#4304);
#4300 = LINE('',#4301,#4302);
#4301 = CARTESIAN_POINT('',(-0.,0.));
#4302 = VECTOR('',#4303,1.);
#4303 = DIRECTION('',(-0.,1.));
#4304 = ( GEOMETRIC_REPRESENTATION_CONTEXT(2) 
PARAMETRIC_REPRESENTATION_CONTEXT() REPRESENTATION_CONTEXT('2D SPACE',''
  ) );
#4305 = PCURVE('',#3302,#4306);
#4306 = DEFINITIONAL_REPRESENTATION('',(#4307),#4311);
#4307 = LINE('',#4308,#4309);
#4308 = CARTESIAN_POINT('',(-12.,0.));
#4309 = VECTOR('',#4310,1.);
#4310 = DIRECTION('',(-0.,-1.));
#4311 = ( GEOMETRIC_REPRESENTATION_CONTEXT(2) 
PARAMETRIC_REPRESENTATION_CONTEXT() REPRESENTATION_CONTEXT('2D SPACE',''
  ) );
#4312 = ORIENTED_EDGE('',*,*,#4313,.T.);
#4313 = EDGE_CURVE('',#4291,#3807,#4314,.T.);
#4314 = SURFACE_CURVE('',#4315,(#4320,#4327),.PCURVE_S1.);
#4315 = CIRCLE('',#4316,6.);
#4316 = AXIS2_PLACEMENT_3D('',#4317,#4318,#4319);
#4317 = CARTESIAN_POINT('',(-12.,36.35,38.));
#4318 = DIRECTION('',(0.,-1.,0.));
#4319 = DIRECTION('',(-0.,-0.,1.));
#4320 = PCURVE('',#3335,#4321);
#4321 = DEFINITIONAL_REPRESENTATION('',(#4322),#4326);
#4322 = LINE('',#4323,#4324);
#4323 = CARTESIAN_POINT('',(-0.,20.7));
#4324 = VECTOR('',#4325,1.);
#4325 = DIRECTION('',(-1.,0.));
#4326 = ( GEOMETRIC_REPRESENTATION_CONTEXT(2) 
PARAMETRIC_REPRESENTATION_CONTEXT() REPRESENTATION_CONTEXT('2D SPACE',''
  ) );
#4327 = PCURVE('',#3822,#4328);
#4328 = DEFINITIONAL_REPRESENTATION('',(#4329),#4333);
#4329 = CIRCLE('',#4330,6.);
#4330 = AXIS2_PLACEMENT_2D('',#4331,#4332);
#4331 = CARTESIAN_POINT('',(1.5,3.));
#4332 = DIRECTION('',(-1.,0.));
#4333 = ( GEOMETRIC_REPRESENTATION_CONTEXT(2) 
PARAMETRIC_REPRESENTATION_CONTEXT() REPRESENTATION_CONTEXT('2D SPACE',''
  ) );
#4334 = ORIENTED_EDGE('',*,*,#3834,.T.);
#4335 = ORIENTED_EDGE('',*,*,#3314,.F.);
#4336 = ADVANCED_FACE('',(#4337),#3274,.T.);
#4337 = FACE_BOUND('',#4338,.F.);
#4338 = EDGE_LOOP('',(#4339,#4340,#4364,#4385));
#4339 = ORIENTED_EDGE('',*,*,#3920,.F.);
#4340 = ORIENTED_EDGE('',*,*,#4341,.T.);
#4341 = EDGE_CURVE('',#3921,#4342,#4344,.T.);
#4342 = VERTEX_POINT('',#4343);
#4343 = CARTESIAN_POINT('',(-6.,36.35,44.));
#4344 = SURFACE_CURVE('',#4345,(#4350,#4357),.PCURVE_S1.);
#4345 = CIRCLE('',#4346,6.);
#4346 = AXIS2_PLACEMENT_3D('',#4347,#4348,#4349);
#4347 = CARTESIAN_POINT('',(-6.,36.35,38.));
#4348 = DIRECTION('',(-0.,-1.,-0.));
#4349 = DIRECTION('',(1.,-0.,-0.));
#4350 = PCURVE('',#3274,#4351);
#4351 = DEFINITIONAL_REPRESENTATION('',(#4352),#4356);
#4352 = LINE('',#4353,#4354);
#4353 = CARTESIAN_POINT('',(-0.,20.7));
#4354 = VECTOR('',#4355,1.);
#4355 = DIRECTION('',(-1.,0.));
#4356 = ( GEOMETRIC_REPRESENTATION_CONTEXT(2) 
PARAMETRIC_REPRESENTATION_CONTEXT() REPRESENTATION_CONTEXT('2D SPACE',''
  ) );
#4357 = PCURVE('',#3822,#4358);
#4358 = DEFINITIONAL_REPRESENTATION('',(#4359),#4363);
#4359 = CIRCLE('',#4360,6.);
#4360 = AXIS2_PLACEMENT_2D('',#4361,#4362);
#4361 = CARTESIAN_POINT('',(1.5,9.));
#4362 = DIRECTION('',(-0.,1.));
#4363 = ( GEOMETRIC_REPRESENTATION_CONTEXT(2) 
PARAMETRIC_REPRESENTATION_CONTEXT() REPRESENTATION_CONTEXT('2D SPACE',''
  ) );
#4364 = ORIENTED_EDGE('',*,*,#4365,.T.);
#4365 = EDGE_CURVE('',#4342,#3254,#4366,.T.);
#4366 = SURFACE_CURVE('',#4367,(#4371,#4378),.PCURVE_S1.);
#4367 = LINE('',#4368,#4369);
#4368 = CARTESIAN_POINT('',(-6.,15.65,44.));
#4369 = VECTOR('',#4370,1.);
#4370 = DIRECTION('',(-0.,1.,-0.));
#4371 = PCURVE('',#3274,#4372);
#4372 = DEFINITIONAL_REPRESENTATION('',(#4373),#4377);
#4373 = LINE('',#4374,#4375);
#4374 = CARTESIAN_POINT('',(-1.570796326795,0.));
#4375 = VECTOR('',#4376,1.);
#4376 = DIRECTION('',(-0.,1.));
#4377 = ( GEOMETRIC_REPRESENTATION_CONTEXT(2) 
PARAMETRIC_REPRESENTATION_CONTEXT() REPRESENTATION_CONTEXT('2D SPACE',''
  ) );
#4378 = PCURVE('',#3302,#4379);
#4379 = DEFINITIONAL_REPRESENTATION('',(#4380),#4384);
#4380 = LINE('',#4381,#4382);
#4381 = CARTESIAN_POINT('',(-6.,0.));
#4382 = VECTOR('',#4383,1.);
#4383 = DIRECTION('',(-0.,-1.));
#4384 = ( GEOMETRIC_REPRESENTATION_CONTEXT(2) 
PARAMETRIC_REPRESENTATION_CONTEXT() REPRESENTATION_CONTEXT('2D SPACE',''
  ) );
#4385 = ORIENTED_EDGE('',*,*,#3253,.F.);
#4386 = ADVANCED_FACE('',(#4387),#3302,.F.);
#4387 = FACE_BOUND('',#4388,.T.);
#4388 = EDGE_LOOP('',(#4389,#4410,#4411,#4412));
#4389 = ORIENTED_EDGE('',*,*,#4390,.F.);
#4390 = EDGE_CURVE('',#4342,#4291,#4391,.T.);
#4391 = SURFACE_CURVE('',#4392,(#4396,#4403),.PCURVE_S1.);
#4392 = LINE('',#4393,#4394);
#4393 = CARTESIAN_POINT('',(-6.,36.35,44.));
#4394 = VECTOR('',#4395,1.);
#4395 = DIRECTION('',(-1.,1.184237892934E-15,0.));
#4396 = PCURVE('',#3302,#4397);
#4397 = DEFINITIONAL_REPRESENTATION('',(#4398),#4402);
#4398 = LINE('',#4399,#4400);
#4399 = CARTESIAN_POINT('',(-6.,-20.7));
#4400 = VECTOR('',#4401,1.);
#4401 = DIRECTION('',(-1.,-1.184237892934E-15));
#4402 = ( GEOMETRIC_REPRESENTATION_CONTEXT(2) 
PARAMETRIC_REPRESENTATION_CONTEXT() REPRESENTATION_CONTEXT('2D SPACE',''
  ) );
#4403 = PCURVE('',#3822,#4404);
#4404 = DEFINITIONAL_REPRESENTATION('',(#4405),#4409);
#4405 = LINE('',#4406,#4407);
#4406 = CARTESIAN_POINT('',(-4.5,9.));
#4407 = VECTOR('',#4408,1.);
#4408 = DIRECTION('',(-0.,-1.));
#4409 = ( GEOMETRIC_REPRESENTATION_CONTEXT(2) 
PARAMETRIC_REPRESENTATION_CONTEXT() REPRESENTATION_CONTEXT('2D SPACE',''
  ) );
#4410 = ORIENTED_EDGE('',*,*,#4365,.T.);
#4411 = ORIENTED_EDGE('',*,*,#3286,.T.);
#4412 = ORIENTED_EDGE('',*,*,#4290,.F.);
#4413 = ADVANCED_FACE('',(#4414),#3411,.F.);
#4414 = FACE_BOUND('',#4415,.T.);
#4415 = EDGE_LOOP('',(#4416,#4444,#4465,#4466));
#4416 = ORIENTED_EDGE('',*,*,#4417,.F.);
#4417 = EDGE_CURVE('',#4418,#4418,#4420,.T.);
#4418 = VERTEX_POINT('',#4419);
#4419 = CARTESIAN_POINT('',(-15.,36.35,41.2));
#4420 = SURFACE_CURVE('',#4421,(#4426,#4433),.PCURVE_S1.);
#4421 = CIRCLE('',#4422,1.7);
#4422 = AXIS2_PLACEMENT_3D('',#4423,#4424,#4425);
#4423 = CARTESIAN_POINT('',(-15.,36.35,39.5));
#4424 = DIRECTION('',(0.,1.,0.));
#4425 = DIRECTION('',(-0.,-0.,1.));
#4426 = PCURVE('',#3411,#4427);
#4427 = DEFINITIONAL_REPRESENTATION('',(#4428),#4432);
#4428 = LINE('',#4429,#4430);
#4429 = CARTESIAN_POINT('',(-0.,8.));
#4430 = VECTOR('',#4431,1.);
#4431 = DIRECTION('',(-1.,0.));
#4432 = ( GEOMETRIC_REPRESENTATION_CONTEXT(2) 
PARAMETRIC_REPRESENTATION_CONTEXT() REPRESENTATION_CONTEXT('2D SPACE',''
  ) );
#4433 = PCURVE('',#3822,#4434);
#4434 = DEFINITIONAL_REPRESENTATION('',(#4435),#4443);
#4435 = ( BOUNDED_CURVE() B_SPLINE_CURVE(2,(#4436,#4437,#4438,#4439,
#4440,#4441,#4442),.UNSPECIFIED.,.T.,.F.) B_SPLINE_CURVE_WITH_KNOTS((1,2
    ,2,2,2,1),(-2.094395102393,0.,2.094395102393,4.188790204786,
6.28318530718,8.377580409573),.UNSPECIFIED.) CURVE() 
GEOMETRIC_REPRESENTATION_ITEM() RATIONAL_B_SPLINE_CURVE((1.,0.5,1.,0.5,
1.,0.5,1.)) REPRESENTATION_ITEM('') );
#4436 = CARTESIAN_POINT('',(-1.7,0.));
#4437 = CARTESIAN_POINT('',(-1.7,2.944486372867));
#4438 = CARTESIAN_POINT('',(0.85,1.472243186434));
#4439 = CARTESIAN_POINT('',(3.4,4.163799117101E-16));
#4440 = CARTESIAN_POINT('',(0.85,-1.472243186434));
#4441 = CARTESIAN_POINT('',(-1.7,-2.944486372867));
#4442 = CARTESIAN_POINT('',(-1.7,0.));
#4443 = ( GEOMETRIC_REPRESENTATION_CONTEXT(2) 
PARAMETRIC_REPRESENTATION_CONTEXT() REPRESENTATION_CONTEXT('2D SPACE',''
  ) );
#4444 = ORIENTED_EDGE('',*,*,#4445,.F.);
#4445 = EDGE_CURVE('',#3395,#4418,#4446,.T.);
#4446 = SEAM_CURVE('',#4447,(#4451,#4458),.PCURVE_S1.);
#4447 = LINE('',#4448,#4449);
#4448 = CARTESIAN_POINT('',(-15.,44.35,41.2));
#4449 = VECTOR('',#4450,1.);
#4450 = DIRECTION('',(-0.,-1.,-0.));
#4451 = PCURVE('',#3411,#4452);
#4452 = DEFINITIONAL_REPRESENTATION('',(#4453),#4457);
#4453 = LINE('',#4454,#4455);
#4454 = CARTESIAN_POINT('',(-6.28318530718,-0.));
#4455 = VECTOR('',#4456,1.);
#4456 = DIRECTION('',(-0.,1.));
#4457 = ( GEOMETRIC_REPRESENTATION_CONTEXT(2) 
PARAMETRIC_REPRESENTATION_CONTEXT() REPRESENTATION_CONTEXT('2D SPACE',''
  ) );
#4458 = PCURVE('',#3411,#4459);
#4459 = DEFINITIONAL_REPRESENTATION('',(#4460),#4464);
#4460 = LINE('',#4461,#4462);
#4461 = CARTESIAN_POINT('',(-0.,-0.));
#4462 = VECTOR('',#4463,1.);
#4463 = DIRECTION('',(-0.,1.));
#4464 = ( GEOMETRIC_REPRESENTATION_CONTEXT(2) 
PARAMETRIC_REPRESENTATION_CONTEXT() REPRESENTATION_CONTEXT('2D SPACE',''
  ) );
#4465 = ORIENTED_EDGE('',*,*,#3394,.T.);
#4466 = ORIENTED_EDGE('',*,*,#4445,.T.);
#4467 = ADVANCED_FACE('',(#4468),#3615,.F.);
#4468 = FACE_BOUND('',#4469,.T.);
#4469 = EDGE_LOOP('',(#4470,#4493,#4519,#4520,#4521,#4522));
#4470 = ORIENTED_EDGE('',*,*,#4471,.T.);
#4471 = EDGE_CURVE('',#3858,#4472,#4474,.T.);
#4472 = VERTEX_POINT('',#4473);
#4473 = CARTESIAN_POINT('',(-15.3,30.,18.35));
#4474 = SEAM_CURVE('',#4475,(#4479,#4486),.PCURVE_S1.);
#4475 = LINE('',#4476,#4477);
#4476 = CARTESIAN_POINT('',(-18.5,30.,18.35));
#4477 = VECTOR('',#4478,1.);
#4478 = DIRECTION('',(1.,-0.,-0.));
#4479 = PCURVE('',#3615,#4480);
#4480 = DEFINITIONAL_REPRESENTATION('',(#4481),#4485);
#4481 = LINE('',#4482,#4483);
#4482 = CARTESIAN_POINT('',(-6.28318530718,-0.));
#4483 = VECTOR('',#4484,1.);
#4484 = DIRECTION('',(-0.,1.));
#4485 = ( GEOMETRIC_REPRESENTATION_CONTEXT(2) 
PARAMETRIC_REPRESENTATION_CONTEXT() REPRESENTATION_CONTEXT('2D SPACE',''
  ) );
#4486 = PCURVE('',#3615,#4487);
#4487 = DEFINITIONAL_REPRESENTATION('',(#4488),#4492);
#4488 = LINE('',#4489,#4490);
#4489 = CARTESIAN_POINT('',(-0.,-0.));
#4490 = VECTOR('',#4491,1.);
#4491 = DIRECTION('',(-0.,1.));
#4492 = ( GEOMETRIC_REPRESENTATION_CONTEXT(2) 
PARAMETRIC_REPRESENTATION_CONTEXT() REPRESENTATION_CONTEXT('2D SPACE',''
  ) );
#4493 = ORIENTED_EDGE('',*,*,#4494,.F.);
#4494 = EDGE_CURVE('',#4472,#4472,#4495,.T.);
#4495 = SURFACE_CURVE('',#4496,(#4501,#4508),.PCURVE_S1.);
#4496 = CIRCLE('',#4497,2.85);
#4497 = AXIS2_PLACEMENT_3D('',#4498,#4499,#4500);
#4498 = CARTESIAN_POINT('',(-15.3,30.,15.5));
#4499 = DIRECTION('',(-1.,-0.,-0.));
#4500 = DIRECTION('',(-0.,-0.,1.));
#4501 = PCURVE('',#3615,#4502);
#4502 = DEFINITIONAL_REPRESENTATION('',(#4503),#4507);
#4503 = LINE('',#4504,#4505);
#4504 = CARTESIAN_POINT('',(-0.,3.2));
#4505 = VECTOR('',#4506,1.);
#4506 = DIRECTION('',(-1.,0.));
#4507 = ( GEOMETRIC_REPRESENTATION_CONTEXT(2) 
PARAMETRIC_REPRESENTATION_CONTEXT() REPRESENTATION_CONTEXT('2D SPACE',''
  ) );
#4508 = PCURVE('',#4271,#4509);
#4509 = DEFINITIONAL_REPRESENTATION('',(#4510),#4518);
#4510 = ( BOUNDED_CURVE() B_SPLINE_CURVE(2,(#4511,#4512,#4513,#4514,
#4515,#4516,#4517),.UNSPECIFIED.,.T.,.F.) B_SPLINE_CURVE_WITH_KNOTS((1,2
    ,2,2,2,1),(-2.094395102393,0.,2.094395102393,4.188790204786,
6.28318530718,8.377580409573),.UNSPECIFIED.) CURVE() 
GEOMETRIC_REPRESENTATION_ITEM() RATIONAL_B_SPLINE_CURVE((1.,0.5,1.,0.5,
1.,0.5,1.)) REPRESENTATION_ITEM('') );
#4511 = CARTESIAN_POINT('',(-2.85,0.));
#4512 = CARTESIAN_POINT('',(-2.85,4.936344801571));
#4513 = CARTESIAN_POINT('',(1.425,2.468172400786));
#4514 = CARTESIAN_POINT('',(5.7,6.98048675514E-16));
#4515 = CARTESIAN_POINT('',(1.425,-2.468172400786));
#4516 = CARTESIAN_POINT('',(-2.85,-4.936344801571));
#4517 = CARTESIAN_POINT('',(-2.85,0.));
#4518 = ( GEOMETRIC_REPRESENTATION_CONTEXT(2) 
PARAMETRIC_REPRESENTATION_CONTEXT() REPRESENTATION_CONTEXT('2D SPACE',''
  ) );
#4519 = ORIENTED_EDGE('',*,*,#4471,.F.);
#4520 = ORIENTED_EDGE('',*,*,#3857,.T.);
#4521 = ORIENTED_EDGE('',*,*,#3451,.T.);
#4522 = ORIENTED_EDGE('',*,*,#3885,.T.);
#4523 = ADVANCED_FACE('',(#4524,#4580),#3822,.T.);
#4524 = FACE_BOUND('',#4525,.F.);
#4525 = EDGE_LOOP('',(#4526,#4527,#4528,#4529,#4530,#4553,#4579));
#4526 = ORIENTED_EDGE('',*,*,#4313,.F.);
#4527 = ORIENTED_EDGE('',*,*,#4390,.F.);
#4528 = ORIENTED_EDGE('',*,*,#4341,.F.);
#4529 = ORIENTED_EDGE('',*,*,#3943,.F.);
#4530 = ORIENTED_EDGE('',*,*,#4531,.F.);
#4531 = EDGE_CURVE('',#4532,#3944,#4534,.T.);
#4532 = VERTEX_POINT('',#4533);
#4533 = CARTESIAN_POINT('',(-15.,36.35,32.75));
#4534 = SURFACE_CURVE('',#4535,(#4539,#4546),.PCURVE_S1.);
#4535 = LINE('',#4536,#4537);
#4536 = CARTESIAN_POINT('',(-15.,36.35,32.75));
#4537 = VECTOR('',#4538,1.);
#4538 = DIRECTION('',(1.,-0.,-0.));
#4539 = PCURVE('',#3822,#4540);
#4540 = DEFINITIONAL_REPRESENTATION('',(#4541),#4545);
#4541 = LINE('',#4542,#4543);
#4542 = CARTESIAN_POINT('',(6.75,-0.));
#4543 = VECTOR('',#4544,1.);
#4544 = DIRECTION('',(-0.,1.));
#4545 = ( GEOMETRIC_REPRESENTATION_CONTEXT(2) 
PARAMETRIC_REPRESENTATION_CONTEXT() REPRESENTATION_CONTEXT('2D SPACE',''
  ) );
#4546 = PCURVE('',#3982,#4547);
#4547 = DEFINITIONAL_REPRESENTATION('',(#4548),#4552);
#4548 = LINE('',#4549,#4550);
#4549 = CARTESIAN_POINT('',(-0.,-12.7));
#4550 = VECTOR('',#4551,1.);
#4551 = DIRECTION('',(-1.,0.));
#4552 = ( GEOMETRIC_REPRESENTATION_CONTEXT(2) 
PARAMETRIC_REPRESENTATION_CONTEXT() REPRESENTATION_CONTEXT('2D SPACE',''
  ) );
#4553 = ORIENTED_EDGE('',*,*,#4554,.T.);
#4554 = EDGE_CURVE('',#4532,#3779,#4555,.T.);
#4555 = SURFACE_CURVE('',#4556,(#4561,#4572),.PCURVE_S1.);
#4556 = CIRCLE('',#4557,6.75);
#4557 = AXIS2_PLACEMENT_3D('',#4558,#4559,#4560);
#4558 = CARTESIAN_POINT('',(-15.,36.35,39.5));
#4559 = DIRECTION('',(0.,1.,0.));
#4560 = DIRECTION('',(-0.,-0.,1.));
#4561 = PCURVE('',#3822,#4562);
#4562 = DEFINITIONAL_REPRESENTATION('',(#4563),#4571);
#4563 = ( BOUNDED_CURVE() B_SPLINE_CURVE(2,(#4564,#4565,#4566,#4567,
#4568,#4569,#4570),.UNSPECIFIED.,.T.,.F.) B_SPLINE_CURVE_WITH_KNOTS((1,2
    ,2,2,2,1),(-2.094395102393,0.,2.094395102393,4.188790204786,
6.28318530718,8.377580409573),.UNSPECIFIED.) CURVE() 
GEOMETRIC_REPRESENTATION_ITEM() RATIONAL_B_SPLINE_CURVE((1.,0.5,1.,0.5,
1.,0.5,1.)) REPRESENTATION_ITEM('') );
#4564 = CARTESIAN_POINT('',(-6.75,0.));
#4565 = CARTESIAN_POINT('',(-6.75,11.69134295109));
#4566 = CARTESIAN_POINT('',(3.375,5.845671475545));
#4567 = CARTESIAN_POINT('',(13.5,1.653273178849E-15));
#4568 = CARTESIAN_POINT('',(3.375,-5.845671475545));
#4569 = CARTESIAN_POINT('',(-6.75,-11.69134295109));
#4570 = CARTESIAN_POINT('',(-6.75,0.));
#4571 = ( GEOMETRIC_REPRESENTATION_CONTEXT(2) 
PARAMETRIC_REPRESENTATION_CONTEXT() REPRESENTATION_CONTEXT('2D SPACE',''
  ) );
#4572 = PCURVE('',#3794,#4573);
#4573 = DEFINITIONAL_REPRESENTATION('',(#4574),#4578);
#4574 = LINE('',#4575,#4576);
#4575 = CARTESIAN_POINT('',(-0.,0.));
#4576 = VECTOR('',#4577,1.);
#4577 = DIRECTION('',(-1.,0.));
#4578 = ( GEOMETRIC_REPRESENTATION_CONTEXT(2) 
PARAMETRIC_REPRESENTATION_CONTEXT() REPRESENTATION_CONTEXT('2D SPACE',''
  ) );
#4579 = ORIENTED_EDGE('',*,*,#3806,.T.);
#4580 = FACE_BOUND('',#4581,.F.);
#4581 = EDGE_LOOP('',(#4582));
#4582 = ORIENTED_EDGE('',*,*,#4417,.F.);
#4583 = ADVANCED_FACE('',(#4584),#3794,.F.);
#4584 = FACE_BOUND('',#4585,.T.);
#4585 = EDGE_LOOP('',(#4586,#4614,#4635,#4636));
#4586 = ORIENTED_EDGE('',*,*,#4587,.F.);
#4587 = EDGE_CURVE('',#4588,#3751,#4590,.T.);
#4588 = VERTEX_POINT('',#4589);
#4589 = CARTESIAN_POINT('',(-15.,23.65,32.75));
#4590 = SURFACE_CURVE('',#4591,(#4596,#4603),.PCURVE_S1.);
#4591 = CIRCLE('',#4592,6.75);
#4592 = AXIS2_PLACEMENT_3D('',#4593,#4594,#4595);
#4593 = CARTESIAN_POINT('',(-15.,23.65,39.5));
#4594 = DIRECTION('',(0.,1.,0.));
#4595 = DIRECTION('',(-0.,-0.,1.));
#4596 = PCURVE('',#3794,#4597);
#4597 = DEFINITIONAL_REPRESENTATION('',(#4598),#4602);
#4598 = LINE('',#4599,#4600);
#4599 = CARTESIAN_POINT('',(-0.,12.7));
#4600 = VECTOR('',#4601,1.);
#4601 = DIRECTION('',(-1.,0.));
#4602 = ( GEOMETRIC_REPRESENTATION_CONTEXT(2) 
PARAMETRIC_REPRESENTATION_CONTEXT() REPRESENTATION_CONTEXT('2D SPACE',''
  ) );
#4603 = PCURVE('',#3766,#4604);
#4604 = DEFINITIONAL_REPRESENTATION('',(#4605),#4613);
#4605 = ( BOUNDED_CURVE() B_SPLINE_CURVE(2,(#4606,#4607,#4608,#4609,
#4610,#4611,#4612),.UNSPECIFIED.,.T.,.F.) B_SPLINE_CURVE_WITH_KNOTS((1,2
    ,2,2,2,1),(-2.094395102393,0.,2.094395102393,4.188790204786,
6.28318530718,8.377580409573),.UNSPECIFIED.) CURVE() 
GEOMETRIC_REPRESENTATION_ITEM() RATIONAL_B_SPLINE_CURVE((1.,0.5,1.,0.5,
1.,0.5,1.)) REPRESENTATION_ITEM('') );
#4606 = CARTESIAN_POINT('',(-6.75,0.));
#4607 = CARTESIAN_POINT('',(-6.75,11.69134295109));
#4608 = CARTESIAN_POINT('',(3.375,5.845671475545));
#4609 = CARTESIAN_POINT('',(13.5,1.653273178849E-15));
#4610 = CARTESIAN_POINT('',(3.375,-5.845671475545));
#4611 = CARTESIAN_POINT('',(-6.75,-11.69134295109));
#4612 = CARTESIAN_POINT('',(-6.75,0.));
#4613 = ( GEOMETRIC_REPRESENTATION_CONTEXT(2) 
PARAMETRIC_REPRESENTATION_CONTEXT() REPRESENTATION_CONTEXT('2D SPACE',''
  ) );
#4614 = ORIENTED_EDGE('',*,*,#4615,.T.);
#4615 = EDGE_CURVE('',#4588,#4532,#4616,.T.);
#4616 = SURFACE_CURVE('',#4617,(#4621,#4628),.PCURVE_S1.);
#4617 = LINE('',#4618,#4619);
#4618 = CARTESIAN_POINT('',(-15.,23.65,32.75));
#4619 = VECTOR('',#4620,1.);
#4620 = DIRECTION('',(-0.,1.,-0.));
#4621 = PCURVE('',#3794,#4622);
#4622 = DEFINITIONAL_REPRESENTATION('',(#4623),#4627);
#4623 = LINE('',#4624,#4625);
#4624 = CARTESIAN_POINT('',(-3.14159265359,12.7));
#4625 = VECTOR('',#4626,1.);
#4626 = DIRECTION('',(-0.,-1.));
#4627 = ( GEOMETRIC_REPRESENTATION_CONTEXT(2) 
PARAMETRIC_REPRESENTATION_CONTEXT() REPRESENTATION_CONTEXT('2D SPACE',''
  ) );
#4628 = PCURVE('',#3982,#4629);
#4629 = DEFINITIONAL_REPRESENTATION('',(#4630),#4634);
#4630 = LINE('',#4631,#4632);
#4631 = CARTESIAN_POINT('',(-0.,-0.));
#4632 = VECTOR('',#4633,1.);
#4633 = DIRECTION('',(-0.,-1.));
#4634 = ( GEOMETRIC_REPRESENTATION_CONTEXT(2) 
PARAMETRIC_REPRESENTATION_CONTEXT() REPRESENTATION_CONTEXT('2D SPACE',''
  ) );
#4635 = ORIENTED_EDGE('',*,*,#4554,.T.);
#4636 = ORIENTED_EDGE('',*,*,#3778,.T.);
#4637 = ADVANCED_FACE('',(#4638,#4667),#3766,.F.);
#4638 = FACE_BOUND('',#4639,.T.);
#4639 = EDGE_LOOP('',(#4640,#4641,#4642,#4643,#4644,#4665,#4666));
#4640 = ORIENTED_EDGE('',*,*,#4066,.T.);
#4641 = ORIENTED_EDGE('',*,*,#4147,.T.);
#4642 = ORIENTED_EDGE('',*,*,#4120,.F.);
#4643 = ORIENTED_EDGE('',*,*,#3994,.F.);
#4644 = ORIENTED_EDGE('',*,*,#4645,.F.);
#4645 = EDGE_CURVE('',#4588,#3967,#4646,.T.);
#4646 = SURFACE_CURVE('',#4647,(#4651,#4658),.PCURVE_S1.);
#4647 = LINE('',#4648,#4649);
#4648 = CARTESIAN_POINT('',(-15.,23.65,32.75));
#4649 = VECTOR('',#4650,1.);
#4650 = DIRECTION('',(1.,-0.,-0.));
#4651 = PCURVE('',#3766,#4652);
#4652 = DEFINITIONAL_REPRESENTATION('',(#4653),#4657);
#4653 = LINE('',#4654,#4655);
#4654 = CARTESIAN_POINT('',(6.75,-0.));
#4655 = VECTOR('',#4656,1.);
#4656 = DIRECTION('',(-0.,1.));
#4657 = ( GEOMETRIC_REPRESENTATION_CONTEXT(2) 
PARAMETRIC_REPRESENTATION_CONTEXT() REPRESENTATION_CONTEXT('2D SPACE',''
  ) );
#4658 = PCURVE('',#3982,#4659);
#4659 = DEFINITIONAL_REPRESENTATION('',(#4660),#4664);
#4660 = LINE('',#4661,#4662);
#4661 = CARTESIAN_POINT('',(-0.,-0.));
#4662 = VECTOR('',#4663,1.);
#4663 = DIRECTION('',(-1.,0.));
#4664 = ( GEOMETRIC_REPRESENTATION_CONTEXT(2) 
PARAMETRIC_REPRESENTATION_CONTEXT() REPRESENTATION_CONTEXT('2D SPACE',''
  ) );
#4665 = ORIENTED_EDGE('',*,*,#4587,.T.);
#4666 = ORIENTED_EDGE('',*,*,#3750,.T.);
#4667 = FACE_BOUND('',#4668,.T.);
#4668 = EDGE_LOOP('',(#4669));
#4669 = ORIENTED_EDGE('',*,*,#4670,.F.);
#4670 = EDGE_CURVE('',#4671,#4671,#4673,.T.);
#4671 = VERTEX_POINT('',#4672);
#4672 = CARTESIAN_POINT('',(-15.,23.65,41.2));
#4673 = SURFACE_CURVE('',#4674,(#4679,#4690),.PCURVE_S1.);
#4674 = CIRCLE('',#4675,1.7);
#4675 = AXIS2_PLACEMENT_3D('',#4676,#4677,#4678);
#4676 = CARTESIAN_POINT('',(-15.,23.65,39.5));
#4677 = DIRECTION('',(0.,1.,0.));
#4678 = DIRECTION('',(-0.,-0.,1.));
#4679 = PCURVE('',#3766,#4680);
#4680 = DEFINITIONAL_REPRESENTATION('',(#4681),#4689);
#4681 = ( BOUNDED_CURVE() B_SPLINE_CURVE(2,(#4682,#4683,#4684,#4685,
#4686,#4687,#4688),.UNSPECIFIED.,.T.,.F.) B_SPLINE_CURVE_WITH_KNOTS((1,2
    ,2,2,2,1),(-2.094395102393,0.,2.094395102393,4.188790204786,
6.28318530718,8.377580409573),.UNSPECIFIED.) CURVE() 
GEOMETRIC_REPRESENTATION_ITEM() RATIONAL_B_SPLINE_CURVE((1.,0.5,1.,0.5,
1.,0.5,1.)) REPRESENTATION_ITEM('') );
#4682 = CARTESIAN_POINT('',(-1.7,0.));
#4683 = CARTESIAN_POINT('',(-1.7,2.944486372867));
#4684 = CARTESIAN_POINT('',(0.85,1.472243186434));
#4685 = CARTESIAN_POINT('',(3.4,4.163799117101E-16));
#4686 = CARTESIAN_POINT('',(0.85,-1.472243186434));
#4687 = CARTESIAN_POINT('',(-1.7,-2.944486372867));
#4688 = CARTESIAN_POINT('',(-1.7,0.));
#4689 = ( GEOMETRIC_REPRESENTATION_CONTEXT(2) 
PARAMETRIC_REPRESENTATION_CONTEXT() REPRESENTATION_CONTEXT('2D SPACE',''
  ) );
#4690 = PCURVE('',#4691,#4696);
#4691 = CYLINDRICAL_SURFACE('',#4692,1.7);
#4692 = AXIS2_PLACEMENT_3D('',#4693,#4694,#4695);
#4693 = CARTESIAN_POINT('',(-15.,44.35,39.5));
#4694 = DIRECTION('',(-0.,-1.,-0.));
#4695 = DIRECTION('',(-0.,-0.,1.));
#4696 = DEFINITIONAL_REPRESENTATION('',(#4697),#4701);
#4697 = LINE('',#4698,#4699);
#4698 = CARTESIAN_POINT('',(-0.,20.7));
#4699 = VECTOR('',#4700,1.);
#4700 = DIRECTION('',(-1.,0.));
#4701 = ( GEOMETRIC_REPRESENTATION_CONTEXT(2) 
PARAMETRIC_REPRESENTATION_CONTEXT() REPRESENTATION_CONTEXT('2D SPACE',''
  ) );
#4702 = ADVANCED_FACE('',(#4703),#3982,.T.);
#4703 = FACE_BOUND('',#4704,.F.);
#4704 = EDGE_LOOP('',(#4705,#4706,#4707,#4708));
#4705 = ORIENTED_EDGE('',*,*,#4645,.F.);
#4706 = ORIENTED_EDGE('',*,*,#4615,.T.);
#4707 = ORIENTED_EDGE('',*,*,#4531,.T.);
#4708 = ORIENTED_EDGE('',*,*,#3966,.T.);
#4709 = ADVANCED_FACE('',(#4710,#4713),#4211,.T.);
#4710 = FACE_BOUND('',#4711,.F.);
#4711 = EDGE_LOOP('',(#4712));
#4712 = ORIENTED_EDGE('',*,*,#4196,.T.);
#4713 = FACE_BOUND('',#4714,.F.);
#4714 = EDGE_LOOP('',(#4715));
#4715 = ORIENTED_EDGE('',*,*,#4716,.F.);
#4716 = EDGE_CURVE('',#4717,#4717,#4719,.T.);
#4717 = VERTEX_POINT('',#4718);
#4718 = CARTESIAN_POINT('',(-15.,21.65,41.2));
#4719 = SURFACE_CURVE('',#4720,(#4725,#4736),.PCURVE_S1.);
#4720 = CIRCLE('',#4721,1.7);
#4721 = AXIS2_PLACEMENT_3D('',#4722,#4723,#4724);
#4722 = CARTESIAN_POINT('',(-15.,21.65,39.5));
#4723 = DIRECTION('',(0.,1.,0.));
#4724 = DIRECTION('',(-0.,-0.,1.));
#4725 = PCURVE('',#4211,#4726);
#4726 = DEFINITIONAL_REPRESENTATION('',(#4727),#4735);
#4727 = ( BOUNDED_CURVE() B_SPLINE_CURVE(2,(#4728,#4729,#4730,#4731,
#4732,#4733,#4734),.UNSPECIFIED.,.T.,.F.) B_SPLINE_CURVE_WITH_KNOTS((1,2
    ,2,2,2,1),(-2.094395102393,0.,2.094395102393,4.188790204786,
6.28318530718,8.377580409573),.UNSPECIFIED.) CURVE() 
GEOMETRIC_REPRESENTATION_ITEM() RATIONAL_B_SPLINE_CURVE((1.,0.5,1.,0.5,
1.,0.5,1.)) REPRESENTATION_ITEM('') );
#4728 = CARTESIAN_POINT('',(-1.7,0.));
#4729 = CARTESIAN_POINT('',(-1.7,2.944486372867));
#4730 = CARTESIAN_POINT('',(0.85,1.472243186434));
#4731 = CARTESIAN_POINT('',(3.4,4.163799117101E-16));
#4732 = CARTESIAN_POINT('',(0.85,-1.472243186434));
#4733 = CARTESIAN_POINT('',(-1.7,-2.944486372867));
#4734 = CARTESIAN_POINT('',(-1.7,0.));
#4735 = ( GEOMETRIC_REPRESENTATION_CONTEXT(2) 
PARAMETRIC_REPRESENTATION_CONTEXT() REPRESENTATION_CONTEXT('2D SPACE',''
  ) );
#4736 = PCURVE('',#4691,#4737);
#4737 = DEFINITIONAL_REPRESENTATION('',(#4738),#4742);
#4738 = LINE('',#4739,#4740);
#4739 = CARTESIAN_POINT('',(-0.,22.7));
#4740 = VECTOR('',#4741,1.);
#4741 = DIRECTION('',(-1.,0.));
#4742 = ( GEOMETRIC_REPRESENTATION_CONTEXT(2) 
PARAMETRIC_REPRESENTATION_CONTEXT() REPRESENTATION_CONTEXT('2D SPACE',''
  ) );
#4743 = ADVANCED_FACE('',(#4744,#4747),#4271,.F.);
#4744 = FACE_BOUND('',#4745,.T.);
#4745 = EDGE_LOOP('',(#4746));
#4746 = ORIENTED_EDGE('',*,*,#4494,.T.);
#4747 = FACE_BOUND('',#4748,.T.);
#4748 = EDGE_LOOP('',(#4749));
#4749 = ORIENTED_EDGE('',*,*,#4256,.F.);
#4750 = ADVANCED_FACE('',(#4751),#4691,.F.);
#4751 = FACE_BOUND('',#4752,.T.);
#4752 = EDGE_LOOP('',(#4753,#4754,#4775,#4776));
#4753 = ORIENTED_EDGE('',*,*,#4670,.T.);
#4754 = ORIENTED_EDGE('',*,*,#4755,.T.);
#4755 = EDGE_CURVE('',#4671,#4717,#4756,.T.);
#4756 = SEAM_CURVE('',#4757,(#4761,#4768),.PCURVE_S1.);
#4757 = LINE('',#4758,#4759);
#4758 = CARTESIAN_POINT('',(-15.,44.35,41.2));
#4759 = VECTOR('',#4760,1.);
#4760 = DIRECTION('',(-0.,-1.,-0.));
#4761 = PCURVE('',#4691,#4762);
#4762 = DEFINITIONAL_REPRESENTATION('',(#4763),#4767);
#4763 = LINE('',#4764,#4765);
#4764 = CARTESIAN_POINT('',(-0.,-0.));
#4765 = VECTOR('',#4766,1.);
#4766 = DIRECTION('',(-0.,1.));
#4767 = ( GEOMETRIC_REPRESENTATION_CONTEXT(2) 
PARAMETRIC_REPRESENTATION_CONTEXT() REPRESENTATION_CONTEXT('2D SPACE',''
  ) );
#4768 = PCURVE('',#4691,#4769);
#4769 = DEFINITIONAL_REPRESENTATION('',(#4770),#4774);
#4770 = LINE('',#4771,#4772);
#4771 = CARTESIAN_POINT('',(-6.28318530718,-0.));
#4772 = VECTOR('',#4773,1.);
#4773 = DIRECTION('',(-0.,1.));
#4774 = ( GEOMETRIC_REPRESENTATION_CONTEXT(2) 
PARAMETRIC_REPRESENTATION_CONTEXT() REPRESENTATION_CONTEXT('2D SPACE',''
  ) );
#4775 = ORIENTED_EDGE('',*,*,#4716,.F.);
#4776 = ORIENTED_EDGE('',*,*,#4755,.F.);
#4777 = ( GEOMETRIC_REPRESENTATION_CONTEXT(3) 
GLOBAL_UNCERTAINTY_ASSIGNED_CONTEXT((#4781)) 
GLOBAL_UNIT_ASSIGNED_CONTEXT((#4778,#4779,#4780)) REPRESENTATION_CONTEXT
('Context #1','3D Context with UNIT and UNCERTAINTY') );
#4778 = ( LENGTH_UNIT() NAMED_UNIT(*) SI_UNIT(.MILLI.,.METRE.) );
#4779 = ( NAMED_UNIT(*) PLANE_ANGLE_UNIT() SI_UNIT($,.RADIAN.) );
#4780 = ( NAMED_UNIT(*) SI_UNIT($,.STERADIAN.) SOLID_ANGLE_UNIT() );
#4781 = UNCERTAINTY_MEASURE_WITH_UNIT(LENGTH_MEASURE(1.E-07),#4778,
  'distance_accuracy_value','confusion accuracy');
#4782 = CONTEXT_DEPENDENT_SHAPE_REPRESENTATION(#4783,#4785);
#4783 = ( REPRESENTATION_RELATIONSHIP('','',#2347,#2320) 
REPRESENTATION_RELATIONSHIP_WITH_TRANSFORMATION(#4784) 
SHAPE_REPRESENTATION_RELATIONSHIP() );
#4784 = ITEM_DEFINED_TRANSFORMATION('','',#11,#2321);
#4785 = PRODUCT_DEFINITION_SHAPE('Placement','Placement of an item',
  #4786);
#4786 = NEXT_ASSEMBLY_USAGE_OCCURRENCE('16','','',#2315,#2342,$);
#4787 = PRODUCT_RELATED_PRODUCT_CATEGORY('part',$,(#2344));
#4788 = SHAPE_DEFINITION_REPRESENTATION(#4789,#4795);
#4789 = PRODUCT_DEFINITION_SHAPE('','',#4790);
#4790 = PRODUCT_DEFINITION('design','',#4791,#4794);
#4791 = PRODUCT_DEFINITION_FORMATION('','',#4792);
#4792 = PRODUCT('Open CASCADE STEP translator 7.9 9.2.2',
  'Open CASCADE STEP translator 7.9 9.2.2','',(#4793));
#4793 = PRODUCT_CONTEXT('',#2,'mechanical');
#4794 = PRODUCT_DEFINITION_CONTEXT('part definition',#2,'design');
#4795 = ADVANCED_BREP_SHAPE_REPRESENTATION('',(#11,#4796),#7225);
#4796 = MANIFOLD_SOLID_BREP('',#4797);
#4797 = CLOSED_SHELL('',(#4798,#5025,#5260,#5396,#5582,#5618,#5672,#5870
    ,#6170,#6359,#6485,#6539,#6589,#6616,#6675,#6734,#6784,#6834,#6861,
    #6915,#6971,#7031,#7085,#7150,#7157,#7191,#7198));
#4798 = ADVANCED_FACE('',(#4799),#4813,.F.);
#4799 = FACE_BOUND('',#4800,.T.);
#4800 = EDGE_LOOP('',(#4801,#4836,#4864,#4892,#4920,#4948,#4976,#4999));
#4801 = ORIENTED_EDGE('',*,*,#4802,.F.);
#4802 = EDGE_CURVE('',#4803,#4805,#4807,.T.);
#4803 = VERTEX_POINT('',#4804);
#4804 = CARTESIAN_POINT('',(-12.,-44.35,11.));
#4805 = VERTEX_POINT('',#4806);
#4806 = CARTESIAN_POINT('',(-6.,-44.35,11.));
#4807 = SURFACE_CURVE('',#4808,(#4812,#4824),.PCURVE_S1.);
#4808 = LINE('',#4809,#4810);
#4809 = CARTESIAN_POINT('',(-18.,-44.35,11.));
#4810 = VECTOR('',#4811,1.);
#4811 = DIRECTION('',(1.,-0.,-0.));
#4812 = PCURVE('',#4813,#4818);
#4813 = PLANE('',#4814);
#4814 = AXIS2_PLACEMENT_3D('',#4815,#4816,#4817);
#4815 = CARTESIAN_POINT('',(-18.,-44.35,11.));
#4816 = DIRECTION('',(-0.,-0.,1.));
#4817 = DIRECTION('',(-1.,0.,0.));
#4818 = DEFINITIONAL_REPRESENTATION('',(#4819),#4823);
#4819 = LINE('',#4820,#4821);
#4820 = CARTESIAN_POINT('',(-0.,-0.));
#4821 = VECTOR('',#4822,1.);
#4822 = DIRECTION('',(-1.,0.));
#4823 = ( GEOMETRIC_REPRESENTATION_CONTEXT(2) 
PARAMETRIC_REPRESENTATION_CONTEXT() REPRESENTATION_CONTEXT('2D SPACE',''
  ) );
#4824 = PCURVE('',#4825,#4830);
#4825 = PLANE('',#4826);
#4826 = AXIS2_PLACEMENT_3D('',#4827,#4828,#4829);
#4827 = CARTESIAN_POINT('',(-9.,-44.35,27.5));
#4828 = DIRECTION('',(-0.,1.,-0.));
#4829 = DIRECTION('',(0.,0.,1.));
#4830 = DEFINITIONAL_REPRESENTATION('',(#4831),#4835);
#4831 = LINE('',#4832,#4833);
#4832 = CARTESIAN_POINT('',(-16.5,-9.));
#4833 = VECTOR('',#4834,1.);
#4834 = DIRECTION('',(-0.,1.));
#4835 = ( GEOMETRIC_REPRESENTATION_CONTEXT(2) 
PARAMETRIC_REPRESENTATION_CONTEXT() REPRESENTATION_CONTEXT('2D SPACE',''
  ) );
#4836 = ORIENTED_EDGE('',*,*,#4837,.T.);
#4837 = EDGE_CURVE('',#4803,#4838,#4840,.T.);
#4838 = VERTEX_POINT('',#4839);
#4839 = CARTESIAN_POINT('',(-12.,-15.65,11.));
#4840 = SURFACE_CURVE('',#4841,(#4845,#4852),.PCURVE_S1.);
#4841 = LINE('',#4842,#4843);
#4842 = CARTESIAN_POINT('',(-12.,-44.35,11.));
#4843 = VECTOR('',#4844,1.);
#4844 = DIRECTION('',(-0.,1.,-0.));
#4845 = PCURVE('',#4813,#4846);
#4846 = DEFINITIONAL_REPRESENTATION('',(#4847),#4851);
#4847 = LINE('',#4848,#4849);
#4848 = CARTESIAN_POINT('',(-6.,-0.));
#4849 = VECTOR('',#4850,1.);
#4850 = DIRECTION('',(-0.,-1.));
#4851 = ( GEOMETRIC_REPRESENTATION_CONTEXT(2) 
PARAMETRIC_REPRESENTATION_CONTEXT() REPRESENTATION_CONTEXT('2D SPACE',''
  ) );
#4852 = PCURVE('',#4853,#4858);
#4853 = CYLINDRICAL_SURFACE('',#4854,6.);
#4854 = AXIS2_PLACEMENT_3D('',#4855,#4856,#4857);
#4855 = CARTESIAN_POINT('',(-12.,-44.35,17.));
#4856 = DIRECTION('',(-0.,1.,-0.));
#4857 = DIRECTION('',(0.,-0.,-1.));
#4858 = DEFINITIONAL_REPRESENTATION('',(#4859),#4863);
#4859 = LINE('',#4860,#4861);
#4860 = CARTESIAN_POINT('',(0.,0.));
#4861 = VECTOR('',#4862,1.);
#4862 = DIRECTION('',(0.,1.));
#4863 = ( GEOMETRIC_REPRESENTATION_CONTEXT(2) 
PARAMETRIC_REPRESENTATION_CONTEXT() REPRESENTATION_CONTEXT('2D SPACE',''
  ) );
#4864 = ORIENTED_EDGE('',*,*,#4865,.T.);
#4865 = EDGE_CURVE('',#4838,#4866,#4868,.T.);
#4866 = VERTEX_POINT('',#4867);
#4867 = CARTESIAN_POINT('',(-6.,-15.65,11.));
#4868 = SURFACE_CURVE('',#4869,(#4873,#4880),.PCURVE_S1.);
#4869 = LINE('',#4870,#4871);
#4870 = CARTESIAN_POINT('',(-18.,-15.65,11.));
#4871 = VECTOR('',#4872,1.);
#4872 = DIRECTION('',(1.,-0.,-0.));
#4873 = PCURVE('',#4813,#4874);
#4874 = DEFINITIONAL_REPRESENTATION('',(#4875),#4879);
#4875 = LINE('',#4876,#4877);
#4876 = CARTESIAN_POINT('',(-0.,-28.7));
#4877 = VECTOR('',#4878,1.);
#4878 = DIRECTION('',(-1.,0.));
#4879 = ( GEOMETRIC_REPRESENTATION_CONTEXT(2) 
PARAMETRIC_REPRESENTATION_CONTEXT() REPRESENTATION_CONTEXT('2D SPACE',''
  ) );
#4880 = PCURVE('',#4881,#4886);
#4881 = PLANE('',#4882);
#4882 = AXIS2_PLACEMENT_3D('',#4883,#4884,#4885);
#4883 = CARTESIAN_POINT('',(-9.,-15.65,27.5));
#4884 = DIRECTION('',(-0.,1.,-0.));
#4885 = DIRECTION('',(0.,0.,1.));
#4886 = DEFINITIONAL_REPRESENTATION('',(#4887),#4891);
#4887 = LINE('',#4888,#4889);
#4888 = CARTESIAN_POINT('',(-16.5,-9.));
#4889 = VECTOR('',#4890,1.);
#4890 = DIRECTION('',(-0.,1.));
#4891 = ( GEOMETRIC_REPRESENTATION_CONTEXT(2) 
PARAMETRIC_REPRESENTATION_CONTEXT() REPRESENTATION_CONTEXT('2D SPACE',''
  ) );
#4892 = ORIENTED_EDGE('',*,*,#4893,.F.);
#4893 = EDGE_CURVE('',#4894,#4866,#4896,.T.);
#4894 = VERTEX_POINT('',#4895);
#4895 = CARTESIAN_POINT('',(-6.,-26.42054473418,11.));
#4896 = SURFACE_CURVE('',#4897,(#4901,#4908),.PCURVE_S1.);
#4897 = LINE('',#4898,#4899);
#4898 = CARTESIAN_POINT('',(-6.,-44.35,11.));
#4899 = VECTOR('',#4900,1.);
#4900 = DIRECTION('',(-0.,1.,-0.));
#4901 = PCURVE('',#4813,#4902);
#4902 = DEFINITIONAL_REPRESENTATION('',(#4903),#4907);
#4903 = LINE('',#4904,#4905);
#4904 = CARTESIAN_POINT('',(-12.,-0.));
#4905 = VECTOR('',#4906,1.);
#4906 = DIRECTION('',(-0.,-1.));
#4907 = ( GEOMETRIC_REPRESENTATION_CONTEXT(2) 
PARAMETRIC_REPRESENTATION_CONTEXT() REPRESENTATION_CONTEXT('2D SPACE',''
  ) );
#4908 = PCURVE('',#4909,#4914);
#4909 = CYLINDRICAL_SURFACE('',#4910,6.);
#4910 = AXIS2_PLACEMENT_3D('',#4911,#4912,#4913);
#4911 = CARTESIAN_POINT('',(-6.,-44.35,17.));
#4912 = DIRECTION('',(-0.,1.,-0.));
#4913 = DIRECTION('',(0.,-0.,-1.));
#4914 = DEFINITIONAL_REPRESENTATION('',(#4915),#4919);
#4915 = LINE('',#4916,#4917);
#4916 = CARTESIAN_POINT('',(-0.,0.));
#4917 = VECTOR('',#4918,1.);
#4918 = DIRECTION('',(-0.,1.));
#4919 = ( GEOMETRIC_REPRESENTATION_CONTEXT(2) 
PARAMETRIC_REPRESENTATION_CONTEXT() REPRESENTATION_CONTEXT('2D SPACE',''
  ) );
#4920 = ORIENTED_EDGE('',*,*,#4921,.T.);
#4921 = EDGE_CURVE('',#4894,#4922,#4924,.T.);
#4922 = VERTEX_POINT('',#4923);
#4923 = CARTESIAN_POINT('',(-9.,-26.42054473418,11.));
#4924 = SURFACE_CURVE('',#4925,(#4929,#4936),.PCURVE_S1.);
#4925 = LINE('',#4926,#4927);
#4926 = CARTESIAN_POINT('',(0.5,-26.42054473418,11.));
#4927 = VECTOR('',#4928,1.);
#4928 = DIRECTION('',(-1.,-0.,-0.));
#4929 = PCURVE('',#4813,#4930);
#4930 = DEFINITIONAL_REPRESENTATION('',(#4931),#4935);
#4931 = LINE('',#4932,#4933);
#4932 = CARTESIAN_POINT('',(-18.5,-17.92945526581));
#4933 = VECTOR('',#4934,1.);
#4934 = DIRECTION('',(1.,-0.));
#4935 = ( GEOMETRIC_REPRESENTATION_CONTEXT(2) 
PARAMETRIC_REPRESENTATION_CONTEXT() REPRESENTATION_CONTEXT('2D SPACE',''
  ) );
#4936 = PCURVE('',#4937,#4942);
#4937 = CYLINDRICAL_SURFACE('',#4938,5.75);
#4938 = AXIS2_PLACEMENT_3D('',#4939,#4940,#4941);
#4939 = CARTESIAN_POINT('',(0.5,-30.,15.5));
#4940 = DIRECTION('',(-1.,-0.,-0.));
#4941 = DIRECTION('',(-0.,-0.,-1.));
#4942 = DEFINITIONAL_REPRESENTATION('',(#4943),#4947);
#4943 = LINE('',#4944,#4945);
#4944 = CARTESIAN_POINT('',(-0.671950896496,0.));
#4945 = VECTOR('',#4946,1.);
#4946 = DIRECTION('',(-0.,1.));
#4947 = ( GEOMETRIC_REPRESENTATION_CONTEXT(2) 
PARAMETRIC_REPRESENTATION_CONTEXT() REPRESENTATION_CONTEXT('2D SPACE',''
  ) );
#4948 = ORIENTED_EDGE('',*,*,#4949,.F.);
#4949 = EDGE_CURVE('',#4950,#4922,#4952,.T.);
#4950 = VERTEX_POINT('',#4951);
#4951 = CARTESIAN_POINT('',(-9.,-33.57945526581,11.));
#4952 = SURFACE_CURVE('',#4953,(#4957,#4964),.PCURVE_S1.);
#4953 = LINE('',#4954,#4955);
#4954 = CARTESIAN_POINT('',(-9.,-37.175,11.));
#4955 = VECTOR('',#4956,1.);
#4956 = DIRECTION('',(-0.,1.,-0.));
#4957 = PCURVE('',#4813,#4958);
#4958 = DEFINITIONAL_REPRESENTATION('',(#4959),#4963);
#4959 = LINE('',#4960,#4961);
#4960 = CARTESIAN_POINT('',(-9.,-7.175));
#4961 = VECTOR('',#4962,1.);
#4962 = DIRECTION('',(-0.,-1.));
#4963 = ( GEOMETRIC_REPRESENTATION_CONTEXT(2) 
PARAMETRIC_REPRESENTATION_CONTEXT() REPRESENTATION_CONTEXT('2D SPACE',''
  ) );
#4964 = PCURVE('',#4965,#4970);
#4965 = PLANE('',#4966);
#4966 = AXIS2_PLACEMENT_3D('',#4967,#4968,#4969);
#4967 = CARTESIAN_POINT('',(-9.,-30.,15.5));
#4968 = DIRECTION('',(-1.,-0.,-0.));
#4969 = DIRECTION('',(0.,0.,1.));
#4970 = DEFINITIONAL_REPRESENTATION('',(#4971),#4975);
#4971 = LINE('',#4972,#4973);
#4972 = CARTESIAN_POINT('',(-4.5,-7.175));
#4973 = VECTOR('',#4974,1.);
#4974 = DIRECTION('',(0.,1.));
#4975 = ( GEOMETRIC_REPRESENTATION_CONTEXT(2) 
PARAMETRIC_REPRESENTATION_CONTEXT() REPRESENTATION_CONTEXT('2D SPACE',''
  ) );
#4976 = ORIENTED_EDGE('',*,*,#4977,.F.);
#4977 = EDGE_CURVE('',#4978,#4950,#4980,.T.);
#4978 = VERTEX_POINT('',#4979);
#4979 = CARTESIAN_POINT('',(-6.,-33.57945526581,11.));
#4980 = SURFACE_CURVE('',#4981,(#4985,#4992),.PCURVE_S1.);
#4981 = LINE('',#4982,#4983);
#4982 = CARTESIAN_POINT('',(0.5,-33.57945526581,11.));
#4983 = VECTOR('',#4984,1.);
#4984 = DIRECTION('',(-1.,-0.,-0.));
#4985 = PCURVE('',#4813,#4986);
#4986 = DEFINITIONAL_REPRESENTATION('',(#4987),#4991);
#4987 = LINE('',#4988,#4989);
#4988 = CARTESIAN_POINT('',(-18.5,-10.77054473418));
#4989 = VECTOR('',#4990,1.);
#4990 = DIRECTION('',(1.,-0.));
#4991 = ( GEOMETRIC_REPRESENTATION_CONTEXT(2) 
PARAMETRIC_REPRESENTATION_CONTEXT() REPRESENTATION_CONTEXT('2D SPACE',''
  ) );
#4992 = PCURVE('',#4937,#4993);
#4993 = DEFINITIONAL_REPRESENTATION('',(#4994),#4998);
#4994 = LINE('',#4995,#4996);
#4995 = CARTESIAN_POINT('',(-5.611234410684,0.));
#4996 = VECTOR('',#4997,1.);
#4997 = DIRECTION('',(-0.,1.));
#4998 = ( GEOMETRIC_REPRESENTATION_CONTEXT(2) 
PARAMETRIC_REPRESENTATION_CONTEXT() REPRESENTATION_CONTEXT('2D SPACE',''
  ) );
#4999 = ORIENTED_EDGE('',*,*,#5000,.F.);
#5000 = EDGE_CURVE('',#4805,#4978,#5001,.T.);
#5001 = SURFACE_CURVE('',#5002,(#5006,#5013),.PCURVE_S1.);
#5002 = LINE('',#5003,#5004);
#5003 = CARTESIAN_POINT('',(-6.,-44.35,11.));
#5004 = VECTOR('',#5005,1.);
#5005 = DIRECTION('',(-0.,1.,-0.));
#5006 = PCURVE('',#4813,#5007);
#5007 = DEFINITIONAL_REPRESENTATION('',(#5008),#5012);
#5008 = LINE('',#5009,#5010);
#5009 = CARTESIAN_POINT('',(-12.,-0.));
#5010 = VECTOR('',#5011,1.);
#5011 = DIRECTION('',(-0.,-1.));
#5012 = ( GEOMETRIC_REPRESENTATION_CONTEXT(2) 
PARAMETRIC_REPRESENTATION_CONTEXT() REPRESENTATION_CONTEXT('2D SPACE',''
  ) );
#5013 = PCURVE('',#5014,#5019);
#5014 = CYLINDRICAL_SURFACE('',#5015,6.);
#5015 = AXIS2_PLACEMENT_3D('',#5016,#5017,#5018);
#5016 = CARTESIAN_POINT('',(-6.,-44.35,17.));
#5017 = DIRECTION('',(-0.,1.,-0.));
#5018 = DIRECTION('',(0.,-0.,-1.));
#5019 = DEFINITIONAL_REPRESENTATION('',(#5020),#5024);
#5020 = LINE('',#5021,#5022);
#5021 = CARTESIAN_POINT('',(-0.,0.));
#5022 = VECTOR('',#5023,1.);
#5023 = DIRECTION('',(-0.,1.));
#5024 = ( GEOMETRIC_REPRESENTATION_CONTEXT(2) 
PARAMETRIC_REPRESENTATION_CONTEXT() REPRESENTATION_CONTEXT('2D SPACE',''
  ) );
#5025 = ADVANCED_FACE('',(#5026,#5229),#4825,.F.);
#5026 = FACE_BOUND('',#5027,.T.);
#5027 = EDGE_LOOP('',(#5028,#5029,#5057,#5085,#5118,#5146,#5179,#5207));
#5028 = ORIENTED_EDGE('',*,*,#4802,.T.);
#5029 = ORIENTED_EDGE('',*,*,#5030,.T.);
#5030 = EDGE_CURVE('',#4805,#5031,#5033,.T.);
#5031 = VERTEX_POINT('',#5032);
#5032 = CARTESIAN_POINT('',(8.881784197001E-16,-44.35,17.));
#5033 = SURFACE_CURVE('',#5034,(#5039,#5050),.PCURVE_S1.);
#5034 = CIRCLE('',#5035,6.);
#5035 = AXIS2_PLACEMENT_3D('',#5036,#5037,#5038);
#5036 = CARTESIAN_POINT('',(-6.,-44.35,17.));
#5037 = DIRECTION('',(0.,-1.,0.));
#5038 = DIRECTION('',(0.,-0.,-1.));
#5039 = PCURVE('',#4825,#5040);
#5040 = DEFINITIONAL_REPRESENTATION('',(#5041),#5049);
#5041 = ( BOUNDED_CURVE() B_SPLINE_CURVE(2,(#5042,#5043,#5044,#5045,
#5046,#5047,#5048),.UNSPECIFIED.,.T.,.F.) B_SPLINE_CURVE_WITH_KNOTS((1,2
    ,2,2,2,1),(-2.094395102393,0.,2.094395102393,4.188790204786,
6.28318530718,8.377580409573),.UNSPECIFIED.) CURVE() 
GEOMETRIC_REPRESENTATION_ITEM() RATIONAL_B_SPLINE_CURVE((1.,0.5,1.,0.5,
1.,0.5,1.)) REPRESENTATION_ITEM('') );
#5042 = CARTESIAN_POINT('',(-16.5,3.));
#5043 = CARTESIAN_POINT('',(-16.5,13.392304845413));
#5044 = CARTESIAN_POINT('',(-7.5,8.196152422707));
#5045 = CARTESIAN_POINT('',(1.5,3.));
#5046 = CARTESIAN_POINT('',(-7.5,-2.196152422707));
#5047 = CARTESIAN_POINT('',(-16.5,-7.392304845413));
#5048 = CARTESIAN_POINT('',(-16.5,3.));
#5049 = ( GEOMETRIC_REPRESENTATION_CONTEXT(2) 
PARAMETRIC_REPRESENTATION_CONTEXT() REPRESENTATION_CONTEXT('2D SPACE',''
  ) );
#5050 = PCURVE('',#5014,#5051);
#5051 = DEFINITIONAL_REPRESENTATION('',(#5052),#5056);
#5052 = LINE('',#5053,#5054);
#5053 = CARTESIAN_POINT('',(-0.,0.));
#5054 = VECTOR('',#5055,1.);
#5055 = DIRECTION('',(-1.,0.));
#5056 = ( GEOMETRIC_REPRESENTATION_CONTEXT(2) 
PARAMETRIC_REPRESENTATION_CONTEXT() REPRESENTATION_CONTEXT('2D SPACE',''
  ) );
#5057 = ORIENTED_EDGE('',*,*,#5058,.T.);
#5058 = EDGE_CURVE('',#5031,#5059,#5061,.T.);
#5059 = VERTEX_POINT('',#5060);
#5060 = CARTESIAN_POINT('',(8.881784197001E-16,-44.35,38.));
#5061 = SURFACE_CURVE('',#5062,(#5066,#5073),.PCURVE_S1.);
#5062 = LINE('',#5063,#5064);
#5063 = CARTESIAN_POINT('',(0.,-44.35,11.));
#5064 = VECTOR('',#5065,1.);
#5065 = DIRECTION('',(-0.,-0.,1.));
#5066 = PCURVE('',#4825,#5067);
#5067 = DEFINITIONAL_REPRESENTATION('',(#5068),#5072);
#5068 = LINE('',#5069,#5070);
#5069 = CARTESIAN_POINT('',(-16.5,9.));
#5070 = VECTOR('',#5071,1.);
#5071 = DIRECTION('',(1.,-0.));
#5072 = ( GEOMETRIC_REPRESENTATION_CONTEXT(2) 
PARAMETRIC_REPRESENTATION_CONTEXT() REPRESENTATION_CONTEXT('2D SPACE',''
  ) );
#5073 = PCURVE('',#5074,#5079);
#5074 = PLANE('',#5075);
#5075 = AXIS2_PLACEMENT_3D('',#5076,#5077,#5078);
#5076 = CARTESIAN_POINT('',(0.,-44.35,11.));
#5077 = DIRECTION('',(-1.,-0.,-0.));
#5078 = DIRECTION('',(0.,0.,-1.));
#5079 = DEFINITIONAL_REPRESENTATION('',(#5080),#5084);
#5080 = LINE('',#5081,#5082);
#5081 = CARTESIAN_POINT('',(-0.,-0.));
#5082 = VECTOR('',#5083,1.);
#5083 = DIRECTION('',(-1.,-0.));
#5084 = ( GEOMETRIC_REPRESENTATION_CONTEXT(2) 
PARAMETRIC_REPRESENTATION_CONTEXT() REPRESENTATION_CONTEXT('2D SPACE',''
  ) );
#5085 = ORIENTED_EDGE('',*,*,#5086,.T.);
#5086 = EDGE_CURVE('',#5059,#5087,#5089,.T.);
#5087 = VERTEX_POINT('',#5088);
#5088 = CARTESIAN_POINT('',(-6.,-44.35,44.));
#5089 = SURFACE_CURVE('',#5090,(#5095,#5106),.PCURVE_S1.);
#5090 = CIRCLE('',#5091,6.);
#5091 = AXIS2_PLACEMENT_3D('',#5092,#5093,#5094);
#5092 = CARTESIAN_POINT('',(-6.,-44.35,38.));
#5093 = DIRECTION('',(0.,-1.,0.));
#5094 = DIRECTION('',(0.,-0.,-1.));
#5095 = PCURVE('',#4825,#5096);
#5096 = DEFINITIONAL_REPRESENTATION('',(#5097),#5105);
#5097 = ( BOUNDED_CURVE() B_SPLINE_CURVE(2,(#5098,#5099,#5100,#5101,
#5102,#5103,#5104),.UNSPECIFIED.,.T.,.F.) B_SPLINE_CURVE_WITH_KNOTS((1,2
    ,2,2,2,1),(-2.094395102393,0.,2.094395102393,4.188790204786,
6.28318530718,8.377580409573),.UNSPECIFIED.) CURVE() 
GEOMETRIC_REPRESENTATION_ITEM() RATIONAL_B_SPLINE_CURVE((1.,0.5,1.,0.5,
1.,0.5,1.)) REPRESENTATION_ITEM('') );
#5098 = CARTESIAN_POINT('',(4.5,3.));
#5099 = CARTESIAN_POINT('',(4.5,13.392304845413));
#5100 = CARTESIAN_POINT('',(13.5,8.196152422707));
#5101 = CARTESIAN_POINT('',(22.5,3.));
#5102 = CARTESIAN_POINT('',(13.5,-2.196152422707));
#5103 = CARTESIAN_POINT('',(4.5,-7.392304845413));
#5104 = CARTESIAN_POINT('',(4.5,3.));
#5105 = ( GEOMETRIC_REPRESENTATION_CONTEXT(2) 
PARAMETRIC_REPRESENTATION_CONTEXT() REPRESENTATION_CONTEXT('2D SPACE',''
  ) );
#5106 = PCURVE('',#5107,#5112);
#5107 = CYLINDRICAL_SURFACE('',#5108,6.);
#5108 = AXIS2_PLACEMENT_3D('',#5109,#5110,#5111);
#5109 = CARTESIAN_POINT('',(-6.,-44.35,38.));
#5110 = DIRECTION('',(-0.,1.,-0.));
#5111 = DIRECTION('',(1.,-0.,-0.));
#5112 = DEFINITIONAL_REPRESENTATION('',(#5113),#5117);
#5113 = LINE('',#5114,#5115);
#5114 = CARTESIAN_POINT('',(1.570796326795,-0.));
#5115 = VECTOR('',#5116,1.);
#5116 = DIRECTION('',(-1.,0.));
#5117 = ( GEOMETRIC_REPRESENTATION_CONTEXT(2) 
PARAMETRIC_REPRESENTATION_CONTEXT() REPRESENTATION_CONTEXT('2D SPACE',''
  ) );
#5118 = ORIENTED_EDGE('',*,*,#5119,.T.);
#5119 = EDGE_CURVE('',#5087,#5120,#5122,.T.);
#5120 = VERTEX_POINT('',#5121);
#5121 = CARTESIAN_POINT('',(-12.,-44.35,44.));
#5122 = SURFACE_CURVE('',#5123,(#5127,#5134),.PCURVE_S1.);
#5123 = LINE('',#5124,#5125);
#5124 = CARTESIAN_POINT('',(0.,-44.35,44.));
#5125 = VECTOR('',#5126,1.);
#5126 = DIRECTION('',(-1.,-0.,-0.));
#5127 = PCURVE('',#4825,#5128);
#5128 = DEFINITIONAL_REPRESENTATION('',(#5129),#5133);
#5129 = LINE('',#5130,#5131);
#5130 = CARTESIAN_POINT('',(16.5,9.));
#5131 = VECTOR('',#5132,1.);
#5132 = DIRECTION('',(-0.,-1.));
#5133 = ( GEOMETRIC_REPRESENTATION_CONTEXT(2) 
PARAMETRIC_REPRESENTATION_CONTEXT() REPRESENTATION_CONTEXT('2D SPACE',''
  ) );
#5134 = PCURVE('',#5135,#5140);
#5135 = PLANE('',#5136);
#5136 = AXIS2_PLACEMENT_3D('',#5137,#5138,#5139);
#5137 = CARTESIAN_POINT('',(0.,-44.35,44.));
#5138 = DIRECTION('',(-0.,0.,-1.));
#5139 = DIRECTION('',(1.,0.,0.));
#5140 = DEFINITIONAL_REPRESENTATION('',(#5141),#5145);
#5141 = LINE('',#5142,#5143);
#5142 = CARTESIAN_POINT('',(-0.,-0.));
#5143 = VECTOR('',#5144,1.);
#5144 = DIRECTION('',(-1.,0.));
#5145 = ( GEOMETRIC_REPRESENTATION_CONTEXT(2) 
PARAMETRIC_REPRESENTATION_CONTEXT() REPRESENTATION_CONTEXT('2D SPACE',''
  ) );
#5146 = ORIENTED_EDGE('',*,*,#5147,.T.);
#5147 = EDGE_CURVE('',#5120,#5148,#5150,.T.);
#5148 = VERTEX_POINT('',#5149);
#5149 = CARTESIAN_POINT('',(-18.,-44.35,38.));
#5150 = SURFACE_CURVE('',#5151,(#5156,#5167),.PCURVE_S1.);
#5151 = CIRCLE('',#5152,6.);
#5152 = AXIS2_PLACEMENT_3D('',#5153,#5154,#5155);
#5153 = CARTESIAN_POINT('',(-12.,-44.35,38.));
#5154 = DIRECTION('',(0.,-1.,0.));
#5155 = DIRECTION('',(0.,-0.,-1.));
#5156 = PCURVE('',#4825,#5157);
#5157 = DEFINITIONAL_REPRESENTATION('',(#5158),#5166);
#5158 = ( BOUNDED_CURVE() B_SPLINE_CURVE(2,(#5159,#5160,#5161,#5162,
#5163,#5164,#5165),.UNSPECIFIED.,.T.,.F.) B_SPLINE_CURVE_WITH_KNOTS((1,2
    ,2,2,2,1),(-2.094395102393,0.,2.094395102393,4.188790204786,
6.28318530718,8.377580409573),.UNSPECIFIED.) CURVE() 
GEOMETRIC_REPRESENTATION_ITEM() RATIONAL_B_SPLINE_CURVE((1.,0.5,1.,0.5,
1.,0.5,1.)) REPRESENTATION_ITEM('') );
#5159 = CARTESIAN_POINT('',(4.5,-3.));
#5160 = CARTESIAN_POINT('',(4.5,7.392304845413));
#5161 = CARTESIAN_POINT('',(13.5,2.196152422707));
#5162 = CARTESIAN_POINT('',(22.5,-3.));
#5163 = CARTESIAN_POINT('',(13.5,-8.196152422707));
#5164 = CARTESIAN_POINT('',(4.5,-13.39230484541));
#5165 = CARTESIAN_POINT('',(4.5,-3.));
#5166 = ( GEOMETRIC_REPRESENTATION_CONTEXT(2) 
PARAMETRIC_REPRESENTATION_CONTEXT() REPRESENTATION_CONTEXT('2D SPACE',''
  ) );
#5167 = PCURVE('',#5168,#5173);
#5168 = CYLINDRICAL_SURFACE('',#5169,6.);
#5169 = AXIS2_PLACEMENT_3D('',#5170,#5171,#5172);
#5170 = CARTESIAN_POINT('',(-12.,-44.35,38.));
#5171 = DIRECTION('',(-0.,1.,-0.));
#5172 = DIRECTION('',(-0.,-0.,1.));
#5173 = DEFINITIONAL_REPRESENTATION('',(#5174),#5178);
#5174 = LINE('',#5175,#5176);
#5175 = CARTESIAN_POINT('',(3.14159265359,-0.));
#5176 = VECTOR('',#5177,1.);
#5177 = DIRECTION('',(-1.,0.));
#5178 = ( GEOMETRIC_REPRESENTATION_CONTEXT(2) 
PARAMETRIC_REPRESENTATION_CONTEXT() REPRESENTATION_CONTEXT('2D SPACE',''
  ) );
#5179 = ORIENTED_EDGE('',*,*,#5180,.T.);
#5180 = EDGE_CURVE('',#5148,#5181,#5183,.T.);
#5181 = VERTEX_POINT('',#5182);
#5182 = CARTESIAN_POINT('',(-18.,-44.35,17.));
#5183 = SURFACE_CURVE('',#5184,(#5188,#5195),.PCURVE_S1.);
#5184 = LINE('',#5185,#5186);
#5185 = CARTESIAN_POINT('',(-18.,-44.35,44.));
#5186 = VECTOR('',#5187,1.);
#5187 = DIRECTION('',(-0.,-0.,-1.));
#5188 = PCURVE('',#4825,#5189);
#5189 = DEFINITIONAL_REPRESENTATION('',(#5190),#5194);
#5190 = LINE('',#5191,#5192);
#5191 = CARTESIAN_POINT('',(16.5,-9.));
#5192 = VECTOR('',#5193,1.);
#5193 = DIRECTION('',(-1.,0.));
#5194 = ( GEOMETRIC_REPRESENTATION_CONTEXT(2) 
PARAMETRIC_REPRESENTATION_CONTEXT() REPRESENTATION_CONTEXT('2D SPACE',''
  ) );
#5195 = PCURVE('',#5196,#5201);
#5196 = PLANE('',#5197);
#5197 = AXIS2_PLACEMENT_3D('',#5198,#5199,#5200);
#5198 = CARTESIAN_POINT('',(-18.,-44.35,44.));
#5199 = DIRECTION('',(1.,-0.,-0.));
#5200 = DIRECTION('',(0.,0.,1.));
#5201 = DEFINITIONAL_REPRESENTATION('',(#5202),#5206);
#5202 = LINE('',#5203,#5204);
#5203 = CARTESIAN_POINT('',(-0.,-0.));
#5204 = VECTOR('',#5205,1.);
#5205 = DIRECTION('',(-1.,0.));
#5206 = ( GEOMETRIC_REPRESENTATION_CONTEXT(2) 
PARAMETRIC_REPRESENTATION_CONTEXT() REPRESENTATION_CONTEXT('2D SPACE',''
  ) );
#5207 = ORIENTED_EDGE('',*,*,#5208,.F.);
#5208 = EDGE_CURVE('',#4803,#5181,#5209,.T.);
#5209 = SURFACE_CURVE('',#5210,(#5215,#5222),.PCURVE_S1.);
#5210 = CIRCLE('',#5211,6.);
#5211 = AXIS2_PLACEMENT_3D('',#5212,#5213,#5214);
#5212 = CARTESIAN_POINT('',(-12.,-44.35,17.));
#5213 = DIRECTION('',(0.,1.,-0.));
#5214 = DIRECTION('',(-0.,-0.,-1.));
#5215 = PCURVE('',#4825,#5216);
#5216 = DEFINITIONAL_REPRESENTATION('',(#5217),#5221);
#5217 = CIRCLE('',#5218,6.);
#5218 = AXIS2_PLACEMENT_2D('',#5219,#5220);
#5219 = CARTESIAN_POINT('',(-10.5,-3.));
#5220 = DIRECTION('',(-1.,0.));
#5221 = ( GEOMETRIC_REPRESENTATION_CONTEXT(2) 
PARAMETRIC_REPRESENTATION_CONTEXT() REPRESENTATION_CONTEXT('2D SPACE',''
  ) );
#5222 = PCURVE('',#4853,#5223);
#5223 = DEFINITIONAL_REPRESENTATION('',(#5224),#5228);
#5224 = LINE('',#5225,#5226);
#5225 = CARTESIAN_POINT('',(0.,0.));
#5226 = VECTOR('',#5227,1.);
#5227 = DIRECTION('',(1.,0.));
#5228 = ( GEOMETRIC_REPRESENTATION_CONTEXT(2) 
PARAMETRIC_REPRESENTATION_CONTEXT() REPRESENTATION_CONTEXT('2D SPACE',''
  ) );
#5229 = FACE_BOUND('',#5230,.T.);
#5230 = EDGE_LOOP('',(#5231));
#5231 = ORIENTED_EDGE('',*,*,#5232,.T.);
#5232 = EDGE_CURVE('',#5233,#5233,#5235,.T.);
#5233 = VERTEX_POINT('',#5234);
#5234 = CARTESIAN_POINT('',(-15.,-44.35,41.5));
#5235 = SURFACE_CURVE('',#5236,(#5241,#5248),.PCURVE_S1.);
#5236 = CIRCLE('',#5237,2.);
#5237 = AXIS2_PLACEMENT_3D('',#5238,#5239,#5240);
#5238 = CARTESIAN_POINT('',(-15.,-44.35,39.5));
#5239 = DIRECTION('',(0.,1.,0.));
#5240 = DIRECTION('',(-0.,-0.,1.));
#5241 = PCURVE('',#4825,#5242);
#5242 = DEFINITIONAL_REPRESENTATION('',(#5243),#5247);
#5243 = CIRCLE('',#5244,2.);
#5244 = AXIS2_PLACEMENT_2D('',#5245,#5246);
#5245 = CARTESIAN_POINT('',(12.,-6.));
#5246 = DIRECTION('',(1.,-0.));
#5247 = ( GEOMETRIC_REPRESENTATION_CONTEXT(2) 
PARAMETRIC_REPRESENTATION_CONTEXT() REPRESENTATION_CONTEXT('2D SPACE',''
  ) );
#5248 = PCURVE('',#5249,#5254);
#5249 = CYLINDRICAL_SURFACE('',#5250,2.);
#5250 = AXIS2_PLACEMENT_3D('',#5251,#5252,#5253);
#5251 = CARTESIAN_POINT('',(-15.,-38.35,39.5));
#5252 = DIRECTION('',(-0.,-1.,-0.));
#5253 = DIRECTION('',(-0.,-0.,1.));
#5254 = DEFINITIONAL_REPRESENTATION('',(#5255),#5259);
#5255 = LINE('',#5256,#5257);
#5256 = CARTESIAN_POINT('',(-0.,6.));
#5257 = VECTOR('',#5258,1.);
#5258 = DIRECTION('',(-1.,0.));
#5259 = ( GEOMETRIC_REPRESENTATION_CONTEXT(2) 
PARAMETRIC_REPRESENTATION_CONTEXT() REPRESENTATION_CONTEXT('2D SPACE',''
  ) );
#5260 = ADVANCED_FACE('',(#5261),#5014,.T.);
#5261 = FACE_BOUND('',#5262,.F.);
#5262 = EDGE_LOOP('',(#5263,#5264,#5265,#5288));
#5263 = ORIENTED_EDGE('',*,*,#5000,.F.);
#5264 = ORIENTED_EDGE('',*,*,#5030,.T.);
#5265 = ORIENTED_EDGE('',*,*,#5266,.T.);
#5266 = EDGE_CURVE('',#5031,#5267,#5269,.T.);
#5267 = VERTEX_POINT('',#5268);
#5268 = CARTESIAN_POINT('',(8.881784197001E-16,-35.55090082779,17.));
#5269 = SURFACE_CURVE('',#5270,(#5274,#5281),.PCURVE_S1.);
#5270 = LINE('',#5271,#5272);
#5271 = CARTESIAN_POINT('',(8.881784197001E-16,-44.35,17.));
#5272 = VECTOR('',#5273,1.);
#5273 = DIRECTION('',(-0.,1.,-0.));
#5274 = PCURVE('',#5014,#5275);
#5275 = DEFINITIONAL_REPRESENTATION('',(#5276),#5280);
#5276 = LINE('',#5277,#5278);
#5277 = CARTESIAN_POINT('',(-1.570796326795,0.));
#5278 = VECTOR('',#5279,1.);
#5279 = DIRECTION('',(-0.,1.));
#5280 = ( GEOMETRIC_REPRESENTATION_CONTEXT(2) 
PARAMETRIC_REPRESENTATION_CONTEXT() REPRESENTATION_CONTEXT('2D SPACE',''
  ) );
#5281 = PCURVE('',#5074,#5282);
#5282 = DEFINITIONAL_REPRESENTATION('',(#5283),#5287);
#5283 = LINE('',#5284,#5285);
#5284 = CARTESIAN_POINT('',(-6.,-0.));
#5285 = VECTOR('',#5286,1.);
#5286 = DIRECTION('',(-0.,-1.));
#5287 = ( GEOMETRIC_REPRESENTATION_CONTEXT(2) 
PARAMETRIC_REPRESENTATION_CONTEXT() REPRESENTATION_CONTEXT('2D SPACE',''
  ) );
#5288 = ORIENTED_EDGE('',*,*,#5289,.T.);
#5289 = EDGE_CURVE('',#5267,#4978,#5290,.T.);
#5290 = SURFACE_CURVE('',#5291,(#5324,#5360),.PCURVE_S1.);
#5291 = B_SPLINE_CURVE_WITH_KNOTS('',7,(#5292,#5293,#5294,#5295,#5296,
    #5297,#5298,#5299,#5300,#5301,#5302,#5303,#5304,#5305,#5306,#5307,
    #5308,#5309,#5310,#5311,#5312,#5313,#5314,#5315,#5316,#5317,#5318,
    #5319,#5320,#5321,#5322,#5323),.UNSPECIFIED.,.F.,.F.,(8,6,6,6,6,8),(
    0.,0.179827365184,0.351516486621,0.609183124435,0.82654187768,1.),
  .UNSPECIFIED.);
#5292 = CARTESIAN_POINT('',(8.881784197001E-16,-35.55090082779,17.));
#5293 = CARTESIAN_POINT('',(8.881784197001E-16,-35.62848190318,
    16.712903429589));
#5294 = CARTESIAN_POINT('',(-1.602634350306E-02,-35.68975664011,
    16.417360047235));
#5295 = CARTESIAN_POINT('',(-4.978041100046E-02,-35.73266942297,
    16.117732078402));
#5296 = CARTESIAN_POINT('',(-0.101832368231,-35.75652492233,
    15.818517220932));
#5297 = CARTESIAN_POINT('',(-0.171535388915,-35.76189953616,
    15.524208302798));
#5298 = CARTESIAN_POINT('',(-0.256932679939,-35.75054891638,
    15.239198741007));
#5299 = CARTESIAN_POINT('',(-0.44795932498,-35.70121638223,
    14.708554244116));
#5300 = CARTESIAN_POINT('',(-0.552760664502,-35.66439470041,
    14.460991409971));
#5301 = CARTESIAN_POINT('',(-0.667527088335,-35.61685336079,
    14.225302105776));
#5302 = CARTESIAN_POINT('',(-0.790825031447,-35.56039968329,
    14.001569763861));
#5303 = CARTESIAN_POINT('',(-0.921329328505,-35.49667312412,
    13.789741410182));
#5304 = CARTESIAN_POINT('',(-1.057822480272,-35.42716539437,
    13.589659169553));
#5305 = CARTESIAN_POINT('',(-1.411339402931,-35.24226728962,
    13.118080985835));
#5306 = CARTESIAN_POINT('',(-1.635567431355,-35.12075283664,
    12.859523373605));
#5307 = CARTESIAN_POINT('',(-1.869289061294,-34.99255096625,
    12.623772551339));
#5308 = CARTESIAN_POINT('',(-2.110842650357,-34.8606138991,
    12.409093161294));
#5309 = CARTESIAN_POINT('',(-2.359402893882,-34.72727717149,
    12.213824805081));
#5310 = CARTESIAN_POINT('',(-2.614871330578,-34.59452723579,
    12.036560645135));
#5311 = CARTESIAN_POINT('',(-3.099661450227,-34.35474998205,
    11.741148887686));
#5312 = CARTESIAN_POINT('',(-3.326581016177,-34.24706579593,
    11.618237603438));
#5313 = CARTESIAN_POINT('',(-3.558534244602,-34.14286326995,
    11.507193977726));
#5314 = CARTESIAN_POINT('',(-3.795468362049,-34.04374711953,
    11.40788116832));
#5315 = CARTESIAN_POINT('',(-4.03738533591,-33.95154029002,
    11.320310539471));
#5316 = CARTESIAN_POINT('',(-4.284382184081,-33.86827136521,
    11.244625380046));
#5317 = CARTESIAN_POINT('',(-4.738026105216,-33.73847942175,
    11.130543070797));
#5318 = CARTESIAN_POINT('',(-4.943384178035,-33.68774909027,
    11.087541846841));
#5319 = CARTESIAN_POINT('',(-5.151628960735,-33.64542794115,
    11.052760638067));
#5320 = CARTESIAN_POINT('',(-5.361938926861,-33.61275030934,
    11.026483822465));
#5321 = CARTESIAN_POINT('',(-5.573721682261,-33.59059404883,
    11.008860262359));
#5322 = CARTESIAN_POINT('',(-5.786534050848,-33.57945526581,11.));
#5323 = CARTESIAN_POINT('',(-6.,-33.57945526581,11.));
#5324 = PCURVE('',#5014,#5325);
#5325 = DEFINITIONAL_REPRESENTATION('',(#5326),#5359);
#5326 = B_SPLINE_CURVE_WITH_KNOTS('',7,(#5327,#5328,#5329,#5330,#5331,
    #5332,#5333,#5334,#5335,#5336,#5337,#5338,#5339,#5340,#5341,#5342,
    #5343,#5344,#5345,#5346,#5347,#5348,#5349,#5350,#5351,#5352,#5353,
    #5354,#5355,#5356,#5357,#5358),.UNSPECIFIED.,.F.,.F.,(8,6,6,6,6,8),(
    0.,0.179827365184,0.351516486621,0.609183124435,0.82654187768,1.),
  .UNSPECIFIED.);
#5327 = CARTESIAN_POINT('',(-1.570796326795,8.799099172206));
#5328 = CARTESIAN_POINT('',(-1.522946898393,8.721518096814));
#5329 = CARTESIAN_POINT('',(-1.473689585397,8.660243359882));
#5330 = CARTESIAN_POINT('',(-1.423572944887,8.617330577024));
#5331 = CARTESIAN_POINT('',(-1.373119150121,8.59347507767));
#5332 = CARTESIAN_POINT('',(-1.322850975769,8.588100463832));
#5333 = CARTESIAN_POINT('',(-1.273336241135,8.599451083615));
#5334 = CARTESIAN_POINT('',(-1.179339379308,8.648783617761));
#5335 = CARTESIAN_POINT('',(-1.134601567889,8.685605299581));
#5336 = CARTESIAN_POINT('',(-1.091005098089,8.733146639201));
#5337 = CARTESIAN_POINT('',(-1.048522269799,8.789600316708));
#5338 = CARTESIAN_POINT('',(-1.007128214308,8.853326875876));
#5339 = CARTESIAN_POINT('',(-0.966800860256,8.92283460563));
#5340 = CARTESIAN_POINT('',(-0.868572074312,9.10773271038));
#5341 = CARTESIAN_POINT('',(-0.811675841711,9.229247163352));
#5342 = CARTESIAN_POINT('',(-0.756537355432,9.357449033748));
#5343 = CARTESIAN_POINT('',(-0.702861612359,9.489386100891));
#5344 = CARTESIAN_POINT('',(-0.650329609258,9.622722828508));
#5345 = CARTESIAN_POINT('',(-0.598596660491,9.75547276421));
#5346 = CARTESIAN_POINT('',(-0.503979072487,9.995250017943));
#5347 = CARTESIAN_POINT('',(-0.461023104401,10.102934204063));
#5348 = CARTESIAN_POINT('',(-0.418247754901,10.207136730046));
#5349 = CARTESIAN_POINT('',(-0.375524424569,10.30625288047));
#5350 = CARTESIAN_POINT('',(-0.332730033374,10.398459709972));
#5351 = CARTESIAN_POINT('',(-0.289730435014,10.48172863479));
#5352 = CARTESIAN_POINT('',(-0.21176898078,10.611520578241));
#5353 = CARTESIAN_POINT('',(-0.176828282219,10.662250909729));
#5354 = CARTESIAN_POINT('',(-0.141687251654,10.704572058846));
#5355 = CARTESIAN_POINT('',(-0.106417180927,10.737249690655));
#5356 = CARTESIAN_POINT('',(-7.104634184572E-02,10.759405951166));
#5357 = CARTESIAN_POINT('',(-3.557765819197E-02,10.770544734181));
#5358 = CARTESIAN_POINT('',(0.,10.770544734181));
#5359 = ( GEOMETRIC_REPRESENTATION_CONTEXT(2) 
PARAMETRIC_REPRESENTATION_CONTEXT() REPRESENTATION_CONTEXT('2D SPACE',''
  ) );
#5360 = PCURVE('',#4937,#5361);
#5361 = DEFINITIONAL_REPRESENTATION('',(#5362),#5395);
#5362 = B_SPLINE_CURVE_WITH_KNOTS('',7,(#5363,#5364,#5365,#5366,#5367,
    #5368,#5369,#5370,#5371,#5372,#5373,#5374,#5375,#5376,#5377,#5378,
    #5379,#5380,#5381,#5382,#5383,#5384,#5385,#5386,#5387,#5388,#5389,
    #5390,#5391,#5392,#5393,#5394),.UNSPECIFIED.,.F.,.F.,(8,6,6,6,6,8),(
    0.,0.179827365184,0.351516486621,0.609183124435,0.82654187768,1.),
  .UNSPECIFIED.);
#5363 = CARTESIAN_POINT('',(-4.448466132255,0.5));
#5364 = CARTESIAN_POINT('',(-4.500186849183,0.5));
#5365 = CARTESIAN_POINT('',(-4.552586003181,0.516026343503));
#5366 = CARTESIAN_POINT('',(-4.605063458229,0.549780411));
#5367 = CARTESIAN_POINT('',(-4.657086293563,0.601832368231));
#5368 = CARTESIAN_POINT('',(-4.708137986806,0.671535388915));
#5369 = CARTESIAN_POINT('',(-4.757674851262,0.756932679939));
#5370 = CARTESIAN_POINT('',(-4.85035880207,0.94795932498));
#5371 = CARTESIAN_POINT('',(-4.893821163012,1.052760664502));
#5372 = CARTESIAN_POINT('',(-4.935551383076,1.167527088335));
#5373 = CARTESIAN_POINT('',(-4.975603453323,1.290825031447));
#5374 = CARTESIAN_POINT('',(-5.014017959246,1.421329328505));
#5375 = CARTESIAN_POINT('',(-5.05082635868,1.557822480272));
#5376 = CARTESIAN_POINT('',(-5.138918644453,1.911339402931));
#5377 = CARTESIAN_POINT('',(-5.18849647611,2.135567431355));
#5378 = CARTESIAN_POINT('',(-5.23504735347,2.369289061294));
#5379 = CARTESIAN_POINT('',(-5.278771618767,2.610842650357));
#5380 = CARTESIAN_POINT('',(-5.31982834988,2.859402893882));
#5381 = CARTESIAN_POINT('',(-5.358314014447,3.114871330578));
#5382 = CARTESIAN_POINT('',(-5.424483582458,3.599661450227));
#5383 = CARTESIAN_POINT('',(-5.452882782128,3.826581016177));
#5384 = CARTESIAN_POINT('',(-5.47934287201,4.058534244602));
#5385 = CARTESIAN_POINT('',(-5.50372752746,4.295468362049));
#5386 = CARTESIAN_POINT('',(-5.525834008509,4.53738533591));
#5387 = CARTESIAN_POINT('',(-5.545400988476,4.784382184081));
#5388 = CARTESIAN_POINT('',(-5.575453606161,5.238026105216));
#5389 = CARTESIAN_POINT('',(-5.587017463673,5.443384178035));
#5390 = CARTESIAN_POINT('',(-5.596543178186,5.651628960735));
#5391 = CARTESIAN_POINT('',(-5.603835437825,5.861938926861));
#5392 = CARTESIAN_POINT('',(-5.608759154984,6.073721682261));
#5393 = CARTESIAN_POINT('',(-5.611234410684,6.286534050848));
#5394 = CARTESIAN_POINT('',(-5.611234410684,6.5));
#5395 = ( GEOMETRIC_REPRESENTATION_CONTEXT(2) 
PARAMETRIC_REPRESENTATION_CONTEXT() REPRESENTATION_CONTEXT('2D SPACE',''
  ) );
#5396 = ADVANCED_FACE('',(#5397),#4937,.F.);
#5397 = FACE_BOUND('',#5398,.T.);
#5398 = EDGE_LOOP('',(#5399,#5425,#5426,#5554,#5580,#5581));
#5399 = ORIENTED_EDGE('',*,*,#5400,.F.);
#5400 = EDGE_CURVE('',#4922,#4950,#5401,.T.);
#5401 = SURFACE_CURVE('',#5402,(#5407,#5414),.PCURVE_S1.);
#5402 = CIRCLE('',#5403,5.75);
#5403 = AXIS2_PLACEMENT_3D('',#5404,#5405,#5406);
#5404 = CARTESIAN_POINT('',(-9.,-30.,15.5));
#5405 = DIRECTION('',(1.,0.,-0.));
#5406 = DIRECTION('',(-0.,-0.,-1.));
#5407 = PCURVE('',#4937,#5408);
#5408 = DEFINITIONAL_REPRESENTATION('',(#5409),#5413);
#5409 = LINE('',#5410,#5411);
#5410 = CARTESIAN_POINT('',(-0.,9.5));
#5411 = VECTOR('',#5412,1.);
#5412 = DIRECTION('',(-1.,0.));
#5413 = ( GEOMETRIC_REPRESENTATION_CONTEXT(2) 
PARAMETRIC_REPRESENTATION_CONTEXT() REPRESENTATION_CONTEXT('2D SPACE',''
  ) );
#5414 = PCURVE('',#4965,#5415);
#5415 = DEFINITIONAL_REPRESENTATION('',(#5416),#5424);
#5416 = ( BOUNDED_CURVE() B_SPLINE_CURVE(2,(#5417,#5418,#5419,#5420,
#5421,#5422,#5423),.UNSPECIFIED.,.T.,.F.) B_SPLINE_CURVE_WITH_KNOTS((1,2
    ,2,2,2,1),(-2.094395102393,0.,2.094395102393,4.188790204786,
6.28318530718,8.377580409573),.UNSPECIFIED.) CURVE() 
GEOMETRIC_REPRESENTATION_ITEM() RATIONAL_B_SPLINE_CURVE((1.,0.5,1.,0.5,
1.,0.5,1.)) REPRESENTATION_ITEM('') );
#5417 = CARTESIAN_POINT('',(-5.75,0.));
#5418 = CARTESIAN_POINT('',(-5.75,9.959292143521));
#5419 = CARTESIAN_POINT('',(2.875,4.979646071761));
#5420 = CARTESIAN_POINT('',(11.5,1.408343819019E-15));
#5421 = CARTESIAN_POINT('',(2.875,-4.979646071761));
#5422 = CARTESIAN_POINT('',(-5.75,-9.959292143521));
#5423 = CARTESIAN_POINT('',(-5.75,0.));
#5424 = ( GEOMETRIC_REPRESENTATION_CONTEXT(2) 
PARAMETRIC_REPRESENTATION_CONTEXT() REPRESENTATION_CONTEXT('2D SPACE',''
  ) );
#5425 = ORIENTED_EDGE('',*,*,#4921,.F.);
#5426 = ORIENTED_EDGE('',*,*,#5427,.T.);
#5427 = EDGE_CURVE('',#4894,#5428,#5430,.T.);
#5428 = VERTEX_POINT('',#5429);
#5429 = CARTESIAN_POINT('',(8.881784197001E-16,-24.4490991722,17.));
#5430 = SURFACE_CURVE('',#5431,(#5470,#5512),.PCURVE_S1.);
#5431 = B_SPLINE_CURVE_WITH_KNOTS('',7,(#5432,#5433,#5434,#5435,#5436,
    #5437,#5438,#5439,#5440,#5441,#5442,#5443,#5444,#5445,#5446,#5447,
    #5448,#5449,#5450,#5451,#5452,#5453,#5454,#5455,#5456,#5457,#5458,
    #5459,#5460,#5461,#5462,#5463,#5464,#5465,#5466,#5467,#5468,#5469),
  .UNSPECIFIED.,.F.,.F.,(8,6,6,6,6,6,8),(0.,0.170268649692,
    0.392056660366,0.649287491224,0.744809017784,0.930344395873,1.),
  .UNSPECIFIED.);
#5432 = CARTESIAN_POINT('',(-6.,-26.42054473418,11.));
#5433 = CARTESIAN_POINT('',(-5.790552216594,-26.42054473418,11.));
#5434 = CARTESIAN_POINT('',(-5.581731785285,-26.4098213336,
    11.008529853139));
#5435 = CARTESIAN_POINT('',(-5.373902408035,-26.38848882265,
    11.02549817362));
#5436 = CARTESIAN_POINT('',(-5.167486146957,-26.3570113845,
    11.050799573314));
#5437 = CARTESIAN_POINT('',(-4.963038890234,-26.31620744442,
    11.084292421651));
#5438 = CARTESIAN_POINT('',(-4.761323558912,-26.26722562556,
    11.125713254181));
#5439 = CARTESIAN_POINT('',(-4.305545719987,-26.13889538405,
    11.238112568635));
#5440 = CARTESIAN_POINT('',(-4.053231236343,-26.05459494807,
    11.314459661817));
#5441 = CARTESIAN_POINT('',(-3.806193622575,-25.96087185713,
    11.403185952828));
#5442 = CARTESIAN_POINT('',(-3.564331957668,-25.85988923568,
    11.504134898019));
#5443 = CARTESIAN_POINT('',(-3.327651273404,-25.75359029294,
    11.617289133911));
#5444 = CARTESIAN_POINT('',(-3.096216311753,-25.64368199869,
    11.742787261247));
#5445 = CARTESIAN_POINT('',(-2.607840862256,-25.40183270542,
    12.041396675686));
#5446 = CARTESIAN_POINT('',(-2.353050814483,-25.26933314134,
    12.218719285987));
#5447 = CARTESIAN_POINT('',(-2.105145764429,-25.13628992085,
    12.413995093698));
#5448 = CARTESIAN_POINT('',(-1.864229523077,-25.00467863666,
    12.628629178599));
#5449 = CARTESIAN_POINT('',(-1.631130145986,-24.87682586495,
    12.864276458293));
#5450 = CARTESIAN_POINT('',(-1.407507951132,-24.7556734821,
    13.122664286708));
#5451 = CARTESIAN_POINT('',(-1.117370726548,-24.60400092825,
    13.510425623358));
#5452 = CARTESIAN_POINT('',(-1.040414646228,-24.56435747984,
    13.618857284813));
#5453 = CARTESIAN_POINT('',(-0.96521099099,-24.52634614946,
    13.730801970408));
#5454 = CARTESIAN_POINT('',(-0.891922492336,-24.49019030588,
    13.846335164676));
#5455 = CARTESIAN_POINT('',(-0.820731290955,-24.45613362375,
    13.96552438415));
#5456 = CARTESIAN_POINT('',(-0.751838094602,-24.42444129859,
    14.088428667358));
#5457 = CARTESIAN_POINT('',(-0.556535035798,-24.33899560731,
    14.461133229805));
#5458 = CARTESIAN_POINT('',(-0.435759868443,-24.29200871643,
    14.723935708174));
#5459 = CARTESIAN_POINT('',(-0.326790143817,-24.25767121996,
    15.001168342212));
#5460 = CARTESIAN_POINT('',(-0.232417716181,-24.23872364739,
    15.290294443005));
#5461 = CARTESIAN_POINT('',(-0.154665551997,-24.23733985001,
    15.588560179884));
#5462 = CARTESIAN_POINT('',(-9.483009740337E-02,-24.25507798447,
    15.89303985604));
#5463 = CARTESIAN_POINT('',(-3.794552923553E-02,-24.30704321612,
    16.316265558183));
#5464 = CARTESIAN_POINT('',(-2.508535384065E-02,-24.32399548921,
    16.431778107167));
#5465 = CARTESIAN_POINT('',(-1.489743161553E-02,-24.34371149346,
    16.547017580738));
#5466 = CARTESIAN_POINT('',(-7.358728949208E-03,-24.36615807019,
    16.661720599134));
#5467 = CARTESIAN_POINT('',(-2.418646570638E-03,-24.39127238766,
    16.775625088059));
#5468 = CARTESIAN_POINT('',(8.881784197001E-16,-24.41896104434,
    16.888470827409));
#5469 = CARTESIAN_POINT('',(8.881784197001E-16,-24.4490991722,17.));
#5470 = PCURVE('',#4937,#5471);
#5471 = DEFINITIONAL_REPRESENTATION('',(#5472),#5511);
#5472 = B_SPLINE_CURVE_WITH_KNOTS('',7,(#5473,#5474,#5475,#5476,#5477,
    #5478,#5479,#5480,#5481,#5482,#5483,#5484,#5485,#5486,#5487,#5488,
    #5489,#5490,#5491,#5492,#5493,#5494,#5495,#5496,#5497,#5498,#5499,
    #5500,#5501,#5502,#5503,#5504,#5505,#5506,#5507,#5508,#5509,#5510),
  .UNSPECIFIED.,.F.,.F.,(8,6,6,6,6,6,8),(0.,0.170268649692,
    0.392056660366,0.649287491224,0.744809017784,0.930344395873,1.),
  .UNSPECIFIED.);
#5473 = CARTESIAN_POINT('',(-0.671950896496,6.5));
#5474 = CARTESIAN_POINT('',(-0.671950896496,6.290552216594));
#5475 = CARTESIAN_POINT('',(-0.674333849268,6.081731785285));
#5476 = CARTESIAN_POINT('',(-0.679074494187,5.873902408035));
#5477 = CARTESIAN_POINT('',(-0.686097822061,5.667486146957));
#5478 = CARTESIAN_POINT('',(-0.695277548238,5.463038890234));
#5479 = CARTESIAN_POINT('',(-0.706431915077,5.261323558912));
#5480 = CARTESIAN_POINT('',(-0.736100408241,4.805545719987));
#5481 = CARTESIAN_POINT('',(-0.755877591216,4.553231236343));
#5482 = CARTESIAN_POINT('',(-0.778313407595,4.306193622575));
#5483 = CARTESIAN_POINT('',(-0.803127893391,4.064331957668));
#5484 = CARTESIAN_POINT('',(-0.830103678478,3.827651273404));
#5485 = CARTESIAN_POINT('',(-0.859094795261,3.596216311753));
#5486 = CARTESIAN_POINT('',(-0.925923281098,3.107840862256));
#5487 = CARTESIAN_POINT('',(-0.964391007922,2.853050814482));
#5488 = CARTESIAN_POINT('',(-1.005420153268,2.605145764429));
#5489 = CARTESIAN_POINT('',(-1.049108300365,2.364229523076));
#5490 = CARTESIAN_POINT('',(-1.095614728291,2.131130145986));
#5491 = CARTESIAN_POINT('',(-1.1451394652,1.907507951132));
#5492 = CARTESIAN_POINT('',(-1.217551522347,1.617370726548));
#5493 = CARTESIAN_POINT('',(-1.237625006152,1.540414646228));
#5494 = CARTESIAN_POINT('',(-1.258176419796,1.46521099099));
#5495 = CARTESIAN_POINT('',(-1.279218733121,1.391922492336));
#5496 = CARTESIAN_POINT('',(-1.300765499296,1.320731290955));
#5497 = CARTESIAN_POINT('',(-1.322831316934,1.251838094602));
#5498 = CARTESIAN_POINT('',(-1.389331093252,1.056535035798));
#5499 = CARTESIAN_POINT('',(-1.435706221757,0.935759868443));
#5500 = CARTESIAN_POINT('',(-1.484173814406,0.826790143817));
#5501 = CARTESIAN_POINT('',(-1.53440648913,0.732417716181));
#5502 = CARTESIAN_POINT('',(-1.586118605446,0.654665551997));
#5503 = CARTESIAN_POINT('',(-1.639052908801,0.594830097403));
#5504 = CARTESIAN_POINT('',(-1.713210128036,0.537945529236));
#5505 = CARTESIAN_POINT('',(-1.733508826608,0.525085353841));
#5506 = CARTESIAN_POINT('',(-1.753832500663,0.514897431616));
#5507 = CARTESIAN_POINT('',(-1.774148886814,0.507358728949));
#5508 = CARTESIAN_POINT('',(-1.794425094742,0.502418646571));
#5509 = CARTESIAN_POINT('',(-1.814627089685,0.5));
#5510 = CARTESIAN_POINT('',(-1.834719174925,0.5));
#5511 = ( GEOMETRIC_REPRESENTATION_CONTEXT(2) 
PARAMETRIC_REPRESENTATION_CONTEXT() REPRESENTATION_CONTEXT('2D SPACE',''
  ) );
#5512 = PCURVE('',#4909,#5513);
#5513 = DEFINITIONAL_REPRESENTATION('',(#5514),#5553);
#5514 = B_SPLINE_CURVE_WITH_KNOTS('',7,(#5515,#5516,#5517,#5518,#5519,
    #5520,#5521,#5522,#5523,#5524,#5525,#5526,#5527,#5528,#5529,#5530,
    #5531,#5532,#5533,#5534,#5535,#5536,#5537,#5538,#5539,#5540,#5541,
    #5542,#5543,#5544,#5545,#5546,#5547,#5548,#5549,#5550,#5551,#5552),
  .UNSPECIFIED.,.F.,.F.,(8,6,6,6,6,6,8),(0.,0.170268649692,
    0.392056660366,0.649287491224,0.744809017784,0.930344395873,1.),
  .UNSPECIFIED.);
#5515 = CARTESIAN_POINT('',(0.,17.929455265819));
#5516 = CARTESIAN_POINT('',(-3.490796390097E-02,17.929455265819));
#5517 = CARTESIAN_POINT('',(-6.97113289944E-02,17.940178666392));
#5518 = CARTESIAN_POINT('',(-0.104419177944,17.96151117735));
#5519 = CARTESIAN_POINT('',(-0.139028251646,17.992988615497));
#5520 = CARTESIAN_POINT('',(-0.17351241468,18.033792555576));
#5521 = CARTESIAN_POINT('',(-0.207806626444,18.082774374433));
#5522 = CARTESIAN_POINT('',(-0.286045407028,18.211104615946));
#5523 = CARTESIAN_POINT('',(-0.329921413767,18.295405051922));
#5524 = CARTESIAN_POINT('',(-0.373578704331,18.389128142866));
#5525 = CARTESIAN_POINT('',(-0.417159162108,18.490110764312));
#5526 = CARTESIAN_POINT('',(-0.46079184838,18.596409707052));
#5527 = CARTESIAN_POINT('',(-0.50461144085,18.706318001307));
#5528 = CARTESIAN_POINT('',(-0.600016740328,18.948167294575));
#5529 = CARTESIAN_POINT('',(-0.651662893056,19.080666858653));
#5530 = CARTESIAN_POINT('',(-0.704110568854,19.213710079144));
#5531 = CARTESIAN_POINT('',(-0.757702788443,19.345321363333));
#5532 = CARTESIAN_POINT('',(-0.812756892068,19.473174135048));
#5533 = CARTESIAN_POINT('',(-0.869566290476,19.594326517891));
#5534 = CARTESIAN_POINT('',(-0.950281575978,19.74599907175));
#5535 = CARTESIAN_POINT('',(-0.972435379975,19.785642520158));
#5536 = CARTESIAN_POINT('',(-0.994900066188,19.823653850534));
#5537 = CARTESIAN_POINT('',(-1.017688590479,19.859809694116));
#5538 = CARTESIAN_POINT('',(-1.040813374295,19.893866376247));
#5539 = CARTESIAN_POINT('',(-1.064286719726,19.925558701409));
#5540 = CARTESIAN_POINT('',(-1.134415960664,20.01100439269));
#5541 = CARTESIAN_POINT('',(-1.18255544813,20.057991283569));
#5542 = CARTESIAN_POINT('',(-1.232073919879,20.092328780035));
#5543 = CARTESIAN_POINT('',(-1.28260142445,20.111276352605));
#5544 = CARTESIAN_POINT('',(-1.33382187683,20.112660149981));
#5545 = CARTESIAN_POINT('',(-1.385444672586,20.094922015523));
#5546 = CARTESIAN_POINT('',(-1.456616578921,20.042956783875));
#5547 = CARTESIAN_POINT('',(-1.475982604131,20.026004510787));
#5548 = CARTESIAN_POINT('',(-1.495256183993,20.006288506534));
#5549 = CARTESIAN_POINT('',(-1.514405941958,19.983841929806));
#5550 = CARTESIAN_POINT('',(-1.533400505768,19.958727612339));
#5551 = CARTESIAN_POINT('',(-1.552208131363,19.931038955654));
#5552 = CARTESIAN_POINT('',(-1.570796326795,19.900900827794));
#5553 = ( GEOMETRIC_REPRESENTATION_CONTEXT(2) 
PARAMETRIC_REPRESENTATION_CONTEXT() REPRESENTATION_CONTEXT('2D SPACE',''
  ) );
#5554 = ORIENTED_EDGE('',*,*,#5555,.T.);
#5555 = EDGE_CURVE('',#5428,#5267,#5556,.T.);
#5556 = SURFACE_CURVE('',#5557,(#5562,#5569),.PCURVE_S1.);
#5557 = CIRCLE('',#5558,5.75);
#5558 = AXIS2_PLACEMENT_3D('',#5559,#5560,#5561);
#5559 = CARTESIAN_POINT('',(0.,-30.,15.5));
#5560 = DIRECTION('',(1.,0.,-0.));
#5561 = DIRECTION('',(-0.,-0.,-1.));
#5562 = PCURVE('',#4937,#5563);
#5563 = DEFINITIONAL_REPRESENTATION('',(#5564),#5568);
#5564 = LINE('',#5565,#5566);
#5565 = CARTESIAN_POINT('',(-0.,0.5));
#5566 = VECTOR('',#5567,1.);
#5567 = DIRECTION('',(-1.,0.));
#5568 = ( GEOMETRIC_REPRESENTATION_CONTEXT(2) 
PARAMETRIC_REPRESENTATION_CONTEXT() REPRESENTATION_CONTEXT('2D SPACE',''
  ) );
#5569 = PCURVE('',#5074,#5570);
#5570 = DEFINITIONAL_REPRESENTATION('',(#5571),#5579);
#5571 = ( BOUNDED_CURVE() B_SPLINE_CURVE(2,(#5572,#5573,#5574,#5575,
#5576,#5577,#5578),.UNSPECIFIED.,.T.,.F.) B_SPLINE_CURVE_WITH_KNOTS((1,2
    ,2,2,2,1),(-2.094395102393,0.,2.094395102393,4.188790204786,
6.28318530718,8.377580409573),.UNSPECIFIED.) CURVE() 
GEOMETRIC_REPRESENTATION_ITEM() RATIONAL_B_SPLINE_CURVE((1.,0.5,1.,0.5,
1.,0.5,1.)) REPRESENTATION_ITEM('') );
#5572 = CARTESIAN_POINT('',(1.25,-14.35));
#5573 = CARTESIAN_POINT('',(1.25,-24.30929214352));
#5574 = CARTESIAN_POINT('',(-7.375,-19.32964607176));
#5575 = CARTESIAN_POINT('',(-16.,-14.35));
#5576 = CARTESIAN_POINT('',(-7.375,-9.370353928239));
#5577 = CARTESIAN_POINT('',(1.25,-4.390707856479));
#5578 = CARTESIAN_POINT('',(1.25,-14.35));
#5579 = ( GEOMETRIC_REPRESENTATION_CONTEXT(2) 
PARAMETRIC_REPRESENTATION_CONTEXT() REPRESENTATION_CONTEXT('2D SPACE',''
  ) );
#5580 = ORIENTED_EDGE('',*,*,#5289,.T.);
#5581 = ORIENTED_EDGE('',*,*,#4977,.T.);
#5582 = ADVANCED_FACE('',(#5583,#5587),#4965,.F.);
#5583 = FACE_BOUND('',#5584,.T.);
#5584 = EDGE_LOOP('',(#5585,#5586));
#5585 = ORIENTED_EDGE('',*,*,#4949,.T.);
#5586 = ORIENTED_EDGE('',*,*,#5400,.T.);
#5587 = FACE_BOUND('',#5588,.T.);
#5588 = EDGE_LOOP('',(#5589));
#5589 = ORIENTED_EDGE('',*,*,#5590,.T.);
#5590 = EDGE_CURVE('',#5591,#5591,#5593,.T.);
#5591 = VERTEX_POINT('',#5592);
#5592 = CARTESIAN_POINT('',(-9.,-30.,17.2));
#5593 = SURFACE_CURVE('',#5594,(#5599,#5606),.PCURVE_S1.);
#5594 = CIRCLE('',#5595,1.7);
#5595 = AXIS2_PLACEMENT_3D('',#5596,#5597,#5598);
#5596 = CARTESIAN_POINT('',(-9.,-30.,15.5));
#5597 = DIRECTION('',(-1.,-0.,-0.));
#5598 = DIRECTION('',(-0.,-0.,1.));
#5599 = PCURVE('',#4965,#5600);
#5600 = DEFINITIONAL_REPRESENTATION('',(#5601),#5605);
#5601 = CIRCLE('',#5602,1.7);
#5602 = AXIS2_PLACEMENT_2D('',#5603,#5604);
#5603 = CARTESIAN_POINT('',(0.,0.));
#5604 = DIRECTION('',(1.,-0.));
#5605 = ( GEOMETRIC_REPRESENTATION_CONTEXT(2) 
PARAMETRIC_REPRESENTATION_CONTEXT() REPRESENTATION_CONTEXT('2D SPACE',''
  ) );
#5606 = PCURVE('',#5607,#5612);
#5607 = CYLINDRICAL_SURFACE('',#5608,1.7);
#5608 = AXIS2_PLACEMENT_3D('',#5609,#5610,#5611);
#5609 = CARTESIAN_POINT('',(-19.,-30.,15.5));
#5610 = DIRECTION('',(1.,-0.,-0.));
#5611 = DIRECTION('',(-0.,-0.,1.));
#5612 = DEFINITIONAL_REPRESENTATION('',(#5613),#5617);
#5613 = LINE('',#5614,#5615);
#5614 = CARTESIAN_POINT('',(-0.,10.));
#5615 = VECTOR('',#5616,1.);
#5616 = DIRECTION('',(-1.,0.));
#5617 = ( GEOMETRIC_REPRESENTATION_CONTEXT(2) 
PARAMETRIC_REPRESENTATION_CONTEXT() REPRESENTATION_CONTEXT('2D SPACE',''
  ) );
#5618 = ADVANCED_FACE('',(#5619),#4909,.T.);
#5619 = FACE_BOUND('',#5620,.F.);
#5620 = EDGE_LOOP('',(#5621,#5622,#5623,#5646));
#5621 = ORIENTED_EDGE('',*,*,#4893,.F.);
#5622 = ORIENTED_EDGE('',*,*,#5427,.T.);
#5623 = ORIENTED_EDGE('',*,*,#5624,.T.);
#5624 = EDGE_CURVE('',#5428,#5625,#5627,.T.);
#5625 = VERTEX_POINT('',#5626);
#5626 = CARTESIAN_POINT('',(8.881784197001E-16,-15.65,17.));
#5627 = SURFACE_CURVE('',#5628,(#5632,#5639),.PCURVE_S1.);
#5628 = LINE('',#5629,#5630);
#5629 = CARTESIAN_POINT('',(8.881784197001E-16,-44.35,17.));
#5630 = VECTOR('',#5631,1.);
#5631 = DIRECTION('',(-0.,1.,-0.));
#5632 = PCURVE('',#4909,#5633);
#5633 = DEFINITIONAL_REPRESENTATION('',(#5634),#5638);
#5634 = LINE('',#5635,#5636);
#5635 = CARTESIAN_POINT('',(-1.570796326795,0.));
#5636 = VECTOR('',#5637,1.);
#5637 = DIRECTION('',(-0.,1.));
#5638 = ( GEOMETRIC_REPRESENTATION_CONTEXT(2) 
PARAMETRIC_REPRESENTATION_CONTEXT() REPRESENTATION_CONTEXT('2D SPACE',''
  ) );
#5639 = PCURVE('',#5074,#5640);
#5640 = DEFINITIONAL_REPRESENTATION('',(#5641),#5645);
#5641 = LINE('',#5642,#5643);
#5642 = CARTESIAN_POINT('',(-6.,-0.));
#5643 = VECTOR('',#5644,1.);
#5644 = DIRECTION('',(-0.,-1.));
#5645 = ( GEOMETRIC_REPRESENTATION_CONTEXT(2) 
PARAMETRIC_REPRESENTATION_CONTEXT() REPRESENTATION_CONTEXT('2D SPACE',''
  ) );
#5646 = ORIENTED_EDGE('',*,*,#5647,.F.);
#5647 = EDGE_CURVE('',#4866,#5625,#5648,.T.);
#5648 = SURFACE_CURVE('',#5649,(#5654,#5661),.PCURVE_S1.);
#5649 = CIRCLE('',#5650,6.);
#5650 = AXIS2_PLACEMENT_3D('',#5651,#5652,#5653);
#5651 = CARTESIAN_POINT('',(-6.,-15.65,17.));
#5652 = DIRECTION('',(0.,-1.,0.));
#5653 = DIRECTION('',(0.,-0.,-1.));
#5654 = PCURVE('',#4909,#5655);
#5655 = DEFINITIONAL_REPRESENTATION('',(#5656),#5660);
#5656 = LINE('',#5657,#5658);
#5657 = CARTESIAN_POINT('',(-0.,28.7));
#5658 = VECTOR('',#5659,1.);
#5659 = DIRECTION('',(-1.,0.));
#5660 = ( GEOMETRIC_REPRESENTATION_CONTEXT(2) 
PARAMETRIC_REPRESENTATION_CONTEXT() REPRESENTATION_CONTEXT('2D SPACE',''
  ) );
#5661 = PCURVE('',#4881,#5662);
#5662 = DEFINITIONAL_REPRESENTATION('',(#5663),#5671);
#5663 = ( BOUNDED_CURVE() B_SPLINE_CURVE(2,(#5664,#5665,#5666,#5667,
#5668,#5669,#5670),.UNSPECIFIED.,.T.,.F.) B_SPLINE_CURVE_WITH_KNOTS((1,2
    ,2,2,2,1),(-2.094395102393,0.,2.094395102393,4.188790204786,
6.28318530718,8.377580409573),.UNSPECIFIED.) CURVE() 
GEOMETRIC_REPRESENTATION_ITEM() RATIONAL_B_SPLINE_CURVE((1.,0.5,1.,0.5,
1.,0.5,1.)) REPRESENTATION_ITEM('') );
#5664 = CARTESIAN_POINT('',(-16.5,3.));
#5665 = CARTESIAN_POINT('',(-16.5,13.392304845413));
#5666 = CARTESIAN_POINT('',(-7.5,8.196152422707));
#5667 = CARTESIAN_POINT('',(1.5,3.));
#5668 = CARTESIAN_POINT('',(-7.5,-2.196152422707));
#5669 = CARTESIAN_POINT('',(-16.5,-7.392304845413));
#5670 = CARTESIAN_POINT('',(-16.5,3.));
#5671 = ( GEOMETRIC_REPRESENTATION_CONTEXT(2) 
PARAMETRIC_REPRESENTATION_CONTEXT() REPRESENTATION_CONTEXT('2D SPACE',''
  ) );
#5672 = ADVANCED_FACE('',(#5673,#5839),#4881,.T.);
#5673 = FACE_BOUND('',#5674,.F.);
#5674 = EDGE_LOOP('',(#5675,#5676,#5677,#5700,#5733,#5761,#5794,#5817));
#5675 = ORIENTED_EDGE('',*,*,#4865,.T.);
#5676 = ORIENTED_EDGE('',*,*,#5647,.T.);
#5677 = ORIENTED_EDGE('',*,*,#5678,.T.);
#5678 = EDGE_CURVE('',#5625,#5679,#5681,.T.);
#5679 = VERTEX_POINT('',#5680);
#5680 = CARTESIAN_POINT('',(8.881784197001E-16,-15.65,38.));
#5681 = SURFACE_CURVE('',#5682,(#5686,#5693),.PCURVE_S1.);
#5682 = LINE('',#5683,#5684);
#5683 = CARTESIAN_POINT('',(0.,-15.65,11.));
#5684 = VECTOR('',#5685,1.);
#5685 = DIRECTION('',(-0.,-0.,1.));
#5686 = PCURVE('',#4881,#5687);
#5687 = DEFINITIONAL_REPRESENTATION('',(#5688),#5692);
#5688 = LINE('',#5689,#5690);
#5689 = CARTESIAN_POINT('',(-16.5,9.));
#5690 = VECTOR('',#5691,1.);
#5691 = DIRECTION('',(1.,-0.));
#5692 = ( GEOMETRIC_REPRESENTATION_CONTEXT(2) 
PARAMETRIC_REPRESENTATION_CONTEXT() REPRESENTATION_CONTEXT('2D SPACE',''
  ) );
#5693 = PCURVE('',#5074,#5694);
#5694 = DEFINITIONAL_REPRESENTATION('',(#5695),#5699);
#5695 = LINE('',#5696,#5697);
#5696 = CARTESIAN_POINT('',(-0.,-28.7));
#5697 = VECTOR('',#5698,1.);
#5698 = DIRECTION('',(-1.,-0.));
#5699 = ( GEOMETRIC_REPRESENTATION_CONTEXT(2) 
PARAMETRIC_REPRESENTATION_CONTEXT() REPRESENTATION_CONTEXT('2D SPACE',''
  ) );
#5700 = ORIENTED_EDGE('',*,*,#5701,.T.);
#5701 = EDGE_CURVE('',#5679,#5702,#5704,.T.);
#5702 = VERTEX_POINT('',#5703);
#5703 = CARTESIAN_POINT('',(-6.,-15.65,44.));
#5704 = SURFACE_CURVE('',#5705,(#5710,#5721),.PCURVE_S1.);
#5705 = CIRCLE('',#5706,6.);
#5706 = AXIS2_PLACEMENT_3D('',#5707,#5708,#5709);
#5707 = CARTESIAN_POINT('',(-6.,-15.65,38.));
#5708 = DIRECTION('',(0.,-1.,0.));
#5709 = DIRECTION('',(0.,-0.,-1.));
#5710 = PCURVE('',#4881,#5711);
#5711 = DEFINITIONAL_REPRESENTATION('',(#5712),#5720);
#5712 = ( BOUNDED_CURVE() B_SPLINE_CURVE(2,(#5713,#5714,#5715,#5716,
#5717,#5718,#5719),.UNSPECIFIED.,.T.,.F.) B_SPLINE_CURVE_WITH_KNOTS((1,2
    ,2,2,2,1),(-2.094395102393,0.,2.094395102393,4.188790204786,
6.28318530718,8.377580409573),.UNSPECIFIED.) CURVE() 
GEOMETRIC_REPRESENTATION_ITEM() RATIONAL_B_SPLINE_CURVE((1.,0.5,1.,0.5,
1.,0.5,1.)) REPRESENTATION_ITEM('') );
#5713 = CARTESIAN_POINT('',(4.5,3.));
#5714 = CARTESIAN_POINT('',(4.5,13.392304845413));
#5715 = CARTESIAN_POINT('',(13.5,8.196152422707));
#5716 = CARTESIAN_POINT('',(22.5,3.));
#5717 = CARTESIAN_POINT('',(13.5,-2.196152422707));
#5718 = CARTESIAN_POINT('',(4.5,-7.392304845413));
#5719 = CARTESIAN_POINT('',(4.5,3.));
#5720 = ( GEOMETRIC_REPRESENTATION_CONTEXT(2) 
PARAMETRIC_REPRESENTATION_CONTEXT() REPRESENTATION_CONTEXT('2D SPACE',''
  ) );
#5721 = PCURVE('',#5722,#5727);
#5722 = CYLINDRICAL_SURFACE('',#5723,6.);
#5723 = AXIS2_PLACEMENT_3D('',#5724,#5725,#5726);
#5724 = CARTESIAN_POINT('',(-6.,-44.35,38.));
#5725 = DIRECTION('',(-0.,1.,-0.));
#5726 = DIRECTION('',(1.,-0.,-0.));
#5727 = DEFINITIONAL_REPRESENTATION('',(#5728),#5732);
#5728 = LINE('',#5729,#5730);
#5729 = CARTESIAN_POINT('',(1.570796326795,28.7));
#5730 = VECTOR('',#5731,1.);
#5731 = DIRECTION('',(-1.,0.));
#5732 = ( GEOMETRIC_REPRESENTATION_CONTEXT(2) 
PARAMETRIC_REPRESENTATION_CONTEXT() REPRESENTATION_CONTEXT('2D SPACE',''
  ) );
#5733 = ORIENTED_EDGE('',*,*,#5734,.T.);
#5734 = EDGE_CURVE('',#5702,#5735,#5737,.T.);
#5735 = VERTEX_POINT('',#5736);
#5736 = CARTESIAN_POINT('',(-12.,-15.65,44.));
#5737 = SURFACE_CURVE('',#5738,(#5742,#5749),.PCURVE_S1.);
#5738 = LINE('',#5739,#5740);
#5739 = CARTESIAN_POINT('',(0.,-15.65,44.));
#5740 = VECTOR('',#5741,1.);
#5741 = DIRECTION('',(-1.,-0.,-0.));
#5742 = PCURVE('',#4881,#5743);
#5743 = DEFINITIONAL_REPRESENTATION('',(#5744),#5748);
#5744 = LINE('',#5745,#5746);
#5745 = CARTESIAN_POINT('',(16.5,9.));
#5746 = VECTOR('',#5747,1.);
#5747 = DIRECTION('',(-0.,-1.));
#5748 = ( GEOMETRIC_REPRESENTATION_CONTEXT(2) 
PARAMETRIC_REPRESENTATION_CONTEXT() REPRESENTATION_CONTEXT('2D SPACE',''
  ) );
#5749 = PCURVE('',#5750,#5755);
#5750 = PLANE('',#5751);
#5751 = AXIS2_PLACEMENT_3D('',#5752,#5753,#5754);
#5752 = CARTESIAN_POINT('',(0.,-44.35,44.));
#5753 = DIRECTION('',(-0.,0.,-1.));
#5754 = DIRECTION('',(1.,0.,0.));
#5755 = DEFINITIONAL_REPRESENTATION('',(#5756),#5760);
#5756 = LINE('',#5757,#5758);
#5757 = CARTESIAN_POINT('',(-0.,-28.7));
#5758 = VECTOR('',#5759,1.);
#5759 = DIRECTION('',(-1.,0.));
#5760 = ( GEOMETRIC_REPRESENTATION_CONTEXT(2) 
PARAMETRIC_REPRESENTATION_CONTEXT() REPRESENTATION_CONTEXT('2D SPACE',''
  ) );
#5761 = ORIENTED_EDGE('',*,*,#5762,.T.);
#5762 = EDGE_CURVE('',#5735,#5763,#5765,.T.);
#5763 = VERTEX_POINT('',#5764);
#5764 = CARTESIAN_POINT('',(-18.,-15.65,38.));
#5765 = SURFACE_CURVE('',#5766,(#5771,#5782),.PCURVE_S1.);
#5766 = CIRCLE('',#5767,6.);
#5767 = AXIS2_PLACEMENT_3D('',#5768,#5769,#5770);
#5768 = CARTESIAN_POINT('',(-12.,-15.65,38.));
#5769 = DIRECTION('',(0.,-1.,0.));
#5770 = DIRECTION('',(0.,-0.,-1.));
#5771 = PCURVE('',#4881,#5772);
#5772 = DEFINITIONAL_REPRESENTATION('',(#5773),#5781);
#5773 = ( BOUNDED_CURVE() B_SPLINE_CURVE(2,(#5774,#5775,#5776,#5777,
#5778,#5779,#5780),.UNSPECIFIED.,.T.,.F.) B_SPLINE_CURVE_WITH_KNOTS((1,2
    ,2,2,2,1),(-2.094395102393,0.,2.094395102393,4.188790204786,
6.28318530718,8.377580409573),.UNSPECIFIED.) CURVE() 
GEOMETRIC_REPRESENTATION_ITEM() RATIONAL_B_SPLINE_CURVE((1.,0.5,1.,0.5,
1.,0.5,1.)) REPRESENTATION_ITEM('') );
#5774 = CARTESIAN_POINT('',(4.5,-3.));
#5775 = CARTESIAN_POINT('',(4.5,7.392304845413));
#5776 = CARTESIAN_POINT('',(13.5,2.196152422707));
#5777 = CARTESIAN_POINT('',(22.5,-3.));
#5778 = CARTESIAN_POINT('',(13.5,-8.196152422707));
#5779 = CARTESIAN_POINT('',(4.5,-13.39230484541));
#5780 = CARTESIAN_POINT('',(4.5,-3.));
#5781 = ( GEOMETRIC_REPRESENTATION_CONTEXT(2) 
PARAMETRIC_REPRESENTATION_CONTEXT() REPRESENTATION_CONTEXT('2D SPACE',''
  ) );
#5782 = PCURVE('',#5783,#5788);
#5783 = CYLINDRICAL_SURFACE('',#5784,6.);
#5784 = AXIS2_PLACEMENT_3D('',#5785,#5786,#5787);
#5785 = CARTESIAN_POINT('',(-12.,-44.35,38.));
#5786 = DIRECTION('',(-0.,1.,-0.));
#5787 = DIRECTION('',(-0.,-0.,1.));
#5788 = DEFINITIONAL_REPRESENTATION('',(#5789),#5793);
#5789 = LINE('',#5790,#5791);
#5790 = CARTESIAN_POINT('',(3.14159265359,28.7));
#5791 = VECTOR('',#5792,1.);
#5792 = DIRECTION('',(-1.,0.));
#5793 = ( GEOMETRIC_REPRESENTATION_CONTEXT(2) 
PARAMETRIC_REPRESENTATION_CONTEXT() REPRESENTATION_CONTEXT('2D SPACE',''
  ) );
#5794 = ORIENTED_EDGE('',*,*,#5795,.T.);
#5795 = EDGE_CURVE('',#5763,#5796,#5798,.T.);
#5796 = VERTEX_POINT('',#5797);
#5797 = CARTESIAN_POINT('',(-18.,-15.65,17.));
#5798 = SURFACE_CURVE('',#5799,(#5803,#5810),.PCURVE_S1.);
#5799 = LINE('',#5800,#5801);
#5800 = CARTESIAN_POINT('',(-18.,-15.65,44.));
#5801 = VECTOR('',#5802,1.);
#5802 = DIRECTION('',(-0.,-0.,-1.));
#5803 = PCURVE('',#4881,#5804);
#5804 = DEFINITIONAL_REPRESENTATION('',(#5805),#5809);
#5805 = LINE('',#5806,#5807);
#5806 = CARTESIAN_POINT('',(16.5,-9.));
#5807 = VECTOR('',#5808,1.);
#5808 = DIRECTION('',(-1.,0.));
#5809 = ( GEOMETRIC_REPRESENTATION_CONTEXT(2) 
PARAMETRIC_REPRESENTATION_CONTEXT() REPRESENTATION_CONTEXT('2D SPACE',''
  ) );
#5810 = PCURVE('',#5196,#5811);
#5811 = DEFINITIONAL_REPRESENTATION('',(#5812),#5816);
#5812 = LINE('',#5813,#5814);
#5813 = CARTESIAN_POINT('',(-0.,-28.7));
#5814 = VECTOR('',#5815,1.);
#5815 = DIRECTION('',(-1.,0.));
#5816 = ( GEOMETRIC_REPRESENTATION_CONTEXT(2) 
PARAMETRIC_REPRESENTATION_CONTEXT() REPRESENTATION_CONTEXT('2D SPACE',''
  ) );
#5817 = ORIENTED_EDGE('',*,*,#5818,.F.);
#5818 = EDGE_CURVE('',#4838,#5796,#5819,.T.);
#5819 = SURFACE_CURVE('',#5820,(#5825,#5832),.PCURVE_S1.);
#5820 = CIRCLE('',#5821,6.);
#5821 = AXIS2_PLACEMENT_3D('',#5822,#5823,#5824);
#5822 = CARTESIAN_POINT('',(-12.,-15.65,17.));
#5823 = DIRECTION('',(0.,1.,-0.));
#5824 = DIRECTION('',(-0.,-0.,-1.));
#5825 = PCURVE('',#4881,#5826);
#5826 = DEFINITIONAL_REPRESENTATION('',(#5827),#5831);
#5827 = CIRCLE('',#5828,6.);
#5828 = AXIS2_PLACEMENT_2D('',#5829,#5830);
#5829 = CARTESIAN_POINT('',(-10.5,-3.));
#5830 = DIRECTION('',(-1.,0.));
#5831 = ( GEOMETRIC_REPRESENTATION_CONTEXT(2) 
PARAMETRIC_REPRESENTATION_CONTEXT() REPRESENTATION_CONTEXT('2D SPACE',''
  ) );
#5832 = PCURVE('',#4853,#5833);
#5833 = DEFINITIONAL_REPRESENTATION('',(#5834),#5838);
#5834 = LINE('',#5835,#5836);
#5835 = CARTESIAN_POINT('',(0.,28.7));
#5836 = VECTOR('',#5837,1.);
#5837 = DIRECTION('',(1.,0.));
#5838 = ( GEOMETRIC_REPRESENTATION_CONTEXT(2) 
PARAMETRIC_REPRESENTATION_CONTEXT() REPRESENTATION_CONTEXT('2D SPACE',''
  ) );
#5839 = FACE_BOUND('',#5840,.F.);
#5840 = EDGE_LOOP('',(#5841));
#5841 = ORIENTED_EDGE('',*,*,#5842,.T.);
#5842 = EDGE_CURVE('',#5843,#5843,#5845,.T.);
#5843 = VERTEX_POINT('',#5844);
#5844 = CARTESIAN_POINT('',(-15.,-15.65,41.2));
#5845 = SURFACE_CURVE('',#5846,(#5851,#5858),.PCURVE_S1.);
#5846 = CIRCLE('',#5847,1.7);
#5847 = AXIS2_PLACEMENT_3D('',#5848,#5849,#5850);
#5848 = CARTESIAN_POINT('',(-15.,-15.65,39.5));
#5849 = DIRECTION('',(0.,1.,0.));
#5850 = DIRECTION('',(-0.,-0.,1.));
#5851 = PCURVE('',#4881,#5852);
#5852 = DEFINITIONAL_REPRESENTATION('',(#5853),#5857);
#5853 = CIRCLE('',#5854,1.7);
#5854 = AXIS2_PLACEMENT_2D('',#5855,#5856);
#5855 = CARTESIAN_POINT('',(12.,-6.));
#5856 = DIRECTION('',(1.,-0.));
#5857 = ( GEOMETRIC_REPRESENTATION_CONTEXT(2) 
PARAMETRIC_REPRESENTATION_CONTEXT() REPRESENTATION_CONTEXT('2D SPACE',''
  ) );
#5858 = PCURVE('',#5859,#5864);
#5859 = CYLINDRICAL_SURFACE('',#5860,1.7);
#5860 = AXIS2_PLACEMENT_3D('',#5861,#5862,#5863);
#5861 = CARTESIAN_POINT('',(-15.,-15.65,39.5));
#5862 = DIRECTION('',(-0.,-1.,-0.));
#5863 = DIRECTION('',(-0.,-0.,1.));
#5864 = DEFINITIONAL_REPRESENTATION('',(#5865),#5869);
#5865 = LINE('',#5866,#5867);
#5866 = CARTESIAN_POINT('',(-0.,0.));
#5867 = VECTOR('',#5868,1.);
#5868 = DIRECTION('',(-1.,0.));
#5869 = ( GEOMETRIC_REPRESENTATION_CONTEXT(2) 
PARAMETRIC_REPRESENTATION_CONTEXT() REPRESENTATION_CONTEXT('2D SPACE',''
  ) );
#5870 = ADVANCED_FACE('',(#5871),#4853,.T.);
#5871 = FACE_BOUND('',#5872,.T.);
#5872 = EDGE_LOOP('',(#5873,#5874,#5875,#5898,#6148,#6169));
#5873 = ORIENTED_EDGE('',*,*,#4837,.F.);
#5874 = ORIENTED_EDGE('',*,*,#5208,.T.);
#5875 = ORIENTED_EDGE('',*,*,#5876,.T.);
#5876 = EDGE_CURVE('',#5181,#5877,#5879,.T.);
#5877 = VERTEX_POINT('',#5878);
#5878 = CARTESIAN_POINT('',(-18.,-32.42332416321,17.));
#5879 = SURFACE_CURVE('',#5880,(#5884,#5891),.PCURVE_S1.);
#5880 = LINE('',#5881,#5882);
#5881 = CARTESIAN_POINT('',(-18.,-44.35,17.));
#5882 = VECTOR('',#5883,1.);
#5883 = DIRECTION('',(-0.,1.,-0.));
#5884 = PCURVE('',#4853,#5885);
#5885 = DEFINITIONAL_REPRESENTATION('',(#5886),#5890);
#5886 = LINE('',#5887,#5888);
#5887 = CARTESIAN_POINT('',(1.570796326795,0.));
#5888 = VECTOR('',#5889,1.);
#5889 = DIRECTION('',(0.,1.));
#5890 = ( GEOMETRIC_REPRESENTATION_CONTEXT(2) 
PARAMETRIC_REPRESENTATION_CONTEXT() REPRESENTATION_CONTEXT('2D SPACE',''
  ) );
#5891 = PCURVE('',#5196,#5892);
#5892 = DEFINITIONAL_REPRESENTATION('',(#5893),#5897);
#5893 = LINE('',#5894,#5895);
#5894 = CARTESIAN_POINT('',(-27.,0.));
#5895 = VECTOR('',#5896,1.);
#5896 = DIRECTION('',(-0.,-1.));
#5897 = ( GEOMETRIC_REPRESENTATION_CONTEXT(2) 
PARAMETRIC_REPRESENTATION_CONTEXT() REPRESENTATION_CONTEXT('2D SPACE',''
  ) );
#5898 = ORIENTED_EDGE('',*,*,#5899,.F.);
#5899 = EDGE_CURVE('',#5900,#5877,#5902,.T.);
#5900 = VERTEX_POINT('',#5901);
#5901 = CARTESIAN_POINT('',(-18.,-27.57667583679,17.));
#5902 = SURFACE_CURVE('',#5903,(#5981,#6062),.PCURVE_S1.);
#5903 = B_SPLINE_CURVE_WITH_KNOTS('',6,(#5904,#5905,#5906,#5907,#5908,
    #5909,#5910,#5911,#5912,#5913,#5914,#5915,#5916,#5917,#5918,#5919,
    #5920,#5921,#5922,#5923,#5924,#5925,#5926,#5927,#5928,#5929,#5930,
    #5931,#5932,#5933,#5934,#5935,#5936,#5937,#5938,#5939,#5940,#5941,
    #5942,#5943,#5944,#5945,#5946,#5947,#5948,#5949,#5950,#5951,#5952,
    #5953,#5954,#5955,#5956,#5957,#5958,#5959,#5960,#5961,#5962,#5963,
    #5964,#5965,#5966,#5967,#5968,#5969,#5970,#5971,#5972,#5973,#5974,
    #5975,#5976,#5977,#5978,#5979,#5980),.UNSPECIFIED.,.F.,.F.,(7,5,5,5,
    5,5,5,5,5,5,5,5,5,5,5,7),(0.,8.460777365918E-02,0.140331841902,
    0.173904773962,0.213894024761,0.317043939496,0.417328666553,
    0.499373561874,0.554545713397,0.684892250215,0.75705626078,
    0.825169160087,0.859547846981,0.916533582094,0.968546150501,1.),
  .UNSPECIFIED.);
#5904 = CARTESIAN_POINT('',(-18.,-27.57667583678,17.));
#5905 = CARTESIAN_POINT('',(-18.,-27.47710032468,16.839130836975));
#5906 = CARTESIAN_POINT('',(-17.9948242171,-27.38711297872,
    16.665117005634));
#5907 = CARTESIAN_POINT('',(-17.98288682619,-27.31014045841,
    16.480011204995));
#5908 = CARTESIAN_POINT('',(-17.96279190143,-27.24853611897,
    16.286407936223));
#5909 = CARTESIAN_POINT('',(-17.93371459072,-27.20371066125,
    16.087178863273));
#5910 = CARTESIAN_POINT('',(-17.87040547991,-27.158023448,
    15.752342306475));
#5911 = CARTESIAN_POINT('',(-17.84146334405,-27.14747902862,
    15.618978636444));
#5912 = CARTESIAN_POINT('',(-17.80878871344,-27.1445314157,
    15.486197806667));
#5913 = CARTESIAN_POINT('',(-17.77262041791,-27.14896593059,
    15.35498711756));
#5914 = CARTESIAN_POINT('',(-17.73336338154,-27.16035427825,
    15.22631194221));
#5915 = CARTESIAN_POINT('',(-17.66641614219,-27.18871942245,
    15.025651202159));
#5916 = CARTESIAN_POINT('',(-17.64030891782,-27.20168431687,
    14.95139787172));
#5917 = CARTESIAN_POINT('',(-17.6133460408,-27.21683394621,
    14.878418948172));
#5918 = CARTESIAN_POINT('',(-17.58561458191,-27.23404909879,
    14.806793363236));
#5919 = CARTESIAN_POINT('',(-17.55720721875,-27.25320708696,
    14.736593524063));
#5920 = CARTESIAN_POINT('',(-17.49369776367,-27.2991649967,
    14.586045875729));
#5921 = CARTESIAN_POINT('',(-17.45834803131,-27.3267294523,
    14.506309835807));
#5922 = CARTESIAN_POINT('',(-17.42230036683,-27.35668999769,
    14.428701781094));
#5923 = CARTESIAN_POINT('',(-17.38568010446,-27.38887527005,
    14.353236187754));
#5924 = CARTESIAN_POINT('',(-17.34860924012,-27.42312691575,
    14.279918416384));
#5925 = CARTESIAN_POINT('',(-17.21472327954,-27.55260220797,
    14.025159902633));
#5926 = CARTESIAN_POINT('',(-17.11597527678,-27.65872926089,
    13.855754183723));
#5927 = CARTESIAN_POINT('',(-17.016723625,-27.77543929962,13.70003425335
    ));
#5928 = CARTESIAN_POINT('',(-16.91845252821,-27.90129338796,
    13.557319441379));
#5929 = CARTESIAN_POINT('',(-16.82248435278,-28.03545181223,
    13.42702999059));
#5930 = CARTESIAN_POINT('',(-16.64061146229,-28.31567572287,
    13.193956868651));
#5931 = CARTESIAN_POINT('',(-16.55440407296,-28.4614559726,
    13.090385740909));
#5932 = CARTESIAN_POINT('',(-16.47320575284,-28.61423038438,
    12.998174434118));
#5933 = CARTESIAN_POINT('',(-16.39871208677,-28.77351956892,
    12.917509644549));
#5934 = CARTESIAN_POINT('',(-16.33278996736,-28.93898916722,
    12.848714306617));
#5935 = CARTESIAN_POINT('',(-16.23205929431,-29.25066589255,
    12.746313140966));
#5936 = CARTESIAN_POINT('',(-16.19370090188,-29.39512459397,
    12.708510018624));
#5937 = CARTESIAN_POINT('',(-16.16374414588,-29.54268112482,
    12.679694283903));
#5938 = CARTESIAN_POINT('',(-16.14324824907,-29.69236427014,
    12.660217426264));
#5939 = CARTESIAN_POINT('',(-16.13279720681,-29.84330063053,
    12.650288812213));
#5940 = CARTESIAN_POINT('',(-16.13229757723,-30.09643697497,
    12.649814163745));
#5941 = CARTESIAN_POINT('',(-16.1366877691,-30.19816696252,
    12.653985405755));
#5942 = CARTESIAN_POINT('',(-16.14566360612,-30.29953812876,
    12.662509173057));
#5943 = CARTESIAN_POINT('',(-16.15910085196,-30.40022693291,
    12.675339884648));
#5944 = CARTESIAN_POINT('',(-16.17676271894,-30.49989406121,
    12.692383197142));
#5945 = CARTESIAN_POINT('',(-16.24920329952,-30.83039914519,
    12.763333050123));
#5946 = CARTESIAN_POINT('',(-16.32147788095,-31.0536053986,
    12.835540491586));
#5947 = CARTESIAN_POINT('',(-16.41104849783,-31.26730612317,
    12.928425267958));
#5948 = CARTESIAN_POINT('',(-16.51359930921,-31.47059886863,
    13.041186199147));
#5949 = CARTESIAN_POINT('',(-16.62511862035,-31.66217281373,
    13.17316909206));
#5950 = CARTESIAN_POINT('',(-16.80662118073,-31.93901369591,
    13.40729397739));
#5951 = CARTESIAN_POINT('',(-16.87307775079,-32.03379545454,
    13.496656106681));
#5952 = CARTESIAN_POINT('',(-16.94081618584,-32.12455421713,
    13.592054567786));
#5953 = CARTESIAN_POINT('',(-17.00936537852,-32.21103605059,
    13.693658959563));
#5954 = CARTESIAN_POINT('',(-17.07824290974,-32.29285608425,
    13.801671721659));
#5955 = CARTESIAN_POINT('',(-17.21173787387,-32.44177939647,
    14.024484116004));
#5956 = CARTESIAN_POINT('',(-17.2764260046,-32.50950543688,
    14.138643734357));
#5957 = CARTESIAN_POINT('',(-17.34049825139,-32.57212839601,
    14.258892738089));
#5958 = CARTESIAN_POINT('',(-17.40342715208,-32.62901793259,
    14.385325901739));
#5959 = CARTESIAN_POINT('',(-17.4646433116,-32.67941448267,
    14.517981647793));
#5960 = CARTESIAN_POINT('',(-17.55326212343,-32.74411493765,
    14.726880273213));
#5961 = CARTESIAN_POINT('',(-17.58239285385,-32.76393034816,
    14.798516306435));
#5962 = CARTESIAN_POINT('',(-17.61082468223,-32.78172374658,
    14.871648508726));
#5963 = CARTESIAN_POINT('',(-17.63845820286,-32.79736429146,
    14.94620111168));
#5964 = CARTESIAN_POINT('',(-17.665199988,-32.81072471401,15.02209125077
    ));
#5965 = CARTESIAN_POINT('',(-17.73366932125,-32.83984133367,
    15.227090373738));
#5966 = CARTESIAN_POINT('',(-17.77375222973,-32.8514231176,
    15.358572390513));
#5967 = CARTESIAN_POINT('',(-17.8106059759,-32.85573851425,
    15.492689624094));
#5968 = CARTESIAN_POINT('',(-17.84379619992,-32.85233622953,
    15.628411714127));
#5969 = CARTESIAN_POINT('',(-17.87307896118,-32.84099395281,
    15.76468017779));
#5970 = CARTESIAN_POINT('',(-17.92148658577,-32.80414270532,
    16.024354239117));
#5971 = CARTESIAN_POINT('',(-17.94121288004,-32.78000354635,
    16.147510451134));
#5972 = CARTESIAN_POINT('',(-17.95753875131,-32.74939700285,
    16.269067367659));
#5973 = CARTESIAN_POINT('',(-17.97057135703,-32.71258721557,
    16.388202218042));
#5974 = CARTESIAN_POINT('',(-17.98052717804,-32.67002574156,
    16.504129393738));
#5975 = CARTESIAN_POINT('',(-17.99204882021,-32.59353751063,
    16.68384140838));
#5976 = CARTESIAN_POINT('',(-17.99537770504,-32.56283204981,
    16.750160615959));
#5977 = CARTESIAN_POINT('',(-17.99776363301,-32.53034691429,
    16.815001615657));
#5978 = CARTESIAN_POINT('',(-17.99927953678,-32.4961898668,
    16.878295833539));
#5979 = CARTESIAN_POINT('',(-18.,-32.46047520542,16.939980654475));
#5980 = CARTESIAN_POINT('',(-18.,-32.42332416321,17.));
#5981 = PCURVE('',#4853,#5982);
#5982 = DEFINITIONAL_REPRESENTATION('',(#5983),#6061);
#5983 = B_SPLINE_CURVE_WITH_KNOTS('',6,(#5984,#5985,#5986,#5987,#5988,
    #5989,#5990,#5991,#5992,#5993,#5994,#5995,#5996,#5997,#5998,#5999,
    #6000,#6001,#6002,#6003,#6004,#6005,#6006,#6007,#6008,#6009,#6010,
    #6011,#6012,#6013,#6014,#6015,#6016,#6017,#6018,#6019,#6020,#6021,
    #6022,#6023,#6024,#6025,#6026,#6027,#6028,#6029,#6030,#6031,#6032,
    #6033,#6034,#6035,#6036,#6037,#6038,#6039,#6040,#6041,#6042,#6043,
    #6044,#6045,#6046,#6047,#6048,#6049,#6050,#6051,#6052,#6053,#6054,
    #6055,#6056,#6057,#6058,#6059,#6060),.UNSPECIFIED.,.F.,.F.,(7,5,5,5,
    5,5,5,5,5,5,5,5,5,5,5,7),(0.,8.460777365918E-02,0.140331841902,
    0.173904773962,0.213894024761,0.317043939496,0.417328666553,
    0.499373561874,0.554545713397,0.684892250215,0.75705626078,
    0.825169160087,0.859547846981,0.916533582094,0.968546150501,1.),
  .UNSPECIFIED.);
#5984 = CARTESIAN_POINT('',(1.570796326795,16.773324163211));
#5985 = CARTESIAN_POINT('',(1.543984799624,16.872899675311));
#5986 = CARTESIAN_POINT('',(1.514982476834,16.96288702128));
#5987 = CARTESIAN_POINT('',(1.484096899735,17.039859541587));
#5988 = CARTESIAN_POINT('',(1.451697071048,17.101463881022));
#5989 = CARTESIAN_POINT('',(1.418169926208,17.146289338742));
#5990 = CARTESIAN_POINT('',(1.361375080178,17.191976551994));
#5991 = CARTESIAN_POINT('',(1.338638604281,17.202520971377));
#5992 = CARTESIAN_POINT('',(1.315861355911,17.205468584293));
#5993 = CARTESIAN_POINT('',(1.293190052339,17.20103406941));
#5994 = CARTESIAN_POINT('',(1.270775849456,17.189645721741));
#5995 = CARTESIAN_POINT('',(1.235520170065,17.161280577547));
#5996 = CARTESIAN_POINT('',(1.222403677424,17.148315683124));
#5997 = CARTESIAN_POINT('',(1.209439303471,17.133166053788));
#5998 = CARTESIAN_POINT('',(1.196640410394,17.115950901204));
#5999 = CARTESIAN_POINT('',(1.184020164881,17.096792913035));
#6000 = CARTESIAN_POINT('',(1.156787604047,17.050835003294));
#6001 = CARTESIAN_POINT('',(1.14225321112,17.023270547694));
#6002 = CARTESIAN_POINT('',(1.127994538982,16.99331000231));
#6003 = CARTESIAN_POINT('',(1.114017162965,16.961124729948));
#6004 = CARTESIAN_POINT('',(1.100326052681,16.926873084244));
#6005 = CARTESIAN_POINT('',(1.052359817227,16.797397792028));
#6006 = CARTESIAN_POINT('',(1.019710403004,16.691270739103));
#6007 = CARTESIAN_POINT('',(0.988966642041,16.574560700379));
#6008 = CARTESIAN_POINT('',(0.960110393525,16.448706612039));
#6009 = CARTESIAN_POINT('',(0.933151055791,16.314548187766));
#6010 = CARTESIAN_POINT('',(0.883878337267,16.034324277123));
#6011 = CARTESIAN_POINT('',(0.861430453944,15.888544027397));
#6012 = CARTESIAN_POINT('',(0.840963081796,15.73576961562));
#6013 = CARTESIAN_POINT('',(0.822668044699,15.576480431071));
#6014 = CARTESIAN_POINT('',(0.806789185139,15.411010832778));
#6015 = CARTESIAN_POINT('',(0.782849058887,15.099334107442));
#6016 = CARTESIAN_POINT('',(0.773874197455,14.954875406025));
#6017 = CARTESIAN_POINT('',(0.766946795014,14.807318875178));
#6018 = CARTESIAN_POINT('',(0.762234360276,14.65763572986));
#6019 = CARTESIAN_POINT('',(0.759831820547,14.506699369467));
#6020 = CARTESIAN_POINT('',(0.759716963041,14.253563025026));
#6021 = CARTESIAN_POINT('',(0.76072626084,14.151833037476));
#6022 = CARTESIAN_POINT('',(0.76278931737,14.050461871234));
#6023 = CARTESIAN_POINT('',(0.765885815404,13.949773067085));
#6024 = CARTESIAN_POINT('',(0.76997640288,13.850105938787));
#6025 = CARTESIAN_POINT('',(0.78687604074,13.51960085481));
#6026 = CARTESIAN_POINT('',(0.803902561394,13.296394601392));
#6027 = CARTESIAN_POINT('',(0.825403012503,13.08269387683));
#6028 = CARTESIAN_POINT('',(0.850785559754,12.879401131362));
#6029 = CARTESIAN_POINT('',(0.8795582355,12.687827186269));
#6030 = CARTESIAN_POINT('',(0.928931429238,12.410986304084));
#6031 = CARTESIAN_POINT('',(0.947488456134,12.316204545452));
#6032 = CARTESIAN_POINT('',(0.966981351962,12.225445782866));
#6033 = CARTESIAN_POINT('',(0.987399371444,12.138963949407));
#6034 = CARTESIAN_POINT('',(1.008741913623,12.057143915744));
#6035 = CARTESIAN_POINT('',(1.052032363083,11.908220603528));
#6036 = CARTESIAN_POINT('',(1.073894858612,11.840494563112));
#6037 = CARTESIAN_POINT('',(1.096591863697,11.777871603981));
#6038 = CARTESIAN_POINT('',(1.120115269242,11.720982067403));
#6039 = CARTESIAN_POINT('',(1.14445331631,11.670585517322));
#6040 = CARTESIAN_POINT('',(1.182273038352,11.605885062348));
#6041 = CARTESIAN_POINT('',(1.195160348086,11.58606965184));
#6042 = CARTESIAN_POINT('',(1.20823539767,11.568276253411));
#6043 = CARTESIAN_POINT('',(1.221484359756,11.552635708538));
#6044 = CARTESIAN_POINT('',(1.234893193401,11.539275285986));
#6045 = CARTESIAN_POINT('',(1.270915057908,11.510158666329));
#6046 = CARTESIAN_POINT('',(1.293816390798,11.4985768824));
#6047 = CARTESIAN_POINT('',(1.316984196774,11.494261485747));
#6048 = CARTESIAN_POINT('',(1.340257122398,11.497663770467));
#6049 = CARTESIAN_POINT('',(1.363478301514,11.509006047189));
#6050 = CARTESIAN_POINT('',(1.407502889418,11.545857294677));
#6051 = CARTESIAN_POINT('',(1.428283773832,11.569996453646));
#6052 = CARTESIAN_POINT('',(1.44871559516,11.600602997143));
#6053 = CARTESIAN_POINT('',(1.468681366576,11.637412784424));
#6054 = CARTESIAN_POINT('',(1.488069175095,11.679974258434));
#6055 = CARTESIAN_POINT('',(1.518082670413,11.756462489367));
#6056 = CARTESIAN_POINT('',(1.529148721622,11.787167950181));
#6057 = CARTESIAN_POINT('',(1.539961462311,11.819653085703));
#6058 = CARTESIAN_POINT('',(1.550512298606,11.853810133193));
#6059 = CARTESIAN_POINT('',(1.560793102541,11.889524794575));
#6060 = CARTESIAN_POINT('',(1.570796326795,11.926675836789));
#6061 = ( GEOMETRIC_REPRESENTATION_CONTEXT(2) 
PARAMETRIC_REPRESENTATION_CONTEXT() REPRESENTATION_CONTEXT('2D SPACE',''
  ) );
#6062 = PCURVE('',#6063,#6068);
#6063 = CYLINDRICAL_SURFACE('',#6064,2.85);
#6064 = AXIS2_PLACEMENT_3D('',#6065,#6066,#6067);
#6065 = CARTESIAN_POINT('',(-18.5,-30.,15.5));
#6066 = DIRECTION('',(1.,-0.,-0.));
#6067 = DIRECTION('',(-0.,-0.,1.));
#6068 = DEFINITIONAL_REPRESENTATION('',(#6069),#6147);
#6069 = B_SPLINE_CURVE_WITH_KNOTS('',6,(#6070,#6071,#6072,#6073,#6074,
    #6075,#6076,#6077,#6078,#6079,#6080,#6081,#6082,#6083,#6084,#6085,
    #6086,#6087,#6088,#6089,#6090,#6091,#6092,#6093,#6094,#6095,#6096,
    #6097,#6098,#6099,#6100,#6101,#6102,#6103,#6104,#6105,#6106,#6107,
    #6108,#6109,#6110,#6111,#6112,#6113,#6114,#6115,#6116,#6117,#6118,
    #6119,#6120,#6121,#6122,#6123,#6124,#6125,#6126,#6127,#6128,#6129,
    #6130,#6131,#6132,#6133,#6134,#6135,#6136,#6137,#6138,#6139,#6140,
    #6141,#6142,#6143,#6144,#6145,#6146),.UNSPECIFIED.,.F.,.F.,(7,5,5,5,
    5,5,5,5,5,5,5,5,5,5,5,7),(0.,8.460777365918E-02,0.140331841902,
    0.173904773962,0.213894024761,0.317043939496,0.417328666553,
    0.499373561874,0.554545713397,0.684892250215,0.75705626078,
    0.825169160087,0.859547846981,0.916533582094,0.968546150501,1.),
  .UNSPECIFIED.);
#6070 = CARTESIAN_POINT('',(-1.016534492343,0.5));
#6071 = CARTESIAN_POINT('',(-1.082918167077,0.5));
#6072 = CARTESIAN_POINT('',(-1.15145279547,0.505175782891));
#6073 = CARTESIAN_POINT('',(-1.221420045878,0.517113173809));
#6074 = CARTESIAN_POINT('',(-1.292307601584,0.537208098563));
#6075 = CARTESIAN_POINT('',(-1.363697062451,0.566285409278));
#6076 = CARTESIAN_POINT('',(-1.482272188328,0.629594520089));
#6077 = CARTESIAN_POINT('',(-1.529137017396,0.658536655949));
#6078 = CARTESIAN_POINT('',(-1.575626836745,0.69121128656));
#6079 = CARTESIAN_POINT('',(-1.621587440233,0.727379582084));
#6080 = CARTESIAN_POINT('',(-1.666851510211,0.766636618454));
#6081 = CARTESIAN_POINT('',(-1.737958757146,0.833583857803));
#6082 = CARTESIAN_POINT('',(-1.764392810318,0.859691082174));
#6083 = CARTESIAN_POINT('',(-1.790525788018,0.886653959199));
#6084 = CARTESIAN_POINT('',(-1.816354966179,0.91438541809));
#6085 = CARTESIAN_POINT('',(-1.84187588237,0.942792781247));
#6086 = CARTESIAN_POINT('',(-1.897106141457,1.006302236324));
#6087 = CARTESIAN_POINT('',(-1.926688511429,1.041651968683));
#6088 = CARTESIAN_POINT('',(-1.955850909102,1.077699633163));
#6089 = CARTESIAN_POINT('',(-1.984612554673,1.114319895534));
#6090 = CARTESIAN_POINT('',(-2.012991263014,1.151390759873));
#6091 = CARTESIAN_POINT('',(-2.113262211199,1.28527672046));
#6092 = CARTESIAN_POINT('',(-2.183123390768,1.384024723213));
#6093 = CARTESIAN_POINT('',(-2.251064357617,1.483276374992));
#6094 = CARTESIAN_POINT('',(-2.317526572412,1.581547471787));
#6095 = CARTESIAN_POINT('',(-2.382950958729,1.677515647212));
#6096 = CARTESIAN_POINT('',(-2.510840049773,1.859388537706));
#6097 = CARTESIAN_POINT('',(-2.573404710564,1.945595927035));
#6098 = CARTESIAN_POINT('',(-2.635757739159,2.026794247151));
#6099 = CARTESIAN_POINT('',(-2.69814707935,2.101287913227));
#6100 = CARTESIAN_POINT('',(-2.760840434805,2.167210032634));
#6101 = CARTESIAN_POINT('',(-2.87595188927,2.267940705686));
#6102 = CARTESIAN_POINT('',(-2.928246880141,2.306299098117));
#6103 = CARTESIAN_POINT('',(-2.980840752699,2.336255854119));
#6104 = CARTESIAN_POINT('',(-3.033643830325,2.35675175093));
#6105 = CARTESIAN_POINT('',(-3.086610324231,2.367202793188));
#6106 = CARTESIAN_POINT('',(-3.17543025035,2.367702422765));
#6107 = CARTESIAN_POINT('',(-3.211122221674,2.363312230897));
#6108 = CARTESIAN_POINT('',(-3.246767243739,2.354336393875));
#6109 = CARTESIAN_POINT('',(-3.282333730686,2.340899148039));
#6110 = CARTESIAN_POINT('',(-3.317780801842,2.323237281058));
#6111 = CARTESIAN_POINT('',(-3.436389486034,2.250796700475));
#6112 = CARTESIAN_POINT('',(-3.518281301332,2.178522119042));
#6113 = CARTESIAN_POINT('',(-3.599473085079,2.088951502161));
#6114 = CARTESIAN_POINT('',(-3.680472600594,1.986400690787));
#6115 = CARTESIAN_POINT('',(-3.761702760406,1.874881379648));
#6116 = CARTESIAN_POINT('',(-3.888919496714,1.693378819266));
#6117 = CARTESIAN_POINT('',(-3.934560118846,1.626922249205));
#6118 = CARTESIAN_POINT('',(-3.980658619178,1.559183814158));
#6119 = CARTESIAN_POINT('',(-4.027363761708,1.490634621475));
#6120 = CARTESIAN_POINT('',(-4.074826053458,1.421757090253));
#6121 = CARTESIAN_POINT('',(-4.168860824337,1.288262126124));
#6122 = CARTESIAN_POINT('',(-4.215367968107,1.223573995394));
#6123 = CARTESIAN_POINT('',(-4.262828436342,1.159501748602));
#6124 = CARTESIAN_POINT('',(-4.311348801601,1.096572847918));
#6125 = CARTESIAN_POINT('',(-4.361042716449,1.035356688392));
#6126 = CARTESIAN_POINT('',(-4.437775623379,0.946737876561));
#6127 = CARTESIAN_POINT('',(-4.46384284098,0.917607146149));
#6128 = CARTESIAN_POINT('',(-4.490232327362,0.889175317768));
#6129 = CARTESIAN_POINT('',(-4.516939690106,0.861541797139));
#6130 = CARTESIAN_POINT('',(-4.543962435106,0.834800011995));
#6131 = CARTESIAN_POINT('',(-4.616613858751,0.766330678748));
#6132 = CARTESIAN_POINT('',(-4.662860936658,0.726247770267));
#6133 = CARTESIAN_POINT('',(-4.709832441207,0.689394024098));
#6134 = CARTESIAN_POINT('',(-4.757350045458,0.656203800077));
#6135 = CARTESIAN_POINT('',(-4.805248396774,0.626921038816));
#6136 = CARTESIAN_POINT('',(-4.897275018217,0.578513414223));
#6137 = CARTESIAN_POINT('',(-4.941249172789,0.558787119953));
#6138 = CARTESIAN_POINT('',(-4.985138807653,0.542461248681));
#6139 = CARTESIAN_POINT('',(-5.028800046566,0.52942864297));
#6140 = CARTESIAN_POINT('',(-5.072075674291,0.51947282196));
#6141 = CARTESIAN_POINT('',(-5.140606272767,0.507951179784));
#6142 = CARTESIAN_POINT('',(-5.166236791155,0.504622294955));
#6143 = CARTESIAN_POINT('',(-5.191665608629,0.502236366981));
#6144 = CARTESIAN_POINT('',(-5.216884462966,0.500720463217));
#6145 = CARTESIAN_POINT('',(-5.241883453361,0.5));
#6146 = CARTESIAN_POINT('',(-5.266650814837,0.5));
#6147 = ( GEOMETRIC_REPRESENTATION_CONTEXT(2) 
PARAMETRIC_REPRESENTATION_CONTEXT() REPRESENTATION_CONTEXT('2D SPACE',''
  ) );
#6148 = ORIENTED_EDGE('',*,*,#6149,.T.);
#6149 = EDGE_CURVE('',#5900,#5796,#6150,.T.);
#6150 = SURFACE_CURVE('',#6151,(#6155,#6162),.PCURVE_S1.);
#6151 = LINE('',#6152,#6153);
#6152 = CARTESIAN_POINT('',(-18.,-44.35,17.));
#6153 = VECTOR('',#6154,1.);
#6154 = DIRECTION('',(-0.,1.,-0.));
#6155 = PCURVE('',#4853,#6156);
#6156 = DEFINITIONAL_REPRESENTATION('',(#6157),#6161);
#6157 = LINE('',#6158,#6159);
#6158 = CARTESIAN_POINT('',(1.570796326795,0.));
#6159 = VECTOR('',#6160,1.);
#6160 = DIRECTION('',(0.,1.));
#6161 = ( GEOMETRIC_REPRESENTATION_CONTEXT(2) 
PARAMETRIC_REPRESENTATION_CONTEXT() REPRESENTATION_CONTEXT('2D SPACE',''
  ) );
#6162 = PCURVE('',#5196,#6163);
#6163 = DEFINITIONAL_REPRESENTATION('',(#6164),#6168);
#6164 = LINE('',#6165,#6166);
#6165 = CARTESIAN_POINT('',(-27.,0.));
#6166 = VECTOR('',#6167,1.);
#6167 = DIRECTION('',(-0.,-1.));
#6168 = ( GEOMETRIC_REPRESENTATION_CONTEXT(2) 
PARAMETRIC_REPRESENTATION_CONTEXT() REPRESENTATION_CONTEXT('2D SPACE',''
  ) );
#6169 = ORIENTED_EDGE('',*,*,#5818,.F.);
#6170 = ADVANCED_FACE('',(#6171),#5196,.F.);
#6171 = FACE_BOUND('',#6172,.T.);
#6172 = EDGE_LOOP('',(#6173,#6174,#6197,#6225,#6253,#6281,#6302,#6303,
    #6304,#6332,#6358));
#6173 = ORIENTED_EDGE('',*,*,#5180,.F.);
#6174 = ORIENTED_EDGE('',*,*,#6175,.T.);
#6175 = EDGE_CURVE('',#5148,#6176,#6178,.T.);
#6176 = VERTEX_POINT('',#6177);
#6177 = CARTESIAN_POINT('',(-18.,-36.35,38.));
#6178 = SURFACE_CURVE('',#6179,(#6183,#6190),.PCURVE_S1.);
#6179 = LINE('',#6180,#6181);
#6180 = CARTESIAN_POINT('',(-18.,-44.35,38.));
#6181 = VECTOR('',#6182,1.);
#6182 = DIRECTION('',(-0.,1.,-0.));
#6183 = PCURVE('',#5196,#6184);
#6184 = DEFINITIONAL_REPRESENTATION('',(#6185),#6189);
#6185 = LINE('',#6186,#6187);
#6186 = CARTESIAN_POINT('',(-6.,0.));
#6187 = VECTOR('',#6188,1.);
#6188 = DIRECTION('',(-0.,-1.));
#6189 = ( GEOMETRIC_REPRESENTATION_CONTEXT(2) 
PARAMETRIC_REPRESENTATION_CONTEXT() REPRESENTATION_CONTEXT('2D SPACE',''
  ) );
#6190 = PCURVE('',#5168,#6191);
#6191 = DEFINITIONAL_REPRESENTATION('',(#6192),#6196);
#6192 = LINE('',#6193,#6194);
#6193 = CARTESIAN_POINT('',(-1.570796326795,0.));
#6194 = VECTOR('',#6195,1.);
#6195 = DIRECTION('',(-0.,1.));
#6196 = ( GEOMETRIC_REPRESENTATION_CONTEXT(2) 
PARAMETRIC_REPRESENTATION_CONTEXT() REPRESENTATION_CONTEXT('2D SPACE',''
  ) );
#6197 = ORIENTED_EDGE('',*,*,#6198,.F.);
#6198 = EDGE_CURVE('',#6199,#6176,#6201,.T.);
#6199 = VERTEX_POINT('',#6200);
#6200 = CARTESIAN_POINT('',(-18.,-36.35,33.453306688776));
#6201 = SURFACE_CURVE('',#6202,(#6206,#6213),.PCURVE_S1.);
#6202 = LINE('',#6203,#6204);
#6203 = CARTESIAN_POINT('',(-18.,-36.35,41.75));
#6204 = VECTOR('',#6205,1.);
#6205 = DIRECTION('',(-0.,-0.,1.));
#6206 = PCURVE('',#5196,#6207);
#6207 = DEFINITIONAL_REPRESENTATION('',(#6208),#6212);
#6208 = LINE('',#6209,#6210);
#6209 = CARTESIAN_POINT('',(-2.25,-8.));
#6210 = VECTOR('',#6211,1.);
#6211 = DIRECTION('',(1.,-0.));
#6212 = ( GEOMETRIC_REPRESENTATION_CONTEXT(2) 
PARAMETRIC_REPRESENTATION_CONTEXT() REPRESENTATION_CONTEXT('2D SPACE',''
  ) );
#6213 = PCURVE('',#6214,#6219);
#6214 = PLANE('',#6215);
#6215 = AXIS2_PLACEMENT_3D('',#6216,#6217,#6218);
#6216 = CARTESIAN_POINT('',(-15.,-36.35,39.5));
#6217 = DIRECTION('',(-0.,-1.,-0.));
#6218 = DIRECTION('',(0.,0.,-1.));
#6219 = DEFINITIONAL_REPRESENTATION('',(#6220),#6224);
#6220 = LINE('',#6221,#6222);
#6221 = CARTESIAN_POINT('',(-2.25,-3.));
#6222 = VECTOR('',#6223,1.);
#6223 = DIRECTION('',(-1.,0.));
#6224 = ( GEOMETRIC_REPRESENTATION_CONTEXT(2) 
PARAMETRIC_REPRESENTATION_CONTEXT() REPRESENTATION_CONTEXT('2D SPACE',''
  ) );
#6225 = ORIENTED_EDGE('',*,*,#6226,.F.);
#6226 = EDGE_CURVE('',#6227,#6199,#6229,.T.);
#6227 = VERTEX_POINT('',#6228);
#6228 = CARTESIAN_POINT('',(-18.,-23.65,33.453306688776));
#6229 = SURFACE_CURVE('',#6230,(#6234,#6241),.PCURVE_S1.);
#6230 = LINE('',#6231,#6232);
#6231 = CARTESIAN_POINT('',(-18.,-23.65,33.453306688776));
#6232 = VECTOR('',#6233,1.);
#6233 = DIRECTION('',(-0.,-1.,-0.));
#6234 = PCURVE('',#5196,#6235);
#6235 = DEFINITIONAL_REPRESENTATION('',(#6236),#6240);
#6236 = LINE('',#6237,#6238);
#6237 = CARTESIAN_POINT('',(-10.54669331122,-20.7));
#6238 = VECTOR('',#6239,1.);
#6239 = DIRECTION('',(-0.,1.));
#6240 = ( GEOMETRIC_REPRESENTATION_CONTEXT(2) 
PARAMETRIC_REPRESENTATION_CONTEXT() REPRESENTATION_CONTEXT('2D SPACE',''
  ) );
#6241 = PCURVE('',#6242,#6247);
#6242 = CYLINDRICAL_SURFACE('',#6243,6.75);
#6243 = AXIS2_PLACEMENT_3D('',#6244,#6245,#6246);
#6244 = CARTESIAN_POINT('',(-15.,-23.65,39.5));
#6245 = DIRECTION('',(-0.,-1.,-0.));
#6246 = DIRECTION('',(-0.,-0.,1.));
#6247 = DEFINITIONAL_REPRESENTATION('',(#6248),#6252);
#6248 = LINE('',#6249,#6250);
#6249 = CARTESIAN_POINT('',(-3.602146645271,0.));
#6250 = VECTOR('',#6251,1.);
#6251 = DIRECTION('',(-0.,1.));
#6252 = ( GEOMETRIC_REPRESENTATION_CONTEXT(2) 
PARAMETRIC_REPRESENTATION_CONTEXT() REPRESENTATION_CONTEXT('2D SPACE',''
  ) );
#6253 = ORIENTED_EDGE('',*,*,#6254,.T.);
#6254 = EDGE_CURVE('',#6227,#6255,#6257,.T.);
#6255 = VERTEX_POINT('',#6256);
#6256 = CARTESIAN_POINT('',(-18.,-23.65,38.));
#6257 = SURFACE_CURVE('',#6258,(#6262,#6269),.PCURVE_S1.);
#6258 = LINE('',#6259,#6260);
#6259 = CARTESIAN_POINT('',(-18.,-23.65,41.75));
#6260 = VECTOR('',#6261,1.);
#6261 = DIRECTION('',(-0.,-0.,1.));
#6262 = PCURVE('',#5196,#6263);
#6263 = DEFINITIONAL_REPRESENTATION('',(#6264),#6268);
#6264 = LINE('',#6265,#6266);
#6265 = CARTESIAN_POINT('',(-2.25,-20.7));
#6266 = VECTOR('',#6267,1.);
#6267 = DIRECTION('',(1.,-0.));
#6268 = ( GEOMETRIC_REPRESENTATION_CONTEXT(2) 
PARAMETRIC_REPRESENTATION_CONTEXT() REPRESENTATION_CONTEXT('2D SPACE',''
  ) );
#6269 = PCURVE('',#6270,#6275);
#6270 = PLANE('',#6271);
#6271 = AXIS2_PLACEMENT_3D('',#6272,#6273,#6274);
#6272 = CARTESIAN_POINT('',(-15.,-23.65,39.5));
#6273 = DIRECTION('',(-0.,-1.,-0.));
#6274 = DIRECTION('',(0.,0.,-1.));
#6275 = DEFINITIONAL_REPRESENTATION('',(#6276),#6280);
#6276 = LINE('',#6277,#6278);
#6277 = CARTESIAN_POINT('',(-2.25,-3.));
#6278 = VECTOR('',#6279,1.);
#6279 = DIRECTION('',(-1.,0.));
#6280 = ( GEOMETRIC_REPRESENTATION_CONTEXT(2) 
PARAMETRIC_REPRESENTATION_CONTEXT() REPRESENTATION_CONTEXT('2D SPACE',''
  ) );
#6281 = ORIENTED_EDGE('',*,*,#6282,.T.);
#6282 = EDGE_CURVE('',#6255,#5763,#6283,.T.);
#6283 = SURFACE_CURVE('',#6284,(#6288,#6295),.PCURVE_S1.);
#6284 = LINE('',#6285,#6286);
#6285 = CARTESIAN_POINT('',(-18.,-44.35,38.));
#6286 = VECTOR('',#6287,1.);
#6287 = DIRECTION('',(-0.,1.,-0.));
#6288 = PCURVE('',#5196,#6289);
#6289 = DEFINITIONAL_REPRESENTATION('',(#6290),#6294);
#6290 = LINE('',#6291,#6292);
#6291 = CARTESIAN_POINT('',(-6.,0.));
#6292 = VECTOR('',#6293,1.);
#6293 = DIRECTION('',(-0.,-1.));
#6294 = ( GEOMETRIC_REPRESENTATION_CONTEXT(2) 
PARAMETRIC_REPRESENTATION_CONTEXT() REPRESENTATION_CONTEXT('2D SPACE',''
  ) );
#6295 = PCURVE('',#5783,#6296);
#6296 = DEFINITIONAL_REPRESENTATION('',(#6297),#6301);
#6297 = LINE('',#6298,#6299);
#6298 = CARTESIAN_POINT('',(-1.570796326795,0.));
#6299 = VECTOR('',#6300,1.);
#6300 = DIRECTION('',(-0.,1.));
#6301 = ( GEOMETRIC_REPRESENTATION_CONTEXT(2) 
PARAMETRIC_REPRESENTATION_CONTEXT() REPRESENTATION_CONTEXT('2D SPACE',''
  ) );
#6302 = ORIENTED_EDGE('',*,*,#5795,.T.);
#6303 = ORIENTED_EDGE('',*,*,#6149,.F.);
#6304 = ORIENTED_EDGE('',*,*,#6305,.F.);
#6305 = EDGE_CURVE('',#6306,#5900,#6308,.T.);
#6306 = VERTEX_POINT('',#6307);
#6307 = CARTESIAN_POINT('',(-18.,-30.,18.35));
#6308 = SURFACE_CURVE('',#6309,(#6314,#6325),.PCURVE_S1.);
#6309 = CIRCLE('',#6310,2.85);
#6310 = AXIS2_PLACEMENT_3D('',#6311,#6312,#6313);
#6311 = CARTESIAN_POINT('',(-18.,-30.,15.5));
#6312 = DIRECTION('',(-1.,-0.,-0.));
#6313 = DIRECTION('',(-0.,-0.,1.));
#6314 = PCURVE('',#5196,#6315);
#6315 = DEFINITIONAL_REPRESENTATION('',(#6316),#6324);
#6316 = ( BOUNDED_CURVE() B_SPLINE_CURVE(2,(#6317,#6318,#6319,#6320,
#6321,#6322,#6323),.UNSPECIFIED.,.T.,.F.) B_SPLINE_CURVE_WITH_KNOTS((1,2
    ,2,2,2,1),(-2.094395102393,0.,2.094395102393,4.188790204786,
6.28318530718,8.377580409573),.UNSPECIFIED.) CURVE() 
GEOMETRIC_REPRESENTATION_ITEM() RATIONAL_B_SPLINE_CURVE((1.,0.5,1.,0.5,
1.,0.5,1.)) REPRESENTATION_ITEM('') );
#6317 = CARTESIAN_POINT('',(-25.65,-14.35));
#6318 = CARTESIAN_POINT('',(-25.65,-19.28634480157));
#6319 = CARTESIAN_POINT('',(-29.925,-16.81817240078));
#6320 = CARTESIAN_POINT('',(-34.2,-14.35));
#6321 = CARTESIAN_POINT('',(-29.925,-11.88182759921));
#6322 = CARTESIAN_POINT('',(-25.65,-9.413655198429));
#6323 = CARTESIAN_POINT('',(-25.65,-14.35));
#6324 = ( GEOMETRIC_REPRESENTATION_CONTEXT(2) 
PARAMETRIC_REPRESENTATION_CONTEXT() REPRESENTATION_CONTEXT('2D SPACE',''
  ) );
#6325 = PCURVE('',#6063,#6326);
#6326 = DEFINITIONAL_REPRESENTATION('',(#6327),#6331);
#6327 = LINE('',#6328,#6329);
#6328 = CARTESIAN_POINT('',(-0.,0.5));
#6329 = VECTOR('',#6330,1.);
#6330 = DIRECTION('',(-1.,0.));
#6331 = ( GEOMETRIC_REPRESENTATION_CONTEXT(2) 
PARAMETRIC_REPRESENTATION_CONTEXT() REPRESENTATION_CONTEXT('2D SPACE',''
  ) );
#6332 = ORIENTED_EDGE('',*,*,#6333,.F.);
#6333 = EDGE_CURVE('',#5877,#6306,#6334,.T.);
#6334 = SURFACE_CURVE('',#6335,(#6340,#6351),.PCURVE_S1.);
#6335 = CIRCLE('',#6336,2.85);
#6336 = AXIS2_PLACEMENT_3D('',#6337,#6338,#6339);
#6337 = CARTESIAN_POINT('',(-18.,-30.,15.5));
#6338 = DIRECTION('',(-1.,-0.,-0.));
#6339 = DIRECTION('',(-0.,-0.,1.));
#6340 = PCURVE('',#5196,#6341);
#6341 = DEFINITIONAL_REPRESENTATION('',(#6342),#6350);
#6342 = ( BOUNDED_CURVE() B_SPLINE_CURVE(2,(#6343,#6344,#6345,#6346,
#6347,#6348,#6349),.UNSPECIFIED.,.T.,.F.) B_SPLINE_CURVE_WITH_KNOTS((1,2
    ,2,2,2,1),(-2.094395102393,0.,2.094395102393,4.188790204786,
6.28318530718,8.377580409573),.UNSPECIFIED.) CURVE() 
GEOMETRIC_REPRESENTATION_ITEM() RATIONAL_B_SPLINE_CURVE((1.,0.5,1.,0.5,
1.,0.5,1.)) REPRESENTATION_ITEM('') );
#6343 = CARTESIAN_POINT('',(-25.65,-14.35));
#6344 = CARTESIAN_POINT('',(-25.65,-19.28634480157));
#6345 = CARTESIAN_POINT('',(-29.925,-16.81817240078));
#6346 = CARTESIAN_POINT('',(-34.2,-14.35));
#6347 = CARTESIAN_POINT('',(-29.925,-11.88182759921));
#6348 = CARTESIAN_POINT('',(-25.65,-9.413655198429));
#6349 = CARTESIAN_POINT('',(-25.65,-14.35));
#6350 = ( GEOMETRIC_REPRESENTATION_CONTEXT(2) 
PARAMETRIC_REPRESENTATION_CONTEXT() REPRESENTATION_CONTEXT('2D SPACE',''
  ) );
#6351 = PCURVE('',#6063,#6352);
#6352 = DEFINITIONAL_REPRESENTATION('',(#6353),#6357);
#6353 = LINE('',#6354,#6355);
#6354 = CARTESIAN_POINT('',(-0.,0.5));
#6355 = VECTOR('',#6356,1.);
#6356 = DIRECTION('',(-1.,0.));
#6357 = ( GEOMETRIC_REPRESENTATION_CONTEXT(2) 
PARAMETRIC_REPRESENTATION_CONTEXT() REPRESENTATION_CONTEXT('2D SPACE',''
  ) );
#6358 = ORIENTED_EDGE('',*,*,#5876,.F.);
#6359 = ADVANCED_FACE('',(#6360),#5074,.F.);
#6360 = FACE_BOUND('',#6361,.T.);
#6361 = EDGE_LOOP('',(#6362,#6363,#6364,#6365,#6366,#6367,#6390,#6413,
    #6441,#6464));
#6362 = ORIENTED_EDGE('',*,*,#5058,.F.);
#6363 = ORIENTED_EDGE('',*,*,#5266,.T.);
#6364 = ORIENTED_EDGE('',*,*,#5555,.F.);
#6365 = ORIENTED_EDGE('',*,*,#5624,.T.);
#6366 = ORIENTED_EDGE('',*,*,#5678,.T.);
#6367 = ORIENTED_EDGE('',*,*,#6368,.F.);
#6368 = EDGE_CURVE('',#6369,#5679,#6371,.T.);
#6369 = VERTEX_POINT('',#6370);
#6370 = CARTESIAN_POINT('',(8.881784197001E-16,-23.65,38.));
#6371 = SURFACE_CURVE('',#6372,(#6376,#6383),.PCURVE_S1.);
#6372 = LINE('',#6373,#6374);
#6373 = CARTESIAN_POINT('',(8.881784197001E-16,-44.35,38.));
#6374 = VECTOR('',#6375,1.);
#6375 = DIRECTION('',(-0.,1.,-0.));
#6376 = PCURVE('',#5074,#6377);
#6377 = DEFINITIONAL_REPRESENTATION('',(#6378),#6382);
#6378 = LINE('',#6379,#6380);
#6379 = CARTESIAN_POINT('',(-27.,-0.));
#6380 = VECTOR('',#6381,1.);
#6381 = DIRECTION('',(-0.,-1.));
#6382 = ( GEOMETRIC_REPRESENTATION_CONTEXT(2) 
PARAMETRIC_REPRESENTATION_CONTEXT() REPRESENTATION_CONTEXT('2D SPACE',''
  ) );
#6383 = PCURVE('',#5722,#6384);
#6384 = DEFINITIONAL_REPRESENTATION('',(#6385),#6389);
#6385 = LINE('',#6386,#6387);
#6386 = CARTESIAN_POINT('',(-0.,0.));
#6387 = VECTOR('',#6388,1.);
#6388 = DIRECTION('',(-0.,1.));
#6389 = ( GEOMETRIC_REPRESENTATION_CONTEXT(2) 
PARAMETRIC_REPRESENTATION_CONTEXT() REPRESENTATION_CONTEXT('2D SPACE',''
  ) );
#6390 = ORIENTED_EDGE('',*,*,#6391,.F.);
#6391 = EDGE_CURVE('',#6392,#6369,#6394,.T.);
#6392 = VERTEX_POINT('',#6393);
#6393 = CARTESIAN_POINT('',(0.,-23.65,32.75));
#6394 = SURFACE_CURVE('',#6395,(#6399,#6406),.PCURVE_S1.);
#6395 = LINE('',#6396,#6397);
#6396 = CARTESIAN_POINT('',(0.,-23.65,25.25));
#6397 = VECTOR('',#6398,1.);
#6398 = DIRECTION('',(-0.,-0.,1.));
#6399 = PCURVE('',#5074,#6400);
#6400 = DEFINITIONAL_REPRESENTATION('',(#6401),#6405);
#6401 = LINE('',#6402,#6403);
#6402 = CARTESIAN_POINT('',(-14.25,-20.7));
#6403 = VECTOR('',#6404,1.);
#6404 = DIRECTION('',(-1.,-0.));
#6405 = ( GEOMETRIC_REPRESENTATION_CONTEXT(2) 
PARAMETRIC_REPRESENTATION_CONTEXT() REPRESENTATION_CONTEXT('2D SPACE',''
  ) );
#6406 = PCURVE('',#6270,#6407);
#6407 = DEFINITIONAL_REPRESENTATION('',(#6408),#6412);
#6408 = LINE('',#6409,#6410);
#6409 = CARTESIAN_POINT('',(14.25,15.));
#6410 = VECTOR('',#6411,1.);
#6411 = DIRECTION('',(-1.,0.));
#6412 = ( GEOMETRIC_REPRESENTATION_CONTEXT(2) 
PARAMETRIC_REPRESENTATION_CONTEXT() REPRESENTATION_CONTEXT('2D SPACE',''
  ) );
#6413 = ORIENTED_EDGE('',*,*,#6414,.T.);
#6414 = EDGE_CURVE('',#6392,#6415,#6417,.T.);
#6415 = VERTEX_POINT('',#6416);
#6416 = CARTESIAN_POINT('',(0.,-36.35,32.75));
#6417 = SURFACE_CURVE('',#6418,(#6422,#6429),.PCURVE_S1.);
#6418 = LINE('',#6419,#6420);
#6419 = CARTESIAN_POINT('',(0.,-40.35,32.75));
#6420 = VECTOR('',#6421,1.);
#6421 = DIRECTION('',(-0.,-1.,-0.));
#6422 = PCURVE('',#5074,#6423);
#6423 = DEFINITIONAL_REPRESENTATION('',(#6424),#6428);
#6424 = LINE('',#6425,#6426);
#6425 = CARTESIAN_POINT('',(-21.75,-4.));
#6426 = VECTOR('',#6427,1.);
#6427 = DIRECTION('',(-0.,1.));
#6428 = ( GEOMETRIC_REPRESENTATION_CONTEXT(2) 
PARAMETRIC_REPRESENTATION_CONTEXT() REPRESENTATION_CONTEXT('2D SPACE',''
  ) );
#6429 = PCURVE('',#6430,#6435);
#6430 = PLANE('',#6431);
#6431 = AXIS2_PLACEMENT_3D('',#6432,#6433,#6434);
#6432 = CARTESIAN_POINT('',(-15.,-36.35,32.75));
#6433 = DIRECTION('',(-0.,-0.,1.));
#6434 = DIRECTION('',(-1.,0.,0.));
#6435 = DEFINITIONAL_REPRESENTATION('',(#6436),#6440);
#6436 = LINE('',#6437,#6438);
#6437 = CARTESIAN_POINT('',(-15.,4.));
#6438 = VECTOR('',#6439,1.);
#6439 = DIRECTION('',(-0.,1.));
#6440 = ( GEOMETRIC_REPRESENTATION_CONTEXT(2) 
PARAMETRIC_REPRESENTATION_CONTEXT() REPRESENTATION_CONTEXT('2D SPACE',''
  ) );
#6441 = ORIENTED_EDGE('',*,*,#6442,.T.);
#6442 = EDGE_CURVE('',#6415,#6443,#6445,.T.);
#6443 = VERTEX_POINT('',#6444);
#6444 = CARTESIAN_POINT('',(8.881784197001E-16,-36.35,38.));
#6445 = SURFACE_CURVE('',#6446,(#6450,#6457),.PCURVE_S1.);
#6446 = LINE('',#6447,#6448);
#6447 = CARTESIAN_POINT('',(0.,-36.35,25.25));
#6448 = VECTOR('',#6449,1.);
#6449 = DIRECTION('',(-0.,-0.,1.));
#6450 = PCURVE('',#5074,#6451);
#6451 = DEFINITIONAL_REPRESENTATION('',(#6452),#6456);
#6452 = LINE('',#6453,#6454);
#6453 = CARTESIAN_POINT('',(-14.25,-8.));
#6454 = VECTOR('',#6455,1.);
#6455 = DIRECTION('',(-1.,-0.));
#6456 = ( GEOMETRIC_REPRESENTATION_CONTEXT(2) 
PARAMETRIC_REPRESENTATION_CONTEXT() REPRESENTATION_CONTEXT('2D SPACE',''
  ) );
#6457 = PCURVE('',#6214,#6458);
#6458 = DEFINITIONAL_REPRESENTATION('',(#6459),#6463);
#6459 = LINE('',#6460,#6461);
#6460 = CARTESIAN_POINT('',(14.25,15.));
#6461 = VECTOR('',#6462,1.);
#6462 = DIRECTION('',(-1.,0.));
#6463 = ( GEOMETRIC_REPRESENTATION_CONTEXT(2) 
PARAMETRIC_REPRESENTATION_CONTEXT() REPRESENTATION_CONTEXT('2D SPACE',''
  ) );
#6464 = ORIENTED_EDGE('',*,*,#6465,.F.);
#6465 = EDGE_CURVE('',#5059,#6443,#6466,.T.);
#6466 = SURFACE_CURVE('',#6467,(#6471,#6478),.PCURVE_S1.);
#6467 = LINE('',#6468,#6469);
#6468 = CARTESIAN_POINT('',(8.881784197001E-16,-44.35,38.));
#6469 = VECTOR('',#6470,1.);
#6470 = DIRECTION('',(-0.,1.,-0.));
#6471 = PCURVE('',#5074,#6472);
#6472 = DEFINITIONAL_REPRESENTATION('',(#6473),#6477);
#6473 = LINE('',#6474,#6475);
#6474 = CARTESIAN_POINT('',(-27.,-0.));
#6475 = VECTOR('',#6476,1.);
#6476 = DIRECTION('',(-0.,-1.));
#6477 = ( GEOMETRIC_REPRESENTATION_CONTEXT(2) 
PARAMETRIC_REPRESENTATION_CONTEXT() REPRESENTATION_CONTEXT('2D SPACE',''
  ) );
#6478 = PCURVE('',#5107,#6479);
#6479 = DEFINITIONAL_REPRESENTATION('',(#6480),#6484);
#6480 = LINE('',#6481,#6482);
#6481 = CARTESIAN_POINT('',(-0.,0.));
#6482 = VECTOR('',#6483,1.);
#6483 = DIRECTION('',(-0.,1.));
#6484 = ( GEOMETRIC_REPRESENTATION_CONTEXT(2) 
PARAMETRIC_REPRESENTATION_CONTEXT() REPRESENTATION_CONTEXT('2D SPACE',''
  ) );
#6485 = ADVANCED_FACE('',(#6486),#5168,.T.);
#6486 = FACE_BOUND('',#6487,.F.);
#6487 = EDGE_LOOP('',(#6488,#6511,#6512,#6513));
#6488 = ORIENTED_EDGE('',*,*,#6489,.F.);
#6489 = EDGE_CURVE('',#5120,#6490,#6492,.T.);
#6490 = VERTEX_POINT('',#6491);
#6491 = CARTESIAN_POINT('',(-12.,-36.35,44.));
#6492 = SURFACE_CURVE('',#6493,(#6497,#6504),.PCURVE_S1.);
#6493 = LINE('',#6494,#6495);
#6494 = CARTESIAN_POINT('',(-12.,-44.35,44.));
#6495 = VECTOR('',#6496,1.);
#6496 = DIRECTION('',(-0.,1.,-0.));
#6497 = PCURVE('',#5168,#6498);
#6498 = DEFINITIONAL_REPRESENTATION('',(#6499),#6503);
#6499 = LINE('',#6500,#6501);
#6500 = CARTESIAN_POINT('',(-0.,0.));
#6501 = VECTOR('',#6502,1.);
#6502 = DIRECTION('',(-0.,1.));
#6503 = ( GEOMETRIC_REPRESENTATION_CONTEXT(2) 
PARAMETRIC_REPRESENTATION_CONTEXT() REPRESENTATION_CONTEXT('2D SPACE',''
  ) );
#6504 = PCURVE('',#5135,#6505);
#6505 = DEFINITIONAL_REPRESENTATION('',(#6506),#6510);
#6506 = LINE('',#6507,#6508);
#6507 = CARTESIAN_POINT('',(-12.,0.));
#6508 = VECTOR('',#6509,1.);
#6509 = DIRECTION('',(-0.,-1.));
#6510 = ( GEOMETRIC_REPRESENTATION_CONTEXT(2) 
PARAMETRIC_REPRESENTATION_CONTEXT() REPRESENTATION_CONTEXT('2D SPACE',''
  ) );
#6511 = ORIENTED_EDGE('',*,*,#5147,.T.);
#6512 = ORIENTED_EDGE('',*,*,#6175,.T.);
#6513 = ORIENTED_EDGE('',*,*,#6514,.T.);
#6514 = EDGE_CURVE('',#6176,#6490,#6515,.T.);
#6515 = SURFACE_CURVE('',#6516,(#6521,#6528),.PCURVE_S1.);
#6516 = CIRCLE('',#6517,6.);
#6517 = AXIS2_PLACEMENT_3D('',#6518,#6519,#6520);
#6518 = CARTESIAN_POINT('',(-12.,-36.35,38.));
#6519 = DIRECTION('',(-0.,1.,0.));
#6520 = DIRECTION('',(-1.,-0.,-0.));
#6521 = PCURVE('',#5168,#6522);
#6522 = DEFINITIONAL_REPRESENTATION('',(#6523),#6527);
#6523 = LINE('',#6524,#6525);
#6524 = CARTESIAN_POINT('',(-1.570796326795,8.));
#6525 = VECTOR('',#6526,1.);
#6526 = DIRECTION('',(1.,-0.));
#6527 = ( GEOMETRIC_REPRESENTATION_CONTEXT(2) 
PARAMETRIC_REPRESENTATION_CONTEXT() REPRESENTATION_CONTEXT('2D SPACE',''
  ) );
#6528 = PCURVE('',#6214,#6529);
#6529 = DEFINITIONAL_REPRESENTATION('',(#6530),#6538);
#6530 = ( BOUNDED_CURVE() B_SPLINE_CURVE(2,(#6531,#6532,#6533,#6534,
#6535,#6536,#6537),.UNSPECIFIED.,.T.,.F.) B_SPLINE_CURVE_WITH_KNOTS((1,2
    ,2,2,2,1),(-2.094395102393,0.,2.094395102393,4.188790204786,
6.28318530718,8.377580409573),.UNSPECIFIED.) CURVE() 
GEOMETRIC_REPRESENTATION_ITEM() RATIONAL_B_SPLINE_CURVE((1.,0.5,1.,0.5,
1.,0.5,1.)) REPRESENTATION_ITEM('') );
#6531 = CARTESIAN_POINT('',(1.5,-3.));
#6532 = CARTESIAN_POINT('',(-8.892304845413,-3.));
#6533 = CARTESIAN_POINT('',(-3.696152422707,6.));
#6534 = CARTESIAN_POINT('',(1.5,15.));
#6535 = CARTESIAN_POINT('',(6.696152422707,6.));
#6536 = CARTESIAN_POINT('',(11.892304845413,-3.));
#6537 = CARTESIAN_POINT('',(1.5,-3.));
#6538 = ( GEOMETRIC_REPRESENTATION_CONTEXT(2) 
PARAMETRIC_REPRESENTATION_CONTEXT() REPRESENTATION_CONTEXT('2D SPACE',''
  ) );
#6539 = ADVANCED_FACE('',(#6540),#5107,.T.);
#6540 = FACE_BOUND('',#6541,.F.);
#6541 = EDGE_LOOP('',(#6542,#6543,#6544,#6567));
#6542 = ORIENTED_EDGE('',*,*,#6465,.F.);
#6543 = ORIENTED_EDGE('',*,*,#5086,.T.);
#6544 = ORIENTED_EDGE('',*,*,#6545,.T.);
#6545 = EDGE_CURVE('',#5087,#6546,#6548,.T.);
#6546 = VERTEX_POINT('',#6547);
#6547 = CARTESIAN_POINT('',(-6.,-36.35,44.));
#6548 = SURFACE_CURVE('',#6549,(#6553,#6560),.PCURVE_S1.);
#6549 = LINE('',#6550,#6551);
#6550 = CARTESIAN_POINT('',(-6.,-44.35,44.));
#6551 = VECTOR('',#6552,1.);
#6552 = DIRECTION('',(-0.,1.,-0.));
#6553 = PCURVE('',#5107,#6554);
#6554 = DEFINITIONAL_REPRESENTATION('',(#6555),#6559);
#6555 = LINE('',#6556,#6557);
#6556 = CARTESIAN_POINT('',(-1.570796326795,0.));
#6557 = VECTOR('',#6558,1.);
#6558 = DIRECTION('',(-0.,1.));
#6559 = ( GEOMETRIC_REPRESENTATION_CONTEXT(2) 
PARAMETRIC_REPRESENTATION_CONTEXT() REPRESENTATION_CONTEXT('2D SPACE',''
  ) );
#6560 = PCURVE('',#5135,#6561);
#6561 = DEFINITIONAL_REPRESENTATION('',(#6562),#6566);
#6562 = LINE('',#6563,#6564);
#6563 = CARTESIAN_POINT('',(-6.,0.));
#6564 = VECTOR('',#6565,1.);
#6565 = DIRECTION('',(-0.,-1.));
#6566 = ( GEOMETRIC_REPRESENTATION_CONTEXT(2) 
PARAMETRIC_REPRESENTATION_CONTEXT() REPRESENTATION_CONTEXT('2D SPACE',''
  ) );
#6567 = ORIENTED_EDGE('',*,*,#6568,.F.);
#6568 = EDGE_CURVE('',#6443,#6546,#6569,.T.);
#6569 = SURFACE_CURVE('',#6570,(#6575,#6582),.PCURVE_S1.);
#6570 = CIRCLE('',#6571,6.);
#6571 = AXIS2_PLACEMENT_3D('',#6572,#6573,#6574);
#6572 = CARTESIAN_POINT('',(-6.,-36.35,38.));
#6573 = DIRECTION('',(-0.,-1.,-0.));
#6574 = DIRECTION('',(1.,-0.,-0.));
#6575 = PCURVE('',#5107,#6576);
#6576 = DEFINITIONAL_REPRESENTATION('',(#6577),#6581);
#6577 = LINE('',#6578,#6579);
#6578 = CARTESIAN_POINT('',(-0.,8.));
#6579 = VECTOR('',#6580,1.);
#6580 = DIRECTION('',(-1.,0.));
#6581 = ( GEOMETRIC_REPRESENTATION_CONTEXT(2) 
PARAMETRIC_REPRESENTATION_CONTEXT() REPRESENTATION_CONTEXT('2D SPACE',''
  ) );
#6582 = PCURVE('',#6214,#6583);
#6583 = DEFINITIONAL_REPRESENTATION('',(#6584),#6588);
#6584 = CIRCLE('',#6585,6.);
#6585 = AXIS2_PLACEMENT_2D('',#6586,#6587);
#6586 = CARTESIAN_POINT('',(1.5,9.));
#6587 = DIRECTION('',(-0.,1.));
#6588 = ( GEOMETRIC_REPRESENTATION_CONTEXT(2) 
PARAMETRIC_REPRESENTATION_CONTEXT() REPRESENTATION_CONTEXT('2D SPACE',''
  ) );
#6589 = ADVANCED_FACE('',(#6590),#5135,.F.);
#6590 = FACE_BOUND('',#6591,.T.);
#6591 = EDGE_LOOP('',(#6592,#6593,#6594,#6615));
#6592 = ORIENTED_EDGE('',*,*,#5119,.F.);
#6593 = ORIENTED_EDGE('',*,*,#6545,.T.);
#6594 = ORIENTED_EDGE('',*,*,#6595,.F.);
#6595 = EDGE_CURVE('',#6490,#6546,#6596,.T.);
#6596 = SURFACE_CURVE('',#6597,(#6601,#6608),.PCURVE_S1.);
#6597 = LINE('',#6598,#6599);
#6598 = CARTESIAN_POINT('',(-12.,-36.35,44.));
#6599 = VECTOR('',#6600,1.);
#6600 = DIRECTION('',(1.,-1.184237892934E-15,-0.));
#6601 = PCURVE('',#5135,#6602);
#6602 = DEFINITIONAL_REPRESENTATION('',(#6603),#6607);
#6603 = LINE('',#6604,#6605);
#6604 = CARTESIAN_POINT('',(-12.,-8.));
#6605 = VECTOR('',#6606,1.);
#6606 = DIRECTION('',(1.,1.184237892934E-15));
#6607 = ( GEOMETRIC_REPRESENTATION_CONTEXT(2) 
PARAMETRIC_REPRESENTATION_CONTEXT() REPRESENTATION_CONTEXT('2D SPACE',''
  ) );
#6608 = PCURVE('',#6214,#6609);
#6609 = DEFINITIONAL_REPRESENTATION('',(#6610),#6614);
#6610 = LINE('',#6611,#6612);
#6611 = CARTESIAN_POINT('',(-4.5,3.));
#6612 = VECTOR('',#6613,1.);
#6613 = DIRECTION('',(-0.,1.));
#6614 = ( GEOMETRIC_REPRESENTATION_CONTEXT(2) 
PARAMETRIC_REPRESENTATION_CONTEXT() REPRESENTATION_CONTEXT('2D SPACE',''
  ) );
#6615 = ORIENTED_EDGE('',*,*,#6489,.F.);
#6616 = ADVANCED_FACE('',(#6617),#5249,.F.);
#6617 = FACE_BOUND('',#6618,.T.);
#6618 = EDGE_LOOP('',(#6619,#6620,#6643,#6674));
#6619 = ORIENTED_EDGE('',*,*,#5232,.F.);
#6620 = ORIENTED_EDGE('',*,*,#6621,.F.);
#6621 = EDGE_CURVE('',#6622,#5233,#6624,.T.);
#6622 = VERTEX_POINT('',#6623);
#6623 = CARTESIAN_POINT('',(-15.,-38.35,41.5));
#6624 = SEAM_CURVE('',#6625,(#6629,#6636),.PCURVE_S1.);
#6625 = LINE('',#6626,#6627);
#6626 = CARTESIAN_POINT('',(-15.,-38.35,41.5));
#6627 = VECTOR('',#6628,1.);
#6628 = DIRECTION('',(-0.,-1.,-0.));
#6629 = PCURVE('',#5249,#6630);
#6630 = DEFINITIONAL_REPRESENTATION('',(#6631),#6635);
#6631 = LINE('',#6632,#6633);
#6632 = CARTESIAN_POINT('',(-6.28318530718,-0.));
#6633 = VECTOR('',#6634,1.);
#6634 = DIRECTION('',(-0.,1.));
#6635 = ( GEOMETRIC_REPRESENTATION_CONTEXT(2) 
PARAMETRIC_REPRESENTATION_CONTEXT() REPRESENTATION_CONTEXT('2D SPACE',''
  ) );
#6636 = PCURVE('',#5249,#6637);
#6637 = DEFINITIONAL_REPRESENTATION('',(#6638),#6642);
#6638 = LINE('',#6639,#6640);
#6639 = CARTESIAN_POINT('',(-0.,-0.));
#6640 = VECTOR('',#6641,1.);
#6641 = DIRECTION('',(-0.,1.));
#6642 = ( GEOMETRIC_REPRESENTATION_CONTEXT(2) 
PARAMETRIC_REPRESENTATION_CONTEXT() REPRESENTATION_CONTEXT('2D SPACE',''
  ) );
#6643 = ORIENTED_EDGE('',*,*,#6644,.T.);
#6644 = EDGE_CURVE('',#6622,#6622,#6645,.T.);
#6645 = SURFACE_CURVE('',#6646,(#6651,#6658),.PCURVE_S1.);
#6646 = CIRCLE('',#6647,2.);
#6647 = AXIS2_PLACEMENT_3D('',#6648,#6649,#6650);
#6648 = CARTESIAN_POINT('',(-15.,-38.35,39.5));
#6649 = DIRECTION('',(0.,1.,0.));
#6650 = DIRECTION('',(-0.,-0.,1.));
#6651 = PCURVE('',#5249,#6652);
#6652 = DEFINITIONAL_REPRESENTATION('',(#6653),#6657);
#6653 = LINE('',#6654,#6655);
#6654 = CARTESIAN_POINT('',(-0.,0.));
#6655 = VECTOR('',#6656,1.);
#6656 = DIRECTION('',(-1.,0.));
#6657 = ( GEOMETRIC_REPRESENTATION_CONTEXT(2) 
PARAMETRIC_REPRESENTATION_CONTEXT() REPRESENTATION_CONTEXT('2D SPACE',''
  ) );
#6658 = PCURVE('',#6659,#6664);
#6659 = PLANE('',#6660);
#6660 = AXIS2_PLACEMENT_3D('',#6661,#6662,#6663);
#6661 = CARTESIAN_POINT('',(-15.,-38.35,39.5));
#6662 = DIRECTION('',(-0.,-1.,-0.));
#6663 = DIRECTION('',(0.,0.,-1.));
#6664 = DEFINITIONAL_REPRESENTATION('',(#6665),#6673);
#6665 = ( BOUNDED_CURVE() B_SPLINE_CURVE(2,(#6666,#6667,#6668,#6669,
#6670,#6671,#6672),.UNSPECIFIED.,.T.,.F.) B_SPLINE_CURVE_WITH_KNOTS((1,2
    ,2,2,2,1),(-2.094395102393,0.,2.094395102393,4.188790204786,
6.28318530718,8.377580409573),.UNSPECIFIED.) CURVE() 
GEOMETRIC_REPRESENTATION_ITEM() RATIONAL_B_SPLINE_CURVE((1.,0.5,1.,0.5,
1.,0.5,1.)) REPRESENTATION_ITEM('') );
#6666 = CARTESIAN_POINT('',(-2.,0.));
#6667 = CARTESIAN_POINT('',(-2.,3.464101615138));
#6668 = CARTESIAN_POINT('',(1.,1.732050807569));
#6669 = CARTESIAN_POINT('',(4.,4.898587196589E-16));
#6670 = CARTESIAN_POINT('',(1.,-1.732050807569));
#6671 = CARTESIAN_POINT('',(-2.,-3.464101615138));
#6672 = CARTESIAN_POINT('',(-2.,0.));
#6673 = ( GEOMETRIC_REPRESENTATION_CONTEXT(2) 
PARAMETRIC_REPRESENTATION_CONTEXT() REPRESENTATION_CONTEXT('2D SPACE',''
  ) );
#6674 = ORIENTED_EDGE('',*,*,#6621,.T.);
#6675 = ADVANCED_FACE('',(#6676),#5607,.F.);
#6676 = FACE_BOUND('',#6677,.T.);
#6677 = EDGE_LOOP('',(#6678,#6701,#6702,#6703));
#6678 = ORIENTED_EDGE('',*,*,#6679,.T.);
#6679 = EDGE_CURVE('',#6680,#5591,#6682,.T.);
#6680 = VERTEX_POINT('',#6681);
#6681 = CARTESIAN_POINT('',(-15.3,-30.,17.2));
#6682 = SEAM_CURVE('',#6683,(#6687,#6694),.PCURVE_S1.);
#6683 = LINE('',#6684,#6685);
#6684 = CARTESIAN_POINT('',(-19.,-30.,17.2));
#6685 = VECTOR('',#6686,1.);
#6686 = DIRECTION('',(1.,-0.,-0.));
#6687 = PCURVE('',#5607,#6688);
#6688 = DEFINITIONAL_REPRESENTATION('',(#6689),#6693);
#6689 = LINE('',#6690,#6691);
#6690 = CARTESIAN_POINT('',(-6.28318530718,-0.));
#6691 = VECTOR('',#6692,1.);
#6692 = DIRECTION('',(-0.,1.));
#6693 = ( GEOMETRIC_REPRESENTATION_CONTEXT(2) 
PARAMETRIC_REPRESENTATION_CONTEXT() REPRESENTATION_CONTEXT('2D SPACE',''
  ) );
#6694 = PCURVE('',#5607,#6695);
#6695 = DEFINITIONAL_REPRESENTATION('',(#6696),#6700);
#6696 = LINE('',#6697,#6698);
#6697 = CARTESIAN_POINT('',(-0.,-0.));
#6698 = VECTOR('',#6699,1.);
#6699 = DIRECTION('',(-0.,1.));
#6700 = ( GEOMETRIC_REPRESENTATION_CONTEXT(2) 
PARAMETRIC_REPRESENTATION_CONTEXT() REPRESENTATION_CONTEXT('2D SPACE',''
  ) );
#6701 = ORIENTED_EDGE('',*,*,#5590,.F.);
#6702 = ORIENTED_EDGE('',*,*,#6679,.F.);
#6703 = ORIENTED_EDGE('',*,*,#6704,.T.);
#6704 = EDGE_CURVE('',#6680,#6680,#6705,.T.);
#6705 = SURFACE_CURVE('',#6706,(#6711,#6718),.PCURVE_S1.);
#6706 = CIRCLE('',#6707,1.7);
#6707 = AXIS2_PLACEMENT_3D('',#6708,#6709,#6710);
#6708 = CARTESIAN_POINT('',(-15.3,-30.,15.5));
#6709 = DIRECTION('',(-1.,-0.,-0.));
#6710 = DIRECTION('',(-0.,-0.,1.));
#6711 = PCURVE('',#5607,#6712);
#6712 = DEFINITIONAL_REPRESENTATION('',(#6713),#6717);
#6713 = LINE('',#6714,#6715);
#6714 = CARTESIAN_POINT('',(-0.,3.7));
#6715 = VECTOR('',#6716,1.);
#6716 = DIRECTION('',(-1.,0.));
#6717 = ( GEOMETRIC_REPRESENTATION_CONTEXT(2) 
PARAMETRIC_REPRESENTATION_CONTEXT() REPRESENTATION_CONTEXT('2D SPACE',''
  ) );
#6718 = PCURVE('',#6719,#6724);
#6719 = PLANE('',#6720);
#6720 = AXIS2_PLACEMENT_3D('',#6721,#6722,#6723);
#6721 = CARTESIAN_POINT('',(-15.3,-30.,15.5));
#6722 = DIRECTION('',(1.,-0.,-0.));
#6723 = DIRECTION('',(0.,0.,-1.));
#6724 = DEFINITIONAL_REPRESENTATION('',(#6725),#6733);
#6725 = ( BOUNDED_CURVE() B_SPLINE_CURVE(2,(#6726,#6727,#6728,#6729,
#6730,#6731,#6732),.UNSPECIFIED.,.T.,.F.) B_SPLINE_CURVE_WITH_KNOTS((1,2
    ,2,2,2,1),(-2.094395102393,0.,2.094395102393,4.188790204786,
6.28318530718,8.377580409573),.UNSPECIFIED.) CURVE() 
GEOMETRIC_REPRESENTATION_ITEM() RATIONAL_B_SPLINE_CURVE((1.,0.5,1.,0.5,
1.,0.5,1.)) REPRESENTATION_ITEM('') );
#6726 = CARTESIAN_POINT('',(-1.7,0.));
#6727 = CARTESIAN_POINT('',(-1.7,2.944486372867));
#6728 = CARTESIAN_POINT('',(0.85,1.472243186434));
#6729 = CARTESIAN_POINT('',(3.4,4.163799117101E-16));
#6730 = CARTESIAN_POINT('',(0.85,-1.472243186434));
#6731 = CARTESIAN_POINT('',(-1.7,-2.944486372867));
#6732 = CARTESIAN_POINT('',(-1.7,0.));
#6733 = ( GEOMETRIC_REPRESENTATION_CONTEXT(2) 
PARAMETRIC_REPRESENTATION_CONTEXT() REPRESENTATION_CONTEXT('2D SPACE',''
  ) );
#6734 = ADVANCED_FACE('',(#6735),#5783,.T.);
#6735 = FACE_BOUND('',#6736,.F.);
#6736 = EDGE_LOOP('',(#6737,#6760,#6782,#6783));
#6737 = ORIENTED_EDGE('',*,*,#6738,.F.);
#6738 = EDGE_CURVE('',#6739,#5735,#6741,.T.);
#6739 = VERTEX_POINT('',#6740);
#6740 = CARTESIAN_POINT('',(-12.,-23.65,44.));
#6741 = SURFACE_CURVE('',#6742,(#6746,#6753),.PCURVE_S1.);
#6742 = LINE('',#6743,#6744);
#6743 = CARTESIAN_POINT('',(-12.,-44.35,44.));
#6744 = VECTOR('',#6745,1.);
#6745 = DIRECTION('',(-0.,1.,-0.));
#6746 = PCURVE('',#5783,#6747);
#6747 = DEFINITIONAL_REPRESENTATION('',(#6748),#6752);
#6748 = LINE('',#6749,#6750);
#6749 = CARTESIAN_POINT('',(-0.,0.));
#6750 = VECTOR('',#6751,1.);
#6751 = DIRECTION('',(-0.,1.));
#6752 = ( GEOMETRIC_REPRESENTATION_CONTEXT(2) 
PARAMETRIC_REPRESENTATION_CONTEXT() REPRESENTATION_CONTEXT('2D SPACE',''
  ) );
#6753 = PCURVE('',#5750,#6754);
#6754 = DEFINITIONAL_REPRESENTATION('',(#6755),#6759);
#6755 = LINE('',#6756,#6757);
#6756 = CARTESIAN_POINT('',(-12.,0.));
#6757 = VECTOR('',#6758,1.);
#6758 = DIRECTION('',(-0.,-1.));
#6759 = ( GEOMETRIC_REPRESENTATION_CONTEXT(2) 
PARAMETRIC_REPRESENTATION_CONTEXT() REPRESENTATION_CONTEXT('2D SPACE',''
  ) );
#6760 = ORIENTED_EDGE('',*,*,#6761,.T.);
#6761 = EDGE_CURVE('',#6739,#6255,#6762,.T.);
#6762 = SURFACE_CURVE('',#6763,(#6768,#6775),.PCURVE_S1.);
#6763 = CIRCLE('',#6764,6.);
#6764 = AXIS2_PLACEMENT_3D('',#6765,#6766,#6767);
#6765 = CARTESIAN_POINT('',(-12.,-23.65,38.));
#6766 = DIRECTION('',(0.,-1.,0.));
#6767 = DIRECTION('',(-0.,-0.,1.));
#6768 = PCURVE('',#5783,#6769);
#6769 = DEFINITIONAL_REPRESENTATION('',(#6770),#6774);
#6770 = LINE('',#6771,#6772);
#6771 = CARTESIAN_POINT('',(-0.,20.7));
#6772 = VECTOR('',#6773,1.);
#6773 = DIRECTION('',(-1.,0.));
#6774 = ( GEOMETRIC_REPRESENTATION_CONTEXT(2) 
PARAMETRIC_REPRESENTATION_CONTEXT() REPRESENTATION_CONTEXT('2D SPACE',''
  ) );
#6775 = PCURVE('',#6270,#6776);
#6776 = DEFINITIONAL_REPRESENTATION('',(#6777),#6781);
#6777 = CIRCLE('',#6778,6.);
#6778 = AXIS2_PLACEMENT_2D('',#6779,#6780);
#6779 = CARTESIAN_POINT('',(1.5,3.));
#6780 = DIRECTION('',(-1.,0.));
#6781 = ( GEOMETRIC_REPRESENTATION_CONTEXT(2) 
PARAMETRIC_REPRESENTATION_CONTEXT() REPRESENTATION_CONTEXT('2D SPACE',''
  ) );
#6782 = ORIENTED_EDGE('',*,*,#6282,.T.);
#6783 = ORIENTED_EDGE('',*,*,#5762,.F.);
#6784 = ADVANCED_FACE('',(#6785),#5722,.T.);
#6785 = FACE_BOUND('',#6786,.F.);
#6786 = EDGE_LOOP('',(#6787,#6788,#6812,#6833));
#6787 = ORIENTED_EDGE('',*,*,#6368,.F.);
#6788 = ORIENTED_EDGE('',*,*,#6789,.T.);
#6789 = EDGE_CURVE('',#6369,#6790,#6792,.T.);
#6790 = VERTEX_POINT('',#6791);
#6791 = CARTESIAN_POINT('',(-6.,-23.65,44.));
#6792 = SURFACE_CURVE('',#6793,(#6798,#6805),.PCURVE_S1.);
#6793 = CIRCLE('',#6794,6.);
#6794 = AXIS2_PLACEMENT_3D('',#6795,#6796,#6797);
#6795 = CARTESIAN_POINT('',(-6.,-23.65,38.));
#6796 = DIRECTION('',(-0.,-1.,-0.));
#6797 = DIRECTION('',(1.,-0.,-0.));
#6798 = PCURVE('',#5722,#6799);
#6799 = DEFINITIONAL_REPRESENTATION('',(#6800),#6804);
#6800 = LINE('',#6801,#6802);
#6801 = CARTESIAN_POINT('',(-0.,20.7));
#6802 = VECTOR('',#6803,1.);
#6803 = DIRECTION('',(-1.,0.));
#6804 = ( GEOMETRIC_REPRESENTATION_CONTEXT(2) 
PARAMETRIC_REPRESENTATION_CONTEXT() REPRESENTATION_CONTEXT('2D SPACE',''
  ) );
#6805 = PCURVE('',#6270,#6806);
#6806 = DEFINITIONAL_REPRESENTATION('',(#6807),#6811);
#6807 = CIRCLE('',#6808,6.);
#6808 = AXIS2_PLACEMENT_2D('',#6809,#6810);
#6809 = CARTESIAN_POINT('',(1.5,9.));
#6810 = DIRECTION('',(-0.,1.));
#6811 = ( GEOMETRIC_REPRESENTATION_CONTEXT(2) 
PARAMETRIC_REPRESENTATION_CONTEXT() REPRESENTATION_CONTEXT('2D SPACE',''
  ) );
#6812 = ORIENTED_EDGE('',*,*,#6813,.T.);
#6813 = EDGE_CURVE('',#6790,#5702,#6814,.T.);
#6814 = SURFACE_CURVE('',#6815,(#6819,#6826),.PCURVE_S1.);
#6815 = LINE('',#6816,#6817);
#6816 = CARTESIAN_POINT('',(-6.,-44.35,44.));
#6817 = VECTOR('',#6818,1.);
#6818 = DIRECTION('',(-0.,1.,-0.));
#6819 = PCURVE('',#5722,#6820);
#6820 = DEFINITIONAL_REPRESENTATION('',(#6821),#6825);
#6821 = LINE('',#6822,#6823);
#6822 = CARTESIAN_POINT('',(-1.570796326795,0.));
#6823 = VECTOR('',#6824,1.);
#6824 = DIRECTION('',(-0.,1.));
#6825 = ( GEOMETRIC_REPRESENTATION_CONTEXT(2) 
PARAMETRIC_REPRESENTATION_CONTEXT() REPRESENTATION_CONTEXT('2D SPACE',''
  ) );
#6826 = PCURVE('',#5750,#6827);
#6827 = DEFINITIONAL_REPRESENTATION('',(#6828),#6832);
#6828 = LINE('',#6829,#6830);
#6829 = CARTESIAN_POINT('',(-6.,0.));
#6830 = VECTOR('',#6831,1.);
#6831 = DIRECTION('',(-0.,-1.));
#6832 = ( GEOMETRIC_REPRESENTATION_CONTEXT(2) 
PARAMETRIC_REPRESENTATION_CONTEXT() REPRESENTATION_CONTEXT('2D SPACE',''
  ) );
#6833 = ORIENTED_EDGE('',*,*,#5701,.F.);
#6834 = ADVANCED_FACE('',(#6835),#5750,.F.);
#6835 = FACE_BOUND('',#6836,.T.);
#6836 = EDGE_LOOP('',(#6837,#6858,#6859,#6860));
#6837 = ORIENTED_EDGE('',*,*,#6838,.F.);
#6838 = EDGE_CURVE('',#6790,#6739,#6839,.T.);
#6839 = SURFACE_CURVE('',#6840,(#6844,#6851),.PCURVE_S1.);
#6840 = LINE('',#6841,#6842);
#6841 = CARTESIAN_POINT('',(-6.,-23.65,44.));
#6842 = VECTOR('',#6843,1.);
#6843 = DIRECTION('',(-1.,5.921189464668E-16,0.));
#6844 = PCURVE('',#5750,#6845);
#6845 = DEFINITIONAL_REPRESENTATION('',(#6846),#6850);
#6846 = LINE('',#6847,#6848);
#6847 = CARTESIAN_POINT('',(-6.,-20.7));
#6848 = VECTOR('',#6849,1.);
#6849 = DIRECTION('',(-1.,-5.921189464668E-16));
#6850 = ( GEOMETRIC_REPRESENTATION_CONTEXT(2) 
PARAMETRIC_REPRESENTATION_CONTEXT() REPRESENTATION_CONTEXT('2D SPACE',''
  ) );
#6851 = PCURVE('',#6270,#6852);
#6852 = DEFINITIONAL_REPRESENTATION('',(#6853),#6857);
#6853 = LINE('',#6854,#6855);
#6854 = CARTESIAN_POINT('',(-4.5,9.));
#6855 = VECTOR('',#6856,1.);
#6856 = DIRECTION('',(-0.,-1.));
#6857 = ( GEOMETRIC_REPRESENTATION_CONTEXT(2) 
PARAMETRIC_REPRESENTATION_CONTEXT() REPRESENTATION_CONTEXT('2D SPACE',''
  ) );
#6858 = ORIENTED_EDGE('',*,*,#6813,.T.);
#6859 = ORIENTED_EDGE('',*,*,#5734,.T.);
#6860 = ORIENTED_EDGE('',*,*,#6738,.F.);
#6861 = ADVANCED_FACE('',(#6862),#5859,.F.);
#6862 = FACE_BOUND('',#6863,.T.);
#6863 = EDGE_LOOP('',(#6864,#6892,#6913,#6914));
#6864 = ORIENTED_EDGE('',*,*,#6865,.F.);
#6865 = EDGE_CURVE('',#6866,#6866,#6868,.T.);
#6866 = VERTEX_POINT('',#6867);
#6867 = CARTESIAN_POINT('',(-15.,-23.65,41.2));
#6868 = SURFACE_CURVE('',#6869,(#6874,#6881),.PCURVE_S1.);
#6869 = CIRCLE('',#6870,1.7);
#6870 = AXIS2_PLACEMENT_3D('',#6871,#6872,#6873);
#6871 = CARTESIAN_POINT('',(-15.,-23.65,39.5));
#6872 = DIRECTION('',(0.,1.,0.));
#6873 = DIRECTION('',(-0.,-0.,1.));
#6874 = PCURVE('',#5859,#6875);
#6875 = DEFINITIONAL_REPRESENTATION('',(#6876),#6880);
#6876 = LINE('',#6877,#6878);
#6877 = CARTESIAN_POINT('',(-0.,8.));
#6878 = VECTOR('',#6879,1.);
#6879 = DIRECTION('',(-1.,0.));
#6880 = ( GEOMETRIC_REPRESENTATION_CONTEXT(2) 
PARAMETRIC_REPRESENTATION_CONTEXT() REPRESENTATION_CONTEXT('2D SPACE',''
  ) );
#6881 = PCURVE('',#6270,#6882);
#6882 = DEFINITIONAL_REPRESENTATION('',(#6883),#6891);
#6883 = ( BOUNDED_CURVE() B_SPLINE_CURVE(2,(#6884,#6885,#6886,#6887,
#6888,#6889,#6890),.UNSPECIFIED.,.T.,.F.) B_SPLINE_CURVE_WITH_KNOTS((1,2
    ,2,2,2,1),(-2.094395102393,0.,2.094395102393,4.188790204786,
6.28318530718,8.377580409573),.UNSPECIFIED.) CURVE() 
GEOMETRIC_REPRESENTATION_ITEM() RATIONAL_B_SPLINE_CURVE((1.,0.5,1.,0.5,
1.,0.5,1.)) REPRESENTATION_ITEM('') );
#6884 = CARTESIAN_POINT('',(-1.7,0.));
#6885 = CARTESIAN_POINT('',(-1.7,2.944486372867));
#6886 = CARTESIAN_POINT('',(0.85,1.472243186434));
#6887 = CARTESIAN_POINT('',(3.4,4.163799117101E-16));
#6888 = CARTESIAN_POINT('',(0.85,-1.472243186434));
#6889 = CARTESIAN_POINT('',(-1.7,-2.944486372867));
#6890 = CARTESIAN_POINT('',(-1.7,0.));
#6891 = ( GEOMETRIC_REPRESENTATION_CONTEXT(2) 
PARAMETRIC_REPRESENTATION_CONTEXT() REPRESENTATION_CONTEXT('2D SPACE',''
  ) );
#6892 = ORIENTED_EDGE('',*,*,#6893,.F.);
#6893 = EDGE_CURVE('',#5843,#6866,#6894,.T.);
#6894 = SEAM_CURVE('',#6895,(#6899,#6906),.PCURVE_S1.);
#6895 = LINE('',#6896,#6897);
#6896 = CARTESIAN_POINT('',(-15.,-15.65,41.2));
#6897 = VECTOR('',#6898,1.);
#6898 = DIRECTION('',(-0.,-1.,-0.));
#6899 = PCURVE('',#5859,#6900);
#6900 = DEFINITIONAL_REPRESENTATION('',(#6901),#6905);
#6901 = LINE('',#6902,#6903);
#6902 = CARTESIAN_POINT('',(-6.28318530718,-0.));
#6903 = VECTOR('',#6904,1.);
#6904 = DIRECTION('',(-0.,1.));
#6905 = ( GEOMETRIC_REPRESENTATION_CONTEXT(2) 
PARAMETRIC_REPRESENTATION_CONTEXT() REPRESENTATION_CONTEXT('2D SPACE',''
  ) );
#6906 = PCURVE('',#5859,#6907);
#6907 = DEFINITIONAL_REPRESENTATION('',(#6908),#6912);
#6908 = LINE('',#6909,#6910);
#6909 = CARTESIAN_POINT('',(-0.,-0.));
#6910 = VECTOR('',#6911,1.);
#6911 = DIRECTION('',(-0.,1.));
#6912 = ( GEOMETRIC_REPRESENTATION_CONTEXT(2) 
PARAMETRIC_REPRESENTATION_CONTEXT() REPRESENTATION_CONTEXT('2D SPACE',''
  ) );
#6913 = ORIENTED_EDGE('',*,*,#5842,.T.);
#6914 = ORIENTED_EDGE('',*,*,#6893,.T.);
#6915 = ADVANCED_FACE('',(#6916),#6063,.F.);
#6916 = FACE_BOUND('',#6917,.T.);
#6917 = EDGE_LOOP('',(#6918,#6941,#6967,#6968,#6969,#6970));
#6918 = ORIENTED_EDGE('',*,*,#6919,.T.);
#6919 = EDGE_CURVE('',#6306,#6920,#6922,.T.);
#6920 = VERTEX_POINT('',#6921);
#6921 = CARTESIAN_POINT('',(-15.3,-30.,18.35));
#6922 = SEAM_CURVE('',#6923,(#6927,#6934),.PCURVE_S1.);
#6923 = LINE('',#6924,#6925);
#6924 = CARTESIAN_POINT('',(-18.5,-30.,18.35));
#6925 = VECTOR('',#6926,1.);
#6926 = DIRECTION('',(1.,-0.,-0.));
#6927 = PCURVE('',#6063,#6928);
#6928 = DEFINITIONAL_REPRESENTATION('',(#6929),#6933);
#6929 = LINE('',#6930,#6931);
#6930 = CARTESIAN_POINT('',(-6.28318530718,-0.));
#6931 = VECTOR('',#6932,1.);
#6932 = DIRECTION('',(-0.,1.));
#6933 = ( GEOMETRIC_REPRESENTATION_CONTEXT(2) 
PARAMETRIC_REPRESENTATION_CONTEXT() REPRESENTATION_CONTEXT('2D SPACE',''
  ) );
#6934 = PCURVE('',#6063,#6935);
#6935 = DEFINITIONAL_REPRESENTATION('',(#6936),#6940);
#6936 = LINE('',#6937,#6938);
#6937 = CARTESIAN_POINT('',(-0.,-0.));
#6938 = VECTOR('',#6939,1.);
#6939 = DIRECTION('',(-0.,1.));
#6940 = ( GEOMETRIC_REPRESENTATION_CONTEXT(2) 
PARAMETRIC_REPRESENTATION_CONTEXT() REPRESENTATION_CONTEXT('2D SPACE',''
  ) );
#6941 = ORIENTED_EDGE('',*,*,#6942,.F.);
#6942 = EDGE_CURVE('',#6920,#6920,#6943,.T.);
#6943 = SURFACE_CURVE('',#6944,(#6949,#6956),.PCURVE_S1.);
#6944 = CIRCLE('',#6945,2.85);
#6945 = AXIS2_PLACEMENT_3D('',#6946,#6947,#6948);
#6946 = CARTESIAN_POINT('',(-15.3,-30.,15.5));
#6947 = DIRECTION('',(-1.,-0.,-0.));
#6948 = DIRECTION('',(-0.,-0.,1.));
#6949 = PCURVE('',#6063,#6950);
#6950 = DEFINITIONAL_REPRESENTATION('',(#6951),#6955);
#6951 = LINE('',#6952,#6953);
#6952 = CARTESIAN_POINT('',(-0.,3.2));
#6953 = VECTOR('',#6954,1.);
#6954 = DIRECTION('',(-1.,0.));
#6955 = ( GEOMETRIC_REPRESENTATION_CONTEXT(2) 
PARAMETRIC_REPRESENTATION_CONTEXT() REPRESENTATION_CONTEXT('2D SPACE',''
  ) );
#6956 = PCURVE('',#6719,#6957);
#6957 = DEFINITIONAL_REPRESENTATION('',(#6958),#6966);
#6958 = ( BOUNDED_CURVE() B_SPLINE_CURVE(2,(#6959,#6960,#6961,#6962,
#6963,#6964,#6965),.UNSPECIFIED.,.T.,.F.) B_SPLINE_CURVE_WITH_KNOTS((1,2
    ,2,2,2,1),(-2.094395102393,0.,2.094395102393,4.188790204786,
6.28318530718,8.377580409573),.UNSPECIFIED.) CURVE() 
GEOMETRIC_REPRESENTATION_ITEM() RATIONAL_B_SPLINE_CURVE((1.,0.5,1.,0.5,
1.,0.5,1.)) REPRESENTATION_ITEM('') );
#6959 = CARTESIAN_POINT('',(-2.85,0.));
#6960 = CARTESIAN_POINT('',(-2.85,4.936344801571));
#6961 = CARTESIAN_POINT('',(1.425,2.468172400786));
#6962 = CARTESIAN_POINT('',(5.7,6.98048675514E-16));
#6963 = CARTESIAN_POINT('',(1.425,-2.468172400786));
#6964 = CARTESIAN_POINT('',(-2.85,-4.936344801571));
#6965 = CARTESIAN_POINT('',(-2.85,0.));
#6966 = ( GEOMETRIC_REPRESENTATION_CONTEXT(2) 
PARAMETRIC_REPRESENTATION_CONTEXT() REPRESENTATION_CONTEXT('2D SPACE',''
  ) );
#6967 = ORIENTED_EDGE('',*,*,#6919,.F.);
#6968 = ORIENTED_EDGE('',*,*,#6305,.T.);
#6969 = ORIENTED_EDGE('',*,*,#5899,.T.);
#6970 = ORIENTED_EDGE('',*,*,#6333,.T.);
#6971 = ADVANCED_FACE('',(#6972,#7028),#6270,.T.);
#6972 = FACE_BOUND('',#6973,.F.);
#6973 = EDGE_LOOP('',(#6974,#6975,#6976,#6977,#6978,#7001,#7027));
#6974 = ORIENTED_EDGE('',*,*,#6761,.F.);
#6975 = ORIENTED_EDGE('',*,*,#6838,.F.);
#6976 = ORIENTED_EDGE('',*,*,#6789,.F.);
#6977 = ORIENTED_EDGE('',*,*,#6391,.F.);
#6978 = ORIENTED_EDGE('',*,*,#6979,.F.);
#6979 = EDGE_CURVE('',#6980,#6392,#6982,.T.);
#6980 = VERTEX_POINT('',#6981);
#6981 = CARTESIAN_POINT('',(-15.,-23.65,32.75));
#6982 = SURFACE_CURVE('',#6983,(#6987,#6994),.PCURVE_S1.);
#6983 = LINE('',#6984,#6985);
#6984 = CARTESIAN_POINT('',(-15.,-23.65,32.75));
#6985 = VECTOR('',#6986,1.);
#6986 = DIRECTION('',(1.,-0.,-0.));
#6987 = PCURVE('',#6270,#6988);
#6988 = DEFINITIONAL_REPRESENTATION('',(#6989),#6993);
#6989 = LINE('',#6990,#6991);
#6990 = CARTESIAN_POINT('',(6.75,-0.));
#6991 = VECTOR('',#6992,1.);
#6992 = DIRECTION('',(-0.,1.));
#6993 = ( GEOMETRIC_REPRESENTATION_CONTEXT(2) 
PARAMETRIC_REPRESENTATION_CONTEXT() REPRESENTATION_CONTEXT('2D SPACE',''
  ) );
#6994 = PCURVE('',#6430,#6995);
#6995 = DEFINITIONAL_REPRESENTATION('',(#6996),#7000);
#6996 = LINE('',#6997,#6998);
#6997 = CARTESIAN_POINT('',(-0.,-12.7));
#6998 = VECTOR('',#6999,1.);
#6999 = DIRECTION('',(-1.,0.));
#7000 = ( GEOMETRIC_REPRESENTATION_CONTEXT(2) 
PARAMETRIC_REPRESENTATION_CONTEXT() REPRESENTATION_CONTEXT('2D SPACE',''
  ) );
#7001 = ORIENTED_EDGE('',*,*,#7002,.T.);
#7002 = EDGE_CURVE('',#6980,#6227,#7003,.T.);
#7003 = SURFACE_CURVE('',#7004,(#7009,#7020),.PCURVE_S1.);
#7004 = CIRCLE('',#7005,6.75);
#7005 = AXIS2_PLACEMENT_3D('',#7006,#7007,#7008);
#7006 = CARTESIAN_POINT('',(-15.,-23.65,39.5));
#7007 = DIRECTION('',(0.,1.,0.));
#7008 = DIRECTION('',(-0.,-0.,1.));
#7009 = PCURVE('',#6270,#7010);
#7010 = DEFINITIONAL_REPRESENTATION('',(#7011),#7019);
#7011 = ( BOUNDED_CURVE() B_SPLINE_CURVE(2,(#7012,#7013,#7014,#7015,
#7016,#7017,#7018),.UNSPECIFIED.,.T.,.F.) B_SPLINE_CURVE_WITH_KNOTS((1,2
    ,2,2,2,1),(-2.094395102393,0.,2.094395102393,4.188790204786,
6.28318530718,8.377580409573),.UNSPECIFIED.) CURVE() 
GEOMETRIC_REPRESENTATION_ITEM() RATIONAL_B_SPLINE_CURVE((1.,0.5,1.,0.5,
1.,0.5,1.)) REPRESENTATION_ITEM('') );
#7012 = CARTESIAN_POINT('',(-6.75,0.));
#7013 = CARTESIAN_POINT('',(-6.75,11.69134295109));
#7014 = CARTESIAN_POINT('',(3.375,5.845671475545));
#7015 = CARTESIAN_POINT('',(13.5,1.653273178849E-15));
#7016 = CARTESIAN_POINT('',(3.375,-5.845671475545));
#7017 = CARTESIAN_POINT('',(-6.75,-11.69134295109));
#7018 = CARTESIAN_POINT('',(-6.75,0.));
#7019 = ( GEOMETRIC_REPRESENTATION_CONTEXT(2) 
PARAMETRIC_REPRESENTATION_CONTEXT() REPRESENTATION_CONTEXT('2D SPACE',''
  ) );
#7020 = PCURVE('',#6242,#7021);
#7021 = DEFINITIONAL_REPRESENTATION('',(#7022),#7026);
#7022 = LINE('',#7023,#7024);
#7023 = CARTESIAN_POINT('',(-0.,0.));
#7024 = VECTOR('',#7025,1.);
#7025 = DIRECTION('',(-1.,0.));
#7026 = ( GEOMETRIC_REPRESENTATION_CONTEXT(2) 
PARAMETRIC_REPRESENTATION_CONTEXT() REPRESENTATION_CONTEXT('2D SPACE',''
  ) );
#7027 = ORIENTED_EDGE('',*,*,#6254,.T.);
#7028 = FACE_BOUND('',#7029,.F.);
#7029 = EDGE_LOOP('',(#7030));
#7030 = ORIENTED_EDGE('',*,*,#6865,.F.);
#7031 = ADVANCED_FACE('',(#7032),#6242,.F.);
#7032 = FACE_BOUND('',#7033,.T.);
#7033 = EDGE_LOOP('',(#7034,#7062,#7083,#7084));
#7034 = ORIENTED_EDGE('',*,*,#7035,.F.);
#7035 = EDGE_CURVE('',#7036,#6199,#7038,.T.);
#7036 = VERTEX_POINT('',#7037);
#7037 = CARTESIAN_POINT('',(-15.,-36.35,32.75));
#7038 = SURFACE_CURVE('',#7039,(#7044,#7051),.PCURVE_S1.);
#7039 = CIRCLE('',#7040,6.75);
#7040 = AXIS2_PLACEMENT_3D('',#7041,#7042,#7043);
#7041 = CARTESIAN_POINT('',(-15.,-36.35,39.5));
#7042 = DIRECTION('',(0.,1.,0.));
#7043 = DIRECTION('',(-0.,-0.,1.));
#7044 = PCURVE('',#6242,#7045);
#7045 = DEFINITIONAL_REPRESENTATION('',(#7046),#7050);
#7046 = LINE('',#7047,#7048);
#7047 = CARTESIAN_POINT('',(-0.,12.7));
#7048 = VECTOR('',#7049,1.);
#7049 = DIRECTION('',(-1.,0.));
#7050 = ( GEOMETRIC_REPRESENTATION_CONTEXT(2) 
PARAMETRIC_REPRESENTATION_CONTEXT() REPRESENTATION_CONTEXT('2D SPACE',''
  ) );
#7051 = PCURVE('',#6214,#7052);
#7052 = DEFINITIONAL_REPRESENTATION('',(#7053),#7061);
#7053 = ( BOUNDED_CURVE() B_SPLINE_CURVE(2,(#7054,#7055,#7056,#7057,
#7058,#7059,#7060),.UNSPECIFIED.,.T.,.F.) B_SPLINE_CURVE_WITH_KNOTS((1,2
    ,2,2,2,1),(-2.094395102393,0.,2.094395102393,4.188790204786,
6.28318530718,8.377580409573),.UNSPECIFIED.) CURVE() 
GEOMETRIC_REPRESENTATION_ITEM() RATIONAL_B_SPLINE_CURVE((1.,0.5,1.,0.5,
1.,0.5,1.)) REPRESENTATION_ITEM('') );
#7054 = CARTESIAN_POINT('',(-6.75,0.));
#7055 = CARTESIAN_POINT('',(-6.75,11.69134295109));
#7056 = CARTESIAN_POINT('',(3.375,5.845671475545));
#7057 = CARTESIAN_POINT('',(13.5,1.653273178849E-15));
#7058 = CARTESIAN_POINT('',(3.375,-5.845671475545));
#7059 = CARTESIAN_POINT('',(-6.75,-11.69134295109));
#7060 = CARTESIAN_POINT('',(-6.75,0.));
#7061 = ( GEOMETRIC_REPRESENTATION_CONTEXT(2) 
PARAMETRIC_REPRESENTATION_CONTEXT() REPRESENTATION_CONTEXT('2D SPACE',''
  ) );
#7062 = ORIENTED_EDGE('',*,*,#7063,.T.);
#7063 = EDGE_CURVE('',#7036,#6980,#7064,.T.);
#7064 = SURFACE_CURVE('',#7065,(#7069,#7076),.PCURVE_S1.);
#7065 = LINE('',#7066,#7067);
#7066 = CARTESIAN_POINT('',(-15.,-36.35,32.75));
#7067 = VECTOR('',#7068,1.);
#7068 = DIRECTION('',(-0.,1.,-0.));
#7069 = PCURVE('',#6242,#7070);
#7070 = DEFINITIONAL_REPRESENTATION('',(#7071),#7075);
#7071 = LINE('',#7072,#7073);
#7072 = CARTESIAN_POINT('',(-3.14159265359,12.7));
#7073 = VECTOR('',#7074,1.);
#7074 = DIRECTION('',(-0.,-1.));
#7075 = ( GEOMETRIC_REPRESENTATION_CONTEXT(2) 
PARAMETRIC_REPRESENTATION_CONTEXT() REPRESENTATION_CONTEXT('2D SPACE',''
  ) );
#7076 = PCURVE('',#6430,#7077);
#7077 = DEFINITIONAL_REPRESENTATION('',(#7078),#7082);
#7078 = LINE('',#7079,#7080);
#7079 = CARTESIAN_POINT('',(-0.,-0.));
#7080 = VECTOR('',#7081,1.);
#7081 = DIRECTION('',(-0.,-1.));
#7082 = ( GEOMETRIC_REPRESENTATION_CONTEXT(2) 
PARAMETRIC_REPRESENTATION_CONTEXT() REPRESENTATION_CONTEXT('2D SPACE',''
  ) );
#7083 = ORIENTED_EDGE('',*,*,#7002,.T.);
#7084 = ORIENTED_EDGE('',*,*,#6226,.T.);
#7085 = ADVANCED_FACE('',(#7086,#7115),#6214,.F.);
#7086 = FACE_BOUND('',#7087,.T.);
#7087 = EDGE_LOOP('',(#7088,#7089,#7090,#7091,#7092,#7113,#7114));
#7088 = ORIENTED_EDGE('',*,*,#6514,.T.);
#7089 = ORIENTED_EDGE('',*,*,#6595,.T.);
#7090 = ORIENTED_EDGE('',*,*,#6568,.F.);
#7091 = ORIENTED_EDGE('',*,*,#6442,.F.);
#7092 = ORIENTED_EDGE('',*,*,#7093,.F.);
#7093 = EDGE_CURVE('',#7036,#6415,#7094,.T.);
#7094 = SURFACE_CURVE('',#7095,(#7099,#7106),.PCURVE_S1.);
#7095 = LINE('',#7096,#7097);
#7096 = CARTESIAN_POINT('',(-15.,-36.35,32.75));
#7097 = VECTOR('',#7098,1.);
#7098 = DIRECTION('',(1.,-0.,-0.));
#7099 = PCURVE('',#6214,#7100);
#7100 = DEFINITIONAL_REPRESENTATION('',(#7101),#7105);
#7101 = LINE('',#7102,#7103);
#7102 = CARTESIAN_POINT('',(6.75,-0.));
#7103 = VECTOR('',#7104,1.);
#7104 = DIRECTION('',(-0.,1.));
#7105 = ( GEOMETRIC_REPRESENTATION_CONTEXT(2) 
PARAMETRIC_REPRESENTATION_CONTEXT() REPRESENTATION_CONTEXT('2D SPACE',''
  ) );
#7106 = PCURVE('',#6430,#7107);
#7107 = DEFINITIONAL_REPRESENTATION('',(#7108),#7112);
#7108 = LINE('',#7109,#7110);
#7109 = CARTESIAN_POINT('',(-0.,-0.));
#7110 = VECTOR('',#7111,1.);
#7111 = DIRECTION('',(-1.,0.));
#7112 = ( GEOMETRIC_REPRESENTATION_CONTEXT(2) 
PARAMETRIC_REPRESENTATION_CONTEXT() REPRESENTATION_CONTEXT('2D SPACE',''
  ) );
#7113 = ORIENTED_EDGE('',*,*,#7035,.T.);
#7114 = ORIENTED_EDGE('',*,*,#6198,.T.);
#7115 = FACE_BOUND('',#7116,.T.);
#7116 = EDGE_LOOP('',(#7117));
#7117 = ORIENTED_EDGE('',*,*,#7118,.F.);
#7118 = EDGE_CURVE('',#7119,#7119,#7121,.T.);
#7119 = VERTEX_POINT('',#7120);
#7120 = CARTESIAN_POINT('',(-15.,-36.35,41.2));
#7121 = SURFACE_CURVE('',#7122,(#7127,#7138),.PCURVE_S1.);
#7122 = CIRCLE('',#7123,1.7);
#7123 = AXIS2_PLACEMENT_3D('',#7124,#7125,#7126);
#7124 = CARTESIAN_POINT('',(-15.,-36.35,39.5));
#7125 = DIRECTION('',(0.,1.,0.));
#7126 = DIRECTION('',(-0.,-0.,1.));
#7127 = PCURVE('',#6214,#7128);
#7128 = DEFINITIONAL_REPRESENTATION('',(#7129),#7137);
#7129 = ( BOUNDED_CURVE() B_SPLINE_CURVE(2,(#7130,#7131,#7132,#7133,
#7134,#7135,#7136),.UNSPECIFIED.,.T.,.F.) B_SPLINE_CURVE_WITH_KNOTS((1,2
    ,2,2,2,1),(-2.094395102393,0.,2.094395102393,4.188790204786,
6.28318530718,8.377580409573),.UNSPECIFIED.) CURVE() 
GEOMETRIC_REPRESENTATION_ITEM() RATIONAL_B_SPLINE_CURVE((1.,0.5,1.,0.5,
1.,0.5,1.)) REPRESENTATION_ITEM('') );
#7130 = CARTESIAN_POINT('',(-1.7,0.));
#7131 = CARTESIAN_POINT('',(-1.7,2.944486372867));
#7132 = CARTESIAN_POINT('',(0.85,1.472243186434));
#7133 = CARTESIAN_POINT('',(3.4,4.163799117101E-16));
#7134 = CARTESIAN_POINT('',(0.85,-1.472243186434));
#7135 = CARTESIAN_POINT('',(-1.7,-2.944486372867));
#7136 = CARTESIAN_POINT('',(-1.7,0.));
#7137 = ( GEOMETRIC_REPRESENTATION_CONTEXT(2) 
PARAMETRIC_REPRESENTATION_CONTEXT() REPRESENTATION_CONTEXT('2D SPACE',''
  ) );
#7138 = PCURVE('',#7139,#7144);
#7139 = CYLINDRICAL_SURFACE('',#7140,1.7);
#7140 = AXIS2_PLACEMENT_3D('',#7141,#7142,#7143);
#7141 = CARTESIAN_POINT('',(-15.,-15.65,39.5));
#7142 = DIRECTION('',(-0.,-1.,-0.));
#7143 = DIRECTION('',(-0.,-0.,1.));
#7144 = DEFINITIONAL_REPRESENTATION('',(#7145),#7149);
#7145 = LINE('',#7146,#7147);
#7146 = CARTESIAN_POINT('',(-0.,20.7));
#7147 = VECTOR('',#7148,1.);
#7148 = DIRECTION('',(-1.,0.));
#7149 = ( GEOMETRIC_REPRESENTATION_CONTEXT(2) 
PARAMETRIC_REPRESENTATION_CONTEXT() REPRESENTATION_CONTEXT('2D SPACE',''
  ) );
#7150 = ADVANCED_FACE('',(#7151),#6430,.T.);
#7151 = FACE_BOUND('',#7152,.F.);
#7152 = EDGE_LOOP('',(#7153,#7154,#7155,#7156));
#7153 = ORIENTED_EDGE('',*,*,#7093,.F.);
#7154 = ORIENTED_EDGE('',*,*,#7063,.T.);
#7155 = ORIENTED_EDGE('',*,*,#6979,.T.);
#7156 = ORIENTED_EDGE('',*,*,#6414,.T.);
#7157 = ADVANCED_FACE('',(#7158,#7161),#6659,.T.);
#7158 = FACE_BOUND('',#7159,.F.);
#7159 = EDGE_LOOP('',(#7160));
#7160 = ORIENTED_EDGE('',*,*,#6644,.T.);
#7161 = FACE_BOUND('',#7162,.F.);
#7162 = EDGE_LOOP('',(#7163));
#7163 = ORIENTED_EDGE('',*,*,#7164,.F.);
#7164 = EDGE_CURVE('',#7165,#7165,#7167,.T.);
#7165 = VERTEX_POINT('',#7166);
#7166 = CARTESIAN_POINT('',(-15.,-38.35,41.2));
#7167 = SURFACE_CURVE('',#7168,(#7173,#7184),.PCURVE_S1.);
#7168 = CIRCLE('',#7169,1.7);
#7169 = AXIS2_PLACEMENT_3D('',#7170,#7171,#7172);
#7170 = CARTESIAN_POINT('',(-15.,-38.35,39.5));
#7171 = DIRECTION('',(0.,1.,0.));
#7172 = DIRECTION('',(-0.,-0.,1.));
#7173 = PCURVE('',#6659,#7174);
#7174 = DEFINITIONAL_REPRESENTATION('',(#7175),#7183);
#7175 = ( BOUNDED_CURVE() B_SPLINE_CURVE(2,(#7176,#7177,#7178,#7179,
#7180,#7181,#7182),.UNSPECIFIED.,.T.,.F.) B_SPLINE_CURVE_WITH_KNOTS((1,2
    ,2,2,2,1),(-2.094395102393,0.,2.094395102393,4.188790204786,
6.28318530718,8.377580409573),.UNSPECIFIED.) CURVE() 
GEOMETRIC_REPRESENTATION_ITEM() RATIONAL_B_SPLINE_CURVE((1.,0.5,1.,0.5,
1.,0.5,1.)) REPRESENTATION_ITEM('') );
#7176 = CARTESIAN_POINT('',(-1.7,0.));
#7177 = CARTESIAN_POINT('',(-1.7,2.944486372867));
#7178 = CARTESIAN_POINT('',(0.85,1.472243186434));
#7179 = CARTESIAN_POINT('',(3.4,4.163799117101E-16));
#7180 = CARTESIAN_POINT('',(0.85,-1.472243186434));
#7181 = CARTESIAN_POINT('',(-1.7,-2.944486372867));
#7182 = CARTESIAN_POINT('',(-1.7,0.));
#7183 = ( GEOMETRIC_REPRESENTATION_CONTEXT(2) 
PARAMETRIC_REPRESENTATION_CONTEXT() REPRESENTATION_CONTEXT('2D SPACE',''
  ) );
#7184 = PCURVE('',#7139,#7185);
#7185 = DEFINITIONAL_REPRESENTATION('',(#7186),#7190);
#7186 = LINE('',#7187,#7188);
#7187 = CARTESIAN_POINT('',(-0.,22.7));
#7188 = VECTOR('',#7189,1.);
#7189 = DIRECTION('',(-1.,0.));
#7190 = ( GEOMETRIC_REPRESENTATION_CONTEXT(2) 
PARAMETRIC_REPRESENTATION_CONTEXT() REPRESENTATION_CONTEXT('2D SPACE',''
  ) );
#7191 = ADVANCED_FACE('',(#7192,#7195),#6719,.F.);
#7192 = FACE_BOUND('',#7193,.T.);
#7193 = EDGE_LOOP('',(#7194));
#7194 = ORIENTED_EDGE('',*,*,#6942,.T.);
#7195 = FACE_BOUND('',#7196,.T.);
#7196 = EDGE_LOOP('',(#7197));
#7197 = ORIENTED_EDGE('',*,*,#6704,.F.);
#7198 = ADVANCED_FACE('',(#7199),#7139,.F.);
#7199 = FACE_BOUND('',#7200,.T.);
#7200 = EDGE_LOOP('',(#7201,#7202,#7223,#7224));
#7201 = ORIENTED_EDGE('',*,*,#7118,.T.);
#7202 = ORIENTED_EDGE('',*,*,#7203,.T.);
#7203 = EDGE_CURVE('',#7119,#7165,#7204,.T.);
#7204 = SEAM_CURVE('',#7205,(#7209,#7216),.PCURVE_S1.);
#7205 = LINE('',#7206,#7207);
#7206 = CARTESIAN_POINT('',(-15.,-15.65,41.2));
#7207 = VECTOR('',#7208,1.);
#7208 = DIRECTION('',(-0.,-1.,-0.));
#7209 = PCURVE('',#7139,#7210);
#7210 = DEFINITIONAL_REPRESENTATION('',(#7211),#7215);
#7211 = LINE('',#7212,#7213);
#7212 = CARTESIAN_POINT('',(-0.,-0.));
#7213 = VECTOR('',#7214,1.);
#7214 = DIRECTION('',(-0.,1.));
#7215 = ( GEOMETRIC_REPRESENTATION_CONTEXT(2) 
PARAMETRIC_REPRESENTATION_CONTEXT() REPRESENTATION_CONTEXT('2D SPACE',''
  ) );
#7216 = PCURVE('',#7139,#7217);
#7217 = DEFINITIONAL_REPRESENTATION('',(#7218),#7222);
#7218 = LINE('',#7219,#7220);
#7219 = CARTESIAN_POINT('',(-6.28318530718,-0.));
#7220 = VECTOR('',#7221,1.);
#7221 = DIRECTION('',(-0.,1.));
#7222 = ( GEOMETRIC_REPRESENTATION_CONTEXT(2) 
PARAMETRIC_REPRESENTATION_CONTEXT() REPRESENTATION_CONTEXT('2D SPACE',''
  ) );
#7223 = ORIENTED_EDGE('',*,*,#7164,.F.);
#7224 = ORIENTED_EDGE('',*,*,#7203,.F.);
#7225 = ( GEOMETRIC_REPRESENTATION_CONTEXT(3) 
GLOBAL_UNCERTAINTY_ASSIGNED_CONTEXT((#7229)) 
GLOBAL_UNIT_ASSIGNED_CONTEXT((#7226,#7227,#7228)) REPRESENTATION_CONTEXT
('Context #1','3D Context with UNIT and UNCERTAINTY') );
#7226 = ( LENGTH_UNIT() NAMED_UNIT(*) SI_UNIT(.MILLI.,.METRE.) );
#7227 = ( NAMED_UNIT(*) PLANE_ANGLE_UNIT() SI_UNIT($,.RADIAN.) );
#7228 = ( NAMED_UNIT(*) SI_UNIT($,.STERADIAN.) SOLID_ANGLE_UNIT() );
#7229 = UNCERTAINTY_MEASURE_WITH_UNIT(LENGTH_MEASURE(1.E-07),#7226,
  'distance_accuracy_value','confusion accuracy');
#7230 = CONTEXT_DEPENDENT_SHAPE_REPRESENTATION(#7231,#7233);
#7231 = ( REPRESENTATION_RELATIONSHIP('','',#4795,#2320) 
REPRESENTATION_RELATIONSHIP_WITH_TRANSFORMATION(#7232) 
SHAPE_REPRESENTATION_RELATIONSHIP() );
#7232 = ITEM_DEFINED_TRANSFORMATION('','',#11,#2325);
#7233 = PRODUCT_DEFINITION_SHAPE('Placement','Placement of an item',
  #7234);
#7234 = NEXT_ASSEMBLY_USAGE_OCCURRENCE('17','','',#2315,#4790,$);
#7235 = PRODUCT_RELATED_PRODUCT_CATEGORY('part',$,(#4792));
#7236 = SHAPE_DEFINITION_REPRESENTATION(#7237,#7243);
#7237 = PRODUCT_DEFINITION_SHAPE('','',#7238);
#7238 = PRODUCT_DEFINITION('design','',#7239,#7242);
#7239 = PRODUCT_DEFINITION_FORMATION('','',#7240);
#7240 = PRODUCT('Open CASCADE STEP translator 7.9 9.3',
  'Open CASCADE STEP translator 7.9 9.3','',(#7241));
#7241 = PRODUCT_CONTEXT('',#2,'mechanical');
#7242 = PRODUCT_DEFINITION_CONTEXT('part definition',#2,'design');
#7243 = ADVANCED_BREP_SHAPE_REPRESENTATION('',(#11,#7244),#11177);
#7244 = MANIFOLD_SOLID_BREP('',#7245);
#7245 = CLOSED_SHELL('',(#7246,#7366,#7736,#7790,#7942,#8207,#8254,#8281
    ,#8308,#8335,#8508,#8535,#8781,#8876,#8903,#8930,#8937,#9013,#9089,
    #9223,#9384,#9486,#9620,#9781,#9883,#9914,#9998,#10047,#10096,#10145
    ,#10194,#10222,#10341,#10460,#10509,#10658,#10685,#10719,#10751,
    #10800,#10807,#10814,#10863,#11012,#11039,#11073,#11105,#11154,
    #11161,#11168));
#7246 = ADVANCED_FACE('',(#7247),#7261,.F.);
#7247 = FACE_BOUND('',#7248,.T.);
#7248 = EDGE_LOOP('',(#7249,#7284,#7312,#7340));
#7249 = ORIENTED_EDGE('',*,*,#7250,.F.);
#7250 = EDGE_CURVE('',#7251,#7253,#7255,.T.);
#7251 = VERTEX_POINT('',#7252);
#7252 = CARTESIAN_POINT('',(4.5,-48.5,37.));
#7253 = VERTEX_POINT('',#7254);
#7254 = CARTESIAN_POINT('',(12.2,-48.5,37.));
#7255 = SURFACE_CURVE('',#7256,(#7260,#7272),.PCURVE_S1.);
#7256 = LINE('',#7257,#7258);
#7257 = CARTESIAN_POINT('',(0.,-48.5,37.));
#7258 = VECTOR('',#7259,1.);
#7259 = DIRECTION('',(1.,-0.,-0.));
#7260 = PCURVE('',#7261,#7266);
#7261 = PLANE('',#7262);
#7262 = AXIS2_PLACEMENT_3D('',#7263,#7264,#7265);
#7263 = CARTESIAN_POINT('',(0.,-48.5,37.));
#7264 = DIRECTION('',(-0.,-0.,1.));
#7265 = DIRECTION('',(-1.,0.,0.));
#7266 = DEFINITIONAL_REPRESENTATION('',(#7267),#7271);
#7267 = LINE('',#7268,#7269);
#7268 = CARTESIAN_POINT('',(-0.,-0.));
#7269 = VECTOR('',#7270,1.);
#7270 = DIRECTION('',(-1.,0.));
#7271 = ( GEOMETRIC_REPRESENTATION_CONTEXT(2) 
PARAMETRIC_REPRESENTATION_CONTEXT() REPRESENTATION_CONTEXT('2D SPACE',''
  ) );
#7272 = PCURVE('',#7273,#7278);
#7273 = PLANE('',#7274);
#7274 = AXIS2_PLACEMENT_3D('',#7275,#7276,#7277);
#7275 = CARTESIAN_POINT('',(7.,-48.5,45.8));
#7276 = DIRECTION('',(-0.,1.,-0.));
#7277 = DIRECTION('',(0.,0.,1.));
#7278 = DEFINITIONAL_REPRESENTATION('',(#7279),#7283);
#7279 = LINE('',#7280,#7281);
#7280 = CARTESIAN_POINT('',(-8.8,-7.));
#7281 = VECTOR('',#7282,1.);
#7282 = DIRECTION('',(-0.,1.));
#7283 = ( GEOMETRIC_REPRESENTATION_CONTEXT(2) 
PARAMETRIC_REPRESENTATION_CONTEXT() REPRESENTATION_CONTEXT('2D SPACE',''
  ) );
#7284 = ORIENTED_EDGE('',*,*,#7285,.T.);
#7285 = EDGE_CURVE('',#7251,#7286,#7288,.T.);
#7286 = VERTEX_POINT('',#7287);
#7287 = CARTESIAN_POINT('',(4.5,48.5,37.));
#7288 = SURFACE_CURVE('',#7289,(#7293,#7300),.PCURVE_S1.);
#7289 = LINE('',#7290,#7291);
#7290 = CARTESIAN_POINT('',(4.5,-48.5,37.));
#7291 = VECTOR('',#7292,1.);
#7292 = DIRECTION('',(-0.,1.,-0.));
#7293 = PCURVE('',#7261,#7294);
#7294 = DEFINITIONAL_REPRESENTATION('',(#7295),#7299);
#7295 = LINE('',#7296,#7297);
#7296 = CARTESIAN_POINT('',(-4.5,-0.));
#7297 = VECTOR('',#7298,1.);
#7298 = DIRECTION('',(-0.,-1.));
#7299 = ( GEOMETRIC_REPRESENTATION_CONTEXT(2) 
PARAMETRIC_REPRESENTATION_CONTEXT() REPRESENTATION_CONTEXT('2D SPACE',''
  ) );
#7300 = PCURVE('',#7301,#7306);
#7301 = CYLINDRICAL_SURFACE('',#7302,4.5);
#7302 = AXIS2_PLACEMENT_3D('',#7303,#7304,#7305);
#7303 = CARTESIAN_POINT('',(4.5,-48.5,41.5));
#7304 = DIRECTION('',(-0.,1.,-0.));
#7305 = DIRECTION('',(0.,-0.,-1.));
#7306 = DEFINITIONAL_REPRESENTATION('',(#7307),#7311);
#7307 = LINE('',#7308,#7309);
#7308 = CARTESIAN_POINT('',(0.,0.));
#7309 = VECTOR('',#7310,1.);
#7310 = DIRECTION('',(0.,1.));
#7311 = ( GEOMETRIC_REPRESENTATION_CONTEXT(2) 
PARAMETRIC_REPRESENTATION_CONTEXT() REPRESENTATION_CONTEXT('2D SPACE',''
  ) );
#7312 = ORIENTED_EDGE('',*,*,#7313,.T.);
#7313 = EDGE_CURVE('',#7286,#7314,#7316,.T.);
#7314 = VERTEX_POINT('',#7315);
#7315 = CARTESIAN_POINT('',(12.2,48.5,37.));
#7316 = SURFACE_CURVE('',#7317,(#7321,#7328),.PCURVE_S1.);
#7317 = LINE('',#7318,#7319);
#7318 = CARTESIAN_POINT('',(0.,48.5,37.));
#7319 = VECTOR('',#7320,1.);
#7320 = DIRECTION('',(1.,-0.,-0.));
#7321 = PCURVE('',#7261,#7322);
#7322 = DEFINITIONAL_REPRESENTATION('',(#7323),#7327);
#7323 = LINE('',#7324,#7325);
#7324 = CARTESIAN_POINT('',(-0.,-97.));
#7325 = VECTOR('',#7326,1.);
#7326 = DIRECTION('',(-1.,0.));
#7327 = ( GEOMETRIC_REPRESENTATION_CONTEXT(2) 
PARAMETRIC_REPRESENTATION_CONTEXT() REPRESENTATION_CONTEXT('2D SPACE',''
  ) );
#7328 = PCURVE('',#7329,#7334);
#7329 = PLANE('',#7330);
#7330 = AXIS2_PLACEMENT_3D('',#7331,#7332,#7333);
#7331 = CARTESIAN_POINT('',(7.,48.5,45.8));
#7332 = DIRECTION('',(-0.,1.,-0.));
#7333 = DIRECTION('',(0.,0.,1.));
#7334 = DEFINITIONAL_REPRESENTATION('',(#7335),#7339);
#7335 = LINE('',#7336,#7337);
#7336 = CARTESIAN_POINT('',(-8.8,-7.));
#7337 = VECTOR('',#7338,1.);
#7338 = DIRECTION('',(-0.,1.));
#7339 = ( GEOMETRIC_REPRESENTATION_CONTEXT(2) 
PARAMETRIC_REPRESENTATION_CONTEXT() REPRESENTATION_CONTEXT('2D SPACE',''
  ) );
#7340 = ORIENTED_EDGE('',*,*,#7341,.F.);
#7341 = EDGE_CURVE('',#7253,#7314,#7342,.T.);
#7342 = SURFACE_CURVE('',#7343,(#7347,#7354),.PCURVE_S1.);
#7343 = LINE('',#7344,#7345);
#7344 = CARTESIAN_POINT('',(12.2,-48.5,37.));
#7345 = VECTOR('',#7346,1.);
#7346 = DIRECTION('',(-0.,1.,-0.));
#7347 = PCURVE('',#7261,#7348);
#7348 = DEFINITIONAL_REPRESENTATION('',(#7349),#7353);
#7349 = LINE('',#7350,#7351);
#7350 = CARTESIAN_POINT('',(-12.2,-0.));
#7351 = VECTOR('',#7352,1.);
#7352 = DIRECTION('',(-0.,-1.));
#7353 = ( GEOMETRIC_REPRESENTATION_CONTEXT(2) 
PARAMETRIC_REPRESENTATION_CONTEXT() REPRESENTATION_CONTEXT('2D SPACE',''
  ) );
#7354 = PCURVE('',#7355,#7360);
#7355 = CYLINDRICAL_SURFACE('',#7356,1.8);
#7356 = AXIS2_PLACEMENT_3D('',#7357,#7358,#7359);
#7357 = CARTESIAN_POINT('',(12.2,-48.5,38.8));
#7358 = DIRECTION('',(-0.,1.,-0.));
#7359 = DIRECTION('',(0.,-0.,-1.));
#7360 = DEFINITIONAL_REPRESENTATION('',(#7361),#7365);
#7361 = LINE('',#7362,#7363);
#7362 = CARTESIAN_POINT('',(-0.,0.));
#7363 = VECTOR('',#7364,1.);
#7364 = DIRECTION('',(-0.,1.));
#7365 = ( GEOMETRIC_REPRESENTATION_CONTEXT(2) 
PARAMETRIC_REPRESENTATION_CONTEXT() REPRESENTATION_CONTEXT('2D SPACE',''
  ) );
#7366 = ADVANCED_FACE('',(#7367),#7273,.F.);
#7367 = FACE_BOUND('',#7368,.T.);
#7368 = EDGE_LOOP('',(#7369,#7399,#7428,#7456,#7478,#7479,#7507,#7535,
    #7568,#7596,#7624,#7652,#7681,#7709));
#7369 = ORIENTED_EDGE('',*,*,#7370,.T.);
#7370 = EDGE_CURVE('',#7371,#7373,#7375,.T.);
#7371 = VERTEX_POINT('',#7372);
#7372 = CARTESIAN_POINT('',(12.2,-48.5,54.6));
#7373 = VERTEX_POINT('',#7374);
#7374 = CARTESIAN_POINT('',(4.5,-48.5,54.6));
#7375 = SURFACE_CURVE('',#7376,(#7380,#7387),.PCURVE_S1.);
#7376 = LINE('',#7377,#7378);
#7377 = CARTESIAN_POINT('',(14.,-48.5,54.6));
#7378 = VECTOR('',#7379,1.);
#7379 = DIRECTION('',(-1.,-0.,-0.));
#7380 = PCURVE('',#7273,#7381);
#7381 = DEFINITIONAL_REPRESENTATION('',(#7382),#7386);
#7382 = LINE('',#7383,#7384);
#7383 = CARTESIAN_POINT('',(8.8,7.));
#7384 = VECTOR('',#7385,1.);
#7385 = DIRECTION('',(-0.,-1.));
#7386 = ( GEOMETRIC_REPRESENTATION_CONTEXT(2) 
PARAMETRIC_REPRESENTATION_CONTEXT() REPRESENTATION_CONTEXT('2D SPACE',''
  ) );
#7387 = PCURVE('',#7388,#7393);
#7388 = PLANE('',#7389);
#7389 = AXIS2_PLACEMENT_3D('',#7390,#7391,#7392);
#7390 = CARTESIAN_POINT('',(14.,-48.5,54.6));
#7391 = DIRECTION('',(-0.,0.,-1.));
#7392 = DIRECTION('',(1.,0.,0.));
#7393 = DEFINITIONAL_REPRESENTATION('',(#7394),#7398);
#7394 = LINE('',#7395,#7396);
#7395 = CARTESIAN_POINT('',(-0.,-0.));
#7396 = VECTOR('',#7397,1.);
#7397 = DIRECTION('',(-1.,0.));
#7398 = ( GEOMETRIC_REPRESENTATION_CONTEXT(2) 
PARAMETRIC_REPRESENTATION_CONTEXT() REPRESENTATION_CONTEXT('2D SPACE',''
  ) );
#7399 = ORIENTED_EDGE('',*,*,#7400,.F.);
#7400 = EDGE_CURVE('',#7401,#7373,#7403,.T.);
#7401 = VERTEX_POINT('',#7402);
#7402 = CARTESIAN_POINT('',(-8.881784197001E-16,-48.5,50.1));
#7403 = SURFACE_CURVE('',#7404,(#7409,#7416),.PCURVE_S1.);
#7404 = CIRCLE('',#7405,4.5);
#7405 = AXIS2_PLACEMENT_3D('',#7406,#7407,#7408);
#7406 = CARTESIAN_POINT('',(4.5,-48.5,50.1));
#7407 = DIRECTION('',(0.,1.,-0.));
#7408 = DIRECTION('',(-0.,-0.,-1.));
#7409 = PCURVE('',#7273,#7410);
#7410 = DEFINITIONAL_REPRESENTATION('',(#7411),#7415);
#7411 = CIRCLE('',#7412,4.5);
#7412 = AXIS2_PLACEMENT_2D('',#7413,#7414);
#7413 = CARTESIAN_POINT('',(4.3,-2.5));
#7414 = DIRECTION('',(-1.,0.));
#7415 = ( GEOMETRIC_REPRESENTATION_CONTEXT(2) 
PARAMETRIC_REPRESENTATION_CONTEXT() REPRESENTATION_CONTEXT('2D SPACE',''
  ) );
#7416 = PCURVE('',#7417,#7422);
#7417 = CYLINDRICAL_SURFACE('',#7418,4.5);
#7418 = AXIS2_PLACEMENT_3D('',#7419,#7420,#7421);
#7419 = CARTESIAN_POINT('',(4.5,-48.5,50.1));
#7420 = DIRECTION('',(-0.,1.,-0.));
#7421 = DIRECTION('',(-1.,-0.,0.));
#7422 = DEFINITIONAL_REPRESENTATION('',(#7423),#7427);
#7423 = LINE('',#7424,#7425);
#7424 = CARTESIAN_POINT('',(-1.570796326795,0.));
#7425 = VECTOR('',#7426,1.);
#7426 = DIRECTION('',(1.,0.));
#7427 = ( GEOMETRIC_REPRESENTATION_CONTEXT(2) 
PARAMETRIC_REPRESENTATION_CONTEXT() REPRESENTATION_CONTEXT('2D SPACE',''
  ) );
#7428 = ORIENTED_EDGE('',*,*,#7429,.T.);
#7429 = EDGE_CURVE('',#7401,#7430,#7432,.T.);
#7430 = VERTEX_POINT('',#7431);
#7431 = CARTESIAN_POINT('',(-8.881784197001E-16,-48.5,41.5));
#7432 = SURFACE_CURVE('',#7433,(#7437,#7444),.PCURVE_S1.);
#7433 = LINE('',#7434,#7435);
#7434 = CARTESIAN_POINT('',(0.,-48.5,54.6));
#7435 = VECTOR('',#7436,1.);
#7436 = DIRECTION('',(-0.,-0.,-1.));
#7437 = PCURVE('',#7273,#7438);
#7438 = DEFINITIONAL_REPRESENTATION('',(#7439),#7443);
#7439 = LINE('',#7440,#7441);
#7440 = CARTESIAN_POINT('',(8.8,-7.));
#7441 = VECTOR('',#7442,1.);
#7442 = DIRECTION('',(-1.,0.));
#7443 = ( GEOMETRIC_REPRESENTATION_CONTEXT(2) 
PARAMETRIC_REPRESENTATION_CONTEXT() REPRESENTATION_CONTEXT('2D SPACE',''
  ) );
#7444 = PCURVE('',#7445,#7450);
#7445 = PLANE('',#7446);
#7446 = AXIS2_PLACEMENT_3D('',#7447,#7448,#7449);
#7447 = CARTESIAN_POINT('',(0.,-48.5,54.6));
#7448 = DIRECTION('',(1.,-0.,-0.));
#7449 = DIRECTION('',(0.,0.,1.));
#7450 = DEFINITIONAL_REPRESENTATION('',(#7451),#7455);
#7451 = LINE('',#7452,#7453);
#7452 = CARTESIAN_POINT('',(-0.,-0.));
#7453 = VECTOR('',#7454,1.);
#7454 = DIRECTION('',(-1.,0.));
#7455 = ( GEOMETRIC_REPRESENTATION_CONTEXT(2) 
PARAMETRIC_REPRESENTATION_CONTEXT() REPRESENTATION_CONTEXT('2D SPACE',''
  ) );
#7456 = ORIENTED_EDGE('',*,*,#7457,.F.);
#7457 = EDGE_CURVE('',#7251,#7430,#7458,.T.);
#7458 = SURFACE_CURVE('',#7459,(#7464,#7471),.PCURVE_S1.);
#7459 = CIRCLE('',#7460,4.5);
#7460 = AXIS2_PLACEMENT_3D('',#7461,#7462,#7463);
#7461 = CARTESIAN_POINT('',(4.5,-48.5,41.5));
#7462 = DIRECTION('',(0.,1.,-0.));
#7463 = DIRECTION('',(-0.,-0.,-1.));
#7464 = PCURVE('',#7273,#7465);
#7465 = DEFINITIONAL_REPRESENTATION('',(#7466),#7470);
#7466 = CIRCLE('',#7467,4.5);
#7467 = AXIS2_PLACEMENT_2D('',#7468,#7469);
#7468 = CARTESIAN_POINT('',(-4.3,-2.5));
#7469 = DIRECTION('',(-1.,0.));
#7470 = ( GEOMETRIC_REPRESENTATION_CONTEXT(2) 
PARAMETRIC_REPRESENTATION_CONTEXT() REPRESENTATION_CONTEXT('2D SPACE',''
  ) );
#7471 = PCURVE('',#7301,#7472);
#7472 = DEFINITIONAL_REPRESENTATION('',(#7473),#7477);
#7473 = LINE('',#7474,#7475);
#7474 = CARTESIAN_POINT('',(0.,0.));
#7475 = VECTOR('',#7476,1.);
#7476 = DIRECTION('',(1.,0.));
#7477 = ( GEOMETRIC_REPRESENTATION_CONTEXT(2) 
PARAMETRIC_REPRESENTATION_CONTEXT() REPRESENTATION_CONTEXT('2D SPACE',''
  ) );
#7478 = ORIENTED_EDGE('',*,*,#7250,.T.);
#7479 = ORIENTED_EDGE('',*,*,#7480,.T.);
#7480 = EDGE_CURVE('',#7253,#7481,#7483,.T.);
#7481 = VERTEX_POINT('',#7482);
#7482 = CARTESIAN_POINT('',(14.,-48.5,38.8));
#7483 = SURFACE_CURVE('',#7484,(#7489,#7500),.PCURVE_S1.);
#7484 = CIRCLE('',#7485,1.8);
#7485 = AXIS2_PLACEMENT_3D('',#7486,#7487,#7488);
#7486 = CARTESIAN_POINT('',(12.2,-48.5,38.8));
#7487 = DIRECTION('',(0.,-1.,0.));
#7488 = DIRECTION('',(0.,-0.,-1.));
#7489 = PCURVE('',#7273,#7490);
#7490 = DEFINITIONAL_REPRESENTATION('',(#7491),#7499);
#7491 = ( BOUNDED_CURVE() B_SPLINE_CURVE(2,(#7492,#7493,#7494,#7495,
#7496,#7497,#7498),.UNSPECIFIED.,.T.,.F.) B_SPLINE_CURVE_WITH_KNOTS((1,2
    ,2,2,2,1),(-2.094395102393,0.,2.094395102393,4.188790204786,
6.28318530718,8.377580409573),.UNSPECIFIED.) CURVE() 
GEOMETRIC_REPRESENTATION_ITEM() RATIONAL_B_SPLINE_CURVE((1.,0.5,1.,0.5,
1.,0.5,1.)) REPRESENTATION_ITEM('') );
#7492 = CARTESIAN_POINT('',(-8.8,5.2));
#7493 = CARTESIAN_POINT('',(-8.8,8.317691453624));
#7494 = CARTESIAN_POINT('',(-6.1,6.758845726812));
#7495 = CARTESIAN_POINT('',(-3.4,5.2));
#7496 = CARTESIAN_POINT('',(-6.1,3.641154273188));
#7497 = CARTESIAN_POINT('',(-8.8,2.082308546376));
#7498 = CARTESIAN_POINT('',(-8.8,5.2));
#7499 = ( GEOMETRIC_REPRESENTATION_CONTEXT(2) 
PARAMETRIC_REPRESENTATION_CONTEXT() REPRESENTATION_CONTEXT('2D SPACE',''
  ) );
#7500 = PCURVE('',#7355,#7501);
#7501 = DEFINITIONAL_REPRESENTATION('',(#7502),#7506);
#7502 = LINE('',#7503,#7504);
#7503 = CARTESIAN_POINT('',(-0.,0.));
#7504 = VECTOR('',#7505,1.);
#7505 = DIRECTION('',(-1.,0.));
#7506 = ( GEOMETRIC_REPRESENTATION_CONTEXT(2) 
PARAMETRIC_REPRESENTATION_CONTEXT() REPRESENTATION_CONTEXT('2D SPACE',''
  ) );
#7507 = ORIENTED_EDGE('',*,*,#7508,.T.);
#7508 = EDGE_CURVE('',#7481,#7509,#7511,.T.);
#7509 = VERTEX_POINT('',#7510);
#7510 = CARTESIAN_POINT('',(14.,-48.5,40.2));
#7511 = SURFACE_CURVE('',#7512,(#7516,#7523),.PCURVE_S1.);
#7512 = LINE('',#7513,#7514);
#7513 = CARTESIAN_POINT('',(14.,-48.5,37.));
#7514 = VECTOR('',#7515,1.);
#7515 = DIRECTION('',(-0.,-0.,1.));
#7516 = PCURVE('',#7273,#7517);
#7517 = DEFINITIONAL_REPRESENTATION('',(#7518),#7522);
#7518 = LINE('',#7519,#7520);
#7519 = CARTESIAN_POINT('',(-8.8,7.));
#7520 = VECTOR('',#7521,1.);
#7521 = DIRECTION('',(1.,-0.));
#7522 = ( GEOMETRIC_REPRESENTATION_CONTEXT(2) 
PARAMETRIC_REPRESENTATION_CONTEXT() REPRESENTATION_CONTEXT('2D SPACE',''
  ) );
#7523 = PCURVE('',#7524,#7529);
#7524 = PLANE('',#7525);
#7525 = AXIS2_PLACEMENT_3D('',#7526,#7527,#7528);
#7526 = CARTESIAN_POINT('',(14.,-48.5,37.));
#7527 = DIRECTION('',(-1.,-0.,-0.));
#7528 = DIRECTION('',(0.,0.,-1.));
#7529 = DEFINITIONAL_REPRESENTATION('',(#7530),#7534);
#7530 = LINE('',#7531,#7532);
#7531 = CARTESIAN_POINT('',(-0.,-0.));
#7532 = VECTOR('',#7533,1.);
#7533 = DIRECTION('',(-1.,-0.));
#7534 = ( GEOMETRIC_REPRESENTATION_CONTEXT(2) 
PARAMETRIC_REPRESENTATION_CONTEXT() REPRESENTATION_CONTEXT('2D SPACE',''
  ) );
#7535 = ORIENTED_EDGE('',*,*,#7536,.T.);
#7536 = EDGE_CURVE('',#7509,#7537,#7539,.T.);
#7537 = VERTEX_POINT('',#7538);
#7538 = CARTESIAN_POINT('',(12.2,-48.5,42.));
#7539 = SURFACE_CURVE('',#7540,(#7545,#7556),.PCURVE_S1.);
#7540 = CIRCLE('',#7541,1.8);
#7541 = AXIS2_PLACEMENT_3D('',#7542,#7543,#7544);
#7542 = CARTESIAN_POINT('',(12.2,-48.5,40.2));
#7543 = DIRECTION('',(0.,-1.,0.));
#7544 = DIRECTION('',(-0.,-0.,1.));
#7545 = PCURVE('',#7273,#7546);
#7546 = DEFINITIONAL_REPRESENTATION('',(#7547),#7555);
#7547 = ( BOUNDED_CURVE() B_SPLINE_CURVE(2,(#7548,#7549,#7550,#7551,
#7552,#7553,#7554),.UNSPECIFIED.,.T.,.F.) B_SPLINE_CURVE_WITH_KNOTS((1,2
    ,2,2,2,1),(-2.094395102393,0.,2.094395102393,4.188790204786,
6.28318530718,8.377580409573),.UNSPECIFIED.) CURVE() 
GEOMETRIC_REPRESENTATION_ITEM() RATIONAL_B_SPLINE_CURVE((1.,0.5,1.,0.5,
1.,0.5,1.)) REPRESENTATION_ITEM('') );
#7548 = CARTESIAN_POINT('',(-3.8,5.2));
#7549 = CARTESIAN_POINT('',(-3.8,2.082308546376));
#7550 = CARTESIAN_POINT('',(-6.5,3.641154273188));
#7551 = CARTESIAN_POINT('',(-9.2,5.2));
#7552 = CARTESIAN_POINT('',(-6.5,6.758845726812));
#7553 = CARTESIAN_POINT('',(-3.8,8.317691453624));
#7554 = CARTESIAN_POINT('',(-3.8,5.2));
#7555 = ( GEOMETRIC_REPRESENTATION_CONTEXT(2) 
PARAMETRIC_REPRESENTATION_CONTEXT() REPRESENTATION_CONTEXT('2D SPACE',''
  ) );
#7556 = PCURVE('',#7557,#7562);
#7557 = CYLINDRICAL_SURFACE('',#7558,1.8);
#7558 = AXIS2_PLACEMENT_3D('',#7559,#7560,#7561);
#7559 = CARTESIAN_POINT('',(12.2,48.5,40.2));
#7560 = DIRECTION('',(-0.,-1.,-0.));
#7561 = DIRECTION('',(1.,-0.,-0.));
#7562 = DEFINITIONAL_REPRESENTATION('',(#7563),#7567);
#7563 = LINE('',#7564,#7565);
#7564 = CARTESIAN_POINT('',(-4.712388980385,97.));
#7565 = VECTOR('',#7566,1.);
#7566 = DIRECTION('',(1.,0.));
#7567 = ( GEOMETRIC_REPRESENTATION_CONTEXT(2) 
PARAMETRIC_REPRESENTATION_CONTEXT() REPRESENTATION_CONTEXT('2D SPACE',''
  ) );
#7568 = ORIENTED_EDGE('',*,*,#7569,.F.);
#7569 = EDGE_CURVE('',#7570,#7537,#7572,.T.);
#7570 = VERTEX_POINT('',#7571);
#7571 = CARTESIAN_POINT('',(5.,-48.5,42.));
#7572 = SURFACE_CURVE('',#7573,(#7577,#7584),.PCURVE_S1.);
#7573 = LINE('',#7574,#7575);
#7574 = CARTESIAN_POINT('',(5.,-48.5,42.));
#7575 = VECTOR('',#7576,1.);
#7576 = DIRECTION('',(1.,-0.,-0.));
#7577 = PCURVE('',#7273,#7578);
#7578 = DEFINITIONAL_REPRESENTATION('',(#7579),#7583);
#7579 = LINE('',#7580,#7581);
#7580 = CARTESIAN_POINT('',(-3.8,-2.));
#7581 = VECTOR('',#7582,1.);
#7582 = DIRECTION('',(-0.,1.));
#7583 = ( GEOMETRIC_REPRESENTATION_CONTEXT(2) 
PARAMETRIC_REPRESENTATION_CONTEXT() REPRESENTATION_CONTEXT('2D SPACE',''
  ) );
#7584 = PCURVE('',#7585,#7590);
#7585 = PLANE('',#7586);
#7586 = AXIS2_PLACEMENT_3D('',#7587,#7588,#7589);
#7587 = CARTESIAN_POINT('',(5.,-48.5,42.));
#7588 = DIRECTION('',(-0.,-0.,1.));
#7589 = DIRECTION('',(-1.,0.,0.));
#7590 = DEFINITIONAL_REPRESENTATION('',(#7591),#7595);
#7591 = LINE('',#7592,#7593);
#7592 = CARTESIAN_POINT('',(-0.,-0.));
#7593 = VECTOR('',#7594,1.);
#7594 = DIRECTION('',(-1.,0.));
#7595 = ( GEOMETRIC_REPRESENTATION_CONTEXT(2) 
PARAMETRIC_REPRESENTATION_CONTEXT() REPRESENTATION_CONTEXT('2D SPACE',''
  ) );
#7596 = ORIENTED_EDGE('',*,*,#7597,.F.);
#7597 = EDGE_CURVE('',#7598,#7570,#7600,.T.);
#7598 = VERTEX_POINT('',#7599);
#7599 = CARTESIAN_POINT('',(5.,-48.5,49.6));
#7600 = SURFACE_CURVE('',#7601,(#7605,#7612),.PCURVE_S1.);
#7601 = LINE('',#7602,#7603);
#7602 = CARTESIAN_POINT('',(5.,-48.5,49.6));
#7603 = VECTOR('',#7604,1.);
#7604 = DIRECTION('',(-0.,-0.,-1.));
#7605 = PCURVE('',#7273,#7606);
#7606 = DEFINITIONAL_REPRESENTATION('',(#7607),#7611);
#7607 = LINE('',#7608,#7609);
#7608 = CARTESIAN_POINT('',(3.8,-2.));
#7609 = VECTOR('',#7610,1.);
#7610 = DIRECTION('',(-1.,0.));
#7611 = ( GEOMETRIC_REPRESENTATION_CONTEXT(2) 
PARAMETRIC_REPRESENTATION_CONTEXT() REPRESENTATION_CONTEXT('2D SPACE',''
  ) );
#7612 = PCURVE('',#7613,#7618);
#7613 = PLANE('',#7614);
#7614 = AXIS2_PLACEMENT_3D('',#7615,#7616,#7617);
#7615 = CARTESIAN_POINT('',(5.,-48.5,49.6));
#7616 = DIRECTION('',(1.,-0.,-0.));
#7617 = DIRECTION('',(0.,0.,1.));
#7618 = DEFINITIONAL_REPRESENTATION('',(#7619),#7623);
#7619 = LINE('',#7620,#7621);
#7620 = CARTESIAN_POINT('',(-0.,-0.));
#7621 = VECTOR('',#7622,1.);
#7622 = DIRECTION('',(-1.,0.));
#7623 = ( GEOMETRIC_REPRESENTATION_CONTEXT(2) 
PARAMETRIC_REPRESENTATION_CONTEXT() REPRESENTATION_CONTEXT('2D SPACE',''
  ) );
#7624 = ORIENTED_EDGE('',*,*,#7625,.F.);
#7625 = EDGE_CURVE('',#7626,#7598,#7628,.T.);
#7626 = VERTEX_POINT('',#7627);
#7627 = CARTESIAN_POINT('',(12.2,-48.5,49.6));
#7628 = SURFACE_CURVE('',#7629,(#7633,#7640),.PCURVE_S1.);
#7629 = LINE('',#7630,#7631);
#7630 = CARTESIAN_POINT('',(19.,-48.5,49.6));
#7631 = VECTOR('',#7632,1.);
#7632 = DIRECTION('',(-1.,-0.,-0.));
#7633 = PCURVE('',#7273,#7634);
#7634 = DEFINITIONAL_REPRESENTATION('',(#7635),#7639);
#7635 = LINE('',#7636,#7637);
#7636 = CARTESIAN_POINT('',(3.8,12.));
#7637 = VECTOR('',#7638,1.);
#7638 = DIRECTION('',(-0.,-1.));
#7639 = ( GEOMETRIC_REPRESENTATION_CONTEXT(2) 
PARAMETRIC_REPRESENTATION_CONTEXT() REPRESENTATION_CONTEXT('2D SPACE',''
  ) );
#7640 = PCURVE('',#7641,#7646);
#7641 = PLANE('',#7642);
#7642 = AXIS2_PLACEMENT_3D('',#7643,#7644,#7645);
#7643 = CARTESIAN_POINT('',(19.,-48.5,49.6));
#7644 = DIRECTION('',(-0.,0.,-1.));
#7645 = DIRECTION('',(1.,0.,0.));
#7646 = DEFINITIONAL_REPRESENTATION('',(#7647),#7651);
#7647 = LINE('',#7648,#7649);
#7648 = CARTESIAN_POINT('',(-0.,-0.));
#7649 = VECTOR('',#7650,1.);
#7650 = DIRECTION('',(-1.,0.));
#7651 = ( GEOMETRIC_REPRESENTATION_CONTEXT(2) 
PARAMETRIC_REPRESENTATION_CONTEXT() REPRESENTATION_CONTEXT('2D SPACE',''
  ) );
#7652 = ORIENTED_EDGE('',*,*,#7653,.F.);
#7653 = EDGE_CURVE('',#7654,#7626,#7656,.T.);
#7654 = VERTEX_POINT('',#7655);
#7655 = CARTESIAN_POINT('',(14.,-48.5,51.4));
#7656 = SURFACE_CURVE('',#7657,(#7662,#7669),.PCURVE_S1.);
#7657 = CIRCLE('',#7658,1.8);
#7658 = AXIS2_PLACEMENT_3D('',#7659,#7660,#7661);
#7659 = CARTESIAN_POINT('',(12.2,-48.5,51.4));
#7660 = DIRECTION('',(0.,1.,-0.));
#7661 = DIRECTION('',(-0.,-0.,-1.));
#7662 = PCURVE('',#7273,#7663);
#7663 = DEFINITIONAL_REPRESENTATION('',(#7664),#7668);
#7664 = CIRCLE('',#7665,1.8);
#7665 = AXIS2_PLACEMENT_2D('',#7666,#7667);
#7666 = CARTESIAN_POINT('',(5.6,5.2));
#7667 = DIRECTION('',(-1.,0.));
#7668 = ( GEOMETRIC_REPRESENTATION_CONTEXT(2) 
PARAMETRIC_REPRESENTATION_CONTEXT() REPRESENTATION_CONTEXT('2D SPACE',''
  ) );
#7669 = PCURVE('',#7670,#7675);
#7670 = CYLINDRICAL_SURFACE('',#7671,1.8);
#7671 = AXIS2_PLACEMENT_3D('',#7672,#7673,#7674);
#7672 = CARTESIAN_POINT('',(12.2,-48.5,51.4));
#7673 = DIRECTION('',(-0.,1.,-0.));
#7674 = DIRECTION('',(1.,-0.,-0.));
#7675 = DEFINITIONAL_REPRESENTATION('',(#7676),#7680);
#7676 = LINE('',#7677,#7678);
#7677 = CARTESIAN_POINT('',(-4.712388980385,0.));
#7678 = VECTOR('',#7679,1.);
#7679 = DIRECTION('',(1.,0.));
#7680 = ( GEOMETRIC_REPRESENTATION_CONTEXT(2) 
PARAMETRIC_REPRESENTATION_CONTEXT() REPRESENTATION_CONTEXT('2D SPACE',''
  ) );
#7681 = ORIENTED_EDGE('',*,*,#7682,.T.);
#7682 = EDGE_CURVE('',#7654,#7683,#7685,.T.);
#7683 = VERTEX_POINT('',#7684);
#7684 = CARTESIAN_POINT('',(14.,-48.5,52.8));
#7685 = SURFACE_CURVE('',#7686,(#7690,#7697),.PCURVE_S1.);
#7686 = LINE('',#7687,#7688);
#7687 = CARTESIAN_POINT('',(14.,-48.5,37.));
#7688 = VECTOR('',#7689,1.);
#7689 = DIRECTION('',(-0.,-0.,1.));
#7690 = PCURVE('',#7273,#7691);
#7691 = DEFINITIONAL_REPRESENTATION('',(#7692),#7696);
#7692 = LINE('',#7693,#7694);
#7693 = CARTESIAN_POINT('',(-8.8,7.));
#7694 = VECTOR('',#7695,1.);
#7695 = DIRECTION('',(1.,-0.));
#7696 = ( GEOMETRIC_REPRESENTATION_CONTEXT(2) 
PARAMETRIC_REPRESENTATION_CONTEXT() REPRESENTATION_CONTEXT('2D SPACE',''
  ) );
#7697 = PCURVE('',#7698,#7703);
#7698 = PLANE('',#7699);
#7699 = AXIS2_PLACEMENT_3D('',#7700,#7701,#7702);
#7700 = CARTESIAN_POINT('',(14.,-48.5,37.));
#7701 = DIRECTION('',(-1.,-0.,-0.));
#7702 = DIRECTION('',(0.,0.,-1.));
#7703 = DEFINITIONAL_REPRESENTATION('',(#7704),#7708);
#7704 = LINE('',#7705,#7706);
#7705 = CARTESIAN_POINT('',(-0.,-0.));
#7706 = VECTOR('',#7707,1.);
#7707 = DIRECTION('',(-1.,-0.));
#7708 = ( GEOMETRIC_REPRESENTATION_CONTEXT(2) 
PARAMETRIC_REPRESENTATION_CONTEXT() REPRESENTATION_CONTEXT('2D SPACE',''
  ) );
#7709 = ORIENTED_EDGE('',*,*,#7710,.F.);
#7710 = EDGE_CURVE('',#7371,#7683,#7711,.T.);
#7711 = SURFACE_CURVE('',#7712,(#7717,#7724),.PCURVE_S1.);
#7712 = CIRCLE('',#7713,1.8);
#7713 = AXIS2_PLACEMENT_3D('',#7714,#7715,#7716);
#7714 = CARTESIAN_POINT('',(12.2,-48.5,52.8));
#7715 = DIRECTION('',(0.,1.,-0.));
#7716 = DIRECTION('',(-0.,-0.,-1.));
#7717 = PCURVE('',#7273,#7718);
#7718 = DEFINITIONAL_REPRESENTATION('',(#7719),#7723);
#7719 = CIRCLE('',#7720,1.8);
#7720 = AXIS2_PLACEMENT_2D('',#7721,#7722);
#7721 = CARTESIAN_POINT('',(7.,5.2));
#7722 = DIRECTION('',(-1.,0.));
#7723 = ( GEOMETRIC_REPRESENTATION_CONTEXT(2) 
PARAMETRIC_REPRESENTATION_CONTEXT() REPRESENTATION_CONTEXT('2D SPACE',''
  ) );
#7724 = PCURVE('',#7725,#7730);
#7725 = CYLINDRICAL_SURFACE('',#7726,1.8);
#7726 = AXIS2_PLACEMENT_3D('',#7727,#7728,#7729);
#7727 = CARTESIAN_POINT('',(12.2,-48.5,52.8));
#7728 = DIRECTION('',(-0.,1.,-0.));
#7729 = DIRECTION('',(-0.,-0.,1.));
#7730 = DEFINITIONAL_REPRESENTATION('',(#7731),#7735);
#7731 = LINE('',#7732,#7733);
#7732 = CARTESIAN_POINT('',(-3.14159265359,0.));
#7733 = VECTOR('',#7734,1.);
#7734 = DIRECTION('',(1.,0.));
#7735 = ( GEOMETRIC_REPRESENTATION_CONTEXT(2) 
PARAMETRIC_REPRESENTATION_CONTEXT() REPRESENTATION_CONTEXT('2D SPACE',''
  ) );
#7736 = ADVANCED_FACE('',(#7737),#7355,.T.);
#7737 = FACE_BOUND('',#7738,.F.);
#7738 = EDGE_LOOP('',(#7739,#7740,#7763,#7789));
#7739 = ORIENTED_EDGE('',*,*,#7480,.T.);
#7740 = ORIENTED_EDGE('',*,*,#7741,.T.);
#7741 = EDGE_CURVE('',#7481,#7742,#7744,.T.);
#7742 = VERTEX_POINT('',#7743);
#7743 = CARTESIAN_POINT('',(14.,48.5,38.8));
#7744 = SURFACE_CURVE('',#7745,(#7749,#7756),.PCURVE_S1.);
#7745 = LINE('',#7746,#7747);
#7746 = CARTESIAN_POINT('',(14.,-48.5,38.8));
#7747 = VECTOR('',#7748,1.);
#7748 = DIRECTION('',(-0.,1.,-0.));
#7749 = PCURVE('',#7355,#7750);
#7750 = DEFINITIONAL_REPRESENTATION('',(#7751),#7755);
#7751 = LINE('',#7752,#7753);
#7752 = CARTESIAN_POINT('',(-1.570796326795,0.));
#7753 = VECTOR('',#7754,1.);
#7754 = DIRECTION('',(-0.,1.));
#7755 = ( GEOMETRIC_REPRESENTATION_CONTEXT(2) 
PARAMETRIC_REPRESENTATION_CONTEXT() REPRESENTATION_CONTEXT('2D SPACE',''
  ) );
#7756 = PCURVE('',#7524,#7757);
#7757 = DEFINITIONAL_REPRESENTATION('',(#7758),#7762);
#7758 = LINE('',#7759,#7760);
#7759 = CARTESIAN_POINT('',(-1.8,-0.));
#7760 = VECTOR('',#7761,1.);
#7761 = DIRECTION('',(-0.,-1.));
#7762 = ( GEOMETRIC_REPRESENTATION_CONTEXT(2) 
PARAMETRIC_REPRESENTATION_CONTEXT() REPRESENTATION_CONTEXT('2D SPACE',''
  ) );
#7763 = ORIENTED_EDGE('',*,*,#7764,.F.);
#7764 = EDGE_CURVE('',#7314,#7742,#7765,.T.);
#7765 = SURFACE_CURVE('',#7766,(#7771,#7778),.PCURVE_S1.);
#7766 = CIRCLE('',#7767,1.8);
#7767 = AXIS2_PLACEMENT_3D('',#7768,#7769,#7770);
#7768 = CARTESIAN_POINT('',(12.2,48.5,38.8));
#7769 = DIRECTION('',(0.,-1.,0.));
#7770 = DIRECTION('',(0.,-0.,-1.));
#7771 = PCURVE('',#7355,#7772);
#7772 = DEFINITIONAL_REPRESENTATION('',(#7773),#7777);
#7773 = LINE('',#7774,#7775);
#7774 = CARTESIAN_POINT('',(-0.,97.));
#7775 = VECTOR('',#7776,1.);
#7776 = DIRECTION('',(-1.,0.));
#7777 = ( GEOMETRIC_REPRESENTATION_CONTEXT(2) 
PARAMETRIC_REPRESENTATION_CONTEXT() REPRESENTATION_CONTEXT('2D SPACE',''
  ) );
#7778 = PCURVE('',#7329,#7779);
#7779 = DEFINITIONAL_REPRESENTATION('',(#7780),#7788);
#7780 = ( BOUNDED_CURVE() B_SPLINE_CURVE(2,(#7781,#7782,#7783,#7784,
#7785,#7786,#7787),.UNSPECIFIED.,.T.,.F.) B_SPLINE_CURVE_WITH_KNOTS((1,2
    ,2,2,2,1),(-2.094395102393,0.,2.094395102393,4.188790204786,
6.28318530718,8.377580409573),.UNSPECIFIED.) CURVE() 
GEOMETRIC_REPRESENTATION_ITEM() RATIONAL_B_SPLINE_CURVE((1.,0.5,1.,0.5,
1.,0.5,1.)) REPRESENTATION_ITEM('') );
#7781 = CARTESIAN_POINT('',(-8.8,5.2));
#7782 = CARTESIAN_POINT('',(-8.8,8.317691453624));
#7783 = CARTESIAN_POINT('',(-6.1,6.758845726812));
#7784 = CARTESIAN_POINT('',(-3.4,5.2));
#7785 = CARTESIAN_POINT('',(-6.1,3.641154273188));
#7786 = CARTESIAN_POINT('',(-8.8,2.082308546376));
#7787 = CARTESIAN_POINT('',(-8.8,5.2));
#7788 = ( GEOMETRIC_REPRESENTATION_CONTEXT(2) 
PARAMETRIC_REPRESENTATION_CONTEXT() REPRESENTATION_CONTEXT('2D SPACE',''
  ) );
#7789 = ORIENTED_EDGE('',*,*,#7341,.F.);
#7790 = ADVANCED_FACE('',(#7791),#7301,.T.);
#7791 = FACE_BOUND('',#7792,.T.);
#7792 = EDGE_LOOP('',(#7793,#7794,#7817,#7845,#7868,#7896,#7919,#7941));
#7793 = ORIENTED_EDGE('',*,*,#7457,.T.);
#7794 = ORIENTED_EDGE('',*,*,#7795,.T.);
#7795 = EDGE_CURVE('',#7430,#7796,#7798,.T.);
#7796 = VERTEX_POINT('',#7797);
#7797 = CARTESIAN_POINT('',(-4.440892098501E-16,-36.35,41.5));
#7798 = SURFACE_CURVE('',#7799,(#7803,#7810),.PCURVE_S1.);
#7799 = LINE('',#7800,#7801);
#7800 = CARTESIAN_POINT('',(-8.881784197001E-16,-48.5,41.5));
#7801 = VECTOR('',#7802,1.);
#7802 = DIRECTION('',(-0.,1.,-0.));
#7803 = PCURVE('',#7301,#7804);
#7804 = DEFINITIONAL_REPRESENTATION('',(#7805),#7809);
#7805 = LINE('',#7806,#7807);
#7806 = CARTESIAN_POINT('',(1.570796326795,0.));
#7807 = VECTOR('',#7808,1.);
#7808 = DIRECTION('',(0.,1.));
#7809 = ( GEOMETRIC_REPRESENTATION_CONTEXT(2) 
PARAMETRIC_REPRESENTATION_CONTEXT() REPRESENTATION_CONTEXT('2D SPACE',''
  ) );
#7810 = PCURVE('',#7445,#7811);
#7811 = DEFINITIONAL_REPRESENTATION('',(#7812),#7816);
#7812 = LINE('',#7813,#7814);
#7813 = CARTESIAN_POINT('',(-13.1,0.));
#7814 = VECTOR('',#7815,1.);
#7815 = DIRECTION('',(-0.,-1.));
#7816 = ( GEOMETRIC_REPRESENTATION_CONTEXT(2) 
PARAMETRIC_REPRESENTATION_CONTEXT() REPRESENTATION_CONTEXT('2D SPACE',''
  ) );
#7817 = ORIENTED_EDGE('',*,*,#7818,.T.);
#7818 = EDGE_CURVE('',#7796,#7819,#7821,.T.);
#7819 = VERTEX_POINT('',#7820);
#7820 = CARTESIAN_POINT('',(-4.440892098501E-16,-23.65,41.5));
#7821 = SURFACE_CURVE('',#7822,(#7826,#7833),.PCURVE_S1.);
#7822 = LINE('',#7823,#7824);
#7823 = CARTESIAN_POINT('',(-8.881784197001E-16,-48.5,41.5));
#7824 = VECTOR('',#7825,1.);
#7825 = DIRECTION('',(-0.,1.,-0.));
#7826 = PCURVE('',#7301,#7827);
#7827 = DEFINITIONAL_REPRESENTATION('',(#7828),#7832);
#7828 = LINE('',#7829,#7830);
#7829 = CARTESIAN_POINT('',(1.570796326795,0.));
#7830 = VECTOR('',#7831,1.);
#7831 = DIRECTION('',(0.,1.));
#7832 = ( GEOMETRIC_REPRESENTATION_CONTEXT(2) 
PARAMETRIC_REPRESENTATION_CONTEXT() REPRESENTATION_CONTEXT('2D SPACE',''
  ) );
#7833 = PCURVE('',#7834,#7839);
#7834 = PLANE('',#7835);
#7835 = AXIS2_PLACEMENT_3D('',#7836,#7837,#7838);
#7836 = CARTESIAN_POINT('',(0.,-36.35,34.5));
#7837 = DIRECTION('',(-1.,-0.,-0.));
#7838 = DIRECTION('',(0.,0.,-1.));
#7839 = DEFINITIONAL_REPRESENTATION('',(#7840),#7844);
#7840 = LINE('',#7841,#7842);
#7841 = CARTESIAN_POINT('',(-7.,12.15));
#7842 = VECTOR('',#7843,1.);
#7843 = DIRECTION('',(-0.,-1.));
#7844 = ( GEOMETRIC_REPRESENTATION_CONTEXT(2) 
PARAMETRIC_REPRESENTATION_CONTEXT() REPRESENTATION_CONTEXT('2D SPACE',''
  ) );
#7845 = ORIENTED_EDGE('',*,*,#7846,.T.);
#7846 = EDGE_CURVE('',#7819,#7847,#7849,.T.);
#7847 = VERTEX_POINT('',#7848);
#7848 = CARTESIAN_POINT('',(-4.440892098501E-16,23.65,41.5));
#7849 = SURFACE_CURVE('',#7850,(#7854,#7861),.PCURVE_S1.);
#7850 = LINE('',#7851,#7852);
#7851 = CARTESIAN_POINT('',(-8.881784197001E-16,-48.5,41.5));
#7852 = VECTOR('',#7853,1.);
#7853 = DIRECTION('',(-0.,1.,-0.));
#7854 = PCURVE('',#7301,#7855);
#7855 = DEFINITIONAL_REPRESENTATION('',(#7856),#7860);
#7856 = LINE('',#7857,#7858);
#7857 = CARTESIAN_POINT('',(1.570796326795,0.));
#7858 = VECTOR('',#7859,1.);
#7859 = DIRECTION('',(0.,1.));
#7860 = ( GEOMETRIC_REPRESENTATION_CONTEXT(2) 
PARAMETRIC_REPRESENTATION_CONTEXT() REPRESENTATION_CONTEXT('2D SPACE',''
  ) );
#7861 = PCURVE('',#7445,#7862);
#7862 = DEFINITIONAL_REPRESENTATION('',(#7863),#7867);
#7863 = LINE('',#7864,#7865);
#7864 = CARTESIAN_POINT('',(-13.1,0.));
#7865 = VECTOR('',#7866,1.);
#7866 = DIRECTION('',(-0.,-1.));
#7867 = ( GEOMETRIC_REPRESENTATION_CONTEXT(2) 
PARAMETRIC_REPRESENTATION_CONTEXT() REPRESENTATION_CONTEXT('2D SPACE',''
  ) );
#7868 = ORIENTED_EDGE('',*,*,#7869,.T.);
#7869 = EDGE_CURVE('',#7847,#7870,#7872,.T.);
#7870 = VERTEX_POINT('',#7871);
#7871 = CARTESIAN_POINT('',(-4.440892098501E-16,36.35,41.5));
#7872 = SURFACE_CURVE('',#7873,(#7877,#7884),.PCURVE_S1.);
#7873 = LINE('',#7874,#7875);
#7874 = CARTESIAN_POINT('',(-8.881784197001E-16,-48.5,41.5));
#7875 = VECTOR('',#7876,1.);
#7876 = DIRECTION('',(-0.,1.,-0.));
#7877 = PCURVE('',#7301,#7878);
#7878 = DEFINITIONAL_REPRESENTATION('',(#7879),#7883);
#7879 = LINE('',#7880,#7881);
#7880 = CARTESIAN_POINT('',(1.570796326795,0.));
#7881 = VECTOR('',#7882,1.);
#7882 = DIRECTION('',(0.,1.));
#7883 = ( GEOMETRIC_REPRESENTATION_CONTEXT(2) 
PARAMETRIC_REPRESENTATION_CONTEXT() REPRESENTATION_CONTEXT('2D SPACE',''
  ) );
#7884 = PCURVE('',#7885,#7890);
#7885 = PLANE('',#7886);
#7886 = AXIS2_PLACEMENT_3D('',#7887,#7888,#7889);
#7887 = CARTESIAN_POINT('',(0.,23.65,34.5));
#7888 = DIRECTION('',(-1.,-0.,-0.));
#7889 = DIRECTION('',(0.,0.,-1.));
#7890 = DEFINITIONAL_REPRESENTATION('',(#7891),#7895);
#7891 = LINE('',#7892,#7893);
#7892 = CARTESIAN_POINT('',(-7.,72.15));
#7893 = VECTOR('',#7894,1.);
#7894 = DIRECTION('',(-0.,-1.));
#7895 = ( GEOMETRIC_REPRESENTATION_CONTEXT(2) 
PARAMETRIC_REPRESENTATION_CONTEXT() REPRESENTATION_CONTEXT('2D SPACE',''
  ) );
#7896 = ORIENTED_EDGE('',*,*,#7897,.T.);
#7897 = EDGE_CURVE('',#7870,#7898,#7900,.T.);
#7898 = VERTEX_POINT('',#7899);
#7899 = CARTESIAN_POINT('',(-8.881784197001E-16,48.5,41.5));
#7900 = SURFACE_CURVE('',#7901,(#7905,#7912),.PCURVE_S1.);
#7901 = LINE('',#7902,#7903);
#7902 = CARTESIAN_POINT('',(-8.881784197001E-16,-48.5,41.5));
#7903 = VECTOR('',#7904,1.);
#7904 = DIRECTION('',(-0.,1.,-0.));
#7905 = PCURVE('',#7301,#7906);
#7906 = DEFINITIONAL_REPRESENTATION('',(#7907),#7911);
#7907 = LINE('',#7908,#7909);
#7908 = CARTESIAN_POINT('',(1.570796326795,0.));
#7909 = VECTOR('',#7910,1.);
#7910 = DIRECTION('',(0.,1.));
#7911 = ( GEOMETRIC_REPRESENTATION_CONTEXT(2) 
PARAMETRIC_REPRESENTATION_CONTEXT() REPRESENTATION_CONTEXT('2D SPACE',''
  ) );
#7912 = PCURVE('',#7445,#7913);
#7913 = DEFINITIONAL_REPRESENTATION('',(#7914),#7918);
#7914 = LINE('',#7915,#7916);
#7915 = CARTESIAN_POINT('',(-13.1,0.));
#7916 = VECTOR('',#7917,1.);
#7917 = DIRECTION('',(-0.,-1.));
#7918 = ( GEOMETRIC_REPRESENTATION_CONTEXT(2) 
PARAMETRIC_REPRESENTATION_CONTEXT() REPRESENTATION_CONTEXT('2D SPACE',''
  ) );
#7919 = ORIENTED_EDGE('',*,*,#7920,.F.);
#7920 = EDGE_CURVE('',#7286,#7898,#7921,.T.);
#7921 = SURFACE_CURVE('',#7922,(#7927,#7934),.PCURVE_S1.);
#7922 = CIRCLE('',#7923,4.5);
#7923 = AXIS2_PLACEMENT_3D('',#7924,#7925,#7926);
#7924 = CARTESIAN_POINT('',(4.5,48.5,41.5));
#7925 = DIRECTION('',(0.,1.,-0.));
#7926 = DIRECTION('',(-0.,-0.,-1.));
#7927 = PCURVE('',#7301,#7928);
#7928 = DEFINITIONAL_REPRESENTATION('',(#7929),#7933);
#7929 = LINE('',#7930,#7931);
#7930 = CARTESIAN_POINT('',(0.,97.));
#7931 = VECTOR('',#7932,1.);
#7932 = DIRECTION('',(1.,0.));
#7933 = ( GEOMETRIC_REPRESENTATION_CONTEXT(2) 
PARAMETRIC_REPRESENTATION_CONTEXT() REPRESENTATION_CONTEXT('2D SPACE',''
  ) );
#7934 = PCURVE('',#7329,#7935);
#7935 = DEFINITIONAL_REPRESENTATION('',(#7936),#7940);
#7936 = CIRCLE('',#7937,4.5);
#7937 = AXIS2_PLACEMENT_2D('',#7938,#7939);
#7938 = CARTESIAN_POINT('',(-4.3,-2.5));
#7939 = DIRECTION('',(-1.,0.));
#7940 = ( GEOMETRIC_REPRESENTATION_CONTEXT(2) 
PARAMETRIC_REPRESENTATION_CONTEXT() REPRESENTATION_CONTEXT('2D SPACE',''
  ) );
#7941 = ORIENTED_EDGE('',*,*,#7285,.F.);
#7942 = ADVANCED_FACE('',(#7943),#7329,.T.);
#7943 = FACE_BOUND('',#7944,.F.);
#7944 = EDGE_LOOP('',(#7945,#7970,#7994,#8015,#8016,#8017,#8018,#8041,
    #8069,#8092,#8115,#8138,#8162,#8185));
#7945 = ORIENTED_EDGE('',*,*,#7946,.T.);
#7946 = EDGE_CURVE('',#7947,#7949,#7951,.T.);
#7947 = VERTEX_POINT('',#7948);
#7948 = CARTESIAN_POINT('',(12.2,48.5,54.6));
#7949 = VERTEX_POINT('',#7950);
#7950 = CARTESIAN_POINT('',(4.5,48.5,54.6));
#7951 = SURFACE_CURVE('',#7952,(#7956,#7963),.PCURVE_S1.);
#7952 = LINE('',#7953,#7954);
#7953 = CARTESIAN_POINT('',(14.,48.5,54.6));
#7954 = VECTOR('',#7955,1.);
#7955 = DIRECTION('',(-1.,-0.,-0.));
#7956 = PCURVE('',#7329,#7957);
#7957 = DEFINITIONAL_REPRESENTATION('',(#7958),#7962);
#7958 = LINE('',#7959,#7960);
#7959 = CARTESIAN_POINT('',(8.8,7.));
#7960 = VECTOR('',#7961,1.);
#7961 = DIRECTION('',(-0.,-1.));
#7962 = ( GEOMETRIC_REPRESENTATION_CONTEXT(2) 
PARAMETRIC_REPRESENTATION_CONTEXT() REPRESENTATION_CONTEXT('2D SPACE',''
  ) );
#7963 = PCURVE('',#7388,#7964);
#7964 = DEFINITIONAL_REPRESENTATION('',(#7965),#7969);
#7965 = LINE('',#7966,#7967);
#7966 = CARTESIAN_POINT('',(-0.,-97.));
#7967 = VECTOR('',#7968,1.);
#7968 = DIRECTION('',(-1.,0.));
#7969 = ( GEOMETRIC_REPRESENTATION_CONTEXT(2) 
PARAMETRIC_REPRESENTATION_CONTEXT() REPRESENTATION_CONTEXT('2D SPACE',''
  ) );
#7970 = ORIENTED_EDGE('',*,*,#7971,.F.);
#7971 = EDGE_CURVE('',#7972,#7949,#7974,.T.);
#7972 = VERTEX_POINT('',#7973);
#7973 = CARTESIAN_POINT('',(-8.881784197001E-16,48.5,50.1));
#7974 = SURFACE_CURVE('',#7975,(#7980,#7987),.PCURVE_S1.);
#7975 = CIRCLE('',#7976,4.5);
#7976 = AXIS2_PLACEMENT_3D('',#7977,#7978,#7979);
#7977 = CARTESIAN_POINT('',(4.5,48.5,50.1));
#7978 = DIRECTION('',(0.,1.,-0.));
#7979 = DIRECTION('',(-0.,-0.,-1.));
#7980 = PCURVE('',#7329,#7981);
#7981 = DEFINITIONAL_REPRESENTATION('',(#7982),#7986);
#7982 = CIRCLE('',#7983,4.5);
#7983 = AXIS2_PLACEMENT_2D('',#7984,#7985);
#7984 = CARTESIAN_POINT('',(4.3,-2.5));
#7985 = DIRECTION('',(-1.,0.));
#7986 = ( GEOMETRIC_REPRESENTATION_CONTEXT(2) 
PARAMETRIC_REPRESENTATION_CONTEXT() REPRESENTATION_CONTEXT('2D SPACE',''
  ) );
#7987 = PCURVE('',#7417,#7988);
#7988 = DEFINITIONAL_REPRESENTATION('',(#7989),#7993);
#7989 = LINE('',#7990,#7991);
#7990 = CARTESIAN_POINT('',(-1.570796326795,97.));
#7991 = VECTOR('',#7992,1.);
#7992 = DIRECTION('',(1.,0.));
#7993 = ( GEOMETRIC_REPRESENTATION_CONTEXT(2) 
PARAMETRIC_REPRESENTATION_CONTEXT() REPRESENTATION_CONTEXT('2D SPACE',''
  ) );
#7994 = ORIENTED_EDGE('',*,*,#7995,.T.);
#7995 = EDGE_CURVE('',#7972,#7898,#7996,.T.);
#7996 = SURFACE_CURVE('',#7997,(#8001,#8008),.PCURVE_S1.);
#7997 = LINE('',#7998,#7999);
#7998 = CARTESIAN_POINT('',(0.,48.5,54.6));
#7999 = VECTOR('',#8000,1.);
#8000 = DIRECTION('',(-0.,-0.,-1.));
#8001 = PCURVE('',#7329,#8002);
#8002 = DEFINITIONAL_REPRESENTATION('',(#8003),#8007);
#8003 = LINE('',#8004,#8005);
#8004 = CARTESIAN_POINT('',(8.8,-7.));
#8005 = VECTOR('',#8006,1.);
#8006 = DIRECTION('',(-1.,0.));
#8007 = ( GEOMETRIC_REPRESENTATION_CONTEXT(2) 
PARAMETRIC_REPRESENTATION_CONTEXT() REPRESENTATION_CONTEXT('2D SPACE',''
  ) );
#8008 = PCURVE('',#7445,#8009);
#8009 = DEFINITIONAL_REPRESENTATION('',(#8010),#8014);
#8010 = LINE('',#8011,#8012);
#8011 = CARTESIAN_POINT('',(-0.,-97.));
#8012 = VECTOR('',#8013,1.);
#8013 = DIRECTION('',(-1.,0.));
#8014 = ( GEOMETRIC_REPRESENTATION_CONTEXT(2) 
PARAMETRIC_REPRESENTATION_CONTEXT() REPRESENTATION_CONTEXT('2D SPACE',''
  ) );
#8015 = ORIENTED_EDGE('',*,*,#7920,.F.);
#8016 = ORIENTED_EDGE('',*,*,#7313,.T.);
#8017 = ORIENTED_EDGE('',*,*,#7764,.T.);
#8018 = ORIENTED_EDGE('',*,*,#8019,.T.);
#8019 = EDGE_CURVE('',#7742,#8020,#8022,.T.);
#8020 = VERTEX_POINT('',#8021);
#8021 = CARTESIAN_POINT('',(14.,48.5,40.2));
#8022 = SURFACE_CURVE('',#8023,(#8027,#8034),.PCURVE_S1.);
#8023 = LINE('',#8024,#8025);
#8024 = CARTESIAN_POINT('',(14.,48.5,37.));
#8025 = VECTOR('',#8026,1.);
#8026 = DIRECTION('',(-0.,-0.,1.));
#8027 = PCURVE('',#7329,#8028);
#8028 = DEFINITIONAL_REPRESENTATION('',(#8029),#8033);
#8029 = LINE('',#8030,#8031);
#8030 = CARTESIAN_POINT('',(-8.8,7.));
#8031 = VECTOR('',#8032,1.);
#8032 = DIRECTION('',(1.,-0.));
#8033 = ( GEOMETRIC_REPRESENTATION_CONTEXT(2) 
PARAMETRIC_REPRESENTATION_CONTEXT() REPRESENTATION_CONTEXT('2D SPACE',''
  ) );
#8034 = PCURVE('',#7524,#8035);
#8035 = DEFINITIONAL_REPRESENTATION('',(#8036),#8040);
#8036 = LINE('',#8037,#8038);
#8037 = CARTESIAN_POINT('',(-0.,-97.));
#8038 = VECTOR('',#8039,1.);
#8039 = DIRECTION('',(-1.,-0.));
#8040 = ( GEOMETRIC_REPRESENTATION_CONTEXT(2) 
PARAMETRIC_REPRESENTATION_CONTEXT() REPRESENTATION_CONTEXT('2D SPACE',''
  ) );
#8041 = ORIENTED_EDGE('',*,*,#8042,.T.);
#8042 = EDGE_CURVE('',#8020,#8043,#8045,.T.);
#8043 = VERTEX_POINT('',#8044);
#8044 = CARTESIAN_POINT('',(12.2,48.5,42.));
#8045 = SURFACE_CURVE('',#8046,(#8051,#8062),.PCURVE_S1.);
#8046 = CIRCLE('',#8047,1.8);
#8047 = AXIS2_PLACEMENT_3D('',#8048,#8049,#8050);
#8048 = CARTESIAN_POINT('',(12.2,48.5,40.2));
#8049 = DIRECTION('',(0.,-1.,0.));
#8050 = DIRECTION('',(-0.,-0.,1.));
#8051 = PCURVE('',#7329,#8052);
#8052 = DEFINITIONAL_REPRESENTATION('',(#8053),#8061);
#8053 = ( BOUNDED_CURVE() B_SPLINE_CURVE(2,(#8054,#8055,#8056,#8057,
#8058,#8059,#8060),.UNSPECIFIED.,.T.,.F.) B_SPLINE_CURVE_WITH_KNOTS((1,2
    ,2,2,2,1),(-2.094395102393,0.,2.094395102393,4.188790204786,
6.28318530718,8.377580409573),.UNSPECIFIED.) CURVE() 
GEOMETRIC_REPRESENTATION_ITEM() RATIONAL_B_SPLINE_CURVE((1.,0.5,1.,0.5,
1.,0.5,1.)) REPRESENTATION_ITEM('') );
#8054 = CARTESIAN_POINT('',(-3.8,5.2));
#8055 = CARTESIAN_POINT('',(-3.8,2.082308546376));
#8056 = CARTESIAN_POINT('',(-6.5,3.641154273188));
#8057 = CARTESIAN_POINT('',(-9.2,5.2));
#8058 = CARTESIAN_POINT('',(-6.5,6.758845726812));
#8059 = CARTESIAN_POINT('',(-3.8,8.317691453624));
#8060 = CARTESIAN_POINT('',(-3.8,5.2));
#8061 = ( GEOMETRIC_REPRESENTATION_CONTEXT(2) 
PARAMETRIC_REPRESENTATION_CONTEXT() REPRESENTATION_CONTEXT('2D SPACE',''
  ) );
#8062 = PCURVE('',#7557,#8063);
#8063 = DEFINITIONAL_REPRESENTATION('',(#8064),#8068);
#8064 = LINE('',#8065,#8066);
#8065 = CARTESIAN_POINT('',(-4.712388980385,0.));
#8066 = VECTOR('',#8067,1.);
#8067 = DIRECTION('',(1.,0.));
#8068 = ( GEOMETRIC_REPRESENTATION_CONTEXT(2) 
PARAMETRIC_REPRESENTATION_CONTEXT() REPRESENTATION_CONTEXT('2D SPACE',''
  ) );
#8069 = ORIENTED_EDGE('',*,*,#8070,.F.);
#8070 = EDGE_CURVE('',#8071,#8043,#8073,.T.);
#8071 = VERTEX_POINT('',#8072);
#8072 = CARTESIAN_POINT('',(5.,48.5,42.));
#8073 = SURFACE_CURVE('',#8074,(#8078,#8085),.PCURVE_S1.);
#8074 = LINE('',#8075,#8076);
#8075 = CARTESIAN_POINT('',(5.,48.5,42.));
#8076 = VECTOR('',#8077,1.);
#8077 = DIRECTION('',(1.,-0.,-0.));
#8078 = PCURVE('',#7329,#8079);
#8079 = DEFINITIONAL_REPRESENTATION('',(#8080),#8084);
#8080 = LINE('',#8081,#8082);
#8081 = CARTESIAN_POINT('',(-3.8,-2.));
#8082 = VECTOR('',#8083,1.);
#8083 = DIRECTION('',(-0.,1.));
#8084 = ( GEOMETRIC_REPRESENTATION_CONTEXT(2) 
PARAMETRIC_REPRESENTATION_CONTEXT() REPRESENTATION_CONTEXT('2D SPACE',''
  ) );
#8085 = PCURVE('',#7585,#8086);
#8086 = DEFINITIONAL_REPRESENTATION('',(#8087),#8091);
#8087 = LINE('',#8088,#8089);
#8088 = CARTESIAN_POINT('',(-0.,-97.));
#8089 = VECTOR('',#8090,1.);
#8090 = DIRECTION('',(-1.,0.));
#8091 = ( GEOMETRIC_REPRESENTATION_CONTEXT(2) 
PARAMETRIC_REPRESENTATION_CONTEXT() REPRESENTATION_CONTEXT('2D SPACE',''
  ) );
#8092 = ORIENTED_EDGE('',*,*,#8093,.F.);
#8093 = EDGE_CURVE('',#8094,#8071,#8096,.T.);
#8094 = VERTEX_POINT('',#8095);
#8095 = CARTESIAN_POINT('',(5.,48.5,49.6));
#8096 = SURFACE_CURVE('',#8097,(#8101,#8108),.PCURVE_S1.);
#8097 = LINE('',#8098,#8099);
#8098 = CARTESIAN_POINT('',(5.,48.5,49.6));
#8099 = VECTOR('',#8100,1.);
#8100 = DIRECTION('',(-0.,-0.,-1.));
#8101 = PCURVE('',#7329,#8102);
#8102 = DEFINITIONAL_REPRESENTATION('',(#8103),#8107);
#8103 = LINE('',#8104,#8105);
#8104 = CARTESIAN_POINT('',(3.8,-2.));
#8105 = VECTOR('',#8106,1.);
#8106 = DIRECTION('',(-1.,0.));
#8107 = ( GEOMETRIC_REPRESENTATION_CONTEXT(2) 
PARAMETRIC_REPRESENTATION_CONTEXT() REPRESENTATION_CONTEXT('2D SPACE',''
  ) );
#8108 = PCURVE('',#7613,#8109);
#8109 = DEFINITIONAL_REPRESENTATION('',(#8110),#8114);
#8110 = LINE('',#8111,#8112);
#8111 = CARTESIAN_POINT('',(-0.,-97.));
#8112 = VECTOR('',#8113,1.);
#8113 = DIRECTION('',(-1.,0.));
#8114 = ( GEOMETRIC_REPRESENTATION_CONTEXT(2) 
PARAMETRIC_REPRESENTATION_CONTEXT() REPRESENTATION_CONTEXT('2D SPACE',''
  ) );
#8115 = ORIENTED_EDGE('',*,*,#8116,.F.);
#8116 = EDGE_CURVE('',#8117,#8094,#8119,.T.);
#8117 = VERTEX_POINT('',#8118);
#8118 = CARTESIAN_POINT('',(12.2,48.5,49.6));
#8119 = SURFACE_CURVE('',#8120,(#8124,#8131),.PCURVE_S1.);
#8120 = LINE('',#8121,#8122);
#8121 = CARTESIAN_POINT('',(19.,48.5,49.6));
#8122 = VECTOR('',#8123,1.);
#8123 = DIRECTION('',(-1.,-0.,-0.));
#8124 = PCURVE('',#7329,#8125);
#8125 = DEFINITIONAL_REPRESENTATION('',(#8126),#8130);
#8126 = LINE('',#8127,#8128);
#8127 = CARTESIAN_POINT('',(3.8,12.));
#8128 = VECTOR('',#8129,1.);
#8129 = DIRECTION('',(-0.,-1.));
#8130 = ( GEOMETRIC_REPRESENTATION_CONTEXT(2) 
PARAMETRIC_REPRESENTATION_CONTEXT() REPRESENTATION_CONTEXT('2D SPACE',''
  ) );
#8131 = PCURVE('',#7641,#8132);
#8132 = DEFINITIONAL_REPRESENTATION('',(#8133),#8137);
#8133 = LINE('',#8134,#8135);
#8134 = CARTESIAN_POINT('',(-0.,-97.));
#8135 = VECTOR('',#8136,1.);
#8136 = DIRECTION('',(-1.,0.));
#8137 = ( GEOMETRIC_REPRESENTATION_CONTEXT(2) 
PARAMETRIC_REPRESENTATION_CONTEXT() REPRESENTATION_CONTEXT('2D SPACE',''
  ) );
#8138 = ORIENTED_EDGE('',*,*,#8139,.F.);
#8139 = EDGE_CURVE('',#8140,#8117,#8142,.T.);
#8140 = VERTEX_POINT('',#8141);
#8141 = CARTESIAN_POINT('',(14.,48.5,51.4));
#8142 = SURFACE_CURVE('',#8143,(#8148,#8155),.PCURVE_S1.);
#8143 = CIRCLE('',#8144,1.8);
#8144 = AXIS2_PLACEMENT_3D('',#8145,#8146,#8147);
#8145 = CARTESIAN_POINT('',(12.2,48.5,51.4));
#8146 = DIRECTION('',(0.,1.,-0.));
#8147 = DIRECTION('',(-0.,-0.,-1.));
#8148 = PCURVE('',#7329,#8149);
#8149 = DEFINITIONAL_REPRESENTATION('',(#8150),#8154);
#8150 = CIRCLE('',#8151,1.8);
#8151 = AXIS2_PLACEMENT_2D('',#8152,#8153);
#8152 = CARTESIAN_POINT('',(5.6,5.2));
#8153 = DIRECTION('',(-1.,0.));
#8154 = ( GEOMETRIC_REPRESENTATION_CONTEXT(2) 
PARAMETRIC_REPRESENTATION_CONTEXT() REPRESENTATION_CONTEXT('2D SPACE',''
  ) );
#8155 = PCURVE('',#7670,#8156);
#8156 = DEFINITIONAL_REPRESENTATION('',(#8157),#8161);
#8157 = LINE('',#8158,#8159);
#8158 = CARTESIAN_POINT('',(-4.712388980385,97.));
#8159 = VECTOR('',#8160,1.);
#8160 = DIRECTION('',(1.,0.));
#8161 = ( GEOMETRIC_REPRESENTATION_CONTEXT(2) 
PARAMETRIC_REPRESENTATION_CONTEXT() REPRESENTATION_CONTEXT('2D SPACE',''
  ) );
#8162 = ORIENTED_EDGE('',*,*,#8163,.T.);
#8163 = EDGE_CURVE('',#8140,#8164,#8166,.T.);
#8164 = VERTEX_POINT('',#8165);
#8165 = CARTESIAN_POINT('',(14.,48.5,52.8));
#8166 = SURFACE_CURVE('',#8167,(#8171,#8178),.PCURVE_S1.);
#8167 = LINE('',#8168,#8169);
#8168 = CARTESIAN_POINT('',(14.,48.5,37.));
#8169 = VECTOR('',#8170,1.);
#8170 = DIRECTION('',(-0.,-0.,1.));
#8171 = PCURVE('',#7329,#8172);
#8172 = DEFINITIONAL_REPRESENTATION('',(#8173),#8177);
#8173 = LINE('',#8174,#8175);
#8174 = CARTESIAN_POINT('',(-8.8,7.));
#8175 = VECTOR('',#8176,1.);
#8176 = DIRECTION('',(1.,-0.));
#8177 = ( GEOMETRIC_REPRESENTATION_CONTEXT(2) 
PARAMETRIC_REPRESENTATION_CONTEXT() REPRESENTATION_CONTEXT('2D SPACE',''
  ) );
#8178 = PCURVE('',#7698,#8179);
#8179 = DEFINITIONAL_REPRESENTATION('',(#8180),#8184);
#8180 = LINE('',#8181,#8182);
#8181 = CARTESIAN_POINT('',(-0.,-97.));
#8182 = VECTOR('',#8183,1.);
#8183 = DIRECTION('',(-1.,-0.));
#8184 = ( GEOMETRIC_REPRESENTATION_CONTEXT(2) 
PARAMETRIC_REPRESENTATION_CONTEXT() REPRESENTATION_CONTEXT('2D SPACE',''
  ) );
#8185 = ORIENTED_EDGE('',*,*,#8186,.F.);
#8186 = EDGE_CURVE('',#7947,#8164,#8187,.T.);
#8187 = SURFACE_CURVE('',#8188,(#8193,#8200),.PCURVE_S1.);
#8188 = CIRCLE('',#8189,1.8);
#8189 = AXIS2_PLACEMENT_3D('',#8190,#8191,#8192);
#8190 = CARTESIAN_POINT('',(12.2,48.5,52.8));
#8191 = DIRECTION('',(0.,1.,-0.));
#8192 = DIRECTION('',(-0.,-0.,-1.));
#8193 = PCURVE('',#7329,#8194);
#8194 = DEFINITIONAL_REPRESENTATION('',(#8195),#8199);
#8195 = CIRCLE('',#8196,1.8);
#8196 = AXIS2_PLACEMENT_2D('',#8197,#8198);
#8197 = CARTESIAN_POINT('',(7.,5.2));
#8198 = DIRECTION('',(-1.,0.));
#8199 = ( GEOMETRIC_REPRESENTATION_CONTEXT(2) 
PARAMETRIC_REPRESENTATION_CONTEXT() REPRESENTATION_CONTEXT('2D SPACE',''
  ) );
#8200 = PCURVE('',#7725,#8201);
#8201 = DEFINITIONAL_REPRESENTATION('',(#8202),#8206);
#8202 = LINE('',#8203,#8204);
#8203 = CARTESIAN_POINT('',(-3.14159265359,97.));
#8204 = VECTOR('',#8205,1.);
#8205 = DIRECTION('',(1.,0.));
#8206 = ( GEOMETRIC_REPRESENTATION_CONTEXT(2) 
PARAMETRIC_REPRESENTATION_CONTEXT() REPRESENTATION_CONTEXT('2D SPACE',''
  ) );
#8207 = ADVANCED_FACE('',(#8208),#7388,.F.);
#8208 = FACE_BOUND('',#8209,.T.);
#8209 = EDGE_LOOP('',(#8210,#8211,#8232,#8233));
#8210 = ORIENTED_EDGE('',*,*,#7370,.F.);
#8211 = ORIENTED_EDGE('',*,*,#8212,.T.);
#8212 = EDGE_CURVE('',#7371,#7947,#8213,.T.);
#8213 = SURFACE_CURVE('',#8214,(#8218,#8225),.PCURVE_S1.);
#8214 = LINE('',#8215,#8216);
#8215 = CARTESIAN_POINT('',(12.2,-48.5,54.6));
#8216 = VECTOR('',#8217,1.);
#8217 = DIRECTION('',(-0.,1.,-0.));
#8218 = PCURVE('',#7388,#8219);
#8219 = DEFINITIONAL_REPRESENTATION('',(#8220),#8224);
#8220 = LINE('',#8221,#8222);
#8221 = CARTESIAN_POINT('',(-1.8,0.));
#8222 = VECTOR('',#8223,1.);
#8223 = DIRECTION('',(-0.,-1.));
#8224 = ( GEOMETRIC_REPRESENTATION_CONTEXT(2) 
PARAMETRIC_REPRESENTATION_CONTEXT() REPRESENTATION_CONTEXT('2D SPACE',''
  ) );
#8225 = PCURVE('',#7725,#8226);
#8226 = DEFINITIONAL_REPRESENTATION('',(#8227),#8231);
#8227 = LINE('',#8228,#8229);
#8228 = CARTESIAN_POINT('',(0.,0.));
#8229 = VECTOR('',#8230,1.);
#8230 = DIRECTION('',(0.,1.));
#8231 = ( GEOMETRIC_REPRESENTATION_CONTEXT(2) 
PARAMETRIC_REPRESENTATION_CONTEXT() REPRESENTATION_CONTEXT('2D SPACE',''
  ) );
#8232 = ORIENTED_EDGE('',*,*,#7946,.T.);
#8233 = ORIENTED_EDGE('',*,*,#8234,.F.);
#8234 = EDGE_CURVE('',#7373,#7949,#8235,.T.);
#8235 = SURFACE_CURVE('',#8236,(#8240,#8247),.PCURVE_S1.);
#8236 = LINE('',#8237,#8238);
#8237 = CARTESIAN_POINT('',(4.5,-48.5,54.6));
#8238 = VECTOR('',#8239,1.);
#8239 = DIRECTION('',(-0.,1.,-0.));
#8240 = PCURVE('',#7388,#8241);
#8241 = DEFINITIONAL_REPRESENTATION('',(#8242),#8246);
#8242 = LINE('',#8243,#8244);
#8243 = CARTESIAN_POINT('',(-9.5,0.));
#8244 = VECTOR('',#8245,1.);
#8245 = DIRECTION('',(-0.,-1.));
#8246 = ( GEOMETRIC_REPRESENTATION_CONTEXT(2) 
PARAMETRIC_REPRESENTATION_CONTEXT() REPRESENTATION_CONTEXT('2D SPACE',''
  ) );
#8247 = PCURVE('',#7417,#8248);
#8248 = DEFINITIONAL_REPRESENTATION('',(#8249),#8253);
#8249 = LINE('',#8250,#8251);
#8250 = CARTESIAN_POINT('',(1.570796326795,0.));
#8251 = VECTOR('',#8252,1.);
#8252 = DIRECTION('',(0.,1.));
#8253 = ( GEOMETRIC_REPRESENTATION_CONTEXT(2) 
PARAMETRIC_REPRESENTATION_CONTEXT() REPRESENTATION_CONTEXT('2D SPACE',''
  ) );
#8254 = ADVANCED_FACE('',(#8255),#7725,.T.);
#8255 = FACE_BOUND('',#8256,.T.);
#8256 = EDGE_LOOP('',(#8257,#8258,#8279,#8280));
#8257 = ORIENTED_EDGE('',*,*,#7710,.T.);
#8258 = ORIENTED_EDGE('',*,*,#8259,.T.);
#8259 = EDGE_CURVE('',#7683,#8164,#8260,.T.);
#8260 = SURFACE_CURVE('',#8261,(#8265,#8272),.PCURVE_S1.);
#8261 = LINE('',#8262,#8263);
#8262 = CARTESIAN_POINT('',(14.,-48.5,52.8));
#8263 = VECTOR('',#8264,1.);
#8264 = DIRECTION('',(-0.,1.,-0.));
#8265 = PCURVE('',#7725,#8266);
#8266 = DEFINITIONAL_REPRESENTATION('',(#8267),#8271);
#8267 = LINE('',#8268,#8269);
#8268 = CARTESIAN_POINT('',(1.570796326795,0.));
#8269 = VECTOR('',#8270,1.);
#8270 = DIRECTION('',(0.,1.));
#8271 = ( GEOMETRIC_REPRESENTATION_CONTEXT(2) 
PARAMETRIC_REPRESENTATION_CONTEXT() REPRESENTATION_CONTEXT('2D SPACE',''
  ) );
#8272 = PCURVE('',#7698,#8273);
#8273 = DEFINITIONAL_REPRESENTATION('',(#8274),#8278);
#8274 = LINE('',#8275,#8276);
#8275 = CARTESIAN_POINT('',(-15.8,-0.));
#8276 = VECTOR('',#8277,1.);
#8277 = DIRECTION('',(-0.,-1.));
#8278 = ( GEOMETRIC_REPRESENTATION_CONTEXT(2) 
PARAMETRIC_REPRESENTATION_CONTEXT() REPRESENTATION_CONTEXT('2D SPACE',''
  ) );
#8279 = ORIENTED_EDGE('',*,*,#8186,.F.);
#8280 = ORIENTED_EDGE('',*,*,#8212,.F.);
#8281 = ADVANCED_FACE('',(#8282),#7417,.T.);
#8282 = FACE_BOUND('',#8283,.T.);
#8283 = EDGE_LOOP('',(#8284,#8285,#8286,#8287));
#8284 = ORIENTED_EDGE('',*,*,#7400,.T.);
#8285 = ORIENTED_EDGE('',*,*,#8234,.T.);
#8286 = ORIENTED_EDGE('',*,*,#7971,.F.);
#8287 = ORIENTED_EDGE('',*,*,#8288,.F.);
#8288 = EDGE_CURVE('',#7401,#7972,#8289,.T.);
#8289 = SURFACE_CURVE('',#8290,(#8294,#8301),.PCURVE_S1.);
#8290 = LINE('',#8291,#8292);
#8291 = CARTESIAN_POINT('',(-8.881784197001E-16,-48.5,50.1));
#8292 = VECTOR('',#8293,1.);
#8293 = DIRECTION('',(-0.,1.,-0.));
#8294 = PCURVE('',#7417,#8295);
#8295 = DEFINITIONAL_REPRESENTATION('',(#8296),#8300);
#8296 = LINE('',#8297,#8298);
#8297 = CARTESIAN_POINT('',(0.,0.));
#8298 = VECTOR('',#8299,1.);
#8299 = DIRECTION('',(0.,1.));
#8300 = ( GEOMETRIC_REPRESENTATION_CONTEXT(2) 
PARAMETRIC_REPRESENTATION_CONTEXT() REPRESENTATION_CONTEXT('2D SPACE',''
  ) );
#8301 = PCURVE('',#7445,#8302);
#8302 = DEFINITIONAL_REPRESENTATION('',(#8303),#8307);
#8303 = LINE('',#8304,#8305);
#8304 = CARTESIAN_POINT('',(-4.5,0.));
#8305 = VECTOR('',#8306,1.);
#8306 = DIRECTION('',(-0.,-1.));
#8307 = ( GEOMETRIC_REPRESENTATION_CONTEXT(2) 
PARAMETRIC_REPRESENTATION_CONTEXT() REPRESENTATION_CONTEXT('2D SPACE',''
  ) );
#8308 = ADVANCED_FACE('',(#8309),#7698,.F.);
#8309 = FACE_BOUND('',#8310,.T.);
#8310 = EDGE_LOOP('',(#8311,#8312,#8333,#8334));
#8311 = ORIENTED_EDGE('',*,*,#7682,.F.);
#8312 = ORIENTED_EDGE('',*,*,#8313,.T.);
#8313 = EDGE_CURVE('',#7654,#8140,#8314,.T.);
#8314 = SURFACE_CURVE('',#8315,(#8319,#8326),.PCURVE_S1.);
#8315 = LINE('',#8316,#8317);
#8316 = CARTESIAN_POINT('',(14.,-48.5,51.4));
#8317 = VECTOR('',#8318,1.);
#8318 = DIRECTION('',(-0.,1.,-0.));
#8319 = PCURVE('',#7698,#8320);
#8320 = DEFINITIONAL_REPRESENTATION('',(#8321),#8325);
#8321 = LINE('',#8322,#8323);
#8322 = CARTESIAN_POINT('',(-14.4,-0.));
#8323 = VECTOR('',#8324,1.);
#8324 = DIRECTION('',(-0.,-1.));
#8325 = ( GEOMETRIC_REPRESENTATION_CONTEXT(2) 
PARAMETRIC_REPRESENTATION_CONTEXT() REPRESENTATION_CONTEXT('2D SPACE',''
  ) );
#8326 = PCURVE('',#7670,#8327);
#8327 = DEFINITIONAL_REPRESENTATION('',(#8328),#8332);
#8328 = LINE('',#8329,#8330);
#8329 = CARTESIAN_POINT('',(0.,0.));
#8330 = VECTOR('',#8331,1.);
#8331 = DIRECTION('',(0.,1.));
#8332 = ( GEOMETRIC_REPRESENTATION_CONTEXT(2) 
PARAMETRIC_REPRESENTATION_CONTEXT() REPRESENTATION_CONTEXT('2D SPACE',''
  ) );
#8333 = ORIENTED_EDGE('',*,*,#8163,.T.);
#8334 = ORIENTED_EDGE('',*,*,#8259,.F.);
#8335 = ADVANCED_FACE('',(#8336),#7445,.F.);
#8336 = FACE_BOUND('',#8337,.T.);
#8337 = EDGE_LOOP('',(#8338,#8339,#8340,#8341,#8342,#8370,#8398,#8424,
    #8425,#8453,#8481,#8507));
#8338 = ORIENTED_EDGE('',*,*,#7429,.F.);
#8339 = ORIENTED_EDGE('',*,*,#8288,.T.);
#8340 = ORIENTED_EDGE('',*,*,#7995,.T.);
#8341 = ORIENTED_EDGE('',*,*,#7897,.F.);
#8342 = ORIENTED_EDGE('',*,*,#8343,.T.);
#8343 = EDGE_CURVE('',#7870,#8344,#8346,.T.);
#8344 = VERTEX_POINT('',#8345);
#8345 = CARTESIAN_POINT('',(0.,36.35,44.5));
#8346 = SURFACE_CURVE('',#8347,(#8351,#8358),.PCURVE_S1.);
#8347 = LINE('',#8348,#8349);
#8348 = CARTESIAN_POINT('',(0.,36.35,34.5));
#8349 = VECTOR('',#8350,1.);
#8350 = DIRECTION('',(-0.,-0.,1.));
#8351 = PCURVE('',#7445,#8352);
#8352 = DEFINITIONAL_REPRESENTATION('',(#8353),#8357);
#8353 = LINE('',#8354,#8355);
#8354 = CARTESIAN_POINT('',(-20.1,-84.85));
#8355 = VECTOR('',#8356,1.);
#8356 = DIRECTION('',(1.,-0.));
#8357 = ( GEOMETRIC_REPRESENTATION_CONTEXT(2) 
PARAMETRIC_REPRESENTATION_CONTEXT() REPRESENTATION_CONTEXT('2D SPACE',''
  ) );
#8358 = PCURVE('',#8359,#8364);
#8359 = PLANE('',#8360);
#8360 = AXIS2_PLACEMENT_3D('',#8361,#8362,#8363);
#8361 = CARTESIAN_POINT('',(-7.5,36.35,39.5));
#8362 = DIRECTION('',(-0.,1.,-0.));
#8363 = DIRECTION('',(0.,0.,1.));
#8364 = DEFINITIONAL_REPRESENTATION('',(#8365),#8369);
#8365 = LINE('',#8366,#8367);
#8366 = CARTESIAN_POINT('',(-5.,7.5));
#8367 = VECTOR('',#8368,1.);
#8368 = DIRECTION('',(1.,-0.));
#8369 = ( GEOMETRIC_REPRESENTATION_CONTEXT(2) 
PARAMETRIC_REPRESENTATION_CONTEXT() REPRESENTATION_CONTEXT('2D SPACE',''
  ) );
#8370 = ORIENTED_EDGE('',*,*,#8371,.F.);
#8371 = EDGE_CURVE('',#8372,#8344,#8374,.T.);
#8372 = VERTEX_POINT('',#8373);
#8373 = CARTESIAN_POINT('',(0.,23.65,44.5));
#8374 = SURFACE_CURVE('',#8375,(#8379,#8386),.PCURVE_S1.);
#8375 = LINE('',#8376,#8377);
#8376 = CARTESIAN_POINT('',(0.,23.65,44.5));
#8377 = VECTOR('',#8378,1.);
#8378 = DIRECTION('',(-0.,1.,-0.));
#8379 = PCURVE('',#7445,#8380);
#8380 = DEFINITIONAL_REPRESENTATION('',(#8381),#8385);
#8381 = LINE('',#8382,#8383);
#8382 = CARTESIAN_POINT('',(-10.1,-72.15));
#8383 = VECTOR('',#8384,1.);
#8384 = DIRECTION('',(-0.,-1.));
#8385 = ( GEOMETRIC_REPRESENTATION_CONTEXT(2) 
PARAMETRIC_REPRESENTATION_CONTEXT() REPRESENTATION_CONTEXT('2D SPACE',''
  ) );
#8386 = PCURVE('',#8387,#8392);
#8387 = PLANE('',#8388);
#8388 = AXIS2_PLACEMENT_3D('',#8389,#8390,#8391);
#8389 = CARTESIAN_POINT('',(0.,23.65,44.5));
#8390 = DIRECTION('',(-0.,0.,-1.));
#8391 = DIRECTION('',(1.,0.,0.));
#8392 = DEFINITIONAL_REPRESENTATION('',(#8393),#8397);
#8393 = LINE('',#8394,#8395);
#8394 = CARTESIAN_POINT('',(-0.,-0.));
#8395 = VECTOR('',#8396,1.);
#8396 = DIRECTION('',(-0.,-1.));
#8397 = ( GEOMETRIC_REPRESENTATION_CONTEXT(2) 
PARAMETRIC_REPRESENTATION_CONTEXT() REPRESENTATION_CONTEXT('2D SPACE',''
  ) );
#8398 = ORIENTED_EDGE('',*,*,#8399,.F.);
#8399 = EDGE_CURVE('',#7847,#8372,#8400,.T.);
#8400 = SURFACE_CURVE('',#8401,(#8405,#8412),.PCURVE_S1.);
#8401 = LINE('',#8402,#8403);
#8402 = CARTESIAN_POINT('',(0.,23.65,34.5));
#8403 = VECTOR('',#8404,1.);
#8404 = DIRECTION('',(-0.,-0.,1.));
#8405 = PCURVE('',#7445,#8406);
#8406 = DEFINITIONAL_REPRESENTATION('',(#8407),#8411);
#8407 = LINE('',#8408,#8409);
#8408 = CARTESIAN_POINT('',(-20.1,-72.15));
#8409 = VECTOR('',#8410,1.);
#8410 = DIRECTION('',(1.,-0.));
#8411 = ( GEOMETRIC_REPRESENTATION_CONTEXT(2) 
PARAMETRIC_REPRESENTATION_CONTEXT() REPRESENTATION_CONTEXT('2D SPACE',''
  ) );
#8412 = PCURVE('',#8413,#8418);
#8413 = PLANE('',#8414);
#8414 = AXIS2_PLACEMENT_3D('',#8415,#8416,#8417);
#8415 = CARTESIAN_POINT('',(-7.5,23.65,39.5));
#8416 = DIRECTION('',(-0.,1.,-0.));
#8417 = DIRECTION('',(0.,0.,1.));
#8418 = DEFINITIONAL_REPRESENTATION('',(#8419),#8423);
#8419 = LINE('',#8420,#8421);
#8420 = CARTESIAN_POINT('',(-5.,7.5));
#8421 = VECTOR('',#8422,1.);
#8422 = DIRECTION('',(1.,-0.));
#8423 = ( GEOMETRIC_REPRESENTATION_CONTEXT(2) 
PARAMETRIC_REPRESENTATION_CONTEXT() REPRESENTATION_CONTEXT('2D SPACE',''
  ) );
#8424 = ORIENTED_EDGE('',*,*,#7846,.F.);
#8425 = ORIENTED_EDGE('',*,*,#8426,.T.);
#8426 = EDGE_CURVE('',#7819,#8427,#8429,.T.);
#8427 = VERTEX_POINT('',#8428);
#8428 = CARTESIAN_POINT('',(0.,-23.65,44.5));
#8429 = SURFACE_CURVE('',#8430,(#8434,#8441),.PCURVE_S1.);
#8430 = LINE('',#8431,#8432);
#8431 = CARTESIAN_POINT('',(0.,-23.65,34.5));
#8432 = VECTOR('',#8433,1.);
#8433 = DIRECTION('',(-0.,-0.,1.));
#8434 = PCURVE('',#7445,#8435);
#8435 = DEFINITIONAL_REPRESENTATION('',(#8436),#8440);
#8436 = LINE('',#8437,#8438);
#8437 = CARTESIAN_POINT('',(-20.1,-24.85));
#8438 = VECTOR('',#8439,1.);
#8439 = DIRECTION('',(1.,-0.));
#8440 = ( GEOMETRIC_REPRESENTATION_CONTEXT(2) 
PARAMETRIC_REPRESENTATION_CONTEXT() REPRESENTATION_CONTEXT('2D SPACE',''
  ) );
#8441 = PCURVE('',#8442,#8447);
#8442 = PLANE('',#8443);
#8443 = AXIS2_PLACEMENT_3D('',#8444,#8445,#8446);
#8444 = CARTESIAN_POINT('',(-7.5,-23.65,39.5));
#8445 = DIRECTION('',(-0.,1.,-0.));
#8446 = DIRECTION('',(0.,0.,1.));
#8447 = DEFINITIONAL_REPRESENTATION('',(#8448),#8452);
#8448 = LINE('',#8449,#8450);
#8449 = CARTESIAN_POINT('',(-5.,7.5));
#8450 = VECTOR('',#8451,1.);
#8451 = DIRECTION('',(1.,-0.));
#8452 = ( GEOMETRIC_REPRESENTATION_CONTEXT(2) 
PARAMETRIC_REPRESENTATION_CONTEXT() REPRESENTATION_CONTEXT('2D SPACE',''
  ) );
#8453 = ORIENTED_EDGE('',*,*,#8454,.F.);
#8454 = EDGE_CURVE('',#8455,#8427,#8457,.T.);
#8455 = VERTEX_POINT('',#8456);
#8456 = CARTESIAN_POINT('',(0.,-36.35,44.5));
#8457 = SURFACE_CURVE('',#8458,(#8462,#8469),.PCURVE_S1.);
#8458 = LINE('',#8459,#8460);
#8459 = CARTESIAN_POINT('',(0.,-36.35,44.5));
#8460 = VECTOR('',#8461,1.);
#8461 = DIRECTION('',(-0.,1.,-0.));
#8462 = PCURVE('',#7445,#8463);
#8463 = DEFINITIONAL_REPRESENTATION('',(#8464),#8468);
#8464 = LINE('',#8465,#8466);
#8465 = CARTESIAN_POINT('',(-10.1,-12.15));
#8466 = VECTOR('',#8467,1.);
#8467 = DIRECTION('',(-0.,-1.));
#8468 = ( GEOMETRIC_REPRESENTATION_CONTEXT(2) 
PARAMETRIC_REPRESENTATION_CONTEXT() REPRESENTATION_CONTEXT('2D SPACE',''
  ) );
#8469 = PCURVE('',#8470,#8475);
#8470 = PLANE('',#8471);
#8471 = AXIS2_PLACEMENT_3D('',#8472,#8473,#8474);
#8472 = CARTESIAN_POINT('',(0.,-36.35,44.5));
#8473 = DIRECTION('',(-0.,0.,-1.));
#8474 = DIRECTION('',(1.,0.,0.));
#8475 = DEFINITIONAL_REPRESENTATION('',(#8476),#8480);
#8476 = LINE('',#8477,#8478);
#8477 = CARTESIAN_POINT('',(-0.,-0.));
#8478 = VECTOR('',#8479,1.);
#8479 = DIRECTION('',(-0.,-1.));
#8480 = ( GEOMETRIC_REPRESENTATION_CONTEXT(2) 
PARAMETRIC_REPRESENTATION_CONTEXT() REPRESENTATION_CONTEXT('2D SPACE',''
  ) );
#8481 = ORIENTED_EDGE('',*,*,#8482,.F.);
#8482 = EDGE_CURVE('',#7796,#8455,#8483,.T.);
#8483 = SURFACE_CURVE('',#8484,(#8488,#8495),.PCURVE_S1.);
#8484 = LINE('',#8485,#8486);
#8485 = CARTESIAN_POINT('',(0.,-36.35,34.5));
#8486 = VECTOR('',#8487,1.);
#8487 = DIRECTION('',(-0.,-0.,1.));
#8488 = PCURVE('',#7445,#8489);
#8489 = DEFINITIONAL_REPRESENTATION('',(#8490),#8494);
#8490 = LINE('',#8491,#8492);
#8491 = CARTESIAN_POINT('',(-20.1,-12.15));
#8492 = VECTOR('',#8493,1.);
#8493 = DIRECTION('',(1.,-0.));
#8494 = ( GEOMETRIC_REPRESENTATION_CONTEXT(2) 
PARAMETRIC_REPRESENTATION_CONTEXT() REPRESENTATION_CONTEXT('2D SPACE',''
  ) );
#8495 = PCURVE('',#8496,#8501);
#8496 = PLANE('',#8497);
#8497 = AXIS2_PLACEMENT_3D('',#8498,#8499,#8500);
#8498 = CARTESIAN_POINT('',(-7.5,-36.35,39.5));
#8499 = DIRECTION('',(-0.,1.,-0.));
#8500 = DIRECTION('',(0.,0.,1.));
#8501 = DEFINITIONAL_REPRESENTATION('',(#8502),#8506);
#8502 = LINE('',#8503,#8504);
#8503 = CARTESIAN_POINT('',(-5.,7.5));
#8504 = VECTOR('',#8505,1.);
#8505 = DIRECTION('',(1.,-0.));
#8506 = ( GEOMETRIC_REPRESENTATION_CONTEXT(2) 
PARAMETRIC_REPRESENTATION_CONTEXT() REPRESENTATION_CONTEXT('2D SPACE',''
  ) );
#8507 = ORIENTED_EDGE('',*,*,#7795,.F.);
#8508 = ADVANCED_FACE('',(#8509),#7670,.T.);
#8509 = FACE_BOUND('',#8510,.T.);
#8510 = EDGE_LOOP('',(#8511,#8512,#8533,#8534));
#8511 = ORIENTED_EDGE('',*,*,#7653,.T.);
#8512 = ORIENTED_EDGE('',*,*,#8513,.T.);
#8513 = EDGE_CURVE('',#7626,#8117,#8514,.T.);
#8514 = SURFACE_CURVE('',#8515,(#8519,#8526),.PCURVE_S1.);
#8515 = LINE('',#8516,#8517);
#8516 = CARTESIAN_POINT('',(12.2,-48.5,49.6));
#8517 = VECTOR('',#8518,1.);
#8518 = DIRECTION('',(-0.,1.,-0.));
#8519 = PCURVE('',#7670,#8520);
#8520 = DEFINITIONAL_REPRESENTATION('',(#8521),#8525);
#8521 = LINE('',#8522,#8523);
#8522 = CARTESIAN_POINT('',(1.570796326795,0.));
#8523 = VECTOR('',#8524,1.);
#8524 = DIRECTION('',(0.,1.));
#8525 = ( GEOMETRIC_REPRESENTATION_CONTEXT(2) 
PARAMETRIC_REPRESENTATION_CONTEXT() REPRESENTATION_CONTEXT('2D SPACE',''
  ) );
#8526 = PCURVE('',#7641,#8527);
#8527 = DEFINITIONAL_REPRESENTATION('',(#8528),#8532);
#8528 = LINE('',#8529,#8530);
#8529 = CARTESIAN_POINT('',(-6.8,0.));
#8530 = VECTOR('',#8531,1.);
#8531 = DIRECTION('',(-0.,-1.));
#8532 = ( GEOMETRIC_REPRESENTATION_CONTEXT(2) 
PARAMETRIC_REPRESENTATION_CONTEXT() REPRESENTATION_CONTEXT('2D SPACE',''
  ) );
#8533 = ORIENTED_EDGE('',*,*,#8139,.F.);
#8534 = ORIENTED_EDGE('',*,*,#8313,.F.);
#8535 = ADVANCED_FACE('',(#8536),#7641,.T.);
#8536 = FACE_BOUND('',#8537,.F.);
#8537 = EDGE_LOOP('',(#8538,#8539,#8540,#8541,#8564,#8592,#8620,#8648,
    #8676,#8704,#8732,#8760));
#8538 = ORIENTED_EDGE('',*,*,#7625,.F.);
#8539 = ORIENTED_EDGE('',*,*,#8513,.T.);
#8540 = ORIENTED_EDGE('',*,*,#8116,.T.);
#8541 = ORIENTED_EDGE('',*,*,#8542,.F.);
#8542 = EDGE_CURVE('',#8543,#8094,#8545,.T.);
#8543 = VERTEX_POINT('',#8544);
#8544 = CARTESIAN_POINT('',(5.,-22.16,49.6));
#8545 = SURFACE_CURVE('',#8546,(#8550,#8557),.PCURVE_S1.);
#8546 = LINE('',#8547,#8548);
#8547 = CARTESIAN_POINT('',(5.,-48.5,49.6));
#8548 = VECTOR('',#8549,1.);
#8549 = DIRECTION('',(-0.,1.,-0.));
#8550 = PCURVE('',#7641,#8551);
#8551 = DEFINITIONAL_REPRESENTATION('',(#8552),#8556);
#8552 = LINE('',#8553,#8554);
#8553 = CARTESIAN_POINT('',(-14.,0.));
#8554 = VECTOR('',#8555,1.);
#8555 = DIRECTION('',(-0.,-1.));
#8556 = ( GEOMETRIC_REPRESENTATION_CONTEXT(2) 
PARAMETRIC_REPRESENTATION_CONTEXT() REPRESENTATION_CONTEXT('2D SPACE',''
  ) );
#8557 = PCURVE('',#7613,#8558);
#8558 = DEFINITIONAL_REPRESENTATION('',(#8559),#8563);
#8559 = LINE('',#8560,#8561);
#8560 = CARTESIAN_POINT('',(-0.,-0.));
#8561 = VECTOR('',#8562,1.);
#8562 = DIRECTION('',(-0.,-1.));
#8563 = ( GEOMETRIC_REPRESENTATION_CONTEXT(2) 
PARAMETRIC_REPRESENTATION_CONTEXT() REPRESENTATION_CONTEXT('2D SPACE',''
  ) );
#8564 = ORIENTED_EDGE('',*,*,#8565,.F.);
#8565 = EDGE_CURVE('',#8566,#8543,#8568,.T.);
#8566 = VERTEX_POINT('',#8567);
#8567 = CARTESIAN_POINT('',(7.,-22.16,49.6));
#8568 = SURFACE_CURVE('',#8569,(#8573,#8580),.PCURVE_S1.);
#8569 = LINE('',#8570,#8571);
#8570 = CARTESIAN_POINT('',(12.,-22.16,49.6));
#8571 = VECTOR('',#8572,1.);
#8572 = DIRECTION('',(-1.,-0.,-0.));
#8573 = PCURVE('',#7641,#8574);
#8574 = DEFINITIONAL_REPRESENTATION('',(#8575),#8579);
#8575 = LINE('',#8576,#8577);
#8576 = CARTESIAN_POINT('',(-7.,-26.34));
#8577 = VECTOR('',#8578,1.);
#8578 = DIRECTION('',(-1.,0.));
#8579 = ( GEOMETRIC_REPRESENTATION_CONTEXT(2) 
PARAMETRIC_REPRESENTATION_CONTEXT() REPRESENTATION_CONTEXT('2D SPACE',''
  ) );
#8580 = PCURVE('',#8581,#8586);
#8581 = PLANE('',#8582);
#8582 = AXIS2_PLACEMENT_3D('',#8583,#8584,#8585);
#8583 = CARTESIAN_POINT('',(5.,-22.16,49.6));
#8584 = DIRECTION('',(-0.,1.,-0.));
#8585 = DIRECTION('',(0.,0.,1.));
#8586 = DEFINITIONAL_REPRESENTATION('',(#8587),#8591);
#8587 = LINE('',#8588,#8589);
#8588 = CARTESIAN_POINT('',(0.,7.));
#8589 = VECTOR('',#8590,1.);
#8590 = DIRECTION('',(-0.,-1.));
#8591 = ( GEOMETRIC_REPRESENTATION_CONTEXT(2) 
PARAMETRIC_REPRESENTATION_CONTEXT() REPRESENTATION_CONTEXT('2D SPACE',''
  ) );
#8592 = ORIENTED_EDGE('',*,*,#8593,.T.);
#8593 = EDGE_CURVE('',#8566,#8594,#8596,.T.);
#8594 = VERTEX_POINT('',#8595);
#8595 = CARTESIAN_POINT('',(7.,29.1,49.6));
#8596 = SURFACE_CURVE('',#8597,(#8601,#8608),.PCURVE_S1.);
#8597 = LINE('',#8598,#8599);
#8598 = CARTESIAN_POINT('',(7.,-38.8,49.6));
#8599 = VECTOR('',#8600,1.);
#8600 = DIRECTION('',(-0.,1.,-0.));
#8601 = PCURVE('',#7641,#8602);
#8602 = DEFINITIONAL_REPRESENTATION('',(#8603),#8607);
#8603 = LINE('',#8604,#8605);
#8604 = CARTESIAN_POINT('',(-12.,-9.7));
#8605 = VECTOR('',#8606,1.);
#8606 = DIRECTION('',(-0.,-1.));
#8607 = ( GEOMETRIC_REPRESENTATION_CONTEXT(2) 
PARAMETRIC_REPRESENTATION_CONTEXT() REPRESENTATION_CONTEXT('2D SPACE',''
  ) );
#8608 = PCURVE('',#8609,#8614);
#8609 = PLANE('',#8610);
#8610 = AXIS2_PLACEMENT_3D('',#8611,#8612,#8613);
#8611 = CARTESIAN_POINT('',(7.,-29.1,50.1));
#8612 = DIRECTION('',(1.,-0.,-0.));
#8613 = DIRECTION('',(0.,0.,1.));
#8614 = DEFINITIONAL_REPRESENTATION('',(#8615),#8619);
#8615 = LINE('',#8616,#8617);
#8616 = CARTESIAN_POINT('',(-0.5,9.7));
#8617 = VECTOR('',#8618,1.);
#8618 = DIRECTION('',(-0.,-1.));
#8619 = ( GEOMETRIC_REPRESENTATION_CONTEXT(2) 
PARAMETRIC_REPRESENTATION_CONTEXT() REPRESENTATION_CONTEXT('2D SPACE',''
  ) );
#8620 = ORIENTED_EDGE('',*,*,#8621,.F.);
#8621 = EDGE_CURVE('',#8622,#8594,#8624,.T.);
#8622 = VERTEX_POINT('',#8623);
#8623 = CARTESIAN_POINT('',(12.,29.1,49.6));
#8624 = SURFACE_CURVE('',#8625,(#8629,#8636),.PCURVE_S1.);
#8625 = LINE('',#8626,#8627);
#8626 = CARTESIAN_POINT('',(14.25,29.1,49.6));
#8627 = VECTOR('',#8628,1.);
#8628 = DIRECTION('',(-1.,-0.,-0.));
#8629 = PCURVE('',#7641,#8630);
#8630 = DEFINITIONAL_REPRESENTATION('',(#8631),#8635);
#8631 = LINE('',#8632,#8633);
#8632 = CARTESIAN_POINT('',(-4.75,-77.6));
#8633 = VECTOR('',#8634,1.);
#8634 = DIRECTION('',(-1.,0.));
#8635 = ( GEOMETRIC_REPRESENTATION_CONTEXT(2) 
PARAMETRIC_REPRESENTATION_CONTEXT() REPRESENTATION_CONTEXT('2D SPACE',''
  ) );
#8636 = PCURVE('',#8637,#8642);
#8637 = PLANE('',#8638);
#8638 = AXIS2_PLACEMENT_3D('',#8639,#8640,#8641);
#8639 = CARTESIAN_POINT('',(9.5,29.1,49.6));
#8640 = DIRECTION('',(-0.,1.,-0.));
#8641 = DIRECTION('',(0.,0.,1.));
#8642 = DEFINITIONAL_REPRESENTATION('',(#8643),#8647);
#8643 = LINE('',#8644,#8645);
#8644 = CARTESIAN_POINT('',(0.,4.75));
#8645 = VECTOR('',#8646,1.);
#8646 = DIRECTION('',(-0.,-1.));
#8647 = ( GEOMETRIC_REPRESENTATION_CONTEXT(2) 
PARAMETRIC_REPRESENTATION_CONTEXT() REPRESENTATION_CONTEXT('2D SPACE',''
  ) );
#8648 = ORIENTED_EDGE('',*,*,#8649,.T.);
#8649 = EDGE_CURVE('',#8622,#8650,#8652,.T.);
#8650 = VERTEX_POINT('',#8651);
#8651 = CARTESIAN_POINT('',(12.,-29.1,49.6));
#8652 = SURFACE_CURVE('',#8653,(#8657,#8664),.PCURVE_S1.);
#8653 = LINE('',#8654,#8655);
#8654 = CARTESIAN_POINT('',(12.,-38.8,49.6));
#8655 = VECTOR('',#8656,1.);
#8656 = DIRECTION('',(-0.,-1.,-0.));
#8657 = PCURVE('',#7641,#8658);
#8658 = DEFINITIONAL_REPRESENTATION('',(#8659),#8663);
#8659 = LINE('',#8660,#8661);
#8660 = CARTESIAN_POINT('',(-7.,-9.7));
#8661 = VECTOR('',#8662,1.);
#8662 = DIRECTION('',(-0.,1.));
#8663 = ( GEOMETRIC_REPRESENTATION_CONTEXT(2) 
PARAMETRIC_REPRESENTATION_CONTEXT() REPRESENTATION_CONTEXT('2D SPACE',''
  ) );
#8664 = PCURVE('',#8665,#8670);
#8665 = PLANE('',#8666);
#8666 = AXIS2_PLACEMENT_3D('',#8667,#8668,#8669);
#8667 = CARTESIAN_POINT('',(12.,-29.1,49.1));
#8668 = DIRECTION('',(-1.,-0.,-0.));
#8669 = DIRECTION('',(0.,0.,-1.));
#8670 = DEFINITIONAL_REPRESENTATION('',(#8671),#8675);
#8671 = LINE('',#8672,#8673);
#8672 = CARTESIAN_POINT('',(-0.5,9.7));
#8673 = VECTOR('',#8674,1.);
#8674 = DIRECTION('',(-0.,1.));
#8675 = ( GEOMETRIC_REPRESENTATION_CONTEXT(2) 
PARAMETRIC_REPRESENTATION_CONTEXT() REPRESENTATION_CONTEXT('2D SPACE',''
  ) );
#8676 = ORIENTED_EDGE('',*,*,#8677,.T.);
#8677 = EDGE_CURVE('',#8650,#8678,#8680,.T.);
#8678 = VERTEX_POINT('',#8679);
#8679 = CARTESIAN_POINT('',(8.,-29.1,49.6));
#8680 = SURFACE_CURVE('',#8681,(#8685,#8692),.PCURVE_S1.);
#8681 = LINE('',#8682,#8683);
#8682 = CARTESIAN_POINT('',(14.25,-29.1,49.6));
#8683 = VECTOR('',#8684,1.);
#8684 = DIRECTION('',(-1.,-0.,-0.));
#8685 = PCURVE('',#7641,#8686);
#8686 = DEFINITIONAL_REPRESENTATION('',(#8687),#8691);
#8687 = LINE('',#8688,#8689);
#8688 = CARTESIAN_POINT('',(-4.75,-19.4));
#8689 = VECTOR('',#8690,1.);
#8690 = DIRECTION('',(-1.,0.));
#8691 = ( GEOMETRIC_REPRESENTATION_CONTEXT(2) 
PARAMETRIC_REPRESENTATION_CONTEXT() REPRESENTATION_CONTEXT('2D SPACE',''
  ) );
#8692 = PCURVE('',#8693,#8698);
#8693 = PLANE('',#8694);
#8694 = AXIS2_PLACEMENT_3D('',#8695,#8696,#8697);
#8695 = CARTESIAN_POINT('',(9.5,-29.1,49.6));
#8696 = DIRECTION('',(-0.,1.,-0.));
#8697 = DIRECTION('',(0.,0.,1.));
#8698 = DEFINITIONAL_REPRESENTATION('',(#8699),#8703);
#8699 = LINE('',#8700,#8701);
#8700 = CARTESIAN_POINT('',(0.,4.75));
#8701 = VECTOR('',#8702,1.);
#8702 = DIRECTION('',(-0.,-1.));
#8703 = ( GEOMETRIC_REPRESENTATION_CONTEXT(2) 
PARAMETRIC_REPRESENTATION_CONTEXT() REPRESENTATION_CONTEXT('2D SPACE',''
  ) );
#8704 = ORIENTED_EDGE('',*,*,#8705,.F.);
#8705 = EDGE_CURVE('',#8706,#8678,#8708,.T.);
#8706 = VERTEX_POINT('',#8707);
#8707 = CARTESIAN_POINT('',(8.,-32.16,49.6));
#8708 = SURFACE_CURVE('',#8709,(#8713,#8720),.PCURVE_S1.);
#8709 = LINE('',#8710,#8711);
#8710 = CARTESIAN_POINT('',(8.,-32.16,49.6));
#8711 = VECTOR('',#8712,1.);
#8712 = DIRECTION('',(-0.,1.,-0.));
#8713 = PCURVE('',#7641,#8714);
#8714 = DEFINITIONAL_REPRESENTATION('',(#8715),#8719);
#8715 = LINE('',#8716,#8717);
#8716 = CARTESIAN_POINT('',(-11.,-16.34));
#8717 = VECTOR('',#8718,1.);
#8718 = DIRECTION('',(-0.,-1.));
#8719 = ( GEOMETRIC_REPRESENTATION_CONTEXT(2) 
PARAMETRIC_REPRESENTATION_CONTEXT() REPRESENTATION_CONTEXT('2D SPACE',''
  ) );
#8720 = PCURVE('',#8721,#8726);
#8721 = CYLINDRICAL_SURFACE('',#8722,3.);
#8722 = AXIS2_PLACEMENT_3D('',#8723,#8724,#8725);
#8723 = CARTESIAN_POINT('',(5.,-32.16,49.6));
#8724 = DIRECTION('',(-0.,-1.,-0.));
#8725 = DIRECTION('',(1.,-0.,-0.));
#8726 = DEFINITIONAL_REPRESENTATION('',(#8727),#8731);
#8727 = LINE('',#8728,#8729);
#8728 = CARTESIAN_POINT('',(0.,0.));
#8729 = VECTOR('',#8730,1.);
#8730 = DIRECTION('',(0.,-1.));
#8731 = ( GEOMETRIC_REPRESENTATION_CONTEXT(2) 
PARAMETRIC_REPRESENTATION_CONTEXT() REPRESENTATION_CONTEXT('2D SPACE',''
  ) );
#8732 = ORIENTED_EDGE('',*,*,#8733,.T.);
#8733 = EDGE_CURVE('',#8706,#8734,#8736,.T.);
#8734 = VERTEX_POINT('',#8735);
#8735 = CARTESIAN_POINT('',(5.,-32.16,49.6));
#8736 = SURFACE_CURVE('',#8737,(#8741,#8748),.PCURVE_S1.);
#8737 = LINE('',#8738,#8739);
#8738 = CARTESIAN_POINT('',(12.,-32.16,49.6));
#8739 = VECTOR('',#8740,1.);
#8740 = DIRECTION('',(-1.,-0.,-0.));
#8741 = PCURVE('',#7641,#8742);
#8742 = DEFINITIONAL_REPRESENTATION('',(#8743),#8747);
#8743 = LINE('',#8744,#8745);
#8744 = CARTESIAN_POINT('',(-7.,-16.34));
#8745 = VECTOR('',#8746,1.);
#8746 = DIRECTION('',(-1.,0.));
#8747 = ( GEOMETRIC_REPRESENTATION_CONTEXT(2) 
PARAMETRIC_REPRESENTATION_CONTEXT() REPRESENTATION_CONTEXT('2D SPACE',''
  ) );
#8748 = PCURVE('',#8749,#8754);
#8749 = PLANE('',#8750);
#8750 = AXIS2_PLACEMENT_3D('',#8751,#8752,#8753);
#8751 = CARTESIAN_POINT('',(5.,-32.16,49.6));
#8752 = DIRECTION('',(-0.,1.,-0.));
#8753 = DIRECTION('',(0.,0.,1.));
#8754 = DEFINITIONAL_REPRESENTATION('',(#8755),#8759);
#8755 = LINE('',#8756,#8757);
#8756 = CARTESIAN_POINT('',(0.,7.));
#8757 = VECTOR('',#8758,1.);
#8758 = DIRECTION('',(-0.,-1.));
#8759 = ( GEOMETRIC_REPRESENTATION_CONTEXT(2) 
PARAMETRIC_REPRESENTATION_CONTEXT() REPRESENTATION_CONTEXT('2D SPACE',''
  ) );
#8760 = ORIENTED_EDGE('',*,*,#8761,.F.);
#8761 = EDGE_CURVE('',#7598,#8734,#8762,.T.);
#8762 = SURFACE_CURVE('',#8763,(#8767,#8774),.PCURVE_S1.);
#8763 = LINE('',#8764,#8765);
#8764 = CARTESIAN_POINT('',(5.,-48.5,49.6));
#8765 = VECTOR('',#8766,1.);
#8766 = DIRECTION('',(-0.,1.,-0.));
#8767 = PCURVE('',#7641,#8768);
#8768 = DEFINITIONAL_REPRESENTATION('',(#8769),#8773);
#8769 = LINE('',#8770,#8771);
#8770 = CARTESIAN_POINT('',(-14.,0.));
#8771 = VECTOR('',#8772,1.);
#8772 = DIRECTION('',(-0.,-1.));
#8773 = ( GEOMETRIC_REPRESENTATION_CONTEXT(2) 
PARAMETRIC_REPRESENTATION_CONTEXT() REPRESENTATION_CONTEXT('2D SPACE',''
  ) );
#8774 = PCURVE('',#7613,#8775);
#8775 = DEFINITIONAL_REPRESENTATION('',(#8776),#8780);
#8776 = LINE('',#8777,#8778);
#8777 = CARTESIAN_POINT('',(-0.,-0.));
#8778 = VECTOR('',#8779,1.);
#8779 = DIRECTION('',(-0.,-1.));
#8780 = ( GEOMETRIC_REPRESENTATION_CONTEXT(2) 
PARAMETRIC_REPRESENTATION_CONTEXT() REPRESENTATION_CONTEXT('2D SPACE',''
  ) );
#8781 = ADVANCED_FACE('',(#8782),#7613,.T.);
#8782 = FACE_BOUND('',#8783,.F.);
#8783 = EDGE_LOOP('',(#8784,#8785,#8786,#8809,#8832,#8853,#8854,#8855));
#8784 = ORIENTED_EDGE('',*,*,#7597,.F.);
#8785 = ORIENTED_EDGE('',*,*,#8761,.T.);
#8786 = ORIENTED_EDGE('',*,*,#8787,.T.);
#8787 = EDGE_CURVE('',#8734,#8788,#8790,.T.);
#8788 = VERTEX_POINT('',#8789);
#8789 = CARTESIAN_POINT('',(5.,-32.16,46.6));
#8790 = SURFACE_CURVE('',#8791,(#8795,#8802),.PCURVE_S1.);
#8791 = LINE('',#8792,#8793);
#8792 = CARTESIAN_POINT('',(5.,-32.16,49.6));
#8793 = VECTOR('',#8794,1.);
#8794 = DIRECTION('',(-0.,-0.,-1.));
#8795 = PCURVE('',#7613,#8796);
#8796 = DEFINITIONAL_REPRESENTATION('',(#8797),#8801);
#8797 = LINE('',#8798,#8799);
#8798 = CARTESIAN_POINT('',(-0.,-16.34));
#8799 = VECTOR('',#8800,1.);
#8800 = DIRECTION('',(-1.,0.));
#8801 = ( GEOMETRIC_REPRESENTATION_CONTEXT(2) 
PARAMETRIC_REPRESENTATION_CONTEXT() REPRESENTATION_CONTEXT('2D SPACE',''
  ) );
#8802 = PCURVE('',#8749,#8803);
#8803 = DEFINITIONAL_REPRESENTATION('',(#8804),#8808);
#8804 = LINE('',#8805,#8806);
#8805 = CARTESIAN_POINT('',(0.,-0.));
#8806 = VECTOR('',#8807,1.);
#8807 = DIRECTION('',(-1.,0.));
#8808 = ( GEOMETRIC_REPRESENTATION_CONTEXT(2) 
PARAMETRIC_REPRESENTATION_CONTEXT() REPRESENTATION_CONTEXT('2D SPACE',''
  ) );
#8809 = ORIENTED_EDGE('',*,*,#8810,.F.);
#8810 = EDGE_CURVE('',#8811,#8788,#8813,.T.);
#8811 = VERTEX_POINT('',#8812);
#8812 = CARTESIAN_POINT('',(5.,-22.16,46.6));
#8813 = SURFACE_CURVE('',#8814,(#8818,#8825),.PCURVE_S1.);
#8814 = LINE('',#8815,#8816);
#8815 = CARTESIAN_POINT('',(5.,-32.16,46.6));
#8816 = VECTOR('',#8817,1.);
#8817 = DIRECTION('',(-0.,-1.,-0.));
#8818 = PCURVE('',#7613,#8819);
#8819 = DEFINITIONAL_REPRESENTATION('',(#8820),#8824);
#8820 = LINE('',#8821,#8822);
#8821 = CARTESIAN_POINT('',(-3.,-16.34));
#8822 = VECTOR('',#8823,1.);
#8823 = DIRECTION('',(-0.,1.));
#8824 = ( GEOMETRIC_REPRESENTATION_CONTEXT(2) 
PARAMETRIC_REPRESENTATION_CONTEXT() REPRESENTATION_CONTEXT('2D SPACE',''
  ) );
#8825 = PCURVE('',#8721,#8826);
#8826 = DEFINITIONAL_REPRESENTATION('',(#8827),#8831);
#8827 = LINE('',#8828,#8829);
#8828 = CARTESIAN_POINT('',(4.712388980385,0.));
#8829 = VECTOR('',#8830,1.);
#8830 = DIRECTION('',(0.,1.));
#8831 = ( GEOMETRIC_REPRESENTATION_CONTEXT(2) 
PARAMETRIC_REPRESENTATION_CONTEXT() REPRESENTATION_CONTEXT('2D SPACE',''
  ) );
#8832 = ORIENTED_EDGE('',*,*,#8833,.F.);
#8833 = EDGE_CURVE('',#8543,#8811,#8834,.T.);
#8834 = SURFACE_CURVE('',#8835,(#8839,#8846),.PCURVE_S1.);
#8835 = LINE('',#8836,#8837);
#8836 = CARTESIAN_POINT('',(5.,-22.16,49.6));
#8837 = VECTOR('',#8838,1.);
#8838 = DIRECTION('',(-0.,-0.,-1.));
#8839 = PCURVE('',#7613,#8840);
#8840 = DEFINITIONAL_REPRESENTATION('',(#8841),#8845);
#8841 = LINE('',#8842,#8843);
#8842 = CARTESIAN_POINT('',(-0.,-26.34));
#8843 = VECTOR('',#8844,1.);
#8844 = DIRECTION('',(-1.,0.));
#8845 = ( GEOMETRIC_REPRESENTATION_CONTEXT(2) 
PARAMETRIC_REPRESENTATION_CONTEXT() REPRESENTATION_CONTEXT('2D SPACE',''
  ) );
#8846 = PCURVE('',#8581,#8847);
#8847 = DEFINITIONAL_REPRESENTATION('',(#8848),#8852);
#8848 = LINE('',#8849,#8850);
#8849 = CARTESIAN_POINT('',(0.,-0.));
#8850 = VECTOR('',#8851,1.);
#8851 = DIRECTION('',(-1.,0.));
#8852 = ( GEOMETRIC_REPRESENTATION_CONTEXT(2) 
PARAMETRIC_REPRESENTATION_CONTEXT() REPRESENTATION_CONTEXT('2D SPACE',''
  ) );
#8853 = ORIENTED_EDGE('',*,*,#8542,.T.);
#8854 = ORIENTED_EDGE('',*,*,#8093,.T.);
#8855 = ORIENTED_EDGE('',*,*,#8856,.F.);
#8856 = EDGE_CURVE('',#7570,#8071,#8857,.T.);
#8857 = SURFACE_CURVE('',#8858,(#8862,#8869),.PCURVE_S1.);
#8858 = LINE('',#8859,#8860);
#8859 = CARTESIAN_POINT('',(5.,-48.5,42.));
#8860 = VECTOR('',#8861,1.);
#8861 = DIRECTION('',(-0.,1.,-0.));
#8862 = PCURVE('',#7613,#8863);
#8863 = DEFINITIONAL_REPRESENTATION('',(#8864),#8868);
#8864 = LINE('',#8865,#8866);
#8865 = CARTESIAN_POINT('',(-7.6,0.));
#8866 = VECTOR('',#8867,1.);
#8867 = DIRECTION('',(-0.,-1.));
#8868 = ( GEOMETRIC_REPRESENTATION_CONTEXT(2) 
PARAMETRIC_REPRESENTATION_CONTEXT() REPRESENTATION_CONTEXT('2D SPACE',''
  ) );
#8869 = PCURVE('',#7585,#8870);
#8870 = DEFINITIONAL_REPRESENTATION('',(#8871),#8875);
#8871 = LINE('',#8872,#8873);
#8872 = CARTESIAN_POINT('',(-0.,-0.));
#8873 = VECTOR('',#8874,1.);
#8874 = DIRECTION('',(-0.,-1.));
#8875 = ( GEOMETRIC_REPRESENTATION_CONTEXT(2) 
PARAMETRIC_REPRESENTATION_CONTEXT() REPRESENTATION_CONTEXT('2D SPACE',''
  ) );
#8876 = ADVANCED_FACE('',(#8877),#7585,.T.);
#8877 = FACE_BOUND('',#8878,.F.);
#8878 = EDGE_LOOP('',(#8879,#8880,#8881,#8882));
#8879 = ORIENTED_EDGE('',*,*,#7569,.F.);
#8880 = ORIENTED_EDGE('',*,*,#8856,.T.);
#8881 = ORIENTED_EDGE('',*,*,#8070,.T.);
#8882 = ORIENTED_EDGE('',*,*,#8883,.T.);
#8883 = EDGE_CURVE('',#8043,#7537,#8884,.T.);
#8884 = SURFACE_CURVE('',#8885,(#8889,#8896),.PCURVE_S1.);
#8885 = LINE('',#8886,#8887);
#8886 = CARTESIAN_POINT('',(12.2,48.5,42.));
#8887 = VECTOR('',#8888,1.);
#8888 = DIRECTION('',(-0.,-1.,-0.));
#8889 = PCURVE('',#7585,#8890);
#8890 = DEFINITIONAL_REPRESENTATION('',(#8891),#8895);
#8891 = LINE('',#8892,#8893);
#8892 = CARTESIAN_POINT('',(-7.2,-97.));
#8893 = VECTOR('',#8894,1.);
#8894 = DIRECTION('',(-0.,1.));
#8895 = ( GEOMETRIC_REPRESENTATION_CONTEXT(2) 
PARAMETRIC_REPRESENTATION_CONTEXT() REPRESENTATION_CONTEXT('2D SPACE',''
  ) );
#8896 = PCURVE('',#7557,#8897);
#8897 = DEFINITIONAL_REPRESENTATION('',(#8898),#8902);
#8898 = LINE('',#8899,#8900);
#8899 = CARTESIAN_POINT('',(1.570796326795,0.));
#8900 = VECTOR('',#8901,1.);
#8901 = DIRECTION('',(0.,1.));
#8902 = ( GEOMETRIC_REPRESENTATION_CONTEXT(2) 
PARAMETRIC_REPRESENTATION_CONTEXT() REPRESENTATION_CONTEXT('2D SPACE',''
  ) );
#8903 = ADVANCED_FACE('',(#8904),#7524,.F.);
#8904 = FACE_BOUND('',#8905,.T.);
#8905 = EDGE_LOOP('',(#8906,#8907,#8908,#8909));
#8906 = ORIENTED_EDGE('',*,*,#7508,.F.);
#8907 = ORIENTED_EDGE('',*,*,#7741,.T.);
#8908 = ORIENTED_EDGE('',*,*,#8019,.T.);
#8909 = ORIENTED_EDGE('',*,*,#8910,.T.);
#8910 = EDGE_CURVE('',#8020,#7509,#8911,.T.);
#8911 = SURFACE_CURVE('',#8912,(#8916,#8923),.PCURVE_S1.);
#8912 = LINE('',#8913,#8914);
#8913 = CARTESIAN_POINT('',(14.,48.5,40.2));
#8914 = VECTOR('',#8915,1.);
#8915 = DIRECTION('',(-0.,-1.,-0.));
#8916 = PCURVE('',#7524,#8917);
#8917 = DEFINITIONAL_REPRESENTATION('',(#8918),#8922);
#8918 = LINE('',#8919,#8920);
#8919 = CARTESIAN_POINT('',(-3.2,-97.));
#8920 = VECTOR('',#8921,1.);
#8921 = DIRECTION('',(-0.,1.));
#8922 = ( GEOMETRIC_REPRESENTATION_CONTEXT(2) 
PARAMETRIC_REPRESENTATION_CONTEXT() REPRESENTATION_CONTEXT('2D SPACE',''
  ) );
#8923 = PCURVE('',#7557,#8924);
#8924 = DEFINITIONAL_REPRESENTATION('',(#8925),#8929);
#8925 = LINE('',#8926,#8927);
#8926 = CARTESIAN_POINT('',(0.,0.));
#8927 = VECTOR('',#8928,1.);
#8928 = DIRECTION('',(0.,1.));
#8929 = ( GEOMETRIC_REPRESENTATION_CONTEXT(2) 
PARAMETRIC_REPRESENTATION_CONTEXT() REPRESENTATION_CONTEXT('2D SPACE',''
  ) );
#8930 = ADVANCED_FACE('',(#8931),#7557,.T.);
#8931 = FACE_BOUND('',#8932,.T.);
#8932 = EDGE_LOOP('',(#8933,#8934,#8935,#8936));
#8933 = ORIENTED_EDGE('',*,*,#8042,.T.);
#8934 = ORIENTED_EDGE('',*,*,#8883,.T.);
#8935 = ORIENTED_EDGE('',*,*,#7536,.F.);
#8936 = ORIENTED_EDGE('',*,*,#8910,.F.);
#8937 = ADVANCED_FACE('',(#8938),#7834,.F.);
#8938 = FACE_BOUND('',#8939,.T.);
#8939 = EDGE_LOOP('',(#8940,#8963,#8991,#9012));
#8940 = ORIENTED_EDGE('',*,*,#8941,.F.);
#8941 = EDGE_CURVE('',#8942,#7796,#8944,.T.);
#8942 = VERTEX_POINT('',#8943);
#8943 = CARTESIAN_POINT('',(0.,-36.35,34.5));
#8944 = SURFACE_CURVE('',#8945,(#8949,#8956),.PCURVE_S1.);
#8945 = LINE('',#8946,#8947);
#8946 = CARTESIAN_POINT('',(0.,-36.35,34.5));
#8947 = VECTOR('',#8948,1.);
#8948 = DIRECTION('',(-0.,-0.,1.));
#8949 = PCURVE('',#7834,#8950);
#8950 = DEFINITIONAL_REPRESENTATION('',(#8951),#8955);
#8951 = LINE('',#8952,#8953);
#8952 = CARTESIAN_POINT('',(-0.,-0.));
#8953 = VECTOR('',#8954,1.);
#8954 = DIRECTION('',(-1.,-0.));
#8955 = ( GEOMETRIC_REPRESENTATION_CONTEXT(2) 
PARAMETRIC_REPRESENTATION_CONTEXT() REPRESENTATION_CONTEXT('2D SPACE',''
  ) );
#8956 = PCURVE('',#8496,#8957);
#8957 = DEFINITIONAL_REPRESENTATION('',(#8958),#8962);
#8958 = LINE('',#8959,#8960);
#8959 = CARTESIAN_POINT('',(-5.,7.5));
#8960 = VECTOR('',#8961,1.);
#8961 = DIRECTION('',(1.,-0.));
#8962 = ( GEOMETRIC_REPRESENTATION_CONTEXT(2) 
PARAMETRIC_REPRESENTATION_CONTEXT() REPRESENTATION_CONTEXT('2D SPACE',''
  ) );
#8963 = ORIENTED_EDGE('',*,*,#8964,.T.);
#8964 = EDGE_CURVE('',#8942,#8965,#8967,.T.);
#8965 = VERTEX_POINT('',#8966);
#8966 = CARTESIAN_POINT('',(0.,-23.65,34.5));
#8967 = SURFACE_CURVE('',#8968,(#8972,#8979),.PCURVE_S1.);
#8968 = LINE('',#8969,#8970);
#8969 = CARTESIAN_POINT('',(0.,-36.35,34.5));
#8970 = VECTOR('',#8971,1.);
#8971 = DIRECTION('',(-0.,1.,-0.));
#8972 = PCURVE('',#7834,#8973);
#8973 = DEFINITIONAL_REPRESENTATION('',(#8974),#8978);
#8974 = LINE('',#8975,#8976);
#8975 = CARTESIAN_POINT('',(-0.,-0.));
#8976 = VECTOR('',#8977,1.);
#8977 = DIRECTION('',(-0.,-1.));
#8978 = ( GEOMETRIC_REPRESENTATION_CONTEXT(2) 
PARAMETRIC_REPRESENTATION_CONTEXT() REPRESENTATION_CONTEXT('2D SPACE',''
  ) );
#8979 = PCURVE('',#8980,#8985);
#8980 = PLANE('',#8981);
#8981 = AXIS2_PLACEMENT_3D('',#8982,#8983,#8984);
#8982 = CARTESIAN_POINT('',(-15.,-36.35,34.5));
#8983 = DIRECTION('',(-0.,-0.,1.));
#8984 = DIRECTION('',(-1.,0.,0.));
#8985 = DEFINITIONAL_REPRESENTATION('',(#8986),#8990);
#8986 = LINE('',#8987,#8988);
#8987 = CARTESIAN_POINT('',(-15.,-0.));
#8988 = VECTOR('',#8989,1.);
#8989 = DIRECTION('',(-0.,-1.));
#8990 = ( GEOMETRIC_REPRESENTATION_CONTEXT(2) 
PARAMETRIC_REPRESENTATION_CONTEXT() REPRESENTATION_CONTEXT('2D SPACE',''
  ) );
#8991 = ORIENTED_EDGE('',*,*,#8992,.T.);
#8992 = EDGE_CURVE('',#8965,#7819,#8993,.T.);
#8993 = SURFACE_CURVE('',#8994,(#8998,#9005),.PCURVE_S1.);
#8994 = LINE('',#8995,#8996);
#8995 = CARTESIAN_POINT('',(0.,-23.65,34.5));
#8996 = VECTOR('',#8997,1.);
#8997 = DIRECTION('',(-0.,-0.,1.));
#8998 = PCURVE('',#7834,#8999);
#8999 = DEFINITIONAL_REPRESENTATION('',(#9000),#9004);
#9000 = LINE('',#9001,#9002);
#9001 = CARTESIAN_POINT('',(-0.,-12.7));
#9002 = VECTOR('',#9003,1.);
#9003 = DIRECTION('',(-1.,-0.));
#9004 = ( GEOMETRIC_REPRESENTATION_CONTEXT(2) 
PARAMETRIC_REPRESENTATION_CONTEXT() REPRESENTATION_CONTEXT('2D SPACE',''
  ) );
#9005 = PCURVE('',#8442,#9006);
#9006 = DEFINITIONAL_REPRESENTATION('',(#9007),#9011);
#9007 = LINE('',#9008,#9009);
#9008 = CARTESIAN_POINT('',(-5.,7.5));
#9009 = VECTOR('',#9010,1.);
#9010 = DIRECTION('',(1.,-0.));
#9011 = ( GEOMETRIC_REPRESENTATION_CONTEXT(2) 
PARAMETRIC_REPRESENTATION_CONTEXT() REPRESENTATION_CONTEXT('2D SPACE',''
  ) );
#9012 = ORIENTED_EDGE('',*,*,#7818,.F.);
#9013 = ADVANCED_FACE('',(#9014),#7885,.F.);
#9014 = FACE_BOUND('',#9015,.T.);
#9015 = EDGE_LOOP('',(#9016,#9039,#9067,#9088));
#9016 = ORIENTED_EDGE('',*,*,#9017,.F.);
#9017 = EDGE_CURVE('',#9018,#7847,#9020,.T.);
#9018 = VERTEX_POINT('',#9019);
#9019 = CARTESIAN_POINT('',(0.,23.65,34.5));
#9020 = SURFACE_CURVE('',#9021,(#9025,#9032),.PCURVE_S1.);
#9021 = LINE('',#9022,#9023);
#9022 = CARTESIAN_POINT('',(0.,23.65,34.5));
#9023 = VECTOR('',#9024,1.);
#9024 = DIRECTION('',(-0.,-0.,1.));
#9025 = PCURVE('',#7885,#9026);
#9026 = DEFINITIONAL_REPRESENTATION('',(#9027),#9031);
#9027 = LINE('',#9028,#9029);
#9028 = CARTESIAN_POINT('',(-0.,-0.));
#9029 = VECTOR('',#9030,1.);
#9030 = DIRECTION('',(-1.,-0.));
#9031 = ( GEOMETRIC_REPRESENTATION_CONTEXT(2) 
PARAMETRIC_REPRESENTATION_CONTEXT() REPRESENTATION_CONTEXT('2D SPACE',''
  ) );
#9032 = PCURVE('',#8413,#9033);
#9033 = DEFINITIONAL_REPRESENTATION('',(#9034),#9038);
#9034 = LINE('',#9035,#9036);
#9035 = CARTESIAN_POINT('',(-5.,7.5));
#9036 = VECTOR('',#9037,1.);
#9037 = DIRECTION('',(1.,-0.));
#9038 = ( GEOMETRIC_REPRESENTATION_CONTEXT(2) 
PARAMETRIC_REPRESENTATION_CONTEXT() REPRESENTATION_CONTEXT('2D SPACE',''
  ) );
#9039 = ORIENTED_EDGE('',*,*,#9040,.T.);
#9040 = EDGE_CURVE('',#9018,#9041,#9043,.T.);
#9041 = VERTEX_POINT('',#9042);
#9042 = CARTESIAN_POINT('',(0.,36.35,34.5));
#9043 = SURFACE_CURVE('',#9044,(#9048,#9055),.PCURVE_S1.);
#9044 = LINE('',#9045,#9046);
#9045 = CARTESIAN_POINT('',(0.,23.65,34.5));
#9046 = VECTOR('',#9047,1.);
#9047 = DIRECTION('',(-0.,1.,-0.));
#9048 = PCURVE('',#7885,#9049);
#9049 = DEFINITIONAL_REPRESENTATION('',(#9050),#9054);
#9050 = LINE('',#9051,#9052);
#9051 = CARTESIAN_POINT('',(-0.,-0.));
#9052 = VECTOR('',#9053,1.);
#9053 = DIRECTION('',(-0.,-1.));
#9054 = ( GEOMETRIC_REPRESENTATION_CONTEXT(2) 
PARAMETRIC_REPRESENTATION_CONTEXT() REPRESENTATION_CONTEXT('2D SPACE',''
  ) );
#9055 = PCURVE('',#9056,#9061);
#9056 = PLANE('',#9057);
#9057 = AXIS2_PLACEMENT_3D('',#9058,#9059,#9060);
#9058 = CARTESIAN_POINT('',(-15.,23.65,34.5));
#9059 = DIRECTION('',(-0.,-0.,1.));
#9060 = DIRECTION('',(-1.,0.,0.));
#9061 = DEFINITIONAL_REPRESENTATION('',(#9062),#9066);
#9062 = LINE('',#9063,#9064);
#9063 = CARTESIAN_POINT('',(-15.,-0.));
#9064 = VECTOR('',#9065,1.);
#9065 = DIRECTION('',(-0.,-1.));
#9066 = ( GEOMETRIC_REPRESENTATION_CONTEXT(2) 
PARAMETRIC_REPRESENTATION_CONTEXT() REPRESENTATION_CONTEXT('2D SPACE',''
  ) );
#9067 = ORIENTED_EDGE('',*,*,#9068,.T.);
#9068 = EDGE_CURVE('',#9041,#7870,#9069,.T.);
#9069 = SURFACE_CURVE('',#9070,(#9074,#9081),.PCURVE_S1.);
#9070 = LINE('',#9071,#9072);
#9071 = CARTESIAN_POINT('',(0.,36.35,34.5));
#9072 = VECTOR('',#9073,1.);
#9073 = DIRECTION('',(-0.,-0.,1.));
#9074 = PCURVE('',#7885,#9075);
#9075 = DEFINITIONAL_REPRESENTATION('',(#9076),#9080);
#9076 = LINE('',#9077,#9078);
#9077 = CARTESIAN_POINT('',(-0.,-12.7));
#9078 = VECTOR('',#9079,1.);
#9079 = DIRECTION('',(-1.,-0.));
#9080 = ( GEOMETRIC_REPRESENTATION_CONTEXT(2) 
PARAMETRIC_REPRESENTATION_CONTEXT() REPRESENTATION_CONTEXT('2D SPACE',''
  ) );
#9081 = PCURVE('',#8359,#9082);
#9082 = DEFINITIONAL_REPRESENTATION('',(#9083),#9087);
#9083 = LINE('',#9084,#9085);
#9084 = CARTESIAN_POINT('',(-5.,7.5));
#9085 = VECTOR('',#9086,1.);
#9086 = DIRECTION('',(1.,-0.));
#9087 = ( GEOMETRIC_REPRESENTATION_CONTEXT(2) 
PARAMETRIC_REPRESENTATION_CONTEXT() REPRESENTATION_CONTEXT('2D SPACE',''
  ) );
#9088 = ORIENTED_EDGE('',*,*,#7869,.F.);
#9089 = ADVANCED_FACE('',(#9090),#8496,.F.);
#9090 = FACE_BOUND('',#9091,.T.);
#9091 = EDGE_LOOP('',(#9092,#9122,#9143,#9144,#9145,#9168,#9196));
#9092 = ORIENTED_EDGE('',*,*,#9093,.T.);
#9093 = EDGE_CURVE('',#9094,#9096,#9098,.T.);
#9094 = VERTEX_POINT('',#9095);
#9095 = CARTESIAN_POINT('',(-15.,-36.35,37.8));
#9096 = VERTEX_POINT('',#9097);
#9097 = CARTESIAN_POINT('',(-15.,-36.35,34.5));
#9098 = SURFACE_CURVE('',#9099,(#9103,#9110),.PCURVE_S1.);
#9099 = LINE('',#9100,#9101);
#9100 = CARTESIAN_POINT('',(-15.,-36.35,44.5));
#9101 = VECTOR('',#9102,1.);
#9102 = DIRECTION('',(-0.,-0.,-1.));
#9103 = PCURVE('',#8496,#9104);
#9104 = DEFINITIONAL_REPRESENTATION('',(#9105),#9109);
#9105 = LINE('',#9106,#9107);
#9106 = CARTESIAN_POINT('',(5.,-7.5));
#9107 = VECTOR('',#9108,1.);
#9108 = DIRECTION('',(-1.,0.));
#9109 = ( GEOMETRIC_REPRESENTATION_CONTEXT(2) 
PARAMETRIC_REPRESENTATION_CONTEXT() REPRESENTATION_CONTEXT('2D SPACE',''
  ) );
#9110 = PCURVE('',#9111,#9116);
#9111 = PLANE('',#9112);
#9112 = AXIS2_PLACEMENT_3D('',#9113,#9114,#9115);
#9113 = CARTESIAN_POINT('',(-15.,-36.35,44.5));
#9114 = DIRECTION('',(1.,-0.,-0.));
#9115 = DIRECTION('',(0.,0.,1.));
#9116 = DEFINITIONAL_REPRESENTATION('',(#9117),#9121);
#9117 = LINE('',#9118,#9119);
#9118 = CARTESIAN_POINT('',(-0.,-0.));
#9119 = VECTOR('',#9120,1.);
#9120 = DIRECTION('',(-1.,0.));
#9121 = ( GEOMETRIC_REPRESENTATION_CONTEXT(2) 
PARAMETRIC_REPRESENTATION_CONTEXT() REPRESENTATION_CONTEXT('2D SPACE',''
  ) );
#9122 = ORIENTED_EDGE('',*,*,#9123,.T.);
#9123 = EDGE_CURVE('',#9096,#8942,#9124,.T.);
#9124 = SURFACE_CURVE('',#9125,(#9129,#9136),.PCURVE_S1.);
#9125 = LINE('',#9126,#9127);
#9126 = CARTESIAN_POINT('',(-15.,-36.35,34.5));
#9127 = VECTOR('',#9128,1.);
#9128 = DIRECTION('',(1.,-0.,-0.));
#9129 = PCURVE('',#8496,#9130);
#9130 = DEFINITIONAL_REPRESENTATION('',(#9131),#9135);
#9131 = LINE('',#9132,#9133);
#9132 = CARTESIAN_POINT('',(-5.,-7.5));
#9133 = VECTOR('',#9134,1.);
#9134 = DIRECTION('',(-0.,1.));
#9135 = ( GEOMETRIC_REPRESENTATION_CONTEXT(2) 
PARAMETRIC_REPRESENTATION_CONTEXT() REPRESENTATION_CONTEXT('2D SPACE',''
  ) );
#9136 = PCURVE('',#8980,#9137);
#9137 = DEFINITIONAL_REPRESENTATION('',(#9138),#9142);
#9138 = LINE('',#9139,#9140);
#9139 = CARTESIAN_POINT('',(-0.,-0.));
#9140 = VECTOR('',#9141,1.);
#9141 = DIRECTION('',(-1.,0.));
#9142 = ( GEOMETRIC_REPRESENTATION_CONTEXT(2) 
PARAMETRIC_REPRESENTATION_CONTEXT() REPRESENTATION_CONTEXT('2D SPACE',''
  ) );
#9143 = ORIENTED_EDGE('',*,*,#8941,.T.);
#9144 = ORIENTED_EDGE('',*,*,#8482,.T.);
#9145 = ORIENTED_EDGE('',*,*,#9146,.T.);
#9146 = EDGE_CURVE('',#8455,#9147,#9149,.T.);
#9147 = VERTEX_POINT('',#9148);
#9148 = CARTESIAN_POINT('',(-15.,-36.35,44.5));
#9149 = SURFACE_CURVE('',#9150,(#9154,#9161),.PCURVE_S1.);
#9150 = LINE('',#9151,#9152);
#9151 = CARTESIAN_POINT('',(0.,-36.35,44.5));
#9152 = VECTOR('',#9153,1.);
#9153 = DIRECTION('',(-1.,-0.,-0.));
#9154 = PCURVE('',#8496,#9155);
#9155 = DEFINITIONAL_REPRESENTATION('',(#9156),#9160);
#9156 = LINE('',#9157,#9158);
#9157 = CARTESIAN_POINT('',(5.,7.5));
#9158 = VECTOR('',#9159,1.);
#9159 = DIRECTION('',(-0.,-1.));
#9160 = ( GEOMETRIC_REPRESENTATION_CONTEXT(2) 
PARAMETRIC_REPRESENTATION_CONTEXT() REPRESENTATION_CONTEXT('2D SPACE',''
  ) );
#9161 = PCURVE('',#8470,#9162);
#9162 = DEFINITIONAL_REPRESENTATION('',(#9163),#9167);
#9163 = LINE('',#9164,#9165);
#9164 = CARTESIAN_POINT('',(-0.,-0.));
#9165 = VECTOR('',#9166,1.);
#9166 = DIRECTION('',(-1.,0.));
#9167 = ( GEOMETRIC_REPRESENTATION_CONTEXT(2) 
PARAMETRIC_REPRESENTATION_CONTEXT() REPRESENTATION_CONTEXT('2D SPACE',''
  ) );
#9168 = ORIENTED_EDGE('',*,*,#9169,.T.);
#9169 = EDGE_CURVE('',#9147,#9170,#9172,.T.);
#9170 = VERTEX_POINT('',#9171);
#9171 = CARTESIAN_POINT('',(-15.,-36.35,41.2));
#9172 = SURFACE_CURVE('',#9173,(#9177,#9184),.PCURVE_S1.);
#9173 = LINE('',#9174,#9175);
#9174 = CARTESIAN_POINT('',(-15.,-36.35,44.5));
#9175 = VECTOR('',#9176,1.);
#9176 = DIRECTION('',(-0.,-0.,-1.));
#9177 = PCURVE('',#8496,#9178);
#9178 = DEFINITIONAL_REPRESENTATION('',(#9179),#9183);
#9179 = LINE('',#9180,#9181);
#9180 = CARTESIAN_POINT('',(5.,-7.5));
#9181 = VECTOR('',#9182,1.);
#9182 = DIRECTION('',(-1.,0.));
#9183 = ( GEOMETRIC_REPRESENTATION_CONTEXT(2) 
PARAMETRIC_REPRESENTATION_CONTEXT() REPRESENTATION_CONTEXT('2D SPACE',''
  ) );
#9184 = PCURVE('',#9185,#9190);
#9185 = PLANE('',#9186);
#9186 = AXIS2_PLACEMENT_3D('',#9187,#9188,#9189);
#9187 = CARTESIAN_POINT('',(-15.,-36.35,44.5));
#9188 = DIRECTION('',(1.,-0.,-0.));
#9189 = DIRECTION('',(0.,0.,1.));
#9190 = DEFINITIONAL_REPRESENTATION('',(#9191),#9195);
#9191 = LINE('',#9192,#9193);
#9192 = CARTESIAN_POINT('',(-0.,-0.));
#9193 = VECTOR('',#9194,1.);
#9194 = DIRECTION('',(-1.,0.));
#9195 = ( GEOMETRIC_REPRESENTATION_CONTEXT(2) 
PARAMETRIC_REPRESENTATION_CONTEXT() REPRESENTATION_CONTEXT('2D SPACE',''
  ) );
#9196 = ORIENTED_EDGE('',*,*,#9197,.T.);
#9197 = EDGE_CURVE('',#9170,#9094,#9198,.T.);
#9198 = SURFACE_CURVE('',#9199,(#9204,#9211),.PCURVE_S1.);
#9199 = CIRCLE('',#9200,1.7);
#9200 = AXIS2_PLACEMENT_3D('',#9201,#9202,#9203);
#9201 = CARTESIAN_POINT('',(-15.,-36.35,39.5));
#9202 = DIRECTION('',(0.,1.,0.));
#9203 = DIRECTION('',(-0.,-0.,1.));
#9204 = PCURVE('',#8496,#9205);
#9205 = DEFINITIONAL_REPRESENTATION('',(#9206),#9210);
#9206 = CIRCLE('',#9207,1.7);
#9207 = AXIS2_PLACEMENT_2D('',#9208,#9209);
#9208 = CARTESIAN_POINT('',(0.,-7.5));
#9209 = DIRECTION('',(1.,-0.));
#9210 = ( GEOMETRIC_REPRESENTATION_CONTEXT(2) 
PARAMETRIC_REPRESENTATION_CONTEXT() REPRESENTATION_CONTEXT('2D SPACE',''
  ) );
#9211 = PCURVE('',#9212,#9217);
#9212 = CYLINDRICAL_SURFACE('',#9213,1.7);
#9213 = AXIS2_PLACEMENT_3D('',#9214,#9215,#9216);
#9214 = CARTESIAN_POINT('',(-15.,-23.5,39.5));
#9215 = DIRECTION('',(-0.,-1.,-0.));
#9216 = DIRECTION('',(-0.,-0.,1.));
#9217 = DEFINITIONAL_REPRESENTATION('',(#9218),#9222);
#9218 = LINE('',#9219,#9220);
#9219 = CARTESIAN_POINT('',(-0.,12.85));
#9220 = VECTOR('',#9221,1.);
#9221 = DIRECTION('',(-1.,0.));
#9222 = ( GEOMETRIC_REPRESENTATION_CONTEXT(2) 
PARAMETRIC_REPRESENTATION_CONTEXT() REPRESENTATION_CONTEXT('2D SPACE',''
  ) );
#9223 = ADVANCED_FACE('',(#9224),#8470,.F.);
#9224 = FACE_BOUND('',#9225,.T.);
#9225 = EDGE_LOOP('',(#9226,#9227,#9228,#9251,#9279,#9307,#9335,#9363));
#9226 = ORIENTED_EDGE('',*,*,#9146,.F.);
#9227 = ORIENTED_EDGE('',*,*,#8454,.T.);
#9228 = ORIENTED_EDGE('',*,*,#9229,.T.);
#9229 = EDGE_CURVE('',#8427,#9230,#9232,.T.);
#9230 = VERTEX_POINT('',#9231);
#9231 = CARTESIAN_POINT('',(-15.,-23.65,44.5));
#9232 = SURFACE_CURVE('',#9233,(#9237,#9244),.PCURVE_S1.);
#9233 = LINE('',#9234,#9235);
#9234 = CARTESIAN_POINT('',(0.,-23.65,44.5));
#9235 = VECTOR('',#9236,1.);
#9236 = DIRECTION('',(-1.,-0.,-0.));
#9237 = PCURVE('',#8470,#9238);
#9238 = DEFINITIONAL_REPRESENTATION('',(#9239),#9243);
#9239 = LINE('',#9240,#9241);
#9240 = CARTESIAN_POINT('',(-0.,-12.7));
#9241 = VECTOR('',#9242,1.);
#9242 = DIRECTION('',(-1.,0.));
#9243 = ( GEOMETRIC_REPRESENTATION_CONTEXT(2) 
PARAMETRIC_REPRESENTATION_CONTEXT() REPRESENTATION_CONTEXT('2D SPACE',''
  ) );
#9244 = PCURVE('',#8442,#9245);
#9245 = DEFINITIONAL_REPRESENTATION('',(#9246),#9250);
#9246 = LINE('',#9247,#9248);
#9247 = CARTESIAN_POINT('',(5.,7.5));
#9248 = VECTOR('',#9249,1.);
#9249 = DIRECTION('',(-0.,-1.));
#9250 = ( GEOMETRIC_REPRESENTATION_CONTEXT(2) 
PARAMETRIC_REPRESENTATION_CONTEXT() REPRESENTATION_CONTEXT('2D SPACE',''
  ) );
#9251 = ORIENTED_EDGE('',*,*,#9252,.F.);
#9252 = EDGE_CURVE('',#9253,#9230,#9255,.T.);
#9253 = VERTEX_POINT('',#9254);
#9254 = CARTESIAN_POINT('',(-15.,-24.,44.5));
#9255 = SURFACE_CURVE('',#9256,(#9260,#9267),.PCURVE_S1.);
#9256 = LINE('',#9257,#9258);
#9257 = CARTESIAN_POINT('',(-15.,-36.35,44.5));
#9258 = VECTOR('',#9259,1.);
#9259 = DIRECTION('',(-0.,1.,-0.));
#9260 = PCURVE('',#8470,#9261);
#9261 = DEFINITIONAL_REPRESENTATION('',(#9262),#9266);
#9262 = LINE('',#9263,#9264);
#9263 = CARTESIAN_POINT('',(-15.,0.));
#9264 = VECTOR('',#9265,1.);
#9265 = DIRECTION('',(-0.,-1.));
#9266 = ( GEOMETRIC_REPRESENTATION_CONTEXT(2) 
PARAMETRIC_REPRESENTATION_CONTEXT() REPRESENTATION_CONTEXT('2D SPACE',''
  ) );
#9267 = PCURVE('',#9268,#9273);
#9268 = PLANE('',#9269);
#9269 = AXIS2_PLACEMENT_3D('',#9270,#9271,#9272);
#9270 = CARTESIAN_POINT('',(-15.,-36.35,44.5));
#9271 = DIRECTION('',(1.,-0.,-0.));
#9272 = DIRECTION('',(0.,0.,1.));
#9273 = DEFINITIONAL_REPRESENTATION('',(#9274),#9278);
#9274 = LINE('',#9275,#9276);
#9275 = CARTESIAN_POINT('',(-0.,-0.));
#9276 = VECTOR('',#9277,1.);
#9277 = DIRECTION('',(-0.,-1.));
#9278 = ( GEOMETRIC_REPRESENTATION_CONTEXT(2) 
PARAMETRIC_REPRESENTATION_CONTEXT() REPRESENTATION_CONTEXT('2D SPACE',''
  ) );
#9279 = ORIENTED_EDGE('',*,*,#9280,.T.);
#9280 = EDGE_CURVE('',#9253,#9281,#9283,.T.);
#9281 = VERTEX_POINT('',#9282);
#9282 = CARTESIAN_POINT('',(-11.00500312891,-24.,44.5));
#9283 = SURFACE_CURVE('',#9284,(#9288,#9295),.PCURVE_S1.);
#9284 = LINE('',#9285,#9286);
#9285 = CARTESIAN_POINT('',(-7.5,-24.,44.5));
#9286 = VECTOR('',#9287,1.);
#9287 = DIRECTION('',(1.,-0.,-0.));
#9288 = PCURVE('',#8470,#9289);
#9289 = DEFINITIONAL_REPRESENTATION('',(#9290),#9294);
#9290 = LINE('',#9291,#9292);
#9291 = CARTESIAN_POINT('',(-7.5,-12.35));
#9292 = VECTOR('',#9293,1.);
#9293 = DIRECTION('',(1.,-0.));
#9294 = ( GEOMETRIC_REPRESENTATION_CONTEXT(2) 
PARAMETRIC_REPRESENTATION_CONTEXT() REPRESENTATION_CONTEXT('2D SPACE',''
  ) );
#9295 = PCURVE('',#9296,#9301);
#9296 = PLANE('',#9297);
#9297 = AXIS2_PLACEMENT_3D('',#9298,#9299,#9300);
#9298 = CARTESIAN_POINT('',(-15.,-24.,39.5));
#9299 = DIRECTION('',(-0.,-1.,-0.));
#9300 = DIRECTION('',(0.,0.,-1.));
#9301 = DEFINITIONAL_REPRESENTATION('',(#9302),#9306);
#9302 = LINE('',#9303,#9304);
#9303 = CARTESIAN_POINT('',(-5.,7.5));
#9304 = VECTOR('',#9305,1.);
#9305 = DIRECTION('',(-0.,1.));
#9306 = ( GEOMETRIC_REPRESENTATION_CONTEXT(2) 
PARAMETRIC_REPRESENTATION_CONTEXT() REPRESENTATION_CONTEXT('2D SPACE',''
  ) );
#9307 = ORIENTED_EDGE('',*,*,#9308,.T.);
#9308 = EDGE_CURVE('',#9281,#9309,#9311,.T.);
#9309 = VERTEX_POINT('',#9310);
#9310 = CARTESIAN_POINT('',(-11.00500312891,-36.,44.5));
#9311 = SURFACE_CURVE('',#9312,(#9316,#9323),.PCURVE_S1.);
#9312 = LINE('',#9313,#9314);
#9313 = CARTESIAN_POINT('',(-11.00500312891,-24.,44.5));
#9314 = VECTOR('',#9315,1.);
#9315 = DIRECTION('',(-0.,-1.,-0.));
#9316 = PCURVE('',#8470,#9317);
#9317 = DEFINITIONAL_REPRESENTATION('',(#9318),#9322);
#9318 = LINE('',#9319,#9320);
#9319 = CARTESIAN_POINT('',(-11.00500312891,-12.35));
#9320 = VECTOR('',#9321,1.);
#9321 = DIRECTION('',(-0.,1.));
#9322 = ( GEOMETRIC_REPRESENTATION_CONTEXT(2) 
PARAMETRIC_REPRESENTATION_CONTEXT() REPRESENTATION_CONTEXT('2D SPACE',''
  ) );
#9323 = PCURVE('',#9324,#9329);
#9324 = CYLINDRICAL_SURFACE('',#9325,6.4);
#9325 = AXIS2_PLACEMENT_3D('',#9326,#9327,#9328);
#9326 = CARTESIAN_POINT('',(-15.,-24.,39.5));
#9327 = DIRECTION('',(-0.,-1.,-0.));
#9328 = DIRECTION('',(-0.,-0.,1.));
#9329 = DEFINITIONAL_REPRESENTATION('',(#9330),#9334);
#9330 = LINE('',#9331,#9332);
#9331 = CARTESIAN_POINT('',(-6.957315813847,0.));
#9332 = VECTOR('',#9333,1.);
#9333 = DIRECTION('',(-0.,1.));
#9334 = ( GEOMETRIC_REPRESENTATION_CONTEXT(2) 
PARAMETRIC_REPRESENTATION_CONTEXT() REPRESENTATION_CONTEXT('2D SPACE',''
  ) );
#9335 = ORIENTED_EDGE('',*,*,#9336,.F.);
#9336 = EDGE_CURVE('',#9337,#9309,#9339,.T.);
#9337 = VERTEX_POINT('',#9338);
#9338 = CARTESIAN_POINT('',(-15.,-36.,44.5));
#9339 = SURFACE_CURVE('',#9340,(#9344,#9351),.PCURVE_S1.);
#9340 = LINE('',#9341,#9342);
#9341 = CARTESIAN_POINT('',(-7.5,-36.,44.5));
#9342 = VECTOR('',#9343,1.);
#9343 = DIRECTION('',(1.,-0.,-0.));
#9344 = PCURVE('',#8470,#9345);
#9345 = DEFINITIONAL_REPRESENTATION('',(#9346),#9350);
#9346 = LINE('',#9347,#9348);
#9347 = CARTESIAN_POINT('',(-7.5,-0.35));
#9348 = VECTOR('',#9349,1.);
#9349 = DIRECTION('',(1.,-0.));
#9350 = ( GEOMETRIC_REPRESENTATION_CONTEXT(2) 
PARAMETRIC_REPRESENTATION_CONTEXT() REPRESENTATION_CONTEXT('2D SPACE',''
  ) );
#9351 = PCURVE('',#9352,#9357);
#9352 = PLANE('',#9353);
#9353 = AXIS2_PLACEMENT_3D('',#9354,#9355,#9356);
#9354 = CARTESIAN_POINT('',(-15.,-36.,39.5));
#9355 = DIRECTION('',(-0.,-1.,-0.));
#9356 = DIRECTION('',(0.,0.,-1.));
#9357 = DEFINITIONAL_REPRESENTATION('',(#9358),#9362);
#9358 = LINE('',#9359,#9360);
#9359 = CARTESIAN_POINT('',(-5.,7.5));
#9360 = VECTOR('',#9361,1.);
#9361 = DIRECTION('',(-0.,1.));
#9362 = ( GEOMETRIC_REPRESENTATION_CONTEXT(2) 
PARAMETRIC_REPRESENTATION_CONTEXT() REPRESENTATION_CONTEXT('2D SPACE',''
  ) );
#9363 = ORIENTED_EDGE('',*,*,#9364,.F.);
#9364 = EDGE_CURVE('',#9147,#9337,#9365,.T.);
#9365 = SURFACE_CURVE('',#9366,(#9370,#9377),.PCURVE_S1.);
#9366 = LINE('',#9367,#9368);
#9367 = CARTESIAN_POINT('',(-15.,-36.35,44.5));
#9368 = VECTOR('',#9369,1.);
#9369 = DIRECTION('',(-0.,1.,-0.));
#9370 = PCURVE('',#8470,#9371);
#9371 = DEFINITIONAL_REPRESENTATION('',(#9372),#9376);
#9372 = LINE('',#9373,#9374);
#9373 = CARTESIAN_POINT('',(-15.,0.));
#9374 = VECTOR('',#9375,1.);
#9375 = DIRECTION('',(-0.,-1.));
#9376 = ( GEOMETRIC_REPRESENTATION_CONTEXT(2) 
PARAMETRIC_REPRESENTATION_CONTEXT() REPRESENTATION_CONTEXT('2D SPACE',''
  ) );
#9377 = PCURVE('',#9185,#9378);
#9378 = DEFINITIONAL_REPRESENTATION('',(#9379),#9383);
#9379 = LINE('',#9380,#9381);
#9380 = CARTESIAN_POINT('',(-0.,-0.));
#9381 = VECTOR('',#9382,1.);
#9382 = DIRECTION('',(-0.,-1.));
#9383 = ( GEOMETRIC_REPRESENTATION_CONTEXT(2) 
PARAMETRIC_REPRESENTATION_CONTEXT() REPRESENTATION_CONTEXT('2D SPACE',''
  ) );
#9384 = ADVANCED_FACE('',(#9385),#8442,.T.);
#9385 = FACE_BOUND('',#9386,.F.);
#9386 = EDGE_LOOP('',(#9387,#9417,#9438,#9439,#9440,#9441,#9464));
#9387 = ORIENTED_EDGE('',*,*,#9388,.T.);
#9388 = EDGE_CURVE('',#9389,#9391,#9393,.T.);
#9389 = VERTEX_POINT('',#9390);
#9390 = CARTESIAN_POINT('',(-15.,-23.65,37.8));
#9391 = VERTEX_POINT('',#9392);
#9392 = CARTESIAN_POINT('',(-15.,-23.65,34.5));
#9393 = SURFACE_CURVE('',#9394,(#9398,#9405),.PCURVE_S1.);
#9394 = LINE('',#9395,#9396);
#9395 = CARTESIAN_POINT('',(-15.,-23.65,44.5));
#9396 = VECTOR('',#9397,1.);
#9397 = DIRECTION('',(-0.,-0.,-1.));
#9398 = PCURVE('',#8442,#9399);
#9399 = DEFINITIONAL_REPRESENTATION('',(#9400),#9404);
#9400 = LINE('',#9401,#9402);
#9401 = CARTESIAN_POINT('',(5.,-7.5));
#9402 = VECTOR('',#9403,1.);
#9403 = DIRECTION('',(-1.,0.));
#9404 = ( GEOMETRIC_REPRESENTATION_CONTEXT(2) 
PARAMETRIC_REPRESENTATION_CONTEXT() REPRESENTATION_CONTEXT('2D SPACE',''
  ) );
#9405 = PCURVE('',#9406,#9411);
#9406 = PLANE('',#9407);
#9407 = AXIS2_PLACEMENT_3D('',#9408,#9409,#9410);
#9408 = CARTESIAN_POINT('',(-15.,-36.35,44.5));
#9409 = DIRECTION('',(1.,-0.,-0.));
#9410 = DIRECTION('',(0.,0.,1.));
#9411 = DEFINITIONAL_REPRESENTATION('',(#9412),#9416);
#9412 = LINE('',#9413,#9414);
#9413 = CARTESIAN_POINT('',(-0.,-12.7));
#9414 = VECTOR('',#9415,1.);
#9415 = DIRECTION('',(-1.,0.));
#9416 = ( GEOMETRIC_REPRESENTATION_CONTEXT(2) 
PARAMETRIC_REPRESENTATION_CONTEXT() REPRESENTATION_CONTEXT('2D SPACE',''
  ) );
#9417 = ORIENTED_EDGE('',*,*,#9418,.T.);
#9418 = EDGE_CURVE('',#9391,#8965,#9419,.T.);
#9419 = SURFACE_CURVE('',#9420,(#9424,#9431),.PCURVE_S1.);
#9420 = LINE('',#9421,#9422);
#9421 = CARTESIAN_POINT('',(-15.,-23.65,34.5));
#9422 = VECTOR('',#9423,1.);
#9423 = DIRECTION('',(1.,-0.,-0.));
#9424 = PCURVE('',#8442,#9425);
#9425 = DEFINITIONAL_REPRESENTATION('',(#9426),#9430);
#9426 = LINE('',#9427,#9428);
#9427 = CARTESIAN_POINT('',(-5.,-7.5));
#9428 = VECTOR('',#9429,1.);
#9429 = DIRECTION('',(-0.,1.));
#9430 = ( GEOMETRIC_REPRESENTATION_CONTEXT(2) 
PARAMETRIC_REPRESENTATION_CONTEXT() REPRESENTATION_CONTEXT('2D SPACE',''
  ) );
#9431 = PCURVE('',#8980,#9432);
#9432 = DEFINITIONAL_REPRESENTATION('',(#9433),#9437);
#9433 = LINE('',#9434,#9435);
#9434 = CARTESIAN_POINT('',(-0.,-12.7));
#9435 = VECTOR('',#9436,1.);
#9436 = DIRECTION('',(-1.,0.));
#9437 = ( GEOMETRIC_REPRESENTATION_CONTEXT(2) 
PARAMETRIC_REPRESENTATION_CONTEXT() REPRESENTATION_CONTEXT('2D SPACE',''
  ) );
#9438 = ORIENTED_EDGE('',*,*,#8992,.T.);
#9439 = ORIENTED_EDGE('',*,*,#8426,.T.);
#9440 = ORIENTED_EDGE('',*,*,#9229,.T.);
#9441 = ORIENTED_EDGE('',*,*,#9442,.T.);
#9442 = EDGE_CURVE('',#9230,#9443,#9445,.T.);
#9443 = VERTEX_POINT('',#9444);
#9444 = CARTESIAN_POINT('',(-15.,-23.65,41.2));
#9445 = SURFACE_CURVE('',#9446,(#9450,#9457),.PCURVE_S1.);
#9446 = LINE('',#9447,#9448);
#9447 = CARTESIAN_POINT('',(-15.,-23.65,44.5));
#9448 = VECTOR('',#9449,1.);
#9449 = DIRECTION('',(-0.,-0.,-1.));
#9450 = PCURVE('',#8442,#9451);
#9451 = DEFINITIONAL_REPRESENTATION('',(#9452),#9456);
#9452 = LINE('',#9453,#9454);
#9453 = CARTESIAN_POINT('',(5.,-7.5));
#9454 = VECTOR('',#9455,1.);
#9455 = DIRECTION('',(-1.,0.));
#9456 = ( GEOMETRIC_REPRESENTATION_CONTEXT(2) 
PARAMETRIC_REPRESENTATION_CONTEXT() REPRESENTATION_CONTEXT('2D SPACE',''
  ) );
#9457 = PCURVE('',#9268,#9458);
#9458 = DEFINITIONAL_REPRESENTATION('',(#9459),#9463);
#9459 = LINE('',#9460,#9461);
#9460 = CARTESIAN_POINT('',(-0.,-12.7));
#9461 = VECTOR('',#9462,1.);
#9462 = DIRECTION('',(-1.,0.));
#9463 = ( GEOMETRIC_REPRESENTATION_CONTEXT(2) 
PARAMETRIC_REPRESENTATION_CONTEXT() REPRESENTATION_CONTEXT('2D SPACE',''
  ) );
#9464 = ORIENTED_EDGE('',*,*,#9465,.T.);
#9465 = EDGE_CURVE('',#9443,#9389,#9466,.T.);
#9466 = SURFACE_CURVE('',#9467,(#9472,#9479),.PCURVE_S1.);
#9467 = CIRCLE('',#9468,1.7);
#9468 = AXIS2_PLACEMENT_3D('',#9469,#9470,#9471);
#9469 = CARTESIAN_POINT('',(-15.,-23.65,39.5));
#9470 = DIRECTION('',(0.,1.,0.));
#9471 = DIRECTION('',(-0.,-0.,1.));
#9472 = PCURVE('',#8442,#9473);
#9473 = DEFINITIONAL_REPRESENTATION('',(#9474),#9478);
#9474 = CIRCLE('',#9475,1.7);
#9475 = AXIS2_PLACEMENT_2D('',#9476,#9477);
#9476 = CARTESIAN_POINT('',(0.,-7.5));
#9477 = DIRECTION('',(1.,-0.));
#9478 = ( GEOMETRIC_REPRESENTATION_CONTEXT(2) 
PARAMETRIC_REPRESENTATION_CONTEXT() REPRESENTATION_CONTEXT('2D SPACE',''
  ) );
#9479 = PCURVE('',#9212,#9480);
#9480 = DEFINITIONAL_REPRESENTATION('',(#9481),#9485);
#9481 = LINE('',#9482,#9483);
#9482 = CARTESIAN_POINT('',(-0.,0.15));
#9483 = VECTOR('',#9484,1.);
#9484 = DIRECTION('',(-1.,0.));
#9485 = ( GEOMETRIC_REPRESENTATION_CONTEXT(2) 
PARAMETRIC_REPRESENTATION_CONTEXT() REPRESENTATION_CONTEXT('2D SPACE',''
  ) );
#9486 = ADVANCED_FACE('',(#9487),#8413,.F.);
#9487 = FACE_BOUND('',#9488,.T.);
#9488 = EDGE_LOOP('',(#9489,#9519,#9540,#9541,#9542,#9565,#9593));
#9489 = ORIENTED_EDGE('',*,*,#9490,.T.);
#9490 = EDGE_CURVE('',#9491,#9493,#9495,.T.);
#9491 = VERTEX_POINT('',#9492);
#9492 = CARTESIAN_POINT('',(-15.,23.65,37.8));
#9493 = VERTEX_POINT('',#9494);
#9494 = CARTESIAN_POINT('',(-15.,23.65,34.5));
#9495 = SURFACE_CURVE('',#9496,(#9500,#9507),.PCURVE_S1.);
#9496 = LINE('',#9497,#9498);
#9497 = CARTESIAN_POINT('',(-15.,23.65,44.5));
#9498 = VECTOR('',#9499,1.);
#9499 = DIRECTION('',(-0.,-0.,-1.));
#9500 = PCURVE('',#8413,#9501);
#9501 = DEFINITIONAL_REPRESENTATION('',(#9502),#9506);
#9502 = LINE('',#9503,#9504);
#9503 = CARTESIAN_POINT('',(5.,-7.5));
#9504 = VECTOR('',#9505,1.);
#9505 = DIRECTION('',(-1.,0.));
#9506 = ( GEOMETRIC_REPRESENTATION_CONTEXT(2) 
PARAMETRIC_REPRESENTATION_CONTEXT() REPRESENTATION_CONTEXT('2D SPACE',''
  ) );
#9507 = PCURVE('',#9508,#9513);
#9508 = PLANE('',#9509);
#9509 = AXIS2_PLACEMENT_3D('',#9510,#9511,#9512);
#9510 = CARTESIAN_POINT('',(-15.,23.65,44.5));
#9511 = DIRECTION('',(1.,-0.,-0.));
#9512 = DIRECTION('',(0.,0.,1.));
#9513 = DEFINITIONAL_REPRESENTATION('',(#9514),#9518);
#9514 = LINE('',#9515,#9516);
#9515 = CARTESIAN_POINT('',(-0.,-0.));
#9516 = VECTOR('',#9517,1.);
#9517 = DIRECTION('',(-1.,0.));
#9518 = ( GEOMETRIC_REPRESENTATION_CONTEXT(2) 
PARAMETRIC_REPRESENTATION_CONTEXT() REPRESENTATION_CONTEXT('2D SPACE',''
  ) );
#9519 = ORIENTED_EDGE('',*,*,#9520,.T.);
#9520 = EDGE_CURVE('',#9493,#9018,#9521,.T.);
#9521 = SURFACE_CURVE('',#9522,(#9526,#9533),.PCURVE_S1.);
#9522 = LINE('',#9523,#9524);
#9523 = CARTESIAN_POINT('',(-15.,23.65,34.5));
#9524 = VECTOR('',#9525,1.);
#9525 = DIRECTION('',(1.,-0.,-0.));
#9526 = PCURVE('',#8413,#9527);
#9527 = DEFINITIONAL_REPRESENTATION('',(#9528),#9532);
#9528 = LINE('',#9529,#9530);
#9529 = CARTESIAN_POINT('',(-5.,-7.5));
#9530 = VECTOR('',#9531,1.);
#9531 = DIRECTION('',(-0.,1.));
#9532 = ( GEOMETRIC_REPRESENTATION_CONTEXT(2) 
PARAMETRIC_REPRESENTATION_CONTEXT() REPRESENTATION_CONTEXT('2D SPACE',''
  ) );
#9533 = PCURVE('',#9056,#9534);
#9534 = DEFINITIONAL_REPRESENTATION('',(#9535),#9539);
#9535 = LINE('',#9536,#9537);
#9536 = CARTESIAN_POINT('',(-0.,-0.));
#9537 = VECTOR('',#9538,1.);
#9538 = DIRECTION('',(-1.,0.));
#9539 = ( GEOMETRIC_REPRESENTATION_CONTEXT(2) 
PARAMETRIC_REPRESENTATION_CONTEXT() REPRESENTATION_CONTEXT('2D SPACE',''
  ) );
#9540 = ORIENTED_EDGE('',*,*,#9017,.T.);
#9541 = ORIENTED_EDGE('',*,*,#8399,.T.);
#9542 = ORIENTED_EDGE('',*,*,#9543,.T.);
#9543 = EDGE_CURVE('',#8372,#9544,#9546,.T.);
#9544 = VERTEX_POINT('',#9545);
#9545 = CARTESIAN_POINT('',(-15.,23.65,44.5));
#9546 = SURFACE_CURVE('',#9547,(#9551,#9558),.PCURVE_S1.);
#9547 = LINE('',#9548,#9549);
#9548 = CARTESIAN_POINT('',(0.,23.65,44.5));
#9549 = VECTOR('',#9550,1.);
#9550 = DIRECTION('',(-1.,-0.,-0.));
#9551 = PCURVE('',#8413,#9552);
#9552 = DEFINITIONAL_REPRESENTATION('',(#9553),#9557);
#9553 = LINE('',#9554,#9555);
#9554 = CARTESIAN_POINT('',(5.,7.5));
#9555 = VECTOR('',#9556,1.);
#9556 = DIRECTION('',(-0.,-1.));
#9557 = ( GEOMETRIC_REPRESENTATION_CONTEXT(2) 
PARAMETRIC_REPRESENTATION_CONTEXT() REPRESENTATION_CONTEXT('2D SPACE',''
  ) );
#9558 = PCURVE('',#8387,#9559);
#9559 = DEFINITIONAL_REPRESENTATION('',(#9560),#9564);
#9560 = LINE('',#9561,#9562);
#9561 = CARTESIAN_POINT('',(-0.,-0.));
#9562 = VECTOR('',#9563,1.);
#9563 = DIRECTION('',(-1.,0.));
#9564 = ( GEOMETRIC_REPRESENTATION_CONTEXT(2) 
PARAMETRIC_REPRESENTATION_CONTEXT() REPRESENTATION_CONTEXT('2D SPACE',''
  ) );
#9565 = ORIENTED_EDGE('',*,*,#9566,.T.);
#9566 = EDGE_CURVE('',#9544,#9567,#9569,.T.);
#9567 = VERTEX_POINT('',#9568);
#9568 = CARTESIAN_POINT('',(-15.,23.65,41.2));
#9569 = SURFACE_CURVE('',#9570,(#9574,#9581),.PCURVE_S1.);
#9570 = LINE('',#9571,#9572);
#9571 = CARTESIAN_POINT('',(-15.,23.65,44.5));
#9572 = VECTOR('',#9573,1.);
#9573 = DIRECTION('',(-0.,-0.,-1.));
#9574 = PCURVE('',#8413,#9575);
#9575 = DEFINITIONAL_REPRESENTATION('',(#9576),#9580);
#9576 = LINE('',#9577,#9578);
#9577 = CARTESIAN_POINT('',(5.,-7.5));
#9578 = VECTOR('',#9579,1.);
#9579 = DIRECTION('',(-1.,0.));
#9580 = ( GEOMETRIC_REPRESENTATION_CONTEXT(2) 
PARAMETRIC_REPRESENTATION_CONTEXT() REPRESENTATION_CONTEXT('2D SPACE',''
  ) );
#9581 = PCURVE('',#9582,#9587);
#9582 = PLANE('',#9583);
#9583 = AXIS2_PLACEMENT_3D('',#9584,#9585,#9586);
#9584 = CARTESIAN_POINT('',(-15.,23.65,44.5));
#9585 = DIRECTION('',(1.,-0.,-0.));
#9586 = DIRECTION('',(0.,0.,1.));
#9587 = DEFINITIONAL_REPRESENTATION('',(#9588),#9592);
#9588 = LINE('',#9589,#9590);
#9589 = CARTESIAN_POINT('',(-0.,-0.));
#9590 = VECTOR('',#9591,1.);
#9591 = DIRECTION('',(-1.,0.));
#9592 = ( GEOMETRIC_REPRESENTATION_CONTEXT(2) 
PARAMETRIC_REPRESENTATION_CONTEXT() REPRESENTATION_CONTEXT('2D SPACE',''
  ) );
#9593 = ORIENTED_EDGE('',*,*,#9594,.T.);
#9594 = EDGE_CURVE('',#9567,#9491,#9595,.T.);
#9595 = SURFACE_CURVE('',#9596,(#9601,#9608),.PCURVE_S1.);
#9596 = CIRCLE('',#9597,1.7);
#9597 = AXIS2_PLACEMENT_3D('',#9598,#9599,#9600);
#9598 = CARTESIAN_POINT('',(-15.,23.65,39.5));
#9599 = DIRECTION('',(0.,1.,0.));
#9600 = DIRECTION('',(-0.,-0.,1.));
#9601 = PCURVE('',#8413,#9602);
#9602 = DEFINITIONAL_REPRESENTATION('',(#9603),#9607);
#9603 = CIRCLE('',#9604,1.7);
#9604 = AXIS2_PLACEMENT_2D('',#9605,#9606);
#9605 = CARTESIAN_POINT('',(0.,-7.5));
#9606 = DIRECTION('',(1.,-0.));
#9607 = ( GEOMETRIC_REPRESENTATION_CONTEXT(2) 
PARAMETRIC_REPRESENTATION_CONTEXT() REPRESENTATION_CONTEXT('2D SPACE',''
  ) );
#9608 = PCURVE('',#9609,#9614);
#9609 = CYLINDRICAL_SURFACE('',#9610,1.7);
#9610 = AXIS2_PLACEMENT_3D('',#9611,#9612,#9613);
#9611 = CARTESIAN_POINT('',(-15.,36.5,39.5));
#9612 = DIRECTION('',(-0.,-1.,-0.));
#9613 = DIRECTION('',(-0.,-0.,1.));
#9614 = DEFINITIONAL_REPRESENTATION('',(#9615),#9619);
#9615 = LINE('',#9616,#9617);
#9616 = CARTESIAN_POINT('',(-0.,12.85));
#9617 = VECTOR('',#9618,1.);
#9618 = DIRECTION('',(-1.,0.));
#9619 = ( GEOMETRIC_REPRESENTATION_CONTEXT(2) 
PARAMETRIC_REPRESENTATION_CONTEXT() REPRESENTATION_CONTEXT('2D SPACE',''
  ) );
#9620 = ADVANCED_FACE('',(#9621),#8387,.F.);
#9621 = FACE_BOUND('',#9622,.T.);
#9622 = EDGE_LOOP('',(#9623,#9624,#9625,#9648,#9676,#9704,#9732,#9760));
#9623 = ORIENTED_EDGE('',*,*,#9543,.F.);
#9624 = ORIENTED_EDGE('',*,*,#8371,.T.);
#9625 = ORIENTED_EDGE('',*,*,#9626,.T.);
#9626 = EDGE_CURVE('',#8344,#9627,#9629,.T.);
#9627 = VERTEX_POINT('',#9628);
#9628 = CARTESIAN_POINT('',(-15.,36.35,44.5));
#9629 = SURFACE_CURVE('',#9630,(#9634,#9641),.PCURVE_S1.);
#9630 = LINE('',#9631,#9632);
#9631 = CARTESIAN_POINT('',(0.,36.35,44.5));
#9632 = VECTOR('',#9633,1.);
#9633 = DIRECTION('',(-1.,-0.,-0.));
#9634 = PCURVE('',#8387,#9635);
#9635 = DEFINITIONAL_REPRESENTATION('',(#9636),#9640);
#9636 = LINE('',#9637,#9638);
#9637 = CARTESIAN_POINT('',(-0.,-12.7));
#9638 = VECTOR('',#9639,1.);
#9639 = DIRECTION('',(-1.,0.));
#9640 = ( GEOMETRIC_REPRESENTATION_CONTEXT(2) 
PARAMETRIC_REPRESENTATION_CONTEXT() REPRESENTATION_CONTEXT('2D SPACE',''
  ) );
#9641 = PCURVE('',#8359,#9642);
#9642 = DEFINITIONAL_REPRESENTATION('',(#9643),#9647);
#9643 = LINE('',#9644,#9645);
#9644 = CARTESIAN_POINT('',(5.,7.5));
#9645 = VECTOR('',#9646,1.);
#9646 = DIRECTION('',(-0.,-1.));
#9647 = ( GEOMETRIC_REPRESENTATION_CONTEXT(2) 
PARAMETRIC_REPRESENTATION_CONTEXT() REPRESENTATION_CONTEXT('2D SPACE',''
  ) );
#9648 = ORIENTED_EDGE('',*,*,#9649,.F.);
#9649 = EDGE_CURVE('',#9650,#9627,#9652,.T.);
#9650 = VERTEX_POINT('',#9651);
#9651 = CARTESIAN_POINT('',(-15.,36.,44.5));
#9652 = SURFACE_CURVE('',#9653,(#9657,#9664),.PCURVE_S1.);
#9653 = LINE('',#9654,#9655);
#9654 = CARTESIAN_POINT('',(-15.,23.65,44.5));
#9655 = VECTOR('',#9656,1.);
#9656 = DIRECTION('',(-0.,1.,-0.));
#9657 = PCURVE('',#8387,#9658);
#9658 = DEFINITIONAL_REPRESENTATION('',(#9659),#9663);
#9659 = LINE('',#9660,#9661);
#9660 = CARTESIAN_POINT('',(-15.,0.));
#9661 = VECTOR('',#9662,1.);
#9662 = DIRECTION('',(-0.,-1.));
#9663 = ( GEOMETRIC_REPRESENTATION_CONTEXT(2) 
PARAMETRIC_REPRESENTATION_CONTEXT() REPRESENTATION_CONTEXT('2D SPACE',''
  ) );
#9664 = PCURVE('',#9665,#9670);
#9665 = PLANE('',#9666);
#9666 = AXIS2_PLACEMENT_3D('',#9667,#9668,#9669);
#9667 = CARTESIAN_POINT('',(-15.,23.65,44.5));
#9668 = DIRECTION('',(1.,-0.,-0.));
#9669 = DIRECTION('',(0.,0.,1.));
#9670 = DEFINITIONAL_REPRESENTATION('',(#9671),#9675);
#9671 = LINE('',#9672,#9673);
#9672 = CARTESIAN_POINT('',(-0.,-0.));
#9673 = VECTOR('',#9674,1.);
#9674 = DIRECTION('',(-0.,-1.));
#9675 = ( GEOMETRIC_REPRESENTATION_CONTEXT(2) 
PARAMETRIC_REPRESENTATION_CONTEXT() REPRESENTATION_CONTEXT('2D SPACE',''
  ) );
#9676 = ORIENTED_EDGE('',*,*,#9677,.T.);
#9677 = EDGE_CURVE('',#9650,#9678,#9680,.T.);
#9678 = VERTEX_POINT('',#9679);
#9679 = CARTESIAN_POINT('',(-11.00500312891,36.,44.5));
#9680 = SURFACE_CURVE('',#9681,(#9685,#9692),.PCURVE_S1.);
#9681 = LINE('',#9682,#9683);
#9682 = CARTESIAN_POINT('',(-7.5,36.,44.5));
#9683 = VECTOR('',#9684,1.);
#9684 = DIRECTION('',(1.,-0.,-0.));
#9685 = PCURVE('',#8387,#9686);
#9686 = DEFINITIONAL_REPRESENTATION('',(#9687),#9691);
#9687 = LINE('',#9688,#9689);
#9688 = CARTESIAN_POINT('',(-7.5,-12.35));
#9689 = VECTOR('',#9690,1.);
#9690 = DIRECTION('',(1.,-0.));
#9691 = ( GEOMETRIC_REPRESENTATION_CONTEXT(2) 
PARAMETRIC_REPRESENTATION_CONTEXT() REPRESENTATION_CONTEXT('2D SPACE',''
  ) );
#9692 = PCURVE('',#9693,#9698);
#9693 = PLANE('',#9694);
#9694 = AXIS2_PLACEMENT_3D('',#9695,#9696,#9697);
#9695 = CARTESIAN_POINT('',(-15.,36.,39.5));
#9696 = DIRECTION('',(-0.,-1.,-0.));
#9697 = DIRECTION('',(0.,0.,-1.));
#9698 = DEFINITIONAL_REPRESENTATION('',(#9699),#9703);
#9699 = LINE('',#9700,#9701);
#9700 = CARTESIAN_POINT('',(-5.,7.5));
#9701 = VECTOR('',#9702,1.);
#9702 = DIRECTION('',(-0.,1.));
#9703 = ( GEOMETRIC_REPRESENTATION_CONTEXT(2) 
PARAMETRIC_REPRESENTATION_CONTEXT() REPRESENTATION_CONTEXT('2D SPACE',''
  ) );
#9704 = ORIENTED_EDGE('',*,*,#9705,.T.);
#9705 = EDGE_CURVE('',#9678,#9706,#9708,.T.);
#9706 = VERTEX_POINT('',#9707);
#9707 = CARTESIAN_POINT('',(-11.00500312891,24.,44.5));
#9708 = SURFACE_CURVE('',#9709,(#9713,#9720),.PCURVE_S1.);
#9709 = LINE('',#9710,#9711);
#9710 = CARTESIAN_POINT('',(-11.00500312891,36.,44.5));
#9711 = VECTOR('',#9712,1.);
#9712 = DIRECTION('',(-0.,-1.,-0.));
#9713 = PCURVE('',#8387,#9714);
#9714 = DEFINITIONAL_REPRESENTATION('',(#9715),#9719);
#9715 = LINE('',#9716,#9717);
#9716 = CARTESIAN_POINT('',(-11.00500312891,-12.35));
#9717 = VECTOR('',#9718,1.);
#9718 = DIRECTION('',(-0.,1.));
#9719 = ( GEOMETRIC_REPRESENTATION_CONTEXT(2) 
PARAMETRIC_REPRESENTATION_CONTEXT() REPRESENTATION_CONTEXT('2D SPACE',''
  ) );
#9720 = PCURVE('',#9721,#9726);
#9721 = CYLINDRICAL_SURFACE('',#9722,6.4);
#9722 = AXIS2_PLACEMENT_3D('',#9723,#9724,#9725);
#9723 = CARTESIAN_POINT('',(-15.,36.,39.5));
#9724 = DIRECTION('',(-0.,-1.,-0.));
#9725 = DIRECTION('',(-0.,-0.,1.));
#9726 = DEFINITIONAL_REPRESENTATION('',(#9727),#9731);
#9727 = LINE('',#9728,#9729);
#9728 = CARTESIAN_POINT('',(-6.957315813847,0.));
#9729 = VECTOR('',#9730,1.);
#9730 = DIRECTION('',(-0.,1.));
#9731 = ( GEOMETRIC_REPRESENTATION_CONTEXT(2) 
PARAMETRIC_REPRESENTATION_CONTEXT() REPRESENTATION_CONTEXT('2D SPACE',''
  ) );
#9732 = ORIENTED_EDGE('',*,*,#9733,.F.);
#9733 = EDGE_CURVE('',#9734,#9706,#9736,.T.);
#9734 = VERTEX_POINT('',#9735);
#9735 = CARTESIAN_POINT('',(-15.,24.,44.5));
#9736 = SURFACE_CURVE('',#9737,(#9741,#9748),.PCURVE_S1.);
#9737 = LINE('',#9738,#9739);
#9738 = CARTESIAN_POINT('',(-7.5,24.,44.5));
#9739 = VECTOR('',#9740,1.);
#9740 = DIRECTION('',(1.,-0.,-0.));
#9741 = PCURVE('',#8387,#9742);
#9742 = DEFINITIONAL_REPRESENTATION('',(#9743),#9747);
#9743 = LINE('',#9744,#9745);
#9744 = CARTESIAN_POINT('',(-7.5,-0.35));
#9745 = VECTOR('',#9746,1.);
#9746 = DIRECTION('',(1.,-0.));
#9747 = ( GEOMETRIC_REPRESENTATION_CONTEXT(2) 
PARAMETRIC_REPRESENTATION_CONTEXT() REPRESENTATION_CONTEXT('2D SPACE',''
  ) );
#9748 = PCURVE('',#9749,#9754);
#9749 = PLANE('',#9750);
#9750 = AXIS2_PLACEMENT_3D('',#9751,#9752,#9753);
#9751 = CARTESIAN_POINT('',(-15.,24.,39.5));
#9752 = DIRECTION('',(-0.,-1.,-0.));
#9753 = DIRECTION('',(0.,0.,-1.));
#9754 = DEFINITIONAL_REPRESENTATION('',(#9755),#9759);
#9755 = LINE('',#9756,#9757);
#9756 = CARTESIAN_POINT('',(-5.,7.5));
#9757 = VECTOR('',#9758,1.);
#9758 = DIRECTION('',(-0.,1.));
#9759 = ( GEOMETRIC_REPRESENTATION_CONTEXT(2) 
PARAMETRIC_REPRESENTATION_CONTEXT() REPRESENTATION_CONTEXT('2D SPACE',''
  ) );
#9760 = ORIENTED_EDGE('',*,*,#9761,.F.);
#9761 = EDGE_CURVE('',#9544,#9734,#9762,.T.);
#9762 = SURFACE_CURVE('',#9763,(#9767,#9774),.PCURVE_S1.);
#9763 = LINE('',#9764,#9765);
#9764 = CARTESIAN_POINT('',(-15.,23.65,44.5));
#9765 = VECTOR('',#9766,1.);
#9766 = DIRECTION('',(-0.,1.,-0.));
#9767 = PCURVE('',#8387,#9768);
#9768 = DEFINITIONAL_REPRESENTATION('',(#9769),#9773);
#9769 = LINE('',#9770,#9771);
#9770 = CARTESIAN_POINT('',(-15.,0.));
#9771 = VECTOR('',#9772,1.);
#9772 = DIRECTION('',(-0.,-1.));
#9773 = ( GEOMETRIC_REPRESENTATION_CONTEXT(2) 
PARAMETRIC_REPRESENTATION_CONTEXT() REPRESENTATION_CONTEXT('2D SPACE',''
  ) );
#9774 = PCURVE('',#9582,#9775);
#9775 = DEFINITIONAL_REPRESENTATION('',(#9776),#9780);
#9776 = LINE('',#9777,#9778);
#9777 = CARTESIAN_POINT('',(-0.,-0.));
#9778 = VECTOR('',#9779,1.);
#9779 = DIRECTION('',(-0.,-1.));
#9780 = ( GEOMETRIC_REPRESENTATION_CONTEXT(2) 
PARAMETRIC_REPRESENTATION_CONTEXT() REPRESENTATION_CONTEXT('2D SPACE',''
  ) );
#9781 = ADVANCED_FACE('',(#9782),#8359,.T.);
#9782 = FACE_BOUND('',#9783,.F.);
#9783 = EDGE_LOOP('',(#9784,#9814,#9835,#9836,#9837,#9838,#9861));
#9784 = ORIENTED_EDGE('',*,*,#9785,.T.);
#9785 = EDGE_CURVE('',#9786,#9788,#9790,.T.);
#9786 = VERTEX_POINT('',#9787);
#9787 = CARTESIAN_POINT('',(-15.,36.35,37.8));
#9788 = VERTEX_POINT('',#9789);
#9789 = CARTESIAN_POINT('',(-15.,36.35,34.5));
#9790 = SURFACE_CURVE('',#9791,(#9795,#9802),.PCURVE_S1.);
#9791 = LINE('',#9792,#9793);
#9792 = CARTESIAN_POINT('',(-15.,36.35,44.5));
#9793 = VECTOR('',#9794,1.);
#9794 = DIRECTION('',(-0.,-0.,-1.));
#9795 = PCURVE('',#8359,#9796);
#9796 = DEFINITIONAL_REPRESENTATION('',(#9797),#9801);
#9797 = LINE('',#9798,#9799);
#9798 = CARTESIAN_POINT('',(5.,-7.5));
#9799 = VECTOR('',#9800,1.);
#9800 = DIRECTION('',(-1.,0.));
#9801 = ( GEOMETRIC_REPRESENTATION_CONTEXT(2) 
PARAMETRIC_REPRESENTATION_CONTEXT() REPRESENTATION_CONTEXT('2D SPACE',''
  ) );
#9802 = PCURVE('',#9803,#9808);
#9803 = PLANE('',#9804);
#9804 = AXIS2_PLACEMENT_3D('',#9805,#9806,#9807);
#9805 = CARTESIAN_POINT('',(-15.,23.65,44.5));
#9806 = DIRECTION('',(1.,-0.,-0.));
#9807 = DIRECTION('',(0.,0.,1.));
#9808 = DEFINITIONAL_REPRESENTATION('',(#9809),#9813);
#9809 = LINE('',#9810,#9811);
#9810 = CARTESIAN_POINT('',(-0.,-12.7));
#9811 = VECTOR('',#9812,1.);
#9812 = DIRECTION('',(-1.,0.));
#9813 = ( GEOMETRIC_REPRESENTATION_CONTEXT(2) 
PARAMETRIC_REPRESENTATION_CONTEXT() REPRESENTATION_CONTEXT('2D SPACE',''
  ) );
#9814 = ORIENTED_EDGE('',*,*,#9815,.T.);
#9815 = EDGE_CURVE('',#9788,#9041,#9816,.T.);
#9816 = SURFACE_CURVE('',#9817,(#9821,#9828),.PCURVE_S1.);
#9817 = LINE('',#9818,#9819);
#9818 = CARTESIAN_POINT('',(-15.,36.35,34.5));
#9819 = VECTOR('',#9820,1.);
#9820 = DIRECTION('',(1.,-0.,-0.));
#9821 = PCURVE('',#8359,#9822);
#9822 = DEFINITIONAL_REPRESENTATION('',(#9823),#9827);
#9823 = LINE('',#9824,#9825);
#9824 = CARTESIAN_POINT('',(-5.,-7.5));
#9825 = VECTOR('',#9826,1.);
#9826 = DIRECTION('',(-0.,1.));
#9827 = ( GEOMETRIC_REPRESENTATION_CONTEXT(2) 
PARAMETRIC_REPRESENTATION_CONTEXT() REPRESENTATION_CONTEXT('2D SPACE',''
  ) );
#9828 = PCURVE('',#9056,#9829);
#9829 = DEFINITIONAL_REPRESENTATION('',(#9830),#9834);
#9830 = LINE('',#9831,#9832);
#9831 = CARTESIAN_POINT('',(-0.,-12.7));
#9832 = VECTOR('',#9833,1.);
#9833 = DIRECTION('',(-1.,0.));
#9834 = ( GEOMETRIC_REPRESENTATION_CONTEXT(2) 
PARAMETRIC_REPRESENTATION_CONTEXT() REPRESENTATION_CONTEXT('2D SPACE',''
  ) );
#9835 = ORIENTED_EDGE('',*,*,#9068,.T.);
#9836 = ORIENTED_EDGE('',*,*,#8343,.T.);
#9837 = ORIENTED_EDGE('',*,*,#9626,.T.);
#9838 = ORIENTED_EDGE('',*,*,#9839,.T.);
#9839 = EDGE_CURVE('',#9627,#9840,#9842,.T.);
#9840 = VERTEX_POINT('',#9841);
#9841 = CARTESIAN_POINT('',(-15.,36.35,41.2));
#9842 = SURFACE_CURVE('',#9843,(#9847,#9854),.PCURVE_S1.);
#9843 = LINE('',#9844,#9845);
#9844 = CARTESIAN_POINT('',(-15.,36.35,44.5));
#9845 = VECTOR('',#9846,1.);
#9846 = DIRECTION('',(-0.,-0.,-1.));
#9847 = PCURVE('',#8359,#9848);
#9848 = DEFINITIONAL_REPRESENTATION('',(#9849),#9853);
#9849 = LINE('',#9850,#9851);
#9850 = CARTESIAN_POINT('',(5.,-7.5));
#9851 = VECTOR('',#9852,1.);
#9852 = DIRECTION('',(-1.,0.));
#9853 = ( GEOMETRIC_REPRESENTATION_CONTEXT(2) 
PARAMETRIC_REPRESENTATION_CONTEXT() REPRESENTATION_CONTEXT('2D SPACE',''
  ) );
#9854 = PCURVE('',#9665,#9855);
#9855 = DEFINITIONAL_REPRESENTATION('',(#9856),#9860);
#9856 = LINE('',#9857,#9858);
#9857 = CARTESIAN_POINT('',(-0.,-12.7));
#9858 = VECTOR('',#9859,1.);
#9859 = DIRECTION('',(-1.,0.));
#9860 = ( GEOMETRIC_REPRESENTATION_CONTEXT(2) 
PARAMETRIC_REPRESENTATION_CONTEXT() REPRESENTATION_CONTEXT('2D SPACE',''
  ) );
#9861 = ORIENTED_EDGE('',*,*,#9862,.T.);
#9862 = EDGE_CURVE('',#9840,#9786,#9863,.T.);
#9863 = SURFACE_CURVE('',#9864,(#9869,#9876),.PCURVE_S1.);
#9864 = CIRCLE('',#9865,1.7);
#9865 = AXIS2_PLACEMENT_3D('',#9866,#9867,#9868);
#9866 = CARTESIAN_POINT('',(-15.,36.35,39.5));
#9867 = DIRECTION('',(0.,1.,0.));
#9868 = DIRECTION('',(-0.,-0.,1.));
#9869 = PCURVE('',#8359,#9870);
#9870 = DEFINITIONAL_REPRESENTATION('',(#9871),#9875);
#9871 = CIRCLE('',#9872,1.7);
#9872 = AXIS2_PLACEMENT_2D('',#9873,#9874);
#9873 = CARTESIAN_POINT('',(0.,-7.5));
#9874 = DIRECTION('',(1.,-0.));
#9875 = ( GEOMETRIC_REPRESENTATION_CONTEXT(2) 
PARAMETRIC_REPRESENTATION_CONTEXT() REPRESENTATION_CONTEXT('2D SPACE',''
  ) );
#9876 = PCURVE('',#9609,#9877);
#9877 = DEFINITIONAL_REPRESENTATION('',(#9878),#9882);
#9878 = LINE('',#9879,#9880);
#9879 = CARTESIAN_POINT('',(-0.,0.15));
#9880 = VECTOR('',#9881,1.);
#9881 = DIRECTION('',(-1.,0.));
#9882 = ( GEOMETRIC_REPRESENTATION_CONTEXT(2) 
PARAMETRIC_REPRESENTATION_CONTEXT() REPRESENTATION_CONTEXT('2D SPACE',''
  ) );
#9883 = ADVANCED_FACE('',(#9884),#8749,.T.);
#9884 = FACE_BOUND('',#9885,.F.);
#9885 = EDGE_LOOP('',(#9886,#9887,#9913));
#9886 = ORIENTED_EDGE('',*,*,#8733,.F.);
#9887 = ORIENTED_EDGE('',*,*,#9888,.T.);
#9888 = EDGE_CURVE('',#8706,#8788,#9889,.T.);
#9889 = SURFACE_CURVE('',#9890,(#9895,#9906),.PCURVE_S1.);
#9890 = CIRCLE('',#9891,3.);
#9891 = AXIS2_PLACEMENT_3D('',#9892,#9893,#9894);
#9892 = CARTESIAN_POINT('',(5.,-32.16,49.6));
#9893 = DIRECTION('',(-0.,-1.,-0.));
#9894 = DIRECTION('',(1.,-0.,-0.));
#9895 = PCURVE('',#8749,#9896);
#9896 = DEFINITIONAL_REPRESENTATION('',(#9897),#9905);
#9897 = ( BOUNDED_CURVE() B_SPLINE_CURVE(2,(#9898,#9899,#9900,#9901,
#9902,#9903,#9904),.UNSPECIFIED.,.T.,.F.) B_SPLINE_CURVE_WITH_KNOTS((1,2
    ,2,2,2,1),(-2.094395102393,0.,2.094395102393,4.188790204786,
6.28318530718,8.377580409573),.UNSPECIFIED.) CURVE() 
GEOMETRIC_REPRESENTATION_ITEM() RATIONAL_B_SPLINE_CURVE((1.,0.5,1.,0.5,
1.,0.5,1.)) REPRESENTATION_ITEM('') );
#9898 = CARTESIAN_POINT('',(0.,3.));
#9899 = CARTESIAN_POINT('',(5.196152422707,3.));
#9900 = CARTESIAN_POINT('',(2.598076211353,-1.5));
#9901 = CARTESIAN_POINT('',(7.347880794884E-16,-6.));
#9902 = CARTESIAN_POINT('',(-2.598076211353,-1.5));
#9903 = CARTESIAN_POINT('',(-5.196152422707,3.));
#9904 = CARTESIAN_POINT('',(0.,3.));
#9905 = ( GEOMETRIC_REPRESENTATION_CONTEXT(2) 
PARAMETRIC_REPRESENTATION_CONTEXT() REPRESENTATION_CONTEXT('2D SPACE',''
  ) );
#9906 = PCURVE('',#8721,#9907);
#9907 = DEFINITIONAL_REPRESENTATION('',(#9908),#9912);
#9908 = LINE('',#9909,#9910);
#9909 = CARTESIAN_POINT('',(0.,0.));
#9910 = VECTOR('',#9911,1.);
#9911 = DIRECTION('',(1.,0.));
#9912 = ( GEOMETRIC_REPRESENTATION_CONTEXT(2) 
PARAMETRIC_REPRESENTATION_CONTEXT() REPRESENTATION_CONTEXT('2D SPACE',''
  ) );
#9913 = ORIENTED_EDGE('',*,*,#8787,.F.);
#9914 = ADVANCED_FACE('',(#9915),#8721,.F.);
#9915 = FACE_BOUND('',#9916,.F.);
#9916 = EDGE_LOOP('',(#9917,#9918,#9919,#9943,#9971,#9997));
#9917 = ORIENTED_EDGE('',*,*,#9888,.F.);
#9918 = ORIENTED_EDGE('',*,*,#8705,.T.);
#9919 = ORIENTED_EDGE('',*,*,#9920,.F.);
#9920 = EDGE_CURVE('',#9921,#8678,#9923,.T.);
#9921 = VERTEX_POINT('',#9922);
#9922 = CARTESIAN_POINT('',(7.95803989155,-29.1,50.1));
#9923 = SURFACE_CURVE('',#9924,(#9929,#9936),.PCURVE_S1.);
#9924 = CIRCLE('',#9925,3.);
#9925 = AXIS2_PLACEMENT_3D('',#9926,#9927,#9928);
#9926 = CARTESIAN_POINT('',(5.,-29.1,49.6));
#9927 = DIRECTION('',(0.,1.,-0.));
#9928 = DIRECTION('',(1.,-0.,-0.));
#9929 = PCURVE('',#8721,#9930);
#9930 = DEFINITIONAL_REPRESENTATION('',(#9931),#9935);
#9931 = LINE('',#9932,#9933);
#9932 = CARTESIAN_POINT('',(6.28318530718,-3.06));
#9933 = VECTOR('',#9934,1.);
#9934 = DIRECTION('',(-1.,0.));
#9935 = ( GEOMETRIC_REPRESENTATION_CONTEXT(2) 
PARAMETRIC_REPRESENTATION_CONTEXT() REPRESENTATION_CONTEXT('2D SPACE',''
  ) );
#9936 = PCURVE('',#8693,#9937);
#9937 = DEFINITIONAL_REPRESENTATION('',(#9938),#9942);
#9938 = CIRCLE('',#9939,3.);
#9939 = AXIS2_PLACEMENT_2D('',#9940,#9941);
#9940 = CARTESIAN_POINT('',(0.,-4.5));
#9941 = DIRECTION('',(-0.,1.));
#9942 = ( GEOMETRIC_REPRESENTATION_CONTEXT(2) 
PARAMETRIC_REPRESENTATION_CONTEXT() REPRESENTATION_CONTEXT('2D SPACE',''
  ) );
#9943 = ORIENTED_EDGE('',*,*,#9944,.F.);
#9944 = EDGE_CURVE('',#9945,#9921,#9947,.T.);
#9945 = VERTEX_POINT('',#9946);
#9946 = CARTESIAN_POINT('',(7.95803989155,-22.16,50.1));
#9947 = SURFACE_CURVE('',#9948,(#9952,#9959),.PCURVE_S1.);
#9948 = LINE('',#9949,#9950);
#9949 = CARTESIAN_POINT('',(7.95803989155,-32.16,50.1));
#9950 = VECTOR('',#9951,1.);
#9951 = DIRECTION('',(-0.,-1.,-0.));
#9952 = PCURVE('',#8721,#9953);
#9953 = DEFINITIONAL_REPRESENTATION('',(#9954),#9958);
#9954 = LINE('',#9955,#9956);
#9955 = CARTESIAN_POINT('',(0.16744807922,0.));
#9956 = VECTOR('',#9957,1.);
#9957 = DIRECTION('',(0.,1.));
#9958 = ( GEOMETRIC_REPRESENTATION_CONTEXT(2) 
PARAMETRIC_REPRESENTATION_CONTEXT() REPRESENTATION_CONTEXT('2D SPACE',''
  ) );
#9959 = PCURVE('',#9960,#9965);
#9960 = PLANE('',#9961);
#9961 = AXIS2_PLACEMENT_3D('',#9962,#9963,#9964);
#9962 = CARTESIAN_POINT('',(12.,-29.1,50.1));
#9963 = DIRECTION('',(-0.,0.,-1.));
#9964 = DIRECTION('',(1.,0.,0.));
#9965 = DEFINITIONAL_REPRESENTATION('',(#9966),#9970);
#9966 = LINE('',#9967,#9968);
#9967 = CARTESIAN_POINT('',(-4.04196010845,3.06));
#9968 = VECTOR('',#9969,1.);
#9969 = DIRECTION('',(-0.,1.));
#9970 = ( GEOMETRIC_REPRESENTATION_CONTEXT(2) 
PARAMETRIC_REPRESENTATION_CONTEXT() REPRESENTATION_CONTEXT('2D SPACE',''
  ) );
#9971 = ORIENTED_EDGE('',*,*,#9972,.T.);
#9972 = EDGE_CURVE('',#9945,#8811,#9973,.T.);
#9973 = SURFACE_CURVE('',#9974,(#9979,#9986),.PCURVE_S1.);
#9974 = CIRCLE('',#9975,3.);
#9975 = AXIS2_PLACEMENT_3D('',#9976,#9977,#9978);
#9976 = CARTESIAN_POINT('',(5.,-22.16,49.6));
#9977 = DIRECTION('',(-0.,-1.,-0.));
#9978 = DIRECTION('',(1.,-0.,-0.));
#9979 = PCURVE('',#8721,#9980);
#9980 = DEFINITIONAL_REPRESENTATION('',(#9981),#9985);
#9981 = LINE('',#9982,#9983);
#9982 = CARTESIAN_POINT('',(0.,-10.));
#9983 = VECTOR('',#9984,1.);
#9984 = DIRECTION('',(1.,0.));
#9985 = ( GEOMETRIC_REPRESENTATION_CONTEXT(2) 
PARAMETRIC_REPRESENTATION_CONTEXT() REPRESENTATION_CONTEXT('2D SPACE',''
  ) );
#9986 = PCURVE('',#8581,#9987);
#9987 = DEFINITIONAL_REPRESENTATION('',(#9988),#9996);
#9988 = ( BOUNDED_CURVE() B_SPLINE_CURVE(2,(#9989,#9990,#9991,#9992,
#9993,#9994,#9995),.UNSPECIFIED.,.T.,.F.) B_SPLINE_CURVE_WITH_KNOTS((1,2
    ,2,2,2,1),(-2.094395102393,0.,2.094395102393,4.188790204786,
6.28318530718,8.377580409573),.UNSPECIFIED.) CURVE() 
GEOMETRIC_REPRESENTATION_ITEM() RATIONAL_B_SPLINE_CURVE((1.,0.5,1.,0.5,
1.,0.5,1.)) REPRESENTATION_ITEM('') );
#9989 = CARTESIAN_POINT('',(0.,3.));
#9990 = CARTESIAN_POINT('',(5.196152422707,3.));
#9991 = CARTESIAN_POINT('',(2.598076211353,-1.5));
#9992 = CARTESIAN_POINT('',(7.347880794884E-16,-6.));
#9993 = CARTESIAN_POINT('',(-2.598076211353,-1.5));
#9994 = CARTESIAN_POINT('',(-5.196152422707,3.));
#9995 = CARTESIAN_POINT('',(0.,3.));
#9996 = ( GEOMETRIC_REPRESENTATION_CONTEXT(2) 
PARAMETRIC_REPRESENTATION_CONTEXT() REPRESENTATION_CONTEXT('2D SPACE',''
  ) );
#9997 = ORIENTED_EDGE('',*,*,#8810,.T.);
#9998 = ADVANCED_FACE('',(#9999),#8693,.T.);
#9999 = FACE_BOUND('',#10000,.F.);
#10000 = EDGE_LOOP('',(#10001,#10002,#10025,#10046));
#10001 = ORIENTED_EDGE('',*,*,#8677,.F.);
#10002 = ORIENTED_EDGE('',*,*,#10003,.T.);
#10003 = EDGE_CURVE('',#8650,#10004,#10006,.T.);
#10004 = VERTEX_POINT('',#10005);
#10005 = CARTESIAN_POINT('',(12.,-29.1,50.1));
#10006 = SURFACE_CURVE('',#10007,(#10011,#10018),.PCURVE_S1.);
#10007 = LINE('',#10008,#10009);
#10008 = CARTESIAN_POINT('',(12.,-29.1,49.1));
#10009 = VECTOR('',#10010,1.);
#10010 = DIRECTION('',(-0.,-0.,1.));
#10011 = PCURVE('',#8693,#10012);
#10012 = DEFINITIONAL_REPRESENTATION('',(#10013),#10017);
#10013 = LINE('',#10014,#10015);
#10014 = CARTESIAN_POINT('',(-0.5,2.5));
#10015 = VECTOR('',#10016,1.);
#10016 = DIRECTION('',(1.,-0.));
#10017 = ( GEOMETRIC_REPRESENTATION_CONTEXT(2) 
PARAMETRIC_REPRESENTATION_CONTEXT() REPRESENTATION_CONTEXT('2D SPACE',''
  ) );
#10018 = PCURVE('',#8665,#10019);
#10019 = DEFINITIONAL_REPRESENTATION('',(#10020),#10024);
#10020 = LINE('',#10021,#10022);
#10021 = CARTESIAN_POINT('',(-0.,-0.));
#10022 = VECTOR('',#10023,1.);
#10023 = DIRECTION('',(-1.,-0.));
#10024 = ( GEOMETRIC_REPRESENTATION_CONTEXT(2) 
PARAMETRIC_REPRESENTATION_CONTEXT() REPRESENTATION_CONTEXT('2D SPACE',''
  ) );
#10025 = ORIENTED_EDGE('',*,*,#10026,.T.);
#10026 = EDGE_CURVE('',#10004,#9921,#10027,.T.);
#10027 = SURFACE_CURVE('',#10028,(#10032,#10039),.PCURVE_S1.);
#10028 = LINE('',#10029,#10030);
#10029 = CARTESIAN_POINT('',(12.,-29.1,50.1));
#10030 = VECTOR('',#10031,1.);
#10031 = DIRECTION('',(-1.,-0.,-0.));
#10032 = PCURVE('',#8693,#10033);
#10033 = DEFINITIONAL_REPRESENTATION('',(#10034),#10038);
#10034 = LINE('',#10035,#10036);
#10035 = CARTESIAN_POINT('',(0.5,2.5));
#10036 = VECTOR('',#10037,1.);
#10037 = DIRECTION('',(-0.,-1.));
#10038 = ( GEOMETRIC_REPRESENTATION_CONTEXT(2) 
PARAMETRIC_REPRESENTATION_CONTEXT() REPRESENTATION_CONTEXT('2D SPACE',''
  ) );
#10039 = PCURVE('',#9960,#10040);
#10040 = DEFINITIONAL_REPRESENTATION('',(#10041),#10045);
#10041 = LINE('',#10042,#10043);
#10042 = CARTESIAN_POINT('',(-0.,-0.));
#10043 = VECTOR('',#10044,1.);
#10044 = DIRECTION('',(-1.,0.));
#10045 = ( GEOMETRIC_REPRESENTATION_CONTEXT(2) 
PARAMETRIC_REPRESENTATION_CONTEXT() REPRESENTATION_CONTEXT('2D SPACE',''
  ) );
#10046 = ORIENTED_EDGE('',*,*,#9920,.T.);
#10047 = ADVANCED_FACE('',(#10048),#8665,.T.);
#10048 = FACE_BOUND('',#10049,.F.);
#10049 = EDGE_LOOP('',(#10050,#10051,#10052,#10075));
#10050 = ORIENTED_EDGE('',*,*,#10003,.F.);
#10051 = ORIENTED_EDGE('',*,*,#8649,.F.);
#10052 = ORIENTED_EDGE('',*,*,#10053,.T.);
#10053 = EDGE_CURVE('',#8622,#10054,#10056,.T.);
#10054 = VERTEX_POINT('',#10055);
#10055 = CARTESIAN_POINT('',(12.,29.1,50.1));
#10056 = SURFACE_CURVE('',#10057,(#10061,#10068),.PCURVE_S1.);
#10057 = LINE('',#10058,#10059);
#10058 = CARTESIAN_POINT('',(12.,29.1,49.1));
#10059 = VECTOR('',#10060,1.);
#10060 = DIRECTION('',(-0.,-0.,1.));
#10061 = PCURVE('',#8665,#10062);
#10062 = DEFINITIONAL_REPRESENTATION('',(#10063),#10067);
#10063 = LINE('',#10064,#10065);
#10064 = CARTESIAN_POINT('',(-0.,-58.2));
#10065 = VECTOR('',#10066,1.);
#10066 = DIRECTION('',(-1.,-0.));
#10067 = ( GEOMETRIC_REPRESENTATION_CONTEXT(2) 
PARAMETRIC_REPRESENTATION_CONTEXT() REPRESENTATION_CONTEXT('2D SPACE',''
  ) );
#10068 = PCURVE('',#8637,#10069);
#10069 = DEFINITIONAL_REPRESENTATION('',(#10070),#10074);
#10070 = LINE('',#10071,#10072);
#10071 = CARTESIAN_POINT('',(-0.5,2.5));
#10072 = VECTOR('',#10073,1.);
#10073 = DIRECTION('',(1.,-0.));
#10074 = ( GEOMETRIC_REPRESENTATION_CONTEXT(2) 
PARAMETRIC_REPRESENTATION_CONTEXT() REPRESENTATION_CONTEXT('2D SPACE',''
  ) );
#10075 = ORIENTED_EDGE('',*,*,#10076,.F.);
#10076 = EDGE_CURVE('',#10004,#10054,#10077,.T.);
#10077 = SURFACE_CURVE('',#10078,(#10082,#10089),.PCURVE_S1.);
#10078 = LINE('',#10079,#10080);
#10079 = CARTESIAN_POINT('',(12.,-29.1,50.1));
#10080 = VECTOR('',#10081,1.);
#10081 = DIRECTION('',(-0.,1.,-0.));
#10082 = PCURVE('',#8665,#10083);
#10083 = DEFINITIONAL_REPRESENTATION('',(#10084),#10088);
#10084 = LINE('',#10085,#10086);
#10085 = CARTESIAN_POINT('',(-1.,-0.));
#10086 = VECTOR('',#10087,1.);
#10087 = DIRECTION('',(-0.,-1.));
#10088 = ( GEOMETRIC_REPRESENTATION_CONTEXT(2) 
PARAMETRIC_REPRESENTATION_CONTEXT() REPRESENTATION_CONTEXT('2D SPACE',''
  ) );
#10089 = PCURVE('',#9960,#10090);
#10090 = DEFINITIONAL_REPRESENTATION('',(#10091),#10095);
#10091 = LINE('',#10092,#10093);
#10092 = CARTESIAN_POINT('',(-0.,-0.));
#10093 = VECTOR('',#10094,1.);
#10094 = DIRECTION('',(-0.,-1.));
#10095 = ( GEOMETRIC_REPRESENTATION_CONTEXT(2) 
PARAMETRIC_REPRESENTATION_CONTEXT() REPRESENTATION_CONTEXT('2D SPACE',''
  ) );
#10096 = ADVANCED_FACE('',(#10097),#8637,.F.);
#10097 = FACE_BOUND('',#10098,.T.);
#10098 = EDGE_LOOP('',(#10099,#10122,#10123,#10124));
#10099 = ORIENTED_EDGE('',*,*,#10100,.T.);
#10100 = EDGE_CURVE('',#10101,#8594,#10103,.T.);
#10101 = VERTEX_POINT('',#10102);
#10102 = CARTESIAN_POINT('',(7.,29.1,50.1));
#10103 = SURFACE_CURVE('',#10104,(#10108,#10115),.PCURVE_S1.);
#10104 = LINE('',#10105,#10106);
#10105 = CARTESIAN_POINT('',(7.,29.1,50.1));
#10106 = VECTOR('',#10107,1.);
#10107 = DIRECTION('',(-0.,-0.,-1.));
#10108 = PCURVE('',#8637,#10109);
#10109 = DEFINITIONAL_REPRESENTATION('',(#10110),#10114);
#10110 = LINE('',#10111,#10112);
#10111 = CARTESIAN_POINT('',(0.5,-2.5));
#10112 = VECTOR('',#10113,1.);
#10113 = DIRECTION('',(-1.,0.));
#10114 = ( GEOMETRIC_REPRESENTATION_CONTEXT(2) 
PARAMETRIC_REPRESENTATION_CONTEXT() REPRESENTATION_CONTEXT('2D SPACE',''
  ) );
#10115 = PCURVE('',#8609,#10116);
#10116 = DEFINITIONAL_REPRESENTATION('',(#10117),#10121);
#10117 = LINE('',#10118,#10119);
#10118 = CARTESIAN_POINT('',(-0.,-58.2));
#10119 = VECTOR('',#10120,1.);
#10120 = DIRECTION('',(-1.,0.));
#10121 = ( GEOMETRIC_REPRESENTATION_CONTEXT(2) 
PARAMETRIC_REPRESENTATION_CONTEXT() REPRESENTATION_CONTEXT('2D SPACE',''
  ) );
#10122 = ORIENTED_EDGE('',*,*,#8621,.F.);
#10123 = ORIENTED_EDGE('',*,*,#10053,.T.);
#10124 = ORIENTED_EDGE('',*,*,#10125,.T.);
#10125 = EDGE_CURVE('',#10054,#10101,#10126,.T.);
#10126 = SURFACE_CURVE('',#10127,(#10131,#10138),.PCURVE_S1.);
#10127 = LINE('',#10128,#10129);
#10128 = CARTESIAN_POINT('',(12.,29.1,50.1));
#10129 = VECTOR('',#10130,1.);
#10130 = DIRECTION('',(-1.,-0.,-0.));
#10131 = PCURVE('',#8637,#10132);
#10132 = DEFINITIONAL_REPRESENTATION('',(#10133),#10137);
#10133 = LINE('',#10134,#10135);
#10134 = CARTESIAN_POINT('',(0.5,2.5));
#10135 = VECTOR('',#10136,1.);
#10136 = DIRECTION('',(-0.,-1.));
#10137 = ( GEOMETRIC_REPRESENTATION_CONTEXT(2) 
PARAMETRIC_REPRESENTATION_CONTEXT() REPRESENTATION_CONTEXT('2D SPACE',''
  ) );
#10138 = PCURVE('',#9960,#10139);
#10139 = DEFINITIONAL_REPRESENTATION('',(#10140),#10144);
#10140 = LINE('',#10141,#10142);
#10141 = CARTESIAN_POINT('',(-0.,-58.2));
#10142 = VECTOR('',#10143,1.);
#10143 = DIRECTION('',(-1.,0.));
#10144 = ( GEOMETRIC_REPRESENTATION_CONTEXT(2) 
PARAMETRIC_REPRESENTATION_CONTEXT() REPRESENTATION_CONTEXT('2D SPACE',''
  ) );
#10145 = ADVANCED_FACE('',(#10146),#8609,.T.);
#10146 = FACE_BOUND('',#10147,.F.);
#10147 = EDGE_LOOP('',(#10148,#10171,#10192,#10193));
#10148 = ORIENTED_EDGE('',*,*,#10149,.T.);
#10149 = EDGE_CURVE('',#8566,#10150,#10152,.T.);
#10150 = VERTEX_POINT('',#10151);
#10151 = CARTESIAN_POINT('',(7.,-22.16,50.1));
#10152 = SURFACE_CURVE('',#10153,(#10157,#10164),.PCURVE_S1.);
#10153 = LINE('',#10154,#10155);
#10154 = CARTESIAN_POINT('',(7.,-22.16,49.85));
#10155 = VECTOR('',#10156,1.);
#10156 = DIRECTION('',(-0.,-0.,1.));
#10157 = PCURVE('',#8609,#10158);
#10158 = DEFINITIONAL_REPRESENTATION('',(#10159),#10163);
#10159 = LINE('',#10160,#10161);
#10160 = CARTESIAN_POINT('',(-0.25,-6.94));
#10161 = VECTOR('',#10162,1.);
#10162 = DIRECTION('',(1.,-0.));
#10163 = ( GEOMETRIC_REPRESENTATION_CONTEXT(2) 
PARAMETRIC_REPRESENTATION_CONTEXT() REPRESENTATION_CONTEXT('2D SPACE',''
  ) );
#10164 = PCURVE('',#8581,#10165);
#10165 = DEFINITIONAL_REPRESENTATION('',(#10166),#10170);
#10166 = LINE('',#10167,#10168);
#10167 = CARTESIAN_POINT('',(0.25,2.));
#10168 = VECTOR('',#10169,1.);
#10169 = DIRECTION('',(1.,-0.));
#10170 = ( GEOMETRIC_REPRESENTATION_CONTEXT(2) 
PARAMETRIC_REPRESENTATION_CONTEXT() REPRESENTATION_CONTEXT('2D SPACE',''
  ) );
#10171 = ORIENTED_EDGE('',*,*,#10172,.T.);
#10172 = EDGE_CURVE('',#10150,#10101,#10173,.T.);
#10173 = SURFACE_CURVE('',#10174,(#10178,#10185),.PCURVE_S1.);
#10174 = LINE('',#10175,#10176);
#10175 = CARTESIAN_POINT('',(7.,-29.1,50.1));
#10176 = VECTOR('',#10177,1.);
#10177 = DIRECTION('',(-0.,1.,-0.));
#10178 = PCURVE('',#8609,#10179);
#10179 = DEFINITIONAL_REPRESENTATION('',(#10180),#10184);
#10180 = LINE('',#10181,#10182);
#10181 = CARTESIAN_POINT('',(-0.,-0.));
#10182 = VECTOR('',#10183,1.);
#10183 = DIRECTION('',(-0.,-1.));
#10184 = ( GEOMETRIC_REPRESENTATION_CONTEXT(2) 
PARAMETRIC_REPRESENTATION_CONTEXT() REPRESENTATION_CONTEXT('2D SPACE',''
  ) );
#10185 = PCURVE('',#9960,#10186);
#10186 = DEFINITIONAL_REPRESENTATION('',(#10187),#10191);
#10187 = LINE('',#10188,#10189);
#10188 = CARTESIAN_POINT('',(-5.,0.));
#10189 = VECTOR('',#10190,1.);
#10190 = DIRECTION('',(-0.,-1.));
#10191 = ( GEOMETRIC_REPRESENTATION_CONTEXT(2) 
PARAMETRIC_REPRESENTATION_CONTEXT() REPRESENTATION_CONTEXT('2D SPACE',''
  ) );
#10192 = ORIENTED_EDGE('',*,*,#10100,.T.);
#10193 = ORIENTED_EDGE('',*,*,#8593,.F.);
#10194 = ADVANCED_FACE('',(#10195),#8581,.F.);
#10195 = FACE_BOUND('',#10196,.T.);
#10196 = EDGE_LOOP('',(#10197,#10198,#10199,#10220,#10221));
#10197 = ORIENTED_EDGE('',*,*,#8565,.F.);
#10198 = ORIENTED_EDGE('',*,*,#10149,.T.);
#10199 = ORIENTED_EDGE('',*,*,#10200,.T.);
#10200 = EDGE_CURVE('',#10150,#9945,#10201,.T.);
#10201 = SURFACE_CURVE('',#10202,(#10206,#10213),.PCURVE_S1.);
#10202 = LINE('',#10203,#10204);
#10203 = CARTESIAN_POINT('',(8.5,-22.16,50.1));
#10204 = VECTOR('',#10205,1.);
#10205 = DIRECTION('',(1.,-0.,-0.));
#10206 = PCURVE('',#8581,#10207);
#10207 = DEFINITIONAL_REPRESENTATION('',(#10208),#10212);
#10208 = LINE('',#10209,#10210);
#10209 = CARTESIAN_POINT('',(0.5,3.5));
#10210 = VECTOR('',#10211,1.);
#10211 = DIRECTION('',(-0.,1.));
#10212 = ( GEOMETRIC_REPRESENTATION_CONTEXT(2) 
PARAMETRIC_REPRESENTATION_CONTEXT() REPRESENTATION_CONTEXT('2D SPACE',''
  ) );
#10213 = PCURVE('',#9960,#10214);
#10214 = DEFINITIONAL_REPRESENTATION('',(#10215),#10219);
#10215 = LINE('',#10216,#10217);
#10216 = CARTESIAN_POINT('',(-3.5,-6.94));
#10217 = VECTOR('',#10218,1.);
#10218 = DIRECTION('',(1.,-0.));
#10219 = ( GEOMETRIC_REPRESENTATION_CONTEXT(2) 
PARAMETRIC_REPRESENTATION_CONTEXT() REPRESENTATION_CONTEXT('2D SPACE',''
  ) );
#10220 = ORIENTED_EDGE('',*,*,#9972,.T.);
#10221 = ORIENTED_EDGE('',*,*,#8833,.F.);
#10222 = ADVANCED_FACE('',(#10223),#8980,.F.);
#10223 = FACE_BOUND('',#10224,.T.);
#10224 = EDGE_LOOP('',(#10225,#10226,#10249,#10272,#10295,#10318,#10339,
    #10340));
#10225 = ORIENTED_EDGE('',*,*,#9123,.F.);
#10226 = ORIENTED_EDGE('',*,*,#10227,.T.);
#10227 = EDGE_CURVE('',#9096,#10228,#10230,.T.);
#10228 = VERTEX_POINT('',#10229);
#10229 = CARTESIAN_POINT('',(-15.,-36.,34.5));
#10230 = SURFACE_CURVE('',#10231,(#10235,#10242),.PCURVE_S1.);
#10231 = LINE('',#10232,#10233);
#10232 = CARTESIAN_POINT('',(-15.,-36.35,34.5));
#10233 = VECTOR('',#10234,1.);
#10234 = DIRECTION('',(-0.,1.,-0.));
#10235 = PCURVE('',#8980,#10236);
#10236 = DEFINITIONAL_REPRESENTATION('',(#10237),#10241);
#10237 = LINE('',#10238,#10239);
#10238 = CARTESIAN_POINT('',(-0.,-0.));
#10239 = VECTOR('',#10240,1.);
#10240 = DIRECTION('',(-0.,-1.));
#10241 = ( GEOMETRIC_REPRESENTATION_CONTEXT(2) 
PARAMETRIC_REPRESENTATION_CONTEXT() REPRESENTATION_CONTEXT('2D SPACE',''
  ) );
#10242 = PCURVE('',#9111,#10243);
#10243 = DEFINITIONAL_REPRESENTATION('',(#10244),#10248);
#10244 = LINE('',#10245,#10246);
#10245 = CARTESIAN_POINT('',(-10.,0.));
#10246 = VECTOR('',#10247,1.);
#10247 = DIRECTION('',(-0.,-1.));
#10248 = ( GEOMETRIC_REPRESENTATION_CONTEXT(2) 
PARAMETRIC_REPRESENTATION_CONTEXT() REPRESENTATION_CONTEXT('2D SPACE',''
  ) );
#10249 = ORIENTED_EDGE('',*,*,#10250,.F.);
#10250 = EDGE_CURVE('',#10251,#10228,#10253,.T.);
#10251 = VERTEX_POINT('',#10252);
#10252 = CARTESIAN_POINT('',(-11.00500312891,-36.,34.5));
#10253 = SURFACE_CURVE('',#10254,(#10258,#10265),.PCURVE_S1.);
#10254 = LINE('',#10255,#10256);
#10255 = CARTESIAN_POINT('',(-15.,-36.,34.5));
#10256 = VECTOR('',#10257,1.);
#10257 = DIRECTION('',(-1.,-0.,-0.));
#10258 = PCURVE('',#8980,#10259);
#10259 = DEFINITIONAL_REPRESENTATION('',(#10260),#10264);
#10260 = LINE('',#10261,#10262);
#10261 = CARTESIAN_POINT('',(-0.,-0.35));
#10262 = VECTOR('',#10263,1.);
#10263 = DIRECTION('',(1.,-0.));
#10264 = ( GEOMETRIC_REPRESENTATION_CONTEXT(2) 
PARAMETRIC_REPRESENTATION_CONTEXT() REPRESENTATION_CONTEXT('2D SPACE',''
  ) );
#10265 = PCURVE('',#9352,#10266);
#10266 = DEFINITIONAL_REPRESENTATION('',(#10267),#10271);
#10267 = LINE('',#10268,#10269);
#10268 = CARTESIAN_POINT('',(5.,-0.));
#10269 = VECTOR('',#10270,1.);
#10270 = DIRECTION('',(-0.,-1.));
#10271 = ( GEOMETRIC_REPRESENTATION_CONTEXT(2) 
PARAMETRIC_REPRESENTATION_CONTEXT() REPRESENTATION_CONTEXT('2D SPACE',''
  ) );
#10272 = ORIENTED_EDGE('',*,*,#10273,.F.);
#10273 = EDGE_CURVE('',#10274,#10251,#10276,.T.);
#10274 = VERTEX_POINT('',#10275);
#10275 = CARTESIAN_POINT('',(-11.00500312891,-24.,34.5));
#10276 = SURFACE_CURVE('',#10277,(#10281,#10288),.PCURVE_S1.);
#10277 = LINE('',#10278,#10279);
#10278 = CARTESIAN_POINT('',(-11.00500312891,-24.,34.5));
#10279 = VECTOR('',#10280,1.);
#10280 = DIRECTION('',(-0.,-1.,-0.));
#10281 = PCURVE('',#8980,#10282);
#10282 = DEFINITIONAL_REPRESENTATION('',(#10283),#10287);
#10283 = LINE('',#10284,#10285);
#10284 = CARTESIAN_POINT('',(-3.994996871088,-12.35));
#10285 = VECTOR('',#10286,1.);
#10286 = DIRECTION('',(-0.,1.));
#10287 = ( GEOMETRIC_REPRESENTATION_CONTEXT(2) 
PARAMETRIC_REPRESENTATION_CONTEXT() REPRESENTATION_CONTEXT('2D SPACE',''
  ) );
#10288 = PCURVE('',#9324,#10289);
#10289 = DEFINITIONAL_REPRESENTATION('',(#10290),#10294);
#10290 = LINE('',#10291,#10292);
#10291 = CARTESIAN_POINT('',(-2.467462146922,0.));
#10292 = VECTOR('',#10293,1.);
#10293 = DIRECTION('',(-0.,1.));
#10294 = ( GEOMETRIC_REPRESENTATION_CONTEXT(2) 
PARAMETRIC_REPRESENTATION_CONTEXT() REPRESENTATION_CONTEXT('2D SPACE',''
  ) );
#10295 = ORIENTED_EDGE('',*,*,#10296,.T.);
#10296 = EDGE_CURVE('',#10274,#10297,#10299,.T.);
#10297 = VERTEX_POINT('',#10298);
#10298 = CARTESIAN_POINT('',(-15.,-24.,34.5));
#10299 = SURFACE_CURVE('',#10300,(#10304,#10311),.PCURVE_S1.);
#10300 = LINE('',#10301,#10302);
#10301 = CARTESIAN_POINT('',(-15.,-24.,34.5));
#10302 = VECTOR('',#10303,1.);
#10303 = DIRECTION('',(-1.,-0.,-0.));
#10304 = PCURVE('',#8980,#10305);
#10305 = DEFINITIONAL_REPRESENTATION('',(#10306),#10310);
#10306 = LINE('',#10307,#10308);
#10307 = CARTESIAN_POINT('',(-0.,-12.35));
#10308 = VECTOR('',#10309,1.);
#10309 = DIRECTION('',(1.,-0.));
#10310 = ( GEOMETRIC_REPRESENTATION_CONTEXT(2) 
PARAMETRIC_REPRESENTATION_CONTEXT() REPRESENTATION_CONTEXT('2D SPACE',''
  ) );
#10311 = PCURVE('',#9296,#10312);
#10312 = DEFINITIONAL_REPRESENTATION('',(#10313),#10317);
#10313 = LINE('',#10314,#10315);
#10314 = CARTESIAN_POINT('',(5.,-0.));
#10315 = VECTOR('',#10316,1.);
#10316 = DIRECTION('',(-0.,-1.));
#10317 = ( GEOMETRIC_REPRESENTATION_CONTEXT(2) 
PARAMETRIC_REPRESENTATION_CONTEXT() REPRESENTATION_CONTEXT('2D SPACE',''
  ) );
#10318 = ORIENTED_EDGE('',*,*,#10319,.T.);
#10319 = EDGE_CURVE('',#10297,#9391,#10320,.T.);
#10320 = SURFACE_CURVE('',#10321,(#10325,#10332),.PCURVE_S1.);
#10321 = LINE('',#10322,#10323);
#10322 = CARTESIAN_POINT('',(-15.,-36.35,34.5));
#10323 = VECTOR('',#10324,1.);
#10324 = DIRECTION('',(-0.,1.,-0.));
#10325 = PCURVE('',#8980,#10326);
#10326 = DEFINITIONAL_REPRESENTATION('',(#10327),#10331);
#10327 = LINE('',#10328,#10329);
#10328 = CARTESIAN_POINT('',(-0.,-0.));
#10329 = VECTOR('',#10330,1.);
#10330 = DIRECTION('',(-0.,-1.));
#10331 = ( GEOMETRIC_REPRESENTATION_CONTEXT(2) 
PARAMETRIC_REPRESENTATION_CONTEXT() REPRESENTATION_CONTEXT('2D SPACE',''
  ) );
#10332 = PCURVE('',#9406,#10333);
#10333 = DEFINITIONAL_REPRESENTATION('',(#10334),#10338);
#10334 = LINE('',#10335,#10336);
#10335 = CARTESIAN_POINT('',(-10.,0.));
#10336 = VECTOR('',#10337,1.);
#10337 = DIRECTION('',(-0.,-1.));
#10338 = ( GEOMETRIC_REPRESENTATION_CONTEXT(2) 
PARAMETRIC_REPRESENTATION_CONTEXT() REPRESENTATION_CONTEXT('2D SPACE',''
  ) );
#10339 = ORIENTED_EDGE('',*,*,#9418,.T.);
#10340 = ORIENTED_EDGE('',*,*,#8964,.F.);
#10341 = ADVANCED_FACE('',(#10342),#9056,.F.);
#10342 = FACE_BOUND('',#10343,.T.);
#10343 = EDGE_LOOP('',(#10344,#10345,#10368,#10391,#10414,#10437,#10458,
    #10459));
#10344 = ORIENTED_EDGE('',*,*,#9520,.F.);
#10345 = ORIENTED_EDGE('',*,*,#10346,.T.);
#10346 = EDGE_CURVE('',#9493,#10347,#10349,.T.);
#10347 = VERTEX_POINT('',#10348);
#10348 = CARTESIAN_POINT('',(-15.,24.,34.5));
#10349 = SURFACE_CURVE('',#10350,(#10354,#10361),.PCURVE_S1.);
#10350 = LINE('',#10351,#10352);
#10351 = CARTESIAN_POINT('',(-15.,23.65,34.5));
#10352 = VECTOR('',#10353,1.);
#10353 = DIRECTION('',(-0.,1.,-0.));
#10354 = PCURVE('',#9056,#10355);
#10355 = DEFINITIONAL_REPRESENTATION('',(#10356),#10360);
#10356 = LINE('',#10357,#10358);
#10357 = CARTESIAN_POINT('',(-0.,-0.));
#10358 = VECTOR('',#10359,1.);
#10359 = DIRECTION('',(-0.,-1.));
#10360 = ( GEOMETRIC_REPRESENTATION_CONTEXT(2) 
PARAMETRIC_REPRESENTATION_CONTEXT() REPRESENTATION_CONTEXT('2D SPACE',''
  ) );
#10361 = PCURVE('',#9508,#10362);
#10362 = DEFINITIONAL_REPRESENTATION('',(#10363),#10367);
#10363 = LINE('',#10364,#10365);
#10364 = CARTESIAN_POINT('',(-10.,0.));
#10365 = VECTOR('',#10366,1.);
#10366 = DIRECTION('',(-0.,-1.));
#10367 = ( GEOMETRIC_REPRESENTATION_CONTEXT(2) 
PARAMETRIC_REPRESENTATION_CONTEXT() REPRESENTATION_CONTEXT('2D SPACE',''
  ) );
#10368 = ORIENTED_EDGE('',*,*,#10369,.F.);
#10369 = EDGE_CURVE('',#10370,#10347,#10372,.T.);
#10370 = VERTEX_POINT('',#10371);
#10371 = CARTESIAN_POINT('',(-11.00500312891,24.,34.5));
#10372 = SURFACE_CURVE('',#10373,(#10377,#10384),.PCURVE_S1.);
#10373 = LINE('',#10374,#10375);
#10374 = CARTESIAN_POINT('',(-15.,24.,34.5));
#10375 = VECTOR('',#10376,1.);
#10376 = DIRECTION('',(-1.,-0.,-0.));
#10377 = PCURVE('',#9056,#10378);
#10378 = DEFINITIONAL_REPRESENTATION('',(#10379),#10383);
#10379 = LINE('',#10380,#10381);
#10380 = CARTESIAN_POINT('',(-0.,-0.35));
#10381 = VECTOR('',#10382,1.);
#10382 = DIRECTION('',(1.,-0.));
#10383 = ( GEOMETRIC_REPRESENTATION_CONTEXT(2) 
PARAMETRIC_REPRESENTATION_CONTEXT() REPRESENTATION_CONTEXT('2D SPACE',''
  ) );
#10384 = PCURVE('',#9749,#10385);
#10385 = DEFINITIONAL_REPRESENTATION('',(#10386),#10390);
#10386 = LINE('',#10387,#10388);
#10387 = CARTESIAN_POINT('',(5.,-0.));
#10388 = VECTOR('',#10389,1.);
#10389 = DIRECTION('',(-0.,-1.));
#10390 = ( GEOMETRIC_REPRESENTATION_CONTEXT(2) 
PARAMETRIC_REPRESENTATION_CONTEXT() REPRESENTATION_CONTEXT('2D SPACE',''
  ) );
#10391 = ORIENTED_EDGE('',*,*,#10392,.F.);
#10392 = EDGE_CURVE('',#10393,#10370,#10395,.T.);
#10393 = VERTEX_POINT('',#10394);
#10394 = CARTESIAN_POINT('',(-11.00500312891,36.,34.5));
#10395 = SURFACE_CURVE('',#10396,(#10400,#10407),.PCURVE_S1.);
#10396 = LINE('',#10397,#10398);
#10397 = CARTESIAN_POINT('',(-11.00500312891,36.,34.5));
#10398 = VECTOR('',#10399,1.);
#10399 = DIRECTION('',(-0.,-1.,-0.));
#10400 = PCURVE('',#9056,#10401);
#10401 = DEFINITIONAL_REPRESENTATION('',(#10402),#10406);
#10402 = LINE('',#10403,#10404);
#10403 = CARTESIAN_POINT('',(-3.994996871088,-12.35));
#10404 = VECTOR('',#10405,1.);
#10405 = DIRECTION('',(-0.,1.));
#10406 = ( GEOMETRIC_REPRESENTATION_CONTEXT(2) 
PARAMETRIC_REPRESENTATION_CONTEXT() REPRESENTATION_CONTEXT('2D SPACE',''
  ) );
#10407 = PCURVE('',#9721,#10408);
#10408 = DEFINITIONAL_REPRESENTATION('',(#10409),#10413);
#10409 = LINE('',#10410,#10411);
#10410 = CARTESIAN_POINT('',(-2.467462146922,0.));
#10411 = VECTOR('',#10412,1.);
#10412 = DIRECTION('',(-0.,1.));
#10413 = ( GEOMETRIC_REPRESENTATION_CONTEXT(2) 
PARAMETRIC_REPRESENTATION_CONTEXT() REPRESENTATION_CONTEXT('2D SPACE',''
  ) );
#10414 = ORIENTED_EDGE('',*,*,#10415,.T.);
#10415 = EDGE_CURVE('',#10393,#10416,#10418,.T.);
#10416 = VERTEX_POINT('',#10417);
#10417 = CARTESIAN_POINT('',(-15.,36.,34.5));
#10418 = SURFACE_CURVE('',#10419,(#10423,#10430),.PCURVE_S1.);
#10419 = LINE('',#10420,#10421);
#10420 = CARTESIAN_POINT('',(-15.,36.,34.5));
#10421 = VECTOR('',#10422,1.);
#10422 = DIRECTION('',(-1.,-0.,-0.));
#10423 = PCURVE('',#9056,#10424);
#10424 = DEFINITIONAL_REPRESENTATION('',(#10425),#10429);
#10425 = LINE('',#10426,#10427);
#10426 = CARTESIAN_POINT('',(-0.,-12.35));
#10427 = VECTOR('',#10428,1.);
#10428 = DIRECTION('',(1.,-0.));
#10429 = ( GEOMETRIC_REPRESENTATION_CONTEXT(2) 
PARAMETRIC_REPRESENTATION_CONTEXT() REPRESENTATION_CONTEXT('2D SPACE',''
  ) );
#10430 = PCURVE('',#9693,#10431);
#10431 = DEFINITIONAL_REPRESENTATION('',(#10432),#10436);
#10432 = LINE('',#10433,#10434);
#10433 = CARTESIAN_POINT('',(5.,-0.));
#10434 = VECTOR('',#10435,1.);
#10435 = DIRECTION('',(-0.,-1.));
#10436 = ( GEOMETRIC_REPRESENTATION_CONTEXT(2) 
PARAMETRIC_REPRESENTATION_CONTEXT() REPRESENTATION_CONTEXT('2D SPACE',''
  ) );
#10437 = ORIENTED_EDGE('',*,*,#10438,.T.);
#10438 = EDGE_CURVE('',#10416,#9788,#10439,.T.);
#10439 = SURFACE_CURVE('',#10440,(#10444,#10451),.PCURVE_S1.);
#10440 = LINE('',#10441,#10442);
#10441 = CARTESIAN_POINT('',(-15.,23.65,34.5));
#10442 = VECTOR('',#10443,1.);
#10443 = DIRECTION('',(-0.,1.,-0.));
#10444 = PCURVE('',#9056,#10445);
#10445 = DEFINITIONAL_REPRESENTATION('',(#10446),#10450);
#10446 = LINE('',#10447,#10448);
#10447 = CARTESIAN_POINT('',(-0.,-0.));
#10448 = VECTOR('',#10449,1.);
#10449 = DIRECTION('',(-0.,-1.));
#10450 = ( GEOMETRIC_REPRESENTATION_CONTEXT(2) 
PARAMETRIC_REPRESENTATION_CONTEXT() REPRESENTATION_CONTEXT('2D SPACE',''
  ) );
#10451 = PCURVE('',#9803,#10452);
#10452 = DEFINITIONAL_REPRESENTATION('',(#10453),#10457);
#10453 = LINE('',#10454,#10455);
#10454 = CARTESIAN_POINT('',(-10.,0.));
#10455 = VECTOR('',#10456,1.);
#10456 = DIRECTION('',(-0.,-1.));
#10457 = ( GEOMETRIC_REPRESENTATION_CONTEXT(2) 
PARAMETRIC_REPRESENTATION_CONTEXT() REPRESENTATION_CONTEXT('2D SPACE',''
  ) );
#10458 = ORIENTED_EDGE('',*,*,#9815,.T.);
#10459 = ORIENTED_EDGE('',*,*,#9040,.F.);
#10460 = ADVANCED_FACE('',(#10461),#9111,.F.);
#10461 = FACE_BOUND('',#10462,.T.);
#10462 = EDGE_LOOP('',(#10463,#10464,#10487,#10508));
#10463 = ORIENTED_EDGE('',*,*,#9093,.F.);
#10464 = ORIENTED_EDGE('',*,*,#10465,.F.);
#10465 = EDGE_CURVE('',#10466,#9094,#10468,.T.);
#10466 = VERTEX_POINT('',#10467);
#10467 = CARTESIAN_POINT('',(-15.,-36.,37.8));
#10468 = SURFACE_CURVE('',#10469,(#10473,#10480),.PCURVE_S1.);
#10469 = LINE('',#10470,#10471);
#10470 = CARTESIAN_POINT('',(-15.,-23.5,37.8));
#10471 = VECTOR('',#10472,1.);
#10472 = DIRECTION('',(-0.,-1.,-0.));
#10473 = PCURVE('',#9111,#10474);
#10474 = DEFINITIONAL_REPRESENTATION('',(#10475),#10479);
#10475 = LINE('',#10476,#10477);
#10476 = CARTESIAN_POINT('',(-6.7,-12.85));
#10477 = VECTOR('',#10478,1.);
#10478 = DIRECTION('',(-0.,1.));
#10479 = ( GEOMETRIC_REPRESENTATION_CONTEXT(2) 
PARAMETRIC_REPRESENTATION_CONTEXT() REPRESENTATION_CONTEXT('2D SPACE',''
  ) );
#10480 = PCURVE('',#9212,#10481);
#10481 = DEFINITIONAL_REPRESENTATION('',(#10482),#10486);
#10482 = LINE('',#10483,#10484);
#10483 = CARTESIAN_POINT('',(-3.14159265359,0.));
#10484 = VECTOR('',#10485,1.);
#10485 = DIRECTION('',(-0.,1.));
#10486 = ( GEOMETRIC_REPRESENTATION_CONTEXT(2) 
PARAMETRIC_REPRESENTATION_CONTEXT() REPRESENTATION_CONTEXT('2D SPACE',''
  ) );
#10487 = ORIENTED_EDGE('',*,*,#10488,.F.);
#10488 = EDGE_CURVE('',#10228,#10466,#10489,.T.);
#10489 = SURFACE_CURVE('',#10490,(#10494,#10501),.PCURVE_S1.);
#10490 = LINE('',#10491,#10492);
#10491 = CARTESIAN_POINT('',(-15.,-36.,42.));
#10492 = VECTOR('',#10493,1.);
#10493 = DIRECTION('',(-0.,-0.,1.));
#10494 = PCURVE('',#9111,#10495);
#10495 = DEFINITIONAL_REPRESENTATION('',(#10496),#10500);
#10496 = LINE('',#10497,#10498);
#10497 = CARTESIAN_POINT('',(-2.5,-0.35));
#10498 = VECTOR('',#10499,1.);
#10499 = DIRECTION('',(1.,-0.));
#10500 = ( GEOMETRIC_REPRESENTATION_CONTEXT(2) 
PARAMETRIC_REPRESENTATION_CONTEXT() REPRESENTATION_CONTEXT('2D SPACE',''
  ) );
#10501 = PCURVE('',#9352,#10502);
#10502 = DEFINITIONAL_REPRESENTATION('',(#10503),#10507);
#10503 = LINE('',#10504,#10505);
#10504 = CARTESIAN_POINT('',(-2.5,0.));
#10505 = VECTOR('',#10506,1.);
#10506 = DIRECTION('',(-1.,0.));
#10507 = ( GEOMETRIC_REPRESENTATION_CONTEXT(2) 
PARAMETRIC_REPRESENTATION_CONTEXT() REPRESENTATION_CONTEXT('2D SPACE',''
  ) );
#10508 = ORIENTED_EDGE('',*,*,#10227,.F.);
#10509 = ADVANCED_FACE('',(#10510),#9212,.F.);
#10510 = FACE_BOUND('',#10511,.T.);
#10511 = EDGE_LOOP('',(#10512,#10513,#10536,#10559,#10580,#10581,#10604,
    #10630,#10631,#10657));
#10512 = ORIENTED_EDGE('',*,*,#9197,.F.);
#10513 = ORIENTED_EDGE('',*,*,#10514,.F.);
#10514 = EDGE_CURVE('',#10515,#9170,#10517,.T.);
#10515 = VERTEX_POINT('',#10516);
#10516 = CARTESIAN_POINT('',(-15.,-36.,41.2));
#10517 = SURFACE_CURVE('',#10518,(#10522,#10529),.PCURVE_S1.);
#10518 = LINE('',#10519,#10520);
#10519 = CARTESIAN_POINT('',(-15.,-23.5,41.2));
#10520 = VECTOR('',#10521,1.);
#10521 = DIRECTION('',(-0.,-1.,-0.));
#10522 = PCURVE('',#9212,#10523);
#10523 = DEFINITIONAL_REPRESENTATION('',(#10524),#10528);
#10524 = LINE('',#10525,#10526);
#10525 = CARTESIAN_POINT('',(-0.,-0.));
#10526 = VECTOR('',#10527,1.);
#10527 = DIRECTION('',(-0.,1.));
#10528 = ( GEOMETRIC_REPRESENTATION_CONTEXT(2) 
PARAMETRIC_REPRESENTATION_CONTEXT() REPRESENTATION_CONTEXT('2D SPACE',''
  ) );
#10529 = PCURVE('',#9185,#10530);
#10530 = DEFINITIONAL_REPRESENTATION('',(#10531),#10535);
#10531 = LINE('',#10532,#10533);
#10532 = CARTESIAN_POINT('',(-3.3,-12.85));
#10533 = VECTOR('',#10534,1.);
#10534 = DIRECTION('',(-0.,1.));
#10535 = ( GEOMETRIC_REPRESENTATION_CONTEXT(2) 
PARAMETRIC_REPRESENTATION_CONTEXT() REPRESENTATION_CONTEXT('2D SPACE',''
  ) );
#10536 = ORIENTED_EDGE('',*,*,#10537,.F.);
#10537 = EDGE_CURVE('',#10538,#10515,#10540,.T.);
#10538 = VERTEX_POINT('',#10539);
#10539 = CARTESIAN_POINT('',(-15.,-24.,41.2));
#10540 = SEAM_CURVE('',#10541,(#10545,#10552),.PCURVE_S1.);
#10541 = LINE('',#10542,#10543);
#10542 = CARTESIAN_POINT('',(-15.,-23.5,41.2));
#10543 = VECTOR('',#10544,1.);
#10544 = DIRECTION('',(-0.,-1.,-0.));
#10545 = PCURVE('',#9212,#10546);
#10546 = DEFINITIONAL_REPRESENTATION('',(#10547),#10551);
#10547 = LINE('',#10548,#10549);
#10548 = CARTESIAN_POINT('',(-6.28318530718,-0.));
#10549 = VECTOR('',#10550,1.);
#10550 = DIRECTION('',(-0.,1.));
#10551 = ( GEOMETRIC_REPRESENTATION_CONTEXT(2) 
PARAMETRIC_REPRESENTATION_CONTEXT() REPRESENTATION_CONTEXT('2D SPACE',''
  ) );
#10552 = PCURVE('',#9212,#10553);
#10553 = DEFINITIONAL_REPRESENTATION('',(#10554),#10558);
#10554 = LINE('',#10555,#10556);
#10555 = CARTESIAN_POINT('',(-0.,-0.));
#10556 = VECTOR('',#10557,1.);
#10557 = DIRECTION('',(-0.,1.));
#10558 = ( GEOMETRIC_REPRESENTATION_CONTEXT(2) 
PARAMETRIC_REPRESENTATION_CONTEXT() REPRESENTATION_CONTEXT('2D SPACE',''
  ) );
#10559 = ORIENTED_EDGE('',*,*,#10560,.F.);
#10560 = EDGE_CURVE('',#9443,#10538,#10561,.T.);
#10561 = SURFACE_CURVE('',#10562,(#10566,#10573),.PCURVE_S1.);
#10562 = LINE('',#10563,#10564);
#10563 = CARTESIAN_POINT('',(-15.,-23.5,41.2));
#10564 = VECTOR('',#10565,1.);
#10565 = DIRECTION('',(-0.,-1.,-0.));
#10566 = PCURVE('',#9212,#10567);
#10567 = DEFINITIONAL_REPRESENTATION('',(#10568),#10572);
#10568 = LINE('',#10569,#10570);
#10569 = CARTESIAN_POINT('',(-0.,-0.));
#10570 = VECTOR('',#10571,1.);
#10571 = DIRECTION('',(-0.,1.));
#10572 = ( GEOMETRIC_REPRESENTATION_CONTEXT(2) 
PARAMETRIC_REPRESENTATION_CONTEXT() REPRESENTATION_CONTEXT('2D SPACE',''
  ) );
#10573 = PCURVE('',#9268,#10574);
#10574 = DEFINITIONAL_REPRESENTATION('',(#10575),#10579);
#10575 = LINE('',#10576,#10577);
#10576 = CARTESIAN_POINT('',(-3.3,-12.85));
#10577 = VECTOR('',#10578,1.);
#10578 = DIRECTION('',(-0.,1.));
#10579 = ( GEOMETRIC_REPRESENTATION_CONTEXT(2) 
PARAMETRIC_REPRESENTATION_CONTEXT() REPRESENTATION_CONTEXT('2D SPACE',''
  ) );
#10580 = ORIENTED_EDGE('',*,*,#9465,.T.);
#10581 = ORIENTED_EDGE('',*,*,#10582,.T.);
#10582 = EDGE_CURVE('',#9389,#10583,#10585,.T.);
#10583 = VERTEX_POINT('',#10584);
#10584 = CARTESIAN_POINT('',(-15.,-24.,37.8));
#10585 = SURFACE_CURVE('',#10586,(#10590,#10597),.PCURVE_S1.);
#10586 = LINE('',#10587,#10588);
#10587 = CARTESIAN_POINT('',(-15.,-23.5,37.8));
#10588 = VECTOR('',#10589,1.);
#10589 = DIRECTION('',(-0.,-1.,-0.));
#10590 = PCURVE('',#9212,#10591);
#10591 = DEFINITIONAL_REPRESENTATION('',(#10592),#10596);
#10592 = LINE('',#10593,#10594);
#10593 = CARTESIAN_POINT('',(-3.14159265359,0.));
#10594 = VECTOR('',#10595,1.);
#10595 = DIRECTION('',(-0.,1.));
#10596 = ( GEOMETRIC_REPRESENTATION_CONTEXT(2) 
PARAMETRIC_REPRESENTATION_CONTEXT() REPRESENTATION_CONTEXT('2D SPACE',''
  ) );
#10597 = PCURVE('',#9406,#10598);
#10598 = DEFINITIONAL_REPRESENTATION('',(#10599),#10603);
#10599 = LINE('',#10600,#10601);
#10600 = CARTESIAN_POINT('',(-6.7,-12.85));
#10601 = VECTOR('',#10602,1.);
#10602 = DIRECTION('',(-0.,1.));
#10603 = ( GEOMETRIC_REPRESENTATION_CONTEXT(2) 
PARAMETRIC_REPRESENTATION_CONTEXT() REPRESENTATION_CONTEXT('2D SPACE',''
  ) );
#10604 = ORIENTED_EDGE('',*,*,#10605,.T.);
#10605 = EDGE_CURVE('',#10583,#10538,#10606,.T.);
#10606 = SURFACE_CURVE('',#10607,(#10612,#10619),.PCURVE_S1.);
#10607 = CIRCLE('',#10608,1.7);
#10608 = AXIS2_PLACEMENT_3D('',#10609,#10610,#10611);
#10609 = CARTESIAN_POINT('',(-15.,-24.,39.5));
#10610 = DIRECTION('',(0.,1.,0.));
#10611 = DIRECTION('',(-0.,-0.,1.));
#10612 = PCURVE('',#9212,#10613);
#10613 = DEFINITIONAL_REPRESENTATION('',(#10614),#10618);
#10614 = LINE('',#10615,#10616);
#10615 = CARTESIAN_POINT('',(-0.,0.5));
#10616 = VECTOR('',#10617,1.);
#10617 = DIRECTION('',(-1.,0.));
#10618 = ( GEOMETRIC_REPRESENTATION_CONTEXT(2) 
PARAMETRIC_REPRESENTATION_CONTEXT() REPRESENTATION_CONTEXT('2D SPACE',''
  ) );
#10619 = PCURVE('',#9296,#10620);
#10620 = DEFINITIONAL_REPRESENTATION('',(#10621),#10629);
#10621 = ( BOUNDED_CURVE() B_SPLINE_CURVE(2,(#10622,#10623,#10624,#10625
    ,#10626,#10627,#10628),.UNSPECIFIED.,.T.,.F.) 
B_SPLINE_CURVE_WITH_KNOTS((1,2,2,2,2,1),(-2.094395102393,0.,
    2.094395102393,4.188790204786,6.28318530718,8.377580409573),
.UNSPECIFIED.) CURVE() GEOMETRIC_REPRESENTATION_ITEM() 
RATIONAL_B_SPLINE_CURVE((1.,0.5,1.,0.5,1.,0.5,1.)) REPRESENTATION_ITEM(
  '') );
#10622 = CARTESIAN_POINT('',(-1.7,0.));
#10623 = CARTESIAN_POINT('',(-1.7,2.944486372867));
#10624 = CARTESIAN_POINT('',(0.85,1.472243186434));
#10625 = CARTESIAN_POINT('',(3.4,4.163799117101E-16));
#10626 = CARTESIAN_POINT('',(0.85,-1.472243186434));
#10627 = CARTESIAN_POINT('',(-1.7,-2.944486372867));
#10628 = CARTESIAN_POINT('',(-1.7,0.));
#10629 = ( GEOMETRIC_REPRESENTATION_CONTEXT(2) 
PARAMETRIC_REPRESENTATION_CONTEXT() REPRESENTATION_CONTEXT('2D SPACE',''
  ) );
#10630 = ORIENTED_EDGE('',*,*,#10537,.T.);
#10631 = ORIENTED_EDGE('',*,*,#10632,.F.);
#10632 = EDGE_CURVE('',#10466,#10515,#10633,.T.);
#10633 = SURFACE_CURVE('',#10634,(#10639,#10646),.PCURVE_S1.);
#10634 = CIRCLE('',#10635,1.7);
#10635 = AXIS2_PLACEMENT_3D('',#10636,#10637,#10638);
#10636 = CARTESIAN_POINT('',(-15.,-36.,39.5));
#10637 = DIRECTION('',(0.,1.,0.));
#10638 = DIRECTION('',(-0.,-0.,1.));
#10639 = PCURVE('',#9212,#10640);
#10640 = DEFINITIONAL_REPRESENTATION('',(#10641),#10645);
#10641 = LINE('',#10642,#10643);
#10642 = CARTESIAN_POINT('',(-0.,12.5));
#10643 = VECTOR('',#10644,1.);
#10644 = DIRECTION('',(-1.,0.));
#10645 = ( GEOMETRIC_REPRESENTATION_CONTEXT(2) 
PARAMETRIC_REPRESENTATION_CONTEXT() REPRESENTATION_CONTEXT('2D SPACE',''
  ) );
#10646 = PCURVE('',#9352,#10647);
#10647 = DEFINITIONAL_REPRESENTATION('',(#10648),#10656);
#10648 = ( BOUNDED_CURVE() B_SPLINE_CURVE(2,(#10649,#10650,#10651,#10652
    ,#10653,#10654,#10655),.UNSPECIFIED.,.T.,.F.) 
B_SPLINE_CURVE_WITH_KNOTS((1,2,2,2,2,1),(-2.094395102393,0.,
    2.094395102393,4.188790204786,6.28318530718,8.377580409573),
.UNSPECIFIED.) CURVE() GEOMETRIC_REPRESENTATION_ITEM() 
RATIONAL_B_SPLINE_CURVE((1.,0.5,1.,0.5,1.,0.5,1.)) REPRESENTATION_ITEM(
  '') );
#10649 = CARTESIAN_POINT('',(-1.7,0.));
#10650 = CARTESIAN_POINT('',(-1.7,2.944486372867));
#10651 = CARTESIAN_POINT('',(0.85,1.472243186434));
#10652 = CARTESIAN_POINT('',(3.4,4.163799117101E-16));
#10653 = CARTESIAN_POINT('',(0.85,-1.472243186434));
#10654 = CARTESIAN_POINT('',(-1.7,-2.944486372867));
#10655 = CARTESIAN_POINT('',(-1.7,0.));
#10656 = ( GEOMETRIC_REPRESENTATION_CONTEXT(2) 
PARAMETRIC_REPRESENTATION_CONTEXT() REPRESENTATION_CONTEXT('2D SPACE',''
  ) );
#10657 = ORIENTED_EDGE('',*,*,#10465,.T.);
#10658 = ADVANCED_FACE('',(#10659),#9185,.F.);
#10659 = FACE_BOUND('',#10660,.T.);
#10660 = EDGE_LOOP('',(#10661,#10662,#10663,#10684));
#10661 = ORIENTED_EDGE('',*,*,#9169,.F.);
#10662 = ORIENTED_EDGE('',*,*,#9364,.T.);
#10663 = ORIENTED_EDGE('',*,*,#10664,.F.);
#10664 = EDGE_CURVE('',#10515,#9337,#10665,.T.);
#10665 = SURFACE_CURVE('',#10666,(#10670,#10677),.PCURVE_S1.);
#10666 = LINE('',#10667,#10668);
#10667 = CARTESIAN_POINT('',(-15.,-36.,42.));
#10668 = VECTOR('',#10669,1.);
#10669 = DIRECTION('',(-0.,-0.,1.));
#10670 = PCURVE('',#9185,#10671);
#10671 = DEFINITIONAL_REPRESENTATION('',(#10672),#10676);
#10672 = LINE('',#10673,#10674);
#10673 = CARTESIAN_POINT('',(-2.5,-0.35));
#10674 = VECTOR('',#10675,1.);
#10675 = DIRECTION('',(1.,-0.));
#10676 = ( GEOMETRIC_REPRESENTATION_CONTEXT(2) 
PARAMETRIC_REPRESENTATION_CONTEXT() REPRESENTATION_CONTEXT('2D SPACE',''
  ) );
#10677 = PCURVE('',#9352,#10678);
#10678 = DEFINITIONAL_REPRESENTATION('',(#10679),#10683);
#10679 = LINE('',#10680,#10681);
#10680 = CARTESIAN_POINT('',(-2.5,0.));
#10681 = VECTOR('',#10682,1.);
#10682 = DIRECTION('',(-1.,0.));
#10683 = ( GEOMETRIC_REPRESENTATION_CONTEXT(2) 
PARAMETRIC_REPRESENTATION_CONTEXT() REPRESENTATION_CONTEXT('2D SPACE',''
  ) );
#10684 = ORIENTED_EDGE('',*,*,#10514,.T.);
#10685 = ADVANCED_FACE('',(#10686),#9352,.T.);
#10686 = FACE_BOUND('',#10687,.F.);
#10687 = EDGE_LOOP('',(#10688,#10689,#10715,#10716,#10717,#10718));
#10688 = ORIENTED_EDGE('',*,*,#10250,.F.);
#10689 = ORIENTED_EDGE('',*,*,#10690,.T.);
#10690 = EDGE_CURVE('',#10251,#9309,#10691,.T.);
#10691 = SURFACE_CURVE('',#10692,(#10697,#10708),.PCURVE_S1.);
#10692 = CIRCLE('',#10693,6.4);
#10693 = AXIS2_PLACEMENT_3D('',#10694,#10695,#10696);
#10694 = CARTESIAN_POINT('',(-15.,-36.,39.5));
#10695 = DIRECTION('',(0.,1.,-0.));
#10696 = DIRECTION('',(0.624218261107,-0.,-0.78125));
#10697 = PCURVE('',#9352,#10698);
#10698 = DEFINITIONAL_REPRESENTATION('',(#10699),#10707);
#10699 = ( BOUNDED_CURVE() B_SPLINE_CURVE(2,(#10700,#10701,#10702,#10703
    ,#10704,#10705,#10706),.UNSPECIFIED.,.T.,.F.) 
B_SPLINE_CURVE_WITH_KNOTS((1,2,2,2,2,1),(-2.094395102393,0.,
    2.094395102393,4.188790204786,6.28318530718,8.377580409573),
.UNSPECIFIED.) CURVE() GEOMETRIC_REPRESENTATION_ITEM() 
RATIONAL_B_SPLINE_CURVE((1.,0.5,1.,0.5,1.,0.5,1.)) REPRESENTATION_ITEM(
  '') );
#10700 = CARTESIAN_POINT('',(5.,3.994996871088));
#10701 = CARTESIAN_POINT('',(11.919537556802,-4.665257166757));
#10702 = CARTESIAN_POINT('',(0.959768778401,-6.327625454466));
#10703 = CARTESIAN_POINT('',(-10.,-7.989993742175));
#10704 = CARTESIAN_POINT('',(-5.959768778401,2.332628583378));
#10705 = CARTESIAN_POINT('',(-1.919537556802,12.655250908932));
#10706 = CARTESIAN_POINT('',(5.,3.994996871088));
#10707 = ( GEOMETRIC_REPRESENTATION_CONTEXT(2) 
PARAMETRIC_REPRESENTATION_CONTEXT() REPRESENTATION_CONTEXT('2D SPACE',''
  ) );
#10708 = PCURVE('',#9324,#10709);
#10709 = DEFINITIONAL_REPRESENTATION('',(#10710),#10714);
#10710 = LINE('',#10711,#10712);
#10711 = CARTESIAN_POINT('',(-2.467462146922,12.));
#10712 = VECTOR('',#10713,1.);
#10713 = DIRECTION('',(-1.,0.));
#10714 = ( GEOMETRIC_REPRESENTATION_CONTEXT(2) 
PARAMETRIC_REPRESENTATION_CONTEXT() REPRESENTATION_CONTEXT('2D SPACE',''
  ) );
#10715 = ORIENTED_EDGE('',*,*,#9336,.F.);
#10716 = ORIENTED_EDGE('',*,*,#10664,.F.);
#10717 = ORIENTED_EDGE('',*,*,#10632,.F.);
#10718 = ORIENTED_EDGE('',*,*,#10488,.F.);
#10719 = ADVANCED_FACE('',(#10720),#9324,.T.);
#10720 = FACE_BOUND('',#10721,.F.);
#10721 = EDGE_LOOP('',(#10722,#10723,#10724,#10750));
#10722 = ORIENTED_EDGE('',*,*,#10690,.F.);
#10723 = ORIENTED_EDGE('',*,*,#10273,.F.);
#10724 = ORIENTED_EDGE('',*,*,#10725,.T.);
#10725 = EDGE_CURVE('',#10274,#9281,#10726,.T.);
#10726 = SURFACE_CURVE('',#10727,(#10732,#10739),.PCURVE_S1.);
#10727 = CIRCLE('',#10728,6.4);
#10728 = AXIS2_PLACEMENT_3D('',#10729,#10730,#10731);
#10729 = CARTESIAN_POINT('',(-15.,-24.,39.5));
#10730 = DIRECTION('',(0.,1.,-0.));
#10731 = DIRECTION('',(0.624218261107,-0.,-0.78125));
#10732 = PCURVE('',#9324,#10733);
#10733 = DEFINITIONAL_REPRESENTATION('',(#10734),#10738);
#10734 = LINE('',#10735,#10736);
#10735 = CARTESIAN_POINT('',(-2.467462146922,0.));
#10736 = VECTOR('',#10737,1.);
#10737 = DIRECTION('',(-1.,0.));
#10738 = ( GEOMETRIC_REPRESENTATION_CONTEXT(2) 
PARAMETRIC_REPRESENTATION_CONTEXT() REPRESENTATION_CONTEXT('2D SPACE',''
  ) );
#10739 = PCURVE('',#9296,#10740);
#10740 = DEFINITIONAL_REPRESENTATION('',(#10741),#10749);
#10741 = ( BOUNDED_CURVE() B_SPLINE_CURVE(2,(#10742,#10743,#10744,#10745
    ,#10746,#10747,#10748),.UNSPECIFIED.,.T.,.F.) 
B_SPLINE_CURVE_WITH_KNOTS((1,2,2,2,2,1),(-2.094395102393,0.,
    2.094395102393,4.188790204786,6.28318530718,8.377580409573),
.UNSPECIFIED.) CURVE() GEOMETRIC_REPRESENTATION_ITEM() 
RATIONAL_B_SPLINE_CURVE((1.,0.5,1.,0.5,1.,0.5,1.)) REPRESENTATION_ITEM(
  '') );
#10742 = CARTESIAN_POINT('',(5.,3.994996871088));
#10743 = CARTESIAN_POINT('',(11.919537556802,-4.665257166757));
#10744 = CARTESIAN_POINT('',(0.959768778401,-6.327625454466));
#10745 = CARTESIAN_POINT('',(-10.,-7.989993742175));
#10746 = CARTESIAN_POINT('',(-5.959768778401,2.332628583378));
#10747 = CARTESIAN_POINT('',(-1.919537556802,12.655250908932));
#10748 = CARTESIAN_POINT('',(5.,3.994996871088));
#10749 = ( GEOMETRIC_REPRESENTATION_CONTEXT(2) 
PARAMETRIC_REPRESENTATION_CONTEXT() REPRESENTATION_CONTEXT('2D SPACE',''
  ) );
#10750 = ORIENTED_EDGE('',*,*,#9308,.T.);
#10751 = ADVANCED_FACE('',(#10752),#9296,.F.);
#10752 = FACE_BOUND('',#10753,.T.);
#10753 = EDGE_LOOP('',(#10754,#10755,#10756,#10757,#10778,#10779));
#10754 = ORIENTED_EDGE('',*,*,#10296,.F.);
#10755 = ORIENTED_EDGE('',*,*,#10725,.T.);
#10756 = ORIENTED_EDGE('',*,*,#9280,.F.);
#10757 = ORIENTED_EDGE('',*,*,#10758,.F.);
#10758 = EDGE_CURVE('',#10538,#9253,#10759,.T.);
#10759 = SURFACE_CURVE('',#10760,(#10764,#10771),.PCURVE_S1.);
#10760 = LINE('',#10761,#10762);
#10761 = CARTESIAN_POINT('',(-15.,-24.,42.));
#10762 = VECTOR('',#10763,1.);
#10763 = DIRECTION('',(-0.,-0.,1.));
#10764 = PCURVE('',#9296,#10765);
#10765 = DEFINITIONAL_REPRESENTATION('',(#10766),#10770);
#10766 = LINE('',#10767,#10768);
#10767 = CARTESIAN_POINT('',(-2.5,0.));
#10768 = VECTOR('',#10769,1.);
#10769 = DIRECTION('',(-1.,0.));
#10770 = ( GEOMETRIC_REPRESENTATION_CONTEXT(2) 
PARAMETRIC_REPRESENTATION_CONTEXT() REPRESENTATION_CONTEXT('2D SPACE',''
  ) );
#10771 = PCURVE('',#9268,#10772);
#10772 = DEFINITIONAL_REPRESENTATION('',(#10773),#10777);
#10773 = LINE('',#10774,#10775);
#10774 = CARTESIAN_POINT('',(-2.5,-12.35));
#10775 = VECTOR('',#10776,1.);
#10776 = DIRECTION('',(1.,-0.));
#10777 = ( GEOMETRIC_REPRESENTATION_CONTEXT(2) 
PARAMETRIC_REPRESENTATION_CONTEXT() REPRESENTATION_CONTEXT('2D SPACE',''
  ) );
#10778 = ORIENTED_EDGE('',*,*,#10605,.F.);
#10779 = ORIENTED_EDGE('',*,*,#10780,.F.);
#10780 = EDGE_CURVE('',#10297,#10583,#10781,.T.);
#10781 = SURFACE_CURVE('',#10782,(#10786,#10793),.PCURVE_S1.);
#10782 = LINE('',#10783,#10784);
#10783 = CARTESIAN_POINT('',(-15.,-24.,42.));
#10784 = VECTOR('',#10785,1.);
#10785 = DIRECTION('',(-0.,-0.,1.));
#10786 = PCURVE('',#9296,#10787);
#10787 = DEFINITIONAL_REPRESENTATION('',(#10788),#10792);
#10788 = LINE('',#10789,#10790);
#10789 = CARTESIAN_POINT('',(-2.5,0.));
#10790 = VECTOR('',#10791,1.);
#10791 = DIRECTION('',(-1.,0.));
#10792 = ( GEOMETRIC_REPRESENTATION_CONTEXT(2) 
PARAMETRIC_REPRESENTATION_CONTEXT() REPRESENTATION_CONTEXT('2D SPACE',''
  ) );
#10793 = PCURVE('',#9406,#10794);
#10794 = DEFINITIONAL_REPRESENTATION('',(#10795),#10799);
#10795 = LINE('',#10796,#10797);
#10796 = CARTESIAN_POINT('',(-2.5,-12.35));
#10797 = VECTOR('',#10798,1.);
#10798 = DIRECTION('',(1.,-0.));
#10799 = ( GEOMETRIC_REPRESENTATION_CONTEXT(2) 
PARAMETRIC_REPRESENTATION_CONTEXT() REPRESENTATION_CONTEXT('2D SPACE',''
  ) );
#10800 = ADVANCED_FACE('',(#10801),#9268,.F.);
#10801 = FACE_BOUND('',#10802,.T.);
#10802 = EDGE_LOOP('',(#10803,#10804,#10805,#10806));
#10803 = ORIENTED_EDGE('',*,*,#10560,.T.);
#10804 = ORIENTED_EDGE('',*,*,#10758,.T.);
#10805 = ORIENTED_EDGE('',*,*,#9252,.T.);
#10806 = ORIENTED_EDGE('',*,*,#9442,.T.);
#10807 = ADVANCED_FACE('',(#10808),#9406,.F.);
#10808 = FACE_BOUND('',#10809,.T.);
#10809 = EDGE_LOOP('',(#10810,#10811,#10812,#10813));
#10810 = ORIENTED_EDGE('',*,*,#10780,.T.);
#10811 = ORIENTED_EDGE('',*,*,#10582,.F.);
#10812 = ORIENTED_EDGE('',*,*,#9388,.T.);
#10813 = ORIENTED_EDGE('',*,*,#10319,.F.);
#10814 = ADVANCED_FACE('',(#10815),#9508,.F.);
#10815 = FACE_BOUND('',#10816,.T.);
#10816 = EDGE_LOOP('',(#10817,#10818,#10841,#10862));
#10817 = ORIENTED_EDGE('',*,*,#9490,.F.);
#10818 = ORIENTED_EDGE('',*,*,#10819,.F.);
#10819 = EDGE_CURVE('',#10820,#9491,#10822,.T.);
#10820 = VERTEX_POINT('',#10821);
#10821 = CARTESIAN_POINT('',(-15.,24.,37.8));
#10822 = SURFACE_CURVE('',#10823,(#10827,#10834),.PCURVE_S1.);
#10823 = LINE('',#10824,#10825);
#10824 = CARTESIAN_POINT('',(-15.,36.5,37.8));
#10825 = VECTOR('',#10826,1.);
#10826 = DIRECTION('',(-0.,-1.,-0.));
#10827 = PCURVE('',#9508,#10828);
#10828 = DEFINITIONAL_REPRESENTATION('',(#10829),#10833);
#10829 = LINE('',#10830,#10831);
#10830 = CARTESIAN_POINT('',(-6.7,-12.85));
#10831 = VECTOR('',#10832,1.);
#10832 = DIRECTION('',(-0.,1.));
#10833 = ( GEOMETRIC_REPRESENTATION_CONTEXT(2) 
PARAMETRIC_REPRESENTATION_CONTEXT() REPRESENTATION_CONTEXT('2D SPACE',''
  ) );
#10834 = PCURVE('',#9609,#10835);
#10835 = DEFINITIONAL_REPRESENTATION('',(#10836),#10840);
#10836 = LINE('',#10837,#10838);
#10837 = CARTESIAN_POINT('',(-3.14159265359,0.));
#10838 = VECTOR('',#10839,1.);
#10839 = DIRECTION('',(-0.,1.));
#10840 = ( GEOMETRIC_REPRESENTATION_CONTEXT(2) 
PARAMETRIC_REPRESENTATION_CONTEXT() REPRESENTATION_CONTEXT('2D SPACE',''
  ) );
#10841 = ORIENTED_EDGE('',*,*,#10842,.F.);
#10842 = EDGE_CURVE('',#10347,#10820,#10843,.T.);
#10843 = SURFACE_CURVE('',#10844,(#10848,#10855),.PCURVE_S1.);
#10844 = LINE('',#10845,#10846);
#10845 = CARTESIAN_POINT('',(-15.,24.,42.));
#10846 = VECTOR('',#10847,1.);
#10847 = DIRECTION('',(-0.,-0.,1.));
#10848 = PCURVE('',#9508,#10849);
#10849 = DEFINITIONAL_REPRESENTATION('',(#10850),#10854);
#10850 = LINE('',#10851,#10852);
#10851 = CARTESIAN_POINT('',(-2.5,-0.35));
#10852 = VECTOR('',#10853,1.);
#10853 = DIRECTION('',(1.,-0.));
#10854 = ( GEOMETRIC_REPRESENTATION_CONTEXT(2) 
PARAMETRIC_REPRESENTATION_CONTEXT() REPRESENTATION_CONTEXT('2D SPACE',''
  ) );
#10855 = PCURVE('',#9749,#10856);
#10856 = DEFINITIONAL_REPRESENTATION('',(#10857),#10861);
#10857 = LINE('',#10858,#10859);
#10858 = CARTESIAN_POINT('',(-2.5,0.));
#10859 = VECTOR('',#10860,1.);
#10860 = DIRECTION('',(-1.,0.));
#10861 = ( GEOMETRIC_REPRESENTATION_CONTEXT(2) 
PARAMETRIC_REPRESENTATION_CONTEXT() REPRESENTATION_CONTEXT('2D SPACE',''
  ) );
#10862 = ORIENTED_EDGE('',*,*,#10346,.F.);
#10863 = ADVANCED_FACE('',(#10864),#9609,.F.);
#10864 = FACE_BOUND('',#10865,.T.);
#10865 = EDGE_LOOP('',(#10866,#10867,#10890,#10913,#10934,#10935,#10958,
    #10984,#10985,#11011));
#10866 = ORIENTED_EDGE('',*,*,#9594,.F.);
#10867 = ORIENTED_EDGE('',*,*,#10868,.F.);
#10868 = EDGE_CURVE('',#10869,#9567,#10871,.T.);
#10869 = VERTEX_POINT('',#10870);
#10870 = CARTESIAN_POINT('',(-15.,24.,41.2));
#10871 = SURFACE_CURVE('',#10872,(#10876,#10883),.PCURVE_S1.);
#10872 = LINE('',#10873,#10874);
#10873 = CARTESIAN_POINT('',(-15.,36.5,41.2));
#10874 = VECTOR('',#10875,1.);
#10875 = DIRECTION('',(-0.,-1.,-0.));
#10876 = PCURVE('',#9609,#10877);
#10877 = DEFINITIONAL_REPRESENTATION('',(#10878),#10882);
#10878 = LINE('',#10879,#10880);
#10879 = CARTESIAN_POINT('',(-0.,-0.));
#10880 = VECTOR('',#10881,1.);
#10881 = DIRECTION('',(-0.,1.));
#10882 = ( GEOMETRIC_REPRESENTATION_CONTEXT(2) 
PARAMETRIC_REPRESENTATION_CONTEXT() REPRESENTATION_CONTEXT('2D SPACE',''
  ) );
#10883 = PCURVE('',#9582,#10884);
#10884 = DEFINITIONAL_REPRESENTATION('',(#10885),#10889);
#10885 = LINE('',#10886,#10887);
#10886 = CARTESIAN_POINT('',(-3.3,-12.85));
#10887 = VECTOR('',#10888,1.);
#10888 = DIRECTION('',(-0.,1.));
#10889 = ( GEOMETRIC_REPRESENTATION_CONTEXT(2) 
PARAMETRIC_REPRESENTATION_CONTEXT() REPRESENTATION_CONTEXT('2D SPACE',''
  ) );
#10890 = ORIENTED_EDGE('',*,*,#10891,.F.);
#10891 = EDGE_CURVE('',#10892,#10869,#10894,.T.);
#10892 = VERTEX_POINT('',#10893);
#10893 = CARTESIAN_POINT('',(-15.,36.,41.2));
#10894 = SEAM_CURVE('',#10895,(#10899,#10906),.PCURVE_S1.);
#10895 = LINE('',#10896,#10897);
#10896 = CARTESIAN_POINT('',(-15.,36.5,41.2));
#10897 = VECTOR('',#10898,1.);
#10898 = DIRECTION('',(-0.,-1.,-0.));
#10899 = PCURVE('',#9609,#10900);
#10900 = DEFINITIONAL_REPRESENTATION('',(#10901),#10905);
#10901 = LINE('',#10902,#10903);
#10902 = CARTESIAN_POINT('',(-6.28318530718,-0.));
#10903 = VECTOR('',#10904,1.);
#10904 = DIRECTION('',(-0.,1.));
#10905 = ( GEOMETRIC_REPRESENTATION_CONTEXT(2) 
PARAMETRIC_REPRESENTATION_CONTEXT() REPRESENTATION_CONTEXT('2D SPACE',''
  ) );
#10906 = PCURVE('',#9609,#10907);
#10907 = DEFINITIONAL_REPRESENTATION('',(#10908),#10912);
#10908 = LINE('',#10909,#10910);
#10909 = CARTESIAN_POINT('',(-0.,-0.));
#10910 = VECTOR('',#10911,1.);
#10911 = DIRECTION('',(-0.,1.));
#10912 = ( GEOMETRIC_REPRESENTATION_CONTEXT(2) 
PARAMETRIC_REPRESENTATION_CONTEXT() REPRESENTATION_CONTEXT('2D SPACE',''
  ) );
#10913 = ORIENTED_EDGE('',*,*,#10914,.F.);
#10914 = EDGE_CURVE('',#9840,#10892,#10915,.T.);
#10915 = SURFACE_CURVE('',#10916,(#10920,#10927),.PCURVE_S1.);
#10916 = LINE('',#10917,#10918);
#10917 = CARTESIAN_POINT('',(-15.,36.5,41.2));
#10918 = VECTOR('',#10919,1.);
#10919 = DIRECTION('',(-0.,-1.,-0.));
#10920 = PCURVE('',#9609,#10921);
#10921 = DEFINITIONAL_REPRESENTATION('',(#10922),#10926);
#10922 = LINE('',#10923,#10924);
#10923 = CARTESIAN_POINT('',(-0.,-0.));
#10924 = VECTOR('',#10925,1.);
#10925 = DIRECTION('',(-0.,1.));
#10926 = ( GEOMETRIC_REPRESENTATION_CONTEXT(2) 
PARAMETRIC_REPRESENTATION_CONTEXT() REPRESENTATION_CONTEXT('2D SPACE',''
  ) );
#10927 = PCURVE('',#9665,#10928);
#10928 = DEFINITIONAL_REPRESENTATION('',(#10929),#10933);
#10929 = LINE('',#10930,#10931);
#10930 = CARTESIAN_POINT('',(-3.3,-12.85));
#10931 = VECTOR('',#10932,1.);
#10932 = DIRECTION('',(-0.,1.));
#10933 = ( GEOMETRIC_REPRESENTATION_CONTEXT(2) 
PARAMETRIC_REPRESENTATION_CONTEXT() REPRESENTATION_CONTEXT('2D SPACE',''
  ) );
#10934 = ORIENTED_EDGE('',*,*,#9862,.T.);
#10935 = ORIENTED_EDGE('',*,*,#10936,.T.);
#10936 = EDGE_CURVE('',#9786,#10937,#10939,.T.);
#10937 = VERTEX_POINT('',#10938);
#10938 = CARTESIAN_POINT('',(-15.,36.,37.8));
#10939 = SURFACE_CURVE('',#10940,(#10944,#10951),.PCURVE_S1.);
#10940 = LINE('',#10941,#10942);
#10941 = CARTESIAN_POINT('',(-15.,36.5,37.8));
#10942 = VECTOR('',#10943,1.);
#10943 = DIRECTION('',(-0.,-1.,-0.));
#10944 = PCURVE('',#9609,#10945);
#10945 = DEFINITIONAL_REPRESENTATION('',(#10946),#10950);
#10946 = LINE('',#10947,#10948);
#10947 = CARTESIAN_POINT('',(-3.14159265359,0.));
#10948 = VECTOR('',#10949,1.);
#10949 = DIRECTION('',(-0.,1.));
#10950 = ( GEOMETRIC_REPRESENTATION_CONTEXT(2) 
PARAMETRIC_REPRESENTATION_CONTEXT() REPRESENTATION_CONTEXT('2D SPACE',''
  ) );
#10951 = PCURVE('',#9803,#10952);
#10952 = DEFINITIONAL_REPRESENTATION('',(#10953),#10957);
#10953 = LINE('',#10954,#10955);
#10954 = CARTESIAN_POINT('',(-6.7,-12.85));
#10955 = VECTOR('',#10956,1.);
#10956 = DIRECTION('',(-0.,1.));
#10957 = ( GEOMETRIC_REPRESENTATION_CONTEXT(2) 
PARAMETRIC_REPRESENTATION_CONTEXT() REPRESENTATION_CONTEXT('2D SPACE',''
  ) );
#10958 = ORIENTED_EDGE('',*,*,#10959,.T.);
#10959 = EDGE_CURVE('',#10937,#10892,#10960,.T.);
#10960 = SURFACE_CURVE('',#10961,(#10966,#10973),.PCURVE_S1.);
#10961 = CIRCLE('',#10962,1.7);
#10962 = AXIS2_PLACEMENT_3D('',#10963,#10964,#10965);
#10963 = CARTESIAN_POINT('',(-15.,36.,39.5));
#10964 = DIRECTION('',(0.,1.,0.));
#10965 = DIRECTION('',(-0.,-0.,1.));
#10966 = PCURVE('',#9609,#10967);
#10967 = DEFINITIONAL_REPRESENTATION('',(#10968),#10972);
#10968 = LINE('',#10969,#10970);
#10969 = CARTESIAN_POINT('',(-0.,0.5));
#10970 = VECTOR('',#10971,1.);
#10971 = DIRECTION('',(-1.,0.));
#10972 = ( GEOMETRIC_REPRESENTATION_CONTEXT(2) 
PARAMETRIC_REPRESENTATION_CONTEXT() REPRESENTATION_CONTEXT('2D SPACE',''
  ) );
#10973 = PCURVE('',#9693,#10974);
#10974 = DEFINITIONAL_REPRESENTATION('',(#10975),#10983);
#10975 = ( BOUNDED_CURVE() B_SPLINE_CURVE(2,(#10976,#10977,#10978,#10979
    ,#10980,#10981,#10982),.UNSPECIFIED.,.T.,.F.) 
B_SPLINE_CURVE_WITH_KNOTS((1,2,2,2,2,1),(-2.094395102393,0.,
    2.094395102393,4.188790204786,6.28318530718,8.377580409573),
.UNSPECIFIED.) CURVE() GEOMETRIC_REPRESENTATION_ITEM() 
RATIONAL_B_SPLINE_CURVE((1.,0.5,1.,0.5,1.,0.5,1.)) REPRESENTATION_ITEM(
  '') );
#10976 = CARTESIAN_POINT('',(-1.7,0.));
#10977 = CARTESIAN_POINT('',(-1.7,2.944486372867));
#10978 = CARTESIAN_POINT('',(0.85,1.472243186434));
#10979 = CARTESIAN_POINT('',(3.4,4.163799117101E-16));
#10980 = CARTESIAN_POINT('',(0.85,-1.472243186434));
#10981 = CARTESIAN_POINT('',(-1.7,-2.944486372867));
#10982 = CARTESIAN_POINT('',(-1.7,0.));
#10983 = ( GEOMETRIC_REPRESENTATION_CONTEXT(2) 
PARAMETRIC_REPRESENTATION_CONTEXT() REPRESENTATION_CONTEXT('2D SPACE',''
  ) );
#10984 = ORIENTED_EDGE('',*,*,#10891,.T.);
#10985 = ORIENTED_EDGE('',*,*,#10986,.F.);
#10986 = EDGE_CURVE('',#10820,#10869,#10987,.T.);
#10987 = SURFACE_CURVE('',#10988,(#10993,#11000),.PCURVE_S1.);
#10988 = CIRCLE('',#10989,1.7);
#10989 = AXIS2_PLACEMENT_3D('',#10990,#10991,#10992);
#10990 = CARTESIAN_POINT('',(-15.,24.,39.5));
#10991 = DIRECTION('',(0.,1.,0.));
#10992 = DIRECTION('',(-0.,-0.,1.));
#10993 = PCURVE('',#9609,#10994);
#10994 = DEFINITIONAL_REPRESENTATION('',(#10995),#10999);
#10995 = LINE('',#10996,#10997);
#10996 = CARTESIAN_POINT('',(-0.,12.5));
#10997 = VECTOR('',#10998,1.);
#10998 = DIRECTION('',(-1.,0.));
#10999 = ( GEOMETRIC_REPRESENTATION_CONTEXT(2) 
PARAMETRIC_REPRESENTATION_CONTEXT() REPRESENTATION_CONTEXT('2D SPACE',''
  ) );
#11000 = PCURVE('',#9749,#11001);
#11001 = DEFINITIONAL_REPRESENTATION('',(#11002),#11010);
#11002 = ( BOUNDED_CURVE() B_SPLINE_CURVE(2,(#11003,#11004,#11005,#11006
    ,#11007,#11008,#11009),.UNSPECIFIED.,.T.,.F.) 
B_SPLINE_CURVE_WITH_KNOTS((1,2,2,2,2,1),(-2.094395102393,0.,
    2.094395102393,4.188790204786,6.28318530718,8.377580409573),
.UNSPECIFIED.) CURVE() GEOMETRIC_REPRESENTATION_ITEM() 
RATIONAL_B_SPLINE_CURVE((1.,0.5,1.,0.5,1.,0.5,1.)) REPRESENTATION_ITEM(
  '') );
#11003 = CARTESIAN_POINT('',(-1.7,0.));
#11004 = CARTESIAN_POINT('',(-1.7,2.944486372867));
#11005 = CARTESIAN_POINT('',(0.85,1.472243186434));
#11006 = CARTESIAN_POINT('',(3.4,4.163799117101E-16));
#11007 = CARTESIAN_POINT('',(0.85,-1.472243186434));
#11008 = CARTESIAN_POINT('',(-1.7,-2.944486372867));
#11009 = CARTESIAN_POINT('',(-1.7,0.));
#11010 = ( GEOMETRIC_REPRESENTATION_CONTEXT(2) 
PARAMETRIC_REPRESENTATION_CONTEXT() REPRESENTATION_CONTEXT('2D SPACE',''
  ) );
#11011 = ORIENTED_EDGE('',*,*,#10819,.T.);
#11012 = ADVANCED_FACE('',(#11013),#9582,.F.);
#11013 = FACE_BOUND('',#11014,.T.);
#11014 = EDGE_LOOP('',(#11015,#11016,#11017,#11038));
#11015 = ORIENTED_EDGE('',*,*,#9566,.F.);
#11016 = ORIENTED_EDGE('',*,*,#9761,.T.);
#11017 = ORIENTED_EDGE('',*,*,#11018,.F.);
#11018 = EDGE_CURVE('',#10869,#9734,#11019,.T.);
#11019 = SURFACE_CURVE('',#11020,(#11024,#11031),.PCURVE_S1.);
#11020 = LINE('',#11021,#11022);
#11021 = CARTESIAN_POINT('',(-15.,24.,42.));
#11022 = VECTOR('',#11023,1.);
#11023 = DIRECTION('',(-0.,-0.,1.));
#11024 = PCURVE('',#9582,#11025);
#11025 = DEFINITIONAL_REPRESENTATION('',(#11026),#11030);
#11026 = LINE('',#11027,#11028);
#11027 = CARTESIAN_POINT('',(-2.5,-0.35));
#11028 = VECTOR('',#11029,1.);
#11029 = DIRECTION('',(1.,-0.));
#11030 = ( GEOMETRIC_REPRESENTATION_CONTEXT(2) 
PARAMETRIC_REPRESENTATION_CONTEXT() REPRESENTATION_CONTEXT('2D SPACE',''
  ) );
#11031 = PCURVE('',#9749,#11032);
#11032 = DEFINITIONAL_REPRESENTATION('',(#11033),#11037);
#11033 = LINE('',#11034,#11035);
#11034 = CARTESIAN_POINT('',(-2.5,0.));
#11035 = VECTOR('',#11036,1.);
#11036 = DIRECTION('',(-1.,0.));
#11037 = ( GEOMETRIC_REPRESENTATION_CONTEXT(2) 
PARAMETRIC_REPRESENTATION_CONTEXT() REPRESENTATION_CONTEXT('2D SPACE',''
  ) );
#11038 = ORIENTED_EDGE('',*,*,#10868,.T.);
#11039 = ADVANCED_FACE('',(#11040),#9749,.T.);
#11040 = FACE_BOUND('',#11041,.F.);
#11041 = EDGE_LOOP('',(#11042,#11043,#11069,#11070,#11071,#11072));
#11042 = ORIENTED_EDGE('',*,*,#10369,.F.);
#11043 = ORIENTED_EDGE('',*,*,#11044,.T.);
#11044 = EDGE_CURVE('',#10370,#9706,#11045,.T.);
#11045 = SURFACE_CURVE('',#11046,(#11051,#11062),.PCURVE_S1.);
#11046 = CIRCLE('',#11047,6.4);
#11047 = AXIS2_PLACEMENT_3D('',#11048,#11049,#11050);
#11048 = CARTESIAN_POINT('',(-15.,24.,39.5));
#11049 = DIRECTION('',(0.,1.,-0.));
#11050 = DIRECTION('',(0.624218261107,-0.,-0.78125));
#11051 = PCURVE('',#9749,#11052);
#11052 = DEFINITIONAL_REPRESENTATION('',(#11053),#11061);
#11053 = ( BOUNDED_CURVE() B_SPLINE_CURVE(2,(#11054,#11055,#11056,#11057
    ,#11058,#11059,#11060),.UNSPECIFIED.,.T.,.F.) 
B_SPLINE_CURVE_WITH_KNOTS((1,2,2,2,2,1),(-2.094395102393,0.,
    2.094395102393,4.188790204786,6.28318530718,8.377580409573),
.UNSPECIFIED.) CURVE() GEOMETRIC_REPRESENTATION_ITEM() 
RATIONAL_B_SPLINE_CURVE((1.,0.5,1.,0.5,1.,0.5,1.)) REPRESENTATION_ITEM(
  '') );
#11054 = CARTESIAN_POINT('',(5.,3.994996871088));
#11055 = CARTESIAN_POINT('',(11.919537556802,-4.665257166757));
#11056 = CARTESIAN_POINT('',(0.959768778401,-6.327625454466));
#11057 = CARTESIAN_POINT('',(-10.,-7.989993742175));
#11058 = CARTESIAN_POINT('',(-5.959768778401,2.332628583378));
#11059 = CARTESIAN_POINT('',(-1.919537556802,12.655250908932));
#11060 = CARTESIAN_POINT('',(5.,3.994996871088));
#11061 = ( GEOMETRIC_REPRESENTATION_CONTEXT(2) 
PARAMETRIC_REPRESENTATION_CONTEXT() REPRESENTATION_CONTEXT('2D SPACE',''
  ) );
#11062 = PCURVE('',#9721,#11063);
#11063 = DEFINITIONAL_REPRESENTATION('',(#11064),#11068);
#11064 = LINE('',#11065,#11066);
#11065 = CARTESIAN_POINT('',(-2.467462146922,12.));
#11066 = VECTOR('',#11067,1.);
#11067 = DIRECTION('',(-1.,0.));
#11068 = ( GEOMETRIC_REPRESENTATION_CONTEXT(2) 
PARAMETRIC_REPRESENTATION_CONTEXT() REPRESENTATION_CONTEXT('2D SPACE',''
  ) );
#11069 = ORIENTED_EDGE('',*,*,#9733,.F.);
#11070 = ORIENTED_EDGE('',*,*,#11018,.F.);
#11071 = ORIENTED_EDGE('',*,*,#10986,.F.);
#11072 = ORIENTED_EDGE('',*,*,#10842,.F.);
#11073 = ADVANCED_FACE('',(#11074),#9721,.T.);
#11074 = FACE_BOUND('',#11075,.F.);
#11075 = EDGE_LOOP('',(#11076,#11077,#11078,#11104));
#11076 = ORIENTED_EDGE('',*,*,#11044,.F.);
#11077 = ORIENTED_EDGE('',*,*,#10392,.F.);
#11078 = ORIENTED_EDGE('',*,*,#11079,.T.);
#11079 = EDGE_CURVE('',#10393,#9678,#11080,.T.);
#11080 = SURFACE_CURVE('',#11081,(#11086,#11093),.PCURVE_S1.);
#11081 = CIRCLE('',#11082,6.4);
#11082 = AXIS2_PLACEMENT_3D('',#11083,#11084,#11085);
#11083 = CARTESIAN_POINT('',(-15.,36.,39.5));
#11084 = DIRECTION('',(0.,1.,-0.));
#11085 = DIRECTION('',(0.624218261107,-0.,-0.78125));
#11086 = PCURVE('',#9721,#11087);
#11087 = DEFINITIONAL_REPRESENTATION('',(#11088),#11092);
#11088 = LINE('',#11089,#11090);
#11089 = CARTESIAN_POINT('',(-2.467462146922,0.));
#11090 = VECTOR('',#11091,1.);
#11091 = DIRECTION('',(-1.,0.));
#11092 = ( GEOMETRIC_REPRESENTATION_CONTEXT(2) 
PARAMETRIC_REPRESENTATION_CONTEXT() REPRESENTATION_CONTEXT('2D SPACE',''
  ) );
#11093 = PCURVE('',#9693,#11094);
#11094 = DEFINITIONAL_REPRESENTATION('',(#11095),#11103);
#11095 = ( BOUNDED_CURVE() B_SPLINE_CURVE(2,(#11096,#11097,#11098,#11099
    ,#11100,#11101,#11102),.UNSPECIFIED.,.T.,.F.) 
B_SPLINE_CURVE_WITH_KNOTS((1,2,2,2,2,1),(-2.094395102393,0.,
    2.094395102393,4.188790204786,6.28318530718,8.377580409573),
.UNSPECIFIED.) CURVE() GEOMETRIC_REPRESENTATION_ITEM() 
RATIONAL_B_SPLINE_CURVE((1.,0.5,1.,0.5,1.,0.5,1.)) REPRESENTATION_ITEM(
  '') );
#11096 = CARTESIAN_POINT('',(5.,3.994996871088));
#11097 = CARTESIAN_POINT('',(11.919537556802,-4.665257166757));
#11098 = CARTESIAN_POINT('',(0.959768778401,-6.327625454466));
#11099 = CARTESIAN_POINT('',(-10.,-7.989993742175));
#11100 = CARTESIAN_POINT('',(-5.959768778401,2.332628583378));
#11101 = CARTESIAN_POINT('',(-1.919537556802,12.655250908932));
#11102 = CARTESIAN_POINT('',(5.,3.994996871088));
#11103 = ( GEOMETRIC_REPRESENTATION_CONTEXT(2) 
PARAMETRIC_REPRESENTATION_CONTEXT() REPRESENTATION_CONTEXT('2D SPACE',''
  ) );
#11104 = ORIENTED_EDGE('',*,*,#9705,.T.);
#11105 = ADVANCED_FACE('',(#11106),#9693,.F.);
#11106 = FACE_BOUND('',#11107,.T.);
#11107 = EDGE_LOOP('',(#11108,#11109,#11110,#11111,#11132,#11133));
#11108 = ORIENTED_EDGE('',*,*,#10415,.F.);
#11109 = ORIENTED_EDGE('',*,*,#11079,.T.);
#11110 = ORIENTED_EDGE('',*,*,#9677,.F.);
#11111 = ORIENTED_EDGE('',*,*,#11112,.F.);
#11112 = EDGE_CURVE('',#10892,#9650,#11113,.T.);
#11113 = SURFACE_CURVE('',#11114,(#11118,#11125),.PCURVE_S1.);
#11114 = LINE('',#11115,#11116);
#11115 = CARTESIAN_POINT('',(-15.,36.,42.));
#11116 = VECTOR('',#11117,1.);
#11117 = DIRECTION('',(-0.,-0.,1.));
#11118 = PCURVE('',#9693,#11119);
#11119 = DEFINITIONAL_REPRESENTATION('',(#11120),#11124);
#11120 = LINE('',#11121,#11122);
#11121 = CARTESIAN_POINT('',(-2.5,0.));
#11122 = VECTOR('',#11123,1.);
#11123 = DIRECTION('',(-1.,0.));
#11124 = ( GEOMETRIC_REPRESENTATION_CONTEXT(2) 
PARAMETRIC_REPRESENTATION_CONTEXT() REPRESENTATION_CONTEXT('2D SPACE',''
  ) );
#11125 = PCURVE('',#9665,#11126);
#11126 = DEFINITIONAL_REPRESENTATION('',(#11127),#11131);
#11127 = LINE('',#11128,#11129);
#11128 = CARTESIAN_POINT('',(-2.5,-12.35));
#11129 = VECTOR('',#11130,1.);
#11130 = DIRECTION('',(1.,-0.));
#11131 = ( GEOMETRIC_REPRESENTATION_CONTEXT(2) 
PARAMETRIC_REPRESENTATION_CONTEXT() REPRESENTATION_CONTEXT('2D SPACE',''
  ) );
#11132 = ORIENTED_EDGE('',*,*,#10959,.F.);
#11133 = ORIENTED_EDGE('',*,*,#11134,.F.);
#11134 = EDGE_CURVE('',#10416,#10937,#11135,.T.);
#11135 = SURFACE_CURVE('',#11136,(#11140,#11147),.PCURVE_S1.);
#11136 = LINE('',#11137,#11138);
#11137 = CARTESIAN_POINT('',(-15.,36.,42.));
#11138 = VECTOR('',#11139,1.);
#11139 = DIRECTION('',(-0.,-0.,1.));
#11140 = PCURVE('',#9693,#11141);
#11141 = DEFINITIONAL_REPRESENTATION('',(#11142),#11146);
#11142 = LINE('',#11143,#11144);
#11143 = CARTESIAN_POINT('',(-2.5,0.));
#11144 = VECTOR('',#11145,1.);
#11145 = DIRECTION('',(-1.,0.));
#11146 = ( GEOMETRIC_REPRESENTATION_CONTEXT(2) 
PARAMETRIC_REPRESENTATION_CONTEXT() REPRESENTATION_CONTEXT('2D SPACE',''
  ) );
#11147 = PCURVE('',#9803,#11148);
#11148 = DEFINITIONAL_REPRESENTATION('',(#11149),#11153);
#11149 = LINE('',#11150,#11151);
#11150 = CARTESIAN_POINT('',(-2.5,-12.35));
#11151 = VECTOR('',#11152,1.);
#11152 = DIRECTION('',(1.,-0.));
#11153 = ( GEOMETRIC_REPRESENTATION_CONTEXT(2) 
PARAMETRIC_REPRESENTATION_CONTEXT() REPRESENTATION_CONTEXT('2D SPACE',''
  ) );
#11154 = ADVANCED_FACE('',(#11155),#9665,.F.);
#11155 = FACE_BOUND('',#11156,.T.);
#11156 = EDGE_LOOP('',(#11157,#11158,#11159,#11160));
#11157 = ORIENTED_EDGE('',*,*,#10914,.T.);
#11158 = ORIENTED_EDGE('',*,*,#11112,.T.);
#11159 = ORIENTED_EDGE('',*,*,#9649,.T.);
#11160 = ORIENTED_EDGE('',*,*,#9839,.T.);
#11161 = ADVANCED_FACE('',(#11162),#9803,.F.);
#11162 = FACE_BOUND('',#11163,.T.);
#11163 = EDGE_LOOP('',(#11164,#11165,#11166,#11167));
#11164 = ORIENTED_EDGE('',*,*,#11134,.T.);
#11165 = ORIENTED_EDGE('',*,*,#10936,.F.);
#11166 = ORIENTED_EDGE('',*,*,#9785,.T.);
#11167 = ORIENTED_EDGE('',*,*,#10438,.F.);
#11168 = ADVANCED_FACE('',(#11169),#9960,.T.);
#11169 = FACE_BOUND('',#11170,.F.);
#11170 = EDGE_LOOP('',(#11171,#11172,#11173,#11174,#11175,#11176));
#11171 = ORIENTED_EDGE('',*,*,#10026,.F.);
#11172 = ORIENTED_EDGE('',*,*,#10076,.T.);
#11173 = ORIENTED_EDGE('',*,*,#10125,.T.);
#11174 = ORIENTED_EDGE('',*,*,#10172,.F.);
#11175 = ORIENTED_EDGE('',*,*,#10200,.T.);
#11176 = ORIENTED_EDGE('',*,*,#9944,.T.);
#11177 = ( GEOMETRIC_REPRESENTATION_CONTEXT(3) 
GLOBAL_UNCERTAINTY_ASSIGNED_CONTEXT((#11181)) 
GLOBAL_UNIT_ASSIGNED_CONTEXT((#11178,#11179,#11180)) 
REPRESENTATION_CONTEXT('Context #1',
  '3D Context with UNIT and UNCERTAINTY') );
#11178 = ( LENGTH_UNIT() NAMED_UNIT(*) SI_UNIT(.MILLI.,.METRE.) );
#11179 = ( NAMED_UNIT(*) PLANE_ANGLE_UNIT() SI_UNIT($,.RADIAN.) );
#11180 = ( NAMED_UNIT(*) SI_UNIT($,.STERADIAN.) SOLID_ANGLE_UNIT() );
#11181 = UNCERTAINTY_MEASURE_WITH_UNIT(LENGTH_MEASURE(1.E-07),#11178,
  'distance_accuracy_value','confusion accuracy');
#11182 = CONTEXT_DEPENDENT_SHAPE_REPRESENTATION(#11183,#11185);
#11183 = ( REPRESENTATION_RELATIONSHIP('','',#7243,#10) 
REPRESENTATION_RELATIONSHIP_WITH_TRANSFORMATION(#11184) 
SHAPE_REPRESENTATION_RELATIONSHIP() );
#11184 = ITEM_DEFINED_TRANSFORMATION('','',#11,#23);
#11185 = PRODUCT_DEFINITION_SHAPE('Placement','Placement of an item',
  #11186);
#11186 = NEXT_ASSEMBLY_USAGE_OCCURRENCE('19','','',#5,#7238,$);
#11187 = PRODUCT_RELATED_PRODUCT_CATEGORY('part',$,(#7240));
ENDSEC;
END-ISO-10303-21;
