ISO-10303-21;
HEADER;
FILE_DESCRIPTION(('Open CASCADE Model'),'2;1');
FILE_NAME('Open CASCADE Shape Model','2026-07-30T13:11:34',('Author'),(
    'Open CASCADE'),'Open CASCADE STEP processor 7.9','Open CASCADE 7.9'
  ,'Unknown');
FILE_SCHEMA(('AUTOMOTIVE_DESIGN { 1 0 10303 214 1 1 1 1 }'));
ENDSEC;
DATA;
#1 = APPLICATION_PROTOCOL_DEFINITION('international standard',
  'automotive_design',2000,#2);
#2 = APPLICATION_CONTEXT(
  'core data for automotive mechanical design processes');
#3 = SHAPE_DEFINITION_REPRESENTATION(#4,#10);
#4 = PRODUCT_DEFINITION_SHAPE('','',#5);
#5 = PRODUCT_DEFINITION('design','',#6,#9);
#6 = PRODUCT_DEFINITION_FORMATION('','',#7);
#7 = PRODUCT('Open CASCADE STEP translator 7.9 3',
  'Open CASCADE STEP translator 7.9 3','',(#8));
#8 = PRODUCT_CONTEXT('',#2,'mechanical');
#9 = PRODUCT_DEFINITION_CONTEXT('part definition',#2,'design');
#10 = SHAPE_REPRESENTATION('',(#11,#15,#19),#23);
#11 = AXIS2_PLACEMENT_3D('',#12,#13,#14);
#12 = CARTESIAN_POINT('',(0.,0.,0.));
#13 = DIRECTION('',(0.,0.,1.));
#14 = DIRECTION('',(1.,0.,-0.));
#15 = AXIS2_PLACEMENT_3D('',#16,#17,#18);
#16 = CARTESIAN_POINT('',(0.,0.,0.));
#17 = DIRECTION('',(0.,0.,1.));
#18 = DIRECTION('',(1.,0.,-0.));
#19 = AXIS2_PLACEMENT_3D('',#20,#21,#22);
#20 = CARTESIAN_POINT('',(0.,0.,0.));
#21 = DIRECTION('',(0.,0.,1.));
#22 = DIRECTION('',(1.,0.,-0.));
#23 = ( GEOMETRIC_REPRESENTATION_CONTEXT(3) 
GLOBAL_UNCERTAINTY_ASSIGNED_CONTEXT((#27)) GLOBAL_UNIT_ASSIGNED_CONTEXT(
(#24,#25,#26)) REPRESENTATION_CONTEXT('Context #1',
  '3D Context with UNIT and UNCERTAINTY') );
#24 = ( LENGTH_UNIT() NAMED_UNIT(*) SI_UNIT(.MILLI.,.METRE.) );
#25 = ( NAMED_UNIT(*) PLANE_ANGLE_UNIT() SI_UNIT($,.RADIAN.) );
#26 = ( NAMED_UNIT(*) SI_UNIT($,.STERADIAN.) SOLID_ANGLE_UNIT() );
#27 = UNCERTAINTY_MEASURE_WITH_UNIT(LENGTH_MEASURE(1.E-07),#24,
  'distance_accuracy_value','confusion accuracy');
#28 = PRODUCT_RELATED_PRODUCT_CATEGORY('part',$,(#7));
#29 = SHAPE_DEFINITION_REPRESENTATION(#30,#36);
#30 = PRODUCT_DEFINITION_SHAPE('','',#31);
#31 = PRODUCT_DEFINITION('design','',#32,#35);
#32 = PRODUCT_DEFINITION_FORMATION('','',#33);
#33 = PRODUCT('Open CASCADE STEP translator 7.9 3.1',
  'Open CASCADE STEP translator 7.9 3.1','',(#34));
#34 = PRODUCT_CONTEXT('',#2,'mechanical');
#35 = PRODUCT_DEFINITION_CONTEXT('part definition',#2,'design');
#36 = ADVANCED_BREP_SHAPE_REPRESENTATION('',(#11,#37),#2408);
#37 = MANIFOLD_SOLID_BREP('',#38);
#38 = CLOSED_SHELL('',(#39,#260,#491,#627,#805,#845,#895,#1093,#1393,
    #1570,#1692,#1742,#1796,#1823,#1878,#1933,#1987,#2041,#2068,#2118,
    #2170,#2226,#2276,#2337,#2344,#2374,#2381));
#39 = ADVANCED_FACE('',(#40),#54,.F.);
#40 = FACE_BOUND('',#41,.F.);
#41 = EDGE_LOOP('',(#42,#77,#105,#133,#161,#187,#213,#234));
#42 = ORIENTED_EDGE('',*,*,#43,.F.);
#43 = EDGE_CURVE('',#44,#46,#48,.T.);
#44 = VERTEX_POINT('',#45);
#45 = CARTESIAN_POINT('',(-12.,-15.65,11.));
#46 = VERTEX_POINT('',#47);
#47 = CARTESIAN_POINT('',(-6.,-15.65,11.));
#48 = SURFACE_CURVE('',#49,(#53,#65),.PCURVE_S1.);
#49 = LINE('',#50,#51);
#50 = CARTESIAN_POINT('',(-18.,-15.65,11.));
#51 = VECTOR('',#52,1.);
#52 = DIRECTION('',(1.,0.,0.));
#53 = PCURVE('',#54,#59);
#54 = PLANE('',#55);
#55 = AXIS2_PLACEMENT_3D('',#56,#57,#58);
#56 = CARTESIAN_POINT('',(-18.,-15.65,11.));
#57 = DIRECTION('',(-0.,0.,1.));
#58 = DIRECTION('',(1.,0.,0.));
#59 = DEFINITIONAL_REPRESENTATION('',(#60),#64);
#60 = LINE('',#61,#62);
#61 = CARTESIAN_POINT('',(0.,0.));
#62 = VECTOR('',#63,1.);
#63 = DIRECTION('',(1.,0.));
#64 = ( GEOMETRIC_REPRESENTATION_CONTEXT(2) 
PARAMETRIC_REPRESENTATION_CONTEXT() REPRESENTATION_CONTEXT('2D SPACE',''
  ) );
#65 = PCURVE('',#66,#71);
#66 = PLANE('',#67);
#67 = AXIS2_PLACEMENT_3D('',#68,#69,#70);
#68 = CARTESIAN_POINT('',(-9.,-15.65,27.5));
#69 = DIRECTION('',(-0.,-1.,-0.));
#70 = DIRECTION('',(0.,0.,-1.));
#71 = DEFINITIONAL_REPRESENTATION('',(#72),#76);
#72 = LINE('',#73,#74);
#73 = CARTESIAN_POINT('',(16.5,-9.));
#74 = VECTOR('',#75,1.);
#75 = DIRECTION('',(0.,1.));
#76 = ( GEOMETRIC_REPRESENTATION_CONTEXT(2) 
PARAMETRIC_REPRESENTATION_CONTEXT() REPRESENTATION_CONTEXT('2D SPACE',''
  ) );
#77 = ORIENTED_EDGE('',*,*,#78,.T.);
#78 = EDGE_CURVE('',#44,#79,#81,.T.);
#79 = VERTEX_POINT('',#80);
#80 = CARTESIAN_POINT('',(-12.,-44.35,11.));
#81 = SURFACE_CURVE('',#82,(#86,#93),.PCURVE_S1.);
#82 = LINE('',#83,#84);
#83 = CARTESIAN_POINT('',(-12.,-15.65,11.));
#84 = VECTOR('',#85,1.);
#85 = DIRECTION('',(0.,-1.,0.));
#86 = PCURVE('',#54,#87);
#87 = DEFINITIONAL_REPRESENTATION('',(#88),#92);
#88 = LINE('',#89,#90);
#89 = CARTESIAN_POINT('',(6.,0.));
#90 = VECTOR('',#91,1.);
#91 = DIRECTION('',(0.,-1.));
#92 = ( GEOMETRIC_REPRESENTATION_CONTEXT(2) 
PARAMETRIC_REPRESENTATION_CONTEXT() REPRESENTATION_CONTEXT('2D SPACE',''
  ) );
#93 = PCURVE('',#94,#99);
#94 = CYLINDRICAL_SURFACE('',#95,6.);
#95 = AXIS2_PLACEMENT_3D('',#96,#97,#98);
#96 = CARTESIAN_POINT('',(-12.,-15.65,17.));
#97 = DIRECTION('',(0.,-1.,0.));
#98 = DIRECTION('',(0.,-0.,-1.));
#99 = DEFINITIONAL_REPRESENTATION('',(#100),#104);
#100 = LINE('',#101,#102);
#101 = CARTESIAN_POINT('',(-0.,0.));
#102 = VECTOR('',#103,1.);
#103 = DIRECTION('',(-0.,1.));
#104 = ( GEOMETRIC_REPRESENTATION_CONTEXT(2) 
PARAMETRIC_REPRESENTATION_CONTEXT() REPRESENTATION_CONTEXT('2D SPACE',''
  ) );
#105 = ORIENTED_EDGE('',*,*,#106,.T.);
#106 = EDGE_CURVE('',#79,#107,#109,.T.);
#107 = VERTEX_POINT('',#108);
#108 = CARTESIAN_POINT('',(-6.,-44.35,11.));
#109 = SURFACE_CURVE('',#110,(#114,#121),.PCURVE_S1.);
#110 = LINE('',#111,#112);
#111 = CARTESIAN_POINT('',(-18.,-44.35,11.));
#112 = VECTOR('',#113,1.);
#113 = DIRECTION('',(1.,0.,0.));
#114 = PCURVE('',#54,#115);
#115 = DEFINITIONAL_REPRESENTATION('',(#116),#120);
#116 = LINE('',#117,#118);
#117 = CARTESIAN_POINT('',(0.,-28.7));
#118 = VECTOR('',#119,1.);
#119 = DIRECTION('',(1.,0.));
#120 = ( GEOMETRIC_REPRESENTATION_CONTEXT(2) 
PARAMETRIC_REPRESENTATION_CONTEXT() REPRESENTATION_CONTEXT('2D SPACE',''
  ) );
#121 = PCURVE('',#122,#127);
#122 = PLANE('',#123);
#123 = AXIS2_PLACEMENT_3D('',#124,#125,#126);
#124 = CARTESIAN_POINT('',(-9.,-44.35,27.5));
#125 = DIRECTION('',(-0.,-1.,-0.));
#126 = DIRECTION('',(0.,0.,-1.));
#127 = DEFINITIONAL_REPRESENTATION('',(#128),#132);
#128 = LINE('',#129,#130);
#129 = CARTESIAN_POINT('',(16.5,-9.));
#130 = VECTOR('',#131,1.);
#131 = DIRECTION('',(0.,1.));
#132 = ( GEOMETRIC_REPRESENTATION_CONTEXT(2) 
PARAMETRIC_REPRESENTATION_CONTEXT() REPRESENTATION_CONTEXT('2D SPACE',''
  ) );
#133 = ORIENTED_EDGE('',*,*,#134,.F.);
#134 = EDGE_CURVE('',#135,#107,#137,.T.);
#135 = VERTEX_POINT('',#136);
#136 = CARTESIAN_POINT('',(-6.,-33.57945526581,11.));
#137 = SURFACE_CURVE('',#138,(#142,#149),.PCURVE_S1.);
#138 = LINE('',#139,#140);
#139 = CARTESIAN_POINT('',(-6.,-15.65,11.));
#140 = VECTOR('',#141,1.);
#141 = DIRECTION('',(0.,-1.,0.));
#142 = PCURVE('',#54,#143);
#143 = DEFINITIONAL_REPRESENTATION('',(#144),#148);
#144 = LINE('',#145,#146);
#145 = CARTESIAN_POINT('',(12.,0.));
#146 = VECTOR('',#147,1.);
#147 = DIRECTION('',(0.,-1.));
#148 = ( GEOMETRIC_REPRESENTATION_CONTEXT(2) 
PARAMETRIC_REPRESENTATION_CONTEXT() REPRESENTATION_CONTEXT('2D SPACE',''
  ) );
#149 = PCURVE('',#150,#155);
#150 = CYLINDRICAL_SURFACE('',#151,6.);
#151 = AXIS2_PLACEMENT_3D('',#152,#153,#154);
#152 = CARTESIAN_POINT('',(-6.,-15.65,17.));
#153 = DIRECTION('',(0.,-1.,0.));
#154 = DIRECTION('',(0.,-0.,-1.));
#155 = DEFINITIONAL_REPRESENTATION('',(#156),#160);
#156 = LINE('',#157,#158);
#157 = CARTESIAN_POINT('',(0.,0.));
#158 = VECTOR('',#159,1.);
#159 = DIRECTION('',(0.,1.));
#160 = ( GEOMETRIC_REPRESENTATION_CONTEXT(2) 
PARAMETRIC_REPRESENTATION_CONTEXT() REPRESENTATION_CONTEXT('2D SPACE',''
  ) );
#161 = ORIENTED_EDGE('',*,*,#162,.T.);
#162 = EDGE_CURVE('',#135,#163,#165,.T.);
#163 = VERTEX_POINT('',#164);
#164 = CARTESIAN_POINT('',(-9.,-33.57945526581,11.));
#165 = SURFACE_CURVE('',#166,(#170,#176),.PCURVE_S1.);
#166 = LINE('',#167,#168);
#167 = CARTESIAN_POINT('',(0.5,-33.57945526581,11.));
#168 = VECTOR('',#169,1.);
#169 = DIRECTION('',(-1.,0.,0.));
#170 = PCURVE('',#54,#171);
#171 = DEFINITIONAL_REPRESENTATION('',(#172),#175);
#172 = B_SPLINE_CURVE_WITH_KNOTS('',1,(#173,#174),.UNSPECIFIED.,.F.,.F.,
  (2,2),(5.9,9.5000006),.PIECEWISE_BEZIER_KNOTS.);
#173 = CARTESIAN_POINT('',(12.6,-17.92945526581));
#174 = CARTESIAN_POINT('',(8.9999994,-17.92945526581));
#175 = ( GEOMETRIC_REPRESENTATION_CONTEXT(2) 
PARAMETRIC_REPRESENTATION_CONTEXT() REPRESENTATION_CONTEXT('2D SPACE',''
  ) );
#176 = PCURVE('',#177,#182);
#177 = CYLINDRICAL_SURFACE('',#178,5.75);
#178 = AXIS2_PLACEMENT_3D('',#179,#180,#181);
#179 = CARTESIAN_POINT('',(0.5,-30.,15.5));
#180 = DIRECTION('',(-1.,0.,0.));
#181 = DIRECTION('',(0.,0.,-1.));
#182 = DEFINITIONAL_REPRESENTATION('',(#183),#186);
#183 = B_SPLINE_CURVE_WITH_KNOTS('',1,(#184,#185),.UNSPECIFIED.,.F.,.F.,
  (2,2),(5.9,9.5000006),.PIECEWISE_BEZIER_KNOTS.);
#184 = CARTESIAN_POINT('',(0.671950896496,5.9));
#185 = CARTESIAN_POINT('',(0.671950896496,9.5000006));
#186 = ( GEOMETRIC_REPRESENTATION_CONTEXT(2) 
PARAMETRIC_REPRESENTATION_CONTEXT() REPRESENTATION_CONTEXT('2D SPACE',''
  ) );
#187 = ORIENTED_EDGE('',*,*,#188,.F.);
#188 = EDGE_CURVE('',#189,#163,#191,.T.);
#189 = VERTEX_POINT('',#190);
#190 = CARTESIAN_POINT('',(-9.,-26.42054473418,11.));
#191 = SURFACE_CURVE('',#192,(#196,#202),.PCURVE_S1.);
#192 = LINE('',#193,#194);
#193 = CARTESIAN_POINT('',(-9.,-22.825,11.));
#194 = VECTOR('',#195,1.);
#195 = DIRECTION('',(0.,-1.,0.));
#196 = PCURVE('',#54,#197);
#197 = DEFINITIONAL_REPRESENTATION('',(#198),#201);
#198 = B_SPLINE_CURVE_WITH_KNOTS('',1,(#199,#200),.UNSPECIFIED.,.F.,.F.,
  (2,2),(1.425,12.925),.PIECEWISE_BEZIER_KNOTS.);
#199 = CARTESIAN_POINT('',(9.,-8.6));
#200 = CARTESIAN_POINT('',(9.,-20.1));
#201 = ( GEOMETRIC_REPRESENTATION_CONTEXT(2) 
PARAMETRIC_REPRESENTATION_CONTEXT() REPRESENTATION_CONTEXT('2D SPACE',''
  ) );
#202 = PCURVE('',#203,#208);
#203 = PLANE('',#204);
#204 = AXIS2_PLACEMENT_3D('',#205,#206,#207);
#205 = CARTESIAN_POINT('',(-9.,-30.,15.5));
#206 = DIRECTION('',(-1.,0.,0.));
#207 = DIRECTION('',(0.,0.,-1.));
#208 = DEFINITIONAL_REPRESENTATION('',(#209),#212);
#209 = B_SPLINE_CURVE_WITH_KNOTS('',1,(#210,#211),.UNSPECIFIED.,.F.,.F.,
  (2,2),(1.425,12.925),.PIECEWISE_BEZIER_KNOTS.);
#210 = CARTESIAN_POINT('',(4.5,-5.75));
#211 = CARTESIAN_POINT('',(4.5,5.75));
#212 = ( GEOMETRIC_REPRESENTATION_CONTEXT(2) 
PARAMETRIC_REPRESENTATION_CONTEXT() REPRESENTATION_CONTEXT('2D SPACE',''
  ) );
#213 = ORIENTED_EDGE('',*,*,#214,.F.);
#214 = EDGE_CURVE('',#215,#189,#217,.T.);
#215 = VERTEX_POINT('',#216);
#216 = CARTESIAN_POINT('',(-6.,-26.42054473418,11.));
#217 = SURFACE_CURVE('',#218,(#222,#228),.PCURVE_S1.);
#218 = LINE('',#219,#220);
#219 = CARTESIAN_POINT('',(0.5,-26.42054473418,11.));
#220 = VECTOR('',#221,1.);
#221 = DIRECTION('',(-1.,0.,0.));
#222 = PCURVE('',#54,#223);
#223 = DEFINITIONAL_REPRESENTATION('',(#224),#227);
#224 = B_SPLINE_CURVE_WITH_KNOTS('',1,(#225,#226),.UNSPECIFIED.,.F.,.F.,
  (2,2),(5.9,9.5000006),.PIECEWISE_BEZIER_KNOTS.);
#225 = CARTESIAN_POINT('',(12.6,-10.77054473418));
#226 = CARTESIAN_POINT('',(8.9999994,-10.77054473418));
#227 = ( GEOMETRIC_REPRESENTATION_CONTEXT(2) 
PARAMETRIC_REPRESENTATION_CONTEXT() REPRESENTATION_CONTEXT('2D SPACE',''
  ) );
#228 = PCURVE('',#177,#229);
#229 = DEFINITIONAL_REPRESENTATION('',(#230),#233);
#230 = B_SPLINE_CURVE_WITH_KNOTS('',1,(#231,#232),.UNSPECIFIED.,.F.,.F.,
  (2,2),(5.9,9.5000006),.PIECEWISE_BEZIER_KNOTS.);
#231 = CARTESIAN_POINT('',(5.611234410684,5.9));
#232 = CARTESIAN_POINT('',(5.611234410684,9.5000006));
#233 = ( GEOMETRIC_REPRESENTATION_CONTEXT(2) 
PARAMETRIC_REPRESENTATION_CONTEXT() REPRESENTATION_CONTEXT('2D SPACE',''
  ) );
#234 = ORIENTED_EDGE('',*,*,#235,.F.);
#235 = EDGE_CURVE('',#46,#215,#236,.T.);
#236 = SURFACE_CURVE('',#237,(#241,#248),.PCURVE_S1.);
#237 = LINE('',#238,#239);
#238 = CARTESIAN_POINT('',(-6.,-15.65,11.));
#239 = VECTOR('',#240,1.);
#240 = DIRECTION('',(0.,-1.,0.));
#241 = PCURVE('',#54,#242);
#242 = DEFINITIONAL_REPRESENTATION('',(#243),#247);
#243 = LINE('',#244,#245);
#244 = CARTESIAN_POINT('',(12.,0.));
#245 = VECTOR('',#246,1.);
#246 = DIRECTION('',(0.,-1.));
#247 = ( GEOMETRIC_REPRESENTATION_CONTEXT(2) 
PARAMETRIC_REPRESENTATION_CONTEXT() REPRESENTATION_CONTEXT('2D SPACE',''
  ) );
#248 = PCURVE('',#249,#254);
#249 = CYLINDRICAL_SURFACE('',#250,6.);
#250 = AXIS2_PLACEMENT_3D('',#251,#252,#253);
#251 = CARTESIAN_POINT('',(-6.,-15.65,17.));
#252 = DIRECTION('',(0.,-1.,0.));
#253 = DIRECTION('',(0.,-0.,-1.));
#254 = DEFINITIONAL_REPRESENTATION('',(#255),#259);
#255 = LINE('',#256,#257);
#256 = CARTESIAN_POINT('',(0.,0.));
#257 = VECTOR('',#258,1.);
#258 = DIRECTION('',(0.,1.));
#259 = ( GEOMETRIC_REPRESENTATION_CONTEXT(2) 
PARAMETRIC_REPRESENTATION_CONTEXT() REPRESENTATION_CONTEXT('2D SPACE',''
  ) );
#260 = ADVANCED_FACE('',(#261,#456),#66,.F.);
#261 = FACE_BOUND('',#262,.F.);
#262 = EDGE_LOOP('',(#263,#264,#288,#316,#345,#373,#402,#430));
#263 = ORIENTED_EDGE('',*,*,#43,.T.);
#264 = ORIENTED_EDGE('',*,*,#265,.T.);
#265 = EDGE_CURVE('',#46,#266,#268,.T.);
#266 = VERTEX_POINT('',#267);
#267 = CARTESIAN_POINT('',(8.881784197001E-16,-15.65,17.));
#268 = SURFACE_CURVE('',#269,(#274,#281),.PCURVE_S1.);
#269 = CIRCLE('',#270,6.);
#270 = AXIS2_PLACEMENT_3D('',#271,#272,#273);
#271 = CARTESIAN_POINT('',(-6.,-15.65,17.));
#272 = DIRECTION('',(0.,-1.,0.));
#273 = DIRECTION('',(0.,-0.,-1.));
#274 = PCURVE('',#66,#275);
#275 = DEFINITIONAL_REPRESENTATION('',(#276),#280);
#276 = CIRCLE('',#277,6.);
#277 = AXIS2_PLACEMENT_2D('',#278,#279);
#278 = CARTESIAN_POINT('',(10.5,3.));
#279 = DIRECTION('',(1.,0.));
#280 = ( GEOMETRIC_REPRESENTATION_CONTEXT(2) 
PARAMETRIC_REPRESENTATION_CONTEXT() REPRESENTATION_CONTEXT('2D SPACE',''
  ) );
#281 = PCURVE('',#249,#282);
#282 = DEFINITIONAL_REPRESENTATION('',(#283),#287);
#283 = LINE('',#284,#285);
#284 = CARTESIAN_POINT('',(0.,0.));
#285 = VECTOR('',#286,1.);
#286 = DIRECTION('',(1.,0.));
#287 = ( GEOMETRIC_REPRESENTATION_CONTEXT(2) 
PARAMETRIC_REPRESENTATION_CONTEXT() REPRESENTATION_CONTEXT('2D SPACE',''
  ) );
#288 = ORIENTED_EDGE('',*,*,#289,.T.);
#289 = EDGE_CURVE('',#266,#290,#292,.T.);
#290 = VERTEX_POINT('',#291);
#291 = CARTESIAN_POINT('',(8.881784197001E-16,-15.65,38.));
#292 = SURFACE_CURVE('',#293,(#297,#304),.PCURVE_S1.);
#293 = LINE('',#294,#295);
#294 = CARTESIAN_POINT('',(0.,-15.65,11.));
#295 = VECTOR('',#296,1.);
#296 = DIRECTION('',(0.,0.,1.));
#297 = PCURVE('',#66,#298);
#298 = DEFINITIONAL_REPRESENTATION('',(#299),#303);
#299 = LINE('',#300,#301);
#300 = CARTESIAN_POINT('',(16.5,9.));
#301 = VECTOR('',#302,1.);
#302 = DIRECTION('',(-1.,0.));
#303 = ( GEOMETRIC_REPRESENTATION_CONTEXT(2) 
PARAMETRIC_REPRESENTATION_CONTEXT() REPRESENTATION_CONTEXT('2D SPACE',''
  ) );
#304 = PCURVE('',#305,#310);
#305 = PLANE('',#306);
#306 = AXIS2_PLACEMENT_3D('',#307,#308,#309);
#307 = CARTESIAN_POINT('',(0.,-15.65,11.));
#308 = DIRECTION('',(-1.,0.,0.));
#309 = DIRECTION('',(0.,0.,1.));
#310 = DEFINITIONAL_REPRESENTATION('',(#311),#315);
#311 = LINE('',#312,#313);
#312 = CARTESIAN_POINT('',(0.,0.));
#313 = VECTOR('',#314,1.);
#314 = DIRECTION('',(1.,0.));
#315 = ( GEOMETRIC_REPRESENTATION_CONTEXT(2) 
PARAMETRIC_REPRESENTATION_CONTEXT() REPRESENTATION_CONTEXT('2D SPACE',''
  ) );
#316 = ORIENTED_EDGE('',*,*,#317,.T.);
#317 = EDGE_CURVE('',#290,#318,#320,.T.);
#318 = VERTEX_POINT('',#319);
#319 = CARTESIAN_POINT('',(-6.,-15.65,44.));
#320 = SURFACE_CURVE('',#321,(#326,#333),.PCURVE_S1.);
#321 = CIRCLE('',#322,6.);
#322 = AXIS2_PLACEMENT_3D('',#323,#324,#325);
#323 = CARTESIAN_POINT('',(-6.,-15.65,38.));
#324 = DIRECTION('',(0.,-1.,0.));
#325 = DIRECTION('',(0.,-0.,-1.));
#326 = PCURVE('',#66,#327);
#327 = DEFINITIONAL_REPRESENTATION('',(#328),#332);
#328 = CIRCLE('',#329,6.);
#329 = AXIS2_PLACEMENT_2D('',#330,#331);
#330 = CARTESIAN_POINT('',(-10.5,3.));
#331 = DIRECTION('',(1.,0.));
#332 = ( GEOMETRIC_REPRESENTATION_CONTEXT(2) 
PARAMETRIC_REPRESENTATION_CONTEXT() REPRESENTATION_CONTEXT('2D SPACE',''
  ) );
#333 = PCURVE('',#334,#339);
#334 = CYLINDRICAL_SURFACE('',#335,6.);
#335 = AXIS2_PLACEMENT_3D('',#336,#337,#338);
#336 = CARTESIAN_POINT('',(-6.,-15.65,38.));
#337 = DIRECTION('',(0.,-1.,0.));
#338 = DIRECTION('',(1.,0.,-0.));
#339 = DEFINITIONAL_REPRESENTATION('',(#340),#344);
#340 = LINE('',#341,#342);
#341 = CARTESIAN_POINT('',(-1.570796326795,0.));
#342 = VECTOR('',#343,1.);
#343 = DIRECTION('',(1.,0.));
#344 = ( GEOMETRIC_REPRESENTATION_CONTEXT(2) 
PARAMETRIC_REPRESENTATION_CONTEXT() REPRESENTATION_CONTEXT('2D SPACE',''
  ) );
#345 = ORIENTED_EDGE('',*,*,#346,.T.);
#346 = EDGE_CURVE('',#318,#347,#349,.T.);
#347 = VERTEX_POINT('',#348);
#348 = CARTESIAN_POINT('',(-12.,-15.65,44.));
#349 = SURFACE_CURVE('',#350,(#354,#361),.PCURVE_S1.);
#350 = LINE('',#351,#352);
#351 = CARTESIAN_POINT('',(0.,-15.65,44.));
#352 = VECTOR('',#353,1.);
#353 = DIRECTION('',(-1.,0.,0.));
#354 = PCURVE('',#66,#355);
#355 = DEFINITIONAL_REPRESENTATION('',(#356),#360);
#356 = LINE('',#357,#358);
#357 = CARTESIAN_POINT('',(-16.5,9.));
#358 = VECTOR('',#359,1.);
#359 = DIRECTION('',(0.,-1.));
#360 = ( GEOMETRIC_REPRESENTATION_CONTEXT(2) 
PARAMETRIC_REPRESENTATION_CONTEXT() REPRESENTATION_CONTEXT('2D SPACE',''
  ) );
#361 = PCURVE('',#362,#367);
#362 = PLANE('',#363);
#363 = AXIS2_PLACEMENT_3D('',#364,#365,#366);
#364 = CARTESIAN_POINT('',(0.,-15.65,44.));
#365 = DIRECTION('',(-0.,-0.,-1.));
#366 = DIRECTION('',(-1.,0.,0.));
#367 = DEFINITIONAL_REPRESENTATION('',(#368),#372);
#368 = LINE('',#369,#370);
#369 = CARTESIAN_POINT('',(0.,0.));
#370 = VECTOR('',#371,1.);
#371 = DIRECTION('',(1.,0.));
#372 = ( GEOMETRIC_REPRESENTATION_CONTEXT(2) 
PARAMETRIC_REPRESENTATION_CONTEXT() REPRESENTATION_CONTEXT('2D SPACE',''
  ) );
#373 = ORIENTED_EDGE('',*,*,#374,.T.);
#374 = EDGE_CURVE('',#347,#375,#377,.T.);
#375 = VERTEX_POINT('',#376);
#376 = CARTESIAN_POINT('',(-18.,-15.65,38.));
#377 = SURFACE_CURVE('',#378,(#383,#390),.PCURVE_S1.);
#378 = CIRCLE('',#379,6.);
#379 = AXIS2_PLACEMENT_3D('',#380,#381,#382);
#380 = CARTESIAN_POINT('',(-12.,-15.65,38.));
#381 = DIRECTION('',(0.,-1.,0.));
#382 = DIRECTION('',(0.,-0.,-1.));
#383 = PCURVE('',#66,#384);
#384 = DEFINITIONAL_REPRESENTATION('',(#385),#389);
#385 = CIRCLE('',#386,6.);
#386 = AXIS2_PLACEMENT_2D('',#387,#388);
#387 = CARTESIAN_POINT('',(-10.5,-3.));
#388 = DIRECTION('',(1.,0.));
#389 = ( GEOMETRIC_REPRESENTATION_CONTEXT(2) 
PARAMETRIC_REPRESENTATION_CONTEXT() REPRESENTATION_CONTEXT('2D SPACE',''
  ) );
#390 = PCURVE('',#391,#396);
#391 = CYLINDRICAL_SURFACE('',#392,6.);
#392 = AXIS2_PLACEMENT_3D('',#393,#394,#395);
#393 = CARTESIAN_POINT('',(-12.,-15.65,38.));
#394 = DIRECTION('',(0.,-1.,0.));
#395 = DIRECTION('',(-0.,0.,1.));
#396 = DEFINITIONAL_REPRESENTATION('',(#397),#401);
#397 = LINE('',#398,#399);
#398 = CARTESIAN_POINT('',(-3.14159265359,0.));
#399 = VECTOR('',#400,1.);
#400 = DIRECTION('',(1.,0.));
#401 = ( GEOMETRIC_REPRESENTATION_CONTEXT(2) 
PARAMETRIC_REPRESENTATION_CONTEXT() REPRESENTATION_CONTEXT('2D SPACE',''
  ) );
#402 = ORIENTED_EDGE('',*,*,#403,.T.);
#403 = EDGE_CURVE('',#375,#404,#406,.T.);
#404 = VERTEX_POINT('',#405);
#405 = CARTESIAN_POINT('',(-18.,-15.65,17.));
#406 = SURFACE_CURVE('',#407,(#411,#418),.PCURVE_S1.);
#407 = LINE('',#408,#409);
#408 = CARTESIAN_POINT('',(-18.,-15.65,44.));
#409 = VECTOR('',#410,1.);
#410 = DIRECTION('',(0.,0.,-1.));
#411 = PCURVE('',#66,#412);
#412 = DEFINITIONAL_REPRESENTATION('',(#413),#417);
#413 = LINE('',#414,#415);
#414 = CARTESIAN_POINT('',(-16.5,-9.));
#415 = VECTOR('',#416,1.);
#416 = DIRECTION('',(1.,0.));
#417 = ( GEOMETRIC_REPRESENTATION_CONTEXT(2) 
PARAMETRIC_REPRESENTATION_CONTEXT() REPRESENTATION_CONTEXT('2D SPACE',''
  ) );
#418 = PCURVE('',#419,#424);
#419 = PLANE('',#420);
#420 = AXIS2_PLACEMENT_3D('',#421,#422,#423);
#421 = CARTESIAN_POINT('',(-18.,-15.65,44.));
#422 = DIRECTION('',(1.,0.,0.));
#423 = DIRECTION('',(0.,0.,-1.));
#424 = DEFINITIONAL_REPRESENTATION('',(#425),#429);
#425 = LINE('',#426,#427);
#426 = CARTESIAN_POINT('',(0.,0.));
#427 = VECTOR('',#428,1.);
#428 = DIRECTION('',(1.,0.));
#429 = ( GEOMETRIC_REPRESENTATION_CONTEXT(2) 
PARAMETRIC_REPRESENTATION_CONTEXT() REPRESENTATION_CONTEXT('2D SPACE',''
  ) );
#430 = ORIENTED_EDGE('',*,*,#431,.F.);
#431 = EDGE_CURVE('',#44,#404,#432,.T.);
#432 = SURFACE_CURVE('',#433,(#438,#449),.PCURVE_S1.);
#433 = CIRCLE('',#434,6.);
#434 = AXIS2_PLACEMENT_3D('',#435,#436,#437);
#435 = CARTESIAN_POINT('',(-12.,-15.65,17.));
#436 = DIRECTION('',(-0.,1.,0.));
#437 = DIRECTION('',(0.,0.,-1.));
#438 = PCURVE('',#66,#439);
#439 = DEFINITIONAL_REPRESENTATION('',(#440),#448);
#440 = ( BOUNDED_CURVE() B_SPLINE_CURVE(2,(#441,#442,#443,#444,#445,#446
,#447),.UNSPECIFIED.,.T.,.F.) B_SPLINE_CURVE_WITH_KNOTS((1,2,2,2,2,1),(
    -2.094395102393,0.,2.094395102393,4.188790204786,6.28318530718,
8.377580409573),.UNSPECIFIED.) CURVE() GEOMETRIC_REPRESENTATION_ITEM() 
RATIONAL_B_SPLINE_CURVE((1.,0.5,1.,0.5,1.,0.5,1.)) REPRESENTATION_ITEM(
  '') );
#441 = CARTESIAN_POINT('',(16.5,-3.));
#442 = CARTESIAN_POINT('',(16.5,-13.39230484541));
#443 = CARTESIAN_POINT('',(7.5,-8.196152422707));
#444 = CARTESIAN_POINT('',(-1.5,-3.));
#445 = CARTESIAN_POINT('',(7.5,2.196152422707));
#446 = CARTESIAN_POINT('',(16.5,7.392304845413));
#447 = CARTESIAN_POINT('',(16.5,-3.));
#448 = ( GEOMETRIC_REPRESENTATION_CONTEXT(2) 
PARAMETRIC_REPRESENTATION_CONTEXT() REPRESENTATION_CONTEXT('2D SPACE',''
  ) );
#449 = PCURVE('',#94,#450);
#450 = DEFINITIONAL_REPRESENTATION('',(#451),#455);
#451 = LINE('',#452,#453);
#452 = CARTESIAN_POINT('',(-0.,0.));
#453 = VECTOR('',#454,1.);
#454 = DIRECTION('',(-1.,0.));
#455 = ( GEOMETRIC_REPRESENTATION_CONTEXT(2) 
PARAMETRIC_REPRESENTATION_CONTEXT() REPRESENTATION_CONTEXT('2D SPACE',''
  ) );
#456 = FACE_BOUND('',#457,.F.);
#457 = EDGE_LOOP('',(#458));
#458 = ORIENTED_EDGE('',*,*,#459,.T.);
#459 = EDGE_CURVE('',#460,#460,#462,.T.);
#460 = VERTEX_POINT('',#461);
#461 = CARTESIAN_POINT('',(-15.,-15.65,41.5));
#462 = SURFACE_CURVE('',#463,(#468,#479),.PCURVE_S1.);
#463 = CIRCLE('',#464,2.);
#464 = AXIS2_PLACEMENT_3D('',#465,#466,#467);
#465 = CARTESIAN_POINT('',(-15.,-15.65,39.5));
#466 = DIRECTION('',(0.,1.,0.));
#467 = DIRECTION('',(0.,-0.,1.));
#468 = PCURVE('',#66,#469);
#469 = DEFINITIONAL_REPRESENTATION('',(#470),#478);
#470 = ( BOUNDED_CURVE() B_SPLINE_CURVE(2,(#471,#472,#473,#474,#475,#476
,#477),.UNSPECIFIED.,.T.,.F.) B_SPLINE_CURVE_WITH_KNOTS((1,2,2,2,2,1),(
    -2.094395102393,0.,2.094395102393,4.188790204786,6.28318530718,
8.377580409573),.UNSPECIFIED.) CURVE() GEOMETRIC_REPRESENTATION_ITEM() 
RATIONAL_B_SPLINE_CURVE((1.,0.5,1.,0.5,1.,0.5,1.)) REPRESENTATION_ITEM(
  '') );
#471 = CARTESIAN_POINT('',(-14.,-6.));
#472 = CARTESIAN_POINT('',(-14.,-2.535898384862));
#473 = CARTESIAN_POINT('',(-11.,-4.267949192431));
#474 = CARTESIAN_POINT('',(-8.,-6.));
#475 = CARTESIAN_POINT('',(-11.,-7.732050807569));
#476 = CARTESIAN_POINT('',(-14.,-9.464101615138));
#477 = CARTESIAN_POINT('',(-14.,-6.));
#478 = ( GEOMETRIC_REPRESENTATION_CONTEXT(2) 
PARAMETRIC_REPRESENTATION_CONTEXT() REPRESENTATION_CONTEXT('2D SPACE',''
  ) );
#479 = PCURVE('',#480,#485);
#480 = CYLINDRICAL_SURFACE('',#481,2.);
#481 = AXIS2_PLACEMENT_3D('',#482,#483,#484);
#482 = CARTESIAN_POINT('',(-15.,-21.65,39.5));
#483 = DIRECTION('',(0.,1.,0.));
#484 = DIRECTION('',(0.,-0.,1.));
#485 = DEFINITIONAL_REPRESENTATION('',(#486),#490);
#486 = LINE('',#487,#488);
#487 = CARTESIAN_POINT('',(0.,6.));
#488 = VECTOR('',#489,1.);
#489 = DIRECTION('',(1.,0.));
#490 = ( GEOMETRIC_REPRESENTATION_CONTEXT(2) 
PARAMETRIC_REPRESENTATION_CONTEXT() REPRESENTATION_CONTEXT('2D SPACE',''
  ) );
#491 = ADVANCED_FACE('',(#492),#249,.T.);
#492 = FACE_BOUND('',#493,.T.);
#493 = EDGE_LOOP('',(#494,#495,#496,#519));
#494 = ORIENTED_EDGE('',*,*,#235,.F.);
#495 = ORIENTED_EDGE('',*,*,#265,.T.);
#496 = ORIENTED_EDGE('',*,*,#497,.T.);
#497 = EDGE_CURVE('',#266,#498,#500,.T.);
#498 = VERTEX_POINT('',#499);
#499 = CARTESIAN_POINT('',(8.881784197001E-16,-24.4490991722,17.));
#500 = SURFACE_CURVE('',#501,(#505,#512),.PCURVE_S1.);
#501 = LINE('',#502,#503);
#502 = CARTESIAN_POINT('',(8.881784197001E-16,-15.65,17.));
#503 = VECTOR('',#504,1.);
#504 = DIRECTION('',(0.,-1.,0.));
#505 = PCURVE('',#249,#506);
#506 = DEFINITIONAL_REPRESENTATION('',(#507),#511);
#507 = LINE('',#508,#509);
#508 = CARTESIAN_POINT('',(1.570796326795,0.));
#509 = VECTOR('',#510,1.);
#510 = DIRECTION('',(0.,1.));
#511 = ( GEOMETRIC_REPRESENTATION_CONTEXT(2) 
PARAMETRIC_REPRESENTATION_CONTEXT() REPRESENTATION_CONTEXT('2D SPACE',''
  ) );
#512 = PCURVE('',#305,#513);
#513 = DEFINITIONAL_REPRESENTATION('',(#514),#518);
#514 = LINE('',#515,#516);
#515 = CARTESIAN_POINT('',(6.,0.));
#516 = VECTOR('',#517,1.);
#517 = DIRECTION('',(0.,-1.));
#518 = ( GEOMETRIC_REPRESENTATION_CONTEXT(2) 
PARAMETRIC_REPRESENTATION_CONTEXT() REPRESENTATION_CONTEXT('2D SPACE',''
  ) );
#519 = ORIENTED_EDGE('',*,*,#520,.T.);
#520 = EDGE_CURVE('',#498,#215,#521,.T.);
#521 = SURFACE_CURVE('',#522,(#555,#591),.PCURVE_S1.);
#522 = B_SPLINE_CURVE_WITH_KNOTS('',7,(#523,#524,#525,#526,#527,#528,
    #529,#530,#531,#532,#533,#534,#535,#536,#537,#538,#539,#540,#541,
    #542,#543,#544,#545,#546,#547,#548,#549,#550,#551,#552,#553,#554),
  .UNSPECIFIED.,.F.,.F.,(8,6,6,6,6,8),(0.,0.179827366231,0.351516487445,
    0.609183124931,0.8265418779,1.),.UNSPECIFIED.);
#523 = CARTESIAN_POINT('',(8.881784197001E-16,-24.4490991722,17.));
#524 = CARTESIAN_POINT('',(8.881784197001E-16,-24.37151809738,
    16.712903431699));
#525 = CARTESIAN_POINT('',(-1.60263440447E-02,-24.31024335909,
    16.417360042257));
#526 = CARTESIAN_POINT('',(-4.9780410216E-02,-24.26733057701,
    16.117732081325));
#527 = CARTESIAN_POINT('',(-0.101832367966,-24.24347507821,
    15.818517223981));
#528 = CARTESIAN_POINT('',(-0.17153539009,-24.23810046372,
    15.524208297973));
#529 = CARTESIAN_POINT('',(-0.256932679241,-24.24945108343,
    15.239198742947));
#530 = CARTESIAN_POINT('',(-0.447959324983,-24.29878361776,
    14.70855424411));
#531 = CARTESIAN_POINT('',(-0.552760664503,-24.33560529958,
    14.460991409969));
#532 = CARTESIAN_POINT('',(-0.667527088334,-24.3831466392,14.22530210578
    ));
#533 = CARTESIAN_POINT('',(-0.790825031444,-24.4396003167,
    14.001569763865));
#534 = CARTESIAN_POINT('',(-0.921329328504,-24.50332687587,
    13.789741410182));
#535 = CARTESIAN_POINT('',(-1.057822480276,-24.57283460563,
    13.589659169548));
#536 = CARTESIAN_POINT('',(-1.41133940293,-24.75773271038,
    13.118080985835));
#537 = CARTESIAN_POINT('',(-1.635567431355,-24.87924716335,
    12.859523373604));
#538 = CARTESIAN_POINT('',(-1.869289061294,-25.00744903374,
    12.623772551339));
#539 = CARTESIAN_POINT('',(-2.110842650358,-25.13938610089,
    12.409093161293));
#540 = CARTESIAN_POINT('',(-2.35940289388,-25.2727228285,12.213824805083
    ));
#541 = CARTESIAN_POINT('',(-2.614871330579,-25.40547276421,
    12.036560645134));
#542 = CARTESIAN_POINT('',(-3.099661450227,-25.64525001794,
    11.741148887686));
#543 = CARTESIAN_POINT('',(-3.326581016176,-25.75293420406,
    11.618237603438));
#544 = CARTESIAN_POINT('',(-3.558534244602,-25.85713673004,
    11.507193977726));
#545 = CARTESIAN_POINT('',(-3.795468362049,-25.95625288047,
    11.40788116832));
#546 = CARTESIAN_POINT('',(-4.03738533591,-26.04845970997,
    11.320310539471));
#547 = CARTESIAN_POINT('',(-4.284382184081,-26.13172863479,
    11.244625380046));
#548 = CARTESIAN_POINT('',(-4.738026105216,-26.26152057824,
    11.130543070797));
#549 = CARTESIAN_POINT('',(-4.943384178035,-26.31225090972,
    11.08754184684));
#550 = CARTESIAN_POINT('',(-5.151628960735,-26.35457205884,
    11.052760638067));
#551 = CARTESIAN_POINT('',(-5.361938926861,-26.38724969065,
    11.026483822465));
#552 = CARTESIAN_POINT('',(-5.573721682261,-26.40940595116,
    11.008860262359));
#553 = CARTESIAN_POINT('',(-5.786534050848,-26.42054473418,11.));
#554 = CARTESIAN_POINT('',(-6.,-26.42054473418,11.));
#555 = PCURVE('',#249,#556);
#556 = DEFINITIONAL_REPRESENTATION('',(#557),#590);
#557 = B_SPLINE_CURVE_WITH_KNOTS('',7,(#558,#559,#560,#561,#562,#563,
    #564,#565,#566,#567,#568,#569,#570,#571,#572,#573,#574,#575,#576,
    #577,#578,#579,#580,#581,#582,#583,#584,#585,#586,#587,#588,#589),
  .UNSPECIFIED.,.F.,.F.,(8,6,6,6,6,8),(0.,0.179827366231,0.351516487445,
    0.609183124931,0.8265418779,1.),.UNSPECIFIED.);
#558 = CARTESIAN_POINT('',(1.570796326795,8.799099172206));
#559 = CARTESIAN_POINT('',(1.522946898745,8.721518097384));
#560 = CARTESIAN_POINT('',(1.473689584554,8.660243359095));
#561 = CARTESIAN_POINT('',(1.423572945395,8.617330577013));
#562 = CARTESIAN_POINT('',(1.373119150635,8.593475078217));
#563 = CARTESIAN_POINT('',(1.322850974933,8.588100463724));
#564 = CARTESIAN_POINT('',(1.273336241478,8.599451083435));
#565 = CARTESIAN_POINT('',(1.179339379307,8.648783617761));
#566 = CARTESIAN_POINT('',(1.134601567888,8.685605299582));
#567 = CARTESIAN_POINT('',(1.09100509809,8.733146639201));
#568 = CARTESIAN_POINT('',(1.0485222698,8.789600316706));
#569 = CARTESIAN_POINT('',(1.007128214308,8.853326875875));
#570 = CARTESIAN_POINT('',(0.966800860255,8.922834605632));
#571 = CARTESIAN_POINT('',(0.868572074313,9.10773271038));
#572 = CARTESIAN_POINT('',(0.811675841711,9.229247163352));
#573 = CARTESIAN_POINT('',(0.756537355432,9.357449033748));
#574 = CARTESIAN_POINT('',(0.702861612359,9.489386100892));
#575 = CARTESIAN_POINT('',(0.650329609259,9.622722828507));
#576 = CARTESIAN_POINT('',(0.59859666049,9.755472764211));
#577 = CARTESIAN_POINT('',(0.503979072487,9.995250017943));
#578 = CARTESIAN_POINT('',(0.461023104401,10.102934204063));
#579 = CARTESIAN_POINT('',(0.418247754901,10.207136730046));
#580 = CARTESIAN_POINT('',(0.375524424569,10.30625288047));
#581 = CARTESIAN_POINT('',(0.332730033374,10.398459709972));
#582 = CARTESIAN_POINT('',(0.289730435014,10.48172863479));
#583 = CARTESIAN_POINT('',(0.21176898078,10.611520578241));
#584 = CARTESIAN_POINT('',(0.176828282219,10.662250909729));
#585 = CARTESIAN_POINT('',(0.141687251654,10.704572058846));
#586 = CARTESIAN_POINT('',(0.106417180927,10.737249690655));
#587 = CARTESIAN_POINT('',(7.104634184571E-02,10.759405951166));
#588 = CARTESIAN_POINT('',(3.557765819194E-02,10.770544734181));
#589 = CARTESIAN_POINT('',(0.,10.770544734181));
#590 = ( GEOMETRIC_REPRESENTATION_CONTEXT(2) 
PARAMETRIC_REPRESENTATION_CONTEXT() REPRESENTATION_CONTEXT('2D SPACE',''
  ) );
#591 = PCURVE('',#177,#592);
#592 = DEFINITIONAL_REPRESENTATION('',(#593),#626);
#593 = B_SPLINE_CURVE_WITH_KNOTS('',7,(#594,#595,#596,#597,#598,#599,
    #600,#601,#602,#603,#604,#605,#606,#607,#608,#609,#610,#611,#612,
    #613,#614,#615,#616,#617,#618,#619,#620,#621,#622,#623,#624,#625),
  .UNSPECIFIED.,.F.,.F.,(8,6,6,6,6,8),(0.,0.179827366231,0.351516487445,
    0.609183124931,0.8265418779,1.),.UNSPECIFIED.);
#594 = CARTESIAN_POINT('',(4.448466132255,0.5));
#595 = CARTESIAN_POINT('',(4.500186848803,0.5));
#596 = CARTESIAN_POINT('',(4.552586004067,0.516026344045));
#597 = CARTESIAN_POINT('',(4.605063457717,0.549780410216));
#598 = CARTESIAN_POINT('',(4.657086293021,0.601832367966));
#599 = CARTESIAN_POINT('',(4.708137987655,0.67153539009));
#600 = CARTESIAN_POINT('',(4.757674850923,0.756932679241));
#601 = CARTESIAN_POINT('',(4.850358802071,0.947959324983));
#602 = CARTESIAN_POINT('',(4.893821163013,1.052760664503));
#603 = CARTESIAN_POINT('',(4.935551383075,1.167527088334));
#604 = CARTESIAN_POINT('',(4.975603453323,1.290825031444));
#605 = CARTESIAN_POINT('',(5.014017959246,1.421329328504));
#606 = CARTESIAN_POINT('',(5.050826358681,1.557822480276));
#607 = CARTESIAN_POINT('',(5.138918644453,1.91133940293));
#608 = CARTESIAN_POINT('',(5.18849647611,2.135567431355));
#609 = CARTESIAN_POINT('',(5.23504735347,2.369289061293));
#610 = CARTESIAN_POINT('',(5.278771618768,2.610842650359));
#611 = CARTESIAN_POINT('',(5.31982834988,2.85940289388));
#612 = CARTESIAN_POINT('',(5.358314014447,3.114871330579));
#613 = CARTESIAN_POINT('',(5.424483582458,3.599661450227));
#614 = CARTESIAN_POINT('',(5.452882782128,3.826581016176));
#615 = CARTESIAN_POINT('',(5.47934287201,4.058534244602));
#616 = CARTESIAN_POINT('',(5.50372752746,4.295468362049));
#617 = CARTESIAN_POINT('',(5.525834008509,4.53738533591));
#618 = CARTESIAN_POINT('',(5.545400988476,4.784382184081));
#619 = CARTESIAN_POINT('',(5.575453606161,5.238026105216));
#620 = CARTESIAN_POINT('',(5.587017463673,5.443384178035));
#621 = CARTESIAN_POINT('',(5.596543178186,5.651628960734));
#622 = CARTESIAN_POINT('',(5.603835437825,5.861938926861));
#623 = CARTESIAN_POINT('',(5.608759154984,6.073721682261));
#624 = CARTESIAN_POINT('',(5.611234410684,6.286534050848));
#625 = CARTESIAN_POINT('',(5.611234410684,6.5));
#626 = ( GEOMETRIC_REPRESENTATION_CONTEXT(2) 
PARAMETRIC_REPRESENTATION_CONTEXT() REPRESENTATION_CONTEXT('2D SPACE',''
  ) );
#627 = ADVANCED_FACE('',(#628),#177,.F.);
#628 = FACE_BOUND('',#629,.F.);
#629 = EDGE_LOOP('',(#630,#652,#653,#781,#803,#804));
#630 = ORIENTED_EDGE('',*,*,#631,.F.);
#631 = EDGE_CURVE('',#163,#189,#632,.T.);
#632 = SURFACE_CURVE('',#633,(#638,#645),.PCURVE_S1.);
#633 = CIRCLE('',#634,5.75);
#634 = AXIS2_PLACEMENT_3D('',#635,#636,#637);
#635 = CARTESIAN_POINT('',(-9.,-30.,15.5));
#636 = DIRECTION('',(-1.,0.,0.));
#637 = DIRECTION('',(0.,0.,-1.));
#638 = PCURVE('',#177,#639);
#639 = DEFINITIONAL_REPRESENTATION('',(#640),#644);
#640 = LINE('',#641,#642);
#641 = CARTESIAN_POINT('',(0.,9.5));
#642 = VECTOR('',#643,1.);
#643 = DIRECTION('',(1.,0.));
#644 = ( GEOMETRIC_REPRESENTATION_CONTEXT(2) 
PARAMETRIC_REPRESENTATION_CONTEXT() REPRESENTATION_CONTEXT('2D SPACE',''
  ) );
#645 = PCURVE('',#203,#646);
#646 = DEFINITIONAL_REPRESENTATION('',(#647),#651);
#647 = CIRCLE('',#648,5.75);
#648 = AXIS2_PLACEMENT_2D('',#649,#650);
#649 = CARTESIAN_POINT('',(0.,0.));
#650 = DIRECTION('',(1.,0.));
#651 = ( GEOMETRIC_REPRESENTATION_CONTEXT(2) 
PARAMETRIC_REPRESENTATION_CONTEXT() REPRESENTATION_CONTEXT('2D SPACE',''
  ) );
#652 = ORIENTED_EDGE('',*,*,#162,.F.);
#653 = ORIENTED_EDGE('',*,*,#654,.T.);
#654 = EDGE_CURVE('',#135,#655,#657,.T.);
#655 = VERTEX_POINT('',#656);
#656 = CARTESIAN_POINT('',(8.881784197001E-16,-35.55090082779,17.));
#657 = SURFACE_CURVE('',#658,(#697,#739),.PCURVE_S1.);
#658 = B_SPLINE_CURVE_WITH_KNOTS('',7,(#659,#660,#661,#662,#663,#664,
    #665,#666,#667,#668,#669,#670,#671,#672,#673,#674,#675,#676,#677,
    #678,#679,#680,#681,#682,#683,#684,#685,#686,#687,#688,#689,#690,
    #691,#692,#693,#694,#695,#696),.UNSPECIFIED.,.F.,.F.,(8,6,6,6,6,6,8)
  ,(0.,0.170268649693,0.392056660368,0.64928749123,0.744809017791,
    0.930344395883,1.),.UNSPECIFIED.);
#659 = CARTESIAN_POINT('',(-6.,-33.57945526581,11.));
#660 = CARTESIAN_POINT('',(-5.790552216594,-33.57945526581,11.));
#661 = CARTESIAN_POINT('',(-5.581731785286,-33.59017866639,
    11.008529853139));
#662 = CARTESIAN_POINT('',(-5.373902408035,-33.61151117735,
    11.02549817362));
#663 = CARTESIAN_POINT('',(-5.167486146957,-33.64298861549,
    11.050799573314));
#664 = CARTESIAN_POINT('',(-4.963038890234,-33.68379255557,
    11.084292421651));
#665 = CARTESIAN_POINT('',(-4.761323558912,-33.73277437443,
    11.125713254181));
#666 = CARTESIAN_POINT('',(-4.305545719986,-33.86110461594,
    11.238112568635));
#667 = CARTESIAN_POINT('',(-4.053231236343,-33.94540505192,
    11.314459661817));
#668 = CARTESIAN_POINT('',(-3.806193622576,-34.03912814286,
    11.403185952827));
#669 = CARTESIAN_POINT('',(-3.564331957669,-34.14011076431,
    11.504134898019));
#670 = CARTESIAN_POINT('',(-3.327651273404,-34.24640970705,
    11.617289133911));
#671 = CARTESIAN_POINT('',(-3.096216311752,-34.3563180013,
    11.742787261247));
#672 = CARTESIAN_POINT('',(-2.607840862256,-34.59816729457,
    12.041396675686));
#673 = CARTESIAN_POINT('',(-2.353050814482,-34.73066685865,
    12.218719285988));
#674 = CARTESIAN_POINT('',(-2.10514576443,-34.86371007914,
    12.413995093697));
#675 = CARTESIAN_POINT('',(-1.864229523076,-34.99532136333,12.6286291786
    ));
#676 = CARTESIAN_POINT('',(-1.631130145986,-35.12317413504,
    12.864276458293));
#677 = CARTESIAN_POINT('',(-1.407507951132,-35.24432651789,
    13.122664286708));
#678 = CARTESIAN_POINT('',(-1.117370726548,-35.39599907175,
    13.510425623358));
#679 = CARTESIAN_POINT('',(-1.040414646228,-35.43564252015,
    13.618857284813));
#680 = CARTESIAN_POINT('',(-0.96521099099,-35.47365385053,
    13.730801970408));
#681 = CARTESIAN_POINT('',(-0.891922492336,-35.50980969411,
    13.846335164676));
#682 = CARTESIAN_POINT('',(-0.820731290955,-35.54386637624,
    13.96552438415));
#683 = CARTESIAN_POINT('',(-0.751838094602,-35.5755587014,
    14.088428667358));
#684 = CARTESIAN_POINT('',(-0.556535035798,-35.66100439269,
    14.461133229805));
#685 = CARTESIAN_POINT('',(-0.435759868443,-35.70799128356,
    14.723935708174));
#686 = CARTESIAN_POINT('',(-0.326790143817,-35.74232878003,
    15.001168342212));
#687 = CARTESIAN_POINT('',(-0.232417716181,-35.7612763526,
    15.290294443004));
#688 = CARTESIAN_POINT('',(-0.154665551997,-35.76266014998,
    15.588560179884));
#689 = CARTESIAN_POINT('',(-9.483009740333E-02,-35.74492201552,
    15.89303985604));
#690 = CARTESIAN_POINT('',(-3.794552923782E-02,-35.69295678387,
    16.316265558166));
#691 = CARTESIAN_POINT('',(-2.508535384076E-02,-35.67600451078,
    16.431778107161));
#692 = CARTESIAN_POINT('',(-1.489743161443E-02,-35.65628850653,
    16.547017580746));
#693 = CARTESIAN_POINT('',(-7.358728948647E-03,-35.6338419298,
    16.661720599146));
#694 = CARTESIAN_POINT('',(-2.418646570884E-03,-35.60872761233,
    16.775625088064));
#695 = CARTESIAN_POINT('',(8.881784197001E-16,-35.58103895565,
    16.888470827403));
#696 = CARTESIAN_POINT('',(8.881784197001E-16,-35.55090082779,17.));
#697 = PCURVE('',#177,#698);
#698 = DEFINITIONAL_REPRESENTATION('',(#699),#738);
#699 = B_SPLINE_CURVE_WITH_KNOTS('',7,(#700,#701,#702,#703,#704,#705,
    #706,#707,#708,#709,#710,#711,#712,#713,#714,#715,#716,#717,#718,
    #719,#720,#721,#722,#723,#724,#725,#726,#727,#728,#729,#730,#731,
    #732,#733,#734,#735,#736,#737),.UNSPECIFIED.,.F.,.F.,(8,6,6,6,6,6,8)
  ,(0.,0.170268649693,0.392056660368,0.64928749123,0.744809017791,
    0.930344395883,1.),.UNSPECIFIED.);
#700 = CARTESIAN_POINT('',(0.671950896496,6.5));
#701 = CARTESIAN_POINT('',(0.671950896496,6.290552216594));
#702 = CARTESIAN_POINT('',(0.674333849268,6.081731785286));
#703 = CARTESIAN_POINT('',(0.679074494187,5.873902408035));
#704 = CARTESIAN_POINT('',(0.686097822061,5.667486146957));
#705 = CARTESIAN_POINT('',(0.695277548238,5.463038890234));
#706 = CARTESIAN_POINT('',(0.706431915077,5.261323558912));
#707 = CARTESIAN_POINT('',(0.736100408241,4.805545719986));
#708 = CARTESIAN_POINT('',(0.755877591216,4.553231236343));
#709 = CARTESIAN_POINT('',(0.778313407595,4.306193622576));
#710 = CARTESIAN_POINT('',(0.803127893391,4.064331957669));
#711 = CARTESIAN_POINT('',(0.830103678478,3.827651273404));
#712 = CARTESIAN_POINT('',(0.859094795261,3.596216311752));
#713 = CARTESIAN_POINT('',(0.925923281098,3.107840862256));
#714 = CARTESIAN_POINT('',(0.964391007923,2.853050814482));
#715 = CARTESIAN_POINT('',(1.005420153268,2.60514576443));
#716 = CARTESIAN_POINT('',(1.049108300365,2.364229523076));
#717 = CARTESIAN_POINT('',(1.095614728291,2.131130145986));
#718 = CARTESIAN_POINT('',(1.1451394652,1.907507951132));
#719 = CARTESIAN_POINT('',(1.217551522347,1.617370726548));
#720 = CARTESIAN_POINT('',(1.237625006152,1.540414646228));
#721 = CARTESIAN_POINT('',(1.258176419796,1.46521099099));
#722 = CARTESIAN_POINT('',(1.279218733121,1.391922492336));
#723 = CARTESIAN_POINT('',(1.300765499296,1.320731290955));
#724 = CARTESIAN_POINT('',(1.322831316934,1.251838094602));
#725 = CARTESIAN_POINT('',(1.389331093252,1.056535035798));
#726 = CARTESIAN_POINT('',(1.435706221757,0.935759868443));
#727 = CARTESIAN_POINT('',(1.484173814406,0.826790143817));
#728 = CARTESIAN_POINT('',(1.53440648913,0.732417716181));
#729 = CARTESIAN_POINT('',(1.586118605446,0.654665551997));
#730 = CARTESIAN_POINT('',(1.639052908801,0.594830097403));
#731 = CARTESIAN_POINT('',(1.713210128033,0.537945529238));
#732 = CARTESIAN_POINT('',(1.733508826607,0.525085353841));
#733 = CARTESIAN_POINT('',(1.753832500664,0.514897431614));
#734 = CARTESIAN_POINT('',(1.774148886816,0.507358728949));
#735 = CARTESIAN_POINT('',(1.794425094743,0.502418646571));
#736 = CARTESIAN_POINT('',(1.814627089684,0.5));
#737 = CARTESIAN_POINT('',(1.834719174925,0.5));
#738 = ( GEOMETRIC_REPRESENTATION_CONTEXT(2) 
PARAMETRIC_REPRESENTATION_CONTEXT() REPRESENTATION_CONTEXT('2D SPACE',''
  ) );
#739 = PCURVE('',#150,#740);
#740 = DEFINITIONAL_REPRESENTATION('',(#741),#780);
#741 = B_SPLINE_CURVE_WITH_KNOTS('',7,(#742,#743,#744,#745,#746,#747,
    #748,#749,#750,#751,#752,#753,#754,#755,#756,#757,#758,#759,#760,
    #761,#762,#763,#764,#765,#766,#767,#768,#769,#770,#771,#772,#773,
    #774,#775,#776,#777,#778,#779),.UNSPECIFIED.,.F.,.F.,(8,6,6,6,6,6,8)
  ,(0.,0.170268649693,0.392056660368,0.64928749123,0.744809017791,
    0.930344395883,1.),.UNSPECIFIED.);
#742 = CARTESIAN_POINT('',(0.,17.929455265819));
#743 = CARTESIAN_POINT('',(3.490796390099E-02,17.929455265819));
#744 = CARTESIAN_POINT('',(6.971132899437E-02,17.940178666392));
#745 = CARTESIAN_POINT('',(0.104419177944,17.96151117735));
#746 = CARTESIAN_POINT('',(0.139028251646,17.992988615497));
#747 = CARTESIAN_POINT('',(0.17351241468,18.033792555576));
#748 = CARTESIAN_POINT('',(0.207806626444,18.082774374433));
#749 = CARTESIAN_POINT('',(0.286045407029,18.211104615946));
#750 = CARTESIAN_POINT('',(0.329921413767,18.295405051922));
#751 = CARTESIAN_POINT('',(0.373578704331,18.389128142865));
#752 = CARTESIAN_POINT('',(0.417159162108,18.490110764311));
#753 = CARTESIAN_POINT('',(0.46079184838,18.596409707052));
#754 = CARTESIAN_POINT('',(0.50461144085,18.706318001307));
#755 = CARTESIAN_POINT('',(0.600016740328,18.948167294575));
#756 = CARTESIAN_POINT('',(0.651662893056,19.080666858653));
#757 = CARTESIAN_POINT('',(0.704110568853,19.213710079143));
#758 = CARTESIAN_POINT('',(0.757702788443,19.345321363334));
#759 = CARTESIAN_POINT('',(0.812756892068,19.473174135048));
#760 = CARTESIAN_POINT('',(0.869566290476,19.594326517891));
#761 = CARTESIAN_POINT('',(0.950281575978,19.74599907175));
#762 = CARTESIAN_POINT('',(0.972435379975,19.785642520158));
#763 = CARTESIAN_POINT('',(0.994900066188,19.823653850534));
#764 = CARTESIAN_POINT('',(1.017688590479,19.859809694116));
#765 = CARTESIAN_POINT('',(1.040813374295,19.893866376247));
#766 = CARTESIAN_POINT('',(1.064286719726,19.925558701409));
#767 = CARTESIAN_POINT('',(1.134415960664,20.01100439269));
#768 = CARTESIAN_POINT('',(1.18255544813,20.057991283569));
#769 = CARTESIAN_POINT('',(1.232073919879,20.092328780035));
#770 = CARTESIAN_POINT('',(1.28260142445,20.111276352605));
#771 = CARTESIAN_POINT('',(1.33382187683,20.112660149981));
#772 = CARTESIAN_POINT('',(1.385444672586,20.094922015523));
#773 = CARTESIAN_POINT('',(1.456616578919,20.042956783878));
#774 = CARTESIAN_POINT('',(1.47598260413,20.026004510789));
#775 = CARTESIAN_POINT('',(1.495256183994,20.006288506533));
#776 = CARTESIAN_POINT('',(1.51440594196,19.983841929803));
#777 = CARTESIAN_POINT('',(1.533400505768,19.958727612337));
#778 = CARTESIAN_POINT('',(1.552208131362,19.931038955655));
#779 = CARTESIAN_POINT('',(1.570796326795,19.900900827794));
#780 = ( GEOMETRIC_REPRESENTATION_CONTEXT(2) 
PARAMETRIC_REPRESENTATION_CONTEXT() REPRESENTATION_CONTEXT('2D SPACE',''
  ) );
#781 = ORIENTED_EDGE('',*,*,#782,.T.);
#782 = EDGE_CURVE('',#655,#498,#783,.T.);
#783 = SURFACE_CURVE('',#784,(#789,#796),.PCURVE_S1.);
#784 = CIRCLE('',#785,5.75);
#785 = AXIS2_PLACEMENT_3D('',#786,#787,#788);
#786 = CARTESIAN_POINT('',(0.,-30.,15.5));
#787 = DIRECTION('',(-1.,0.,0.));
#788 = DIRECTION('',(0.,0.,-1.));
#789 = PCURVE('',#177,#790);
#790 = DEFINITIONAL_REPRESENTATION('',(#791),#795);
#791 = LINE('',#792,#793);
#792 = CARTESIAN_POINT('',(0.,0.5));
#793 = VECTOR('',#794,1.);
#794 = DIRECTION('',(1.,0.));
#795 = ( GEOMETRIC_REPRESENTATION_CONTEXT(2) 
PARAMETRIC_REPRESENTATION_CONTEXT() REPRESENTATION_CONTEXT('2D SPACE',''
  ) );
#796 = PCURVE('',#305,#797);
#797 = DEFINITIONAL_REPRESENTATION('',(#798),#802);
#798 = CIRCLE('',#799,5.75);
#799 = AXIS2_PLACEMENT_2D('',#800,#801);
#800 = CARTESIAN_POINT('',(4.5,-14.35));
#801 = DIRECTION('',(-1.,0.));
#802 = ( GEOMETRIC_REPRESENTATION_CONTEXT(2) 
PARAMETRIC_REPRESENTATION_CONTEXT() REPRESENTATION_CONTEXT('2D SPACE',''
  ) );
#803 = ORIENTED_EDGE('',*,*,#520,.T.);
#804 = ORIENTED_EDGE('',*,*,#214,.T.);
#805 = ADVANCED_FACE('',(#806,#810),#203,.F.);
#806 = FACE_BOUND('',#807,.F.);
#807 = EDGE_LOOP('',(#808,#809));
#808 = ORIENTED_EDGE('',*,*,#188,.T.);
#809 = ORIENTED_EDGE('',*,*,#631,.T.);
#810 = FACE_BOUND('',#811,.F.);
#811 = EDGE_LOOP('',(#812));
#812 = ORIENTED_EDGE('',*,*,#813,.T.);
#813 = EDGE_CURVE('',#814,#814,#816,.T.);
#814 = VERTEX_POINT('',#815);
#815 = CARTESIAN_POINT('',(-9.,-30.,17.2));
#816 = SURFACE_CURVE('',#817,(#822,#833),.PCURVE_S1.);
#817 = CIRCLE('',#818,1.7);
#818 = AXIS2_PLACEMENT_3D('',#819,#820,#821);
#819 = CARTESIAN_POINT('',(-9.,-30.,15.5));
#820 = DIRECTION('',(1.,0.,0.));
#821 = DIRECTION('',(-0.,0.,1.));
#822 = PCURVE('',#203,#823);
#823 = DEFINITIONAL_REPRESENTATION('',(#824),#832);
#824 = ( BOUNDED_CURVE() B_SPLINE_CURVE(2,(#825,#826,#827,#828,#829,#830
,#831),.UNSPECIFIED.,.T.,.F.) B_SPLINE_CURVE_WITH_KNOTS((1,2,2,2,2,1),(
    -2.094395102393,0.,2.094395102393,4.188790204786,6.28318530718,
8.377580409573),.UNSPECIFIED.) CURVE() GEOMETRIC_REPRESENTATION_ITEM() 
RATIONAL_B_SPLINE_CURVE((1.,0.5,1.,0.5,1.,0.5,1.)) REPRESENTATION_ITEM(
  '') );
#825 = CARTESIAN_POINT('',(-1.7,0.));
#826 = CARTESIAN_POINT('',(-1.7,2.944486372867));
#827 = CARTESIAN_POINT('',(0.85,1.472243186434));
#828 = CARTESIAN_POINT('',(3.4,4.163799117101E-16));
#829 = CARTESIAN_POINT('',(0.85,-1.472243186434));
#830 = CARTESIAN_POINT('',(-1.7,-2.944486372867));
#831 = CARTESIAN_POINT('',(-1.7,0.));
#832 = ( GEOMETRIC_REPRESENTATION_CONTEXT(2) 
PARAMETRIC_REPRESENTATION_CONTEXT() REPRESENTATION_CONTEXT('2D SPACE',''
  ) );
#833 = PCURVE('',#834,#839);
#834 = CYLINDRICAL_SURFACE('',#835,1.7);
#835 = AXIS2_PLACEMENT_3D('',#836,#837,#838);
#836 = CARTESIAN_POINT('',(-19.,-30.,15.5));
#837 = DIRECTION('',(1.,0.,0.));
#838 = DIRECTION('',(-0.,0.,1.));
#839 = DEFINITIONAL_REPRESENTATION('',(#840),#844);
#840 = LINE('',#841,#842);
#841 = CARTESIAN_POINT('',(0.,10.));
#842 = VECTOR('',#843,1.);
#843 = DIRECTION('',(1.,0.));
#844 = ( GEOMETRIC_REPRESENTATION_CONTEXT(2) 
PARAMETRIC_REPRESENTATION_CONTEXT() REPRESENTATION_CONTEXT('2D SPACE',''
  ) );
#845 = ADVANCED_FACE('',(#846),#150,.T.);
#846 = FACE_BOUND('',#847,.T.);
#847 = EDGE_LOOP('',(#848,#849,#850,#873));
#848 = ORIENTED_EDGE('',*,*,#134,.F.);
#849 = ORIENTED_EDGE('',*,*,#654,.T.);
#850 = ORIENTED_EDGE('',*,*,#851,.T.);
#851 = EDGE_CURVE('',#655,#852,#854,.T.);
#852 = VERTEX_POINT('',#853);
#853 = CARTESIAN_POINT('',(8.881784197001E-16,-44.35,17.));
#854 = SURFACE_CURVE('',#855,(#859,#866),.PCURVE_S1.);
#855 = LINE('',#856,#857);
#856 = CARTESIAN_POINT('',(8.881784197001E-16,-15.65,17.));
#857 = VECTOR('',#858,1.);
#858 = DIRECTION('',(0.,-1.,0.));
#859 = PCURVE('',#150,#860);
#860 = DEFINITIONAL_REPRESENTATION('',(#861),#865);
#861 = LINE('',#862,#863);
#862 = CARTESIAN_POINT('',(1.570796326795,0.));
#863 = VECTOR('',#864,1.);
#864 = DIRECTION('',(0.,1.));
#865 = ( GEOMETRIC_REPRESENTATION_CONTEXT(2) 
PARAMETRIC_REPRESENTATION_CONTEXT() REPRESENTATION_CONTEXT('2D SPACE',''
  ) );
#866 = PCURVE('',#305,#867);
#867 = DEFINITIONAL_REPRESENTATION('',(#868),#872);
#868 = LINE('',#869,#870);
#869 = CARTESIAN_POINT('',(6.,0.));
#870 = VECTOR('',#871,1.);
#871 = DIRECTION('',(0.,-1.));
#872 = ( GEOMETRIC_REPRESENTATION_CONTEXT(2) 
PARAMETRIC_REPRESENTATION_CONTEXT() REPRESENTATION_CONTEXT('2D SPACE',''
  ) );
#873 = ORIENTED_EDGE('',*,*,#874,.F.);
#874 = EDGE_CURVE('',#107,#852,#875,.T.);
#875 = SURFACE_CURVE('',#876,(#881,#888),.PCURVE_S1.);
#876 = CIRCLE('',#877,6.);
#877 = AXIS2_PLACEMENT_3D('',#878,#879,#880);
#878 = CARTESIAN_POINT('',(-6.,-44.35,17.));
#879 = DIRECTION('',(0.,-1.,0.));
#880 = DIRECTION('',(0.,-0.,-1.));
#881 = PCURVE('',#150,#882);
#882 = DEFINITIONAL_REPRESENTATION('',(#883),#887);
#883 = LINE('',#884,#885);
#884 = CARTESIAN_POINT('',(0.,28.7));
#885 = VECTOR('',#886,1.);
#886 = DIRECTION('',(1.,0.));
#887 = ( GEOMETRIC_REPRESENTATION_CONTEXT(2) 
PARAMETRIC_REPRESENTATION_CONTEXT() REPRESENTATION_CONTEXT('2D SPACE',''
  ) );
#888 = PCURVE('',#122,#889);
#889 = DEFINITIONAL_REPRESENTATION('',(#890),#894);
#890 = CIRCLE('',#891,6.);
#891 = AXIS2_PLACEMENT_2D('',#892,#893);
#892 = CARTESIAN_POINT('',(10.5,3.));
#893 = DIRECTION('',(1.,0.));
#894 = ( GEOMETRIC_REPRESENTATION_CONTEXT(2) 
PARAMETRIC_REPRESENTATION_CONTEXT() REPRESENTATION_CONTEXT('2D SPACE',''
  ) );
#895 = ADVANCED_FACE('',(#896,#1058),#122,.T.);
#896 = FACE_BOUND('',#897,.T.);
#897 = EDGE_LOOP('',(#898,#899,#900,#923,#952,#980,#1009,#1032));
#898 = ORIENTED_EDGE('',*,*,#106,.T.);
#899 = ORIENTED_EDGE('',*,*,#874,.T.);
#900 = ORIENTED_EDGE('',*,*,#901,.T.);
#901 = EDGE_CURVE('',#852,#902,#904,.T.);
#902 = VERTEX_POINT('',#903);
#903 = CARTESIAN_POINT('',(8.881784197001E-16,-44.35,38.));
#904 = SURFACE_CURVE('',#905,(#909,#916),.PCURVE_S1.);
#905 = LINE('',#906,#907);
#906 = CARTESIAN_POINT('',(0.,-44.35,11.));
#907 = VECTOR('',#908,1.);
#908 = DIRECTION('',(0.,0.,1.));
#909 = PCURVE('',#122,#910);
#910 = DEFINITIONAL_REPRESENTATION('',(#911),#915);
#911 = LINE('',#912,#913);
#912 = CARTESIAN_POINT('',(16.5,9.));
#913 = VECTOR('',#914,1.);
#914 = DIRECTION('',(-1.,0.));
#915 = ( GEOMETRIC_REPRESENTATION_CONTEXT(2) 
PARAMETRIC_REPRESENTATION_CONTEXT() REPRESENTATION_CONTEXT('2D SPACE',''
  ) );
#916 = PCURVE('',#305,#917);
#917 = DEFINITIONAL_REPRESENTATION('',(#918),#922);
#918 = LINE('',#919,#920);
#919 = CARTESIAN_POINT('',(0.,-28.7));
#920 = VECTOR('',#921,1.);
#921 = DIRECTION('',(1.,0.));
#922 = ( GEOMETRIC_REPRESENTATION_CONTEXT(2) 
PARAMETRIC_REPRESENTATION_CONTEXT() REPRESENTATION_CONTEXT('2D SPACE',''
  ) );
#923 = ORIENTED_EDGE('',*,*,#924,.T.);
#924 = EDGE_CURVE('',#902,#925,#927,.T.);
#925 = VERTEX_POINT('',#926);
#926 = CARTESIAN_POINT('',(-6.,-44.35,44.));
#927 = SURFACE_CURVE('',#928,(#933,#940),.PCURVE_S1.);
#928 = CIRCLE('',#929,6.);
#929 = AXIS2_PLACEMENT_3D('',#930,#931,#932);
#930 = CARTESIAN_POINT('',(-6.,-44.35,38.));
#931 = DIRECTION('',(0.,-1.,0.));
#932 = DIRECTION('',(0.,-0.,-1.));
#933 = PCURVE('',#122,#934);
#934 = DEFINITIONAL_REPRESENTATION('',(#935),#939);
#935 = CIRCLE('',#936,6.);
#936 = AXIS2_PLACEMENT_2D('',#937,#938);
#937 = CARTESIAN_POINT('',(-10.5,3.));
#938 = DIRECTION('',(1.,0.));
#939 = ( GEOMETRIC_REPRESENTATION_CONTEXT(2) 
PARAMETRIC_REPRESENTATION_CONTEXT() REPRESENTATION_CONTEXT('2D SPACE',''
  ) );
#940 = PCURVE('',#941,#946);
#941 = CYLINDRICAL_SURFACE('',#942,6.);
#942 = AXIS2_PLACEMENT_3D('',#943,#944,#945);
#943 = CARTESIAN_POINT('',(-6.,-15.65,38.));
#944 = DIRECTION('',(0.,-1.,0.));
#945 = DIRECTION('',(1.,0.,-0.));
#946 = DEFINITIONAL_REPRESENTATION('',(#947),#951);
#947 = LINE('',#948,#949);
#948 = CARTESIAN_POINT('',(-1.570796326795,28.7));
#949 = VECTOR('',#950,1.);
#950 = DIRECTION('',(1.,0.));
#951 = ( GEOMETRIC_REPRESENTATION_CONTEXT(2) 
PARAMETRIC_REPRESENTATION_CONTEXT() REPRESENTATION_CONTEXT('2D SPACE',''
  ) );
#952 = ORIENTED_EDGE('',*,*,#953,.T.);
#953 = EDGE_CURVE('',#925,#954,#956,.T.);
#954 = VERTEX_POINT('',#955);
#955 = CARTESIAN_POINT('',(-12.,-44.35,44.));
#956 = SURFACE_CURVE('',#957,(#961,#968),.PCURVE_S1.);
#957 = LINE('',#958,#959);
#958 = CARTESIAN_POINT('',(0.,-44.35,44.));
#959 = VECTOR('',#960,1.);
#960 = DIRECTION('',(-1.,0.,0.));
#961 = PCURVE('',#122,#962);
#962 = DEFINITIONAL_REPRESENTATION('',(#963),#967);
#963 = LINE('',#964,#965);
#964 = CARTESIAN_POINT('',(-16.5,9.));
#965 = VECTOR('',#966,1.);
#966 = DIRECTION('',(0.,-1.));
#967 = ( GEOMETRIC_REPRESENTATION_CONTEXT(2) 
PARAMETRIC_REPRESENTATION_CONTEXT() REPRESENTATION_CONTEXT('2D SPACE',''
  ) );
#968 = PCURVE('',#969,#974);
#969 = PLANE('',#970);
#970 = AXIS2_PLACEMENT_3D('',#971,#972,#973);
#971 = CARTESIAN_POINT('',(0.,-15.65,44.));
#972 = DIRECTION('',(-0.,-0.,-1.));
#973 = DIRECTION('',(-1.,0.,0.));
#974 = DEFINITIONAL_REPRESENTATION('',(#975),#979);
#975 = LINE('',#976,#977);
#976 = CARTESIAN_POINT('',(0.,-28.7));
#977 = VECTOR('',#978,1.);
#978 = DIRECTION('',(1.,0.));
#979 = ( GEOMETRIC_REPRESENTATION_CONTEXT(2) 
PARAMETRIC_REPRESENTATION_CONTEXT() REPRESENTATION_CONTEXT('2D SPACE',''
  ) );
#980 = ORIENTED_EDGE('',*,*,#981,.T.);
#981 = EDGE_CURVE('',#954,#982,#984,.T.);
#982 = VERTEX_POINT('',#983);
#983 = CARTESIAN_POINT('',(-18.,-44.35,38.));
#984 = SURFACE_CURVE('',#985,(#990,#997),.PCURVE_S1.);
#985 = CIRCLE('',#986,6.);
#986 = AXIS2_PLACEMENT_3D('',#987,#988,#989);
#987 = CARTESIAN_POINT('',(-12.,-44.35,38.));
#988 = DIRECTION('',(0.,-1.,0.));
#989 = DIRECTION('',(0.,-0.,-1.));
#990 = PCURVE('',#122,#991);
#991 = DEFINITIONAL_REPRESENTATION('',(#992),#996);
#992 = CIRCLE('',#993,6.);
#993 = AXIS2_PLACEMENT_2D('',#994,#995);
#994 = CARTESIAN_POINT('',(-10.5,-3.));
#995 = DIRECTION('',(1.,0.));
#996 = ( GEOMETRIC_REPRESENTATION_CONTEXT(2) 
PARAMETRIC_REPRESENTATION_CONTEXT() REPRESENTATION_CONTEXT('2D SPACE',''
  ) );
#997 = PCURVE('',#998,#1003);
#998 = CYLINDRICAL_SURFACE('',#999,6.);
#999 = AXIS2_PLACEMENT_3D('',#1000,#1001,#1002);
#1000 = CARTESIAN_POINT('',(-12.,-15.65,38.));
#1001 = DIRECTION('',(0.,-1.,0.));
#1002 = DIRECTION('',(-0.,0.,1.));
#1003 = DEFINITIONAL_REPRESENTATION('',(#1004),#1008);
#1004 = LINE('',#1005,#1006);
#1005 = CARTESIAN_POINT('',(-3.14159265359,28.7));
#1006 = VECTOR('',#1007,1.);
#1007 = DIRECTION('',(1.,0.));
#1008 = ( GEOMETRIC_REPRESENTATION_CONTEXT(2) 
PARAMETRIC_REPRESENTATION_CONTEXT() REPRESENTATION_CONTEXT('2D SPACE',''
  ) );
#1009 = ORIENTED_EDGE('',*,*,#1010,.T.);
#1010 = EDGE_CURVE('',#982,#1011,#1013,.T.);
#1011 = VERTEX_POINT('',#1012);
#1012 = CARTESIAN_POINT('',(-18.,-44.35,17.));
#1013 = SURFACE_CURVE('',#1014,(#1018,#1025),.PCURVE_S1.);
#1014 = LINE('',#1015,#1016);
#1015 = CARTESIAN_POINT('',(-18.,-44.35,44.));
#1016 = VECTOR('',#1017,1.);
#1017 = DIRECTION('',(0.,0.,-1.));
#1018 = PCURVE('',#122,#1019);
#1019 = DEFINITIONAL_REPRESENTATION('',(#1020),#1024);
#1020 = LINE('',#1021,#1022);
#1021 = CARTESIAN_POINT('',(-16.5,-9.));
#1022 = VECTOR('',#1023,1.);
#1023 = DIRECTION('',(1.,0.));
#1024 = ( GEOMETRIC_REPRESENTATION_CONTEXT(2) 
PARAMETRIC_REPRESENTATION_CONTEXT() REPRESENTATION_CONTEXT('2D SPACE',''
  ) );
#1025 = PCURVE('',#419,#1026);
#1026 = DEFINITIONAL_REPRESENTATION('',(#1027),#1031);
#1027 = LINE('',#1028,#1029);
#1028 = CARTESIAN_POINT('',(0.,-28.7));
#1029 = VECTOR('',#1030,1.);
#1030 = DIRECTION('',(1.,0.));
#1031 = ( GEOMETRIC_REPRESENTATION_CONTEXT(2) 
PARAMETRIC_REPRESENTATION_CONTEXT() REPRESENTATION_CONTEXT('2D SPACE',''
  ) );
#1032 = ORIENTED_EDGE('',*,*,#1033,.F.);
#1033 = EDGE_CURVE('',#79,#1011,#1034,.T.);
#1034 = SURFACE_CURVE('',#1035,(#1040,#1051),.PCURVE_S1.);
#1035 = CIRCLE('',#1036,6.);
#1036 = AXIS2_PLACEMENT_3D('',#1037,#1038,#1039);
#1037 = CARTESIAN_POINT('',(-12.,-44.35,17.));
#1038 = DIRECTION('',(-0.,1.,0.));
#1039 = DIRECTION('',(0.,0.,-1.));
#1040 = PCURVE('',#122,#1041);
#1041 = DEFINITIONAL_REPRESENTATION('',(#1042),#1050);
#1042 = ( BOUNDED_CURVE() B_SPLINE_CURVE(2,(#1043,#1044,#1045,#1046,
#1047,#1048,#1049),.UNSPECIFIED.,.T.,.F.) B_SPLINE_CURVE_WITH_KNOTS((1,2
    ,2,2,2,1),(-2.094395102393,0.,2.094395102393,4.188790204786,
6.28318530718,8.377580409573),.UNSPECIFIED.) CURVE() 
GEOMETRIC_REPRESENTATION_ITEM() RATIONAL_B_SPLINE_CURVE((1.,0.5,1.,0.5,
1.,0.5,1.)) REPRESENTATION_ITEM('') );
#1043 = CARTESIAN_POINT('',(16.5,-3.));
#1044 = CARTESIAN_POINT('',(16.5,-13.39230484541));
#1045 = CARTESIAN_POINT('',(7.5,-8.196152422707));
#1046 = CARTESIAN_POINT('',(-1.5,-3.));
#1047 = CARTESIAN_POINT('',(7.5,2.196152422707));
#1048 = CARTESIAN_POINT('',(16.5,7.392304845413));
#1049 = CARTESIAN_POINT('',(16.5,-3.));
#1050 = ( GEOMETRIC_REPRESENTATION_CONTEXT(2) 
PARAMETRIC_REPRESENTATION_CONTEXT() REPRESENTATION_CONTEXT('2D SPACE',''
  ) );
#1051 = PCURVE('',#94,#1052);
#1052 = DEFINITIONAL_REPRESENTATION('',(#1053),#1057);
#1053 = LINE('',#1054,#1055);
#1054 = CARTESIAN_POINT('',(-0.,28.7));
#1055 = VECTOR('',#1056,1.);
#1056 = DIRECTION('',(-1.,0.));
#1057 = ( GEOMETRIC_REPRESENTATION_CONTEXT(2) 
PARAMETRIC_REPRESENTATION_CONTEXT() REPRESENTATION_CONTEXT('2D SPACE',''
  ) );
#1058 = FACE_BOUND('',#1059,.T.);
#1059 = EDGE_LOOP('',(#1060));
#1060 = ORIENTED_EDGE('',*,*,#1061,.T.);
#1061 = EDGE_CURVE('',#1062,#1062,#1064,.T.);
#1062 = VERTEX_POINT('',#1063);
#1063 = CARTESIAN_POINT('',(-15.,-44.35,41.2));
#1064 = SURFACE_CURVE('',#1065,(#1070,#1081),.PCURVE_S1.);
#1065 = CIRCLE('',#1066,1.7);
#1066 = AXIS2_PLACEMENT_3D('',#1067,#1068,#1069);
#1067 = CARTESIAN_POINT('',(-15.,-44.35,39.5));
#1068 = DIRECTION('',(0.,1.,0.));
#1069 = DIRECTION('',(0.,-0.,1.));
#1070 = PCURVE('',#122,#1071);
#1071 = DEFINITIONAL_REPRESENTATION('',(#1072),#1080);
#1072 = ( BOUNDED_CURVE() B_SPLINE_CURVE(2,(#1073,#1074,#1075,#1076,
#1077,#1078,#1079),.UNSPECIFIED.,.T.,.F.) B_SPLINE_CURVE_WITH_KNOTS((1,2
    ,2,2,2,1),(-2.094395102393,0.,2.094395102393,4.188790204786,
6.28318530718,8.377580409573),.UNSPECIFIED.) CURVE() 
GEOMETRIC_REPRESENTATION_ITEM() RATIONAL_B_SPLINE_CURVE((1.,0.5,1.,0.5,
1.,0.5,1.)) REPRESENTATION_ITEM('') );
#1073 = CARTESIAN_POINT('',(-13.7,-6.));
#1074 = CARTESIAN_POINT('',(-13.7,-3.055513627133));
#1075 = CARTESIAN_POINT('',(-11.15,-4.527756813566));
#1076 = CARTESIAN_POINT('',(-8.6,-6.));
#1077 = CARTESIAN_POINT('',(-11.15,-7.472243186434));
#1078 = CARTESIAN_POINT('',(-13.7,-8.944486372867));
#1079 = CARTESIAN_POINT('',(-13.7,-6.));
#1080 = ( GEOMETRIC_REPRESENTATION_CONTEXT(2) 
PARAMETRIC_REPRESENTATION_CONTEXT() REPRESENTATION_CONTEXT('2D SPACE',''
  ) );
#1081 = PCURVE('',#1082,#1087);
#1082 = CYLINDRICAL_SURFACE('',#1083,1.7);
#1083 = AXIS2_PLACEMENT_3D('',#1084,#1085,#1086);
#1084 = CARTESIAN_POINT('',(-15.,-44.35,39.5));
#1085 = DIRECTION('',(0.,1.,0.));
#1086 = DIRECTION('',(0.,-0.,1.));
#1087 = DEFINITIONAL_REPRESENTATION('',(#1088),#1092);
#1088 = LINE('',#1089,#1090);
#1089 = CARTESIAN_POINT('',(0.,0.));
#1090 = VECTOR('',#1091,1.);
#1091 = DIRECTION('',(1.,0.));
#1092 = ( GEOMETRIC_REPRESENTATION_CONTEXT(2) 
PARAMETRIC_REPRESENTATION_CONTEXT() REPRESENTATION_CONTEXT('2D SPACE',''
  ) );
#1093 = ADVANCED_FACE('',(#1094),#94,.T.);
#1094 = FACE_BOUND('',#1095,.F.);
#1095 = EDGE_LOOP('',(#1096,#1097,#1098,#1121,#1371,#1392));
#1096 = ORIENTED_EDGE('',*,*,#78,.F.);
#1097 = ORIENTED_EDGE('',*,*,#431,.T.);
#1098 = ORIENTED_EDGE('',*,*,#1099,.T.);
#1099 = EDGE_CURVE('',#404,#1100,#1102,.T.);
#1100 = VERTEX_POINT('',#1101);
#1101 = CARTESIAN_POINT('',(-18.,-27.57667583679,17.));
#1102 = SURFACE_CURVE('',#1103,(#1107,#1114),.PCURVE_S1.);
#1103 = LINE('',#1104,#1105);
#1104 = CARTESIAN_POINT('',(-18.,-15.65,17.));
#1105 = VECTOR('',#1106,1.);
#1106 = DIRECTION('',(0.,-1.,0.));
#1107 = PCURVE('',#94,#1108);
#1108 = DEFINITIONAL_REPRESENTATION('',(#1109),#1113);
#1109 = LINE('',#1110,#1111);
#1110 = CARTESIAN_POINT('',(-1.570796326795,0.));
#1111 = VECTOR('',#1112,1.);
#1112 = DIRECTION('',(-0.,1.));
#1113 = ( GEOMETRIC_REPRESENTATION_CONTEXT(2) 
PARAMETRIC_REPRESENTATION_CONTEXT() REPRESENTATION_CONTEXT('2D SPACE',''
  ) );
#1114 = PCURVE('',#419,#1115);
#1115 = DEFINITIONAL_REPRESENTATION('',(#1116),#1120);
#1116 = LINE('',#1117,#1118);
#1117 = CARTESIAN_POINT('',(27.,0.));
#1118 = VECTOR('',#1119,1.);
#1119 = DIRECTION('',(0.,-1.));
#1120 = ( GEOMETRIC_REPRESENTATION_CONTEXT(2) 
PARAMETRIC_REPRESENTATION_CONTEXT() REPRESENTATION_CONTEXT('2D SPACE',''
  ) );
#1121 = ORIENTED_EDGE('',*,*,#1122,.F.);
#1122 = EDGE_CURVE('',#1123,#1100,#1125,.T.);
#1123 = VERTEX_POINT('',#1124);
#1124 = CARTESIAN_POINT('',(-18.,-32.42332416321,17.));
#1125 = SURFACE_CURVE('',#1126,(#1204,#1285),.PCURVE_S1.);
#1126 = B_SPLINE_CURVE_WITH_KNOTS('',6,(#1127,#1128,#1129,#1130,#1131,
    #1132,#1133,#1134,#1135,#1136,#1137,#1138,#1139,#1140,#1141,#1142,
    #1143,#1144,#1145,#1146,#1147,#1148,#1149,#1150,#1151,#1152,#1153,
    #1154,#1155,#1156,#1157,#1158,#1159,#1160,#1161,#1162,#1163,#1164,
    #1165,#1166,#1167,#1168,#1169,#1170,#1171,#1172,#1173,#1174,#1175,
    #1176,#1177,#1178,#1179,#1180,#1181,#1182,#1183,#1184,#1185,#1186,
    #1187,#1188,#1189,#1190,#1191,#1192,#1193,#1194,#1195,#1196,#1197,
    #1198,#1199,#1200,#1201,#1202,#1203),.UNSPECIFIED.,.F.,.F.,(7,5,5,5,
    5,5,5,5,5,5,5,5,5,5,5,7),(0.,8.460773702904E-02,0.140331781158,
    0.173904707533,0.213893961546,0.317043884578,0.417328619702,
    0.499373521622,0.554545677581,0.684892224871,0.757056241234,
    0.825169146012,0.859547835668,0.91653357536,0.968546147946,1.),
  .UNSPECIFIED.);
#1127 = CARTESIAN_POINT('',(-18.,-32.42332416321,17.));
#1128 = CARTESIAN_POINT('',(-18.,-32.52289967531,16.839130836974));
#1129 = CARTESIAN_POINT('',(-17.9948242171,-32.61288702127,
    16.665117005634));
#1130 = CARTESIAN_POINT('',(-17.98288682619,-32.68985954158,
    16.480011204995));
#1131 = CARTESIAN_POINT('',(-17.96279190143,-32.75146388102,
    16.286407936223));
#1132 = CARTESIAN_POINT('',(-17.93371459072,-32.79628933874,
    16.087178863273));
#1133 = CARTESIAN_POINT('',(-17.8704054799,-32.84197655199,
    15.752342306449));
#1134 = CARTESIAN_POINT('',(-17.84146334405,-32.85252097137,
    15.618978636448));
#1135 = CARTESIAN_POINT('',(-17.80878871344,-32.85546858429,
    15.486197806691));
#1136 = CARTESIAN_POINT('',(-17.77262041792,-32.85103406941,
    15.354987117569));
#1137 = CARTESIAN_POINT('',(-17.73336338153,-32.83964572173,
    15.226311942188));
#1138 = CARTESIAN_POINT('',(-17.66641613557,-32.81128057473,
    15.0256511823));
#1139 = CARTESIAN_POINT('',(-17.64030891993,-32.7983156852,
    14.951397875573));
#1140 = CARTESIAN_POINT('',(-17.61334604776,-32.78316605786,
    14.87841896668));
#1141 = CARTESIAN_POINT('',(-17.58561458353,-32.76595090134,
    14.806793369256));
#1142 = CARTESIAN_POINT('',(-17.55720721151,-32.74679290779,
    14.736593506911));
#1143 = CARTESIAN_POINT('',(-17.49369776367,-32.70083500329,
    14.586045875723));
#1144 = CARTESIAN_POINT('',(-17.45834803131,-32.67327054769,
    14.506309835809));
#1145 = CARTESIAN_POINT('',(-17.42230036683,-32.64331000231,
    14.428701781099));
#1146 = CARTESIAN_POINT('',(-17.38568010446,-32.61112472994,
    14.353236187754));
#1147 = CARTESIAN_POINT('',(-17.34860924012,-32.57687308424,
    14.279918416378));
#1148 = CARTESIAN_POINT('',(-17.21472327954,-32.44739779202,
    14.025159902633));
#1149 = CARTESIAN_POINT('',(-17.11597527678,-32.3412707391,
    13.855754183723));
#1150 = CARTESIAN_POINT('',(-17.016723625,-32.22456070038,13.70003425335
    ));
#1151 = CARTESIAN_POINT('',(-16.91845252821,-32.09870661203,
    13.557319441379));
#1152 = CARTESIAN_POINT('',(-16.82248435278,-31.96454818776,
    13.42702999059));
#1153 = CARTESIAN_POINT('',(-16.64061146229,-31.68432427712,
    13.193956868651));
#1154 = CARTESIAN_POINT('',(-16.55440407296,-31.53854402739,
    13.090385740909));
#1155 = CARTESIAN_POINT('',(-16.47320575284,-31.38576961562,
    12.998174434118));
#1156 = CARTESIAN_POINT('',(-16.39871208677,-31.22648043107,
    12.917509644549));
#1157 = CARTESIAN_POINT('',(-16.33278996736,-31.06101083277,
    12.848714306617));
#1158 = CARTESIAN_POINT('',(-16.23205929431,-30.74933410744,
    12.746313140966));
#1159 = CARTESIAN_POINT('',(-16.19370090188,-30.60487540602,
    12.708510018624));
#1160 = CARTESIAN_POINT('',(-16.16374414588,-30.45731887517,
    12.679694283903));
#1161 = CARTESIAN_POINT('',(-16.14324824907,-30.30763572986,
    12.660217426264));
#1162 = CARTESIAN_POINT('',(-16.13279720681,-30.15669936946,
    12.650288812213));
#1163 = CARTESIAN_POINT('',(-16.13229757723,-29.90356302503,
    12.649814163745));
#1164 = CARTESIAN_POINT('',(-16.1366877691,-29.80183303747,
    12.653985405755));
#1165 = CARTESIAN_POINT('',(-16.14566360612,-29.70046187122,
    12.662509173058));
#1166 = CARTESIAN_POINT('',(-16.15910085196,-29.59977306708,
    12.675339884649));
#1167 = CARTESIAN_POINT('',(-16.17676271894,-29.50010593879,
    12.692383197141));
#1168 = CARTESIAN_POINT('',(-16.24920329952,-29.16960085481,
    12.763333050123));
#1169 = CARTESIAN_POINT('',(-16.32147788095,-28.94639460139,
    12.835540491586));
#1170 = CARTESIAN_POINT('',(-16.41104849783,-28.73269387683,
    12.928425267958));
#1171 = CARTESIAN_POINT('',(-16.51359930921,-28.52940113136,
    13.041186199147));
#1172 = CARTESIAN_POINT('',(-16.62511862035,-28.33782718626,
    13.17316909206));
#1173 = CARTESIAN_POINT('',(-16.80662118073,-28.06098630408,
    13.40729397739));
#1174 = CARTESIAN_POINT('',(-16.87307775079,-27.96620454545,
    13.496656106681));
#1175 = CARTESIAN_POINT('',(-16.94081618584,-27.87544578286,
    13.592054567786));
#1176 = CARTESIAN_POINT('',(-17.00936537852,-27.7889639494,
    13.693658959563));
#1177 = CARTESIAN_POINT('',(-17.07824290974,-27.70714391574,
    13.801671721659));
#1178 = CARTESIAN_POINT('',(-17.21173787387,-27.55822060352,
    14.024484116004));
#1179 = CARTESIAN_POINT('',(-17.2764260046,-27.49049456311,
    14.138643734357));
#1180 = CARTESIAN_POINT('',(-17.34049825139,-27.42787160398,
    14.258892738089));
#1181 = CARTESIAN_POINT('',(-17.40342715208,-27.3709820674,
    14.385325901739));
#1182 = CARTESIAN_POINT('',(-17.4646433116,-27.32058551732,
    14.517981647793));
#1183 = CARTESIAN_POINT('',(-17.55326212343,-27.25588506234,
    14.726880273213));
#1184 = CARTESIAN_POINT('',(-17.58239285385,-27.23606965184,
    14.798516306435));
#1185 = CARTESIAN_POINT('',(-17.61082468223,-27.21827625341,
    14.871648508726));
#1186 = CARTESIAN_POINT('',(-17.63845820286,-27.20263570853,
    14.94620111168));
#1187 = CARTESIAN_POINT('',(-17.665199988,-27.18927528598,15.02209125077
    ));
#1188 = CARTESIAN_POINT('',(-17.73366932125,-27.16015866632,
    15.227090373739));
#1189 = CARTESIAN_POINT('',(-17.77375222973,-27.1485768824,
    15.358572390513));
#1190 = CARTESIAN_POINT('',(-17.8106059759,-27.14426148574,
    15.492689624094));
#1191 = CARTESIAN_POINT('',(-17.84379619992,-27.14766377046,
    15.628411714127));
#1192 = CARTESIAN_POINT('',(-17.87307896118,-27.15900604718,
    15.76468017779));
#1193 = CARTESIAN_POINT('',(-17.92148658577,-27.19585729467,
    16.024354239117));
#1194 = CARTESIAN_POINT('',(-17.94121288004,-27.21999645364,
    16.147510451134));
#1195 = CARTESIAN_POINT('',(-17.95753875131,-27.25060299714,
    16.269067367659));
#1196 = CARTESIAN_POINT('',(-17.97057135703,-27.28741278442,
    16.388202218042));
#1197 = CARTESIAN_POINT('',(-17.98052717804,-27.32997425843,
    16.504129393738));
#1198 = CARTESIAN_POINT('',(-17.99204882022,-27.40646248939,
    16.68384140844));
#1199 = CARTESIAN_POINT('',(-17.99537770504,-27.43716795018,
    16.75016061596));
#1200 = CARTESIAN_POINT('',(-17.99776363301,-27.46965308568,
    16.815001615615));
#1201 = CARTESIAN_POINT('',(-17.99927953678,-27.50381013317,
    16.878295833512));
#1202 = CARTESIAN_POINT('',(-18.,-27.53952479458,16.939980654489));
#1203 = CARTESIAN_POINT('',(-18.,-27.57667583678,17.));
#1204 = PCURVE('',#94,#1205);
#1205 = DEFINITIONAL_REPRESENTATION('',(#1206),#1284);
#1206 = B_SPLINE_CURVE_WITH_KNOTS('',6,(#1207,#1208,#1209,#1210,#1211,
    #1212,#1213,#1214,#1215,#1216,#1217,#1218,#1219,#1220,#1221,#1222,
    #1223,#1224,#1225,#1226,#1227,#1228,#1229,#1230,#1231,#1232,#1233,
    #1234,#1235,#1236,#1237,#1238,#1239,#1240,#1241,#1242,#1243,#1244,
    #1245,#1246,#1247,#1248,#1249,#1250,#1251,#1252,#1253,#1254,#1255,
    #1256,#1257,#1258,#1259,#1260,#1261,#1262,#1263,#1264,#1265,#1266,
    #1267,#1268,#1269,#1270,#1271,#1272,#1273,#1274,#1275,#1276,#1277,
    #1278,#1279,#1280,#1281,#1282,#1283),.UNSPECIFIED.,.F.,.F.,(7,5,5,5,
    5,5,5,5,5,5,5,5,5,5,5,7),(0.,8.460773702904E-02,0.140331781158,
    0.173904707533,0.213893961546,0.317043884578,0.417328619702,
    0.499373521622,0.554545677581,0.684892224871,0.757056241234,
    0.825169146012,0.859547835668,0.91653357536,0.968546147946,1.),
  .UNSPECIFIED.);
#1207 = CARTESIAN_POINT('',(-1.570796326795,16.773324163211));
#1208 = CARTESIAN_POINT('',(-1.543984799624,16.872899675311));
#1209 = CARTESIAN_POINT('',(-1.514982476834,16.962887021279));
#1210 = CARTESIAN_POINT('',(-1.484096899735,17.039859541587));
#1211 = CARTESIAN_POINT('',(-1.451697071048,17.101463881021));
#1212 = CARTESIAN_POINT('',(-1.418169926208,17.146289338742));
#1213 = CARTESIAN_POINT('',(-1.361375080174,17.191976551998));
#1214 = CARTESIAN_POINT('',(-1.338638604282,17.202520971374));
#1215 = CARTESIAN_POINT('',(-1.315861355915,17.205468584293));
#1216 = CARTESIAN_POINT('',(-1.293190052341,17.201034069413));
#1217 = CARTESIAN_POINT('',(-1.270775849452,17.189645721738));
#1218 = CARTESIAN_POINT('',(-1.235520166576,17.161280574739));
#1219 = CARTESIAN_POINT('',(-1.22240367815,17.148315685205));
#1220 = CARTESIAN_POINT('',(-1.209439306769,17.133166057864));
#1221 = CARTESIAN_POINT('',(-1.196640411429,17.115950901342));
#1222 = CARTESIAN_POINT('',(-1.184020161778,17.096792907799));
#1223 = CARTESIAN_POINT('',(-1.156787604046,17.050835003293));
#1224 = CARTESIAN_POINT('',(-1.14225321112,17.023270547694));
#1225 = CARTESIAN_POINT('',(-1.127994538983,16.993310002312));
#1226 = CARTESIAN_POINT('',(-1.114017162965,16.961124729949));
#1227 = CARTESIAN_POINT('',(-1.10032605268,16.926873084241));
#1228 = CARTESIAN_POINT('',(-1.052359817227,16.797397792028));
#1229 = CARTESIAN_POINT('',(-1.019710403004,16.691270739103));
#1230 = CARTESIAN_POINT('',(-0.988966642041,16.574560700379));
#1231 = CARTESIAN_POINT('',(-0.960110393525,16.448706612039));
#1232 = CARTESIAN_POINT('',(-0.933151055791,16.314548187766));
#1233 = CARTESIAN_POINT('',(-0.883878337267,16.034324277123));
#1234 = CARTESIAN_POINT('',(-0.861430453944,15.888544027397));
#1235 = CARTESIAN_POINT('',(-0.840963081796,15.73576961562));
#1236 = CARTESIAN_POINT('',(-0.822668044699,15.576480431071));
#1237 = CARTESIAN_POINT('',(-0.806789185139,15.411010832778));
#1238 = CARTESIAN_POINT('',(-0.782849058887,15.099334107442));
#1239 = CARTESIAN_POINT('',(-0.773874197455,14.954875406025));
#1240 = CARTESIAN_POINT('',(-0.766946795014,14.807318875178));
#1241 = CARTESIAN_POINT('',(-0.762234360276,14.65763572986));
#1242 = CARTESIAN_POINT('',(-0.759831820547,14.506699369467));
#1243 = CARTESIAN_POINT('',(-0.759716963041,14.253563025031));
#1244 = CARTESIAN_POINT('',(-0.76072626084,14.151833037475));
#1245 = CARTESIAN_POINT('',(-0.76278931737,14.050461871229));
#1246 = CARTESIAN_POINT('',(-0.765885815404,13.949773067084));
#1247 = CARTESIAN_POINT('',(-0.76997640288,13.850105938792));
#1248 = CARTESIAN_POINT('',(-0.78687604074,13.51960085481));
#1249 = CARTESIAN_POINT('',(-0.803902561394,13.296394601392));
#1250 = CARTESIAN_POINT('',(-0.825403012503,13.08269387683));
#1251 = CARTESIAN_POINT('',(-0.850785559754,12.879401131362));
#1252 = CARTESIAN_POINT('',(-0.8795582355,12.687827186269));
#1253 = CARTESIAN_POINT('',(-0.928931429238,12.410986304084));
#1254 = CARTESIAN_POINT('',(-0.947488456134,12.316204545453));
#1255 = CARTESIAN_POINT('',(-0.966981351962,12.225445782866));
#1256 = CARTESIAN_POINT('',(-0.987399371444,12.138963949407));
#1257 = CARTESIAN_POINT('',(-1.008741913623,12.057143915744));
#1258 = CARTESIAN_POINT('',(-1.052032363083,11.908220603528));
#1259 = CARTESIAN_POINT('',(-1.073894858612,11.840494563112));
#1260 = CARTESIAN_POINT('',(-1.096591863697,11.777871603981));
#1261 = CARTESIAN_POINT('',(-1.120115269242,11.720982067403));
#1262 = CARTESIAN_POINT('',(-1.14445331631,11.670585517322));
#1263 = CARTESIAN_POINT('',(-1.182273038352,11.605885062348));
#1264 = CARTESIAN_POINT('',(-1.195160348086,11.58606965184));
#1265 = CARTESIAN_POINT('',(-1.20823539767,11.568276253411));
#1266 = CARTESIAN_POINT('',(-1.221484359756,11.552635708538));
#1267 = CARTESIAN_POINT('',(-1.234893193401,11.539275285986));
#1268 = CARTESIAN_POINT('',(-1.270915057908,11.510158666329));
#1269 = CARTESIAN_POINT('',(-1.293816390798,11.4985768824));
#1270 = CARTESIAN_POINT('',(-1.316984196774,11.494261485747));
#1271 = CARTESIAN_POINT('',(-1.340257122398,11.497663770467));
#1272 = CARTESIAN_POINT('',(-1.363478301514,11.509006047189));
#1273 = CARTESIAN_POINT('',(-1.407502889418,11.545857294677));
#1274 = CARTESIAN_POINT('',(-1.428283773832,11.569996453646));
#1275 = CARTESIAN_POINT('',(-1.44871559516,11.600602997143));
#1276 = CARTESIAN_POINT('',(-1.468681366576,11.637412784424));
#1277 = CARTESIAN_POINT('',(-1.488069175095,11.679974258434));
#1278 = CARTESIAN_POINT('',(-1.518082670424,11.756462489393));
#1279 = CARTESIAN_POINT('',(-1.529148721622,11.787167950185));
#1280 = CARTESIAN_POINT('',(-1.539961462304,11.819653085683));
#1281 = CARTESIAN_POINT('',(-1.550512298601,11.853810133175));
#1282 = CARTESIAN_POINT('',(-1.560793102543,11.889524794584));
#1283 = CARTESIAN_POINT('',(-1.570796326795,11.926675836789));
#1284 = ( GEOMETRIC_REPRESENTATION_CONTEXT(2) 
PARAMETRIC_REPRESENTATION_CONTEXT() REPRESENTATION_CONTEXT('2D SPACE',''
  ) );
#1285 = PCURVE('',#1286,#1291);
#1286 = CYLINDRICAL_SURFACE('',#1287,2.85);
#1287 = AXIS2_PLACEMENT_3D('',#1288,#1289,#1290);
#1288 = CARTESIAN_POINT('',(-18.5,-30.,15.5));
#1289 = DIRECTION('',(1.,0.,0.));
#1290 = DIRECTION('',(-0.,0.,1.));
#1291 = DEFINITIONAL_REPRESENTATION('',(#1292),#1370);
#1292 = B_SPLINE_CURVE_WITH_KNOTS('',6,(#1293,#1294,#1295,#1296,#1297,
    #1298,#1299,#1300,#1301,#1302,#1303,#1304,#1305,#1306,#1307,#1308,
    #1309,#1310,#1311,#1312,#1313,#1314,#1315,#1316,#1317,#1318,#1319,
    #1320,#1321,#1322,#1323,#1324,#1325,#1326,#1327,#1328,#1329,#1330,
    #1331,#1332,#1333,#1334,#1335,#1336,#1337,#1338,#1339,#1340,#1341,
    #1342,#1343,#1344,#1345,#1346,#1347,#1348,#1349,#1350,#1351,#1352,
    #1353,#1354,#1355,#1356,#1357,#1358,#1359,#1360,#1361,#1362,#1363,
    #1364,#1365,#1366,#1367,#1368,#1369),.UNSPECIFIED.,.F.,.F.,(7,5,5,5,
    5,5,5,5,5,5,5,5,5,5,5,7),(0.,8.460773702904E-02,0.140331781158,
    0.173904707533,0.213893961546,0.317043884578,0.417328619702,
    0.499373521622,0.554545677581,0.684892224871,0.757056241234,
    0.825169146012,0.859547835668,0.91653357536,0.968546147946,1.),
  .UNSPECIFIED.);
#1293 = CARTESIAN_POINT('',(1.016534492343,0.5));
#1294 = CARTESIAN_POINT('',(1.082918167077,0.5));
#1295 = CARTESIAN_POINT('',(1.15145279547,0.505175782891));
#1296 = CARTESIAN_POINT('',(1.221420045878,0.517113173809));
#1297 = CARTESIAN_POINT('',(1.292307601583,0.537208098563));
#1298 = CARTESIAN_POINT('',(1.363697062451,0.566285409278));
#1299 = CARTESIAN_POINT('',(1.482272188338,0.629594520094));
#1300 = CARTESIAN_POINT('',(1.529137017394,0.65853665595));
#1301 = CARTESIAN_POINT('',(1.575626836736,0.691211286554));
#1302 = CARTESIAN_POINT('',(1.62158744023,0.72737958208));
#1303 = CARTESIAN_POINT('',(1.666851510219,0.766636618461));
#1304 = CARTESIAN_POINT('',(1.737958764184,0.833583864428));
#1305 = CARTESIAN_POINT('',(1.764392808837,0.859691080061));
#1306 = CARTESIAN_POINT('',(1.790525781351,0.886653952238));
#1307 = CARTESIAN_POINT('',(1.816354964102,0.914385416466));
#1308 = CARTESIAN_POINT('',(1.841875888662,0.942792788482));
#1309 = CARTESIAN_POINT('',(1.897106141459,1.006302236327));
#1310 = CARTESIAN_POINT('',(1.926688511428,1.041651968683));
#1311 = CARTESIAN_POINT('',(1.9558509091,1.077699633161));
#1312 = CARTESIAN_POINT('',(1.984612554673,1.114319895533));
#1313 = CARTESIAN_POINT('',(2.012991263016,1.151390759876));
#1314 = CARTESIAN_POINT('',(2.113262211199,1.28527672046));
#1315 = CARTESIAN_POINT('',(2.183123390768,1.384024723213));
#1316 = CARTESIAN_POINT('',(2.251064357616,1.483276374992));
#1317 = CARTESIAN_POINT('',(2.317526572412,1.581547471787));
#1318 = CARTESIAN_POINT('',(2.382950958729,1.677515647212));
#1319 = CARTESIAN_POINT('',(2.510840049773,1.859388537706));
#1320 = CARTESIAN_POINT('',(2.573404710564,1.945595927035));
#1321 = CARTESIAN_POINT('',(2.635757739159,2.026794247151));
#1322 = CARTESIAN_POINT('',(2.69814707935,2.101287913227));
#1323 = CARTESIAN_POINT('',(2.760840434805,2.167210032635));
#1324 = CARTESIAN_POINT('',(2.87595188927,2.267940705686));
#1325 = CARTESIAN_POINT('',(2.928246880141,2.306299098117));
#1326 = CARTESIAN_POINT('',(2.980840752699,2.336255854119));
#1327 = CARTESIAN_POINT('',(3.033643830325,2.35675175093));
#1328 = CARTESIAN_POINT('',(3.086610324231,2.367202793188));
#1329 = CARTESIAN_POINT('',(3.175430250349,2.367702422765));
#1330 = CARTESIAN_POINT('',(3.211122221674,2.363312230897));
#1331 = CARTESIAN_POINT('',(3.246767243741,2.354336393875));
#1332 = CARTESIAN_POINT('',(3.282333730686,2.340899148039));
#1333 = CARTESIAN_POINT('',(3.31778080184,2.323237281059));
#1334 = CARTESIAN_POINT('',(3.436389486034,2.250796700475));
#1335 = CARTESIAN_POINT('',(3.518281301332,2.178522119042));
#1336 = CARTESIAN_POINT('',(3.59947308508,2.088951502161));
#1337 = CARTESIAN_POINT('',(3.680472600594,1.986400690787));
#1338 = CARTESIAN_POINT('',(3.761702760406,1.874881379648));
#1339 = CARTESIAN_POINT('',(3.888919496714,1.693378819266));
#1340 = CARTESIAN_POINT('',(3.934560118845,1.626922249205));
#1341 = CARTESIAN_POINT('',(3.980658619178,1.559183814158));
#1342 = CARTESIAN_POINT('',(4.027363761708,1.490634621475));
#1343 = CARTESIAN_POINT('',(4.074826053458,1.421757090253));
#1344 = CARTESIAN_POINT('',(4.168860824337,1.288262126124));
#1345 = CARTESIAN_POINT('',(4.215367968107,1.223573995394));
#1346 = CARTESIAN_POINT('',(4.262828436342,1.159501748602));
#1347 = CARTESIAN_POINT('',(4.311348801601,1.096572847918));
#1348 = CARTESIAN_POINT('',(4.361042716449,1.035356688392));
#1349 = CARTESIAN_POINT('',(4.437775623379,0.946737876561));
#1350 = CARTESIAN_POINT('',(4.46384284098,0.917607146149));
#1351 = CARTESIAN_POINT('',(4.490232327362,0.889175317768));
#1352 = CARTESIAN_POINT('',(4.516939690106,0.861541797139));
#1353 = CARTESIAN_POINT('',(4.543962435106,0.834800011995));
#1354 = CARTESIAN_POINT('',(4.616613858751,0.766330678748));
#1355 = CARTESIAN_POINT('',(4.662860936658,0.726247770267));
#1356 = CARTESIAN_POINT('',(4.709832441207,0.689394024098));
#1357 = CARTESIAN_POINT('',(4.757350045458,0.656203800077));
#1358 = CARTESIAN_POINT('',(4.805248396774,0.626921038816));
#1359 = CARTESIAN_POINT('',(4.897275018217,0.578513414223));
#1360 = CARTESIAN_POINT('',(4.941249172789,0.558787119953));
#1361 = CARTESIAN_POINT('',(4.985138807653,0.542461248681));
#1362 = CARTESIAN_POINT('',(5.028800046566,0.52942864297));
#1363 = CARTESIAN_POINT('',(5.072075674291,0.51947282196));
#1364 = CARTESIAN_POINT('',(5.14060627279,0.50795117978));
#1365 = CARTESIAN_POINT('',(5.166236791156,0.504622294956));
#1366 = CARTESIAN_POINT('',(5.191665608613,0.502236366983));
#1367 = CARTESIAN_POINT('',(5.216884462954,0.500720463217));
#1368 = CARTESIAN_POINT('',(5.241883453366,0.5));
#1369 = CARTESIAN_POINT('',(5.266650814837,0.5));
#1370 = ( GEOMETRIC_REPRESENTATION_CONTEXT(2) 
PARAMETRIC_REPRESENTATION_CONTEXT() REPRESENTATION_CONTEXT('2D SPACE',''
  ) );
#1371 = ORIENTED_EDGE('',*,*,#1372,.T.);
#1372 = EDGE_CURVE('',#1123,#1011,#1373,.T.);
#1373 = SURFACE_CURVE('',#1374,(#1378,#1385),.PCURVE_S1.);
#1374 = LINE('',#1375,#1376);
#1375 = CARTESIAN_POINT('',(-18.,-15.65,17.));
#1376 = VECTOR('',#1377,1.);
#1377 = DIRECTION('',(0.,-1.,0.));
#1378 = PCURVE('',#94,#1379);
#1379 = DEFINITIONAL_REPRESENTATION('',(#1380),#1384);
#1380 = LINE('',#1381,#1382);
#1381 = CARTESIAN_POINT('',(-1.570796326795,0.));
#1382 = VECTOR('',#1383,1.);
#1383 = DIRECTION('',(-0.,1.));
#1384 = ( GEOMETRIC_REPRESENTATION_CONTEXT(2) 
PARAMETRIC_REPRESENTATION_CONTEXT() REPRESENTATION_CONTEXT('2D SPACE',''
  ) );
#1385 = PCURVE('',#419,#1386);
#1386 = DEFINITIONAL_REPRESENTATION('',(#1387),#1391);
#1387 = LINE('',#1388,#1389);
#1388 = CARTESIAN_POINT('',(27.,0.));
#1389 = VECTOR('',#1390,1.);
#1390 = DIRECTION('',(0.,-1.));
#1391 = ( GEOMETRIC_REPRESENTATION_CONTEXT(2) 
PARAMETRIC_REPRESENTATION_CONTEXT() REPRESENTATION_CONTEXT('2D SPACE',''
  ) );
#1392 = ORIENTED_EDGE('',*,*,#1033,.F.);
#1393 = ADVANCED_FACE('',(#1394),#419,.F.);
#1394 = FACE_BOUND('',#1395,.F.);
#1395 = EDGE_LOOP('',(#1396,#1397,#1420,#1447,#1473,#1500,#1521,#1522,
    #1523,#1547,#1569));
#1396 = ORIENTED_EDGE('',*,*,#403,.F.);
#1397 = ORIENTED_EDGE('',*,*,#1398,.T.);
#1398 = EDGE_CURVE('',#375,#1399,#1401,.T.);
#1399 = VERTEX_POINT('',#1400);
#1400 = CARTESIAN_POINT('',(-18.,-23.65,38.));
#1401 = SURFACE_CURVE('',#1402,(#1406,#1413),.PCURVE_S1.);
#1402 = LINE('',#1403,#1404);
#1403 = CARTESIAN_POINT('',(-18.,-15.65,38.));
#1404 = VECTOR('',#1405,1.);
#1405 = DIRECTION('',(0.,-1.,0.));
#1406 = PCURVE('',#419,#1407);
#1407 = DEFINITIONAL_REPRESENTATION('',(#1408),#1412);
#1408 = LINE('',#1409,#1410);
#1409 = CARTESIAN_POINT('',(6.,0.));
#1410 = VECTOR('',#1411,1.);
#1411 = DIRECTION('',(0.,-1.));
#1412 = ( GEOMETRIC_REPRESENTATION_CONTEXT(2) 
PARAMETRIC_REPRESENTATION_CONTEXT() REPRESENTATION_CONTEXT('2D SPACE',''
  ) );
#1413 = PCURVE('',#391,#1414);
#1414 = DEFINITIONAL_REPRESENTATION('',(#1415),#1419);
#1415 = LINE('',#1416,#1417);
#1416 = CARTESIAN_POINT('',(1.570796326795,0.));
#1417 = VECTOR('',#1418,1.);
#1418 = DIRECTION('',(0.,1.));
#1419 = ( GEOMETRIC_REPRESENTATION_CONTEXT(2) 
PARAMETRIC_REPRESENTATION_CONTEXT() REPRESENTATION_CONTEXT('2D SPACE',''
  ) );
#1420 = ORIENTED_EDGE('',*,*,#1421,.F.);
#1421 = EDGE_CURVE('',#1422,#1399,#1424,.T.);
#1422 = VERTEX_POINT('',#1423);
#1423 = CARTESIAN_POINT('',(-18.,-23.65,33.453306688776));
#1424 = SURFACE_CURVE('',#1425,(#1429,#1435),.PCURVE_S1.);
#1425 = LINE('',#1426,#1427);
#1426 = CARTESIAN_POINT('',(-18.,-23.65,41.75));
#1427 = VECTOR('',#1428,1.);
#1428 = DIRECTION('',(0.,0.,1.));
#1429 = PCURVE('',#419,#1430);
#1430 = DEFINITIONAL_REPRESENTATION('',(#1431),#1434);
#1431 = B_SPLINE_CURVE_WITH_KNOTS('',1,(#1432,#1433),.UNSPECIFIED.,.F.,
  .F.,(2,2),(-9.,-3.75),.PIECEWISE_BEZIER_KNOTS.);
#1432 = CARTESIAN_POINT('',(11.25,-8.));
#1433 = CARTESIAN_POINT('',(6.,-8.));
#1434 = ( GEOMETRIC_REPRESENTATION_CONTEXT(2) 
PARAMETRIC_REPRESENTATION_CONTEXT() REPRESENTATION_CONTEXT('2D SPACE',''
  ) );
#1435 = PCURVE('',#1436,#1441);
#1436 = PLANE('',#1437);
#1437 = AXIS2_PLACEMENT_3D('',#1438,#1439,#1440);
#1438 = CARTESIAN_POINT('',(-15.,-23.65,39.5));
#1439 = DIRECTION('',(0.,1.,0.));
#1440 = DIRECTION('',(0.,-0.,1.));
#1441 = DEFINITIONAL_REPRESENTATION('',(#1442),#1446);
#1442 = LINE('',#1443,#1444);
#1443 = CARTESIAN_POINT('',(2.25,-3.));
#1444 = VECTOR('',#1445,1.);
#1445 = DIRECTION('',(1.,0.));
#1446 = ( GEOMETRIC_REPRESENTATION_CONTEXT(2) 
PARAMETRIC_REPRESENTATION_CONTEXT() REPRESENTATION_CONTEXT('2D SPACE',''
  ) );
#1447 = ORIENTED_EDGE('',*,*,#1448,.F.);
#1448 = EDGE_CURVE('',#1449,#1422,#1451,.T.);
#1449 = VERTEX_POINT('',#1450);
#1450 = CARTESIAN_POINT('',(-18.,-36.35,33.453306688776));
#1451 = SURFACE_CURVE('',#1452,(#1456,#1462),.PCURVE_S1.);
#1452 = LINE('',#1453,#1454);
#1453 = CARTESIAN_POINT('',(-18.,-36.35,33.453306688776));
#1454 = VECTOR('',#1455,1.);
#1455 = DIRECTION('',(0.,1.,0.));
#1456 = PCURVE('',#419,#1457);
#1457 = DEFINITIONAL_REPRESENTATION('',(#1458),#1461);
#1458 = B_SPLINE_CURVE_WITH_KNOTS('',1,(#1459,#1460),.UNSPECIFIED.,.F.,
  .F.,(2,2),(-5.999999999062E-07,12.7000006),.PIECEWISE_BEZIER_KNOTS.);
#1459 = CARTESIAN_POINT('',(10.546693311224,-20.7000006));
#1460 = CARTESIAN_POINT('',(10.546693311224,-7.9999994));
#1461 = ( GEOMETRIC_REPRESENTATION_CONTEXT(2) 
PARAMETRIC_REPRESENTATION_CONTEXT() REPRESENTATION_CONTEXT('2D SPACE',''
  ) );
#1462 = PCURVE('',#1463,#1468);
#1463 = CYLINDRICAL_SURFACE('',#1464,6.75);
#1464 = AXIS2_PLACEMENT_3D('',#1465,#1466,#1467);
#1465 = CARTESIAN_POINT('',(-15.,-36.35,39.5));
#1466 = DIRECTION('',(0.,1.,0.));
#1467 = DIRECTION('',(0.,-0.,1.));
#1468 = DEFINITIONAL_REPRESENTATION('',(#1469),#1472);
#1469 = B_SPLINE_CURVE_WITH_KNOTS('',1,(#1470,#1471),.UNSPECIFIED.,.F.,
  .F.,(2,2),(-5.999999999062E-07,12.7000006),.PIECEWISE_BEZIER_KNOTS.);
#1470 = CARTESIAN_POINT('',(3.602146645271,-5.999999999062E-07));
#1471 = CARTESIAN_POINT('',(3.602146645271,12.7000006));
#1472 = ( GEOMETRIC_REPRESENTATION_CONTEXT(2) 
PARAMETRIC_REPRESENTATION_CONTEXT() REPRESENTATION_CONTEXT('2D SPACE',''
  ) );
#1473 = ORIENTED_EDGE('',*,*,#1474,.T.);
#1474 = EDGE_CURVE('',#1449,#1475,#1477,.T.);
#1475 = VERTEX_POINT('',#1476);
#1476 = CARTESIAN_POINT('',(-18.,-36.35,38.));
#1477 = SURFACE_CURVE('',#1478,(#1482,#1488),.PCURVE_S1.);
#1478 = LINE('',#1479,#1480);
#1479 = CARTESIAN_POINT('',(-18.,-36.35,41.75));
#1480 = VECTOR('',#1481,1.);
#1481 = DIRECTION('',(0.,0.,1.));
#1482 = PCURVE('',#419,#1483);
#1483 = DEFINITIONAL_REPRESENTATION('',(#1484),#1487);
#1484 = B_SPLINE_CURVE_WITH_KNOTS('',1,(#1485,#1486),.UNSPECIFIED.,.F.,
  .F.,(2,2),(-9.,-3.75),.PIECEWISE_BEZIER_KNOTS.);
#1485 = CARTESIAN_POINT('',(11.25,-20.7));
#1486 = CARTESIAN_POINT('',(6.,-20.7));
#1487 = ( GEOMETRIC_REPRESENTATION_CONTEXT(2) 
PARAMETRIC_REPRESENTATION_CONTEXT() REPRESENTATION_CONTEXT('2D SPACE',''
  ) );
#1488 = PCURVE('',#1489,#1494);
#1489 = PLANE('',#1490);
#1490 = AXIS2_PLACEMENT_3D('',#1491,#1492,#1493);
#1491 = CARTESIAN_POINT('',(-15.,-36.35,39.5));
#1492 = DIRECTION('',(0.,1.,0.));
#1493 = DIRECTION('',(0.,-0.,1.));
#1494 = DEFINITIONAL_REPRESENTATION('',(#1495),#1499);
#1495 = LINE('',#1496,#1497);
#1496 = CARTESIAN_POINT('',(2.25,-3.));
#1497 = VECTOR('',#1498,1.);
#1498 = DIRECTION('',(1.,0.));
#1499 = ( GEOMETRIC_REPRESENTATION_CONTEXT(2) 
PARAMETRIC_REPRESENTATION_CONTEXT() REPRESENTATION_CONTEXT('2D SPACE',''
  ) );
#1500 = ORIENTED_EDGE('',*,*,#1501,.T.);
#1501 = EDGE_CURVE('',#1475,#982,#1502,.T.);
#1502 = SURFACE_CURVE('',#1503,(#1507,#1514),.PCURVE_S1.);
#1503 = LINE('',#1504,#1505);
#1504 = CARTESIAN_POINT('',(-18.,-15.65,38.));
#1505 = VECTOR('',#1506,1.);
#1506 = DIRECTION('',(0.,-1.,0.));
#1507 = PCURVE('',#419,#1508);
#1508 = DEFINITIONAL_REPRESENTATION('',(#1509),#1513);
#1509 = LINE('',#1510,#1511);
#1510 = CARTESIAN_POINT('',(6.,0.));
#1511 = VECTOR('',#1512,1.);
#1512 = DIRECTION('',(0.,-1.));
#1513 = ( GEOMETRIC_REPRESENTATION_CONTEXT(2) 
PARAMETRIC_REPRESENTATION_CONTEXT() REPRESENTATION_CONTEXT('2D SPACE',''
  ) );
#1514 = PCURVE('',#998,#1515);
#1515 = DEFINITIONAL_REPRESENTATION('',(#1516),#1520);
#1516 = LINE('',#1517,#1518);
#1517 = CARTESIAN_POINT('',(1.570796326795,0.));
#1518 = VECTOR('',#1519,1.);
#1519 = DIRECTION('',(0.,1.));
#1520 = ( GEOMETRIC_REPRESENTATION_CONTEXT(2) 
PARAMETRIC_REPRESENTATION_CONTEXT() REPRESENTATION_CONTEXT('2D SPACE',''
  ) );
#1521 = ORIENTED_EDGE('',*,*,#1010,.T.);
#1522 = ORIENTED_EDGE('',*,*,#1372,.F.);
#1523 = ORIENTED_EDGE('',*,*,#1524,.F.);
#1524 = EDGE_CURVE('',#1525,#1123,#1527,.T.);
#1525 = VERTEX_POINT('',#1526);
#1526 = CARTESIAN_POINT('',(-18.,-30.,18.35));
#1527 = SURFACE_CURVE('',#1528,(#1533,#1540),.PCURVE_S1.);
#1528 = CIRCLE('',#1529,2.85);
#1529 = AXIS2_PLACEMENT_3D('',#1530,#1531,#1532);
#1530 = CARTESIAN_POINT('',(-18.,-30.,15.5));
#1531 = DIRECTION('',(1.,0.,0.));
#1532 = DIRECTION('',(-0.,0.,1.));
#1533 = PCURVE('',#419,#1534);
#1534 = DEFINITIONAL_REPRESENTATION('',(#1535),#1539);
#1535 = CIRCLE('',#1536,2.85);
#1536 = AXIS2_PLACEMENT_2D('',#1537,#1538);
#1537 = CARTESIAN_POINT('',(28.5,-14.35));
#1538 = DIRECTION('',(-1.,0.));
#1539 = ( GEOMETRIC_REPRESENTATION_CONTEXT(2) 
PARAMETRIC_REPRESENTATION_CONTEXT() REPRESENTATION_CONTEXT('2D SPACE',''
  ) );
#1540 = PCURVE('',#1286,#1541);
#1541 = DEFINITIONAL_REPRESENTATION('',(#1542),#1546);
#1542 = LINE('',#1543,#1544);
#1543 = CARTESIAN_POINT('',(0.,0.5));
#1544 = VECTOR('',#1545,1.);
#1545 = DIRECTION('',(1.,0.));
#1546 = ( GEOMETRIC_REPRESENTATION_CONTEXT(2) 
PARAMETRIC_REPRESENTATION_CONTEXT() REPRESENTATION_CONTEXT('2D SPACE',''
  ) );
#1547 = ORIENTED_EDGE('',*,*,#1548,.F.);
#1548 = EDGE_CURVE('',#1100,#1525,#1549,.T.);
#1549 = SURFACE_CURVE('',#1550,(#1555,#1562),.PCURVE_S1.);
#1550 = CIRCLE('',#1551,2.85);
#1551 = AXIS2_PLACEMENT_3D('',#1552,#1553,#1554);
#1552 = CARTESIAN_POINT('',(-18.,-30.,15.5));
#1553 = DIRECTION('',(1.,0.,0.));
#1554 = DIRECTION('',(-0.,0.,1.));
#1555 = PCURVE('',#419,#1556);
#1556 = DEFINITIONAL_REPRESENTATION('',(#1557),#1561);
#1557 = CIRCLE('',#1558,2.85);
#1558 = AXIS2_PLACEMENT_2D('',#1559,#1560);
#1559 = CARTESIAN_POINT('',(28.5,-14.35));
#1560 = DIRECTION('',(-1.,0.));
#1561 = ( GEOMETRIC_REPRESENTATION_CONTEXT(2) 
PARAMETRIC_REPRESENTATION_CONTEXT() REPRESENTATION_CONTEXT('2D SPACE',''
  ) );
#1562 = PCURVE('',#1286,#1563);
#1563 = DEFINITIONAL_REPRESENTATION('',(#1564),#1568);
#1564 = LINE('',#1565,#1566);
#1565 = CARTESIAN_POINT('',(0.,0.5));
#1566 = VECTOR('',#1567,1.);
#1567 = DIRECTION('',(1.,0.));
#1568 = ( GEOMETRIC_REPRESENTATION_CONTEXT(2) 
PARAMETRIC_REPRESENTATION_CONTEXT() REPRESENTATION_CONTEXT('2D SPACE',''
  ) );
#1569 = ORIENTED_EDGE('',*,*,#1099,.F.);
#1570 = ADVANCED_FACE('',(#1571),#305,.F.);
#1571 = FACE_BOUND('',#1572,.F.);
#1572 = EDGE_LOOP('',(#1573,#1574,#1575,#1576,#1577,#1578,#1601,#1623,
    #1649,#1671));
#1573 = ORIENTED_EDGE('',*,*,#289,.F.);
#1574 = ORIENTED_EDGE('',*,*,#497,.T.);
#1575 = ORIENTED_EDGE('',*,*,#782,.F.);
#1576 = ORIENTED_EDGE('',*,*,#851,.T.);
#1577 = ORIENTED_EDGE('',*,*,#901,.T.);
#1578 = ORIENTED_EDGE('',*,*,#1579,.F.);
#1579 = EDGE_CURVE('',#1580,#902,#1582,.T.);
#1580 = VERTEX_POINT('',#1581);
#1581 = CARTESIAN_POINT('',(8.881784197001E-16,-36.35,38.));
#1582 = SURFACE_CURVE('',#1583,(#1587,#1594),.PCURVE_S1.);
#1583 = LINE('',#1584,#1585);
#1584 = CARTESIAN_POINT('',(8.881784197001E-16,-15.65,38.));
#1585 = VECTOR('',#1586,1.);
#1586 = DIRECTION('',(0.,-1.,0.));
#1587 = PCURVE('',#305,#1588);
#1588 = DEFINITIONAL_REPRESENTATION('',(#1589),#1593);
#1589 = LINE('',#1590,#1591);
#1590 = CARTESIAN_POINT('',(27.,0.));
#1591 = VECTOR('',#1592,1.);
#1592 = DIRECTION('',(0.,-1.));
#1593 = ( GEOMETRIC_REPRESENTATION_CONTEXT(2) 
PARAMETRIC_REPRESENTATION_CONTEXT() REPRESENTATION_CONTEXT('2D SPACE',''
  ) );
#1594 = PCURVE('',#941,#1595);
#1595 = DEFINITIONAL_REPRESENTATION('',(#1596),#1600);
#1596 = LINE('',#1597,#1598);
#1597 = CARTESIAN_POINT('',(0.,0.));
#1598 = VECTOR('',#1599,1.);
#1599 = DIRECTION('',(0.,1.));
#1600 = ( GEOMETRIC_REPRESENTATION_CONTEXT(2) 
PARAMETRIC_REPRESENTATION_CONTEXT() REPRESENTATION_CONTEXT('2D SPACE',''
  ) );
#1601 = ORIENTED_EDGE('',*,*,#1602,.F.);
#1602 = EDGE_CURVE('',#1603,#1580,#1605,.T.);
#1603 = VERTEX_POINT('',#1604);
#1604 = CARTESIAN_POINT('',(0.,-36.35,32.75));
#1605 = SURFACE_CURVE('',#1606,(#1610,#1616),.PCURVE_S1.);
#1606 = LINE('',#1607,#1608);
#1607 = CARTESIAN_POINT('',(0.,-36.35,25.25));
#1608 = VECTOR('',#1609,1.);
#1609 = DIRECTION('',(0.,-0.,1.));
#1610 = PCURVE('',#305,#1611);
#1611 = DEFINITIONAL_REPRESENTATION('',(#1612),#1615);
#1612 = B_SPLINE_CURVE_WITH_KNOTS('',1,(#1613,#1614),.UNSPECIFIED.,.F.,
  .F.,(2,2),(7.5,12.75),.PIECEWISE_BEZIER_KNOTS.);
#1613 = CARTESIAN_POINT('',(21.75,-20.7));
#1614 = CARTESIAN_POINT('',(27.,-20.7));
#1615 = ( GEOMETRIC_REPRESENTATION_CONTEXT(2) 
PARAMETRIC_REPRESENTATION_CONTEXT() REPRESENTATION_CONTEXT('2D SPACE',''
  ) );
#1616 = PCURVE('',#1489,#1617);
#1617 = DEFINITIONAL_REPRESENTATION('',(#1618),#1622);
#1618 = LINE('',#1619,#1620);
#1619 = CARTESIAN_POINT('',(-14.25,15.));
#1620 = VECTOR('',#1621,1.);
#1621 = DIRECTION('',(1.,0.));
#1622 = ( GEOMETRIC_REPRESENTATION_CONTEXT(2) 
PARAMETRIC_REPRESENTATION_CONTEXT() REPRESENTATION_CONTEXT('2D SPACE',''
  ) );
#1623 = ORIENTED_EDGE('',*,*,#1624,.T.);
#1624 = EDGE_CURVE('',#1603,#1625,#1627,.T.);
#1625 = VERTEX_POINT('',#1626);
#1626 = CARTESIAN_POINT('',(0.,-23.65,32.75));
#1627 = SURFACE_CURVE('',#1628,(#1632,#1638),.PCURVE_S1.);
#1628 = LINE('',#1629,#1630);
#1629 = CARTESIAN_POINT('',(0.,-19.65,32.75));
#1630 = VECTOR('',#1631,1.);
#1631 = DIRECTION('',(0.,1.,0.));
#1632 = PCURVE('',#305,#1633);
#1633 = DEFINITIONAL_REPRESENTATION('',(#1634),#1637);
#1634 = B_SPLINE_CURVE_WITH_KNOTS('',1,(#1635,#1636),.UNSPECIFIED.,.F.,
  .F.,(2,2),(-16.7,-4.),.PIECEWISE_BEZIER_KNOTS.);
#1635 = CARTESIAN_POINT('',(21.75,-20.7));
#1636 = CARTESIAN_POINT('',(21.75,-8.));
#1637 = ( GEOMETRIC_REPRESENTATION_CONTEXT(2) 
PARAMETRIC_REPRESENTATION_CONTEXT() REPRESENTATION_CONTEXT('2D SPACE',''
  ) );
#1638 = PCURVE('',#1639,#1644);
#1639 = PLANE('',#1640);
#1640 = AXIS2_PLACEMENT_3D('',#1641,#1642,#1643);
#1641 = CARTESIAN_POINT('',(-15.,-23.65,32.75));
#1642 = DIRECTION('',(-0.,0.,1.));
#1643 = DIRECTION('',(1.,0.,0.));
#1644 = DEFINITIONAL_REPRESENTATION('',(#1645),#1648);
#1645 = B_SPLINE_CURVE_WITH_KNOTS('',1,(#1646,#1647),.UNSPECIFIED.,.F.,
  .F.,(2,2),(-16.7,-4.),.PIECEWISE_BEZIER_KNOTS.);
#1646 = CARTESIAN_POINT('',(15.,-12.7));
#1647 = CARTESIAN_POINT('',(15.,0.));
#1648 = ( GEOMETRIC_REPRESENTATION_CONTEXT(2) 
PARAMETRIC_REPRESENTATION_CONTEXT() REPRESENTATION_CONTEXT('2D SPACE',''
  ) );
#1649 = ORIENTED_EDGE('',*,*,#1650,.T.);
#1650 = EDGE_CURVE('',#1625,#1651,#1653,.T.);
#1651 = VERTEX_POINT('',#1652);
#1652 = CARTESIAN_POINT('',(8.881784197001E-16,-23.65,38.));
#1653 = SURFACE_CURVE('',#1654,(#1658,#1664),.PCURVE_S1.);
#1654 = LINE('',#1655,#1656);
#1655 = CARTESIAN_POINT('',(0.,-23.65,25.25));
#1656 = VECTOR('',#1657,1.);
#1657 = DIRECTION('',(0.,-0.,1.));
#1658 = PCURVE('',#305,#1659);
#1659 = DEFINITIONAL_REPRESENTATION('',(#1660),#1663);
#1660 = B_SPLINE_CURVE_WITH_KNOTS('',1,(#1661,#1662),.UNSPECIFIED.,.F.,
  .F.,(2,2),(7.5,12.75),.PIECEWISE_BEZIER_KNOTS.);
#1661 = CARTESIAN_POINT('',(21.75,-8.));
#1662 = CARTESIAN_POINT('',(27.,-8.));
#1663 = ( GEOMETRIC_REPRESENTATION_CONTEXT(2) 
PARAMETRIC_REPRESENTATION_CONTEXT() REPRESENTATION_CONTEXT('2D SPACE',''
  ) );
#1664 = PCURVE('',#1436,#1665);
#1665 = DEFINITIONAL_REPRESENTATION('',(#1666),#1670);
#1666 = LINE('',#1667,#1668);
#1667 = CARTESIAN_POINT('',(-14.25,15.));
#1668 = VECTOR('',#1669,1.);
#1669 = DIRECTION('',(1.,0.));
#1670 = ( GEOMETRIC_REPRESENTATION_CONTEXT(2) 
PARAMETRIC_REPRESENTATION_CONTEXT() REPRESENTATION_CONTEXT('2D SPACE',''
  ) );
#1671 = ORIENTED_EDGE('',*,*,#1672,.F.);
#1672 = EDGE_CURVE('',#290,#1651,#1673,.T.);
#1673 = SURFACE_CURVE('',#1674,(#1678,#1685),.PCURVE_S1.);
#1674 = LINE('',#1675,#1676);
#1675 = CARTESIAN_POINT('',(8.881784197001E-16,-15.65,38.));
#1676 = VECTOR('',#1677,1.);
#1677 = DIRECTION('',(0.,-1.,0.));
#1678 = PCURVE('',#305,#1679);
#1679 = DEFINITIONAL_REPRESENTATION('',(#1680),#1684);
#1680 = LINE('',#1681,#1682);
#1681 = CARTESIAN_POINT('',(27.,0.));
#1682 = VECTOR('',#1683,1.);
#1683 = DIRECTION('',(0.,-1.));
#1684 = ( GEOMETRIC_REPRESENTATION_CONTEXT(2) 
PARAMETRIC_REPRESENTATION_CONTEXT() REPRESENTATION_CONTEXT('2D SPACE',''
  ) );
#1685 = PCURVE('',#334,#1686);
#1686 = DEFINITIONAL_REPRESENTATION('',(#1687),#1691);
#1687 = LINE('',#1688,#1689);
#1688 = CARTESIAN_POINT('',(0.,0.));
#1689 = VECTOR('',#1690,1.);
#1690 = DIRECTION('',(0.,1.));
#1691 = ( GEOMETRIC_REPRESENTATION_CONTEXT(2) 
PARAMETRIC_REPRESENTATION_CONTEXT() REPRESENTATION_CONTEXT('2D SPACE',''
  ) );
#1692 = ADVANCED_FACE('',(#1693),#391,.T.);
#1693 = FACE_BOUND('',#1694,.T.);
#1694 = EDGE_LOOP('',(#1695,#1718,#1719,#1720));
#1695 = ORIENTED_EDGE('',*,*,#1696,.F.);
#1696 = EDGE_CURVE('',#347,#1697,#1699,.T.);
#1697 = VERTEX_POINT('',#1698);
#1698 = CARTESIAN_POINT('',(-12.,-23.65,44.));
#1699 = SURFACE_CURVE('',#1700,(#1704,#1711),.PCURVE_S1.);
#1700 = LINE('',#1701,#1702);
#1701 = CARTESIAN_POINT('',(-12.,-15.65,44.));
#1702 = VECTOR('',#1703,1.);
#1703 = DIRECTION('',(0.,-1.,0.));
#1704 = PCURVE('',#391,#1705);
#1705 = DEFINITIONAL_REPRESENTATION('',(#1706),#1710);
#1706 = LINE('',#1707,#1708);
#1707 = CARTESIAN_POINT('',(0.,0.));
#1708 = VECTOR('',#1709,1.);
#1709 = DIRECTION('',(0.,1.));
#1710 = ( GEOMETRIC_REPRESENTATION_CONTEXT(2) 
PARAMETRIC_REPRESENTATION_CONTEXT() REPRESENTATION_CONTEXT('2D SPACE',''
  ) );
#1711 = PCURVE('',#362,#1712);
#1712 = DEFINITIONAL_REPRESENTATION('',(#1713),#1717);
#1713 = LINE('',#1714,#1715);
#1714 = CARTESIAN_POINT('',(12.,0.));
#1715 = VECTOR('',#1716,1.);
#1716 = DIRECTION('',(0.,-1.));
#1717 = ( GEOMETRIC_REPRESENTATION_CONTEXT(2) 
PARAMETRIC_REPRESENTATION_CONTEXT() REPRESENTATION_CONTEXT('2D SPACE',''
  ) );
#1718 = ORIENTED_EDGE('',*,*,#374,.T.);
#1719 = ORIENTED_EDGE('',*,*,#1398,.T.);
#1720 = ORIENTED_EDGE('',*,*,#1721,.T.);
#1721 = EDGE_CURVE('',#1399,#1697,#1722,.T.);
#1722 = SURFACE_CURVE('',#1723,(#1728,#1735),.PCURVE_S1.);
#1723 = CIRCLE('',#1724,6.);
#1724 = AXIS2_PLACEMENT_3D('',#1725,#1726,#1727);
#1725 = CARTESIAN_POINT('',(-12.,-23.65,38.));
#1726 = DIRECTION('',(0.,1.,0.));
#1727 = DIRECTION('',(-1.,0.,0.));
#1728 = PCURVE('',#391,#1729);
#1729 = DEFINITIONAL_REPRESENTATION('',(#1730),#1734);
#1730 = LINE('',#1731,#1732);
#1731 = CARTESIAN_POINT('',(1.570796326795,8.));
#1732 = VECTOR('',#1733,1.);
#1733 = DIRECTION('',(-1.,-0.));
#1734 = ( GEOMETRIC_REPRESENTATION_CONTEXT(2) 
PARAMETRIC_REPRESENTATION_CONTEXT() REPRESENTATION_CONTEXT('2D SPACE',''
  ) );
#1735 = PCURVE('',#1436,#1736);
#1736 = DEFINITIONAL_REPRESENTATION('',(#1737),#1741);
#1737 = CIRCLE('',#1738,6.);
#1738 = AXIS2_PLACEMENT_2D('',#1739,#1740);
#1739 = CARTESIAN_POINT('',(-1.5,3.));
#1740 = DIRECTION('',(0.,-1.));
#1741 = ( GEOMETRIC_REPRESENTATION_CONTEXT(2) 
PARAMETRIC_REPRESENTATION_CONTEXT() REPRESENTATION_CONTEXT('2D SPACE',''
  ) );
#1742 = ADVANCED_FACE('',(#1743),#334,.T.);
#1743 = FACE_BOUND('',#1744,.T.);
#1744 = EDGE_LOOP('',(#1745,#1746,#1747,#1770));
#1745 = ORIENTED_EDGE('',*,*,#1672,.F.);
#1746 = ORIENTED_EDGE('',*,*,#317,.T.);
#1747 = ORIENTED_EDGE('',*,*,#1748,.T.);
#1748 = EDGE_CURVE('',#318,#1749,#1751,.T.);
#1749 = VERTEX_POINT('',#1750);
#1750 = CARTESIAN_POINT('',(-6.,-23.65,44.));
#1751 = SURFACE_CURVE('',#1752,(#1756,#1763),.PCURVE_S1.);
#1752 = LINE('',#1753,#1754);
#1753 = CARTESIAN_POINT('',(-6.,-15.65,44.));
#1754 = VECTOR('',#1755,1.);
#1755 = DIRECTION('',(0.,-1.,0.));
#1756 = PCURVE('',#334,#1757);
#1757 = DEFINITIONAL_REPRESENTATION('',(#1758),#1762);
#1758 = LINE('',#1759,#1760);
#1759 = CARTESIAN_POINT('',(1.570796326795,0.));
#1760 = VECTOR('',#1761,1.);
#1761 = DIRECTION('',(0.,1.));
#1762 = ( GEOMETRIC_REPRESENTATION_CONTEXT(2) 
PARAMETRIC_REPRESENTATION_CONTEXT() REPRESENTATION_CONTEXT('2D SPACE',''
  ) );
#1763 = PCURVE('',#362,#1764);
#1764 = DEFINITIONAL_REPRESENTATION('',(#1765),#1769);
#1765 = LINE('',#1766,#1767);
#1766 = CARTESIAN_POINT('',(6.,0.));
#1767 = VECTOR('',#1768,1.);
#1768 = DIRECTION('',(0.,-1.));
#1769 = ( GEOMETRIC_REPRESENTATION_CONTEXT(2) 
PARAMETRIC_REPRESENTATION_CONTEXT() REPRESENTATION_CONTEXT('2D SPACE',''
  ) );
#1770 = ORIENTED_EDGE('',*,*,#1771,.F.);
#1771 = EDGE_CURVE('',#1651,#1749,#1772,.T.);
#1772 = SURFACE_CURVE('',#1773,(#1778,#1785),.PCURVE_S1.);
#1773 = CIRCLE('',#1774,6.);
#1774 = AXIS2_PLACEMENT_3D('',#1775,#1776,#1777);
#1775 = CARTESIAN_POINT('',(-6.,-23.65,38.));
#1776 = DIRECTION('',(0.,-1.,0.));
#1777 = DIRECTION('',(1.,0.,0.));
#1778 = PCURVE('',#334,#1779);
#1779 = DEFINITIONAL_REPRESENTATION('',(#1780),#1784);
#1780 = LINE('',#1781,#1782);
#1781 = CARTESIAN_POINT('',(0.,8.));
#1782 = VECTOR('',#1783,1.);
#1783 = DIRECTION('',(1.,0.));
#1784 = ( GEOMETRIC_REPRESENTATION_CONTEXT(2) 
PARAMETRIC_REPRESENTATION_CONTEXT() REPRESENTATION_CONTEXT('2D SPACE',''
  ) );
#1785 = PCURVE('',#1436,#1786);
#1786 = DEFINITIONAL_REPRESENTATION('',(#1787),#1795);
#1787 = ( BOUNDED_CURVE() B_SPLINE_CURVE(2,(#1788,#1789,#1790,#1791,
#1792,#1793,#1794),.UNSPECIFIED.,.T.,.F.) B_SPLINE_CURVE_WITH_KNOTS((1,2
    ,2,2,2,1),(-2.094395102393,0.,2.094395102393,4.188790204786,
6.28318530718,8.377580409573),.UNSPECIFIED.) CURVE() 
GEOMETRIC_REPRESENTATION_ITEM() RATIONAL_B_SPLINE_CURVE((1.,0.5,1.,0.5,
1.,0.5,1.)) REPRESENTATION_ITEM('') );
#1788 = CARTESIAN_POINT('',(-1.5,15.));
#1789 = CARTESIAN_POINT('',(8.892304845413,15.));
#1790 = CARTESIAN_POINT('',(3.696152422707,6.));
#1791 = CARTESIAN_POINT('',(-1.5,-3.));
#1792 = CARTESIAN_POINT('',(-6.696152422707,6.));
#1793 = CARTESIAN_POINT('',(-11.89230484541,15.));
#1794 = CARTESIAN_POINT('',(-1.5,15.));
#1795 = ( GEOMETRIC_REPRESENTATION_CONTEXT(2) 
PARAMETRIC_REPRESENTATION_CONTEXT() REPRESENTATION_CONTEXT('2D SPACE',''
  ) );
#1796 = ADVANCED_FACE('',(#1797),#362,.F.);
#1797 = FACE_BOUND('',#1798,.F.);
#1798 = EDGE_LOOP('',(#1799,#1800,#1801,#1822));
#1799 = ORIENTED_EDGE('',*,*,#346,.F.);
#1800 = ORIENTED_EDGE('',*,*,#1748,.T.);
#1801 = ORIENTED_EDGE('',*,*,#1802,.F.);
#1802 = EDGE_CURVE('',#1697,#1749,#1803,.T.);
#1803 = SURFACE_CURVE('',#1804,(#1808,#1815),.PCURVE_S1.);
#1804 = LINE('',#1805,#1806);
#1805 = CARTESIAN_POINT('',(-12.,-23.65,44.));
#1806 = VECTOR('',#1807,1.);
#1807 = DIRECTION('',(1.,5.921189464668E-16,0.));
#1808 = PCURVE('',#362,#1809);
#1809 = DEFINITIONAL_REPRESENTATION('',(#1810),#1814);
#1810 = LINE('',#1811,#1812);
#1811 = CARTESIAN_POINT('',(12.,-8.));
#1812 = VECTOR('',#1813,1.);
#1813 = DIRECTION('',(-1.,5.921189464668E-16));
#1814 = ( GEOMETRIC_REPRESENTATION_CONTEXT(2) 
PARAMETRIC_REPRESENTATION_CONTEXT() REPRESENTATION_CONTEXT('2D SPACE',''
  ) );
#1815 = PCURVE('',#1436,#1816);
#1816 = DEFINITIONAL_REPRESENTATION('',(#1817),#1821);
#1817 = LINE('',#1818,#1819);
#1818 = CARTESIAN_POINT('',(4.5,3.));
#1819 = VECTOR('',#1820,1.);
#1820 = DIRECTION('',(0.,1.));
#1821 = ( GEOMETRIC_REPRESENTATION_CONTEXT(2) 
PARAMETRIC_REPRESENTATION_CONTEXT() REPRESENTATION_CONTEXT('2D SPACE',''
  ) );
#1822 = ORIENTED_EDGE('',*,*,#1696,.F.);
#1823 = ADVANCED_FACE('',(#1824),#480,.F.);
#1824 = FACE_BOUND('',#1825,.F.);
#1825 = EDGE_LOOP('',(#1826,#1827,#1850,#1877));
#1826 = ORIENTED_EDGE('',*,*,#459,.F.);
#1827 = ORIENTED_EDGE('',*,*,#1828,.F.);
#1828 = EDGE_CURVE('',#1829,#460,#1831,.T.);
#1829 = VERTEX_POINT('',#1830);
#1830 = CARTESIAN_POINT('',(-15.,-21.65,41.5));
#1831 = SEAM_CURVE('',#1832,(#1836,#1843),.PCURVE_S1.);
#1832 = LINE('',#1833,#1834);
#1833 = CARTESIAN_POINT('',(-15.,-21.65,41.5));
#1834 = VECTOR('',#1835,1.);
#1835 = DIRECTION('',(0.,1.,0.));
#1836 = PCURVE('',#480,#1837);
#1837 = DEFINITIONAL_REPRESENTATION('',(#1838),#1842);
#1838 = LINE('',#1839,#1840);
#1839 = CARTESIAN_POINT('',(6.28318530718,-0.));
#1840 = VECTOR('',#1841,1.);
#1841 = DIRECTION('',(0.,1.));
#1842 = ( GEOMETRIC_REPRESENTATION_CONTEXT(2) 
PARAMETRIC_REPRESENTATION_CONTEXT() REPRESENTATION_CONTEXT('2D SPACE',''
  ) );
#1843 = PCURVE('',#480,#1844);
#1844 = DEFINITIONAL_REPRESENTATION('',(#1845),#1849);
#1845 = LINE('',#1846,#1847);
#1846 = CARTESIAN_POINT('',(0.,-0.));
#1847 = VECTOR('',#1848,1.);
#1848 = DIRECTION('',(0.,1.));
#1849 = ( GEOMETRIC_REPRESENTATION_CONTEXT(2) 
PARAMETRIC_REPRESENTATION_CONTEXT() REPRESENTATION_CONTEXT('2D SPACE',''
  ) );
#1850 = ORIENTED_EDGE('',*,*,#1851,.T.);
#1851 = EDGE_CURVE('',#1829,#1829,#1852,.T.);
#1852 = SURFACE_CURVE('',#1853,(#1858,#1865),.PCURVE_S1.);
#1853 = CIRCLE('',#1854,2.);
#1854 = AXIS2_PLACEMENT_3D('',#1855,#1856,#1857);
#1855 = CARTESIAN_POINT('',(-15.,-21.65,39.5));
#1856 = DIRECTION('',(0.,1.,0.));
#1857 = DIRECTION('',(0.,-0.,1.));
#1858 = PCURVE('',#480,#1859);
#1859 = DEFINITIONAL_REPRESENTATION('',(#1860),#1864);
#1860 = LINE('',#1861,#1862);
#1861 = CARTESIAN_POINT('',(0.,0.));
#1862 = VECTOR('',#1863,1.);
#1863 = DIRECTION('',(1.,0.));
#1864 = ( GEOMETRIC_REPRESENTATION_CONTEXT(2) 
PARAMETRIC_REPRESENTATION_CONTEXT() REPRESENTATION_CONTEXT('2D SPACE',''
  ) );
#1865 = PCURVE('',#1866,#1871);
#1866 = PLANE('',#1867);
#1867 = AXIS2_PLACEMENT_3D('',#1868,#1869,#1870);
#1868 = CARTESIAN_POINT('',(-15.,-21.65,39.5));
#1869 = DIRECTION('',(0.,1.,0.));
#1870 = DIRECTION('',(0.,-0.,1.));
#1871 = DEFINITIONAL_REPRESENTATION('',(#1872),#1876);
#1872 = CIRCLE('',#1873,2.);
#1873 = AXIS2_PLACEMENT_2D('',#1874,#1875);
#1874 = CARTESIAN_POINT('',(0.,0.));
#1875 = DIRECTION('',(1.,0.));
#1876 = ( GEOMETRIC_REPRESENTATION_CONTEXT(2) 
PARAMETRIC_REPRESENTATION_CONTEXT() REPRESENTATION_CONTEXT('2D SPACE',''
  ) );
#1877 = ORIENTED_EDGE('',*,*,#1828,.T.);
#1878 = ADVANCED_FACE('',(#1879),#834,.F.);
#1879 = FACE_BOUND('',#1880,.F.);
#1880 = EDGE_LOOP('',(#1881,#1904,#1905,#1906));
#1881 = ORIENTED_EDGE('',*,*,#1882,.T.);
#1882 = EDGE_CURVE('',#1883,#814,#1885,.T.);
#1883 = VERTEX_POINT('',#1884);
#1884 = CARTESIAN_POINT('',(-15.3,-30.,17.2));
#1885 = SEAM_CURVE('',#1886,(#1890,#1897),.PCURVE_S1.);
#1886 = LINE('',#1887,#1888);
#1887 = CARTESIAN_POINT('',(-19.,-30.,17.2));
#1888 = VECTOR('',#1889,1.);
#1889 = DIRECTION('',(1.,0.,0.));
#1890 = PCURVE('',#834,#1891);
#1891 = DEFINITIONAL_REPRESENTATION('',(#1892),#1896);
#1892 = LINE('',#1893,#1894);
#1893 = CARTESIAN_POINT('',(6.28318530718,-0.));
#1894 = VECTOR('',#1895,1.);
#1895 = DIRECTION('',(0.,1.));
#1896 = ( GEOMETRIC_REPRESENTATION_CONTEXT(2) 
PARAMETRIC_REPRESENTATION_CONTEXT() REPRESENTATION_CONTEXT('2D SPACE',''
  ) );
#1897 = PCURVE('',#834,#1898);
#1898 = DEFINITIONAL_REPRESENTATION('',(#1899),#1903);
#1899 = LINE('',#1900,#1901);
#1900 = CARTESIAN_POINT('',(0.,-0.));
#1901 = VECTOR('',#1902,1.);
#1902 = DIRECTION('',(0.,1.));
#1903 = ( GEOMETRIC_REPRESENTATION_CONTEXT(2) 
PARAMETRIC_REPRESENTATION_CONTEXT() REPRESENTATION_CONTEXT('2D SPACE',''
  ) );
#1904 = ORIENTED_EDGE('',*,*,#813,.F.);
#1905 = ORIENTED_EDGE('',*,*,#1882,.F.);
#1906 = ORIENTED_EDGE('',*,*,#1907,.T.);
#1907 = EDGE_CURVE('',#1883,#1883,#1908,.T.);
#1908 = SURFACE_CURVE('',#1909,(#1914,#1921),.PCURVE_S1.);
#1909 = CIRCLE('',#1910,1.7);
#1910 = AXIS2_PLACEMENT_3D('',#1911,#1912,#1913);
#1911 = CARTESIAN_POINT('',(-15.3,-30.,15.5));
#1912 = DIRECTION('',(1.,0.,0.));
#1913 = DIRECTION('',(-0.,0.,1.));
#1914 = PCURVE('',#834,#1915);
#1915 = DEFINITIONAL_REPRESENTATION('',(#1916),#1920);
#1916 = LINE('',#1917,#1918);
#1917 = CARTESIAN_POINT('',(0.,3.7));
#1918 = VECTOR('',#1919,1.);
#1919 = DIRECTION('',(1.,0.));
#1920 = ( GEOMETRIC_REPRESENTATION_CONTEXT(2) 
PARAMETRIC_REPRESENTATION_CONTEXT() REPRESENTATION_CONTEXT('2D SPACE',''
  ) );
#1921 = PCURVE('',#1922,#1927);
#1922 = PLANE('',#1923);
#1923 = AXIS2_PLACEMENT_3D('',#1924,#1925,#1926);
#1924 = CARTESIAN_POINT('',(-15.3,-30.,15.5));
#1925 = DIRECTION('',(1.,0.,0.));
#1926 = DIRECTION('',(-0.,0.,1.));
#1927 = DEFINITIONAL_REPRESENTATION('',(#1928),#1932);
#1928 = CIRCLE('',#1929,1.7);
#1929 = AXIS2_PLACEMENT_2D('',#1930,#1931);
#1930 = CARTESIAN_POINT('',(0.,0.));
#1931 = DIRECTION('',(1.,0.));
#1932 = ( GEOMETRIC_REPRESENTATION_CONTEXT(2) 
PARAMETRIC_REPRESENTATION_CONTEXT() REPRESENTATION_CONTEXT('2D SPACE',''
  ) );
#1933 = ADVANCED_FACE('',(#1934),#998,.T.);
#1934 = FACE_BOUND('',#1935,.T.);
#1935 = EDGE_LOOP('',(#1936,#1959,#1985,#1986));
#1936 = ORIENTED_EDGE('',*,*,#1937,.F.);
#1937 = EDGE_CURVE('',#1938,#954,#1940,.T.);
#1938 = VERTEX_POINT('',#1939);
#1939 = CARTESIAN_POINT('',(-12.,-36.35,44.));
#1940 = SURFACE_CURVE('',#1941,(#1945,#1952),.PCURVE_S1.);
#1941 = LINE('',#1942,#1943);
#1942 = CARTESIAN_POINT('',(-12.,-15.65,44.));
#1943 = VECTOR('',#1944,1.);
#1944 = DIRECTION('',(0.,-1.,0.));
#1945 = PCURVE('',#998,#1946);
#1946 = DEFINITIONAL_REPRESENTATION('',(#1947),#1951);
#1947 = LINE('',#1948,#1949);
#1948 = CARTESIAN_POINT('',(0.,0.));
#1949 = VECTOR('',#1950,1.);
#1950 = DIRECTION('',(0.,1.));
#1951 = ( GEOMETRIC_REPRESENTATION_CONTEXT(2) 
PARAMETRIC_REPRESENTATION_CONTEXT() REPRESENTATION_CONTEXT('2D SPACE',''
  ) );
#1952 = PCURVE('',#969,#1953);
#1953 = DEFINITIONAL_REPRESENTATION('',(#1954),#1958);
#1954 = LINE('',#1955,#1956);
#1955 = CARTESIAN_POINT('',(12.,0.));
#1956 = VECTOR('',#1957,1.);
#1957 = DIRECTION('',(0.,-1.));
#1958 = ( GEOMETRIC_REPRESENTATION_CONTEXT(2) 
PARAMETRIC_REPRESENTATION_CONTEXT() REPRESENTATION_CONTEXT('2D SPACE',''
  ) );
#1959 = ORIENTED_EDGE('',*,*,#1960,.T.);
#1960 = EDGE_CURVE('',#1938,#1475,#1961,.T.);
#1961 = SURFACE_CURVE('',#1962,(#1967,#1974),.PCURVE_S1.);
#1962 = CIRCLE('',#1963,6.);
#1963 = AXIS2_PLACEMENT_3D('',#1964,#1965,#1966);
#1964 = CARTESIAN_POINT('',(-12.,-36.35,38.));
#1965 = DIRECTION('',(0.,-1.,0.));
#1966 = DIRECTION('',(0.,0.,1.));
#1967 = PCURVE('',#998,#1968);
#1968 = DEFINITIONAL_REPRESENTATION('',(#1969),#1973);
#1969 = LINE('',#1970,#1971);
#1970 = CARTESIAN_POINT('',(0.,20.7));
#1971 = VECTOR('',#1972,1.);
#1972 = DIRECTION('',(1.,0.));
#1973 = ( GEOMETRIC_REPRESENTATION_CONTEXT(2) 
PARAMETRIC_REPRESENTATION_CONTEXT() REPRESENTATION_CONTEXT('2D SPACE',''
  ) );
#1974 = PCURVE('',#1489,#1975);
#1975 = DEFINITIONAL_REPRESENTATION('',(#1976),#1984);
#1976 = ( BOUNDED_CURVE() B_SPLINE_CURVE(2,(#1977,#1978,#1979,#1980,
#1981,#1982,#1983),.UNSPECIFIED.,.T.,.F.) B_SPLINE_CURVE_WITH_KNOTS((1,2
    ,2,2,2,1),(-2.094395102393,0.,2.094395102393,4.188790204786,
6.28318530718,8.377580409573),.UNSPECIFIED.) CURVE() 
GEOMETRIC_REPRESENTATION_ITEM() RATIONAL_B_SPLINE_CURVE((1.,0.5,1.,0.5,
1.,0.5,1.)) REPRESENTATION_ITEM('') );
#1977 = CARTESIAN_POINT('',(4.5,3.));
#1978 = CARTESIAN_POINT('',(4.5,-7.392304845413));
#1979 = CARTESIAN_POINT('',(-4.5,-2.196152422707));
#1980 = CARTESIAN_POINT('',(-13.5,3.));
#1981 = CARTESIAN_POINT('',(-4.5,8.196152422707));
#1982 = CARTESIAN_POINT('',(4.5,13.392304845413));
#1983 = CARTESIAN_POINT('',(4.5,3.));
#1984 = ( GEOMETRIC_REPRESENTATION_CONTEXT(2) 
PARAMETRIC_REPRESENTATION_CONTEXT() REPRESENTATION_CONTEXT('2D SPACE',''
  ) );
#1985 = ORIENTED_EDGE('',*,*,#1501,.T.);
#1986 = ORIENTED_EDGE('',*,*,#981,.F.);
#1987 = ADVANCED_FACE('',(#1988),#941,.T.);
#1988 = FACE_BOUND('',#1989,.T.);
#1989 = EDGE_LOOP('',(#1990,#1991,#2019,#2040));
#1990 = ORIENTED_EDGE('',*,*,#1579,.F.);
#1991 = ORIENTED_EDGE('',*,*,#1992,.T.);
#1992 = EDGE_CURVE('',#1580,#1993,#1995,.T.);
#1993 = VERTEX_POINT('',#1994);
#1994 = CARTESIAN_POINT('',(-6.,-36.35,44.));
#1995 = SURFACE_CURVE('',#1996,(#2001,#2008),.PCURVE_S1.);
#1996 = CIRCLE('',#1997,6.);
#1997 = AXIS2_PLACEMENT_3D('',#1998,#1999,#2000);
#1998 = CARTESIAN_POINT('',(-6.,-36.35,38.));
#1999 = DIRECTION('',(0.,-1.,0.));
#2000 = DIRECTION('',(1.,0.,0.));
#2001 = PCURVE('',#941,#2002);
#2002 = DEFINITIONAL_REPRESENTATION('',(#2003),#2007);
#2003 = LINE('',#2004,#2005);
#2004 = CARTESIAN_POINT('',(0.,20.7));
#2005 = VECTOR('',#2006,1.);
#2006 = DIRECTION('',(1.,0.));
#2007 = ( GEOMETRIC_REPRESENTATION_CONTEXT(2) 
PARAMETRIC_REPRESENTATION_CONTEXT() REPRESENTATION_CONTEXT('2D SPACE',''
  ) );
#2008 = PCURVE('',#1489,#2009);
#2009 = DEFINITIONAL_REPRESENTATION('',(#2010),#2018);
#2010 = ( BOUNDED_CURVE() B_SPLINE_CURVE(2,(#2011,#2012,#2013,#2014,
#2015,#2016,#2017),.UNSPECIFIED.,.T.,.F.) B_SPLINE_CURVE_WITH_KNOTS((1,2
    ,2,2,2,1),(-2.094395102393,0.,2.094395102393,4.188790204786,
6.28318530718,8.377580409573),.UNSPECIFIED.) CURVE() 
GEOMETRIC_REPRESENTATION_ITEM() RATIONAL_B_SPLINE_CURVE((1.,0.5,1.,0.5,
1.,0.5,1.)) REPRESENTATION_ITEM('') );
#2011 = CARTESIAN_POINT('',(-1.5,15.));
#2012 = CARTESIAN_POINT('',(8.892304845413,15.));
#2013 = CARTESIAN_POINT('',(3.696152422707,6.));
#2014 = CARTESIAN_POINT('',(-1.5,-3.));
#2015 = CARTESIAN_POINT('',(-6.696152422707,6.));
#2016 = CARTESIAN_POINT('',(-11.89230484541,15.));
#2017 = CARTESIAN_POINT('',(-1.5,15.));
#2018 = ( GEOMETRIC_REPRESENTATION_CONTEXT(2) 
PARAMETRIC_REPRESENTATION_CONTEXT() REPRESENTATION_CONTEXT('2D SPACE',''
  ) );
#2019 = ORIENTED_EDGE('',*,*,#2020,.T.);
#2020 = EDGE_CURVE('',#1993,#925,#2021,.T.);
#2021 = SURFACE_CURVE('',#2022,(#2026,#2033),.PCURVE_S1.);
#2022 = LINE('',#2023,#2024);
#2023 = CARTESIAN_POINT('',(-6.,-15.65,44.));
#2024 = VECTOR('',#2025,1.);
#2025 = DIRECTION('',(0.,-1.,0.));
#2026 = PCURVE('',#941,#2027);
#2027 = DEFINITIONAL_REPRESENTATION('',(#2028),#2032);
#2028 = LINE('',#2029,#2030);
#2029 = CARTESIAN_POINT('',(1.570796326795,0.));
#2030 = VECTOR('',#2031,1.);
#2031 = DIRECTION('',(0.,1.));
#2032 = ( GEOMETRIC_REPRESENTATION_CONTEXT(2) 
PARAMETRIC_REPRESENTATION_CONTEXT() REPRESENTATION_CONTEXT('2D SPACE',''
  ) );
#2033 = PCURVE('',#969,#2034);
#2034 = DEFINITIONAL_REPRESENTATION('',(#2035),#2039);
#2035 = LINE('',#2036,#2037);
#2036 = CARTESIAN_POINT('',(6.,0.));
#2037 = VECTOR('',#2038,1.);
#2038 = DIRECTION('',(0.,-1.));
#2039 = ( GEOMETRIC_REPRESENTATION_CONTEXT(2) 
PARAMETRIC_REPRESENTATION_CONTEXT() REPRESENTATION_CONTEXT('2D SPACE',''
  ) );
#2040 = ORIENTED_EDGE('',*,*,#924,.F.);
#2041 = ADVANCED_FACE('',(#2042),#969,.F.);
#2042 = FACE_BOUND('',#2043,.F.);
#2043 = EDGE_LOOP('',(#2044,#2065,#2066,#2067));
#2044 = ORIENTED_EDGE('',*,*,#2045,.F.);
#2045 = EDGE_CURVE('',#1993,#1938,#2046,.T.);
#2046 = SURFACE_CURVE('',#2047,(#2051,#2058),.PCURVE_S1.);
#2047 = LINE('',#2048,#2049);
#2048 = CARTESIAN_POINT('',(-6.,-36.35,44.));
#2049 = VECTOR('',#2050,1.);
#2050 = DIRECTION('',(-1.,-1.184237892934E-15,0.));
#2051 = PCURVE('',#969,#2052);
#2052 = DEFINITIONAL_REPRESENTATION('',(#2053),#2057);
#2053 = LINE('',#2054,#2055);
#2054 = CARTESIAN_POINT('',(6.,-20.7));
#2055 = VECTOR('',#2056,1.);
#2056 = DIRECTION('',(1.,-1.184237892934E-15));
#2057 = ( GEOMETRIC_REPRESENTATION_CONTEXT(2) 
PARAMETRIC_REPRESENTATION_CONTEXT() REPRESENTATION_CONTEXT('2D SPACE',''
  ) );
#2058 = PCURVE('',#1489,#2059);
#2059 = DEFINITIONAL_REPRESENTATION('',(#2060),#2064);
#2060 = LINE('',#2061,#2062);
#2061 = CARTESIAN_POINT('',(4.5,9.));
#2062 = VECTOR('',#2063,1.);
#2063 = DIRECTION('',(0.,-1.));
#2064 = ( GEOMETRIC_REPRESENTATION_CONTEXT(2) 
PARAMETRIC_REPRESENTATION_CONTEXT() REPRESENTATION_CONTEXT('2D SPACE',''
  ) );
#2065 = ORIENTED_EDGE('',*,*,#2020,.T.);
#2066 = ORIENTED_EDGE('',*,*,#953,.T.);
#2067 = ORIENTED_EDGE('',*,*,#1937,.F.);
#2068 = ADVANCED_FACE('',(#2069),#1082,.F.);
#2069 = FACE_BOUND('',#2070,.F.);
#2070 = EDGE_LOOP('',(#2071,#2095,#2116,#2117));
#2071 = ORIENTED_EDGE('',*,*,#2072,.F.);
#2072 = EDGE_CURVE('',#2073,#2073,#2075,.T.);
#2073 = VERTEX_POINT('',#2074);
#2074 = CARTESIAN_POINT('',(-15.,-36.35,41.2));
#2075 = SURFACE_CURVE('',#2076,(#2081,#2088),.PCURVE_S1.);
#2076 = CIRCLE('',#2077,1.7);
#2077 = AXIS2_PLACEMENT_3D('',#2078,#2079,#2080);
#2078 = CARTESIAN_POINT('',(-15.,-36.35,39.5));
#2079 = DIRECTION('',(0.,1.,0.));
#2080 = DIRECTION('',(0.,-0.,1.));
#2081 = PCURVE('',#1082,#2082);
#2082 = DEFINITIONAL_REPRESENTATION('',(#2083),#2087);
#2083 = LINE('',#2084,#2085);
#2084 = CARTESIAN_POINT('',(0.,8.));
#2085 = VECTOR('',#2086,1.);
#2086 = DIRECTION('',(1.,0.));
#2087 = ( GEOMETRIC_REPRESENTATION_CONTEXT(2) 
PARAMETRIC_REPRESENTATION_CONTEXT() REPRESENTATION_CONTEXT('2D SPACE',''
  ) );
#2088 = PCURVE('',#1489,#2089);
#2089 = DEFINITIONAL_REPRESENTATION('',(#2090),#2094);
#2090 = CIRCLE('',#2091,1.7);
#2091 = AXIS2_PLACEMENT_2D('',#2092,#2093);
#2092 = CARTESIAN_POINT('',(0.,0.));
#2093 = DIRECTION('',(1.,0.));
#2094 = ( GEOMETRIC_REPRESENTATION_CONTEXT(2) 
PARAMETRIC_REPRESENTATION_CONTEXT() REPRESENTATION_CONTEXT('2D SPACE',''
  ) );
#2095 = ORIENTED_EDGE('',*,*,#2096,.F.);
#2096 = EDGE_CURVE('',#1062,#2073,#2097,.T.);
#2097 = SEAM_CURVE('',#2098,(#2102,#2109),.PCURVE_S1.);
#2098 = LINE('',#2099,#2100);
#2099 = CARTESIAN_POINT('',(-15.,-44.35,41.2));
#2100 = VECTOR('',#2101,1.);
#2101 = DIRECTION('',(0.,1.,0.));
#2102 = PCURVE('',#1082,#2103);
#2103 = DEFINITIONAL_REPRESENTATION('',(#2104),#2108);
#2104 = LINE('',#2105,#2106);
#2105 = CARTESIAN_POINT('',(6.28318530718,-0.));
#2106 = VECTOR('',#2107,1.);
#2107 = DIRECTION('',(0.,1.));
#2108 = ( GEOMETRIC_REPRESENTATION_CONTEXT(2) 
PARAMETRIC_REPRESENTATION_CONTEXT() REPRESENTATION_CONTEXT('2D SPACE',''
  ) );
#2109 = PCURVE('',#1082,#2110);
#2110 = DEFINITIONAL_REPRESENTATION('',(#2111),#2115);
#2111 = LINE('',#2112,#2113);
#2112 = CARTESIAN_POINT('',(0.,-0.));
#2113 = VECTOR('',#2114,1.);
#2114 = DIRECTION('',(0.,1.));
#2115 = ( GEOMETRIC_REPRESENTATION_CONTEXT(2) 
PARAMETRIC_REPRESENTATION_CONTEXT() REPRESENTATION_CONTEXT('2D SPACE',''
  ) );
#2116 = ORIENTED_EDGE('',*,*,#1061,.T.);
#2117 = ORIENTED_EDGE('',*,*,#2096,.T.);
#2118 = ADVANCED_FACE('',(#2119),#1286,.F.);
#2119 = FACE_BOUND('',#2120,.F.);
#2120 = EDGE_LOOP('',(#2121,#2144,#2166,#2167,#2168,#2169));
#2121 = ORIENTED_EDGE('',*,*,#2122,.T.);
#2122 = EDGE_CURVE('',#1525,#2123,#2125,.T.);
#2123 = VERTEX_POINT('',#2124);
#2124 = CARTESIAN_POINT('',(-15.3,-30.,18.35));
#2125 = SEAM_CURVE('',#2126,(#2130,#2137),.PCURVE_S1.);
#2126 = LINE('',#2127,#2128);
#2127 = CARTESIAN_POINT('',(-18.5,-30.,18.35));
#2128 = VECTOR('',#2129,1.);
#2129 = DIRECTION('',(1.,0.,0.));
#2130 = PCURVE('',#1286,#2131);
#2131 = DEFINITIONAL_REPRESENTATION('',(#2132),#2136);
#2132 = LINE('',#2133,#2134);
#2133 = CARTESIAN_POINT('',(6.28318530718,-0.));
#2134 = VECTOR('',#2135,1.);
#2135 = DIRECTION('',(0.,1.));
#2136 = ( GEOMETRIC_REPRESENTATION_CONTEXT(2) 
PARAMETRIC_REPRESENTATION_CONTEXT() REPRESENTATION_CONTEXT('2D SPACE',''
  ) );
#2137 = PCURVE('',#1286,#2138);
#2138 = DEFINITIONAL_REPRESENTATION('',(#2139),#2143);
#2139 = LINE('',#2140,#2141);
#2140 = CARTESIAN_POINT('',(0.,-0.));
#2141 = VECTOR('',#2142,1.);
#2142 = DIRECTION('',(0.,1.));
#2143 = ( GEOMETRIC_REPRESENTATION_CONTEXT(2) 
PARAMETRIC_REPRESENTATION_CONTEXT() REPRESENTATION_CONTEXT('2D SPACE',''
  ) );
#2144 = ORIENTED_EDGE('',*,*,#2145,.F.);
#2145 = EDGE_CURVE('',#2123,#2123,#2146,.T.);
#2146 = SURFACE_CURVE('',#2147,(#2152,#2159),.PCURVE_S1.);
#2147 = CIRCLE('',#2148,2.85);
#2148 = AXIS2_PLACEMENT_3D('',#2149,#2150,#2151);
#2149 = CARTESIAN_POINT('',(-15.3,-30.,15.5));
#2150 = DIRECTION('',(1.,0.,0.));
#2151 = DIRECTION('',(-0.,0.,1.));
#2152 = PCURVE('',#1286,#2153);
#2153 = DEFINITIONAL_REPRESENTATION('',(#2154),#2158);
#2154 = LINE('',#2155,#2156);
#2155 = CARTESIAN_POINT('',(0.,3.2));
#2156 = VECTOR('',#2157,1.);
#2157 = DIRECTION('',(1.,0.));
#2158 = ( GEOMETRIC_REPRESENTATION_CONTEXT(2) 
PARAMETRIC_REPRESENTATION_CONTEXT() REPRESENTATION_CONTEXT('2D SPACE',''
  ) );
#2159 = PCURVE('',#1922,#2160);
#2160 = DEFINITIONAL_REPRESENTATION('',(#2161),#2165);
#2161 = CIRCLE('',#2162,2.85);
#2162 = AXIS2_PLACEMENT_2D('',#2163,#2164);
#2163 = CARTESIAN_POINT('',(0.,0.));
#2164 = DIRECTION('',(1.,0.));
#2165 = ( GEOMETRIC_REPRESENTATION_CONTEXT(2) 
PARAMETRIC_REPRESENTATION_CONTEXT() REPRESENTATION_CONTEXT('2D SPACE',''
  ) );
#2166 = ORIENTED_EDGE('',*,*,#2122,.F.);
#2167 = ORIENTED_EDGE('',*,*,#1524,.T.);
#2168 = ORIENTED_EDGE('',*,*,#1122,.T.);
#2169 = ORIENTED_EDGE('',*,*,#1548,.T.);
#2170 = ADVANCED_FACE('',(#2171,#2223),#1489,.T.);
#2171 = FACE_BOUND('',#2172,.T.);
#2172 = EDGE_LOOP('',(#2173,#2174,#2175,#2176,#2177,#2200,#2222));
#2173 = ORIENTED_EDGE('',*,*,#1960,.F.);
#2174 = ORIENTED_EDGE('',*,*,#2045,.F.);
#2175 = ORIENTED_EDGE('',*,*,#1992,.F.);
#2176 = ORIENTED_EDGE('',*,*,#1602,.F.);
#2177 = ORIENTED_EDGE('',*,*,#2178,.F.);
#2178 = EDGE_CURVE('',#2179,#1603,#2181,.T.);
#2179 = VERTEX_POINT('',#2180);
#2180 = CARTESIAN_POINT('',(-15.,-36.35,32.75));
#2181 = SURFACE_CURVE('',#2182,(#2186,#2193),.PCURVE_S1.);
#2182 = LINE('',#2183,#2184);
#2183 = CARTESIAN_POINT('',(-15.,-36.35,32.75));
#2184 = VECTOR('',#2185,1.);
#2185 = DIRECTION('',(1.,0.,0.));
#2186 = PCURVE('',#1489,#2187);
#2187 = DEFINITIONAL_REPRESENTATION('',(#2188),#2192);
#2188 = LINE('',#2189,#2190);
#2189 = CARTESIAN_POINT('',(-6.75,0.));
#2190 = VECTOR('',#2191,1.);
#2191 = DIRECTION('',(0.,1.));
#2192 = ( GEOMETRIC_REPRESENTATION_CONTEXT(2) 
PARAMETRIC_REPRESENTATION_CONTEXT() REPRESENTATION_CONTEXT('2D SPACE',''
  ) );
#2193 = PCURVE('',#1639,#2194);
#2194 = DEFINITIONAL_REPRESENTATION('',(#2195),#2199);
#2195 = LINE('',#2196,#2197);
#2196 = CARTESIAN_POINT('',(0.,-12.7));
#2197 = VECTOR('',#2198,1.);
#2198 = DIRECTION('',(1.,0.));
#2199 = ( GEOMETRIC_REPRESENTATION_CONTEXT(2) 
PARAMETRIC_REPRESENTATION_CONTEXT() REPRESENTATION_CONTEXT('2D SPACE',''
  ) );
#2200 = ORIENTED_EDGE('',*,*,#2201,.T.);
#2201 = EDGE_CURVE('',#2179,#1449,#2202,.T.);
#2202 = SURFACE_CURVE('',#2203,(#2208,#2215),.PCURVE_S1.);
#2203 = CIRCLE('',#2204,6.75);
#2204 = AXIS2_PLACEMENT_3D('',#2205,#2206,#2207);
#2205 = CARTESIAN_POINT('',(-15.,-36.35,39.5));
#2206 = DIRECTION('',(0.,1.,0.));
#2207 = DIRECTION('',(0.,-0.,1.));
#2208 = PCURVE('',#1489,#2209);
#2209 = DEFINITIONAL_REPRESENTATION('',(#2210),#2214);
#2210 = CIRCLE('',#2211,6.75);
#2211 = AXIS2_PLACEMENT_2D('',#2212,#2213);
#2212 = CARTESIAN_POINT('',(0.,0.));
#2213 = DIRECTION('',(1.,0.));
#2214 = ( GEOMETRIC_REPRESENTATION_CONTEXT(2) 
PARAMETRIC_REPRESENTATION_CONTEXT() REPRESENTATION_CONTEXT('2D SPACE',''
  ) );
#2215 = PCURVE('',#1463,#2216);
#2216 = DEFINITIONAL_REPRESENTATION('',(#2217),#2221);
#2217 = LINE('',#2218,#2219);
#2218 = CARTESIAN_POINT('',(0.,0.));
#2219 = VECTOR('',#2220,1.);
#2220 = DIRECTION('',(1.,0.));
#2221 = ( GEOMETRIC_REPRESENTATION_CONTEXT(2) 
PARAMETRIC_REPRESENTATION_CONTEXT() REPRESENTATION_CONTEXT('2D SPACE',''
  ) );
#2222 = ORIENTED_EDGE('',*,*,#1474,.T.);
#2223 = FACE_BOUND('',#2224,.T.);
#2224 = EDGE_LOOP('',(#2225));
#2225 = ORIENTED_EDGE('',*,*,#2072,.F.);
#2226 = ADVANCED_FACE('',(#2227),#1463,.F.);
#2227 = FACE_BOUND('',#2228,.F.);
#2228 = EDGE_LOOP('',(#2229,#2253,#2274,#2275));
#2229 = ORIENTED_EDGE('',*,*,#2230,.F.);
#2230 = EDGE_CURVE('',#2231,#1422,#2233,.T.);
#2231 = VERTEX_POINT('',#2232);
#2232 = CARTESIAN_POINT('',(-15.,-23.65,32.75));
#2233 = SURFACE_CURVE('',#2234,(#2239,#2246),.PCURVE_S1.);
#2234 = CIRCLE('',#2235,6.75);
#2235 = AXIS2_PLACEMENT_3D('',#2236,#2237,#2238);
#2236 = CARTESIAN_POINT('',(-15.,-23.65,39.5));
#2237 = DIRECTION('',(0.,1.,0.));
#2238 = DIRECTION('',(0.,-0.,1.));
#2239 = PCURVE('',#1463,#2240);
#2240 = DEFINITIONAL_REPRESENTATION('',(#2241),#2245);
#2241 = LINE('',#2242,#2243);
#2242 = CARTESIAN_POINT('',(0.,12.7));
#2243 = VECTOR('',#2244,1.);
#2244 = DIRECTION('',(1.,0.));
#2245 = ( GEOMETRIC_REPRESENTATION_CONTEXT(2) 
PARAMETRIC_REPRESENTATION_CONTEXT() REPRESENTATION_CONTEXT('2D SPACE',''
  ) );
#2246 = PCURVE('',#1436,#2247);
#2247 = DEFINITIONAL_REPRESENTATION('',(#2248),#2252);
#2248 = CIRCLE('',#2249,6.75);
#2249 = AXIS2_PLACEMENT_2D('',#2250,#2251);
#2250 = CARTESIAN_POINT('',(0.,0.));
#2251 = DIRECTION('',(1.,0.));
#2252 = ( GEOMETRIC_REPRESENTATION_CONTEXT(2) 
PARAMETRIC_REPRESENTATION_CONTEXT() REPRESENTATION_CONTEXT('2D SPACE',''
  ) );
#2253 = ORIENTED_EDGE('',*,*,#2254,.T.);
#2254 = EDGE_CURVE('',#2231,#2179,#2255,.T.);
#2255 = SURFACE_CURVE('',#2256,(#2260,#2267),.PCURVE_S1.);
#2256 = LINE('',#2257,#2258);
#2257 = CARTESIAN_POINT('',(-15.,-23.65,32.75));
#2258 = VECTOR('',#2259,1.);
#2259 = DIRECTION('',(0.,-1.,0.));
#2260 = PCURVE('',#1463,#2261);
#2261 = DEFINITIONAL_REPRESENTATION('',(#2262),#2266);
#2262 = LINE('',#2263,#2264);
#2263 = CARTESIAN_POINT('',(3.14159265359,12.7));
#2264 = VECTOR('',#2265,1.);
#2265 = DIRECTION('',(0.,-1.));
#2266 = ( GEOMETRIC_REPRESENTATION_CONTEXT(2) 
PARAMETRIC_REPRESENTATION_CONTEXT() REPRESENTATION_CONTEXT('2D SPACE',''
  ) );
#2267 = PCURVE('',#1639,#2268);
#2268 = DEFINITIONAL_REPRESENTATION('',(#2269),#2273);
#2269 = LINE('',#2270,#2271);
#2270 = CARTESIAN_POINT('',(0.,0.));
#2271 = VECTOR('',#2272,1.);
#2272 = DIRECTION('',(0.,-1.));
#2273 = ( GEOMETRIC_REPRESENTATION_CONTEXT(2) 
PARAMETRIC_REPRESENTATION_CONTEXT() REPRESENTATION_CONTEXT('2D SPACE',''
  ) );
#2274 = ORIENTED_EDGE('',*,*,#2201,.T.);
#2275 = ORIENTED_EDGE('',*,*,#1448,.T.);
#2276 = ADVANCED_FACE('',(#2277,#2306),#1436,.F.);
#2277 = FACE_BOUND('',#2278,.F.);
#2278 = EDGE_LOOP('',(#2279,#2280,#2281,#2282,#2283,#2304,#2305));
#2279 = ORIENTED_EDGE('',*,*,#1721,.T.);
#2280 = ORIENTED_EDGE('',*,*,#1802,.T.);
#2281 = ORIENTED_EDGE('',*,*,#1771,.F.);
#2282 = ORIENTED_EDGE('',*,*,#1650,.F.);
#2283 = ORIENTED_EDGE('',*,*,#2284,.F.);
#2284 = EDGE_CURVE('',#2231,#1625,#2285,.T.);
#2285 = SURFACE_CURVE('',#2286,(#2290,#2297),.PCURVE_S1.);
#2286 = LINE('',#2287,#2288);
#2287 = CARTESIAN_POINT('',(-15.,-23.65,32.75));
#2288 = VECTOR('',#2289,1.);
#2289 = DIRECTION('',(1.,0.,0.));
#2290 = PCURVE('',#1436,#2291);
#2291 = DEFINITIONAL_REPRESENTATION('',(#2292),#2296);
#2292 = LINE('',#2293,#2294);
#2293 = CARTESIAN_POINT('',(-6.75,0.));
#2294 = VECTOR('',#2295,1.);
#2295 = DIRECTION('',(0.,1.));
#2296 = ( GEOMETRIC_REPRESENTATION_CONTEXT(2) 
PARAMETRIC_REPRESENTATION_CONTEXT() REPRESENTATION_CONTEXT('2D SPACE',''
  ) );
#2297 = PCURVE('',#1639,#2298);
#2298 = DEFINITIONAL_REPRESENTATION('',(#2299),#2303);
#2299 = LINE('',#2300,#2301);
#2300 = CARTESIAN_POINT('',(0.,0.));
#2301 = VECTOR('',#2302,1.);
#2302 = DIRECTION('',(1.,0.));
#2303 = ( GEOMETRIC_REPRESENTATION_CONTEXT(2) 
PARAMETRIC_REPRESENTATION_CONTEXT() REPRESENTATION_CONTEXT('2D SPACE',''
  ) );
#2304 = ORIENTED_EDGE('',*,*,#2230,.T.);
#2305 = ORIENTED_EDGE('',*,*,#1421,.T.);
#2306 = FACE_BOUND('',#2307,.F.);
#2307 = EDGE_LOOP('',(#2308));
#2308 = ORIENTED_EDGE('',*,*,#2309,.F.);
#2309 = EDGE_CURVE('',#2310,#2310,#2312,.T.);
#2310 = VERTEX_POINT('',#2311);
#2311 = CARTESIAN_POINT('',(-15.,-23.65,41.2));
#2312 = SURFACE_CURVE('',#2313,(#2318,#2325),.PCURVE_S1.);
#2313 = CIRCLE('',#2314,1.7);
#2314 = AXIS2_PLACEMENT_3D('',#2315,#2316,#2317);
#2315 = CARTESIAN_POINT('',(-15.,-23.65,39.5));
#2316 = DIRECTION('',(0.,1.,0.));
#2317 = DIRECTION('',(0.,-0.,1.));
#2318 = PCURVE('',#1436,#2319);
#2319 = DEFINITIONAL_REPRESENTATION('',(#2320),#2324);
#2320 = CIRCLE('',#2321,1.7);
#2321 = AXIS2_PLACEMENT_2D('',#2322,#2323);
#2322 = CARTESIAN_POINT('',(0.,0.));
#2323 = DIRECTION('',(1.,0.));
#2324 = ( GEOMETRIC_REPRESENTATION_CONTEXT(2) 
PARAMETRIC_REPRESENTATION_CONTEXT() REPRESENTATION_CONTEXT('2D SPACE',''
  ) );
#2325 = PCURVE('',#2326,#2331);
#2326 = CYLINDRICAL_SURFACE('',#2327,1.7);
#2327 = AXIS2_PLACEMENT_3D('',#2328,#2329,#2330);
#2328 = CARTESIAN_POINT('',(-15.,-44.35,39.5));
#2329 = DIRECTION('',(0.,1.,0.));
#2330 = DIRECTION('',(0.,-0.,1.));
#2331 = DEFINITIONAL_REPRESENTATION('',(#2332),#2336);
#2332 = LINE('',#2333,#2334);
#2333 = CARTESIAN_POINT('',(0.,20.7));
#2334 = VECTOR('',#2335,1.);
#2335 = DIRECTION('',(1.,0.));
#2336 = ( GEOMETRIC_REPRESENTATION_CONTEXT(2) 
PARAMETRIC_REPRESENTATION_CONTEXT() REPRESENTATION_CONTEXT('2D SPACE',''
  ) );
#2337 = ADVANCED_FACE('',(#2338),#1639,.T.);
#2338 = FACE_BOUND('',#2339,.T.);
#2339 = EDGE_LOOP('',(#2340,#2341,#2342,#2343));
#2340 = ORIENTED_EDGE('',*,*,#2284,.F.);
#2341 = ORIENTED_EDGE('',*,*,#2254,.T.);
#2342 = ORIENTED_EDGE('',*,*,#2178,.T.);
#2343 = ORIENTED_EDGE('',*,*,#1624,.T.);
#2344 = ADVANCED_FACE('',(#2345,#2348),#1866,.T.);
#2345 = FACE_BOUND('',#2346,.T.);
#2346 = EDGE_LOOP('',(#2347));
#2347 = ORIENTED_EDGE('',*,*,#1851,.T.);
#2348 = FACE_BOUND('',#2349,.T.);
#2349 = EDGE_LOOP('',(#2350));
#2350 = ORIENTED_EDGE('',*,*,#2351,.F.);
#2351 = EDGE_CURVE('',#2352,#2352,#2354,.T.);
#2352 = VERTEX_POINT('',#2353);
#2353 = CARTESIAN_POINT('',(-15.,-21.65,41.2));
#2354 = SURFACE_CURVE('',#2355,(#2360,#2367),.PCURVE_S1.);
#2355 = CIRCLE('',#2356,1.7);
#2356 = AXIS2_PLACEMENT_3D('',#2357,#2358,#2359);
#2357 = CARTESIAN_POINT('',(-15.,-21.65,39.5));
#2358 = DIRECTION('',(0.,1.,0.));
#2359 = DIRECTION('',(0.,-0.,1.));
#2360 = PCURVE('',#1866,#2361);
#2361 = DEFINITIONAL_REPRESENTATION('',(#2362),#2366);
#2362 = CIRCLE('',#2363,1.7);
#2363 = AXIS2_PLACEMENT_2D('',#2364,#2365);
#2364 = CARTESIAN_POINT('',(0.,0.));
#2365 = DIRECTION('',(1.,0.));
#2366 = ( GEOMETRIC_REPRESENTATION_CONTEXT(2) 
PARAMETRIC_REPRESENTATION_CONTEXT() REPRESENTATION_CONTEXT('2D SPACE',''
  ) );
#2367 = PCURVE('',#2326,#2368);
#2368 = DEFINITIONAL_REPRESENTATION('',(#2369),#2373);
#2369 = LINE('',#2370,#2371);
#2370 = CARTESIAN_POINT('',(0.,22.7));
#2371 = VECTOR('',#2372,1.);
#2372 = DIRECTION('',(1.,0.));
#2373 = ( GEOMETRIC_REPRESENTATION_CONTEXT(2) 
PARAMETRIC_REPRESENTATION_CONTEXT() REPRESENTATION_CONTEXT('2D SPACE',''
  ) );
#2374 = ADVANCED_FACE('',(#2375,#2378),#1922,.F.);
#2375 = FACE_BOUND('',#2376,.F.);
#2376 = EDGE_LOOP('',(#2377));
#2377 = ORIENTED_EDGE('',*,*,#2145,.T.);
#2378 = FACE_BOUND('',#2379,.F.);
#2379 = EDGE_LOOP('',(#2380));
#2380 = ORIENTED_EDGE('',*,*,#1907,.F.);
#2381 = ADVANCED_FACE('',(#2382),#2326,.F.);
#2382 = FACE_BOUND('',#2383,.F.);
#2383 = EDGE_LOOP('',(#2384,#2385,#2406,#2407));
#2384 = ORIENTED_EDGE('',*,*,#2309,.T.);
#2385 = ORIENTED_EDGE('',*,*,#2386,.T.);
#2386 = EDGE_CURVE('',#2310,#2352,#2387,.T.);
#2387 = SEAM_CURVE('',#2388,(#2392,#2399),.PCURVE_S1.);
#2388 = LINE('',#2389,#2390);
#2389 = CARTESIAN_POINT('',(-15.,-44.35,41.2));
#2390 = VECTOR('',#2391,1.);
#2391 = DIRECTION('',(0.,1.,0.));
#2392 = PCURVE('',#2326,#2393);
#2393 = DEFINITIONAL_REPRESENTATION('',(#2394),#2398);
#2394 = LINE('',#2395,#2396);
#2395 = CARTESIAN_POINT('',(0.,-0.));
#2396 = VECTOR('',#2397,1.);
#2397 = DIRECTION('',(0.,1.));
#2398 = ( GEOMETRIC_REPRESENTATION_CONTEXT(2) 
PARAMETRIC_REPRESENTATION_CONTEXT() REPRESENTATION_CONTEXT('2D SPACE',''
  ) );
#2399 = PCURVE('',#2326,#2400);
#2400 = DEFINITIONAL_REPRESENTATION('',(#2401),#2405);
#2401 = LINE('',#2402,#2403);
#2402 = CARTESIAN_POINT('',(6.28318530718,-0.));
#2403 = VECTOR('',#2404,1.);
#2404 = DIRECTION('',(0.,1.));
#2405 = ( GEOMETRIC_REPRESENTATION_CONTEXT(2) 
PARAMETRIC_REPRESENTATION_CONTEXT() REPRESENTATION_CONTEXT('2D SPACE',''
  ) );
#2406 = ORIENTED_EDGE('',*,*,#2351,.F.);
#2407 = ORIENTED_EDGE('',*,*,#2386,.F.);
#2408 = ( GEOMETRIC_REPRESENTATION_CONTEXT(3) 
GLOBAL_UNCERTAINTY_ASSIGNED_CONTEXT((#2412)) 
GLOBAL_UNIT_ASSIGNED_CONTEXT((#2409,#2410,#2411)) REPRESENTATION_CONTEXT
('Context #1','3D Context with UNIT and UNCERTAINTY') );
#2409 = ( LENGTH_UNIT() NAMED_UNIT(*) SI_UNIT(.MILLI.,.METRE.) );
#2410 = ( NAMED_UNIT(*) PLANE_ANGLE_UNIT() SI_UNIT($,.RADIAN.) );
#2411 = ( NAMED_UNIT(*) SI_UNIT($,.STERADIAN.) SOLID_ANGLE_UNIT() );
#2412 = UNCERTAINTY_MEASURE_WITH_UNIT(LENGTH_MEASURE(1.E-07),#2409,
  'distance_accuracy_value','confusion accuracy');
#2413 = CONTEXT_DEPENDENT_SHAPE_REPRESENTATION(#2414,#2416);
#2414 = ( REPRESENTATION_RELATIONSHIP('','',#36,#10) 
REPRESENTATION_RELATIONSHIP_WITH_TRANSFORMATION(#2415) 
SHAPE_REPRESENTATION_RELATIONSHIP() );
#2415 = ITEM_DEFINED_TRANSFORMATION('','',#11,#15);
#2416 = PRODUCT_DEFINITION_SHAPE('Placement','Placement of an item',
  #2417);
#2417 = NEXT_ASSEMBLY_USAGE_OCCURRENCE('1','','',#5,#31,$);
#2418 = PRODUCT_RELATED_PRODUCT_CATEGORY('part',$,(#33));
#2419 = SHAPE_DEFINITION_REPRESENTATION(#2420,#2426);
#2420 = PRODUCT_DEFINITION_SHAPE('','',#2421);
#2421 = PRODUCT_DEFINITION('design','',#2422,#2425);
#2422 = PRODUCT_DEFINITION_FORMATION('','',#2423);
#2423 = PRODUCT('Open CASCADE STEP translator 7.9 3.2',
  'Open CASCADE STEP translator 7.9 3.2','',(#2424));
#2424 = PRODUCT_CONTEXT('',#2,'mechanical');
#2425 = PRODUCT_DEFINITION_CONTEXT('part definition',#2,'design');
#2426 = ADVANCED_BREP_SHAPE_REPRESENTATION('',(#11,#2427),#4798);
#2427 = MANIFOLD_SOLID_BREP('',#2428);
#2428 = CLOSED_SHELL('',(#2429,#2650,#2881,#3017,#3195,#3235,#3285,#3483
    ,#3783,#3960,#4082,#4132,#4186,#4213,#4268,#4323,#4377,#4431,#4458,
    #4508,#4560,#4616,#4666,#4727,#4734,#4764,#4771));
#2429 = ADVANCED_FACE('',(#2430),#2444,.F.);
#2430 = FACE_BOUND('',#2431,.F.);
#2431 = EDGE_LOOP('',(#2432,#2467,#2495,#2523,#2551,#2577,#2603,#2624));
#2432 = ORIENTED_EDGE('',*,*,#2433,.F.);
#2433 = EDGE_CURVE('',#2434,#2436,#2438,.T.);
#2434 = VERTEX_POINT('',#2435);
#2435 = CARTESIAN_POINT('',(-12.,44.35,11.));
#2436 = VERTEX_POINT('',#2437);
#2437 = CARTESIAN_POINT('',(-6.,44.35,11.));
#2438 = SURFACE_CURVE('',#2439,(#2443,#2455),.PCURVE_S1.);
#2439 = LINE('',#2440,#2441);
#2440 = CARTESIAN_POINT('',(-18.,44.35,11.));
#2441 = VECTOR('',#2442,1.);
#2442 = DIRECTION('',(1.,0.,0.));
#2443 = PCURVE('',#2444,#2449);
#2444 = PLANE('',#2445);
#2445 = AXIS2_PLACEMENT_3D('',#2446,#2447,#2448);
#2446 = CARTESIAN_POINT('',(-18.,44.35,11.));
#2447 = DIRECTION('',(-0.,0.,1.));
#2448 = DIRECTION('',(1.,0.,0.));
#2449 = DEFINITIONAL_REPRESENTATION('',(#2450),#2454);
#2450 = LINE('',#2451,#2452);
#2451 = CARTESIAN_POINT('',(0.,0.));
#2452 = VECTOR('',#2453,1.);
#2453 = DIRECTION('',(1.,0.));
#2454 = ( GEOMETRIC_REPRESENTATION_CONTEXT(2) 
PARAMETRIC_REPRESENTATION_CONTEXT() REPRESENTATION_CONTEXT('2D SPACE',''
  ) );
#2455 = PCURVE('',#2456,#2461);
#2456 = PLANE('',#2457);
#2457 = AXIS2_PLACEMENT_3D('',#2458,#2459,#2460);
#2458 = CARTESIAN_POINT('',(-9.,44.35,27.5));
#2459 = DIRECTION('',(-0.,-1.,-0.));
#2460 = DIRECTION('',(0.,0.,-1.));
#2461 = DEFINITIONAL_REPRESENTATION('',(#2462),#2466);
#2462 = LINE('',#2463,#2464);
#2463 = CARTESIAN_POINT('',(16.5,-9.));
#2464 = VECTOR('',#2465,1.);
#2465 = DIRECTION('',(0.,1.));
#2466 = ( GEOMETRIC_REPRESENTATION_CONTEXT(2) 
PARAMETRIC_REPRESENTATION_CONTEXT() REPRESENTATION_CONTEXT('2D SPACE',''
  ) );
#2467 = ORIENTED_EDGE('',*,*,#2468,.T.);
#2468 = EDGE_CURVE('',#2434,#2469,#2471,.T.);
#2469 = VERTEX_POINT('',#2470);
#2470 = CARTESIAN_POINT('',(-12.,15.65,11.));
#2471 = SURFACE_CURVE('',#2472,(#2476,#2483),.PCURVE_S1.);
#2472 = LINE('',#2473,#2474);
#2473 = CARTESIAN_POINT('',(-12.,44.35,11.));
#2474 = VECTOR('',#2475,1.);
#2475 = DIRECTION('',(0.,-1.,0.));
#2476 = PCURVE('',#2444,#2477);
#2477 = DEFINITIONAL_REPRESENTATION('',(#2478),#2482);
#2478 = LINE('',#2479,#2480);
#2479 = CARTESIAN_POINT('',(6.,0.));
#2480 = VECTOR('',#2481,1.);
#2481 = DIRECTION('',(0.,-1.));
#2482 = ( GEOMETRIC_REPRESENTATION_CONTEXT(2) 
PARAMETRIC_REPRESENTATION_CONTEXT() REPRESENTATION_CONTEXT('2D SPACE',''
  ) );
#2483 = PCURVE('',#2484,#2489);
#2484 = CYLINDRICAL_SURFACE('',#2485,6.);
#2485 = AXIS2_PLACEMENT_3D('',#2486,#2487,#2488);
#2486 = CARTESIAN_POINT('',(-12.,44.35,17.));
#2487 = DIRECTION('',(0.,-1.,0.));
#2488 = DIRECTION('',(0.,-0.,-1.));
#2489 = DEFINITIONAL_REPRESENTATION('',(#2490),#2494);
#2490 = LINE('',#2491,#2492);
#2491 = CARTESIAN_POINT('',(-0.,0.));
#2492 = VECTOR('',#2493,1.);
#2493 = DIRECTION('',(-0.,1.));
#2494 = ( GEOMETRIC_REPRESENTATION_CONTEXT(2) 
PARAMETRIC_REPRESENTATION_CONTEXT() REPRESENTATION_CONTEXT('2D SPACE',''
  ) );
#2495 = ORIENTED_EDGE('',*,*,#2496,.T.);
#2496 = EDGE_CURVE('',#2469,#2497,#2499,.T.);
#2497 = VERTEX_POINT('',#2498);
#2498 = CARTESIAN_POINT('',(-6.,15.65,11.));
#2499 = SURFACE_CURVE('',#2500,(#2504,#2511),.PCURVE_S1.);
#2500 = LINE('',#2501,#2502);
#2501 = CARTESIAN_POINT('',(-18.,15.65,11.));
#2502 = VECTOR('',#2503,1.);
#2503 = DIRECTION('',(1.,0.,0.));
#2504 = PCURVE('',#2444,#2505);
#2505 = DEFINITIONAL_REPRESENTATION('',(#2506),#2510);
#2506 = LINE('',#2507,#2508);
#2507 = CARTESIAN_POINT('',(0.,-28.7));
#2508 = VECTOR('',#2509,1.);
#2509 = DIRECTION('',(1.,0.));
#2510 = ( GEOMETRIC_REPRESENTATION_CONTEXT(2) 
PARAMETRIC_REPRESENTATION_CONTEXT() REPRESENTATION_CONTEXT('2D SPACE',''
  ) );
#2511 = PCURVE('',#2512,#2517);
#2512 = PLANE('',#2513);
#2513 = AXIS2_PLACEMENT_3D('',#2514,#2515,#2516);
#2514 = CARTESIAN_POINT('',(-9.,15.65,27.5));
#2515 = DIRECTION('',(-0.,-1.,-0.));
#2516 = DIRECTION('',(0.,0.,-1.));
#2517 = DEFINITIONAL_REPRESENTATION('',(#2518),#2522);
#2518 = LINE('',#2519,#2520);
#2519 = CARTESIAN_POINT('',(16.5,-9.));
#2520 = VECTOR('',#2521,1.);
#2521 = DIRECTION('',(0.,1.));
#2522 = ( GEOMETRIC_REPRESENTATION_CONTEXT(2) 
PARAMETRIC_REPRESENTATION_CONTEXT() REPRESENTATION_CONTEXT('2D SPACE',''
  ) );
#2523 = ORIENTED_EDGE('',*,*,#2524,.F.);
#2524 = EDGE_CURVE('',#2525,#2497,#2527,.T.);
#2525 = VERTEX_POINT('',#2526);
#2526 = CARTESIAN_POINT('',(-6.,26.420544734181,11.));
#2527 = SURFACE_CURVE('',#2528,(#2532,#2539),.PCURVE_S1.);
#2528 = LINE('',#2529,#2530);
#2529 = CARTESIAN_POINT('',(-6.,44.35,11.));
#2530 = VECTOR('',#2531,1.);
#2531 = DIRECTION('',(0.,-1.,0.));
#2532 = PCURVE('',#2444,#2533);
#2533 = DEFINITIONAL_REPRESENTATION('',(#2534),#2538);
#2534 = LINE('',#2535,#2536);
#2535 = CARTESIAN_POINT('',(12.,0.));
#2536 = VECTOR('',#2537,1.);
#2537 = DIRECTION('',(0.,-1.));
#2538 = ( GEOMETRIC_REPRESENTATION_CONTEXT(2) 
PARAMETRIC_REPRESENTATION_CONTEXT() REPRESENTATION_CONTEXT('2D SPACE',''
  ) );
#2539 = PCURVE('',#2540,#2545);
#2540 = CYLINDRICAL_SURFACE('',#2541,6.);
#2541 = AXIS2_PLACEMENT_3D('',#2542,#2543,#2544);
#2542 = CARTESIAN_POINT('',(-6.,44.35,17.));
#2543 = DIRECTION('',(0.,-1.,0.));
#2544 = DIRECTION('',(0.,-0.,-1.));
#2545 = DEFINITIONAL_REPRESENTATION('',(#2546),#2550);
#2546 = LINE('',#2547,#2548);
#2547 = CARTESIAN_POINT('',(0.,0.));
#2548 = VECTOR('',#2549,1.);
#2549 = DIRECTION('',(0.,1.));
#2550 = ( GEOMETRIC_REPRESENTATION_CONTEXT(2) 
PARAMETRIC_REPRESENTATION_CONTEXT() REPRESENTATION_CONTEXT('2D SPACE',''
  ) );
#2551 = ORIENTED_EDGE('',*,*,#2552,.T.);
#2552 = EDGE_CURVE('',#2525,#2553,#2555,.T.);
#2553 = VERTEX_POINT('',#2554);
#2554 = CARTESIAN_POINT('',(-9.,26.420544734181,11.));
#2555 = SURFACE_CURVE('',#2556,(#2560,#2566),.PCURVE_S1.);
#2556 = LINE('',#2557,#2558);
#2557 = CARTESIAN_POINT('',(0.5,26.420544734181,11.));
#2558 = VECTOR('',#2559,1.);
#2559 = DIRECTION('',(-1.,0.,0.));
#2560 = PCURVE('',#2444,#2561);
#2561 = DEFINITIONAL_REPRESENTATION('',(#2562),#2565);
#2562 = B_SPLINE_CURVE_WITH_KNOTS('',1,(#2563,#2564),.UNSPECIFIED.,.F.,
  .F.,(2,2),(5.9,9.5000006),.PIECEWISE_BEZIER_KNOTS.);
#2563 = CARTESIAN_POINT('',(12.6,-17.92945526581));
#2564 = CARTESIAN_POINT('',(8.9999994,-17.92945526581));
#2565 = ( GEOMETRIC_REPRESENTATION_CONTEXT(2) 
PARAMETRIC_REPRESENTATION_CONTEXT() REPRESENTATION_CONTEXT('2D SPACE',''
  ) );
#2566 = PCURVE('',#2567,#2572);
#2567 = CYLINDRICAL_SURFACE('',#2568,5.75);
#2568 = AXIS2_PLACEMENT_3D('',#2569,#2570,#2571);
#2569 = CARTESIAN_POINT('',(0.5,30.,15.5));
#2570 = DIRECTION('',(-1.,0.,0.));
#2571 = DIRECTION('',(0.,0.,-1.));
#2572 = DEFINITIONAL_REPRESENTATION('',(#2573),#2576);
#2573 = B_SPLINE_CURVE_WITH_KNOTS('',1,(#2574,#2575),.UNSPECIFIED.,.F.,
  .F.,(2,2),(5.9,9.5000006),.PIECEWISE_BEZIER_KNOTS.);
#2574 = CARTESIAN_POINT('',(0.671950896496,5.9));
#2575 = CARTESIAN_POINT('',(0.671950896496,9.5000006));
#2576 = ( GEOMETRIC_REPRESENTATION_CONTEXT(2) 
PARAMETRIC_REPRESENTATION_CONTEXT() REPRESENTATION_CONTEXT('2D SPACE',''
  ) );
#2577 = ORIENTED_EDGE('',*,*,#2578,.F.);
#2578 = EDGE_CURVE('',#2579,#2553,#2581,.T.);
#2579 = VERTEX_POINT('',#2580);
#2580 = CARTESIAN_POINT('',(-9.,33.579455265819,11.));
#2581 = SURFACE_CURVE('',#2582,(#2586,#2592),.PCURVE_S1.);
#2582 = LINE('',#2583,#2584);
#2583 = CARTESIAN_POINT('',(-9.,37.175,11.));
#2584 = VECTOR('',#2585,1.);
#2585 = DIRECTION('',(0.,-1.,0.));
#2586 = PCURVE('',#2444,#2587);
#2587 = DEFINITIONAL_REPRESENTATION('',(#2588),#2591);
#2588 = B_SPLINE_CURVE_WITH_KNOTS('',1,(#2589,#2590),.UNSPECIFIED.,.F.,
  .F.,(2,2),(1.425,12.925),.PIECEWISE_BEZIER_KNOTS.);
#2589 = CARTESIAN_POINT('',(9.,-8.6));
#2590 = CARTESIAN_POINT('',(9.,-20.1));
#2591 = ( GEOMETRIC_REPRESENTATION_CONTEXT(2) 
PARAMETRIC_REPRESENTATION_CONTEXT() REPRESENTATION_CONTEXT('2D SPACE',''
  ) );
#2592 = PCURVE('',#2593,#2598);
#2593 = PLANE('',#2594);
#2594 = AXIS2_PLACEMENT_3D('',#2595,#2596,#2597);
#2595 = CARTESIAN_POINT('',(-9.,30.,15.5));
#2596 = DIRECTION('',(-1.,0.,0.));
#2597 = DIRECTION('',(0.,0.,-1.));
#2598 = DEFINITIONAL_REPRESENTATION('',(#2599),#2602);
#2599 = B_SPLINE_CURVE_WITH_KNOTS('',1,(#2600,#2601),.UNSPECIFIED.,.F.,
  .F.,(2,2),(1.425,12.925),.PIECEWISE_BEZIER_KNOTS.);
#2600 = CARTESIAN_POINT('',(4.5,-5.75));
#2601 = CARTESIAN_POINT('',(4.5,5.75));
#2602 = ( GEOMETRIC_REPRESENTATION_CONTEXT(2) 
PARAMETRIC_REPRESENTATION_CONTEXT() REPRESENTATION_CONTEXT('2D SPACE',''
  ) );
#2603 = ORIENTED_EDGE('',*,*,#2604,.F.);
#2604 = EDGE_CURVE('',#2605,#2579,#2607,.T.);
#2605 = VERTEX_POINT('',#2606);
#2606 = CARTESIAN_POINT('',(-6.,33.579455265819,11.));
#2607 = SURFACE_CURVE('',#2608,(#2612,#2618),.PCURVE_S1.);
#2608 = LINE('',#2609,#2610);
#2609 = CARTESIAN_POINT('',(0.5,33.579455265819,11.));
#2610 = VECTOR('',#2611,1.);
#2611 = DIRECTION('',(-1.,0.,0.));
#2612 = PCURVE('',#2444,#2613);
#2613 = DEFINITIONAL_REPRESENTATION('',(#2614),#2617);
#2614 = B_SPLINE_CURVE_WITH_KNOTS('',1,(#2615,#2616),.UNSPECIFIED.,.F.,
  .F.,(2,2),(5.9,9.5000006),.PIECEWISE_BEZIER_KNOTS.);
#2615 = CARTESIAN_POINT('',(12.6,-10.77054473418));
#2616 = CARTESIAN_POINT('',(8.9999994,-10.77054473418));
#2617 = ( GEOMETRIC_REPRESENTATION_CONTEXT(2) 
PARAMETRIC_REPRESENTATION_CONTEXT() REPRESENTATION_CONTEXT('2D SPACE',''
  ) );
#2618 = PCURVE('',#2567,#2619);
#2619 = DEFINITIONAL_REPRESENTATION('',(#2620),#2623);
#2620 = B_SPLINE_CURVE_WITH_KNOTS('',1,(#2621,#2622),.UNSPECIFIED.,.F.,
  .F.,(2,2),(5.9,9.5000006),.PIECEWISE_BEZIER_KNOTS.);
#2621 = CARTESIAN_POINT('',(5.611234410684,5.9));
#2622 = CARTESIAN_POINT('',(5.611234410684,9.5000006));
#2623 = ( GEOMETRIC_REPRESENTATION_CONTEXT(2) 
PARAMETRIC_REPRESENTATION_CONTEXT() REPRESENTATION_CONTEXT('2D SPACE',''
  ) );
#2624 = ORIENTED_EDGE('',*,*,#2625,.F.);
#2625 = EDGE_CURVE('',#2436,#2605,#2626,.T.);
#2626 = SURFACE_CURVE('',#2627,(#2631,#2638),.PCURVE_S1.);
#2627 = LINE('',#2628,#2629);
#2628 = CARTESIAN_POINT('',(-6.,44.35,11.));
#2629 = VECTOR('',#2630,1.);
#2630 = DIRECTION('',(0.,-1.,0.));
#2631 = PCURVE('',#2444,#2632);
#2632 = DEFINITIONAL_REPRESENTATION('',(#2633),#2637);
#2633 = LINE('',#2634,#2635);
#2634 = CARTESIAN_POINT('',(12.,0.));
#2635 = VECTOR('',#2636,1.);
#2636 = DIRECTION('',(0.,-1.));
#2637 = ( GEOMETRIC_REPRESENTATION_CONTEXT(2) 
PARAMETRIC_REPRESENTATION_CONTEXT() REPRESENTATION_CONTEXT('2D SPACE',''
  ) );
#2638 = PCURVE('',#2639,#2644);
#2639 = CYLINDRICAL_SURFACE('',#2640,6.);
#2640 = AXIS2_PLACEMENT_3D('',#2641,#2642,#2643);
#2641 = CARTESIAN_POINT('',(-6.,44.35,17.));
#2642 = DIRECTION('',(0.,-1.,0.));
#2643 = DIRECTION('',(0.,-0.,-1.));
#2644 = DEFINITIONAL_REPRESENTATION('',(#2645),#2649);
#2645 = LINE('',#2646,#2647);
#2646 = CARTESIAN_POINT('',(0.,0.));
#2647 = VECTOR('',#2648,1.);
#2648 = DIRECTION('',(0.,1.));
#2649 = ( GEOMETRIC_REPRESENTATION_CONTEXT(2) 
PARAMETRIC_REPRESENTATION_CONTEXT() REPRESENTATION_CONTEXT('2D SPACE',''
  ) );
#2650 = ADVANCED_FACE('',(#2651,#2846),#2456,.F.);
#2651 = FACE_BOUND('',#2652,.F.);
#2652 = EDGE_LOOP('',(#2653,#2654,#2678,#2706,#2735,#2763,#2792,#2820));
#2653 = ORIENTED_EDGE('',*,*,#2433,.T.);
#2654 = ORIENTED_EDGE('',*,*,#2655,.T.);
#2655 = EDGE_CURVE('',#2436,#2656,#2658,.T.);
#2656 = VERTEX_POINT('',#2657);
#2657 = CARTESIAN_POINT('',(8.881784197001E-16,44.35,17.));
#2658 = SURFACE_CURVE('',#2659,(#2664,#2671),.PCURVE_S1.);
#2659 = CIRCLE('',#2660,6.);
#2660 = AXIS2_PLACEMENT_3D('',#2661,#2662,#2663);
#2661 = CARTESIAN_POINT('',(-6.,44.35,17.));
#2662 = DIRECTION('',(0.,-1.,0.));
#2663 = DIRECTION('',(0.,-0.,-1.));
#2664 = PCURVE('',#2456,#2665);
#2665 = DEFINITIONAL_REPRESENTATION('',(#2666),#2670);
#2666 = CIRCLE('',#2667,6.);
#2667 = AXIS2_PLACEMENT_2D('',#2668,#2669);
#2668 = CARTESIAN_POINT('',(10.5,3.));
#2669 = DIRECTION('',(1.,0.));
#2670 = ( GEOMETRIC_REPRESENTATION_CONTEXT(2) 
PARAMETRIC_REPRESENTATION_CONTEXT() REPRESENTATION_CONTEXT('2D SPACE',''
  ) );
#2671 = PCURVE('',#2639,#2672);
#2672 = DEFINITIONAL_REPRESENTATION('',(#2673),#2677);
#2673 = LINE('',#2674,#2675);
#2674 = CARTESIAN_POINT('',(0.,0.));
#2675 = VECTOR('',#2676,1.);
#2676 = DIRECTION('',(1.,0.));
#2677 = ( GEOMETRIC_REPRESENTATION_CONTEXT(2) 
PARAMETRIC_REPRESENTATION_CONTEXT() REPRESENTATION_CONTEXT('2D SPACE',''
  ) );
#2678 = ORIENTED_EDGE('',*,*,#2679,.T.);
#2679 = EDGE_CURVE('',#2656,#2680,#2682,.T.);
#2680 = VERTEX_POINT('',#2681);
#2681 = CARTESIAN_POINT('',(8.881784197001E-16,44.35,38.));
#2682 = SURFACE_CURVE('',#2683,(#2687,#2694),.PCURVE_S1.);
#2683 = LINE('',#2684,#2685);
#2684 = CARTESIAN_POINT('',(0.,44.35,11.));
#2685 = VECTOR('',#2686,1.);
#2686 = DIRECTION('',(0.,0.,1.));
#2687 = PCURVE('',#2456,#2688);
#2688 = DEFINITIONAL_REPRESENTATION('',(#2689),#2693);
#2689 = LINE('',#2690,#2691);
#2690 = CARTESIAN_POINT('',(16.5,9.));
#2691 = VECTOR('',#2692,1.);
#2692 = DIRECTION('',(-1.,0.));
#2693 = ( GEOMETRIC_REPRESENTATION_CONTEXT(2) 
PARAMETRIC_REPRESENTATION_CONTEXT() REPRESENTATION_CONTEXT('2D SPACE',''
  ) );
#2694 = PCURVE('',#2695,#2700);
#2695 = PLANE('',#2696);
#2696 = AXIS2_PLACEMENT_3D('',#2697,#2698,#2699);
#2697 = CARTESIAN_POINT('',(0.,44.35,11.));
#2698 = DIRECTION('',(-1.,0.,0.));
#2699 = DIRECTION('',(0.,0.,1.));
#2700 = DEFINITIONAL_REPRESENTATION('',(#2701),#2705);
#2701 = LINE('',#2702,#2703);
#2702 = CARTESIAN_POINT('',(0.,0.));
#2703 = VECTOR('',#2704,1.);
#2704 = DIRECTION('',(1.,0.));
#2705 = ( GEOMETRIC_REPRESENTATION_CONTEXT(2) 
PARAMETRIC_REPRESENTATION_CONTEXT() REPRESENTATION_CONTEXT('2D SPACE',''
  ) );
#2706 = ORIENTED_EDGE('',*,*,#2707,.T.);
#2707 = EDGE_CURVE('',#2680,#2708,#2710,.T.);
#2708 = VERTEX_POINT('',#2709);
#2709 = CARTESIAN_POINT('',(-6.,44.35,44.));
#2710 = SURFACE_CURVE('',#2711,(#2716,#2723),.PCURVE_S1.);
#2711 = CIRCLE('',#2712,6.);
#2712 = AXIS2_PLACEMENT_3D('',#2713,#2714,#2715);
#2713 = CARTESIAN_POINT('',(-6.,44.35,38.));
#2714 = DIRECTION('',(0.,-1.,0.));
#2715 = DIRECTION('',(0.,-0.,-1.));
#2716 = PCURVE('',#2456,#2717);
#2717 = DEFINITIONAL_REPRESENTATION('',(#2718),#2722);
#2718 = CIRCLE('',#2719,6.);
#2719 = AXIS2_PLACEMENT_2D('',#2720,#2721);
#2720 = CARTESIAN_POINT('',(-10.5,3.));
#2721 = DIRECTION('',(1.,0.));
#2722 = ( GEOMETRIC_REPRESENTATION_CONTEXT(2) 
PARAMETRIC_REPRESENTATION_CONTEXT() REPRESENTATION_CONTEXT('2D SPACE',''
  ) );
#2723 = PCURVE('',#2724,#2729);
#2724 = CYLINDRICAL_SURFACE('',#2725,6.);
#2725 = AXIS2_PLACEMENT_3D('',#2726,#2727,#2728);
#2726 = CARTESIAN_POINT('',(-6.,44.35,38.));
#2727 = DIRECTION('',(0.,-1.,0.));
#2728 = DIRECTION('',(1.,0.,-0.));
#2729 = DEFINITIONAL_REPRESENTATION('',(#2730),#2734);
#2730 = LINE('',#2731,#2732);
#2731 = CARTESIAN_POINT('',(-1.570796326795,0.));
#2732 = VECTOR('',#2733,1.);
#2733 = DIRECTION('',(1.,0.));
#2734 = ( GEOMETRIC_REPRESENTATION_CONTEXT(2) 
PARAMETRIC_REPRESENTATION_CONTEXT() REPRESENTATION_CONTEXT('2D SPACE',''
  ) );
#2735 = ORIENTED_EDGE('',*,*,#2736,.T.);
#2736 = EDGE_CURVE('',#2708,#2737,#2739,.T.);
#2737 = VERTEX_POINT('',#2738);
#2738 = CARTESIAN_POINT('',(-12.,44.35,44.));
#2739 = SURFACE_CURVE('',#2740,(#2744,#2751),.PCURVE_S1.);
#2740 = LINE('',#2741,#2742);
#2741 = CARTESIAN_POINT('',(0.,44.35,44.));
#2742 = VECTOR('',#2743,1.);
#2743 = DIRECTION('',(-1.,0.,0.));
#2744 = PCURVE('',#2456,#2745);
#2745 = DEFINITIONAL_REPRESENTATION('',(#2746),#2750);
#2746 = LINE('',#2747,#2748);
#2747 = CARTESIAN_POINT('',(-16.5,9.));
#2748 = VECTOR('',#2749,1.);
#2749 = DIRECTION('',(0.,-1.));
#2750 = ( GEOMETRIC_REPRESENTATION_CONTEXT(2) 
PARAMETRIC_REPRESENTATION_CONTEXT() REPRESENTATION_CONTEXT('2D SPACE',''
  ) );
#2751 = PCURVE('',#2752,#2757);
#2752 = PLANE('',#2753);
#2753 = AXIS2_PLACEMENT_3D('',#2754,#2755,#2756);
#2754 = CARTESIAN_POINT('',(0.,44.35,44.));
#2755 = DIRECTION('',(-0.,-0.,-1.));
#2756 = DIRECTION('',(-1.,0.,0.));
#2757 = DEFINITIONAL_REPRESENTATION('',(#2758),#2762);
#2758 = LINE('',#2759,#2760);
#2759 = CARTESIAN_POINT('',(0.,0.));
#2760 = VECTOR('',#2761,1.);
#2761 = DIRECTION('',(1.,0.));
#2762 = ( GEOMETRIC_REPRESENTATION_CONTEXT(2) 
PARAMETRIC_REPRESENTATION_CONTEXT() REPRESENTATION_CONTEXT('2D SPACE',''
  ) );
#2763 = ORIENTED_EDGE('',*,*,#2764,.T.);
#2764 = EDGE_CURVE('',#2737,#2765,#2767,.T.);
#2765 = VERTEX_POINT('',#2766);
#2766 = CARTESIAN_POINT('',(-18.,44.35,38.));
#2767 = SURFACE_CURVE('',#2768,(#2773,#2780),.PCURVE_S1.);
#2768 = CIRCLE('',#2769,6.);
#2769 = AXIS2_PLACEMENT_3D('',#2770,#2771,#2772);
#2770 = CARTESIAN_POINT('',(-12.,44.35,38.));
#2771 = DIRECTION('',(0.,-1.,0.));
#2772 = DIRECTION('',(0.,-0.,-1.));
#2773 = PCURVE('',#2456,#2774);
#2774 = DEFINITIONAL_REPRESENTATION('',(#2775),#2779);
#2775 = CIRCLE('',#2776,6.);
#2776 = AXIS2_PLACEMENT_2D('',#2777,#2778);
#2777 = CARTESIAN_POINT('',(-10.5,-3.));
#2778 = DIRECTION('',(1.,0.));
#2779 = ( GEOMETRIC_REPRESENTATION_CONTEXT(2) 
PARAMETRIC_REPRESENTATION_CONTEXT() REPRESENTATION_CONTEXT('2D SPACE',''
  ) );
#2780 = PCURVE('',#2781,#2786);
#2781 = CYLINDRICAL_SURFACE('',#2782,6.);
#2782 = AXIS2_PLACEMENT_3D('',#2783,#2784,#2785);
#2783 = CARTESIAN_POINT('',(-12.,44.35,38.));
#2784 = DIRECTION('',(0.,-1.,0.));
#2785 = DIRECTION('',(-0.,0.,1.));
#2786 = DEFINITIONAL_REPRESENTATION('',(#2787),#2791);
#2787 = LINE('',#2788,#2789);
#2788 = CARTESIAN_POINT('',(-3.14159265359,0.));
#2789 = VECTOR('',#2790,1.);
#2790 = DIRECTION('',(1.,0.));
#2791 = ( GEOMETRIC_REPRESENTATION_CONTEXT(2) 
PARAMETRIC_REPRESENTATION_CONTEXT() REPRESENTATION_CONTEXT('2D SPACE',''
  ) );
#2792 = ORIENTED_EDGE('',*,*,#2793,.T.);
#2793 = EDGE_CURVE('',#2765,#2794,#2796,.T.);
#2794 = VERTEX_POINT('',#2795);
#2795 = CARTESIAN_POINT('',(-18.,44.35,17.));
#2796 = SURFACE_CURVE('',#2797,(#2801,#2808),.PCURVE_S1.);
#2797 = LINE('',#2798,#2799);
#2798 = CARTESIAN_POINT('',(-18.,44.35,44.));
#2799 = VECTOR('',#2800,1.);
#2800 = DIRECTION('',(0.,0.,-1.));
#2801 = PCURVE('',#2456,#2802);
#2802 = DEFINITIONAL_REPRESENTATION('',(#2803),#2807);
#2803 = LINE('',#2804,#2805);
#2804 = CARTESIAN_POINT('',(-16.5,-9.));
#2805 = VECTOR('',#2806,1.);
#2806 = DIRECTION('',(1.,0.));
#2807 = ( GEOMETRIC_REPRESENTATION_CONTEXT(2) 
PARAMETRIC_REPRESENTATION_CONTEXT() REPRESENTATION_CONTEXT('2D SPACE',''
  ) );
#2808 = PCURVE('',#2809,#2814);
#2809 = PLANE('',#2810);
#2810 = AXIS2_PLACEMENT_3D('',#2811,#2812,#2813);
#2811 = CARTESIAN_POINT('',(-18.,44.35,44.));
#2812 = DIRECTION('',(1.,0.,0.));
#2813 = DIRECTION('',(0.,0.,-1.));
#2814 = DEFINITIONAL_REPRESENTATION('',(#2815),#2819);
#2815 = LINE('',#2816,#2817);
#2816 = CARTESIAN_POINT('',(0.,0.));
#2817 = VECTOR('',#2818,1.);
#2818 = DIRECTION('',(1.,0.));
#2819 = ( GEOMETRIC_REPRESENTATION_CONTEXT(2) 
PARAMETRIC_REPRESENTATION_CONTEXT() REPRESENTATION_CONTEXT('2D SPACE',''
  ) );
#2820 = ORIENTED_EDGE('',*,*,#2821,.F.);
#2821 = EDGE_CURVE('',#2434,#2794,#2822,.T.);
#2822 = SURFACE_CURVE('',#2823,(#2828,#2839),.PCURVE_S1.);
#2823 = CIRCLE('',#2824,6.);
#2824 = AXIS2_PLACEMENT_3D('',#2825,#2826,#2827);
#2825 = CARTESIAN_POINT('',(-12.,44.35,17.));
#2826 = DIRECTION('',(-0.,1.,0.));
#2827 = DIRECTION('',(0.,0.,-1.));
#2828 = PCURVE('',#2456,#2829);
#2829 = DEFINITIONAL_REPRESENTATION('',(#2830),#2838);
#2830 = ( BOUNDED_CURVE() B_SPLINE_CURVE(2,(#2831,#2832,#2833,#2834,
#2835,#2836,#2837),.UNSPECIFIED.,.T.,.F.) B_SPLINE_CURVE_WITH_KNOTS((1,2
    ,2,2,2,1),(-2.094395102393,0.,2.094395102393,4.188790204786,
6.28318530718,8.377580409573),.UNSPECIFIED.) CURVE() 
GEOMETRIC_REPRESENTATION_ITEM() RATIONAL_B_SPLINE_CURVE((1.,0.5,1.,0.5,
1.,0.5,1.)) REPRESENTATION_ITEM('') );
#2831 = CARTESIAN_POINT('',(16.5,-3.));
#2832 = CARTESIAN_POINT('',(16.5,-13.39230484541));
#2833 = CARTESIAN_POINT('',(7.5,-8.196152422707));
#2834 = CARTESIAN_POINT('',(-1.5,-3.));
#2835 = CARTESIAN_POINT('',(7.5,2.196152422707));
#2836 = CARTESIAN_POINT('',(16.5,7.392304845413));
#2837 = CARTESIAN_POINT('',(16.5,-3.));
#2838 = ( GEOMETRIC_REPRESENTATION_CONTEXT(2) 
PARAMETRIC_REPRESENTATION_CONTEXT() REPRESENTATION_CONTEXT('2D SPACE',''
  ) );
#2839 = PCURVE('',#2484,#2840);
#2840 = DEFINITIONAL_REPRESENTATION('',(#2841),#2845);
#2841 = LINE('',#2842,#2843);
#2842 = CARTESIAN_POINT('',(-0.,0.));
#2843 = VECTOR('',#2844,1.);
#2844 = DIRECTION('',(-1.,0.));
#2845 = ( GEOMETRIC_REPRESENTATION_CONTEXT(2) 
PARAMETRIC_REPRESENTATION_CONTEXT() REPRESENTATION_CONTEXT('2D SPACE',''
  ) );
#2846 = FACE_BOUND('',#2847,.F.);
#2847 = EDGE_LOOP('',(#2848));
#2848 = ORIENTED_EDGE('',*,*,#2849,.T.);
#2849 = EDGE_CURVE('',#2850,#2850,#2852,.T.);
#2850 = VERTEX_POINT('',#2851);
#2851 = CARTESIAN_POINT('',(-15.,44.35,41.5));
#2852 = SURFACE_CURVE('',#2853,(#2858,#2869),.PCURVE_S1.);
#2853 = CIRCLE('',#2854,2.);
#2854 = AXIS2_PLACEMENT_3D('',#2855,#2856,#2857);
#2855 = CARTESIAN_POINT('',(-15.,44.35,39.5));
#2856 = DIRECTION('',(0.,1.,0.));
#2857 = DIRECTION('',(0.,-0.,1.));
#2858 = PCURVE('',#2456,#2859);
#2859 = DEFINITIONAL_REPRESENTATION('',(#2860),#2868);
#2860 = ( BOUNDED_CURVE() B_SPLINE_CURVE(2,(#2861,#2862,#2863,#2864,
#2865,#2866,#2867),.UNSPECIFIED.,.T.,.F.) B_SPLINE_CURVE_WITH_KNOTS((1,2
    ,2,2,2,1),(-2.094395102393,0.,2.094395102393,4.188790204786,
6.28318530718,8.377580409573),.UNSPECIFIED.) CURVE() 
GEOMETRIC_REPRESENTATION_ITEM() RATIONAL_B_SPLINE_CURVE((1.,0.5,1.,0.5,
1.,0.5,1.)) REPRESENTATION_ITEM('') );
#2861 = CARTESIAN_POINT('',(-14.,-6.));
#2862 = CARTESIAN_POINT('',(-14.,-2.535898384862));
#2863 = CARTESIAN_POINT('',(-11.,-4.267949192431));
#2864 = CARTESIAN_POINT('',(-8.,-6.));
#2865 = CARTESIAN_POINT('',(-11.,-7.732050807569));
#2866 = CARTESIAN_POINT('',(-14.,-9.464101615138));
#2867 = CARTESIAN_POINT('',(-14.,-6.));
#2868 = ( GEOMETRIC_REPRESENTATION_CONTEXT(2) 
PARAMETRIC_REPRESENTATION_CONTEXT() REPRESENTATION_CONTEXT('2D SPACE',''
  ) );
#2869 = PCURVE('',#2870,#2875);
#2870 = CYLINDRICAL_SURFACE('',#2871,2.);
#2871 = AXIS2_PLACEMENT_3D('',#2872,#2873,#2874);
#2872 = CARTESIAN_POINT('',(-15.,38.35,39.5));
#2873 = DIRECTION('',(0.,1.,0.));
#2874 = DIRECTION('',(0.,-0.,1.));
#2875 = DEFINITIONAL_REPRESENTATION('',(#2876),#2880);
#2876 = LINE('',#2877,#2878);
#2877 = CARTESIAN_POINT('',(0.,6.));
#2878 = VECTOR('',#2879,1.);
#2879 = DIRECTION('',(1.,0.));
#2880 = ( GEOMETRIC_REPRESENTATION_CONTEXT(2) 
PARAMETRIC_REPRESENTATION_CONTEXT() REPRESENTATION_CONTEXT('2D SPACE',''
  ) );
#2881 = ADVANCED_FACE('',(#2882),#2639,.T.);
#2882 = FACE_BOUND('',#2883,.T.);
#2883 = EDGE_LOOP('',(#2884,#2885,#2886,#2909));
#2884 = ORIENTED_EDGE('',*,*,#2625,.F.);
#2885 = ORIENTED_EDGE('',*,*,#2655,.T.);
#2886 = ORIENTED_EDGE('',*,*,#2887,.T.);
#2887 = EDGE_CURVE('',#2656,#2888,#2890,.T.);
#2888 = VERTEX_POINT('',#2889);
#2889 = CARTESIAN_POINT('',(8.881784197001E-16,35.550900827794,17.));
#2890 = SURFACE_CURVE('',#2891,(#2895,#2902),.PCURVE_S1.);
#2891 = LINE('',#2892,#2893);
#2892 = CARTESIAN_POINT('',(8.881784197001E-16,44.35,17.));
#2893 = VECTOR('',#2894,1.);
#2894 = DIRECTION('',(0.,-1.,0.));
#2895 = PCURVE('',#2639,#2896);
#2896 = DEFINITIONAL_REPRESENTATION('',(#2897),#2901);
#2897 = LINE('',#2898,#2899);
#2898 = CARTESIAN_POINT('',(1.570796326795,0.));
#2899 = VECTOR('',#2900,1.);
#2900 = DIRECTION('',(0.,1.));
#2901 = ( GEOMETRIC_REPRESENTATION_CONTEXT(2) 
PARAMETRIC_REPRESENTATION_CONTEXT() REPRESENTATION_CONTEXT('2D SPACE',''
  ) );
#2902 = PCURVE('',#2695,#2903);
#2903 = DEFINITIONAL_REPRESENTATION('',(#2904),#2908);
#2904 = LINE('',#2905,#2906);
#2905 = CARTESIAN_POINT('',(6.,0.));
#2906 = VECTOR('',#2907,1.);
#2907 = DIRECTION('',(0.,-1.));
#2908 = ( GEOMETRIC_REPRESENTATION_CONTEXT(2) 
PARAMETRIC_REPRESENTATION_CONTEXT() REPRESENTATION_CONTEXT('2D SPACE',''
  ) );
#2909 = ORIENTED_EDGE('',*,*,#2910,.T.);
#2910 = EDGE_CURVE('',#2888,#2605,#2911,.T.);
#2911 = SURFACE_CURVE('',#2912,(#2945,#2981),.PCURVE_S1.);
#2912 = B_SPLINE_CURVE_WITH_KNOTS('',7,(#2913,#2914,#2915,#2916,#2917,
    #2918,#2919,#2920,#2921,#2922,#2923,#2924,#2925,#2926,#2927,#2928,
    #2929,#2930,#2931,#2932,#2933,#2934,#2935,#2936,#2937,#2938,#2939,
    #2940,#2941,#2942,#2943,#2944),.UNSPECIFIED.,.F.,.F.,(8,6,6,6,6,8),(
    0.,0.179827365184,0.351516486621,0.609183124435,0.82654187768,1.),
  .UNSPECIFIED.);
#2913 = CARTESIAN_POINT('',(8.881784197001E-16,35.550900827794,17.));
#2914 = CARTESIAN_POINT('',(8.881784197001E-16,35.628481903186,
    16.712903429589));
#2915 = CARTESIAN_POINT('',(-1.602634350306E-02,35.689756640118,
    16.417360047235));
#2916 = CARTESIAN_POINT('',(-4.978041100046E-02,35.732669422976,
    16.117732078402));
#2917 = CARTESIAN_POINT('',(-0.101832368231,35.75652492233,
    15.818517220932));
#2918 = CARTESIAN_POINT('',(-0.171535388915,35.761899536168,
    15.524208302798));
#2919 = CARTESIAN_POINT('',(-0.256932679939,35.750548916385,
    15.239198741007));
#2920 = CARTESIAN_POINT('',(-0.44795932498,35.701216382239,
    14.708554244116));
#2921 = CARTESIAN_POINT('',(-0.552760664502,35.664394700419,
    14.460991409971));
#2922 = CARTESIAN_POINT('',(-0.667527088335,35.616853360799,
    14.225302105776));
#2923 = CARTESIAN_POINT('',(-0.790825031447,35.560399683292,
    14.001569763861));
#2924 = CARTESIAN_POINT('',(-0.921329328505,35.496673124124,
    13.789741410182));
#2925 = CARTESIAN_POINT('',(-1.057822480272,35.42716539437,
    13.589659169553));
#2926 = CARTESIAN_POINT('',(-1.411339402931,35.24226728962,
    13.118080985835));
#2927 = CARTESIAN_POINT('',(-1.635567431355,35.120752836648,
    12.859523373605));
#2928 = CARTESIAN_POINT('',(-1.869289061294,34.992550966252,
    12.623772551339));
#2929 = CARTESIAN_POINT('',(-2.110842650357,34.860613899109,
    12.409093161294));
#2930 = CARTESIAN_POINT('',(-2.359402893882,34.727277171492,
    12.213824805081));
#2931 = CARTESIAN_POINT('',(-2.614871330578,34.59452723579,
    12.036560645135));
#2932 = CARTESIAN_POINT('',(-3.099661450227,34.354749982057,
    11.741148887686));
#2933 = CARTESIAN_POINT('',(-3.326581016177,34.247065795937,
    11.618237603438));
#2934 = CARTESIAN_POINT('',(-3.558534244602,34.142863269954,
    11.507193977726));
#2935 = CARTESIAN_POINT('',(-3.795468362049,34.04374711953,
    11.40788116832));
#2936 = CARTESIAN_POINT('',(-4.03738533591,33.951540290028,
    11.320310539471));
#2937 = CARTESIAN_POINT('',(-4.284382184081,33.86827136521,
    11.244625380046));
#2938 = CARTESIAN_POINT('',(-4.738026105216,33.738479421759,
    11.130543070797));
#2939 = CARTESIAN_POINT('',(-4.943384178035,33.687749090271,
    11.087541846841));
#2940 = CARTESIAN_POINT('',(-5.151628960735,33.645427941154,
    11.052760638067));
#2941 = CARTESIAN_POINT('',(-5.361938926861,33.612750309345,
    11.026483822465));
#2942 = CARTESIAN_POINT('',(-5.573721682261,33.590594048834,
    11.008860262359));
#2943 = CARTESIAN_POINT('',(-5.786534050848,33.579455265819,11.));
#2944 = CARTESIAN_POINT('',(-6.,33.579455265819,11.));
#2945 = PCURVE('',#2639,#2946);
#2946 = DEFINITIONAL_REPRESENTATION('',(#2947),#2980);
#2947 = B_SPLINE_CURVE_WITH_KNOTS('',7,(#2948,#2949,#2950,#2951,#2952,
    #2953,#2954,#2955,#2956,#2957,#2958,#2959,#2960,#2961,#2962,#2963,
    #2964,#2965,#2966,#2967,#2968,#2969,#2970,#2971,#2972,#2973,#2974,
    #2975,#2976,#2977,#2978,#2979),.UNSPECIFIED.,.F.,.F.,(8,6,6,6,6,8),(
    0.,0.179827365184,0.351516486621,0.609183124435,0.82654187768,1.),
  .UNSPECIFIED.);
#2948 = CARTESIAN_POINT('',(1.570796326795,8.799099172206));
#2949 = CARTESIAN_POINT('',(1.522946898393,8.721518096814));
#2950 = CARTESIAN_POINT('',(1.473689585397,8.660243359882));
#2951 = CARTESIAN_POINT('',(1.423572944887,8.617330577024));
#2952 = CARTESIAN_POINT('',(1.373119150121,8.59347507767));
#2953 = CARTESIAN_POINT('',(1.322850975769,8.588100463832));
#2954 = CARTESIAN_POINT('',(1.273336241135,8.599451083615));
#2955 = CARTESIAN_POINT('',(1.179339379308,8.648783617761));
#2956 = CARTESIAN_POINT('',(1.134601567889,8.685605299581));
#2957 = CARTESIAN_POINT('',(1.091005098089,8.733146639201));
#2958 = CARTESIAN_POINT('',(1.048522269799,8.789600316708));
#2959 = CARTESIAN_POINT('',(1.007128214308,8.853326875876));
#2960 = CARTESIAN_POINT('',(0.966800860256,8.92283460563));
#2961 = CARTESIAN_POINT('',(0.868572074312,9.10773271038));
#2962 = CARTESIAN_POINT('',(0.811675841711,9.229247163352));
#2963 = CARTESIAN_POINT('',(0.756537355432,9.357449033748));
#2964 = CARTESIAN_POINT('',(0.702861612359,9.489386100891));
#2965 = CARTESIAN_POINT('',(0.650329609258,9.622722828508));
#2966 = CARTESIAN_POINT('',(0.598596660491,9.75547276421));
#2967 = CARTESIAN_POINT('',(0.503979072487,9.995250017943));
#2968 = CARTESIAN_POINT('',(0.461023104401,10.102934204063));
#2969 = CARTESIAN_POINT('',(0.418247754901,10.207136730046));
#2970 = CARTESIAN_POINT('',(0.375524424569,10.30625288047));
#2971 = CARTESIAN_POINT('',(0.332730033374,10.398459709972));
#2972 = CARTESIAN_POINT('',(0.289730435014,10.48172863479));
#2973 = CARTESIAN_POINT('',(0.21176898078,10.611520578241));
#2974 = CARTESIAN_POINT('',(0.176828282219,10.662250909729));
#2975 = CARTESIAN_POINT('',(0.141687251654,10.704572058846));
#2976 = CARTESIAN_POINT('',(0.106417180927,10.737249690655));
#2977 = CARTESIAN_POINT('',(7.104634184572E-02,10.759405951166));
#2978 = CARTESIAN_POINT('',(3.557765819197E-02,10.770544734181));
#2979 = CARTESIAN_POINT('',(0.,10.770544734181));
#2980 = ( GEOMETRIC_REPRESENTATION_CONTEXT(2) 
PARAMETRIC_REPRESENTATION_CONTEXT() REPRESENTATION_CONTEXT('2D SPACE',''
  ) );
#2981 = PCURVE('',#2567,#2982);
#2982 = DEFINITIONAL_REPRESENTATION('',(#2983),#3016);
#2983 = B_SPLINE_CURVE_WITH_KNOTS('',7,(#2984,#2985,#2986,#2987,#2988,
    #2989,#2990,#2991,#2992,#2993,#2994,#2995,#2996,#2997,#2998,#2999,
    #3000,#3001,#3002,#3003,#3004,#3005,#3006,#3007,#3008,#3009,#3010,
    #3011,#3012,#3013,#3014,#3015),.UNSPECIFIED.,.F.,.F.,(8,6,6,6,6,8),(
    0.,0.179827365184,0.351516486621,0.609183124435,0.82654187768,1.),
  .UNSPECIFIED.);
#2984 = CARTESIAN_POINT('',(4.448466132255,0.5));
#2985 = CARTESIAN_POINT('',(4.500186849183,0.5));
#2986 = CARTESIAN_POINT('',(4.552586003181,0.516026343503));
#2987 = CARTESIAN_POINT('',(4.605063458229,0.549780411));
#2988 = CARTESIAN_POINT('',(4.657086293563,0.601832368231));
#2989 = CARTESIAN_POINT('',(4.708137986806,0.671535388915));
#2990 = CARTESIAN_POINT('',(4.757674851262,0.756932679939));
#2991 = CARTESIAN_POINT('',(4.85035880207,0.94795932498));
#2992 = CARTESIAN_POINT('',(4.893821163012,1.052760664502));
#2993 = CARTESIAN_POINT('',(4.935551383076,1.167527088335));
#2994 = CARTESIAN_POINT('',(4.975603453323,1.290825031447));
#2995 = CARTESIAN_POINT('',(5.014017959246,1.421329328505));
#2996 = CARTESIAN_POINT('',(5.05082635868,1.557822480272));
#2997 = CARTESIAN_POINT('',(5.138918644453,1.911339402931));
#2998 = CARTESIAN_POINT('',(5.18849647611,2.135567431355));
#2999 = CARTESIAN_POINT('',(5.23504735347,2.369289061294));
#3000 = CARTESIAN_POINT('',(5.278771618767,2.610842650357));
#3001 = CARTESIAN_POINT('',(5.31982834988,2.859402893882));
#3002 = CARTESIAN_POINT('',(5.358314014447,3.114871330578));
#3003 = CARTESIAN_POINT('',(5.424483582458,3.599661450227));
#3004 = CARTESIAN_POINT('',(5.452882782128,3.826581016177));
#3005 = CARTESIAN_POINT('',(5.47934287201,4.058534244602));
#3006 = CARTESIAN_POINT('',(5.50372752746,4.295468362049));
#3007 = CARTESIAN_POINT('',(5.525834008509,4.53738533591));
#3008 = CARTESIAN_POINT('',(5.545400988476,4.784382184081));
#3009 = CARTESIAN_POINT('',(5.575453606161,5.238026105216));
#3010 = CARTESIAN_POINT('',(5.587017463673,5.443384178035));
#3011 = CARTESIAN_POINT('',(5.596543178186,5.651628960735));
#3012 = CARTESIAN_POINT('',(5.603835437825,5.861938926861));
#3013 = CARTESIAN_POINT('',(5.608759154984,6.073721682261));
#3014 = CARTESIAN_POINT('',(5.611234410684,6.286534050848));
#3015 = CARTESIAN_POINT('',(5.611234410684,6.5));
#3016 = ( GEOMETRIC_REPRESENTATION_CONTEXT(2) 
PARAMETRIC_REPRESENTATION_CONTEXT() REPRESENTATION_CONTEXT('2D SPACE',''
  ) );
#3017 = ADVANCED_FACE('',(#3018),#2567,.F.);
#3018 = FACE_BOUND('',#3019,.F.);
#3019 = EDGE_LOOP('',(#3020,#3042,#3043,#3171,#3193,#3194));
#3020 = ORIENTED_EDGE('',*,*,#3021,.F.);
#3021 = EDGE_CURVE('',#2553,#2579,#3022,.T.);
#3022 = SURFACE_CURVE('',#3023,(#3028,#3035),.PCURVE_S1.);
#3023 = CIRCLE('',#3024,5.75);
#3024 = AXIS2_PLACEMENT_3D('',#3025,#3026,#3027);
#3025 = CARTESIAN_POINT('',(-9.,30.,15.5));
#3026 = DIRECTION('',(-1.,0.,0.));
#3027 = DIRECTION('',(0.,0.,-1.));
#3028 = PCURVE('',#2567,#3029);
#3029 = DEFINITIONAL_REPRESENTATION('',(#3030),#3034);
#3030 = LINE('',#3031,#3032);
#3031 = CARTESIAN_POINT('',(0.,9.5));
#3032 = VECTOR('',#3033,1.);
#3033 = DIRECTION('',(1.,0.));
#3034 = ( GEOMETRIC_REPRESENTATION_CONTEXT(2) 
PARAMETRIC_REPRESENTATION_CONTEXT() REPRESENTATION_CONTEXT('2D SPACE',''
  ) );
#3035 = PCURVE('',#2593,#3036);
#3036 = DEFINITIONAL_REPRESENTATION('',(#3037),#3041);
#3037 = CIRCLE('',#3038,5.75);
#3038 = AXIS2_PLACEMENT_2D('',#3039,#3040);
#3039 = CARTESIAN_POINT('',(0.,0.));
#3040 = DIRECTION('',(1.,0.));
#3041 = ( GEOMETRIC_REPRESENTATION_CONTEXT(2) 
PARAMETRIC_REPRESENTATION_CONTEXT() REPRESENTATION_CONTEXT('2D SPACE',''
  ) );
#3042 = ORIENTED_EDGE('',*,*,#2552,.F.);
#3043 = ORIENTED_EDGE('',*,*,#3044,.T.);
#3044 = EDGE_CURVE('',#2525,#3045,#3047,.T.);
#3045 = VERTEX_POINT('',#3046);
#3046 = CARTESIAN_POINT('',(8.881784197001E-16,24.449099172206,17.));
#3047 = SURFACE_CURVE('',#3048,(#3087,#3129),.PCURVE_S1.);
#3048 = B_SPLINE_CURVE_WITH_KNOTS('',7,(#3049,#3050,#3051,#3052,#3053,
    #3054,#3055,#3056,#3057,#3058,#3059,#3060,#3061,#3062,#3063,#3064,
    #3065,#3066,#3067,#3068,#3069,#3070,#3071,#3072,#3073,#3074,#3075,
    #3076,#3077,#3078,#3079,#3080,#3081,#3082,#3083,#3084,#3085,#3086),
  .UNSPECIFIED.,.F.,.F.,(8,6,6,6,6,6,8),(0.,0.170268649692,
    0.392056660366,0.649287491224,0.744809017784,0.930344395873,1.),
  .UNSPECIFIED.);
#3049 = CARTESIAN_POINT('',(-6.,26.420544734181,11.));
#3050 = CARTESIAN_POINT('',(-5.790552216594,26.420544734181,11.));
#3051 = CARTESIAN_POINT('',(-5.581731785285,26.409821333608,
    11.008529853139));
#3052 = CARTESIAN_POINT('',(-5.373902408035,26.38848882265,
    11.02549817362));
#3053 = CARTESIAN_POINT('',(-5.167486146957,26.357011384503,
    11.050799573314));
#3054 = CARTESIAN_POINT('',(-4.963038890234,26.316207444424,
    11.084292421651));
#3055 = CARTESIAN_POINT('',(-4.761323558912,26.267225625567,
    11.125713254181));
#3056 = CARTESIAN_POINT('',(-4.305545719987,26.138895384054,
    11.238112568635));
#3057 = CARTESIAN_POINT('',(-4.053231236343,26.054594948078,
    11.314459661817));
#3058 = CARTESIAN_POINT('',(-3.806193622575,25.960871857134,
    11.403185952828));
#3059 = CARTESIAN_POINT('',(-3.564331957668,25.859889235688,
    11.504134898019));
#3060 = CARTESIAN_POINT('',(-3.327651273404,25.753590292948,
    11.617289133911));
#3061 = CARTESIAN_POINT('',(-3.096216311753,25.643681998693,
    11.742787261247));
#3062 = CARTESIAN_POINT('',(-2.607840862256,25.401832705425,
    12.041396675686));
#3063 = CARTESIAN_POINT('',(-2.353050814483,25.269333141347,
    12.218719285987));
#3064 = CARTESIAN_POINT('',(-2.105145764429,25.136289920856,
    12.413995093698));
#3065 = CARTESIAN_POINT('',(-1.864229523077,25.004678636667,
    12.628629178599));
#3066 = CARTESIAN_POINT('',(-1.631130145986,24.876825864952,
    12.864276458293));
#3067 = CARTESIAN_POINT('',(-1.407507951132,24.755673482109,
    13.122664286708));
#3068 = CARTESIAN_POINT('',(-1.117370726548,24.60400092825,
    13.510425623358));
#3069 = CARTESIAN_POINT('',(-1.040414646228,24.564357479842,
    13.618857284813));
#3070 = CARTESIAN_POINT('',(-0.96521099099,24.526346149466,
    13.730801970408));
#3071 = CARTESIAN_POINT('',(-0.891922492336,24.490190305884,
    13.846335164676));
#3072 = CARTESIAN_POINT('',(-0.820731290955,24.456133623753,
    13.96552438415));
#3073 = CARTESIAN_POINT('',(-0.751838094602,24.424441298591,
    14.088428667358));
#3074 = CARTESIAN_POINT('',(-0.556535035798,24.33899560731,
    14.461133229805));
#3075 = CARTESIAN_POINT('',(-0.435759868443,24.292008716431,
    14.723935708174));
#3076 = CARTESIAN_POINT('',(-0.326790143817,24.257671219965,
    15.001168342212));
#3077 = CARTESIAN_POINT('',(-0.232417716181,24.238723647395,
    15.290294443005));
#3078 = CARTESIAN_POINT('',(-0.154665551997,24.237339850019,
    15.588560179884));
#3079 = CARTESIAN_POINT('',(-9.483009740337E-02,24.255077984477,
    15.89303985604));
#3080 = CARTESIAN_POINT('',(-3.794552923553E-02,24.307043216125,
    16.316265558183));
#3081 = CARTESIAN_POINT('',(-2.508535384065E-02,24.323995489213,
    16.431778107167));
#3082 = CARTESIAN_POINT('',(-1.489743161553E-02,24.343711493466,
    16.547017580738));
#3083 = CARTESIAN_POINT('',(-7.358728949208E-03,24.366158070194,
    16.661720599134));
#3084 = CARTESIAN_POINT('',(-2.418646570638E-03,24.391272387661,
    16.775625088059));
#3085 = CARTESIAN_POINT('',(8.881784197001E-16,24.418961044346,
    16.888470827409));
#3086 = CARTESIAN_POINT('',(8.881784197001E-16,24.449099172206,17.));
#3087 = PCURVE('',#2567,#3088);
#3088 = DEFINITIONAL_REPRESENTATION('',(#3089),#3128);
#3089 = B_SPLINE_CURVE_WITH_KNOTS('',7,(#3090,#3091,#3092,#3093,#3094,
    #3095,#3096,#3097,#3098,#3099,#3100,#3101,#3102,#3103,#3104,#3105,
    #3106,#3107,#3108,#3109,#3110,#3111,#3112,#3113,#3114,#3115,#3116,
    #3117,#3118,#3119,#3120,#3121,#3122,#3123,#3124,#3125,#3126,#3127),
  .UNSPECIFIED.,.F.,.F.,(8,6,6,6,6,6,8),(0.,0.170268649692,
    0.392056660366,0.649287491224,0.744809017784,0.930344395873,1.),
  .UNSPECIFIED.);
#3090 = CARTESIAN_POINT('',(0.671950896496,6.5));
#3091 = CARTESIAN_POINT('',(0.671950896496,6.290552216594));
#3092 = CARTESIAN_POINT('',(0.674333849268,6.081731785285));
#3093 = CARTESIAN_POINT('',(0.679074494187,5.873902408035));
#3094 = CARTESIAN_POINT('',(0.686097822061,5.667486146957));
#3095 = CARTESIAN_POINT('',(0.695277548238,5.463038890234));
#3096 = CARTESIAN_POINT('',(0.706431915077,5.261323558912));
#3097 = CARTESIAN_POINT('',(0.736100408241,4.805545719987));
#3098 = CARTESIAN_POINT('',(0.755877591216,4.553231236343));
#3099 = CARTESIAN_POINT('',(0.778313407595,4.306193622575));
#3100 = CARTESIAN_POINT('',(0.803127893391,4.064331957668));
#3101 = CARTESIAN_POINT('',(0.830103678478,3.827651273404));
#3102 = CARTESIAN_POINT('',(0.859094795261,3.596216311753));
#3103 = CARTESIAN_POINT('',(0.925923281098,3.107840862256));
#3104 = CARTESIAN_POINT('',(0.964391007922,2.853050814482));
#3105 = CARTESIAN_POINT('',(1.005420153268,2.605145764429));
#3106 = CARTESIAN_POINT('',(1.049108300365,2.364229523076));
#3107 = CARTESIAN_POINT('',(1.095614728291,2.131130145986));
#3108 = CARTESIAN_POINT('',(1.1451394652,1.907507951132));
#3109 = CARTESIAN_POINT('',(1.217551522347,1.617370726548));
#3110 = CARTESIAN_POINT('',(1.237625006152,1.540414646228));
#3111 = CARTESIAN_POINT('',(1.258176419796,1.46521099099));
#3112 = CARTESIAN_POINT('',(1.279218733121,1.391922492336));
#3113 = CARTESIAN_POINT('',(1.300765499296,1.320731290955));
#3114 = CARTESIAN_POINT('',(1.322831316934,1.251838094602));
#3115 = CARTESIAN_POINT('',(1.389331093252,1.056535035798));
#3116 = CARTESIAN_POINT('',(1.435706221757,0.935759868443));
#3117 = CARTESIAN_POINT('',(1.484173814406,0.826790143817));
#3118 = CARTESIAN_POINT('',(1.53440648913,0.732417716181));
#3119 = CARTESIAN_POINT('',(1.586118605446,0.654665551997));
#3120 = CARTESIAN_POINT('',(1.639052908801,0.594830097403));
#3121 = CARTESIAN_POINT('',(1.713210128036,0.537945529236));
#3122 = CARTESIAN_POINT('',(1.733508826608,0.525085353841));
#3123 = CARTESIAN_POINT('',(1.753832500663,0.514897431616));
#3124 = CARTESIAN_POINT('',(1.774148886814,0.507358728949));
#3125 = CARTESIAN_POINT('',(1.794425094742,0.502418646571));
#3126 = CARTESIAN_POINT('',(1.814627089685,0.5));
#3127 = CARTESIAN_POINT('',(1.834719174925,0.5));
#3128 = ( GEOMETRIC_REPRESENTATION_CONTEXT(2) 
PARAMETRIC_REPRESENTATION_CONTEXT() REPRESENTATION_CONTEXT('2D SPACE',''
  ) );
#3129 = PCURVE('',#2540,#3130);
#3130 = DEFINITIONAL_REPRESENTATION('',(#3131),#3170);
#3131 = B_SPLINE_CURVE_WITH_KNOTS('',7,(#3132,#3133,#3134,#3135,#3136,
    #3137,#3138,#3139,#3140,#3141,#3142,#3143,#3144,#3145,#3146,#3147,
    #3148,#3149,#3150,#3151,#3152,#3153,#3154,#3155,#3156,#3157,#3158,
    #3159,#3160,#3161,#3162,#3163,#3164,#3165,#3166,#3167,#3168,#3169),
  .UNSPECIFIED.,.F.,.F.,(8,6,6,6,6,6,8),(0.,0.170268649692,
    0.392056660366,0.649287491224,0.744809017784,0.930344395873,1.),
  .UNSPECIFIED.);
#3132 = CARTESIAN_POINT('',(0.,17.929455265819));
#3133 = CARTESIAN_POINT('',(3.490796390097E-02,17.929455265819));
#3134 = CARTESIAN_POINT('',(6.97113289944E-02,17.940178666392));
#3135 = CARTESIAN_POINT('',(0.104419177944,17.96151117735));
#3136 = CARTESIAN_POINT('',(0.139028251646,17.992988615497));
#3137 = CARTESIAN_POINT('',(0.17351241468,18.033792555576));
#3138 = CARTESIAN_POINT('',(0.207806626444,18.082774374433));
#3139 = CARTESIAN_POINT('',(0.286045407028,18.211104615946));
#3140 = CARTESIAN_POINT('',(0.329921413767,18.295405051922));
#3141 = CARTESIAN_POINT('',(0.373578704331,18.389128142866));
#3142 = CARTESIAN_POINT('',(0.417159162108,18.490110764312));
#3143 = CARTESIAN_POINT('',(0.46079184838,18.596409707052));
#3144 = CARTESIAN_POINT('',(0.50461144085,18.706318001307));
#3145 = CARTESIAN_POINT('',(0.600016740328,18.948167294575));
#3146 = CARTESIAN_POINT('',(0.651662893056,19.080666858653));
#3147 = CARTESIAN_POINT('',(0.704110568854,19.213710079144));
#3148 = CARTESIAN_POINT('',(0.757702788443,19.345321363333));
#3149 = CARTESIAN_POINT('',(0.812756892068,19.473174135048));
#3150 = CARTESIAN_POINT('',(0.869566290476,19.594326517891));
#3151 = CARTESIAN_POINT('',(0.950281575978,19.74599907175));
#3152 = CARTESIAN_POINT('',(0.972435379975,19.785642520158));
#3153 = CARTESIAN_POINT('',(0.994900066188,19.823653850534));
#3154 = CARTESIAN_POINT('',(1.017688590479,19.859809694116));
#3155 = CARTESIAN_POINT('',(1.040813374295,19.893866376247));
#3156 = CARTESIAN_POINT('',(1.064286719726,19.925558701409));
#3157 = CARTESIAN_POINT('',(1.134415960664,20.01100439269));
#3158 = CARTESIAN_POINT('',(1.18255544813,20.057991283569));
#3159 = CARTESIAN_POINT('',(1.232073919879,20.092328780035));
#3160 = CARTESIAN_POINT('',(1.28260142445,20.111276352605));
#3161 = CARTESIAN_POINT('',(1.33382187683,20.112660149981));
#3162 = CARTESIAN_POINT('',(1.385444672586,20.094922015523));
#3163 = CARTESIAN_POINT('',(1.456616578921,20.042956783875));
#3164 = CARTESIAN_POINT('',(1.475982604131,20.026004510787));
#3165 = CARTESIAN_POINT('',(1.495256183993,20.006288506534));
#3166 = CARTESIAN_POINT('',(1.514405941958,19.983841929806));
#3167 = CARTESIAN_POINT('',(1.533400505768,19.958727612339));
#3168 = CARTESIAN_POINT('',(1.552208131363,19.931038955654));
#3169 = CARTESIAN_POINT('',(1.570796326795,19.900900827794));
#3170 = ( GEOMETRIC_REPRESENTATION_CONTEXT(2) 
PARAMETRIC_REPRESENTATION_CONTEXT() REPRESENTATION_CONTEXT('2D SPACE',''
  ) );
#3171 = ORIENTED_EDGE('',*,*,#3172,.T.);
#3172 = EDGE_CURVE('',#3045,#2888,#3173,.T.);
#3173 = SURFACE_CURVE('',#3174,(#3179,#3186),.PCURVE_S1.);
#3174 = CIRCLE('',#3175,5.75);
#3175 = AXIS2_PLACEMENT_3D('',#3176,#3177,#3178);
#3176 = CARTESIAN_POINT('',(0.,30.,15.5));
#3177 = DIRECTION('',(-1.,0.,0.));
#3178 = DIRECTION('',(0.,0.,-1.));
#3179 = PCURVE('',#2567,#3180);
#3180 = DEFINITIONAL_REPRESENTATION('',(#3181),#3185);
#3181 = LINE('',#3182,#3183);
#3182 = CARTESIAN_POINT('',(0.,0.5));
#3183 = VECTOR('',#3184,1.);
#3184 = DIRECTION('',(1.,0.));
#3185 = ( GEOMETRIC_REPRESENTATION_CONTEXT(2) 
PARAMETRIC_REPRESENTATION_CONTEXT() REPRESENTATION_CONTEXT('2D SPACE',''
  ) );
#3186 = PCURVE('',#2695,#3187);
#3187 = DEFINITIONAL_REPRESENTATION('',(#3188),#3192);
#3188 = CIRCLE('',#3189,5.75);
#3189 = AXIS2_PLACEMENT_2D('',#3190,#3191);
#3190 = CARTESIAN_POINT('',(4.5,-14.35));
#3191 = DIRECTION('',(-1.,0.));
#3192 = ( GEOMETRIC_REPRESENTATION_CONTEXT(2) 
PARAMETRIC_REPRESENTATION_CONTEXT() REPRESENTATION_CONTEXT('2D SPACE',''
  ) );
#3193 = ORIENTED_EDGE('',*,*,#2910,.T.);
#3194 = ORIENTED_EDGE('',*,*,#2604,.T.);
#3195 = ADVANCED_FACE('',(#3196,#3200),#2593,.F.);
#3196 = FACE_BOUND('',#3197,.F.);
#3197 = EDGE_LOOP('',(#3198,#3199));
#3198 = ORIENTED_EDGE('',*,*,#2578,.T.);
#3199 = ORIENTED_EDGE('',*,*,#3021,.T.);
#3200 = FACE_BOUND('',#3201,.F.);
#3201 = EDGE_LOOP('',(#3202));
#3202 = ORIENTED_EDGE('',*,*,#3203,.T.);
#3203 = EDGE_CURVE('',#3204,#3204,#3206,.T.);
#3204 = VERTEX_POINT('',#3205);
#3205 = CARTESIAN_POINT('',(-9.,30.,17.2));
#3206 = SURFACE_CURVE('',#3207,(#3212,#3223),.PCURVE_S1.);
#3207 = CIRCLE('',#3208,1.7);
#3208 = AXIS2_PLACEMENT_3D('',#3209,#3210,#3211);
#3209 = CARTESIAN_POINT('',(-9.,30.,15.5));
#3210 = DIRECTION('',(1.,0.,0.));
#3211 = DIRECTION('',(-0.,0.,1.));
#3212 = PCURVE('',#2593,#3213);
#3213 = DEFINITIONAL_REPRESENTATION('',(#3214),#3222);
#3214 = ( BOUNDED_CURVE() B_SPLINE_CURVE(2,(#3215,#3216,#3217,#3218,
#3219,#3220,#3221),.UNSPECIFIED.,.T.,.F.) B_SPLINE_CURVE_WITH_KNOTS((1,2
    ,2,2,2,1),(-2.094395102393,0.,2.094395102393,4.188790204786,
6.28318530718,8.377580409573),.UNSPECIFIED.) CURVE() 
GEOMETRIC_REPRESENTATION_ITEM() RATIONAL_B_SPLINE_CURVE((1.,0.5,1.,0.5,
1.,0.5,1.)) REPRESENTATION_ITEM('') );
#3215 = CARTESIAN_POINT('',(-1.7,0.));
#3216 = CARTESIAN_POINT('',(-1.7,2.944486372867));
#3217 = CARTESIAN_POINT('',(0.85,1.472243186434));
#3218 = CARTESIAN_POINT('',(3.4,4.163799117101E-16));
#3219 = CARTESIAN_POINT('',(0.85,-1.472243186434));
#3220 = CARTESIAN_POINT('',(-1.7,-2.944486372867));
#3221 = CARTESIAN_POINT('',(-1.7,0.));
#3222 = ( GEOMETRIC_REPRESENTATION_CONTEXT(2) 
PARAMETRIC_REPRESENTATION_CONTEXT() REPRESENTATION_CONTEXT('2D SPACE',''
  ) );
#3223 = PCURVE('',#3224,#3229);
#3224 = CYLINDRICAL_SURFACE('',#3225,1.7);
#3225 = AXIS2_PLACEMENT_3D('',#3226,#3227,#3228);
#3226 = CARTESIAN_POINT('',(-19.,30.,15.5));
#3227 = DIRECTION('',(1.,0.,0.));
#3228 = DIRECTION('',(-0.,0.,1.));
#3229 = DEFINITIONAL_REPRESENTATION('',(#3230),#3234);
#3230 = LINE('',#3231,#3232);
#3231 = CARTESIAN_POINT('',(0.,10.));
#3232 = VECTOR('',#3233,1.);
#3233 = DIRECTION('',(1.,0.));
#3234 = ( GEOMETRIC_REPRESENTATION_CONTEXT(2) 
PARAMETRIC_REPRESENTATION_CONTEXT() REPRESENTATION_CONTEXT('2D SPACE',''
  ) );
#3235 = ADVANCED_FACE('',(#3236),#2540,.T.);
#3236 = FACE_BOUND('',#3237,.T.);
#3237 = EDGE_LOOP('',(#3238,#3239,#3240,#3263));
#3238 = ORIENTED_EDGE('',*,*,#2524,.F.);
#3239 = ORIENTED_EDGE('',*,*,#3044,.T.);
#3240 = ORIENTED_EDGE('',*,*,#3241,.T.);
#3241 = EDGE_CURVE('',#3045,#3242,#3244,.T.);
#3242 = VERTEX_POINT('',#3243);
#3243 = CARTESIAN_POINT('',(8.881784197001E-16,15.65,17.));
#3244 = SURFACE_CURVE('',#3245,(#3249,#3256),.PCURVE_S1.);
#3245 = LINE('',#3246,#3247);
#3246 = CARTESIAN_POINT('',(8.881784197001E-16,44.35,17.));
#3247 = VECTOR('',#3248,1.);
#3248 = DIRECTION('',(0.,-1.,0.));
#3249 = PCURVE('',#2540,#3250);
#3250 = DEFINITIONAL_REPRESENTATION('',(#3251),#3255);
#3251 = LINE('',#3252,#3253);
#3252 = CARTESIAN_POINT('',(1.570796326795,0.));
#3253 = VECTOR('',#3254,1.);
#3254 = DIRECTION('',(0.,1.));
#3255 = ( GEOMETRIC_REPRESENTATION_CONTEXT(2) 
PARAMETRIC_REPRESENTATION_CONTEXT() REPRESENTATION_CONTEXT('2D SPACE',''
  ) );
#3256 = PCURVE('',#2695,#3257);
#3257 = DEFINITIONAL_REPRESENTATION('',(#3258),#3262);
#3258 = LINE('',#3259,#3260);
#3259 = CARTESIAN_POINT('',(6.,0.));
#3260 = VECTOR('',#3261,1.);
#3261 = DIRECTION('',(0.,-1.));
#3262 = ( GEOMETRIC_REPRESENTATION_CONTEXT(2) 
PARAMETRIC_REPRESENTATION_CONTEXT() REPRESENTATION_CONTEXT('2D SPACE',''
  ) );
#3263 = ORIENTED_EDGE('',*,*,#3264,.F.);
#3264 = EDGE_CURVE('',#2497,#3242,#3265,.T.);
#3265 = SURFACE_CURVE('',#3266,(#3271,#3278),.PCURVE_S1.);
#3266 = CIRCLE('',#3267,6.);
#3267 = AXIS2_PLACEMENT_3D('',#3268,#3269,#3270);
#3268 = CARTESIAN_POINT('',(-6.,15.65,17.));
#3269 = DIRECTION('',(0.,-1.,0.));
#3270 = DIRECTION('',(0.,-0.,-1.));
#3271 = PCURVE('',#2540,#3272);
#3272 = DEFINITIONAL_REPRESENTATION('',(#3273),#3277);
#3273 = LINE('',#3274,#3275);
#3274 = CARTESIAN_POINT('',(0.,28.7));
#3275 = VECTOR('',#3276,1.);
#3276 = DIRECTION('',(1.,0.));
#3277 = ( GEOMETRIC_REPRESENTATION_CONTEXT(2) 
PARAMETRIC_REPRESENTATION_CONTEXT() REPRESENTATION_CONTEXT('2D SPACE',''
  ) );
#3278 = PCURVE('',#2512,#3279);
#3279 = DEFINITIONAL_REPRESENTATION('',(#3280),#3284);
#3280 = CIRCLE('',#3281,6.);
#3281 = AXIS2_PLACEMENT_2D('',#3282,#3283);
#3282 = CARTESIAN_POINT('',(10.5,3.));
#3283 = DIRECTION('',(1.,0.));
#3284 = ( GEOMETRIC_REPRESENTATION_CONTEXT(2) 
PARAMETRIC_REPRESENTATION_CONTEXT() REPRESENTATION_CONTEXT('2D SPACE',''
  ) );
#3285 = ADVANCED_FACE('',(#3286,#3448),#2512,.T.);
#3286 = FACE_BOUND('',#3287,.T.);
#3287 = EDGE_LOOP('',(#3288,#3289,#3290,#3313,#3342,#3370,#3399,#3422));
#3288 = ORIENTED_EDGE('',*,*,#2496,.T.);
#3289 = ORIENTED_EDGE('',*,*,#3264,.T.);
#3290 = ORIENTED_EDGE('',*,*,#3291,.T.);
#3291 = EDGE_CURVE('',#3242,#3292,#3294,.T.);
#3292 = VERTEX_POINT('',#3293);
#3293 = CARTESIAN_POINT('',(8.881784197001E-16,15.65,38.));
#3294 = SURFACE_CURVE('',#3295,(#3299,#3306),.PCURVE_S1.);
#3295 = LINE('',#3296,#3297);
#3296 = CARTESIAN_POINT('',(0.,15.65,11.));
#3297 = VECTOR('',#3298,1.);
#3298 = DIRECTION('',(0.,0.,1.));
#3299 = PCURVE('',#2512,#3300);
#3300 = DEFINITIONAL_REPRESENTATION('',(#3301),#3305);
#3301 = LINE('',#3302,#3303);
#3302 = CARTESIAN_POINT('',(16.5,9.));
#3303 = VECTOR('',#3304,1.);
#3304 = DIRECTION('',(-1.,0.));
#3305 = ( GEOMETRIC_REPRESENTATION_CONTEXT(2) 
PARAMETRIC_REPRESENTATION_CONTEXT() REPRESENTATION_CONTEXT('2D SPACE',''
  ) );
#3306 = PCURVE('',#2695,#3307);
#3307 = DEFINITIONAL_REPRESENTATION('',(#3308),#3312);
#3308 = LINE('',#3309,#3310);
#3309 = CARTESIAN_POINT('',(0.,-28.7));
#3310 = VECTOR('',#3311,1.);
#3311 = DIRECTION('',(1.,0.));
#3312 = ( GEOMETRIC_REPRESENTATION_CONTEXT(2) 
PARAMETRIC_REPRESENTATION_CONTEXT() REPRESENTATION_CONTEXT('2D SPACE',''
  ) );
#3313 = ORIENTED_EDGE('',*,*,#3314,.T.);
#3314 = EDGE_CURVE('',#3292,#3315,#3317,.T.);
#3315 = VERTEX_POINT('',#3316);
#3316 = CARTESIAN_POINT('',(-6.,15.65,44.));
#3317 = SURFACE_CURVE('',#3318,(#3323,#3330),.PCURVE_S1.);
#3318 = CIRCLE('',#3319,6.);
#3319 = AXIS2_PLACEMENT_3D('',#3320,#3321,#3322);
#3320 = CARTESIAN_POINT('',(-6.,15.65,38.));
#3321 = DIRECTION('',(0.,-1.,0.));
#3322 = DIRECTION('',(0.,-0.,-1.));
#3323 = PCURVE('',#2512,#3324);
#3324 = DEFINITIONAL_REPRESENTATION('',(#3325),#3329);
#3325 = CIRCLE('',#3326,6.);
#3326 = AXIS2_PLACEMENT_2D('',#3327,#3328);
#3327 = CARTESIAN_POINT('',(-10.5,3.));
#3328 = DIRECTION('',(1.,0.));
#3329 = ( GEOMETRIC_REPRESENTATION_CONTEXT(2) 
PARAMETRIC_REPRESENTATION_CONTEXT() REPRESENTATION_CONTEXT('2D SPACE',''
  ) );
#3330 = PCURVE('',#3331,#3336);
#3331 = CYLINDRICAL_SURFACE('',#3332,6.);
#3332 = AXIS2_PLACEMENT_3D('',#3333,#3334,#3335);
#3333 = CARTESIAN_POINT('',(-6.,44.35,38.));
#3334 = DIRECTION('',(0.,-1.,0.));
#3335 = DIRECTION('',(1.,0.,-0.));
#3336 = DEFINITIONAL_REPRESENTATION('',(#3337),#3341);
#3337 = LINE('',#3338,#3339);
#3338 = CARTESIAN_POINT('',(-1.570796326795,28.7));
#3339 = VECTOR('',#3340,1.);
#3340 = DIRECTION('',(1.,0.));
#3341 = ( GEOMETRIC_REPRESENTATION_CONTEXT(2) 
PARAMETRIC_REPRESENTATION_CONTEXT() REPRESENTATION_CONTEXT('2D SPACE',''
  ) );
#3342 = ORIENTED_EDGE('',*,*,#3343,.T.);
#3343 = EDGE_CURVE('',#3315,#3344,#3346,.T.);
#3344 = VERTEX_POINT('',#3345);
#3345 = CARTESIAN_POINT('',(-12.,15.65,44.));
#3346 = SURFACE_CURVE('',#3347,(#3351,#3358),.PCURVE_S1.);
#3347 = LINE('',#3348,#3349);
#3348 = CARTESIAN_POINT('',(0.,15.65,44.));
#3349 = VECTOR('',#3350,1.);
#3350 = DIRECTION('',(-1.,0.,0.));
#3351 = PCURVE('',#2512,#3352);
#3352 = DEFINITIONAL_REPRESENTATION('',(#3353),#3357);
#3353 = LINE('',#3354,#3355);
#3354 = CARTESIAN_POINT('',(-16.5,9.));
#3355 = VECTOR('',#3356,1.);
#3356 = DIRECTION('',(0.,-1.));
#3357 = ( GEOMETRIC_REPRESENTATION_CONTEXT(2) 
PARAMETRIC_REPRESENTATION_CONTEXT() REPRESENTATION_CONTEXT('2D SPACE',''
  ) );
#3358 = PCURVE('',#3359,#3364);
#3359 = PLANE('',#3360);
#3360 = AXIS2_PLACEMENT_3D('',#3361,#3362,#3363);
#3361 = CARTESIAN_POINT('',(0.,44.35,44.));
#3362 = DIRECTION('',(-0.,-0.,-1.));
#3363 = DIRECTION('',(-1.,0.,0.));
#3364 = DEFINITIONAL_REPRESENTATION('',(#3365),#3369);
#3365 = LINE('',#3366,#3367);
#3366 = CARTESIAN_POINT('',(0.,-28.7));
#3367 = VECTOR('',#3368,1.);
#3368 = DIRECTION('',(1.,0.));
#3369 = ( GEOMETRIC_REPRESENTATION_CONTEXT(2) 
PARAMETRIC_REPRESENTATION_CONTEXT() REPRESENTATION_CONTEXT('2D SPACE',''
  ) );
#3370 = ORIENTED_EDGE('',*,*,#3371,.T.);
#3371 = EDGE_CURVE('',#3344,#3372,#3374,.T.);
#3372 = VERTEX_POINT('',#3373);
#3373 = CARTESIAN_POINT('',(-18.,15.65,38.));
#3374 = SURFACE_CURVE('',#3375,(#3380,#3387),.PCURVE_S1.);
#3375 = CIRCLE('',#3376,6.);
#3376 = AXIS2_PLACEMENT_3D('',#3377,#3378,#3379);
#3377 = CARTESIAN_POINT('',(-12.,15.65,38.));
#3378 = DIRECTION('',(0.,-1.,0.));
#3379 = DIRECTION('',(0.,-0.,-1.));
#3380 = PCURVE('',#2512,#3381);
#3381 = DEFINITIONAL_REPRESENTATION('',(#3382),#3386);
#3382 = CIRCLE('',#3383,6.);
#3383 = AXIS2_PLACEMENT_2D('',#3384,#3385);
#3384 = CARTESIAN_POINT('',(-10.5,-3.));
#3385 = DIRECTION('',(1.,0.));
#3386 = ( GEOMETRIC_REPRESENTATION_CONTEXT(2) 
PARAMETRIC_REPRESENTATION_CONTEXT() REPRESENTATION_CONTEXT('2D SPACE',''
  ) );
#3387 = PCURVE('',#3388,#3393);
#3388 = CYLINDRICAL_SURFACE('',#3389,6.);
#3389 = AXIS2_PLACEMENT_3D('',#3390,#3391,#3392);
#3390 = CARTESIAN_POINT('',(-12.,44.35,38.));
#3391 = DIRECTION('',(0.,-1.,0.));
#3392 = DIRECTION('',(-0.,0.,1.));
#3393 = DEFINITIONAL_REPRESENTATION('',(#3394),#3398);
#3394 = LINE('',#3395,#3396);
#3395 = CARTESIAN_POINT('',(-3.14159265359,28.7));
#3396 = VECTOR('',#3397,1.);
#3397 = DIRECTION('',(1.,0.));
#3398 = ( GEOMETRIC_REPRESENTATION_CONTEXT(2) 
PARAMETRIC_REPRESENTATION_CONTEXT() REPRESENTATION_CONTEXT('2D SPACE',''
  ) );
#3399 = ORIENTED_EDGE('',*,*,#3400,.T.);
#3400 = EDGE_CURVE('',#3372,#3401,#3403,.T.);
#3401 = VERTEX_POINT('',#3402);
#3402 = CARTESIAN_POINT('',(-18.,15.65,17.));
#3403 = SURFACE_CURVE('',#3404,(#3408,#3415),.PCURVE_S1.);
#3404 = LINE('',#3405,#3406);
#3405 = CARTESIAN_POINT('',(-18.,15.65,44.));
#3406 = VECTOR('',#3407,1.);
#3407 = DIRECTION('',(0.,0.,-1.));
#3408 = PCURVE('',#2512,#3409);
#3409 = DEFINITIONAL_REPRESENTATION('',(#3410),#3414);
#3410 = LINE('',#3411,#3412);
#3411 = CARTESIAN_POINT('',(-16.5,-9.));
#3412 = VECTOR('',#3413,1.);
#3413 = DIRECTION('',(1.,0.));
#3414 = ( GEOMETRIC_REPRESENTATION_CONTEXT(2) 
PARAMETRIC_REPRESENTATION_CONTEXT() REPRESENTATION_CONTEXT('2D SPACE',''
  ) );
#3415 = PCURVE('',#2809,#3416);
#3416 = DEFINITIONAL_REPRESENTATION('',(#3417),#3421);
#3417 = LINE('',#3418,#3419);
#3418 = CARTESIAN_POINT('',(0.,-28.7));
#3419 = VECTOR('',#3420,1.);
#3420 = DIRECTION('',(1.,0.));
#3421 = ( GEOMETRIC_REPRESENTATION_CONTEXT(2) 
PARAMETRIC_REPRESENTATION_CONTEXT() REPRESENTATION_CONTEXT('2D SPACE',''
  ) );
#3422 = ORIENTED_EDGE('',*,*,#3423,.F.);
#3423 = EDGE_CURVE('',#2469,#3401,#3424,.T.);
#3424 = SURFACE_CURVE('',#3425,(#3430,#3441),.PCURVE_S1.);
#3425 = CIRCLE('',#3426,6.);
#3426 = AXIS2_PLACEMENT_3D('',#3427,#3428,#3429);
#3427 = CARTESIAN_POINT('',(-12.,15.65,17.));
#3428 = DIRECTION('',(-0.,1.,0.));
#3429 = DIRECTION('',(0.,0.,-1.));
#3430 = PCURVE('',#2512,#3431);
#3431 = DEFINITIONAL_REPRESENTATION('',(#3432),#3440);
#3432 = ( BOUNDED_CURVE() B_SPLINE_CURVE(2,(#3433,#3434,#3435,#3436,
#3437,#3438,#3439),.UNSPECIFIED.,.T.,.F.) B_SPLINE_CURVE_WITH_KNOTS((1,2
    ,2,2,2,1),(-2.094395102393,0.,2.094395102393,4.188790204786,
6.28318530718,8.377580409573),.UNSPECIFIED.) CURVE() 
GEOMETRIC_REPRESENTATION_ITEM() RATIONAL_B_SPLINE_CURVE((1.,0.5,1.,0.5,
1.,0.5,1.)) REPRESENTATION_ITEM('') );
#3433 = CARTESIAN_POINT('',(16.5,-3.));
#3434 = CARTESIAN_POINT('',(16.5,-13.39230484541));
#3435 = CARTESIAN_POINT('',(7.5,-8.196152422707));
#3436 = CARTESIAN_POINT('',(-1.5,-3.));
#3437 = CARTESIAN_POINT('',(7.5,2.196152422707));
#3438 = CARTESIAN_POINT('',(16.5,7.392304845413));
#3439 = CARTESIAN_POINT('',(16.5,-3.));
#3440 = ( GEOMETRIC_REPRESENTATION_CONTEXT(2) 
PARAMETRIC_REPRESENTATION_CONTEXT() REPRESENTATION_CONTEXT('2D SPACE',''
  ) );
#3441 = PCURVE('',#2484,#3442);
#3442 = DEFINITIONAL_REPRESENTATION('',(#3443),#3447);
#3443 = LINE('',#3444,#3445);
#3444 = CARTESIAN_POINT('',(-0.,28.7));
#3445 = VECTOR('',#3446,1.);
#3446 = DIRECTION('',(-1.,0.));
#3447 = ( GEOMETRIC_REPRESENTATION_CONTEXT(2) 
PARAMETRIC_REPRESENTATION_CONTEXT() REPRESENTATION_CONTEXT('2D SPACE',''
  ) );
#3448 = FACE_BOUND('',#3449,.T.);
#3449 = EDGE_LOOP('',(#3450));
#3450 = ORIENTED_EDGE('',*,*,#3451,.T.);
#3451 = EDGE_CURVE('',#3452,#3452,#3454,.T.);
#3452 = VERTEX_POINT('',#3453);
#3453 = CARTESIAN_POINT('',(-15.,15.65,41.2));
#3454 = SURFACE_CURVE('',#3455,(#3460,#3471),.PCURVE_S1.);
#3455 = CIRCLE('',#3456,1.7);
#3456 = AXIS2_PLACEMENT_3D('',#3457,#3458,#3459);
#3457 = CARTESIAN_POINT('',(-15.,15.65,39.5));
#3458 = DIRECTION('',(0.,1.,0.));
#3459 = DIRECTION('',(0.,-0.,1.));
#3460 = PCURVE('',#2512,#3461);
#3461 = DEFINITIONAL_REPRESENTATION('',(#3462),#3470);
#3462 = ( BOUNDED_CURVE() B_SPLINE_CURVE(2,(#3463,#3464,#3465,#3466,
#3467,#3468,#3469),.UNSPECIFIED.,.T.,.F.) B_SPLINE_CURVE_WITH_KNOTS((1,2
    ,2,2,2,1),(-2.094395102393,0.,2.094395102393,4.188790204786,
6.28318530718,8.377580409573),.UNSPECIFIED.) CURVE() 
GEOMETRIC_REPRESENTATION_ITEM() RATIONAL_B_SPLINE_CURVE((1.,0.5,1.,0.5,
1.,0.5,1.)) REPRESENTATION_ITEM('') );
#3463 = CARTESIAN_POINT('',(-13.7,-6.));
#3464 = CARTESIAN_POINT('',(-13.7,-3.055513627133));
#3465 = CARTESIAN_POINT('',(-11.15,-4.527756813566));
#3466 = CARTESIAN_POINT('',(-8.6,-6.));
#3467 = CARTESIAN_POINT('',(-11.15,-7.472243186434));
#3468 = CARTESIAN_POINT('',(-13.7,-8.944486372867));
#3469 = CARTESIAN_POINT('',(-13.7,-6.));
#3470 = ( GEOMETRIC_REPRESENTATION_CONTEXT(2) 
PARAMETRIC_REPRESENTATION_CONTEXT() REPRESENTATION_CONTEXT('2D SPACE',''
  ) );
#3471 = PCURVE('',#3472,#3477);
#3472 = CYLINDRICAL_SURFACE('',#3473,1.7);
#3473 = AXIS2_PLACEMENT_3D('',#3474,#3475,#3476);
#3474 = CARTESIAN_POINT('',(-15.,15.65,39.5));
#3475 = DIRECTION('',(0.,1.,0.));
#3476 = DIRECTION('',(0.,-0.,1.));
#3477 = DEFINITIONAL_REPRESENTATION('',(#3478),#3482);
#3478 = LINE('',#3479,#3480);
#3479 = CARTESIAN_POINT('',(0.,0.));
#3480 = VECTOR('',#3481,1.);
#3481 = DIRECTION('',(1.,0.));
#3482 = ( GEOMETRIC_REPRESENTATION_CONTEXT(2) 
PARAMETRIC_REPRESENTATION_CONTEXT() REPRESENTATION_CONTEXT('2D SPACE',''
  ) );
#3483 = ADVANCED_FACE('',(#3484),#2484,.T.);
#3484 = FACE_BOUND('',#3485,.F.);
#3485 = EDGE_LOOP('',(#3486,#3487,#3488,#3511,#3761,#3782));
#3486 = ORIENTED_EDGE('',*,*,#2468,.F.);
#3487 = ORIENTED_EDGE('',*,*,#2821,.T.);
#3488 = ORIENTED_EDGE('',*,*,#3489,.T.);
#3489 = EDGE_CURVE('',#2794,#3490,#3492,.T.);
#3490 = VERTEX_POINT('',#3491);
#3491 = CARTESIAN_POINT('',(-18.,32.42332416321,17.));
#3492 = SURFACE_CURVE('',#3493,(#3497,#3504),.PCURVE_S1.);
#3493 = LINE('',#3494,#3495);
#3494 = CARTESIAN_POINT('',(-18.,44.35,17.));
#3495 = VECTOR('',#3496,1.);
#3496 = DIRECTION('',(0.,-1.,0.));
#3497 = PCURVE('',#2484,#3498);
#3498 = DEFINITIONAL_REPRESENTATION('',(#3499),#3503);
#3499 = LINE('',#3500,#3501);
#3500 = CARTESIAN_POINT('',(-1.570796326795,0.));
#3501 = VECTOR('',#3502,1.);
#3502 = DIRECTION('',(-0.,1.));
#3503 = ( GEOMETRIC_REPRESENTATION_CONTEXT(2) 
PARAMETRIC_REPRESENTATION_CONTEXT() REPRESENTATION_CONTEXT('2D SPACE',''
  ) );
#3504 = PCURVE('',#2809,#3505);
#3505 = DEFINITIONAL_REPRESENTATION('',(#3506),#3510);
#3506 = LINE('',#3507,#3508);
#3507 = CARTESIAN_POINT('',(27.,0.));
#3508 = VECTOR('',#3509,1.);
#3509 = DIRECTION('',(0.,-1.));
#3510 = ( GEOMETRIC_REPRESENTATION_CONTEXT(2) 
PARAMETRIC_REPRESENTATION_CONTEXT() REPRESENTATION_CONTEXT('2D SPACE',''
  ) );
#3511 = ORIENTED_EDGE('',*,*,#3512,.F.);
#3512 = EDGE_CURVE('',#3513,#3490,#3515,.T.);
#3513 = VERTEX_POINT('',#3514);
#3514 = CARTESIAN_POINT('',(-18.,27.57667583679,17.));
#3515 = SURFACE_CURVE('',#3516,(#3594,#3675),.PCURVE_S1.);
#3516 = B_SPLINE_CURVE_WITH_KNOTS('',6,(#3517,#3518,#3519,#3520,#3521,
    #3522,#3523,#3524,#3525,#3526,#3527,#3528,#3529,#3530,#3531,#3532,
    #3533,#3534,#3535,#3536,#3537,#3538,#3539,#3540,#3541,#3542,#3543,
    #3544,#3545,#3546,#3547,#3548,#3549,#3550,#3551,#3552,#3553,#3554,
    #3555,#3556,#3557,#3558,#3559,#3560,#3561,#3562,#3563,#3564,#3565,
    #3566,#3567,#3568,#3569,#3570,#3571,#3572,#3573,#3574,#3575,#3576,
    #3577,#3578,#3579,#3580,#3581,#3582,#3583,#3584,#3585,#3586,#3587,
    #3588,#3589,#3590,#3591,#3592,#3593),.UNSPECIFIED.,.F.,.F.,(7,5,5,5,
    5,5,5,5,5,5,5,5,5,5,5,7),(0.,8.460777365918E-02,0.140331841902,
    0.173904773962,0.213894024761,0.317043939496,0.417328666553,
    0.499373561874,0.554545713397,0.684892250215,0.75705626078,
    0.825169160087,0.859547846981,0.916533582094,0.968546150501,1.),
  .UNSPECIFIED.);
#3517 = CARTESIAN_POINT('',(-18.,27.576675836789,17.));
#3518 = CARTESIAN_POINT('',(-18.,27.477100324689,16.839130836975));
#3519 = CARTESIAN_POINT('',(-17.9948242171,27.38711297872,
    16.665117005634));
#3520 = CARTESIAN_POINT('',(-17.98288682619,27.310140458413,
    16.480011204995));
#3521 = CARTESIAN_POINT('',(-17.96279190143,27.248536118978,
    16.286407936223));
#3522 = CARTESIAN_POINT('',(-17.93371459072,27.203710661258,
    16.087178863273));
#3523 = CARTESIAN_POINT('',(-17.87040547991,27.158023448006,
    15.752342306475));
#3524 = CARTESIAN_POINT('',(-17.84146334405,27.147479028623,
    15.618978636444));
#3525 = CARTESIAN_POINT('',(-17.80878871344,27.144531415707,
    15.486197806667));
#3526 = CARTESIAN_POINT('',(-17.77262041791,27.14896593059,
    15.35498711756));
#3527 = CARTESIAN_POINT('',(-17.73336338154,27.160354278259,
    15.22631194221));
#3528 = CARTESIAN_POINT('',(-17.66641614219,27.188719422453,
    15.025651202159));
#3529 = CARTESIAN_POINT('',(-17.64030891782,27.201684316876,
    14.95139787172));
#3530 = CARTESIAN_POINT('',(-17.6133460408,27.216833946212,
    14.878418948172));
#3531 = CARTESIAN_POINT('',(-17.58561458191,27.234049098796,
    14.806793363236));
#3532 = CARTESIAN_POINT('',(-17.55720721875,27.253207086965,
    14.736593524063));
#3533 = CARTESIAN_POINT('',(-17.49369776367,27.299164996706,
    14.586045875729));
#3534 = CARTESIAN_POINT('',(-17.45834803131,27.326729452306,
    14.506309835807));
#3535 = CARTESIAN_POINT('',(-17.42230036683,27.35668999769,
    14.428701781094));
#3536 = CARTESIAN_POINT('',(-17.38568010446,27.388875270052,
    14.353236187754));
#3537 = CARTESIAN_POINT('',(-17.34860924012,27.423126915756,
    14.279918416384));
#3538 = CARTESIAN_POINT('',(-17.21472327954,27.552602207972,
    14.025159902633));
#3539 = CARTESIAN_POINT('',(-17.11597527678,27.658729260897,
    13.855754183723));
#3540 = CARTESIAN_POINT('',(-17.016723625,27.77543929962,13.70003425335)
  );
#3541 = CARTESIAN_POINT('',(-16.91845252821,27.901293387961,
    13.557319441379));
#3542 = CARTESIAN_POINT('',(-16.82248435278,28.035451812234,
    13.42702999059));
#3543 = CARTESIAN_POINT('',(-16.64061146229,28.315675722877,
    13.193956868651));
#3544 = CARTESIAN_POINT('',(-16.55440407296,28.461455972603,
    13.090385740909));
#3545 = CARTESIAN_POINT('',(-16.47320575284,28.61423038438,
    12.998174434118));
#3546 = CARTESIAN_POINT('',(-16.39871208677,28.773519568929,
    12.917509644549));
#3547 = CARTESIAN_POINT('',(-16.33278996736,28.938989167222,
    12.848714306617));
#3548 = CARTESIAN_POINT('',(-16.23205929431,29.250665892558,
    12.746313140966));
#3549 = CARTESIAN_POINT('',(-16.19370090188,29.395124593975,
    12.708510018624));
#3550 = CARTESIAN_POINT('',(-16.16374414588,29.542681124822,
    12.679694283903));
#3551 = CARTESIAN_POINT('',(-16.14324824907,29.69236427014,
    12.660217426264));
#3552 = CARTESIAN_POINT('',(-16.13279720681,29.843300630533,
    12.650288812213));
#3553 = CARTESIAN_POINT('',(-16.13229757723,30.096436974974,
    12.649814163745));
#3554 = CARTESIAN_POINT('',(-16.1366877691,30.198166962524,
    12.653985405755));
#3555 = CARTESIAN_POINT('',(-16.14566360612,30.299538128766,
    12.662509173057));
#3556 = CARTESIAN_POINT('',(-16.15910085196,30.400226932915,
    12.675339884648));
#3557 = CARTESIAN_POINT('',(-16.17676271894,30.499894061213,
    12.692383197142));
#3558 = CARTESIAN_POINT('',(-16.24920329952,30.83039914519,
    12.763333050123));
#3559 = CARTESIAN_POINT('',(-16.32147788095,31.053605398608,
    12.835540491586));
#3560 = CARTESIAN_POINT('',(-16.41104849783,31.26730612317,
    12.928425267958));
#3561 = CARTESIAN_POINT('',(-16.51359930921,31.470598868639,
    13.041186199147));
#3562 = CARTESIAN_POINT('',(-16.62511862035,31.662172813731,
    13.17316909206));
#3563 = CARTESIAN_POINT('',(-16.80662118073,31.939013695916,
    13.40729397739));
#3564 = CARTESIAN_POINT('',(-16.87307775079,32.033795454548,
    13.496656106681));
#3565 = CARTESIAN_POINT('',(-16.94081618584,32.124554217134,
    13.592054567786));
#3566 = CARTESIAN_POINT('',(-17.00936537852,32.211036050593,
    13.693658959563));
#3567 = CARTESIAN_POINT('',(-17.07824290974,32.292856084256,
    13.801671721659));
#3568 = CARTESIAN_POINT('',(-17.21173787387,32.441779396472,
    14.024484116004));
#3569 = CARTESIAN_POINT('',(-17.2764260046,32.509505436888,
    14.138643734357));
#3570 = CARTESIAN_POINT('',(-17.34049825139,32.572128396019,
    14.258892738089));
#3571 = CARTESIAN_POINT('',(-17.40342715208,32.629017932597,
    14.385325901739));
#3572 = CARTESIAN_POINT('',(-17.4646433116,32.679414482678,
    14.517981647793));
#3573 = CARTESIAN_POINT('',(-17.55326212343,32.744114937652,
    14.726880273213));
#3574 = CARTESIAN_POINT('',(-17.58239285385,32.76393034816,
    14.798516306435));
#3575 = CARTESIAN_POINT('',(-17.61082468223,32.781723746589,
    14.871648508726));
#3576 = CARTESIAN_POINT('',(-17.63845820286,32.797364291462,
    14.94620111168));
#3577 = CARTESIAN_POINT('',(-17.665199988,32.810724714014,15.02209125077
    ));
#3578 = CARTESIAN_POINT('',(-17.73366932125,32.839841333671,
    15.227090373738));
#3579 = CARTESIAN_POINT('',(-17.77375222973,32.8514231176,
    15.358572390513));
#3580 = CARTESIAN_POINT('',(-17.8106059759,32.855738514253,
    15.492689624094));
#3581 = CARTESIAN_POINT('',(-17.84379619992,32.852336229533,
    15.628411714127));
#3582 = CARTESIAN_POINT('',(-17.87307896118,32.840993952811,
    15.76468017779));
#3583 = CARTESIAN_POINT('',(-17.92148658577,32.804142705323,
    16.024354239117));
#3584 = CARTESIAN_POINT('',(-17.94121288004,32.780003546354,
    16.147510451134));
#3585 = CARTESIAN_POINT('',(-17.95753875131,32.749397002857,
    16.269067367659));
#3586 = CARTESIAN_POINT('',(-17.97057135703,32.712587215576,
    16.388202218042));
#3587 = CARTESIAN_POINT('',(-17.98052717804,32.670025741566,
    16.504129393738));
#3588 = CARTESIAN_POINT('',(-17.99204882021,32.593537510633,
    16.68384140838));
#3589 = CARTESIAN_POINT('',(-17.99537770504,32.562832049819,
    16.750160615959));
#3590 = CARTESIAN_POINT('',(-17.99776363301,32.530346914297,
    16.815001615657));
#3591 = CARTESIAN_POINT('',(-17.99927953678,32.496189866807,
    16.878295833539));
#3592 = CARTESIAN_POINT('',(-18.,32.460475205425,16.939980654475));
#3593 = CARTESIAN_POINT('',(-18.,32.423324163211,17.));
#3594 = PCURVE('',#2484,#3595);
#3595 = DEFINITIONAL_REPRESENTATION('',(#3596),#3674);
#3596 = B_SPLINE_CURVE_WITH_KNOTS('',6,(#3597,#3598,#3599,#3600,#3601,
    #3602,#3603,#3604,#3605,#3606,#3607,#3608,#3609,#3610,#3611,#3612,
    #3613,#3614,#3615,#3616,#3617,#3618,#3619,#3620,#3621,#3622,#3623,
    #3624,#3625,#3626,#3627,#3628,#3629,#3630,#3631,#3632,#3633,#3634,
    #3635,#3636,#3637,#3638,#3639,#3640,#3641,#3642,#3643,#3644,#3645,
    #3646,#3647,#3648,#3649,#3650,#3651,#3652,#3653,#3654,#3655,#3656,
    #3657,#3658,#3659,#3660,#3661,#3662,#3663,#3664,#3665,#3666,#3667,
    #3668,#3669,#3670,#3671,#3672,#3673),.UNSPECIFIED.,.F.,.F.,(7,5,5,5,
    5,5,5,5,5,5,5,5,5,5,5,7),(0.,8.460777365918E-02,0.140331841902,
    0.173904773962,0.213894024761,0.317043939496,0.417328666553,
    0.499373561874,0.554545713397,0.684892250215,0.75705626078,
    0.825169160087,0.859547846981,0.916533582094,0.968546150501,1.),
  .UNSPECIFIED.);
#3597 = CARTESIAN_POINT('',(-1.570796326795,16.773324163211));
#3598 = CARTESIAN_POINT('',(-1.543984799624,16.872899675311));
#3599 = CARTESIAN_POINT('',(-1.514982476834,16.96288702128));
#3600 = CARTESIAN_POINT('',(-1.484096899735,17.039859541587));
#3601 = CARTESIAN_POINT('',(-1.451697071048,17.101463881022));
#3602 = CARTESIAN_POINT('',(-1.418169926208,17.146289338742));
#3603 = CARTESIAN_POINT('',(-1.361375080178,17.191976551994));
#3604 = CARTESIAN_POINT('',(-1.338638604281,17.202520971377));
#3605 = CARTESIAN_POINT('',(-1.315861355911,17.205468584293));
#3606 = CARTESIAN_POINT('',(-1.293190052339,17.20103406941));
#3607 = CARTESIAN_POINT('',(-1.270775849456,17.189645721741));
#3608 = CARTESIAN_POINT('',(-1.235520170065,17.161280577547));
#3609 = CARTESIAN_POINT('',(-1.222403677424,17.148315683124));
#3610 = CARTESIAN_POINT('',(-1.209439303471,17.133166053788));
#3611 = CARTESIAN_POINT('',(-1.196640410394,17.115950901204));
#3612 = CARTESIAN_POINT('',(-1.184020164881,17.096792913035));
#3613 = CARTESIAN_POINT('',(-1.156787604047,17.050835003294));
#3614 = CARTESIAN_POINT('',(-1.14225321112,17.023270547694));
#3615 = CARTESIAN_POINT('',(-1.127994538982,16.99331000231));
#3616 = CARTESIAN_POINT('',(-1.114017162965,16.961124729948));
#3617 = CARTESIAN_POINT('',(-1.100326052681,16.926873084244));
#3618 = CARTESIAN_POINT('',(-1.052359817227,16.797397792028));
#3619 = CARTESIAN_POINT('',(-1.019710403004,16.691270739103));
#3620 = CARTESIAN_POINT('',(-0.988966642041,16.574560700379));
#3621 = CARTESIAN_POINT('',(-0.960110393525,16.448706612039));
#3622 = CARTESIAN_POINT('',(-0.933151055791,16.314548187766));
#3623 = CARTESIAN_POINT('',(-0.883878337267,16.034324277123));
#3624 = CARTESIAN_POINT('',(-0.861430453944,15.888544027397));
#3625 = CARTESIAN_POINT('',(-0.840963081796,15.73576961562));
#3626 = CARTESIAN_POINT('',(-0.822668044699,15.576480431071));
#3627 = CARTESIAN_POINT('',(-0.806789185139,15.411010832778));
#3628 = CARTESIAN_POINT('',(-0.782849058887,15.099334107442));
#3629 = CARTESIAN_POINT('',(-0.773874197455,14.954875406025));
#3630 = CARTESIAN_POINT('',(-0.766946795014,14.807318875178));
#3631 = CARTESIAN_POINT('',(-0.762234360276,14.65763572986));
#3632 = CARTESIAN_POINT('',(-0.759831820547,14.506699369467));
#3633 = CARTESIAN_POINT('',(-0.759716963041,14.253563025026));
#3634 = CARTESIAN_POINT('',(-0.76072626084,14.151833037476));
#3635 = CARTESIAN_POINT('',(-0.76278931737,14.050461871234));
#3636 = CARTESIAN_POINT('',(-0.765885815404,13.949773067085));
#3637 = CARTESIAN_POINT('',(-0.76997640288,13.850105938787));
#3638 = CARTESIAN_POINT('',(-0.78687604074,13.51960085481));
#3639 = CARTESIAN_POINT('',(-0.803902561394,13.296394601392));
#3640 = CARTESIAN_POINT('',(-0.825403012503,13.08269387683));
#3641 = CARTESIAN_POINT('',(-0.850785559754,12.879401131362));
#3642 = CARTESIAN_POINT('',(-0.8795582355,12.687827186269));
#3643 = CARTESIAN_POINT('',(-0.928931429238,12.410986304084));
#3644 = CARTESIAN_POINT('',(-0.947488456134,12.316204545452));
#3645 = CARTESIAN_POINT('',(-0.966981351962,12.225445782866));
#3646 = CARTESIAN_POINT('',(-0.987399371444,12.138963949407));
#3647 = CARTESIAN_POINT('',(-1.008741913623,12.057143915744));
#3648 = CARTESIAN_POINT('',(-1.052032363083,11.908220603528));
#3649 = CARTESIAN_POINT('',(-1.073894858612,11.840494563112));
#3650 = CARTESIAN_POINT('',(-1.096591863697,11.777871603981));
#3651 = CARTESIAN_POINT('',(-1.120115269242,11.720982067403));
#3652 = CARTESIAN_POINT('',(-1.14445331631,11.670585517322));
#3653 = CARTESIAN_POINT('',(-1.182273038352,11.605885062348));
#3654 = CARTESIAN_POINT('',(-1.195160348086,11.58606965184));
#3655 = CARTESIAN_POINT('',(-1.20823539767,11.568276253411));
#3656 = CARTESIAN_POINT('',(-1.221484359756,11.552635708538));
#3657 = CARTESIAN_POINT('',(-1.234893193401,11.539275285986));
#3658 = CARTESIAN_POINT('',(-1.270915057908,11.510158666329));
#3659 = CARTESIAN_POINT('',(-1.293816390798,11.4985768824));
#3660 = CARTESIAN_POINT('',(-1.316984196774,11.494261485747));
#3661 = CARTESIAN_POINT('',(-1.340257122398,11.497663770467));
#3662 = CARTESIAN_POINT('',(-1.363478301514,11.509006047189));
#3663 = CARTESIAN_POINT('',(-1.407502889418,11.545857294677));
#3664 = CARTESIAN_POINT('',(-1.428283773832,11.569996453646));
#3665 = CARTESIAN_POINT('',(-1.44871559516,11.600602997143));
#3666 = CARTESIAN_POINT('',(-1.468681366576,11.637412784424));
#3667 = CARTESIAN_POINT('',(-1.488069175095,11.679974258434));
#3668 = CARTESIAN_POINT('',(-1.518082670413,11.756462489367));
#3669 = CARTESIAN_POINT('',(-1.529148721622,11.787167950181));
#3670 = CARTESIAN_POINT('',(-1.539961462311,11.819653085703));
#3671 = CARTESIAN_POINT('',(-1.550512298606,11.853810133193));
#3672 = CARTESIAN_POINT('',(-1.560793102541,11.889524794575));
#3673 = CARTESIAN_POINT('',(-1.570796326795,11.926675836789));
#3674 = ( GEOMETRIC_REPRESENTATION_CONTEXT(2) 
PARAMETRIC_REPRESENTATION_CONTEXT() REPRESENTATION_CONTEXT('2D SPACE',''
  ) );
#3675 = PCURVE('',#3676,#3681);
#3676 = CYLINDRICAL_SURFACE('',#3677,2.85);
#3677 = AXIS2_PLACEMENT_3D('',#3678,#3679,#3680);
#3678 = CARTESIAN_POINT('',(-18.5,30.,15.5));
#3679 = DIRECTION('',(1.,0.,0.));
#3680 = DIRECTION('',(-0.,0.,1.));
#3681 = DEFINITIONAL_REPRESENTATION('',(#3682),#3760);
#3682 = B_SPLINE_CURVE_WITH_KNOTS('',6,(#3683,#3684,#3685,#3686,#3687,
    #3688,#3689,#3690,#3691,#3692,#3693,#3694,#3695,#3696,#3697,#3698,
    #3699,#3700,#3701,#3702,#3703,#3704,#3705,#3706,#3707,#3708,#3709,
    #3710,#3711,#3712,#3713,#3714,#3715,#3716,#3717,#3718,#3719,#3720,
    #3721,#3722,#3723,#3724,#3725,#3726,#3727,#3728,#3729,#3730,#3731,
    #3732,#3733,#3734,#3735,#3736,#3737,#3738,#3739,#3740,#3741,#3742,
    #3743,#3744,#3745,#3746,#3747,#3748,#3749,#3750,#3751,#3752,#3753,
    #3754,#3755,#3756,#3757,#3758,#3759),.UNSPECIFIED.,.F.,.F.,(7,5,5,5,
    5,5,5,5,5,5,5,5,5,5,5,7),(0.,8.460777365918E-02,0.140331841902,
    0.173904773962,0.213894024761,0.317043939496,0.417328666553,
    0.499373561874,0.554545713397,0.684892250215,0.75705626078,
    0.825169160087,0.859547846981,0.916533582094,0.968546150501,1.),
  .UNSPECIFIED.);
#3683 = CARTESIAN_POINT('',(1.016534492343,0.5));
#3684 = CARTESIAN_POINT('',(1.082918167077,0.5));
#3685 = CARTESIAN_POINT('',(1.15145279547,0.505175782891));
#3686 = CARTESIAN_POINT('',(1.221420045878,0.517113173809));
#3687 = CARTESIAN_POINT('',(1.292307601584,0.537208098563));
#3688 = CARTESIAN_POINT('',(1.363697062451,0.566285409278));
#3689 = CARTESIAN_POINT('',(1.482272188328,0.629594520089));
#3690 = CARTESIAN_POINT('',(1.529137017396,0.658536655949));
#3691 = CARTESIAN_POINT('',(1.575626836745,0.69121128656));
#3692 = CARTESIAN_POINT('',(1.621587440233,0.727379582084));
#3693 = CARTESIAN_POINT('',(1.666851510211,0.766636618454));
#3694 = CARTESIAN_POINT('',(1.737958757146,0.833583857803));
#3695 = CARTESIAN_POINT('',(1.764392810318,0.859691082174));
#3696 = CARTESIAN_POINT('',(1.790525788018,0.886653959199));
#3697 = CARTESIAN_POINT('',(1.816354966179,0.91438541809));
#3698 = CARTESIAN_POINT('',(1.84187588237,0.942792781247));
#3699 = CARTESIAN_POINT('',(1.897106141457,1.006302236324));
#3700 = CARTESIAN_POINT('',(1.926688511429,1.041651968683));
#3701 = CARTESIAN_POINT('',(1.955850909102,1.077699633163));
#3702 = CARTESIAN_POINT('',(1.984612554673,1.114319895534));
#3703 = CARTESIAN_POINT('',(2.012991263014,1.151390759873));
#3704 = CARTESIAN_POINT('',(2.113262211199,1.28527672046));
#3705 = CARTESIAN_POINT('',(2.183123390768,1.384024723213));
#3706 = CARTESIAN_POINT('',(2.251064357617,1.483276374992));
#3707 = CARTESIAN_POINT('',(2.317526572412,1.581547471787));
#3708 = CARTESIAN_POINT('',(2.382950958729,1.677515647212));
#3709 = CARTESIAN_POINT('',(2.510840049773,1.859388537706));
#3710 = CARTESIAN_POINT('',(2.573404710564,1.945595927035));
#3711 = CARTESIAN_POINT('',(2.635757739159,2.026794247151));
#3712 = CARTESIAN_POINT('',(2.69814707935,2.101287913227));
#3713 = CARTESIAN_POINT('',(2.760840434805,2.167210032634));
#3714 = CARTESIAN_POINT('',(2.87595188927,2.267940705686));
#3715 = CARTESIAN_POINT('',(2.928246880141,2.306299098117));
#3716 = CARTESIAN_POINT('',(2.980840752699,2.336255854119));
#3717 = CARTESIAN_POINT('',(3.033643830325,2.35675175093));
#3718 = CARTESIAN_POINT('',(3.086610324231,2.367202793188));
#3719 = CARTESIAN_POINT('',(3.17543025035,2.367702422765));
#3720 = CARTESIAN_POINT('',(3.211122221674,2.363312230897));
#3721 = CARTESIAN_POINT('',(3.246767243739,2.354336393875));
#3722 = CARTESIAN_POINT('',(3.282333730686,2.340899148039));
#3723 = CARTESIAN_POINT('',(3.317780801842,2.323237281058));
#3724 = CARTESIAN_POINT('',(3.436389486034,2.250796700475));
#3725 = CARTESIAN_POINT('',(3.518281301332,2.178522119042));
#3726 = CARTESIAN_POINT('',(3.599473085079,2.088951502161));
#3727 = CARTESIAN_POINT('',(3.680472600594,1.986400690787));
#3728 = CARTESIAN_POINT('',(3.761702760406,1.874881379648));
#3729 = CARTESIAN_POINT('',(3.888919496714,1.693378819266));
#3730 = CARTESIAN_POINT('',(3.934560118846,1.626922249205));
#3731 = CARTESIAN_POINT('',(3.980658619178,1.559183814158));
#3732 = CARTESIAN_POINT('',(4.027363761708,1.490634621475));
#3733 = CARTESIAN_POINT('',(4.074826053458,1.421757090253));
#3734 = CARTESIAN_POINT('',(4.168860824337,1.288262126124));
#3735 = CARTESIAN_POINT('',(4.215367968107,1.223573995394));
#3736 = CARTESIAN_POINT('',(4.262828436342,1.159501748602));
#3737 = CARTESIAN_POINT('',(4.311348801601,1.096572847918));
#3738 = CARTESIAN_POINT('',(4.361042716449,1.035356688392));
#3739 = CARTESIAN_POINT('',(4.437775623379,0.946737876561));
#3740 = CARTESIAN_POINT('',(4.46384284098,0.917607146149));
#3741 = CARTESIAN_POINT('',(4.490232327362,0.889175317768));
#3742 = CARTESIAN_POINT('',(4.516939690106,0.861541797139));
#3743 = CARTESIAN_POINT('',(4.543962435106,0.834800011995));
#3744 = CARTESIAN_POINT('',(4.616613858751,0.766330678748));
#3745 = CARTESIAN_POINT('',(4.662860936658,0.726247770267));
#3746 = CARTESIAN_POINT('',(4.709832441207,0.689394024098));
#3747 = CARTESIAN_POINT('',(4.757350045458,0.656203800077));
#3748 = CARTESIAN_POINT('',(4.805248396774,0.626921038816));
#3749 = CARTESIAN_POINT('',(4.897275018217,0.578513414223));
#3750 = CARTESIAN_POINT('',(4.941249172789,0.558787119953));
#3751 = CARTESIAN_POINT('',(4.985138807653,0.542461248681));
#3752 = CARTESIAN_POINT('',(5.028800046566,0.52942864297));
#3753 = CARTESIAN_POINT('',(5.072075674291,0.51947282196));
#3754 = CARTESIAN_POINT('',(5.140606272767,0.507951179784));
#3755 = CARTESIAN_POINT('',(5.166236791155,0.504622294955));
#3756 = CARTESIAN_POINT('',(5.191665608629,0.502236366981));
#3757 = CARTESIAN_POINT('',(5.216884462966,0.500720463217));
#3758 = CARTESIAN_POINT('',(5.241883453361,0.5));
#3759 = CARTESIAN_POINT('',(5.266650814837,0.5));
#3760 = ( GEOMETRIC_REPRESENTATION_CONTEXT(2) 
PARAMETRIC_REPRESENTATION_CONTEXT() REPRESENTATION_CONTEXT('2D SPACE',''
  ) );
#3761 = ORIENTED_EDGE('',*,*,#3762,.T.);
#3762 = EDGE_CURVE('',#3513,#3401,#3763,.T.);
#3763 = SURFACE_CURVE('',#3764,(#3768,#3775),.PCURVE_S1.);
#3764 = LINE('',#3765,#3766);
#3765 = CARTESIAN_POINT('',(-18.,44.35,17.));
#3766 = VECTOR('',#3767,1.);
#3767 = DIRECTION('',(0.,-1.,0.));
#3768 = PCURVE('',#2484,#3769);
#3769 = DEFINITIONAL_REPRESENTATION('',(#3770),#3774);
#3770 = LINE('',#3771,#3772);
#3771 = CARTESIAN_POINT('',(-1.570796326795,0.));
#3772 = VECTOR('',#3773,1.);
#3773 = DIRECTION('',(-0.,1.));
#3774 = ( GEOMETRIC_REPRESENTATION_CONTEXT(2) 
PARAMETRIC_REPRESENTATION_CONTEXT() REPRESENTATION_CONTEXT('2D SPACE',''
  ) );
#3775 = PCURVE('',#2809,#3776);
#3776 = DEFINITIONAL_REPRESENTATION('',(#3777),#3781);
#3777 = LINE('',#3778,#3779);
#3778 = CARTESIAN_POINT('',(27.,0.));
#3779 = VECTOR('',#3780,1.);
#3780 = DIRECTION('',(0.,-1.));
#3781 = ( GEOMETRIC_REPRESENTATION_CONTEXT(2) 
PARAMETRIC_REPRESENTATION_CONTEXT() REPRESENTATION_CONTEXT('2D SPACE',''
  ) );
#3782 = ORIENTED_EDGE('',*,*,#3423,.F.);
#3783 = ADVANCED_FACE('',(#3784),#2809,.F.);
#3784 = FACE_BOUND('',#3785,.F.);
#3785 = EDGE_LOOP('',(#3786,#3787,#3810,#3837,#3863,#3890,#3911,#3912,
    #3913,#3937,#3959));
#3786 = ORIENTED_EDGE('',*,*,#2793,.F.);
#3787 = ORIENTED_EDGE('',*,*,#3788,.T.);
#3788 = EDGE_CURVE('',#2765,#3789,#3791,.T.);
#3789 = VERTEX_POINT('',#3790);
#3790 = CARTESIAN_POINT('',(-18.,36.35,38.));
#3791 = SURFACE_CURVE('',#3792,(#3796,#3803),.PCURVE_S1.);
#3792 = LINE('',#3793,#3794);
#3793 = CARTESIAN_POINT('',(-18.,44.35,38.));
#3794 = VECTOR('',#3795,1.);
#3795 = DIRECTION('',(0.,-1.,0.));
#3796 = PCURVE('',#2809,#3797);
#3797 = DEFINITIONAL_REPRESENTATION('',(#3798),#3802);
#3798 = LINE('',#3799,#3800);
#3799 = CARTESIAN_POINT('',(6.,0.));
#3800 = VECTOR('',#3801,1.);
#3801 = DIRECTION('',(0.,-1.));
#3802 = ( GEOMETRIC_REPRESENTATION_CONTEXT(2) 
PARAMETRIC_REPRESENTATION_CONTEXT() REPRESENTATION_CONTEXT('2D SPACE',''
  ) );
#3803 = PCURVE('',#2781,#3804);
#3804 = DEFINITIONAL_REPRESENTATION('',(#3805),#3809);
#3805 = LINE('',#3806,#3807);
#3806 = CARTESIAN_POINT('',(1.570796326795,0.));
#3807 = VECTOR('',#3808,1.);
#3808 = DIRECTION('',(0.,1.));
#3809 = ( GEOMETRIC_REPRESENTATION_CONTEXT(2) 
PARAMETRIC_REPRESENTATION_CONTEXT() REPRESENTATION_CONTEXT('2D SPACE',''
  ) );
#3810 = ORIENTED_EDGE('',*,*,#3811,.F.);
#3811 = EDGE_CURVE('',#3812,#3789,#3814,.T.);
#3812 = VERTEX_POINT('',#3813);
#3813 = CARTESIAN_POINT('',(-18.,36.35,33.453306688776));
#3814 = SURFACE_CURVE('',#3815,(#3819,#3825),.PCURVE_S1.);
#3815 = LINE('',#3816,#3817);
#3816 = CARTESIAN_POINT('',(-18.,36.35,41.75));
#3817 = VECTOR('',#3818,1.);
#3818 = DIRECTION('',(0.,0.,1.));
#3819 = PCURVE('',#2809,#3820);
#3820 = DEFINITIONAL_REPRESENTATION('',(#3821),#3824);
#3821 = B_SPLINE_CURVE_WITH_KNOTS('',1,(#3822,#3823),.UNSPECIFIED.,.F.,
  .F.,(2,2),(-9.,-3.75),.PIECEWISE_BEZIER_KNOTS.);
#3822 = CARTESIAN_POINT('',(11.25,-8.));
#3823 = CARTESIAN_POINT('',(6.,-8.));
#3824 = ( GEOMETRIC_REPRESENTATION_CONTEXT(2) 
PARAMETRIC_REPRESENTATION_CONTEXT() REPRESENTATION_CONTEXT('2D SPACE',''
  ) );
#3825 = PCURVE('',#3826,#3831);
#3826 = PLANE('',#3827);
#3827 = AXIS2_PLACEMENT_3D('',#3828,#3829,#3830);
#3828 = CARTESIAN_POINT('',(-15.,36.35,39.5));
#3829 = DIRECTION('',(0.,1.,0.));
#3830 = DIRECTION('',(0.,-0.,1.));
#3831 = DEFINITIONAL_REPRESENTATION('',(#3832),#3836);
#3832 = LINE('',#3833,#3834);
#3833 = CARTESIAN_POINT('',(2.25,-3.));
#3834 = VECTOR('',#3835,1.);
#3835 = DIRECTION('',(1.,0.));
#3836 = ( GEOMETRIC_REPRESENTATION_CONTEXT(2) 
PARAMETRIC_REPRESENTATION_CONTEXT() REPRESENTATION_CONTEXT('2D SPACE',''
  ) );
#3837 = ORIENTED_EDGE('',*,*,#3838,.F.);
#3838 = EDGE_CURVE('',#3839,#3812,#3841,.T.);
#3839 = VERTEX_POINT('',#3840);
#3840 = CARTESIAN_POINT('',(-18.,23.65,33.453306688776));
#3841 = SURFACE_CURVE('',#3842,(#3846,#3852),.PCURVE_S1.);
#3842 = LINE('',#3843,#3844);
#3843 = CARTESIAN_POINT('',(-18.,23.65,33.453306688776));
#3844 = VECTOR('',#3845,1.);
#3845 = DIRECTION('',(0.,1.,0.));
#3846 = PCURVE('',#2809,#3847);
#3847 = DEFINITIONAL_REPRESENTATION('',(#3848),#3851);
#3848 = B_SPLINE_CURVE_WITH_KNOTS('',1,(#3849,#3850),.UNSPECIFIED.,.F.,
  .F.,(2,2),(-5.999999999062E-07,12.7000006),.PIECEWISE_BEZIER_KNOTS.);
#3849 = CARTESIAN_POINT('',(10.546693311224,-20.7000006));
#3850 = CARTESIAN_POINT('',(10.546693311224,-7.9999994));
#3851 = ( GEOMETRIC_REPRESENTATION_CONTEXT(2) 
PARAMETRIC_REPRESENTATION_CONTEXT() REPRESENTATION_CONTEXT('2D SPACE',''
  ) );
#3852 = PCURVE('',#3853,#3858);
#3853 = CYLINDRICAL_SURFACE('',#3854,6.75);
#3854 = AXIS2_PLACEMENT_3D('',#3855,#3856,#3857);
#3855 = CARTESIAN_POINT('',(-15.,23.65,39.5));
#3856 = DIRECTION('',(0.,1.,0.));
#3857 = DIRECTION('',(0.,-0.,1.));
#3858 = DEFINITIONAL_REPRESENTATION('',(#3859),#3862);
#3859 = B_SPLINE_CURVE_WITH_KNOTS('',1,(#3860,#3861),.UNSPECIFIED.,.F.,
  .F.,(2,2),(-5.999999999062E-07,12.7000006),.PIECEWISE_BEZIER_KNOTS.);
#3860 = CARTESIAN_POINT('',(3.602146645271,-5.999999999062E-07));
#3861 = CARTESIAN_POINT('',(3.602146645271,12.7000006));
#3862 = ( GEOMETRIC_REPRESENTATION_CONTEXT(2) 
PARAMETRIC_REPRESENTATION_CONTEXT() REPRESENTATION_CONTEXT('2D SPACE',''
  ) );
#3863 = ORIENTED_EDGE('',*,*,#3864,.T.);
#3864 = EDGE_CURVE('',#3839,#3865,#3867,.T.);
#3865 = VERTEX_POINT('',#3866);
#3866 = CARTESIAN_POINT('',(-18.,23.65,38.));
#3867 = SURFACE_CURVE('',#3868,(#3872,#3878),.PCURVE_S1.);
#3868 = LINE('',#3869,#3870);
#3869 = CARTESIAN_POINT('',(-18.,23.65,41.75));
#3870 = VECTOR('',#3871,1.);
#3871 = DIRECTION('',(0.,0.,1.));
#3872 = PCURVE('',#2809,#3873);
#3873 = DEFINITIONAL_REPRESENTATION('',(#3874),#3877);
#3874 = B_SPLINE_CURVE_WITH_KNOTS('',1,(#3875,#3876),.UNSPECIFIED.,.F.,
  .F.,(2,2),(-9.,-3.75),.PIECEWISE_BEZIER_KNOTS.);
#3875 = CARTESIAN_POINT('',(11.25,-20.7));
#3876 = CARTESIAN_POINT('',(6.,-20.7));
#3877 = ( GEOMETRIC_REPRESENTATION_CONTEXT(2) 
PARAMETRIC_REPRESENTATION_CONTEXT() REPRESENTATION_CONTEXT('2D SPACE',''
  ) );
#3878 = PCURVE('',#3879,#3884);
#3879 = PLANE('',#3880);
#3880 = AXIS2_PLACEMENT_3D('',#3881,#3882,#3883);
#3881 = CARTESIAN_POINT('',(-15.,23.65,39.5));
#3882 = DIRECTION('',(0.,1.,0.));
#3883 = DIRECTION('',(0.,-0.,1.));
#3884 = DEFINITIONAL_REPRESENTATION('',(#3885),#3889);
#3885 = LINE('',#3886,#3887);
#3886 = CARTESIAN_POINT('',(2.25,-3.));
#3887 = VECTOR('',#3888,1.);
#3888 = DIRECTION('',(1.,0.));
#3889 = ( GEOMETRIC_REPRESENTATION_CONTEXT(2) 
PARAMETRIC_REPRESENTATION_CONTEXT() REPRESENTATION_CONTEXT('2D SPACE',''
  ) );
#3890 = ORIENTED_EDGE('',*,*,#3891,.T.);
#3891 = EDGE_CURVE('',#3865,#3372,#3892,.T.);
#3892 = SURFACE_CURVE('',#3893,(#3897,#3904),.PCURVE_S1.);
#3893 = LINE('',#3894,#3895);
#3894 = CARTESIAN_POINT('',(-18.,44.35,38.));
#3895 = VECTOR('',#3896,1.);
#3896 = DIRECTION('',(0.,-1.,0.));
#3897 = PCURVE('',#2809,#3898);
#3898 = DEFINITIONAL_REPRESENTATION('',(#3899),#3903);
#3899 = LINE('',#3900,#3901);
#3900 = CARTESIAN_POINT('',(6.,0.));
#3901 = VECTOR('',#3902,1.);
#3902 = DIRECTION('',(0.,-1.));
#3903 = ( GEOMETRIC_REPRESENTATION_CONTEXT(2) 
PARAMETRIC_REPRESENTATION_CONTEXT() REPRESENTATION_CONTEXT('2D SPACE',''
  ) );
#3904 = PCURVE('',#3388,#3905);
#3905 = DEFINITIONAL_REPRESENTATION('',(#3906),#3910);
#3906 = LINE('',#3907,#3908);
#3907 = CARTESIAN_POINT('',(1.570796326795,0.));
#3908 = VECTOR('',#3909,1.);
#3909 = DIRECTION('',(0.,1.));
#3910 = ( GEOMETRIC_REPRESENTATION_CONTEXT(2) 
PARAMETRIC_REPRESENTATION_CONTEXT() REPRESENTATION_CONTEXT('2D SPACE',''
  ) );
#3911 = ORIENTED_EDGE('',*,*,#3400,.T.);
#3912 = ORIENTED_EDGE('',*,*,#3762,.F.);
#3913 = ORIENTED_EDGE('',*,*,#3914,.F.);
#3914 = EDGE_CURVE('',#3915,#3513,#3917,.T.);
#3915 = VERTEX_POINT('',#3916);
#3916 = CARTESIAN_POINT('',(-18.,30.,18.35));
#3917 = SURFACE_CURVE('',#3918,(#3923,#3930),.PCURVE_S1.);
#3918 = CIRCLE('',#3919,2.85);
#3919 = AXIS2_PLACEMENT_3D('',#3920,#3921,#3922);
#3920 = CARTESIAN_POINT('',(-18.,30.,15.5));
#3921 = DIRECTION('',(1.,0.,0.));
#3922 = DIRECTION('',(-0.,0.,1.));
#3923 = PCURVE('',#2809,#3924);
#3924 = DEFINITIONAL_REPRESENTATION('',(#3925),#3929);
#3925 = CIRCLE('',#3926,2.85);
#3926 = AXIS2_PLACEMENT_2D('',#3927,#3928);
#3927 = CARTESIAN_POINT('',(28.5,-14.35));
#3928 = DIRECTION('',(-1.,0.));
#3929 = ( GEOMETRIC_REPRESENTATION_CONTEXT(2) 
PARAMETRIC_REPRESENTATION_CONTEXT() REPRESENTATION_CONTEXT('2D SPACE',''
  ) );
#3930 = PCURVE('',#3676,#3931);
#3931 = DEFINITIONAL_REPRESENTATION('',(#3932),#3936);
#3932 = LINE('',#3933,#3934);
#3933 = CARTESIAN_POINT('',(0.,0.5));
#3934 = VECTOR('',#3935,1.);
#3935 = DIRECTION('',(1.,0.));
#3936 = ( GEOMETRIC_REPRESENTATION_CONTEXT(2) 
PARAMETRIC_REPRESENTATION_CONTEXT() REPRESENTATION_CONTEXT('2D SPACE',''
  ) );
#3937 = ORIENTED_EDGE('',*,*,#3938,.F.);
#3938 = EDGE_CURVE('',#3490,#3915,#3939,.T.);
#3939 = SURFACE_CURVE('',#3940,(#3945,#3952),.PCURVE_S1.);
#3940 = CIRCLE('',#3941,2.85);
#3941 = AXIS2_PLACEMENT_3D('',#3942,#3943,#3944);
#3942 = CARTESIAN_POINT('',(-18.,30.,15.5));
#3943 = DIRECTION('',(1.,0.,0.));
#3944 = DIRECTION('',(-0.,0.,1.));
#3945 = PCURVE('',#2809,#3946);
#3946 = DEFINITIONAL_REPRESENTATION('',(#3947),#3951);
#3947 = CIRCLE('',#3948,2.85);
#3948 = AXIS2_PLACEMENT_2D('',#3949,#3950);
#3949 = CARTESIAN_POINT('',(28.5,-14.35));
#3950 = DIRECTION('',(-1.,0.));
#3951 = ( GEOMETRIC_REPRESENTATION_CONTEXT(2) 
PARAMETRIC_REPRESENTATION_CONTEXT() REPRESENTATION_CONTEXT('2D SPACE',''
  ) );
#3952 = PCURVE('',#3676,#3953);
#3953 = DEFINITIONAL_REPRESENTATION('',(#3954),#3958);
#3954 = LINE('',#3955,#3956);
#3955 = CARTESIAN_POINT('',(0.,0.5));
#3956 = VECTOR('',#3957,1.);
#3957 = DIRECTION('',(1.,0.));
#3958 = ( GEOMETRIC_REPRESENTATION_CONTEXT(2) 
PARAMETRIC_REPRESENTATION_CONTEXT() REPRESENTATION_CONTEXT('2D SPACE',''
  ) );
#3959 = ORIENTED_EDGE('',*,*,#3489,.F.);
#3960 = ADVANCED_FACE('',(#3961),#2695,.F.);
#3961 = FACE_BOUND('',#3962,.F.);
#3962 = EDGE_LOOP('',(#3963,#3964,#3965,#3966,#3967,#3968,#3991,#4013,
    #4039,#4061));
#3963 = ORIENTED_EDGE('',*,*,#2679,.F.);
#3964 = ORIENTED_EDGE('',*,*,#2887,.T.);
#3965 = ORIENTED_EDGE('',*,*,#3172,.F.);
#3966 = ORIENTED_EDGE('',*,*,#3241,.T.);
#3967 = ORIENTED_EDGE('',*,*,#3291,.T.);
#3968 = ORIENTED_EDGE('',*,*,#3969,.F.);
#3969 = EDGE_CURVE('',#3970,#3292,#3972,.T.);
#3970 = VERTEX_POINT('',#3971);
#3971 = CARTESIAN_POINT('',(8.881784197001E-16,23.65,38.));
#3972 = SURFACE_CURVE('',#3973,(#3977,#3984),.PCURVE_S1.);
#3973 = LINE('',#3974,#3975);
#3974 = CARTESIAN_POINT('',(8.881784197001E-16,44.35,38.));
#3975 = VECTOR('',#3976,1.);
#3976 = DIRECTION('',(0.,-1.,0.));
#3977 = PCURVE('',#2695,#3978);
#3978 = DEFINITIONAL_REPRESENTATION('',(#3979),#3983);
#3979 = LINE('',#3980,#3981);
#3980 = CARTESIAN_POINT('',(27.,0.));
#3981 = VECTOR('',#3982,1.);
#3982 = DIRECTION('',(0.,-1.));
#3983 = ( GEOMETRIC_REPRESENTATION_CONTEXT(2) 
PARAMETRIC_REPRESENTATION_CONTEXT() REPRESENTATION_CONTEXT('2D SPACE',''
  ) );
#3984 = PCURVE('',#3331,#3985);
#3985 = DEFINITIONAL_REPRESENTATION('',(#3986),#3990);
#3986 = LINE('',#3987,#3988);
#3987 = CARTESIAN_POINT('',(0.,0.));
#3988 = VECTOR('',#3989,1.);
#3989 = DIRECTION('',(0.,1.));
#3990 = ( GEOMETRIC_REPRESENTATION_CONTEXT(2) 
PARAMETRIC_REPRESENTATION_CONTEXT() REPRESENTATION_CONTEXT('2D SPACE',''
  ) );
#3991 = ORIENTED_EDGE('',*,*,#3992,.F.);
#3992 = EDGE_CURVE('',#3993,#3970,#3995,.T.);
#3993 = VERTEX_POINT('',#3994);
#3994 = CARTESIAN_POINT('',(0.,23.65,32.75));
#3995 = SURFACE_CURVE('',#3996,(#4000,#4006),.PCURVE_S1.);
#3996 = LINE('',#3997,#3998);
#3997 = CARTESIAN_POINT('',(0.,23.65,25.25));
#3998 = VECTOR('',#3999,1.);
#3999 = DIRECTION('',(0.,-0.,1.));
#4000 = PCURVE('',#2695,#4001);
#4001 = DEFINITIONAL_REPRESENTATION('',(#4002),#4005);
#4002 = B_SPLINE_CURVE_WITH_KNOTS('',1,(#4003,#4004),.UNSPECIFIED.,.F.,
  .F.,(2,2),(7.5,12.75),.PIECEWISE_BEZIER_KNOTS.);
#4003 = CARTESIAN_POINT('',(21.75,-20.7));
#4004 = CARTESIAN_POINT('',(27.,-20.7));
#4005 = ( GEOMETRIC_REPRESENTATION_CONTEXT(2) 
PARAMETRIC_REPRESENTATION_CONTEXT() REPRESENTATION_CONTEXT('2D SPACE',''
  ) );
#4006 = PCURVE('',#3879,#4007);
#4007 = DEFINITIONAL_REPRESENTATION('',(#4008),#4012);
#4008 = LINE('',#4009,#4010);
#4009 = CARTESIAN_POINT('',(-14.25,15.));
#4010 = VECTOR('',#4011,1.);
#4011 = DIRECTION('',(1.,0.));
#4012 = ( GEOMETRIC_REPRESENTATION_CONTEXT(2) 
PARAMETRIC_REPRESENTATION_CONTEXT() REPRESENTATION_CONTEXT('2D SPACE',''
  ) );
#4013 = ORIENTED_EDGE('',*,*,#4014,.T.);
#4014 = EDGE_CURVE('',#3993,#4015,#4017,.T.);
#4015 = VERTEX_POINT('',#4016);
#4016 = CARTESIAN_POINT('',(0.,36.35,32.75));
#4017 = SURFACE_CURVE('',#4018,(#4022,#4028),.PCURVE_S1.);
#4018 = LINE('',#4019,#4020);
#4019 = CARTESIAN_POINT('',(0.,40.35,32.75));
#4020 = VECTOR('',#4021,1.);
#4021 = DIRECTION('',(0.,1.,0.));
#4022 = PCURVE('',#2695,#4023);
#4023 = DEFINITIONAL_REPRESENTATION('',(#4024),#4027);
#4024 = B_SPLINE_CURVE_WITH_KNOTS('',1,(#4025,#4026),.UNSPECIFIED.,.F.,
  .F.,(2,2),(-16.7,-4.),.PIECEWISE_BEZIER_KNOTS.);
#4025 = CARTESIAN_POINT('',(21.75,-20.7));
#4026 = CARTESIAN_POINT('',(21.75,-8.));
#4027 = ( GEOMETRIC_REPRESENTATION_CONTEXT(2) 
PARAMETRIC_REPRESENTATION_CONTEXT() REPRESENTATION_CONTEXT('2D SPACE',''
  ) );
#4028 = PCURVE('',#4029,#4034);
#4029 = PLANE('',#4030);
#4030 = AXIS2_PLACEMENT_3D('',#4031,#4032,#4033);
#4031 = CARTESIAN_POINT('',(-15.,36.35,32.75));
#4032 = DIRECTION('',(-0.,0.,1.));
#4033 = DIRECTION('',(1.,0.,0.));
#4034 = DEFINITIONAL_REPRESENTATION('',(#4035),#4038);
#4035 = B_SPLINE_CURVE_WITH_KNOTS('',1,(#4036,#4037),.UNSPECIFIED.,.F.,
  .F.,(2,2),(-16.7,-4.),.PIECEWISE_BEZIER_KNOTS.);
#4036 = CARTESIAN_POINT('',(15.,-12.7));
#4037 = CARTESIAN_POINT('',(15.,0.));
#4038 = ( GEOMETRIC_REPRESENTATION_CONTEXT(2) 
PARAMETRIC_REPRESENTATION_CONTEXT() REPRESENTATION_CONTEXT('2D SPACE',''
  ) );
#4039 = ORIENTED_EDGE('',*,*,#4040,.T.);
#4040 = EDGE_CURVE('',#4015,#4041,#4043,.T.);
#4041 = VERTEX_POINT('',#4042);
#4042 = CARTESIAN_POINT('',(8.881784197001E-16,36.35,38.));
#4043 = SURFACE_CURVE('',#4044,(#4048,#4054),.PCURVE_S1.);
#4044 = LINE('',#4045,#4046);
#4045 = CARTESIAN_POINT('',(0.,36.35,25.25));
#4046 = VECTOR('',#4047,1.);
#4047 = DIRECTION('',(0.,-0.,1.));
#4048 = PCURVE('',#2695,#4049);
#4049 = DEFINITIONAL_REPRESENTATION('',(#4050),#4053);
#4050 = B_SPLINE_CURVE_WITH_KNOTS('',1,(#4051,#4052),.UNSPECIFIED.,.F.,
  .F.,(2,2),(7.5,12.75),.PIECEWISE_BEZIER_KNOTS.);
#4051 = CARTESIAN_POINT('',(21.75,-8.));
#4052 = CARTESIAN_POINT('',(27.,-8.));
#4053 = ( GEOMETRIC_REPRESENTATION_CONTEXT(2) 
PARAMETRIC_REPRESENTATION_CONTEXT() REPRESENTATION_CONTEXT('2D SPACE',''
  ) );
#4054 = PCURVE('',#3826,#4055);
#4055 = DEFINITIONAL_REPRESENTATION('',(#4056),#4060);
#4056 = LINE('',#4057,#4058);
#4057 = CARTESIAN_POINT('',(-14.25,15.));
#4058 = VECTOR('',#4059,1.);
#4059 = DIRECTION('',(1.,0.));
#4060 = ( GEOMETRIC_REPRESENTATION_CONTEXT(2) 
PARAMETRIC_REPRESENTATION_CONTEXT() REPRESENTATION_CONTEXT('2D SPACE',''
  ) );
#4061 = ORIENTED_EDGE('',*,*,#4062,.F.);
#4062 = EDGE_CURVE('',#2680,#4041,#4063,.T.);
#4063 = SURFACE_CURVE('',#4064,(#4068,#4075),.PCURVE_S1.);
#4064 = LINE('',#4065,#4066);
#4065 = CARTESIAN_POINT('',(8.881784197001E-16,44.35,38.));
#4066 = VECTOR('',#4067,1.);
#4067 = DIRECTION('',(0.,-1.,0.));
#4068 = PCURVE('',#2695,#4069);
#4069 = DEFINITIONAL_REPRESENTATION('',(#4070),#4074);
#4070 = LINE('',#4071,#4072);
#4071 = CARTESIAN_POINT('',(27.,0.));
#4072 = VECTOR('',#4073,1.);
#4073 = DIRECTION('',(0.,-1.));
#4074 = ( GEOMETRIC_REPRESENTATION_CONTEXT(2) 
PARAMETRIC_REPRESENTATION_CONTEXT() REPRESENTATION_CONTEXT('2D SPACE',''
  ) );
#4075 = PCURVE('',#2724,#4076);
#4076 = DEFINITIONAL_REPRESENTATION('',(#4077),#4081);
#4077 = LINE('',#4078,#4079);
#4078 = CARTESIAN_POINT('',(0.,0.));
#4079 = VECTOR('',#4080,1.);
#4080 = DIRECTION('',(0.,1.));
#4081 = ( GEOMETRIC_REPRESENTATION_CONTEXT(2) 
PARAMETRIC_REPRESENTATION_CONTEXT() REPRESENTATION_CONTEXT('2D SPACE',''
  ) );
#4082 = ADVANCED_FACE('',(#4083),#2781,.T.);
#4083 = FACE_BOUND('',#4084,.T.);
#4084 = EDGE_LOOP('',(#4085,#4108,#4109,#4110));
#4085 = ORIENTED_EDGE('',*,*,#4086,.F.);
#4086 = EDGE_CURVE('',#2737,#4087,#4089,.T.);
#4087 = VERTEX_POINT('',#4088);
#4088 = CARTESIAN_POINT('',(-12.,36.35,44.));
#4089 = SURFACE_CURVE('',#4090,(#4094,#4101),.PCURVE_S1.);
#4090 = LINE('',#4091,#4092);
#4091 = CARTESIAN_POINT('',(-12.,44.35,44.));
#4092 = VECTOR('',#4093,1.);
#4093 = DIRECTION('',(0.,-1.,0.));
#4094 = PCURVE('',#2781,#4095);
#4095 = DEFINITIONAL_REPRESENTATION('',(#4096),#4100);
#4096 = LINE('',#4097,#4098);
#4097 = CARTESIAN_POINT('',(0.,0.));
#4098 = VECTOR('',#4099,1.);
#4099 = DIRECTION('',(0.,1.));
#4100 = ( GEOMETRIC_REPRESENTATION_CONTEXT(2) 
PARAMETRIC_REPRESENTATION_CONTEXT() REPRESENTATION_CONTEXT('2D SPACE',''
  ) );
#4101 = PCURVE('',#2752,#4102);
#4102 = DEFINITIONAL_REPRESENTATION('',(#4103),#4107);
#4103 = LINE('',#4104,#4105);
#4104 = CARTESIAN_POINT('',(12.,0.));
#4105 = VECTOR('',#4106,1.);
#4106 = DIRECTION('',(0.,-1.));
#4107 = ( GEOMETRIC_REPRESENTATION_CONTEXT(2) 
PARAMETRIC_REPRESENTATION_CONTEXT() REPRESENTATION_CONTEXT('2D SPACE',''
  ) );
#4108 = ORIENTED_EDGE('',*,*,#2764,.T.);
#4109 = ORIENTED_EDGE('',*,*,#3788,.T.);
#4110 = ORIENTED_EDGE('',*,*,#4111,.T.);
#4111 = EDGE_CURVE('',#3789,#4087,#4112,.T.);
#4112 = SURFACE_CURVE('',#4113,(#4118,#4125),.PCURVE_S1.);
#4113 = CIRCLE('',#4114,6.);
#4114 = AXIS2_PLACEMENT_3D('',#4115,#4116,#4117);
#4115 = CARTESIAN_POINT('',(-12.,36.35,38.));
#4116 = DIRECTION('',(0.,1.,0.));
#4117 = DIRECTION('',(-1.,0.,0.));
#4118 = PCURVE('',#2781,#4119);
#4119 = DEFINITIONAL_REPRESENTATION('',(#4120),#4124);
#4120 = LINE('',#4121,#4122);
#4121 = CARTESIAN_POINT('',(1.570796326795,8.));
#4122 = VECTOR('',#4123,1.);
#4123 = DIRECTION('',(-1.,-0.));
#4124 = ( GEOMETRIC_REPRESENTATION_CONTEXT(2) 
PARAMETRIC_REPRESENTATION_CONTEXT() REPRESENTATION_CONTEXT('2D SPACE',''
  ) );
#4125 = PCURVE('',#3826,#4126);
#4126 = DEFINITIONAL_REPRESENTATION('',(#4127),#4131);
#4127 = CIRCLE('',#4128,6.);
#4128 = AXIS2_PLACEMENT_2D('',#4129,#4130);
#4129 = CARTESIAN_POINT('',(-1.5,3.));
#4130 = DIRECTION('',(0.,-1.));
#4131 = ( GEOMETRIC_REPRESENTATION_CONTEXT(2) 
PARAMETRIC_REPRESENTATION_CONTEXT() REPRESENTATION_CONTEXT('2D SPACE',''
  ) );
#4132 = ADVANCED_FACE('',(#4133),#2724,.T.);
#4133 = FACE_BOUND('',#4134,.T.);
#4134 = EDGE_LOOP('',(#4135,#4136,#4137,#4160));
#4135 = ORIENTED_EDGE('',*,*,#4062,.F.);
#4136 = ORIENTED_EDGE('',*,*,#2707,.T.);
#4137 = ORIENTED_EDGE('',*,*,#4138,.T.);
#4138 = EDGE_CURVE('',#2708,#4139,#4141,.T.);
#4139 = VERTEX_POINT('',#4140);
#4140 = CARTESIAN_POINT('',(-6.,36.35,44.));
#4141 = SURFACE_CURVE('',#4142,(#4146,#4153),.PCURVE_S1.);
#4142 = LINE('',#4143,#4144);
#4143 = CARTESIAN_POINT('',(-6.,44.35,44.));
#4144 = VECTOR('',#4145,1.);
#4145 = DIRECTION('',(0.,-1.,0.));
#4146 = PCURVE('',#2724,#4147);
#4147 = DEFINITIONAL_REPRESENTATION('',(#4148),#4152);
#4148 = LINE('',#4149,#4150);
#4149 = CARTESIAN_POINT('',(1.570796326795,0.));
#4150 = VECTOR('',#4151,1.);
#4151 = DIRECTION('',(0.,1.));
#4152 = ( GEOMETRIC_REPRESENTATION_CONTEXT(2) 
PARAMETRIC_REPRESENTATION_CONTEXT() REPRESENTATION_CONTEXT('2D SPACE',''
  ) );
#4153 = PCURVE('',#2752,#4154);
#4154 = DEFINITIONAL_REPRESENTATION('',(#4155),#4159);
#4155 = LINE('',#4156,#4157);
#4156 = CARTESIAN_POINT('',(6.,0.));
#4157 = VECTOR('',#4158,1.);
#4158 = DIRECTION('',(0.,-1.));
#4159 = ( GEOMETRIC_REPRESENTATION_CONTEXT(2) 
PARAMETRIC_REPRESENTATION_CONTEXT() REPRESENTATION_CONTEXT('2D SPACE',''
  ) );
#4160 = ORIENTED_EDGE('',*,*,#4161,.F.);
#4161 = EDGE_CURVE('',#4041,#4139,#4162,.T.);
#4162 = SURFACE_CURVE('',#4163,(#4168,#4175),.PCURVE_S1.);
#4163 = CIRCLE('',#4164,6.);
#4164 = AXIS2_PLACEMENT_3D('',#4165,#4166,#4167);
#4165 = CARTESIAN_POINT('',(-6.,36.35,38.));
#4166 = DIRECTION('',(0.,-1.,0.));
#4167 = DIRECTION('',(1.,0.,0.));
#4168 = PCURVE('',#2724,#4169);
#4169 = DEFINITIONAL_REPRESENTATION('',(#4170),#4174);
#4170 = LINE('',#4171,#4172);
#4171 = CARTESIAN_POINT('',(0.,8.));
#4172 = VECTOR('',#4173,1.);
#4173 = DIRECTION('',(1.,0.));
#4174 = ( GEOMETRIC_REPRESENTATION_CONTEXT(2) 
PARAMETRIC_REPRESENTATION_CONTEXT() REPRESENTATION_CONTEXT('2D SPACE',''
  ) );
#4175 = PCURVE('',#3826,#4176);
#4176 = DEFINITIONAL_REPRESENTATION('',(#4177),#4185);
#4177 = ( BOUNDED_CURVE() B_SPLINE_CURVE(2,(#4178,#4179,#4180,#4181,
#4182,#4183,#4184),.UNSPECIFIED.,.T.,.F.) B_SPLINE_CURVE_WITH_KNOTS((1,2
    ,2,2,2,1),(-2.094395102393,0.,2.094395102393,4.188790204786,
6.28318530718,8.377580409573),.UNSPECIFIED.) CURVE() 
GEOMETRIC_REPRESENTATION_ITEM() RATIONAL_B_SPLINE_CURVE((1.,0.5,1.,0.5,
1.,0.5,1.)) REPRESENTATION_ITEM('') );
#4178 = CARTESIAN_POINT('',(-1.5,15.));
#4179 = CARTESIAN_POINT('',(8.892304845413,15.));
#4180 = CARTESIAN_POINT('',(3.696152422707,6.));
#4181 = CARTESIAN_POINT('',(-1.5,-3.));
#4182 = CARTESIAN_POINT('',(-6.696152422707,6.));
#4183 = CARTESIAN_POINT('',(-11.89230484541,15.));
#4184 = CARTESIAN_POINT('',(-1.5,15.));
#4185 = ( GEOMETRIC_REPRESENTATION_CONTEXT(2) 
PARAMETRIC_REPRESENTATION_CONTEXT() REPRESENTATION_CONTEXT('2D SPACE',''
  ) );
#4186 = ADVANCED_FACE('',(#4187),#2752,.F.);
#4187 = FACE_BOUND('',#4188,.F.);
#4188 = EDGE_LOOP('',(#4189,#4190,#4191,#4212));
#4189 = ORIENTED_EDGE('',*,*,#2736,.F.);
#4190 = ORIENTED_EDGE('',*,*,#4138,.T.);
#4191 = ORIENTED_EDGE('',*,*,#4192,.F.);
#4192 = EDGE_CURVE('',#4087,#4139,#4193,.T.);
#4193 = SURFACE_CURVE('',#4194,(#4198,#4205),.PCURVE_S1.);
#4194 = LINE('',#4195,#4196);
#4195 = CARTESIAN_POINT('',(-12.,36.35,44.));
#4196 = VECTOR('',#4197,1.);
#4197 = DIRECTION('',(1.,1.184237892934E-15,0.));
#4198 = PCURVE('',#2752,#4199);
#4199 = DEFINITIONAL_REPRESENTATION('',(#4200),#4204);
#4200 = LINE('',#4201,#4202);
#4201 = CARTESIAN_POINT('',(12.,-8.));
#4202 = VECTOR('',#4203,1.);
#4203 = DIRECTION('',(-1.,1.184237892934E-15));
#4204 = ( GEOMETRIC_REPRESENTATION_CONTEXT(2) 
PARAMETRIC_REPRESENTATION_CONTEXT() REPRESENTATION_CONTEXT('2D SPACE',''
  ) );
#4205 = PCURVE('',#3826,#4206);
#4206 = DEFINITIONAL_REPRESENTATION('',(#4207),#4211);
#4207 = LINE('',#4208,#4209);
#4208 = CARTESIAN_POINT('',(4.5,3.));
#4209 = VECTOR('',#4210,1.);
#4210 = DIRECTION('',(0.,1.));
#4211 = ( GEOMETRIC_REPRESENTATION_CONTEXT(2) 
PARAMETRIC_REPRESENTATION_CONTEXT() REPRESENTATION_CONTEXT('2D SPACE',''
  ) );
#4212 = ORIENTED_EDGE('',*,*,#4086,.F.);
#4213 = ADVANCED_FACE('',(#4214),#2870,.F.);
#4214 = FACE_BOUND('',#4215,.F.);
#4215 = EDGE_LOOP('',(#4216,#4217,#4240,#4267));
#4216 = ORIENTED_EDGE('',*,*,#2849,.F.);
#4217 = ORIENTED_EDGE('',*,*,#4218,.F.);
#4218 = EDGE_CURVE('',#4219,#2850,#4221,.T.);
#4219 = VERTEX_POINT('',#4220);
#4220 = CARTESIAN_POINT('',(-15.,38.35,41.5));
#4221 = SEAM_CURVE('',#4222,(#4226,#4233),.PCURVE_S1.);
#4222 = LINE('',#4223,#4224);
#4223 = CARTESIAN_POINT('',(-15.,38.35,41.5));
#4224 = VECTOR('',#4225,1.);
#4225 = DIRECTION('',(0.,1.,0.));
#4226 = PCURVE('',#2870,#4227);
#4227 = DEFINITIONAL_REPRESENTATION('',(#4228),#4232);
#4228 = LINE('',#4229,#4230);
#4229 = CARTESIAN_POINT('',(6.28318530718,-0.));
#4230 = VECTOR('',#4231,1.);
#4231 = DIRECTION('',(0.,1.));
#4232 = ( GEOMETRIC_REPRESENTATION_CONTEXT(2) 
PARAMETRIC_REPRESENTATION_CONTEXT() REPRESENTATION_CONTEXT('2D SPACE',''
  ) );
#4233 = PCURVE('',#2870,#4234);
#4234 = DEFINITIONAL_REPRESENTATION('',(#4235),#4239);
#4235 = LINE('',#4236,#4237);
#4236 = CARTESIAN_POINT('',(0.,-0.));
#4237 = VECTOR('',#4238,1.);
#4238 = DIRECTION('',(0.,1.));
#4239 = ( GEOMETRIC_REPRESENTATION_CONTEXT(2) 
PARAMETRIC_REPRESENTATION_CONTEXT() REPRESENTATION_CONTEXT('2D SPACE',''
  ) );
#4240 = ORIENTED_EDGE('',*,*,#4241,.T.);
#4241 = EDGE_CURVE('',#4219,#4219,#4242,.T.);
#4242 = SURFACE_CURVE('',#4243,(#4248,#4255),.PCURVE_S1.);
#4243 = CIRCLE('',#4244,2.);
#4244 = AXIS2_PLACEMENT_3D('',#4245,#4246,#4247);
#4245 = CARTESIAN_POINT('',(-15.,38.35,39.5));
#4246 = DIRECTION('',(0.,1.,0.));
#4247 = DIRECTION('',(0.,-0.,1.));
#4248 = PCURVE('',#2870,#4249);
#4249 = DEFINITIONAL_REPRESENTATION('',(#4250),#4254);
#4250 = LINE('',#4251,#4252);
#4251 = CARTESIAN_POINT('',(0.,0.));
#4252 = VECTOR('',#4253,1.);
#4253 = DIRECTION('',(1.,0.));
#4254 = ( GEOMETRIC_REPRESENTATION_CONTEXT(2) 
PARAMETRIC_REPRESENTATION_CONTEXT() REPRESENTATION_CONTEXT('2D SPACE',''
  ) );
#4255 = PCURVE('',#4256,#4261);
#4256 = PLANE('',#4257);
#4257 = AXIS2_PLACEMENT_3D('',#4258,#4259,#4260);
#4258 = CARTESIAN_POINT('',(-15.,38.35,39.5));
#4259 = DIRECTION('',(0.,1.,0.));
#4260 = DIRECTION('',(0.,-0.,1.));
#4261 = DEFINITIONAL_REPRESENTATION('',(#4262),#4266);
#4262 = CIRCLE('',#4263,2.);
#4263 = AXIS2_PLACEMENT_2D('',#4264,#4265);
#4264 = CARTESIAN_POINT('',(0.,0.));
#4265 = DIRECTION('',(1.,0.));
#4266 = ( GEOMETRIC_REPRESENTATION_CONTEXT(2) 
PARAMETRIC_REPRESENTATION_CONTEXT() REPRESENTATION_CONTEXT('2D SPACE',''
  ) );
#4267 = ORIENTED_EDGE('',*,*,#4218,.T.);
#4268 = ADVANCED_FACE('',(#4269),#3224,.F.);
#4269 = FACE_BOUND('',#4270,.F.);
#4270 = EDGE_LOOP('',(#4271,#4294,#4295,#4296));
#4271 = ORIENTED_EDGE('',*,*,#4272,.T.);
#4272 = EDGE_CURVE('',#4273,#3204,#4275,.T.);
#4273 = VERTEX_POINT('',#4274);
#4274 = CARTESIAN_POINT('',(-15.3,30.,17.2));
#4275 = SEAM_CURVE('',#4276,(#4280,#4287),.PCURVE_S1.);
#4276 = LINE('',#4277,#4278);
#4277 = CARTESIAN_POINT('',(-19.,30.,17.2));
#4278 = VECTOR('',#4279,1.);
#4279 = DIRECTION('',(1.,0.,0.));
#4280 = PCURVE('',#3224,#4281);
#4281 = DEFINITIONAL_REPRESENTATION('',(#4282),#4286);
#4282 = LINE('',#4283,#4284);
#4283 = CARTESIAN_POINT('',(6.28318530718,-0.));
#4284 = VECTOR('',#4285,1.);
#4285 = DIRECTION('',(0.,1.));
#4286 = ( GEOMETRIC_REPRESENTATION_CONTEXT(2) 
PARAMETRIC_REPRESENTATION_CONTEXT() REPRESENTATION_CONTEXT('2D SPACE',''
  ) );
#4287 = PCURVE('',#3224,#4288);
#4288 = DEFINITIONAL_REPRESENTATION('',(#4289),#4293);
#4289 = LINE('',#4290,#4291);
#4290 = CARTESIAN_POINT('',(0.,-0.));
#4291 = VECTOR('',#4292,1.);
#4292 = DIRECTION('',(0.,1.));
#4293 = ( GEOMETRIC_REPRESENTATION_CONTEXT(2) 
PARAMETRIC_REPRESENTATION_CONTEXT() REPRESENTATION_CONTEXT('2D SPACE',''
  ) );
#4294 = ORIENTED_EDGE('',*,*,#3203,.F.);
#4295 = ORIENTED_EDGE('',*,*,#4272,.F.);
#4296 = ORIENTED_EDGE('',*,*,#4297,.T.);
#4297 = EDGE_CURVE('',#4273,#4273,#4298,.T.);
#4298 = SURFACE_CURVE('',#4299,(#4304,#4311),.PCURVE_S1.);
#4299 = CIRCLE('',#4300,1.7);
#4300 = AXIS2_PLACEMENT_3D('',#4301,#4302,#4303);
#4301 = CARTESIAN_POINT('',(-15.3,30.,15.5));
#4302 = DIRECTION('',(1.,0.,0.));
#4303 = DIRECTION('',(-0.,0.,1.));
#4304 = PCURVE('',#3224,#4305);
#4305 = DEFINITIONAL_REPRESENTATION('',(#4306),#4310);
#4306 = LINE('',#4307,#4308);
#4307 = CARTESIAN_POINT('',(0.,3.7));
#4308 = VECTOR('',#4309,1.);
#4309 = DIRECTION('',(1.,0.));
#4310 = ( GEOMETRIC_REPRESENTATION_CONTEXT(2) 
PARAMETRIC_REPRESENTATION_CONTEXT() REPRESENTATION_CONTEXT('2D SPACE',''
  ) );
#4311 = PCURVE('',#4312,#4317);
#4312 = PLANE('',#4313);
#4313 = AXIS2_PLACEMENT_3D('',#4314,#4315,#4316);
#4314 = CARTESIAN_POINT('',(-15.3,30.,15.5));
#4315 = DIRECTION('',(1.,0.,0.));
#4316 = DIRECTION('',(-0.,0.,1.));
#4317 = DEFINITIONAL_REPRESENTATION('',(#4318),#4322);
#4318 = CIRCLE('',#4319,1.7);
#4319 = AXIS2_PLACEMENT_2D('',#4320,#4321);
#4320 = CARTESIAN_POINT('',(0.,0.));
#4321 = DIRECTION('',(1.,0.));
#4322 = ( GEOMETRIC_REPRESENTATION_CONTEXT(2) 
PARAMETRIC_REPRESENTATION_CONTEXT() REPRESENTATION_CONTEXT('2D SPACE',''
  ) );
#4323 = ADVANCED_FACE('',(#4324),#3388,.T.);
#4324 = FACE_BOUND('',#4325,.T.);
#4325 = EDGE_LOOP('',(#4326,#4349,#4375,#4376));
#4326 = ORIENTED_EDGE('',*,*,#4327,.F.);
#4327 = EDGE_CURVE('',#4328,#3344,#4330,.T.);
#4328 = VERTEX_POINT('',#4329);
#4329 = CARTESIAN_POINT('',(-12.,23.65,44.));
#4330 = SURFACE_CURVE('',#4331,(#4335,#4342),.PCURVE_S1.);
#4331 = LINE('',#4332,#4333);
#4332 = CARTESIAN_POINT('',(-12.,44.35,44.));
#4333 = VECTOR('',#4334,1.);
#4334 = DIRECTION('',(0.,-1.,0.));
#4335 = PCURVE('',#3388,#4336);
#4336 = DEFINITIONAL_REPRESENTATION('',(#4337),#4341);
#4337 = LINE('',#4338,#4339);
#4338 = CARTESIAN_POINT('',(0.,0.));
#4339 = VECTOR('',#4340,1.);
#4340 = DIRECTION('',(0.,1.));
#4341 = ( GEOMETRIC_REPRESENTATION_CONTEXT(2) 
PARAMETRIC_REPRESENTATION_CONTEXT() REPRESENTATION_CONTEXT('2D SPACE',''
  ) );
#4342 = PCURVE('',#3359,#4343);
#4343 = DEFINITIONAL_REPRESENTATION('',(#4344),#4348);
#4344 = LINE('',#4345,#4346);
#4345 = CARTESIAN_POINT('',(12.,0.));
#4346 = VECTOR('',#4347,1.);
#4347 = DIRECTION('',(0.,-1.));
#4348 = ( GEOMETRIC_REPRESENTATION_CONTEXT(2) 
PARAMETRIC_REPRESENTATION_CONTEXT() REPRESENTATION_CONTEXT('2D SPACE',''
  ) );
#4349 = ORIENTED_EDGE('',*,*,#4350,.T.);
#4350 = EDGE_CURVE('',#4328,#3865,#4351,.T.);
#4351 = SURFACE_CURVE('',#4352,(#4357,#4364),.PCURVE_S1.);
#4352 = CIRCLE('',#4353,6.);
#4353 = AXIS2_PLACEMENT_3D('',#4354,#4355,#4356);
#4354 = CARTESIAN_POINT('',(-12.,23.65,38.));
#4355 = DIRECTION('',(0.,-1.,0.));
#4356 = DIRECTION('',(0.,0.,1.));
#4357 = PCURVE('',#3388,#4358);
#4358 = DEFINITIONAL_REPRESENTATION('',(#4359),#4363);
#4359 = LINE('',#4360,#4361);
#4360 = CARTESIAN_POINT('',(0.,20.7));
#4361 = VECTOR('',#4362,1.);
#4362 = DIRECTION('',(1.,0.));
#4363 = ( GEOMETRIC_REPRESENTATION_CONTEXT(2) 
PARAMETRIC_REPRESENTATION_CONTEXT() REPRESENTATION_CONTEXT('2D SPACE',''
  ) );
#4364 = PCURVE('',#3879,#4365);
#4365 = DEFINITIONAL_REPRESENTATION('',(#4366),#4374);
#4366 = ( BOUNDED_CURVE() B_SPLINE_CURVE(2,(#4367,#4368,#4369,#4370,
#4371,#4372,#4373),.UNSPECIFIED.,.T.,.F.) B_SPLINE_CURVE_WITH_KNOTS((1,2
    ,2,2,2,1),(-2.094395102393,0.,2.094395102393,4.188790204786,
6.28318530718,8.377580409573),.UNSPECIFIED.) CURVE() 
GEOMETRIC_REPRESENTATION_ITEM() RATIONAL_B_SPLINE_CURVE((1.,0.5,1.,0.5,
1.,0.5,1.)) REPRESENTATION_ITEM('') );
#4367 = CARTESIAN_POINT('',(4.5,3.));
#4368 = CARTESIAN_POINT('',(4.5,-7.392304845413));
#4369 = CARTESIAN_POINT('',(-4.5,-2.196152422707));
#4370 = CARTESIAN_POINT('',(-13.5,3.));
#4371 = CARTESIAN_POINT('',(-4.5,8.196152422707));
#4372 = CARTESIAN_POINT('',(4.5,13.392304845413));
#4373 = CARTESIAN_POINT('',(4.5,3.));
#4374 = ( GEOMETRIC_REPRESENTATION_CONTEXT(2) 
PARAMETRIC_REPRESENTATION_CONTEXT() REPRESENTATION_CONTEXT('2D SPACE',''
  ) );
#4375 = ORIENTED_EDGE('',*,*,#3891,.T.);
#4376 = ORIENTED_EDGE('',*,*,#3371,.F.);
#4377 = ADVANCED_FACE('',(#4378),#3331,.T.);
#4378 = FACE_BOUND('',#4379,.T.);
#4379 = EDGE_LOOP('',(#4380,#4381,#4409,#4430));
#4380 = ORIENTED_EDGE('',*,*,#3969,.F.);
#4381 = ORIENTED_EDGE('',*,*,#4382,.T.);
#4382 = EDGE_CURVE('',#3970,#4383,#4385,.T.);
#4383 = VERTEX_POINT('',#4384);
#4384 = CARTESIAN_POINT('',(-6.,23.65,44.));
#4385 = SURFACE_CURVE('',#4386,(#4391,#4398),.PCURVE_S1.);
#4386 = CIRCLE('',#4387,6.);
#4387 = AXIS2_PLACEMENT_3D('',#4388,#4389,#4390);
#4388 = CARTESIAN_POINT('',(-6.,23.65,38.));
#4389 = DIRECTION('',(0.,-1.,0.));
#4390 = DIRECTION('',(1.,0.,0.));
#4391 = PCURVE('',#3331,#4392);
#4392 = DEFINITIONAL_REPRESENTATION('',(#4393),#4397);
#4393 = LINE('',#4394,#4395);
#4394 = CARTESIAN_POINT('',(0.,20.7));
#4395 = VECTOR('',#4396,1.);
#4396 = DIRECTION('',(1.,0.));
#4397 = ( GEOMETRIC_REPRESENTATION_CONTEXT(2) 
PARAMETRIC_REPRESENTATION_CONTEXT() REPRESENTATION_CONTEXT('2D SPACE',''
  ) );
#4398 = PCURVE('',#3879,#4399);
#4399 = DEFINITIONAL_REPRESENTATION('',(#4400),#4408);
#4400 = ( BOUNDED_CURVE() B_SPLINE_CURVE(2,(#4401,#4402,#4403,#4404,
#4405,#4406,#4407),.UNSPECIFIED.,.T.,.F.) B_SPLINE_CURVE_WITH_KNOTS((1,2
    ,2,2,2,1),(-2.094395102393,0.,2.094395102393,4.188790204786,
6.28318530718,8.377580409573),.UNSPECIFIED.) CURVE() 
GEOMETRIC_REPRESENTATION_ITEM() RATIONAL_B_SPLINE_CURVE((1.,0.5,1.,0.5,
1.,0.5,1.)) REPRESENTATION_ITEM('') );
#4401 = CARTESIAN_POINT('',(-1.5,15.));
#4402 = CARTESIAN_POINT('',(8.892304845413,15.));
#4403 = CARTESIAN_POINT('',(3.696152422707,6.));
#4404 = CARTESIAN_POINT('',(-1.5,-3.));
#4405 = CARTESIAN_POINT('',(-6.696152422707,6.));
#4406 = CARTESIAN_POINT('',(-11.89230484541,15.));
#4407 = CARTESIAN_POINT('',(-1.5,15.));
#4408 = ( GEOMETRIC_REPRESENTATION_CONTEXT(2) 
PARAMETRIC_REPRESENTATION_CONTEXT() REPRESENTATION_CONTEXT('2D SPACE',''
  ) );
#4409 = ORIENTED_EDGE('',*,*,#4410,.T.);
#4410 = EDGE_CURVE('',#4383,#3315,#4411,.T.);
#4411 = SURFACE_CURVE('',#4412,(#4416,#4423),.PCURVE_S1.);
#4412 = LINE('',#4413,#4414);
#4413 = CARTESIAN_POINT('',(-6.,44.35,44.));
#4414 = VECTOR('',#4415,1.);
#4415 = DIRECTION('',(0.,-1.,0.));
#4416 = PCURVE('',#3331,#4417);
#4417 = DEFINITIONAL_REPRESENTATION('',(#4418),#4422);
#4418 = LINE('',#4419,#4420);
#4419 = CARTESIAN_POINT('',(1.570796326795,0.));
#4420 = VECTOR('',#4421,1.);
#4421 = DIRECTION('',(0.,1.));
#4422 = ( GEOMETRIC_REPRESENTATION_CONTEXT(2) 
PARAMETRIC_REPRESENTATION_CONTEXT() REPRESENTATION_CONTEXT('2D SPACE',''
  ) );
#4423 = PCURVE('',#3359,#4424);
#4424 = DEFINITIONAL_REPRESENTATION('',(#4425),#4429);
#4425 = LINE('',#4426,#4427);
#4426 = CARTESIAN_POINT('',(6.,0.));
#4427 = VECTOR('',#4428,1.);
#4428 = DIRECTION('',(0.,-1.));
#4429 = ( GEOMETRIC_REPRESENTATION_CONTEXT(2) 
PARAMETRIC_REPRESENTATION_CONTEXT() REPRESENTATION_CONTEXT('2D SPACE',''
  ) );
#4430 = ORIENTED_EDGE('',*,*,#3314,.F.);
#4431 = ADVANCED_FACE('',(#4432),#3359,.F.);
#4432 = FACE_BOUND('',#4433,.F.);
#4433 = EDGE_LOOP('',(#4434,#4455,#4456,#4457));
#4434 = ORIENTED_EDGE('',*,*,#4435,.F.);
#4435 = EDGE_CURVE('',#4383,#4328,#4436,.T.);
#4436 = SURFACE_CURVE('',#4437,(#4441,#4448),.PCURVE_S1.);
#4437 = LINE('',#4438,#4439);
#4438 = CARTESIAN_POINT('',(-6.,23.65,44.));
#4439 = VECTOR('',#4440,1.);
#4440 = DIRECTION('',(-1.,-5.921189464668E-16,0.));
#4441 = PCURVE('',#3359,#4442);
#4442 = DEFINITIONAL_REPRESENTATION('',(#4443),#4447);
#4443 = LINE('',#4444,#4445);
#4444 = CARTESIAN_POINT('',(6.,-20.7));
#4445 = VECTOR('',#4446,1.);
#4446 = DIRECTION('',(1.,-5.921189464668E-16));
#4447 = ( GEOMETRIC_REPRESENTATION_CONTEXT(2) 
PARAMETRIC_REPRESENTATION_CONTEXT() REPRESENTATION_CONTEXT('2D SPACE',''
  ) );
#4448 = PCURVE('',#3879,#4449);
#4449 = DEFINITIONAL_REPRESENTATION('',(#4450),#4454);
#4450 = LINE('',#4451,#4452);
#4451 = CARTESIAN_POINT('',(4.5,9.));
#4452 = VECTOR('',#4453,1.);
#4453 = DIRECTION('',(0.,-1.));
#4454 = ( GEOMETRIC_REPRESENTATION_CONTEXT(2) 
PARAMETRIC_REPRESENTATION_CONTEXT() REPRESENTATION_CONTEXT('2D SPACE',''
  ) );
#4455 = ORIENTED_EDGE('',*,*,#4410,.T.);
#4456 = ORIENTED_EDGE('',*,*,#3343,.T.);
#4457 = ORIENTED_EDGE('',*,*,#4327,.F.);
#4458 = ADVANCED_FACE('',(#4459),#3472,.F.);
#4459 = FACE_BOUND('',#4460,.F.);
#4460 = EDGE_LOOP('',(#4461,#4485,#4506,#4507));
#4461 = ORIENTED_EDGE('',*,*,#4462,.F.);
#4462 = EDGE_CURVE('',#4463,#4463,#4465,.T.);
#4463 = VERTEX_POINT('',#4464);
#4464 = CARTESIAN_POINT('',(-15.,23.65,41.2));
#4465 = SURFACE_CURVE('',#4466,(#4471,#4478),.PCURVE_S1.);
#4466 = CIRCLE('',#4467,1.7);
#4467 = AXIS2_PLACEMENT_3D('',#4468,#4469,#4470);
#4468 = CARTESIAN_POINT('',(-15.,23.65,39.5));
#4469 = DIRECTION('',(0.,1.,0.));
#4470 = DIRECTION('',(0.,-0.,1.));
#4471 = PCURVE('',#3472,#4472);
#4472 = DEFINITIONAL_REPRESENTATION('',(#4473),#4477);
#4473 = LINE('',#4474,#4475);
#4474 = CARTESIAN_POINT('',(0.,8.));
#4475 = VECTOR('',#4476,1.);
#4476 = DIRECTION('',(1.,0.));
#4477 = ( GEOMETRIC_REPRESENTATION_CONTEXT(2) 
PARAMETRIC_REPRESENTATION_CONTEXT() REPRESENTATION_CONTEXT('2D SPACE',''
  ) );
#4478 = PCURVE('',#3879,#4479);
#4479 = DEFINITIONAL_REPRESENTATION('',(#4480),#4484);
#4480 = CIRCLE('',#4481,1.7);
#4481 = AXIS2_PLACEMENT_2D('',#4482,#4483);
#4482 = CARTESIAN_POINT('',(0.,0.));
#4483 = DIRECTION('',(1.,0.));
#4484 = ( GEOMETRIC_REPRESENTATION_CONTEXT(2) 
PARAMETRIC_REPRESENTATION_CONTEXT() REPRESENTATION_CONTEXT('2D SPACE',''
  ) );
#4485 = ORIENTED_EDGE('',*,*,#4486,.F.);
#4486 = EDGE_CURVE('',#3452,#4463,#4487,.T.);
#4487 = SEAM_CURVE('',#4488,(#4492,#4499),.PCURVE_S1.);
#4488 = LINE('',#4489,#4490);
#4489 = CARTESIAN_POINT('',(-15.,15.65,41.2));
#4490 = VECTOR('',#4491,1.);
#4491 = DIRECTION('',(0.,1.,0.));
#4492 = PCURVE('',#3472,#4493);
#4493 = DEFINITIONAL_REPRESENTATION('',(#4494),#4498);
#4494 = LINE('',#4495,#4496);
#4495 = CARTESIAN_POINT('',(6.28318530718,-0.));
#4496 = VECTOR('',#4497,1.);
#4497 = DIRECTION('',(0.,1.));
#4498 = ( GEOMETRIC_REPRESENTATION_CONTEXT(2) 
PARAMETRIC_REPRESENTATION_CONTEXT() REPRESENTATION_CONTEXT('2D SPACE',''
  ) );
#4499 = PCURVE('',#3472,#4500);
#4500 = DEFINITIONAL_REPRESENTATION('',(#4501),#4505);
#4501 = LINE('',#4502,#4503);
#4502 = CARTESIAN_POINT('',(0.,-0.));
#4503 = VECTOR('',#4504,1.);
#4504 = DIRECTION('',(0.,1.));
#4505 = ( GEOMETRIC_REPRESENTATION_CONTEXT(2) 
PARAMETRIC_REPRESENTATION_CONTEXT() REPRESENTATION_CONTEXT('2D SPACE',''
  ) );
#4506 = ORIENTED_EDGE('',*,*,#3451,.T.);
#4507 = ORIENTED_EDGE('',*,*,#4486,.T.);
#4508 = ADVANCED_FACE('',(#4509),#3676,.F.);
#4509 = FACE_BOUND('',#4510,.F.);
#4510 = EDGE_LOOP('',(#4511,#4534,#4556,#4557,#4558,#4559));
#4511 = ORIENTED_EDGE('',*,*,#4512,.T.);
#4512 = EDGE_CURVE('',#3915,#4513,#4515,.T.);
#4513 = VERTEX_POINT('',#4514);
#4514 = CARTESIAN_POINT('',(-15.3,30.,18.35));
#4515 = SEAM_CURVE('',#4516,(#4520,#4527),.PCURVE_S1.);
#4516 = LINE('',#4517,#4518);
#4517 = CARTESIAN_POINT('',(-18.5,30.,18.35));
#4518 = VECTOR('',#4519,1.);
#4519 = DIRECTION('',(1.,0.,0.));
#4520 = PCURVE('',#3676,#4521);
#4521 = DEFINITIONAL_REPRESENTATION('',(#4522),#4526);
#4522 = LINE('',#4523,#4524);
#4523 = CARTESIAN_POINT('',(6.28318530718,-0.));
#4524 = VECTOR('',#4525,1.);
#4525 = DIRECTION('',(0.,1.));
#4526 = ( GEOMETRIC_REPRESENTATION_CONTEXT(2) 
PARAMETRIC_REPRESENTATION_CONTEXT() REPRESENTATION_CONTEXT('2D SPACE',''
  ) );
#4527 = PCURVE('',#3676,#4528);
#4528 = DEFINITIONAL_REPRESENTATION('',(#4529),#4533);
#4529 = LINE('',#4530,#4531);
#4530 = CARTESIAN_POINT('',(0.,-0.));
#4531 = VECTOR('',#4532,1.);
#4532 = DIRECTION('',(0.,1.));
#4533 = ( GEOMETRIC_REPRESENTATION_CONTEXT(2) 
PARAMETRIC_REPRESENTATION_CONTEXT() REPRESENTATION_CONTEXT('2D SPACE',''
  ) );
#4534 = ORIENTED_EDGE('',*,*,#4535,.F.);
#4535 = EDGE_CURVE('',#4513,#4513,#4536,.T.);
#4536 = SURFACE_CURVE('',#4537,(#4542,#4549),.PCURVE_S1.);
#4537 = CIRCLE('',#4538,2.85);
#4538 = AXIS2_PLACEMENT_3D('',#4539,#4540,#4541);
#4539 = CARTESIAN_POINT('',(-15.3,30.,15.5));
#4540 = DIRECTION('',(1.,0.,0.));
#4541 = DIRECTION('',(-0.,0.,1.));
#4542 = PCURVE('',#3676,#4543);
#4543 = DEFINITIONAL_REPRESENTATION('',(#4544),#4548);
#4544 = LINE('',#4545,#4546);
#4545 = CARTESIAN_POINT('',(0.,3.2));
#4546 = VECTOR('',#4547,1.);
#4547 = DIRECTION('',(1.,0.));
#4548 = ( GEOMETRIC_REPRESENTATION_CONTEXT(2) 
PARAMETRIC_REPRESENTATION_CONTEXT() REPRESENTATION_CONTEXT('2D SPACE',''
  ) );
#4549 = PCURVE('',#4312,#4550);
#4550 = DEFINITIONAL_REPRESENTATION('',(#4551),#4555);
#4551 = CIRCLE('',#4552,2.85);
#4552 = AXIS2_PLACEMENT_2D('',#4553,#4554);
#4553 = CARTESIAN_POINT('',(0.,0.));
#4554 = DIRECTION('',(1.,0.));
#4555 = ( GEOMETRIC_REPRESENTATION_CONTEXT(2) 
PARAMETRIC_REPRESENTATION_CONTEXT() REPRESENTATION_CONTEXT('2D SPACE',''
  ) );
#4556 = ORIENTED_EDGE('',*,*,#4512,.F.);
#4557 = ORIENTED_EDGE('',*,*,#3914,.T.);
#4558 = ORIENTED_EDGE('',*,*,#3512,.T.);
#4559 = ORIENTED_EDGE('',*,*,#3938,.T.);
#4560 = ADVANCED_FACE('',(#4561,#4613),#3879,.T.);
#4561 = FACE_BOUND('',#4562,.T.);
#4562 = EDGE_LOOP('',(#4563,#4564,#4565,#4566,#4567,#4590,#4612));
#4563 = ORIENTED_EDGE('',*,*,#4350,.F.);
#4564 = ORIENTED_EDGE('',*,*,#4435,.F.);
#4565 = ORIENTED_EDGE('',*,*,#4382,.F.);
#4566 = ORIENTED_EDGE('',*,*,#3992,.F.);
#4567 = ORIENTED_EDGE('',*,*,#4568,.F.);
#4568 = EDGE_CURVE('',#4569,#3993,#4571,.T.);
#4569 = VERTEX_POINT('',#4570);
#4570 = CARTESIAN_POINT('',(-15.,23.65,32.75));
#4571 = SURFACE_CURVE('',#4572,(#4576,#4583),.PCURVE_S1.);
#4572 = LINE('',#4573,#4574);
#4573 = CARTESIAN_POINT('',(-15.,23.65,32.75));
#4574 = VECTOR('',#4575,1.);
#4575 = DIRECTION('',(1.,0.,0.));
#4576 = PCURVE('',#3879,#4577);
#4577 = DEFINITIONAL_REPRESENTATION('',(#4578),#4582);
#4578 = LINE('',#4579,#4580);
#4579 = CARTESIAN_POINT('',(-6.75,0.));
#4580 = VECTOR('',#4581,1.);
#4581 = DIRECTION('',(0.,1.));
#4582 = ( GEOMETRIC_REPRESENTATION_CONTEXT(2) 
PARAMETRIC_REPRESENTATION_CONTEXT() REPRESENTATION_CONTEXT('2D SPACE',''
  ) );
#4583 = PCURVE('',#4029,#4584);
#4584 = DEFINITIONAL_REPRESENTATION('',(#4585),#4589);
#4585 = LINE('',#4586,#4587);
#4586 = CARTESIAN_POINT('',(0.,-12.7));
#4587 = VECTOR('',#4588,1.);
#4588 = DIRECTION('',(1.,0.));
#4589 = ( GEOMETRIC_REPRESENTATION_CONTEXT(2) 
PARAMETRIC_REPRESENTATION_CONTEXT() REPRESENTATION_CONTEXT('2D SPACE',''
  ) );
#4590 = ORIENTED_EDGE('',*,*,#4591,.T.);
#4591 = EDGE_CURVE('',#4569,#3839,#4592,.T.);
#4592 = SURFACE_CURVE('',#4593,(#4598,#4605),.PCURVE_S1.);
#4593 = CIRCLE('',#4594,6.75);
#4594 = AXIS2_PLACEMENT_3D('',#4595,#4596,#4597);
#4595 = CARTESIAN_POINT('',(-15.,23.65,39.5));
#4596 = DIRECTION('',(0.,1.,0.));
#4597 = DIRECTION('',(0.,-0.,1.));
#4598 = PCURVE('',#3879,#4599);
#4599 = DEFINITIONAL_REPRESENTATION('',(#4600),#4604);
#4600 = CIRCLE('',#4601,6.75);
#4601 = AXIS2_PLACEMENT_2D('',#4602,#4603);
#4602 = CARTESIAN_POINT('',(0.,0.));
#4603 = DIRECTION('',(1.,0.));
#4604 = ( GEOMETRIC_REPRESENTATION_CONTEXT(2) 
PARAMETRIC_REPRESENTATION_CONTEXT() REPRESENTATION_CONTEXT('2D SPACE',''
  ) );
#4605 = PCURVE('',#3853,#4606);
#4606 = DEFINITIONAL_REPRESENTATION('',(#4607),#4611);
#4607 = LINE('',#4608,#4609);
#4608 = CARTESIAN_POINT('',(0.,0.));
#4609 = VECTOR('',#4610,1.);
#4610 = DIRECTION('',(1.,0.));
#4611 = ( GEOMETRIC_REPRESENTATION_CONTEXT(2) 
PARAMETRIC_REPRESENTATION_CONTEXT() REPRESENTATION_CONTEXT('2D SPACE',''
  ) );
#4612 = ORIENTED_EDGE('',*,*,#3864,.T.);
#4613 = FACE_BOUND('',#4614,.T.);
#4614 = EDGE_LOOP('',(#4615));
#4615 = ORIENTED_EDGE('',*,*,#4462,.F.);
#4616 = ADVANCED_FACE('',(#4617),#3853,.F.);
#4617 = FACE_BOUND('',#4618,.F.);
#4618 = EDGE_LOOP('',(#4619,#4643,#4664,#4665));
#4619 = ORIENTED_EDGE('',*,*,#4620,.F.);
#4620 = EDGE_CURVE('',#4621,#3812,#4623,.T.);
#4621 = VERTEX_POINT('',#4622);
#4622 = CARTESIAN_POINT('',(-15.,36.35,32.75));
#4623 = SURFACE_CURVE('',#4624,(#4629,#4636),.PCURVE_S1.);
#4624 = CIRCLE('',#4625,6.75);
#4625 = AXIS2_PLACEMENT_3D('',#4626,#4627,#4628);
#4626 = CARTESIAN_POINT('',(-15.,36.35,39.5));
#4627 = DIRECTION('',(0.,1.,0.));
#4628 = DIRECTION('',(0.,-0.,1.));
#4629 = PCURVE('',#3853,#4630);
#4630 = DEFINITIONAL_REPRESENTATION('',(#4631),#4635);
#4631 = LINE('',#4632,#4633);
#4632 = CARTESIAN_POINT('',(0.,12.7));
#4633 = VECTOR('',#4634,1.);
#4634 = DIRECTION('',(1.,0.));
#4635 = ( GEOMETRIC_REPRESENTATION_CONTEXT(2) 
PARAMETRIC_REPRESENTATION_CONTEXT() REPRESENTATION_CONTEXT('2D SPACE',''
  ) );
#4636 = PCURVE('',#3826,#4637);
#4637 = DEFINITIONAL_REPRESENTATION('',(#4638),#4642);
#4638 = CIRCLE('',#4639,6.75);
#4639 = AXIS2_PLACEMENT_2D('',#4640,#4641);
#4640 = CARTESIAN_POINT('',(0.,0.));
#4641 = DIRECTION('',(1.,0.));
#4642 = ( GEOMETRIC_REPRESENTATION_CONTEXT(2) 
PARAMETRIC_REPRESENTATION_CONTEXT() REPRESENTATION_CONTEXT('2D SPACE',''
  ) );
#4643 = ORIENTED_EDGE('',*,*,#4644,.T.);
#4644 = EDGE_CURVE('',#4621,#4569,#4645,.T.);
#4645 = SURFACE_CURVE('',#4646,(#4650,#4657),.PCURVE_S1.);
#4646 = LINE('',#4647,#4648);
#4647 = CARTESIAN_POINT('',(-15.,36.35,32.75));
#4648 = VECTOR('',#4649,1.);
#4649 = DIRECTION('',(0.,-1.,0.));
#4650 = PCURVE('',#3853,#4651);
#4651 = DEFINITIONAL_REPRESENTATION('',(#4652),#4656);
#4652 = LINE('',#4653,#4654);
#4653 = CARTESIAN_POINT('',(3.14159265359,12.7));
#4654 = VECTOR('',#4655,1.);
#4655 = DIRECTION('',(0.,-1.));
#4656 = ( GEOMETRIC_REPRESENTATION_CONTEXT(2) 
PARAMETRIC_REPRESENTATION_CONTEXT() REPRESENTATION_CONTEXT('2D SPACE',''
  ) );
#4657 = PCURVE('',#4029,#4658);
#4658 = DEFINITIONAL_REPRESENTATION('',(#4659),#4663);
#4659 = LINE('',#4660,#4661);
#4660 = CARTESIAN_POINT('',(0.,0.));
#4661 = VECTOR('',#4662,1.);
#4662 = DIRECTION('',(0.,-1.));
#4663 = ( GEOMETRIC_REPRESENTATION_CONTEXT(2) 
PARAMETRIC_REPRESENTATION_CONTEXT() REPRESENTATION_CONTEXT('2D SPACE',''
  ) );
#4664 = ORIENTED_EDGE('',*,*,#4591,.T.);
#4665 = ORIENTED_EDGE('',*,*,#3838,.T.);
#4666 = ADVANCED_FACE('',(#4667,#4696),#3826,.F.);
#4667 = FACE_BOUND('',#4668,.F.);
#4668 = EDGE_LOOP('',(#4669,#4670,#4671,#4672,#4673,#4694,#4695));
#4669 = ORIENTED_EDGE('',*,*,#4111,.T.);
#4670 = ORIENTED_EDGE('',*,*,#4192,.T.);
#4671 = ORIENTED_EDGE('',*,*,#4161,.F.);
#4672 = ORIENTED_EDGE('',*,*,#4040,.F.);
#4673 = ORIENTED_EDGE('',*,*,#4674,.F.);
#4674 = EDGE_CURVE('',#4621,#4015,#4675,.T.);
#4675 = SURFACE_CURVE('',#4676,(#4680,#4687),.PCURVE_S1.);
#4676 = LINE('',#4677,#4678);
#4677 = CARTESIAN_POINT('',(-15.,36.35,32.75));
#4678 = VECTOR('',#4679,1.);
#4679 = DIRECTION('',(1.,0.,0.));
#4680 = PCURVE('',#3826,#4681);
#4681 = DEFINITIONAL_REPRESENTATION('',(#4682),#4686);
#4682 = LINE('',#4683,#4684);
#4683 = CARTESIAN_POINT('',(-6.75,0.));
#4684 = VECTOR('',#4685,1.);
#4685 = DIRECTION('',(0.,1.));
#4686 = ( GEOMETRIC_REPRESENTATION_CONTEXT(2) 
PARAMETRIC_REPRESENTATION_CONTEXT() REPRESENTATION_CONTEXT('2D SPACE',''
  ) );
#4687 = PCURVE('',#4029,#4688);
#4688 = DEFINITIONAL_REPRESENTATION('',(#4689),#4693);
#4689 = LINE('',#4690,#4691);
#4690 = CARTESIAN_POINT('',(0.,0.));
#4691 = VECTOR('',#4692,1.);
#4692 = DIRECTION('',(1.,0.));
#4693 = ( GEOMETRIC_REPRESENTATION_CONTEXT(2) 
PARAMETRIC_REPRESENTATION_CONTEXT() REPRESENTATION_CONTEXT('2D SPACE',''
  ) );
#4694 = ORIENTED_EDGE('',*,*,#4620,.T.);
#4695 = ORIENTED_EDGE('',*,*,#3811,.T.);
#4696 = FACE_BOUND('',#4697,.F.);
#4697 = EDGE_LOOP('',(#4698));
#4698 = ORIENTED_EDGE('',*,*,#4699,.F.);
#4699 = EDGE_CURVE('',#4700,#4700,#4702,.T.);
#4700 = VERTEX_POINT('',#4701);
#4701 = CARTESIAN_POINT('',(-15.,36.35,41.2));
#4702 = SURFACE_CURVE('',#4703,(#4708,#4715),.PCURVE_S1.);
#4703 = CIRCLE('',#4704,1.7);
#4704 = AXIS2_PLACEMENT_3D('',#4705,#4706,#4707);
#4705 = CARTESIAN_POINT('',(-15.,36.35,39.5));
#4706 = DIRECTION('',(0.,1.,0.));
#4707 = DIRECTION('',(0.,-0.,1.));
#4708 = PCURVE('',#3826,#4709);
#4709 = DEFINITIONAL_REPRESENTATION('',(#4710),#4714);
#4710 = CIRCLE('',#4711,1.7);
#4711 = AXIS2_PLACEMENT_2D('',#4712,#4713);
#4712 = CARTESIAN_POINT('',(0.,0.));
#4713 = DIRECTION('',(1.,0.));
#4714 = ( GEOMETRIC_REPRESENTATION_CONTEXT(2) 
PARAMETRIC_REPRESENTATION_CONTEXT() REPRESENTATION_CONTEXT('2D SPACE',''
  ) );
#4715 = PCURVE('',#4716,#4721);
#4716 = CYLINDRICAL_SURFACE('',#4717,1.7);
#4717 = AXIS2_PLACEMENT_3D('',#4718,#4719,#4720);
#4718 = CARTESIAN_POINT('',(-15.,15.65,39.5));
#4719 = DIRECTION('',(0.,1.,0.));
#4720 = DIRECTION('',(0.,-0.,1.));
#4721 = DEFINITIONAL_REPRESENTATION('',(#4722),#4726);
#4722 = LINE('',#4723,#4724);
#4723 = CARTESIAN_POINT('',(0.,20.7));
#4724 = VECTOR('',#4725,1.);
#4725 = DIRECTION('',(1.,0.));
#4726 = ( GEOMETRIC_REPRESENTATION_CONTEXT(2) 
PARAMETRIC_REPRESENTATION_CONTEXT() REPRESENTATION_CONTEXT('2D SPACE',''
  ) );
#4727 = ADVANCED_FACE('',(#4728),#4029,.T.);
#4728 = FACE_BOUND('',#4729,.T.);
#4729 = EDGE_LOOP('',(#4730,#4731,#4732,#4733));
#4730 = ORIENTED_EDGE('',*,*,#4674,.F.);
#4731 = ORIENTED_EDGE('',*,*,#4644,.T.);
#4732 = ORIENTED_EDGE('',*,*,#4568,.T.);
#4733 = ORIENTED_EDGE('',*,*,#4014,.T.);
#4734 = ADVANCED_FACE('',(#4735,#4738),#4256,.T.);
#4735 = FACE_BOUND('',#4736,.T.);
#4736 = EDGE_LOOP('',(#4737));
#4737 = ORIENTED_EDGE('',*,*,#4241,.T.);
#4738 = FACE_BOUND('',#4739,.T.);
#4739 = EDGE_LOOP('',(#4740));
#4740 = ORIENTED_EDGE('',*,*,#4741,.F.);
#4741 = EDGE_CURVE('',#4742,#4742,#4744,.T.);
#4742 = VERTEX_POINT('',#4743);
#4743 = CARTESIAN_POINT('',(-15.,38.35,41.2));
#4744 = SURFACE_CURVE('',#4745,(#4750,#4757),.PCURVE_S1.);
#4745 = CIRCLE('',#4746,1.7);
#4746 = AXIS2_PLACEMENT_3D('',#4747,#4748,#4749);
#4747 = CARTESIAN_POINT('',(-15.,38.35,39.5));
#4748 = DIRECTION('',(0.,1.,0.));
#4749 = DIRECTION('',(0.,-0.,1.));
#4750 = PCURVE('',#4256,#4751);
#4751 = DEFINITIONAL_REPRESENTATION('',(#4752),#4756);
#4752 = CIRCLE('',#4753,1.7);
#4753 = AXIS2_PLACEMENT_2D('',#4754,#4755);
#4754 = CARTESIAN_POINT('',(0.,0.));
#4755 = DIRECTION('',(1.,0.));
#4756 = ( GEOMETRIC_REPRESENTATION_CONTEXT(2) 
PARAMETRIC_REPRESENTATION_CONTEXT() REPRESENTATION_CONTEXT('2D SPACE',''
  ) );
#4757 = PCURVE('',#4716,#4758);
#4758 = DEFINITIONAL_REPRESENTATION('',(#4759),#4763);
#4759 = LINE('',#4760,#4761);
#4760 = CARTESIAN_POINT('',(0.,22.7));
#4761 = VECTOR('',#4762,1.);
#4762 = DIRECTION('',(1.,0.));
#4763 = ( GEOMETRIC_REPRESENTATION_CONTEXT(2) 
PARAMETRIC_REPRESENTATION_CONTEXT() REPRESENTATION_CONTEXT('2D SPACE',''
  ) );
#4764 = ADVANCED_FACE('',(#4765,#4768),#4312,.F.);
#4765 = FACE_BOUND('',#4766,.F.);
#4766 = EDGE_LOOP('',(#4767));
#4767 = ORIENTED_EDGE('',*,*,#4535,.T.);
#4768 = FACE_BOUND('',#4769,.F.);
#4769 = EDGE_LOOP('',(#4770));
#4770 = ORIENTED_EDGE('',*,*,#4297,.F.);
#4771 = ADVANCED_FACE('',(#4772),#4716,.F.);
#4772 = FACE_BOUND('',#4773,.F.);
#4773 = EDGE_LOOP('',(#4774,#4775,#4796,#4797));
#4774 = ORIENTED_EDGE('',*,*,#4699,.T.);
#4775 = ORIENTED_EDGE('',*,*,#4776,.T.);
#4776 = EDGE_CURVE('',#4700,#4742,#4777,.T.);
#4777 = SEAM_CURVE('',#4778,(#4782,#4789),.PCURVE_S1.);
#4778 = LINE('',#4779,#4780);
#4779 = CARTESIAN_POINT('',(-15.,15.65,41.2));
#4780 = VECTOR('',#4781,1.);
#4781 = DIRECTION('',(0.,1.,0.));
#4782 = PCURVE('',#4716,#4783);
#4783 = DEFINITIONAL_REPRESENTATION('',(#4784),#4788);
#4784 = LINE('',#4785,#4786);
#4785 = CARTESIAN_POINT('',(0.,-0.));
#4786 = VECTOR('',#4787,1.);
#4787 = DIRECTION('',(0.,1.));
#4788 = ( GEOMETRIC_REPRESENTATION_CONTEXT(2) 
PARAMETRIC_REPRESENTATION_CONTEXT() REPRESENTATION_CONTEXT('2D SPACE',''
  ) );
#4789 = PCURVE('',#4716,#4790);
#4790 = DEFINITIONAL_REPRESENTATION('',(#4791),#4795);
#4791 = LINE('',#4792,#4793);
#4792 = CARTESIAN_POINT('',(6.28318530718,-0.));
#4793 = VECTOR('',#4794,1.);
#4794 = DIRECTION('',(0.,1.));
#4795 = ( GEOMETRIC_REPRESENTATION_CONTEXT(2) 
PARAMETRIC_REPRESENTATION_CONTEXT() REPRESENTATION_CONTEXT('2D SPACE',''
  ) );
#4796 = ORIENTED_EDGE('',*,*,#4741,.F.);
#4797 = ORIENTED_EDGE('',*,*,#4776,.F.);
#4798 = ( GEOMETRIC_REPRESENTATION_CONTEXT(3) 
GLOBAL_UNCERTAINTY_ASSIGNED_CONTEXT((#4802)) 
GLOBAL_UNIT_ASSIGNED_CONTEXT((#4799,#4800,#4801)) REPRESENTATION_CONTEXT
('Context #1','3D Context with UNIT and UNCERTAINTY') );
#4799 = ( LENGTH_UNIT() NAMED_UNIT(*) SI_UNIT(.MILLI.,.METRE.) );
#4800 = ( NAMED_UNIT(*) PLANE_ANGLE_UNIT() SI_UNIT($,.RADIAN.) );
#4801 = ( NAMED_UNIT(*) SI_UNIT($,.STERADIAN.) SOLID_ANGLE_UNIT() );
#4802 = UNCERTAINTY_MEASURE_WITH_UNIT(LENGTH_MEASURE(1.E-07),#4799,
  'distance_accuracy_value','confusion accuracy');
#4803 = CONTEXT_DEPENDENT_SHAPE_REPRESENTATION(#4804,#4806);
#4804 = ( REPRESENTATION_RELATIONSHIP('','',#2426,#10) 
REPRESENTATION_RELATIONSHIP_WITH_TRANSFORMATION(#4805) 
SHAPE_REPRESENTATION_RELATIONSHIP() );
#4805 = ITEM_DEFINED_TRANSFORMATION('','',#11,#19);
#4806 = PRODUCT_DEFINITION_SHAPE('Placement','Placement of an item',
  #4807);
#4807 = NEXT_ASSEMBLY_USAGE_OCCURRENCE('2','','',#5,#2421,$);
#4808 = PRODUCT_RELATED_PRODUCT_CATEGORY('part',$,(#2423));
ENDSEC;
END-ISO-10303-21;
