ISO-10303-21;
HEADER;
FILE_DESCRIPTION(('Open CASCADE Model'),'2;1');
FILE_NAME('Open CASCADE Shape Model','2026-07-31T00:25:16',('Author'),(
    'Open CASCADE'),'Open CASCADE STEP processor 7.9','Open CASCADE 7.9'
  ,'Unknown');
FILE_SCHEMA(('AUTOMOTIVE_DESIGN { 1 0 10303 214 1 1 1 1 }'));
ENDSEC;
DATA;
#1 = APPLICATION_PROTOCOL_DEFINITION('international standard',
  'automotive_design',2000,#2);
#2 = APPLICATION_CONTEXT(
  'core data for automotive mechanical design processes');
#3 = SHAPE_DEFINITION_REPRESENTATION(#4,#10);
#4 = PRODUCT_DEFINITION_SHAPE('','',#5);
#5 = PRODUCT_DEFINITION('design','',#6,#9);
#6 = PRODUCT_DEFINITION_FORMATION('','',#7);
#7 = PRODUCT('Open CASCADE STEP translator 7.9 5',
  'Open CASCADE STEP translator 7.9 5','',(#8));
#8 = PRODUCT_CONTEXT('',#2,'mechanical');
#9 = PRODUCT_DEFINITION_CONTEXT('part definition',#2,'design');
#10 = SHAPE_REPRESENTATION('',(#11,#15,#19,#23),#27);
#11 = AXIS2_PLACEMENT_3D('',#12,#13,#14);
#12 = CARTESIAN_POINT('',(0.,0.,0.));
#13 = DIRECTION('',(0.,0.,1.));
#14 = DIRECTION('',(1.,0.,-0.));
#15 = AXIS2_PLACEMENT_3D('',#16,#17,#18);
#16 = CARTESIAN_POINT('',(0.,0.,0.));
#17 = DIRECTION('',(0.,0.,1.));
#18 = DIRECTION('',(1.,0.,-0.));
#19 = AXIS2_PLACEMENT_3D('',#20,#21,#22);
#20 = CARTESIAN_POINT('',(0.,0.,0.));
#21 = DIRECTION('',(0.,0.,1.));
#22 = DIRECTION('',(1.,0.,-0.));
#23 = AXIS2_PLACEMENT_3D('',#24,#25,#26);
#24 = CARTESIAN_POINT('',(0.,0.,0.));
#25 = DIRECTION('',(0.,0.,1.));
#26 = DIRECTION('',(1.,0.,-0.));
#27 = ( GEOMETRIC_REPRESENTATION_CONTEXT(3) 
GLOBAL_UNCERTAINTY_ASSIGNED_CONTEXT((#31)) GLOBAL_UNIT_ASSIGNED_CONTEXT(
(#28,#29,#30)) REPRESENTATION_CONTEXT('Context #1',
  '3D Context with UNIT and UNCERTAINTY') );
#28 = ( LENGTH_UNIT() NAMED_UNIT(*) SI_UNIT(.MILLI.,.METRE.) );
#29 = ( NAMED_UNIT(*) PLANE_ANGLE_UNIT() SI_UNIT($,.RADIAN.) );
#30 = ( NAMED_UNIT(*) SI_UNIT($,.STERADIAN.) SOLID_ANGLE_UNIT() );
#31 = UNCERTAINTY_MEASURE_WITH_UNIT(LENGTH_MEASURE(1.E-07),#28,
  'distance_accuracy_value','confusion accuracy');
#32 = PRODUCT_RELATED_PRODUCT_CATEGORY('part',$,(#7));
#33 = SHAPE_DEFINITION_REPRESENTATION(#34,#40);
#34 = PRODUCT_DEFINITION_SHAPE('','',#35);
#35 = PRODUCT_DEFINITION('design','',#36,#39);
#36 = PRODUCT_DEFINITION_FORMATION('','',#37);
#37 = PRODUCT('Open CASCADE STEP translator 7.9 5.1',
  'Open CASCADE STEP translator 7.9 5.1','',(#38));
#38 = PRODUCT_CONTEXT('',#2,'mechanical');
#39 = PRODUCT_DEFINITION_CONTEXT('part definition',#2,'design');
#40 = ADVANCED_BREP_SHAPE_REPRESENTATION('',(#11,#41),#2286);
#41 = MANIFOLD_SOLID_BREP('',#42);
#42 = CLOSED_SHELL('',(#43,#233,#287,#665,#719,#773,#1042,#1096,#1151,
    #1178,#1205,#1232,#1259,#1493,#1520,#1609,#1636,#1663,#1690,#1697,
    #1752,#1791,#1818,#1900,#1949,#1998,#2047,#2094,#2120,#2159,#2214,
    #2223,#2278,#2282));
#43 = ADVANCED_FACE('',(#44,#84,#198),#57,.F.);
#44 = FACE_BOUND('',#45,.F.);
#45 = EDGE_LOOP('',(#46));
#46 = ORIENTED_EDGE('',*,*,#47,.T.);
#47 = EDGE_CURVE('',#48,#48,#50,.T.);
#48 = VERTEX_POINT('',#49);
#49 = CARTESIAN_POINT('',(0.,30.,9.25));
#50 = SURFACE_CURVE('',#51,(#56,#72),.PCURVE_S1.);
#51 = CIRCLE('',#52,6.25);
#52 = AXIS2_PLACEMENT_3D('',#53,#54,#55);
#53 = CARTESIAN_POINT('',(0.,30.,15.5));
#54 = DIRECTION('',(-1.,-0.,-0.));
#55 = DIRECTION('',(0.,0.,-1.));
#56 = PCURVE('',#57,#62);
#57 = PLANE('',#58);
#58 = AXIS2_PLACEMENT_3D('',#59,#60,#61);
#59 = CARTESIAN_POINT('',(0.,48.5,31.));
#60 = DIRECTION('',(1.,0.,0.));
#61 = DIRECTION('',(0.,0.,-1.));
#62 = DEFINITIONAL_REPRESENTATION('',(#63),#71);
#63 = ( BOUNDED_CURVE() B_SPLINE_CURVE(2,(#64,#65,#66,#67,#68,#69,#70),
.UNSPECIFIED.,.T.,.F.) B_SPLINE_CURVE_WITH_KNOTS((1,2,2,2,2,1),(
    -2.094395102393,0.,2.094395102393,4.188790204786,6.28318530718,
8.377580409573),.UNSPECIFIED.) CURVE() GEOMETRIC_REPRESENTATION_ITEM() 
RATIONAL_B_SPLINE_CURVE((1.,0.5,1.,0.5,1.,0.5,1.)) REPRESENTATION_ITEM(
  '') );
#64 = CARTESIAN_POINT('',(21.75,-18.5));
#65 = CARTESIAN_POINT('',(21.75,-29.3253175473));
#66 = CARTESIAN_POINT('',(12.375,-23.91265877365));
#67 = CARTESIAN_POINT('',(3.,-18.5));
#68 = CARTESIAN_POINT('',(12.375,-13.08734122634));
#69 = CARTESIAN_POINT('',(21.75,-7.674682452695));
#70 = CARTESIAN_POINT('',(21.75,-18.5));
#71 = ( GEOMETRIC_REPRESENTATION_CONTEXT(2) 
PARAMETRIC_REPRESENTATION_CONTEXT() REPRESENTATION_CONTEXT('2D SPACE',''
  ) );
#72 = PCURVE('',#73,#78);
#73 = TOROIDAL_SURFACE('',#74,6.25,1.5);
#74 = AXIS2_PLACEMENT_3D('',#75,#76,#77);
#75 = CARTESIAN_POINT('',(-1.5,30.,15.5));
#76 = DIRECTION('',(1.,0.,0.));
#77 = DIRECTION('',(0.,0.,-1.));
#78 = DEFINITIONAL_REPRESENTATION('',(#79),#83);
#79 = LINE('',#80,#81);
#80 = CARTESIAN_POINT('',(-0.,1.570796326795));
#81 = VECTOR('',#82,1.);
#82 = DIRECTION('',(-1.,0.));
#83 = ( GEOMETRIC_REPRESENTATION_CONTEXT(2) 
PARAMETRIC_REPRESENTATION_CONTEXT() REPRESENTATION_CONTEXT('2D SPACE',''
  ) );
#84 = FACE_BOUND('',#85,.F.);
#85 = EDGE_LOOP('',(#86,#116,#144,#172));
#86 = ORIENTED_EDGE('',*,*,#87,.F.);
#87 = EDGE_CURVE('',#88,#90,#92,.T.);
#88 = VERTEX_POINT('',#89);
#89 = CARTESIAN_POINT('',(-8.881784197001E-16,48.5,26.5));
#90 = VERTEX_POINT('',#91);
#91 = CARTESIAN_POINT('',(-8.881784197001E-16,48.5,4.5));
#92 = SURFACE_CURVE('',#93,(#97,#104),.PCURVE_S1.);
#93 = LINE('',#94,#95);
#94 = CARTESIAN_POINT('',(0.,48.5,31.));
#95 = VECTOR('',#96,1.);
#96 = DIRECTION('',(0.,0.,-1.));
#97 = PCURVE('',#57,#98);
#98 = DEFINITIONAL_REPRESENTATION('',(#99),#103);
#99 = LINE('',#100,#101);
#100 = CARTESIAN_POINT('',(0.,0.));
#101 = VECTOR('',#102,1.);
#102 = DIRECTION('',(1.,0.));
#103 = ( GEOMETRIC_REPRESENTATION_CONTEXT(2) 
PARAMETRIC_REPRESENTATION_CONTEXT() REPRESENTATION_CONTEXT('2D SPACE',''
  ) );
#104 = PCURVE('',#105,#110);
#105 = PLANE('',#106);
#106 = AXIS2_PLACEMENT_3D('',#107,#108,#109);
#107 = CARTESIAN_POINT('',(17.,48.5,15.5));
#108 = DIRECTION('',(-0.,-1.,-0.));
#109 = DIRECTION('',(0.,0.,-1.));
#110 = DEFINITIONAL_REPRESENTATION('',(#111),#115);
#111 = LINE('',#112,#113);
#112 = CARTESIAN_POINT('',(-15.5,-17.));
#113 = VECTOR('',#114,1.);
#114 = DIRECTION('',(1.,0.));
#115 = ( GEOMETRIC_REPRESENTATION_CONTEXT(2) 
PARAMETRIC_REPRESENTATION_CONTEXT() REPRESENTATION_CONTEXT('2D SPACE',''
  ) );
#116 = ORIENTED_EDGE('',*,*,#117,.T.);
#117 = EDGE_CURVE('',#88,#118,#120,.T.);
#118 = VERTEX_POINT('',#119);
#119 = CARTESIAN_POINT('',(-8.881784197001E-16,-48.5,26.5));
#120 = SURFACE_CURVE('',#121,(#125,#132),.PCURVE_S1.);
#121 = LINE('',#122,#123);
#122 = CARTESIAN_POINT('',(-8.881784197001E-16,48.5,26.5));
#123 = VECTOR('',#124,1.);
#124 = DIRECTION('',(0.,-1.,0.));
#125 = PCURVE('',#57,#126);
#126 = DEFINITIONAL_REPRESENTATION('',(#127),#131);
#127 = LINE('',#128,#129);
#128 = CARTESIAN_POINT('',(4.5,0.));
#129 = VECTOR('',#130,1.);
#130 = DIRECTION('',(0.,-1.));
#131 = ( GEOMETRIC_REPRESENTATION_CONTEXT(2) 
PARAMETRIC_REPRESENTATION_CONTEXT() REPRESENTATION_CONTEXT('2D SPACE',''
  ) );
#132 = PCURVE('',#133,#138);
#133 = CYLINDRICAL_SURFACE('',#134,4.5);
#134 = AXIS2_PLACEMENT_3D('',#135,#136,#137);
#135 = CARTESIAN_POINT('',(4.5,48.5,26.5));
#136 = DIRECTION('',(0.,-1.,0.));
#137 = DIRECTION('',(-1.,-0.,0.));
#138 = DEFINITIONAL_REPRESENTATION('',(#139),#143);
#139 = LINE('',#140,#141);
#140 = CARTESIAN_POINT('',(-0.,0.));
#141 = VECTOR('',#142,1.);
#142 = DIRECTION('',(-0.,1.));
#143 = ( GEOMETRIC_REPRESENTATION_CONTEXT(2) 
PARAMETRIC_REPRESENTATION_CONTEXT() REPRESENTATION_CONTEXT('2D SPACE',''
  ) );
#144 = ORIENTED_EDGE('',*,*,#145,.T.);
#145 = EDGE_CURVE('',#118,#146,#148,.T.);
#146 = VERTEX_POINT('',#147);
#147 = CARTESIAN_POINT('',(-8.881784197001E-16,-48.5,4.5));
#148 = SURFACE_CURVE('',#149,(#153,#160),.PCURVE_S1.);
#149 = LINE('',#150,#151);
#150 = CARTESIAN_POINT('',(0.,-48.5,31.));
#151 = VECTOR('',#152,1.);
#152 = DIRECTION('',(0.,0.,-1.));
#153 = PCURVE('',#57,#154);
#154 = DEFINITIONAL_REPRESENTATION('',(#155),#159);
#155 = LINE('',#156,#157);
#156 = CARTESIAN_POINT('',(0.,-97.));
#157 = VECTOR('',#158,1.);
#158 = DIRECTION('',(1.,0.));
#159 = ( GEOMETRIC_REPRESENTATION_CONTEXT(2) 
PARAMETRIC_REPRESENTATION_CONTEXT() REPRESENTATION_CONTEXT('2D SPACE',''
  ) );
#160 = PCURVE('',#161,#166);
#161 = PLANE('',#162);
#162 = AXIS2_PLACEMENT_3D('',#163,#164,#165);
#163 = CARTESIAN_POINT('',(17.,-48.5,15.5));
#164 = DIRECTION('',(-0.,-1.,-0.));
#165 = DIRECTION('',(0.,0.,-1.));
#166 = DEFINITIONAL_REPRESENTATION('',(#167),#171);
#167 = LINE('',#168,#169);
#168 = CARTESIAN_POINT('',(-15.5,-17.));
#169 = VECTOR('',#170,1.);
#170 = DIRECTION('',(1.,0.));
#171 = ( GEOMETRIC_REPRESENTATION_CONTEXT(2) 
PARAMETRIC_REPRESENTATION_CONTEXT() REPRESENTATION_CONTEXT('2D SPACE',''
  ) );
#172 = ORIENTED_EDGE('',*,*,#173,.F.);
#173 = EDGE_CURVE('',#90,#146,#174,.T.);
#174 = SURFACE_CURVE('',#175,(#179,#186),.PCURVE_S1.);
#175 = LINE('',#176,#177);
#176 = CARTESIAN_POINT('',(-8.881784197001E-16,48.5,4.5));
#177 = VECTOR('',#178,1.);
#178 = DIRECTION('',(0.,-1.,0.));
#179 = PCURVE('',#57,#180);
#180 = DEFINITIONAL_REPRESENTATION('',(#181),#185);
#181 = LINE('',#182,#183);
#182 = CARTESIAN_POINT('',(26.5,0.));
#183 = VECTOR('',#184,1.);
#184 = DIRECTION('',(0.,-1.));
#185 = ( GEOMETRIC_REPRESENTATION_CONTEXT(2) 
PARAMETRIC_REPRESENTATION_CONTEXT() REPRESENTATION_CONTEXT('2D SPACE',''
  ) );
#186 = PCURVE('',#187,#192);
#187 = CYLINDRICAL_SURFACE('',#188,4.5);
#188 = AXIS2_PLACEMENT_3D('',#189,#190,#191);
#189 = CARTESIAN_POINT('',(4.5,48.5,4.5));
#190 = DIRECTION('',(0.,-1.,0.));
#191 = DIRECTION('',(0.,-0.,-1.));
#192 = DEFINITIONAL_REPRESENTATION('',(#193),#197);
#193 = LINE('',#194,#195);
#194 = CARTESIAN_POINT('',(-1.570796326795,0.));
#195 = VECTOR('',#196,1.);
#196 = DIRECTION('',(-0.,1.));
#197 = ( GEOMETRIC_REPRESENTATION_CONTEXT(2) 
PARAMETRIC_REPRESENTATION_CONTEXT() REPRESENTATION_CONTEXT('2D SPACE',''
  ) );
#198 = FACE_BOUND('',#199,.F.);
#199 = EDGE_LOOP('',(#200));
#200 = ORIENTED_EDGE('',*,*,#201,.T.);
#201 = EDGE_CURVE('',#202,#202,#204,.T.);
#202 = VERTEX_POINT('',#203);
#203 = CARTESIAN_POINT('',(0.,-30.,9.25));
#204 = SURFACE_CURVE('',#205,(#210,#221),.PCURVE_S1.);
#205 = CIRCLE('',#206,6.25);
#206 = AXIS2_PLACEMENT_3D('',#207,#208,#209);
#207 = CARTESIAN_POINT('',(0.,-30.,15.5));
#208 = DIRECTION('',(-1.,-0.,-0.));
#209 = DIRECTION('',(0.,0.,-1.));
#210 = PCURVE('',#57,#211);
#211 = DEFINITIONAL_REPRESENTATION('',(#212),#220);
#212 = ( BOUNDED_CURVE() B_SPLINE_CURVE(2,(#213,#214,#215,#216,#217,#218
,#219),.UNSPECIFIED.,.T.,.F.) B_SPLINE_CURVE_WITH_KNOTS((1,2,2,2,2,1),(
    -2.094395102393,0.,2.094395102393,4.188790204786,6.28318530718,
8.377580409573),.UNSPECIFIED.) CURVE() GEOMETRIC_REPRESENTATION_ITEM() 
RATIONAL_B_SPLINE_CURVE((1.,0.5,1.,0.5,1.,0.5,1.)) REPRESENTATION_ITEM(
  '') );
#213 = CARTESIAN_POINT('',(21.75,-78.5));
#214 = CARTESIAN_POINT('',(21.75,-89.3253175473));
#215 = CARTESIAN_POINT('',(12.375,-83.91265877365));
#216 = CARTESIAN_POINT('',(3.,-78.5));
#217 = CARTESIAN_POINT('',(12.375,-73.08734122634));
#218 = CARTESIAN_POINT('',(21.75,-67.67468245269));
#219 = CARTESIAN_POINT('',(21.75,-78.5));
#220 = ( GEOMETRIC_REPRESENTATION_CONTEXT(2) 
PARAMETRIC_REPRESENTATION_CONTEXT() REPRESENTATION_CONTEXT('2D SPACE',''
  ) );
#221 = PCURVE('',#222,#227);
#222 = TOROIDAL_SURFACE('',#223,6.25,1.5);
#223 = AXIS2_PLACEMENT_3D('',#224,#225,#226);
#224 = CARTESIAN_POINT('',(-1.5,-30.,15.5));
#225 = DIRECTION('',(1.,0.,0.));
#226 = DIRECTION('',(0.,0.,-1.));
#227 = DEFINITIONAL_REPRESENTATION('',(#228),#232);
#228 = LINE('',#229,#230);
#229 = CARTESIAN_POINT('',(-0.,1.570796326795));
#230 = VECTOR('',#231,1.);
#231 = DIRECTION('',(-1.,0.));
#232 = ( GEOMETRIC_REPRESENTATION_CONTEXT(2) 
PARAMETRIC_REPRESENTATION_CONTEXT() REPRESENTATION_CONTEXT('2D SPACE',''
  ) );
#233 = ADVANCED_FACE('',(#234),#73,.F.);
#234 = FACE_BOUND('',#235,.T.);
#235 = EDGE_LOOP('',(#236,#258,#259,#260));
#236 = ORIENTED_EDGE('',*,*,#237,.F.);
#237 = EDGE_CURVE('',#48,#238,#240,.T.);
#238 = VERTEX_POINT('',#239);
#239 = CARTESIAN_POINT('',(-1.5,30.,10.75));
#240 = SEAM_CURVE('',#241,(#246,#252),.PCURVE_S1.);
#241 = CIRCLE('',#242,1.5);
#242 = AXIS2_PLACEMENT_3D('',#243,#244,#245);
#243 = CARTESIAN_POINT('',(-1.5,30.,9.25));
#244 = DIRECTION('',(0.,-1.,0.));
#245 = DIRECTION('',(0.,0.,-1.));
#246 = PCURVE('',#73,#247);
#247 = DEFINITIONAL_REPRESENTATION('',(#248),#251);
#248 = B_SPLINE_CURVE_WITH_KNOTS('',1,(#249,#250),.UNSPECIFIED.,.F.,.F.,
  (2,2),(1.570796326795,3.14159265359),.PIECEWISE_BEZIER_KNOTS.);
#249 = CARTESIAN_POINT('',(0.,1.570796326795));
#250 = CARTESIAN_POINT('',(0.,3.14159265359));
#251 = ( GEOMETRIC_REPRESENTATION_CONTEXT(2) 
PARAMETRIC_REPRESENTATION_CONTEXT() REPRESENTATION_CONTEXT('2D SPACE',''
  ) );
#252 = PCURVE('',#73,#253);
#253 = DEFINITIONAL_REPRESENTATION('',(#254),#257);
#254 = B_SPLINE_CURVE_WITH_KNOTS('',1,(#255,#256),.UNSPECIFIED.,.F.,.F.,
  (2,2),(1.570796326795,3.14159265359),.PIECEWISE_BEZIER_KNOTS.);
#255 = CARTESIAN_POINT('',(-6.28318530718,1.570796326795));
#256 = CARTESIAN_POINT('',(-6.28318530718,3.14159265359));
#257 = ( GEOMETRIC_REPRESENTATION_CONTEXT(2) 
PARAMETRIC_REPRESENTATION_CONTEXT() REPRESENTATION_CONTEXT('2D SPACE',''
  ) );
#258 = ORIENTED_EDGE('',*,*,#47,.F.);
#259 = ORIENTED_EDGE('',*,*,#237,.T.);
#260 = ORIENTED_EDGE('',*,*,#261,.T.);
#261 = EDGE_CURVE('',#238,#238,#262,.T.);
#262 = SURFACE_CURVE('',#263,(#268,#275),.PCURVE_S1.);
#263 = CIRCLE('',#264,4.75);
#264 = AXIS2_PLACEMENT_3D('',#265,#266,#267);
#265 = CARTESIAN_POINT('',(-1.5,30.,15.5));
#266 = DIRECTION('',(-1.,-0.,-0.));
#267 = DIRECTION('',(0.,0.,-1.));
#268 = PCURVE('',#73,#269);
#269 = DEFINITIONAL_REPRESENTATION('',(#270),#274);
#270 = LINE('',#271,#272);
#271 = CARTESIAN_POINT('',(-0.,3.14159265359));
#272 = VECTOR('',#273,1.);
#273 = DIRECTION('',(-1.,0.));
#274 = ( GEOMETRIC_REPRESENTATION_CONTEXT(2) 
PARAMETRIC_REPRESENTATION_CONTEXT() REPRESENTATION_CONTEXT('2D SPACE',''
  ) );
#275 = PCURVE('',#276,#281);
#276 = CYLINDRICAL_SURFACE('',#277,4.75);
#277 = AXIS2_PLACEMENT_3D('',#278,#279,#280);
#278 = CARTESIAN_POINT('',(0.,30.,15.5));
#279 = DIRECTION('',(-1.,0.,0.));
#280 = DIRECTION('',(0.,0.,-1.));
#281 = DEFINITIONAL_REPRESENTATION('',(#282),#286);
#282 = LINE('',#283,#284);
#283 = CARTESIAN_POINT('',(0.,1.5));
#284 = VECTOR('',#285,1.);
#285 = DIRECTION('',(1.,0.));
#286 = ( GEOMETRIC_REPRESENTATION_CONTEXT(2) 
PARAMETRIC_REPRESENTATION_CONTEXT() REPRESENTATION_CONTEXT('2D SPACE',''
  ) );
#287 = ADVANCED_FACE('',(#288),#105,.F.);
#288 = FACE_BOUND('',#289,.F.);
#289 = EDGE_LOOP('',(#290,#320,#346,#347,#375,#403,#432,#460,#489,#517,
    #545,#573,#606,#634));
#290 = ORIENTED_EDGE('',*,*,#291,.T.);
#291 = EDGE_CURVE('',#292,#294,#296,.T.);
#292 = VERTEX_POINT('',#293);
#293 = CARTESIAN_POINT('',(32.2,48.5,31.));
#294 = VERTEX_POINT('',#295);
#295 = CARTESIAN_POINT('',(4.5,48.5,31.));
#296 = SURFACE_CURVE('',#297,(#301,#308),.PCURVE_S1.);
#297 = LINE('',#298,#299);
#298 = CARTESIAN_POINT('',(34.,48.5,31.));
#299 = VECTOR('',#300,1.);
#300 = DIRECTION('',(-1.,0.,0.));
#301 = PCURVE('',#105,#302);
#302 = DEFINITIONAL_REPRESENTATION('',(#303),#307);
#303 = LINE('',#304,#305);
#304 = CARTESIAN_POINT('',(-15.5,17.));
#305 = VECTOR('',#306,1.);
#306 = DIRECTION('',(0.,-1.));
#307 = ( GEOMETRIC_REPRESENTATION_CONTEXT(2) 
PARAMETRIC_REPRESENTATION_CONTEXT() REPRESENTATION_CONTEXT('2D SPACE',''
  ) );
#308 = PCURVE('',#309,#314);
#309 = PLANE('',#310);
#310 = AXIS2_PLACEMENT_3D('',#311,#312,#313);
#311 = CARTESIAN_POINT('',(34.,48.5,31.));
#312 = DIRECTION('',(-0.,-0.,-1.));
#313 = DIRECTION('',(-1.,0.,0.));
#314 = DEFINITIONAL_REPRESENTATION('',(#315),#319);
#315 = LINE('',#316,#317);
#316 = CARTESIAN_POINT('',(0.,0.));
#317 = VECTOR('',#318,1.);
#318 = DIRECTION('',(1.,0.));
#319 = ( GEOMETRIC_REPRESENTATION_CONTEXT(2) 
PARAMETRIC_REPRESENTATION_CONTEXT() REPRESENTATION_CONTEXT('2D SPACE',''
  ) );
#320 = ORIENTED_EDGE('',*,*,#321,.F.);
#321 = EDGE_CURVE('',#88,#294,#322,.T.);
#322 = SURFACE_CURVE('',#323,(#328,#339),.PCURVE_S1.);
#323 = CIRCLE('',#324,4.5);
#324 = AXIS2_PLACEMENT_3D('',#325,#326,#327);
#325 = CARTESIAN_POINT('',(4.5,48.5,26.5));
#326 = DIRECTION('',(-0.,1.,0.));
#327 = DIRECTION('',(0.,0.,-1.));
#328 = PCURVE('',#105,#329);
#329 = DEFINITIONAL_REPRESENTATION('',(#330),#338);
#330 = ( BOUNDED_CURVE() B_SPLINE_CURVE(2,(#331,#332,#333,#334,#335,#336
,#337),.UNSPECIFIED.,.T.,.F.) B_SPLINE_CURVE_WITH_KNOTS((1,2,2,2,2,1),(
    -2.094395102393,0.,2.094395102393,4.188790204786,6.28318530718,
8.377580409573),.UNSPECIFIED.) CURVE() GEOMETRIC_REPRESENTATION_ITEM() 
RATIONAL_B_SPLINE_CURVE((1.,0.5,1.,0.5,1.,0.5,1.)) REPRESENTATION_ITEM(
  '') );
#331 = CARTESIAN_POINT('',(-6.5,-12.5));
#332 = CARTESIAN_POINT('',(-6.5,-20.29422863406));
#333 = CARTESIAN_POINT('',(-13.25,-16.39711431703));
#334 = CARTESIAN_POINT('',(-20.,-12.5));
#335 = CARTESIAN_POINT('',(-13.25,-8.60288568297));
#336 = CARTESIAN_POINT('',(-6.5,-4.70577136594));
#337 = CARTESIAN_POINT('',(-6.5,-12.5));
#338 = ( GEOMETRIC_REPRESENTATION_CONTEXT(2) 
PARAMETRIC_REPRESENTATION_CONTEXT() REPRESENTATION_CONTEXT('2D SPACE',''
  ) );
#339 = PCURVE('',#133,#340);
#340 = DEFINITIONAL_REPRESENTATION('',(#341),#345);
#341 = LINE('',#342,#343);
#342 = CARTESIAN_POINT('',(1.570796326795,-0.));
#343 = VECTOR('',#344,1.);
#344 = DIRECTION('',(-1.,0.));
#345 = ( GEOMETRIC_REPRESENTATION_CONTEXT(2) 
PARAMETRIC_REPRESENTATION_CONTEXT() REPRESENTATION_CONTEXT('2D SPACE',''
  ) );
#346 = ORIENTED_EDGE('',*,*,#87,.T.);
#347 = ORIENTED_EDGE('',*,*,#348,.F.);
#348 = EDGE_CURVE('',#349,#90,#351,.T.);
#349 = VERTEX_POINT('',#350);
#350 = CARTESIAN_POINT('',(4.5,48.5,-8.881784197001E-16));
#351 = SURFACE_CURVE('',#352,(#357,#368),.PCURVE_S1.);
#352 = CIRCLE('',#353,4.5);
#353 = AXIS2_PLACEMENT_3D('',#354,#355,#356);
#354 = CARTESIAN_POINT('',(4.5,48.5,4.5));
#355 = DIRECTION('',(-0.,1.,0.));
#356 = DIRECTION('',(0.,0.,-1.));
#357 = PCURVE('',#105,#358);
#358 = DEFINITIONAL_REPRESENTATION('',(#359),#367);
#359 = ( BOUNDED_CURVE() B_SPLINE_CURVE(2,(#360,#361,#362,#363,#364,#365
,#366),.UNSPECIFIED.,.T.,.F.) B_SPLINE_CURVE_WITH_KNOTS((1,2,2,2,2,1),(
    -2.094395102393,0.,2.094395102393,4.188790204786,6.28318530718,
8.377580409573),.UNSPECIFIED.) CURVE() GEOMETRIC_REPRESENTATION_ITEM() 
RATIONAL_B_SPLINE_CURVE((1.,0.5,1.,0.5,1.,0.5,1.)) REPRESENTATION_ITEM(
  '') );
#360 = CARTESIAN_POINT('',(15.5,-12.5));
#361 = CARTESIAN_POINT('',(15.5,-20.29422863406));
#362 = CARTESIAN_POINT('',(8.75,-16.39711431703));
#363 = CARTESIAN_POINT('',(2.,-12.5));
#364 = CARTESIAN_POINT('',(8.75,-8.60288568297));
#365 = CARTESIAN_POINT('',(15.5,-4.70577136594));
#366 = CARTESIAN_POINT('',(15.5,-12.5));
#367 = ( GEOMETRIC_REPRESENTATION_CONTEXT(2) 
PARAMETRIC_REPRESENTATION_CONTEXT() REPRESENTATION_CONTEXT('2D SPACE',''
  ) );
#368 = PCURVE('',#187,#369);
#369 = DEFINITIONAL_REPRESENTATION('',(#370),#374);
#370 = LINE('',#371,#372);
#371 = CARTESIAN_POINT('',(-0.,0.));
#372 = VECTOR('',#373,1.);
#373 = DIRECTION('',(-1.,0.));
#374 = ( GEOMETRIC_REPRESENTATION_CONTEXT(2) 
PARAMETRIC_REPRESENTATION_CONTEXT() REPRESENTATION_CONTEXT('2D SPACE',''
  ) );
#375 = ORIENTED_EDGE('',*,*,#376,.T.);
#376 = EDGE_CURVE('',#349,#377,#379,.T.);
#377 = VERTEX_POINT('',#378);
#378 = CARTESIAN_POINT('',(32.2,48.5,-4.440892098501E-16));
#379 = SURFACE_CURVE('',#380,(#384,#391),.PCURVE_S1.);
#380 = LINE('',#381,#382);
#381 = CARTESIAN_POINT('',(0.,48.5,0.));
#382 = VECTOR('',#383,1.);
#383 = DIRECTION('',(1.,0.,0.));
#384 = PCURVE('',#105,#385);
#385 = DEFINITIONAL_REPRESENTATION('',(#386),#390);
#386 = LINE('',#387,#388);
#387 = CARTESIAN_POINT('',(15.5,-17.));
#388 = VECTOR('',#389,1.);
#389 = DIRECTION('',(0.,1.));
#390 = ( GEOMETRIC_REPRESENTATION_CONTEXT(2) 
PARAMETRIC_REPRESENTATION_CONTEXT() REPRESENTATION_CONTEXT('2D SPACE',''
  ) );
#391 = PCURVE('',#392,#397);
#392 = PLANE('',#393);
#393 = AXIS2_PLACEMENT_3D('',#394,#395,#396);
#394 = CARTESIAN_POINT('',(0.,48.5,0.));
#395 = DIRECTION('',(-0.,0.,1.));
#396 = DIRECTION('',(1.,0.,0.));
#397 = DEFINITIONAL_REPRESENTATION('',(#398),#402);
#398 = LINE('',#399,#400);
#399 = CARTESIAN_POINT('',(0.,0.));
#400 = VECTOR('',#401,1.);
#401 = DIRECTION('',(1.,0.));
#402 = ( GEOMETRIC_REPRESENTATION_CONTEXT(2) 
PARAMETRIC_REPRESENTATION_CONTEXT() REPRESENTATION_CONTEXT('2D SPACE',''
  ) );
#403 = ORIENTED_EDGE('',*,*,#404,.T.);
#404 = EDGE_CURVE('',#377,#405,#407,.T.);
#405 = VERTEX_POINT('',#406);
#406 = CARTESIAN_POINT('',(34.,48.5,1.8));
#407 = SURFACE_CURVE('',#408,(#413,#420),.PCURVE_S1.);
#408 = CIRCLE('',#409,1.8);
#409 = AXIS2_PLACEMENT_3D('',#410,#411,#412);
#410 = CARTESIAN_POINT('',(32.2,48.5,1.8));
#411 = DIRECTION('',(0.,-1.,0.));
#412 = DIRECTION('',(0.,-0.,-1.));
#413 = PCURVE('',#105,#414);
#414 = DEFINITIONAL_REPRESENTATION('',(#415),#419);
#415 = CIRCLE('',#416,1.8);
#416 = AXIS2_PLACEMENT_2D('',#417,#418);
#417 = CARTESIAN_POINT('',(13.7,15.2));
#418 = DIRECTION('',(1.,0.));
#419 = ( GEOMETRIC_REPRESENTATION_CONTEXT(2) 
PARAMETRIC_REPRESENTATION_CONTEXT() REPRESENTATION_CONTEXT('2D SPACE',''
  ) );
#420 = PCURVE('',#421,#426);
#421 = CYLINDRICAL_SURFACE('',#422,1.8);
#422 = AXIS2_PLACEMENT_3D('',#423,#424,#425);
#423 = CARTESIAN_POINT('',(32.2,48.5,1.8));
#424 = DIRECTION('',(0.,-1.,0.));
#425 = DIRECTION('',(0.,-0.,-1.));
#426 = DEFINITIONAL_REPRESENTATION('',(#427),#431);
#427 = LINE('',#428,#429);
#428 = CARTESIAN_POINT('',(0.,0.));
#429 = VECTOR('',#430,1.);
#430 = DIRECTION('',(1.,0.));
#431 = ( GEOMETRIC_REPRESENTATION_CONTEXT(2) 
PARAMETRIC_REPRESENTATION_CONTEXT() REPRESENTATION_CONTEXT('2D SPACE',''
  ) );
#432 = ORIENTED_EDGE('',*,*,#433,.T.);
#433 = EDGE_CURVE('',#405,#434,#436,.T.);
#434 = VERTEX_POINT('',#435);
#435 = CARTESIAN_POINT('',(34.,48.5,3.2));
#436 = SURFACE_CURVE('',#437,(#441,#448),.PCURVE_S1.);
#437 = LINE('',#438,#439);
#438 = CARTESIAN_POINT('',(34.,48.5,0.));
#439 = VECTOR('',#440,1.);
#440 = DIRECTION('',(0.,0.,1.));
#441 = PCURVE('',#105,#442);
#442 = DEFINITIONAL_REPRESENTATION('',(#443),#447);
#443 = LINE('',#444,#445);
#444 = CARTESIAN_POINT('',(15.5,17.));
#445 = VECTOR('',#446,1.);
#446 = DIRECTION('',(-1.,0.));
#447 = ( GEOMETRIC_REPRESENTATION_CONTEXT(2) 
PARAMETRIC_REPRESENTATION_CONTEXT() REPRESENTATION_CONTEXT('2D SPACE',''
  ) );
#448 = PCURVE('',#449,#454);
#449 = PLANE('',#450);
#450 = AXIS2_PLACEMENT_3D('',#451,#452,#453);
#451 = CARTESIAN_POINT('',(34.,48.5,0.));
#452 = DIRECTION('',(-1.,0.,0.));
#453 = DIRECTION('',(0.,0.,1.));
#454 = DEFINITIONAL_REPRESENTATION('',(#455),#459);
#455 = LINE('',#456,#457);
#456 = CARTESIAN_POINT('',(0.,0.));
#457 = VECTOR('',#458,1.);
#458 = DIRECTION('',(1.,0.));
#459 = ( GEOMETRIC_REPRESENTATION_CONTEXT(2) 
PARAMETRIC_REPRESENTATION_CONTEXT() REPRESENTATION_CONTEXT('2D SPACE',''
  ) );
#460 = ORIENTED_EDGE('',*,*,#461,.T.);
#461 = EDGE_CURVE('',#434,#462,#464,.T.);
#462 = VERTEX_POINT('',#463);
#463 = CARTESIAN_POINT('',(32.2,48.5,5.));
#464 = SURFACE_CURVE('',#465,(#470,#477),.PCURVE_S1.);
#465 = CIRCLE('',#466,1.8);
#466 = AXIS2_PLACEMENT_3D('',#467,#468,#469);
#467 = CARTESIAN_POINT('',(32.2,48.5,3.2));
#468 = DIRECTION('',(-0.,-1.,0.));
#469 = DIRECTION('',(0.,-0.,1.));
#470 = PCURVE('',#105,#471);
#471 = DEFINITIONAL_REPRESENTATION('',(#472),#476);
#472 = CIRCLE('',#473,1.8);
#473 = AXIS2_PLACEMENT_2D('',#474,#475);
#474 = CARTESIAN_POINT('',(12.3,15.2));
#475 = DIRECTION('',(-1.,0.));
#476 = ( GEOMETRIC_REPRESENTATION_CONTEXT(2) 
PARAMETRIC_REPRESENTATION_CONTEXT() REPRESENTATION_CONTEXT('2D SPACE',''
  ) );
#477 = PCURVE('',#478,#483);
#478 = CYLINDRICAL_SURFACE('',#479,1.8);
#479 = AXIS2_PLACEMENT_3D('',#480,#481,#482);
#480 = CARTESIAN_POINT('',(32.2,-48.5,3.2));
#481 = DIRECTION('',(0.,1.,0.));
#482 = DIRECTION('',(1.,0.,-0.));
#483 = DEFINITIONAL_REPRESENTATION('',(#484),#488);
#484 = LINE('',#485,#486);
#485 = CARTESIAN_POINT('',(4.712388980385,97.));
#486 = VECTOR('',#487,1.);
#487 = DIRECTION('',(-1.,0.));
#488 = ( GEOMETRIC_REPRESENTATION_CONTEXT(2) 
PARAMETRIC_REPRESENTATION_CONTEXT() REPRESENTATION_CONTEXT('2D SPACE',''
  ) );
#489 = ORIENTED_EDGE('',*,*,#490,.F.);
#490 = EDGE_CURVE('',#491,#462,#493,.T.);
#491 = VERTEX_POINT('',#492);
#492 = CARTESIAN_POINT('',(5.,48.5,5.));
#493 = SURFACE_CURVE('',#494,(#498,#505),.PCURVE_S1.);
#494 = LINE('',#495,#496);
#495 = CARTESIAN_POINT('',(5.,48.5,5.));
#496 = VECTOR('',#497,1.);
#497 = DIRECTION('',(1.,0.,0.));
#498 = PCURVE('',#105,#499);
#499 = DEFINITIONAL_REPRESENTATION('',(#500),#504);
#500 = LINE('',#501,#502);
#501 = CARTESIAN_POINT('',(10.5,-12.));
#502 = VECTOR('',#503,1.);
#503 = DIRECTION('',(0.,1.));
#504 = ( GEOMETRIC_REPRESENTATION_CONTEXT(2) 
PARAMETRIC_REPRESENTATION_CONTEXT() REPRESENTATION_CONTEXT('2D SPACE',''
  ) );
#505 = PCURVE('',#506,#511);
#506 = PLANE('',#507);
#507 = AXIS2_PLACEMENT_3D('',#508,#509,#510);
#508 = CARTESIAN_POINT('',(5.,48.5,5.));
#509 = DIRECTION('',(-0.,0.,1.));
#510 = DIRECTION('',(1.,0.,0.));
#511 = DEFINITIONAL_REPRESENTATION('',(#512),#516);
#512 = LINE('',#513,#514);
#513 = CARTESIAN_POINT('',(0.,0.));
#514 = VECTOR('',#515,1.);
#515 = DIRECTION('',(1.,0.));
#516 = ( GEOMETRIC_REPRESENTATION_CONTEXT(2) 
PARAMETRIC_REPRESENTATION_CONTEXT() REPRESENTATION_CONTEXT('2D SPACE',''
  ) );
#517 = ORIENTED_EDGE('',*,*,#518,.F.);
#518 = EDGE_CURVE('',#519,#491,#521,.T.);
#519 = VERTEX_POINT('',#520);
#520 = CARTESIAN_POINT('',(5.,48.5,26.));
#521 = SURFACE_CURVE('',#522,(#526,#533),.PCURVE_S1.);
#522 = LINE('',#523,#524);
#523 = CARTESIAN_POINT('',(5.,48.5,26.));
#524 = VECTOR('',#525,1.);
#525 = DIRECTION('',(0.,0.,-1.));
#526 = PCURVE('',#105,#527);
#527 = DEFINITIONAL_REPRESENTATION('',(#528),#532);
#528 = LINE('',#529,#530);
#529 = CARTESIAN_POINT('',(-10.5,-12.));
#530 = VECTOR('',#531,1.);
#531 = DIRECTION('',(1.,0.));
#532 = ( GEOMETRIC_REPRESENTATION_CONTEXT(2) 
PARAMETRIC_REPRESENTATION_CONTEXT() REPRESENTATION_CONTEXT('2D SPACE',''
  ) );
#533 = PCURVE('',#534,#539);
#534 = PLANE('',#535);
#535 = AXIS2_PLACEMENT_3D('',#536,#537,#538);
#536 = CARTESIAN_POINT('',(5.,48.5,26.));
#537 = DIRECTION('',(1.,0.,0.));
#538 = DIRECTION('',(0.,0.,-1.));
#539 = DEFINITIONAL_REPRESENTATION('',(#540),#544);
#540 = LINE('',#541,#542);
#541 = CARTESIAN_POINT('',(0.,0.));
#542 = VECTOR('',#543,1.);
#543 = DIRECTION('',(1.,0.));
#544 = ( GEOMETRIC_REPRESENTATION_CONTEXT(2) 
PARAMETRIC_REPRESENTATION_CONTEXT() REPRESENTATION_CONTEXT('2D SPACE',''
  ) );
#545 = ORIENTED_EDGE('',*,*,#546,.F.);
#546 = EDGE_CURVE('',#547,#519,#549,.T.);
#547 = VERTEX_POINT('',#548);
#548 = CARTESIAN_POINT('',(32.2,48.5,26.));
#549 = SURFACE_CURVE('',#550,(#554,#561),.PCURVE_S1.);
#550 = LINE('',#551,#552);
#551 = CARTESIAN_POINT('',(39.,48.5,26.));
#552 = VECTOR('',#553,1.);
#553 = DIRECTION('',(-1.,0.,0.));
#554 = PCURVE('',#105,#555);
#555 = DEFINITIONAL_REPRESENTATION('',(#556),#560);
#556 = LINE('',#557,#558);
#557 = CARTESIAN_POINT('',(-10.5,22.));
#558 = VECTOR('',#559,1.);
#559 = DIRECTION('',(0.,-1.));
#560 = ( GEOMETRIC_REPRESENTATION_CONTEXT(2) 
PARAMETRIC_REPRESENTATION_CONTEXT() REPRESENTATION_CONTEXT('2D SPACE',''
  ) );
#561 = PCURVE('',#562,#567);
#562 = PLANE('',#563);
#563 = AXIS2_PLACEMENT_3D('',#564,#565,#566);
#564 = CARTESIAN_POINT('',(39.,48.5,26.));
#565 = DIRECTION('',(-0.,-0.,-1.));
#566 = DIRECTION('',(-1.,0.,0.));
#567 = DEFINITIONAL_REPRESENTATION('',(#568),#572);
#568 = LINE('',#569,#570);
#569 = CARTESIAN_POINT('',(0.,0.));
#570 = VECTOR('',#571,1.);
#571 = DIRECTION('',(1.,0.));
#572 = ( GEOMETRIC_REPRESENTATION_CONTEXT(2) 
PARAMETRIC_REPRESENTATION_CONTEXT() REPRESENTATION_CONTEXT('2D SPACE',''
  ) );
#573 = ORIENTED_EDGE('',*,*,#574,.F.);
#574 = EDGE_CURVE('',#575,#547,#577,.T.);
#575 = VERTEX_POINT('',#576);
#576 = CARTESIAN_POINT('',(34.,48.5,27.8));
#577 = SURFACE_CURVE('',#578,(#583,#594),.PCURVE_S1.);
#578 = CIRCLE('',#579,1.8);
#579 = AXIS2_PLACEMENT_3D('',#580,#581,#582);
#580 = CARTESIAN_POINT('',(32.2,48.5,27.8));
#581 = DIRECTION('',(-0.,1.,0.));
#582 = DIRECTION('',(0.,0.,-1.));
#583 = PCURVE('',#105,#584);
#584 = DEFINITIONAL_REPRESENTATION('',(#585),#593);
#585 = ( BOUNDED_CURVE() B_SPLINE_CURVE(2,(#586,#587,#588,#589,#590,#591
,#592),.UNSPECIFIED.,.T.,.F.) B_SPLINE_CURVE_WITH_KNOTS((1,2,2,2,2,1),(
    -2.094395102393,0.,2.094395102393,4.188790204786,6.28318530718,
8.377580409573),.UNSPECIFIED.) CURVE() GEOMETRIC_REPRESENTATION_ITEM() 
RATIONAL_B_SPLINE_CURVE((1.,0.5,1.,0.5,1.,0.5,1.)) REPRESENTATION_ITEM(
  '') );
#586 = CARTESIAN_POINT('',(-10.5,15.2));
#587 = CARTESIAN_POINT('',(-10.5,12.082308546376));
#588 = CARTESIAN_POINT('',(-13.2,13.641154273188));
#589 = CARTESIAN_POINT('',(-15.9,15.2));
#590 = CARTESIAN_POINT('',(-13.2,16.758845726812));
#591 = CARTESIAN_POINT('',(-10.5,18.317691453624));
#592 = CARTESIAN_POINT('',(-10.5,15.2));
#593 = ( GEOMETRIC_REPRESENTATION_CONTEXT(2) 
PARAMETRIC_REPRESENTATION_CONTEXT() REPRESENTATION_CONTEXT('2D SPACE',''
  ) );
#594 = PCURVE('',#595,#600);
#595 = CYLINDRICAL_SURFACE('',#596,1.8);
#596 = AXIS2_PLACEMENT_3D('',#597,#598,#599);
#597 = CARTESIAN_POINT('',(32.2,48.5,27.8));
#598 = DIRECTION('',(0.,-1.,0.));
#599 = DIRECTION('',(1.,0.,-0.));
#600 = DEFINITIONAL_REPRESENTATION('',(#601),#605);
#601 = LINE('',#602,#603);
#602 = CARTESIAN_POINT('',(4.712388980385,-0.));
#603 = VECTOR('',#604,1.);
#604 = DIRECTION('',(-1.,0.));
#605 = ( GEOMETRIC_REPRESENTATION_CONTEXT(2) 
PARAMETRIC_REPRESENTATION_CONTEXT() REPRESENTATION_CONTEXT('2D SPACE',''
  ) );
#606 = ORIENTED_EDGE('',*,*,#607,.T.);
#607 = EDGE_CURVE('',#575,#608,#610,.T.);
#608 = VERTEX_POINT('',#609);
#609 = CARTESIAN_POINT('',(34.,48.5,29.2));
#610 = SURFACE_CURVE('',#611,(#615,#622),.PCURVE_S1.);
#611 = LINE('',#612,#613);
#612 = CARTESIAN_POINT('',(34.,48.5,0.));
#613 = VECTOR('',#614,1.);
#614 = DIRECTION('',(0.,0.,1.));
#615 = PCURVE('',#105,#616);
#616 = DEFINITIONAL_REPRESENTATION('',(#617),#621);
#617 = LINE('',#618,#619);
#618 = CARTESIAN_POINT('',(15.5,17.));
#619 = VECTOR('',#620,1.);
#620 = DIRECTION('',(-1.,0.));
#621 = ( GEOMETRIC_REPRESENTATION_CONTEXT(2) 
PARAMETRIC_REPRESENTATION_CONTEXT() REPRESENTATION_CONTEXT('2D SPACE',''
  ) );
#622 = PCURVE('',#623,#628);
#623 = PLANE('',#624);
#624 = AXIS2_PLACEMENT_3D('',#625,#626,#627);
#625 = CARTESIAN_POINT('',(34.,48.5,0.));
#626 = DIRECTION('',(-1.,0.,0.));
#627 = DIRECTION('',(0.,0.,1.));
#628 = DEFINITIONAL_REPRESENTATION('',(#629),#633);
#629 = LINE('',#630,#631);
#630 = CARTESIAN_POINT('',(0.,0.));
#631 = VECTOR('',#632,1.);
#632 = DIRECTION('',(1.,0.));
#633 = ( GEOMETRIC_REPRESENTATION_CONTEXT(2) 
PARAMETRIC_REPRESENTATION_CONTEXT() REPRESENTATION_CONTEXT('2D SPACE',''
  ) );
#634 = ORIENTED_EDGE('',*,*,#635,.F.);
#635 = EDGE_CURVE('',#292,#608,#636,.T.);
#636 = SURFACE_CURVE('',#637,(#642,#653),.PCURVE_S1.);
#637 = CIRCLE('',#638,1.8);
#638 = AXIS2_PLACEMENT_3D('',#639,#640,#641);
#639 = CARTESIAN_POINT('',(32.2,48.5,29.2));
#640 = DIRECTION('',(-0.,1.,0.));
#641 = DIRECTION('',(0.,0.,-1.));
#642 = PCURVE('',#105,#643);
#643 = DEFINITIONAL_REPRESENTATION('',(#644),#652);
#644 = ( BOUNDED_CURVE() B_SPLINE_CURVE(2,(#645,#646,#647,#648,#649,#650
,#651),.UNSPECIFIED.,.T.,.F.) B_SPLINE_CURVE_WITH_KNOTS((1,2,2,2,2,1),(
    -2.094395102393,0.,2.094395102393,4.188790204786,6.28318530718,
8.377580409573),.UNSPECIFIED.) CURVE() GEOMETRIC_REPRESENTATION_ITEM() 
RATIONAL_B_SPLINE_CURVE((1.,0.5,1.,0.5,1.,0.5,1.)) REPRESENTATION_ITEM(
  '') );
#645 = CARTESIAN_POINT('',(-11.9,15.2));
#646 = CARTESIAN_POINT('',(-11.9,12.082308546376));
#647 = CARTESIAN_POINT('',(-14.6,13.641154273188));
#648 = CARTESIAN_POINT('',(-17.3,15.2));
#649 = CARTESIAN_POINT('',(-14.6,16.758845726812));
#650 = CARTESIAN_POINT('',(-11.9,18.317691453624));
#651 = CARTESIAN_POINT('',(-11.9,15.2));
#652 = ( GEOMETRIC_REPRESENTATION_CONTEXT(2) 
PARAMETRIC_REPRESENTATION_CONTEXT() REPRESENTATION_CONTEXT('2D SPACE',''
  ) );
#653 = PCURVE('',#654,#659);
#654 = CYLINDRICAL_SURFACE('',#655,1.8);
#655 = AXIS2_PLACEMENT_3D('',#656,#657,#658);
#656 = CARTESIAN_POINT('',(32.2,48.5,29.2));
#657 = DIRECTION('',(0.,-1.,0.));
#658 = DIRECTION('',(-0.,0.,1.));
#659 = DEFINITIONAL_REPRESENTATION('',(#660),#664);
#660 = LINE('',#661,#662);
#661 = CARTESIAN_POINT('',(3.14159265359,-0.));
#662 = VECTOR('',#663,1.);
#663 = DIRECTION('',(-1.,0.));
#664 = ( GEOMETRIC_REPRESENTATION_CONTEXT(2) 
PARAMETRIC_REPRESENTATION_CONTEXT() REPRESENTATION_CONTEXT('2D SPACE',''
  ) );
#665 = ADVANCED_FACE('',(#666),#133,.T.);
#666 = FACE_BOUND('',#667,.F.);
#667 = EDGE_LOOP('',(#668,#669,#692,#718));
#668 = ORIENTED_EDGE('',*,*,#321,.T.);
#669 = ORIENTED_EDGE('',*,*,#670,.T.);
#670 = EDGE_CURVE('',#294,#671,#673,.T.);
#671 = VERTEX_POINT('',#672);
#672 = CARTESIAN_POINT('',(4.5,-48.5,31.));
#673 = SURFACE_CURVE('',#674,(#678,#685),.PCURVE_S1.);
#674 = LINE('',#675,#676);
#675 = CARTESIAN_POINT('',(4.5,48.5,31.));
#676 = VECTOR('',#677,1.);
#677 = DIRECTION('',(0.,-1.,0.));
#678 = PCURVE('',#133,#679);
#679 = DEFINITIONAL_REPRESENTATION('',(#680),#684);
#680 = LINE('',#681,#682);
#681 = CARTESIAN_POINT('',(-1.570796326795,0.));
#682 = VECTOR('',#683,1.);
#683 = DIRECTION('',(-0.,1.));
#684 = ( GEOMETRIC_REPRESENTATION_CONTEXT(2) 
PARAMETRIC_REPRESENTATION_CONTEXT() REPRESENTATION_CONTEXT('2D SPACE',''
  ) );
#685 = PCURVE('',#309,#686);
#686 = DEFINITIONAL_REPRESENTATION('',(#687),#691);
#687 = LINE('',#688,#689);
#688 = CARTESIAN_POINT('',(29.5,0.));
#689 = VECTOR('',#690,1.);
#690 = DIRECTION('',(0.,-1.));
#691 = ( GEOMETRIC_REPRESENTATION_CONTEXT(2) 
PARAMETRIC_REPRESENTATION_CONTEXT() REPRESENTATION_CONTEXT('2D SPACE',''
  ) );
#692 = ORIENTED_EDGE('',*,*,#693,.F.);
#693 = EDGE_CURVE('',#118,#671,#694,.T.);
#694 = SURFACE_CURVE('',#695,(#700,#707),.PCURVE_S1.);
#695 = CIRCLE('',#696,4.5);
#696 = AXIS2_PLACEMENT_3D('',#697,#698,#699);
#697 = CARTESIAN_POINT('',(4.5,-48.5,26.5));
#698 = DIRECTION('',(-0.,1.,0.));
#699 = DIRECTION('',(0.,0.,-1.));
#700 = PCURVE('',#133,#701);
#701 = DEFINITIONAL_REPRESENTATION('',(#702),#706);
#702 = LINE('',#703,#704);
#703 = CARTESIAN_POINT('',(1.570796326795,97.));
#704 = VECTOR('',#705,1.);
#705 = DIRECTION('',(-1.,0.));
#706 = ( GEOMETRIC_REPRESENTATION_CONTEXT(2) 
PARAMETRIC_REPRESENTATION_CONTEXT() REPRESENTATION_CONTEXT('2D SPACE',''
  ) );
#707 = PCURVE('',#161,#708);
#708 = DEFINITIONAL_REPRESENTATION('',(#709),#717);
#709 = ( BOUNDED_CURVE() B_SPLINE_CURVE(2,(#710,#711,#712,#713,#714,#715
,#716),.UNSPECIFIED.,.T.,.F.) B_SPLINE_CURVE_WITH_KNOTS((1,2,2,2,2,1),(
    -2.094395102393,0.,2.094395102393,4.188790204786,6.28318530718,
8.377580409573),.UNSPECIFIED.) CURVE() GEOMETRIC_REPRESENTATION_ITEM() 
RATIONAL_B_SPLINE_CURVE((1.,0.5,1.,0.5,1.,0.5,1.)) REPRESENTATION_ITEM(
  '') );
#710 = CARTESIAN_POINT('',(-6.5,-12.5));
#711 = CARTESIAN_POINT('',(-6.5,-20.29422863406));
#712 = CARTESIAN_POINT('',(-13.25,-16.39711431703));
#713 = CARTESIAN_POINT('',(-20.,-12.5));
#714 = CARTESIAN_POINT('',(-13.25,-8.60288568297));
#715 = CARTESIAN_POINT('',(-6.5,-4.70577136594));
#716 = CARTESIAN_POINT('',(-6.5,-12.5));
#717 = ( GEOMETRIC_REPRESENTATION_CONTEXT(2) 
PARAMETRIC_REPRESENTATION_CONTEXT() REPRESENTATION_CONTEXT('2D SPACE',''
  ) );
#718 = ORIENTED_EDGE('',*,*,#117,.F.);
#719 = ADVANCED_FACE('',(#720),#187,.T.);
#720 = FACE_BOUND('',#721,.F.);
#721 = EDGE_LOOP('',(#722,#723,#724,#752));
#722 = ORIENTED_EDGE('',*,*,#348,.T.);
#723 = ORIENTED_EDGE('',*,*,#173,.T.);
#724 = ORIENTED_EDGE('',*,*,#725,.F.);
#725 = EDGE_CURVE('',#726,#146,#728,.T.);
#726 = VERTEX_POINT('',#727);
#727 = CARTESIAN_POINT('',(4.5,-48.5,-8.881784197001E-16));
#728 = SURFACE_CURVE('',#729,(#734,#741),.PCURVE_S1.);
#729 = CIRCLE('',#730,4.5);
#730 = AXIS2_PLACEMENT_3D('',#731,#732,#733);
#731 = CARTESIAN_POINT('',(4.5,-48.5,4.5));
#732 = DIRECTION('',(-0.,1.,0.));
#733 = DIRECTION('',(0.,0.,-1.));
#734 = PCURVE('',#187,#735);
#735 = DEFINITIONAL_REPRESENTATION('',(#736),#740);
#736 = LINE('',#737,#738);
#737 = CARTESIAN_POINT('',(-0.,97.));
#738 = VECTOR('',#739,1.);
#739 = DIRECTION('',(-1.,0.));
#740 = ( GEOMETRIC_REPRESENTATION_CONTEXT(2) 
PARAMETRIC_REPRESENTATION_CONTEXT() REPRESENTATION_CONTEXT('2D SPACE',''
  ) );
#741 = PCURVE('',#161,#742);
#742 = DEFINITIONAL_REPRESENTATION('',(#743),#751);
#743 = ( BOUNDED_CURVE() B_SPLINE_CURVE(2,(#744,#745,#746,#747,#748,#749
,#750),.UNSPECIFIED.,.T.,.F.) B_SPLINE_CURVE_WITH_KNOTS((1,2,2,2,2,1),(
    -2.094395102393,0.,2.094395102393,4.188790204786,6.28318530718,
8.377580409573),.UNSPECIFIED.) CURVE() GEOMETRIC_REPRESENTATION_ITEM() 
RATIONAL_B_SPLINE_CURVE((1.,0.5,1.,0.5,1.,0.5,1.)) REPRESENTATION_ITEM(
  '') );
#744 = CARTESIAN_POINT('',(15.5,-12.5));
#745 = CARTESIAN_POINT('',(15.5,-20.29422863406));
#746 = CARTESIAN_POINT('',(8.75,-16.39711431703));
#747 = CARTESIAN_POINT('',(2.,-12.5));
#748 = CARTESIAN_POINT('',(8.75,-8.60288568297));
#749 = CARTESIAN_POINT('',(15.5,-4.70577136594));
#750 = CARTESIAN_POINT('',(15.5,-12.5));
#751 = ( GEOMETRIC_REPRESENTATION_CONTEXT(2) 
PARAMETRIC_REPRESENTATION_CONTEXT() REPRESENTATION_CONTEXT('2D SPACE',''
  ) );
#752 = ORIENTED_EDGE('',*,*,#753,.F.);
#753 = EDGE_CURVE('',#349,#726,#754,.T.);
#754 = SURFACE_CURVE('',#755,(#759,#766),.PCURVE_S1.);
#755 = LINE('',#756,#757);
#756 = CARTESIAN_POINT('',(4.5,48.5,-8.881784197001E-16));
#757 = VECTOR('',#758,1.);
#758 = DIRECTION('',(0.,-1.,0.));
#759 = PCURVE('',#187,#760);
#760 = DEFINITIONAL_REPRESENTATION('',(#761),#765);
#761 = LINE('',#762,#763);
#762 = CARTESIAN_POINT('',(-0.,0.));
#763 = VECTOR('',#764,1.);
#764 = DIRECTION('',(-0.,1.));
#765 = ( GEOMETRIC_REPRESENTATION_CONTEXT(2) 
PARAMETRIC_REPRESENTATION_CONTEXT() REPRESENTATION_CONTEXT('2D SPACE',''
  ) );
#766 = PCURVE('',#392,#767);
#767 = DEFINITIONAL_REPRESENTATION('',(#768),#772);
#768 = LINE('',#769,#770);
#769 = CARTESIAN_POINT('',(4.5,0.));
#770 = VECTOR('',#771,1.);
#771 = DIRECTION('',(0.,-1.));
#772 = ( GEOMETRIC_REPRESENTATION_CONTEXT(2) 
PARAMETRIC_REPRESENTATION_CONTEXT() REPRESENTATION_CONTEXT('2D SPACE',''
  ) );
#773 = ADVANCED_FACE('',(#774),#161,.T.);
#774 = FACE_BOUND('',#775,.T.);
#775 = EDGE_LOOP('',(#776,#799,#800,#801,#802,#825,#849,#872,#896,#919,
    #942,#965,#993,#1016));
#776 = ORIENTED_EDGE('',*,*,#777,.T.);
#777 = EDGE_CURVE('',#778,#671,#780,.T.);
#778 = VERTEX_POINT('',#779);
#779 = CARTESIAN_POINT('',(32.2,-48.5,31.));
#780 = SURFACE_CURVE('',#781,(#785,#792),.PCURVE_S1.);
#781 = LINE('',#782,#783);
#782 = CARTESIAN_POINT('',(34.,-48.5,31.));
#783 = VECTOR('',#784,1.);
#784 = DIRECTION('',(-1.,0.,0.));
#785 = PCURVE('',#161,#786);
#786 = DEFINITIONAL_REPRESENTATION('',(#787),#791);
#787 = LINE('',#788,#789);
#788 = CARTESIAN_POINT('',(-15.5,17.));
#789 = VECTOR('',#790,1.);
#790 = DIRECTION('',(0.,-1.));
#791 = ( GEOMETRIC_REPRESENTATION_CONTEXT(2) 
PARAMETRIC_REPRESENTATION_CONTEXT() REPRESENTATION_CONTEXT('2D SPACE',''
  ) );
#792 = PCURVE('',#309,#793);
#793 = DEFINITIONAL_REPRESENTATION('',(#794),#798);
#794 = LINE('',#795,#796);
#795 = CARTESIAN_POINT('',(0.,-97.));
#796 = VECTOR('',#797,1.);
#797 = DIRECTION('',(1.,0.));
#798 = ( GEOMETRIC_REPRESENTATION_CONTEXT(2) 
PARAMETRIC_REPRESENTATION_CONTEXT() REPRESENTATION_CONTEXT('2D SPACE',''
  ) );
#799 = ORIENTED_EDGE('',*,*,#693,.F.);
#800 = ORIENTED_EDGE('',*,*,#145,.T.);
#801 = ORIENTED_EDGE('',*,*,#725,.F.);
#802 = ORIENTED_EDGE('',*,*,#803,.T.);
#803 = EDGE_CURVE('',#726,#804,#806,.T.);
#804 = VERTEX_POINT('',#805);
#805 = CARTESIAN_POINT('',(32.2,-48.5,-4.440892098501E-16));
#806 = SURFACE_CURVE('',#807,(#811,#818),.PCURVE_S1.);
#807 = LINE('',#808,#809);
#808 = CARTESIAN_POINT('',(0.,-48.5,0.));
#809 = VECTOR('',#810,1.);
#810 = DIRECTION('',(1.,0.,0.));
#811 = PCURVE('',#161,#812);
#812 = DEFINITIONAL_REPRESENTATION('',(#813),#817);
#813 = LINE('',#814,#815);
#814 = CARTESIAN_POINT('',(15.5,-17.));
#815 = VECTOR('',#816,1.);
#816 = DIRECTION('',(0.,1.));
#817 = ( GEOMETRIC_REPRESENTATION_CONTEXT(2) 
PARAMETRIC_REPRESENTATION_CONTEXT() REPRESENTATION_CONTEXT('2D SPACE',''
  ) );
#818 = PCURVE('',#392,#819);
#819 = DEFINITIONAL_REPRESENTATION('',(#820),#824);
#820 = LINE('',#821,#822);
#821 = CARTESIAN_POINT('',(0.,-97.));
#822 = VECTOR('',#823,1.);
#823 = DIRECTION('',(1.,0.));
#824 = ( GEOMETRIC_REPRESENTATION_CONTEXT(2) 
PARAMETRIC_REPRESENTATION_CONTEXT() REPRESENTATION_CONTEXT('2D SPACE',''
  ) );
#825 = ORIENTED_EDGE('',*,*,#826,.T.);
#826 = EDGE_CURVE('',#804,#827,#829,.T.);
#827 = VERTEX_POINT('',#828);
#828 = CARTESIAN_POINT('',(34.,-48.5,1.8));
#829 = SURFACE_CURVE('',#830,(#835,#842),.PCURVE_S1.);
#830 = CIRCLE('',#831,1.8);
#831 = AXIS2_PLACEMENT_3D('',#832,#833,#834);
#832 = CARTESIAN_POINT('',(32.2,-48.5,1.8));
#833 = DIRECTION('',(0.,-1.,0.));
#834 = DIRECTION('',(0.,-0.,-1.));
#835 = PCURVE('',#161,#836);
#836 = DEFINITIONAL_REPRESENTATION('',(#837),#841);
#837 = CIRCLE('',#838,1.8);
#838 = AXIS2_PLACEMENT_2D('',#839,#840);
#839 = CARTESIAN_POINT('',(13.7,15.2));
#840 = DIRECTION('',(1.,0.));
#841 = ( GEOMETRIC_REPRESENTATION_CONTEXT(2) 
PARAMETRIC_REPRESENTATION_CONTEXT() REPRESENTATION_CONTEXT('2D SPACE',''
  ) );
#842 = PCURVE('',#421,#843);
#843 = DEFINITIONAL_REPRESENTATION('',(#844),#848);
#844 = LINE('',#845,#846);
#845 = CARTESIAN_POINT('',(0.,97.));
#846 = VECTOR('',#847,1.);
#847 = DIRECTION('',(1.,0.));
#848 = ( GEOMETRIC_REPRESENTATION_CONTEXT(2) 
PARAMETRIC_REPRESENTATION_CONTEXT() REPRESENTATION_CONTEXT('2D SPACE',''
  ) );
#849 = ORIENTED_EDGE('',*,*,#850,.T.);
#850 = EDGE_CURVE('',#827,#851,#853,.T.);
#851 = VERTEX_POINT('',#852);
#852 = CARTESIAN_POINT('',(34.,-48.5,3.2));
#853 = SURFACE_CURVE('',#854,(#858,#865),.PCURVE_S1.);
#854 = LINE('',#855,#856);
#855 = CARTESIAN_POINT('',(34.,-48.5,0.));
#856 = VECTOR('',#857,1.);
#857 = DIRECTION('',(0.,0.,1.));
#858 = PCURVE('',#161,#859);
#859 = DEFINITIONAL_REPRESENTATION('',(#860),#864);
#860 = LINE('',#861,#862);
#861 = CARTESIAN_POINT('',(15.5,17.));
#862 = VECTOR('',#863,1.);
#863 = DIRECTION('',(-1.,0.));
#864 = ( GEOMETRIC_REPRESENTATION_CONTEXT(2) 
PARAMETRIC_REPRESENTATION_CONTEXT() REPRESENTATION_CONTEXT('2D SPACE',''
  ) );
#865 = PCURVE('',#449,#866);
#866 = DEFINITIONAL_REPRESENTATION('',(#867),#871);
#867 = LINE('',#868,#869);
#868 = CARTESIAN_POINT('',(0.,-97.));
#869 = VECTOR('',#870,1.);
#870 = DIRECTION('',(1.,0.));
#871 = ( GEOMETRIC_REPRESENTATION_CONTEXT(2) 
PARAMETRIC_REPRESENTATION_CONTEXT() REPRESENTATION_CONTEXT('2D SPACE',''
  ) );
#872 = ORIENTED_EDGE('',*,*,#873,.T.);
#873 = EDGE_CURVE('',#851,#874,#876,.T.);
#874 = VERTEX_POINT('',#875);
#875 = CARTESIAN_POINT('',(32.2,-48.5,5.));
#876 = SURFACE_CURVE('',#877,(#882,#889),.PCURVE_S1.);
#877 = CIRCLE('',#878,1.8);
#878 = AXIS2_PLACEMENT_3D('',#879,#880,#881);
#879 = CARTESIAN_POINT('',(32.2,-48.5,3.2));
#880 = DIRECTION('',(-0.,-1.,0.));
#881 = DIRECTION('',(0.,-0.,1.));
#882 = PCURVE('',#161,#883);
#883 = DEFINITIONAL_REPRESENTATION('',(#884),#888);
#884 = CIRCLE('',#885,1.8);
#885 = AXIS2_PLACEMENT_2D('',#886,#887);
#886 = CARTESIAN_POINT('',(12.3,15.2));
#887 = DIRECTION('',(-1.,0.));
#888 = ( GEOMETRIC_REPRESENTATION_CONTEXT(2) 
PARAMETRIC_REPRESENTATION_CONTEXT() REPRESENTATION_CONTEXT('2D SPACE',''
  ) );
#889 = PCURVE('',#478,#890);
#890 = DEFINITIONAL_REPRESENTATION('',(#891),#895);
#891 = LINE('',#892,#893);
#892 = CARTESIAN_POINT('',(4.712388980385,-0.));
#893 = VECTOR('',#894,1.);
#894 = DIRECTION('',(-1.,0.));
#895 = ( GEOMETRIC_REPRESENTATION_CONTEXT(2) 
PARAMETRIC_REPRESENTATION_CONTEXT() REPRESENTATION_CONTEXT('2D SPACE',''
  ) );
#896 = ORIENTED_EDGE('',*,*,#897,.F.);
#897 = EDGE_CURVE('',#898,#874,#900,.T.);
#898 = VERTEX_POINT('',#899);
#899 = CARTESIAN_POINT('',(5.,-48.5,5.));
#900 = SURFACE_CURVE('',#901,(#905,#912),.PCURVE_S1.);
#901 = LINE('',#902,#903);
#902 = CARTESIAN_POINT('',(5.,-48.5,5.));
#903 = VECTOR('',#904,1.);
#904 = DIRECTION('',(1.,0.,0.));
#905 = PCURVE('',#161,#906);
#906 = DEFINITIONAL_REPRESENTATION('',(#907),#911);
#907 = LINE('',#908,#909);
#908 = CARTESIAN_POINT('',(10.5,-12.));
#909 = VECTOR('',#910,1.);
#910 = DIRECTION('',(0.,1.));
#911 = ( GEOMETRIC_REPRESENTATION_CONTEXT(2) 
PARAMETRIC_REPRESENTATION_CONTEXT() REPRESENTATION_CONTEXT('2D SPACE',''
  ) );
#912 = PCURVE('',#506,#913);
#913 = DEFINITIONAL_REPRESENTATION('',(#914),#918);
#914 = LINE('',#915,#916);
#915 = CARTESIAN_POINT('',(0.,-97.));
#916 = VECTOR('',#917,1.);
#917 = DIRECTION('',(1.,0.));
#918 = ( GEOMETRIC_REPRESENTATION_CONTEXT(2) 
PARAMETRIC_REPRESENTATION_CONTEXT() REPRESENTATION_CONTEXT('2D SPACE',''
  ) );
#919 = ORIENTED_EDGE('',*,*,#920,.F.);
#920 = EDGE_CURVE('',#921,#898,#923,.T.);
#921 = VERTEX_POINT('',#922);
#922 = CARTESIAN_POINT('',(5.,-48.5,26.));
#923 = SURFACE_CURVE('',#924,(#928,#935),.PCURVE_S1.);
#924 = LINE('',#925,#926);
#925 = CARTESIAN_POINT('',(5.,-48.5,26.));
#926 = VECTOR('',#927,1.);
#927 = DIRECTION('',(0.,0.,-1.));
#928 = PCURVE('',#161,#929);
#929 = DEFINITIONAL_REPRESENTATION('',(#930),#934);
#930 = LINE('',#931,#932);
#931 = CARTESIAN_POINT('',(-10.5,-12.));
#932 = VECTOR('',#933,1.);
#933 = DIRECTION('',(1.,0.));
#934 = ( GEOMETRIC_REPRESENTATION_CONTEXT(2) 
PARAMETRIC_REPRESENTATION_CONTEXT() REPRESENTATION_CONTEXT('2D SPACE',''
  ) );
#935 = PCURVE('',#534,#936);
#936 = DEFINITIONAL_REPRESENTATION('',(#937),#941);
#937 = LINE('',#938,#939);
#938 = CARTESIAN_POINT('',(0.,-97.));
#939 = VECTOR('',#940,1.);
#940 = DIRECTION('',(1.,0.));
#941 = ( GEOMETRIC_REPRESENTATION_CONTEXT(2) 
PARAMETRIC_REPRESENTATION_CONTEXT() REPRESENTATION_CONTEXT('2D SPACE',''
  ) );
#942 = ORIENTED_EDGE('',*,*,#943,.F.);
#943 = EDGE_CURVE('',#944,#921,#946,.T.);
#944 = VERTEX_POINT('',#945);
#945 = CARTESIAN_POINT('',(32.2,-48.5,26.));
#946 = SURFACE_CURVE('',#947,(#951,#958),.PCURVE_S1.);
#947 = LINE('',#948,#949);
#948 = CARTESIAN_POINT('',(39.,-48.5,26.));
#949 = VECTOR('',#950,1.);
#950 = DIRECTION('',(-1.,0.,0.));
#951 = PCURVE('',#161,#952);
#952 = DEFINITIONAL_REPRESENTATION('',(#953),#957);
#953 = LINE('',#954,#955);
#954 = CARTESIAN_POINT('',(-10.5,22.));
#955 = VECTOR('',#956,1.);
#956 = DIRECTION('',(0.,-1.));
#957 = ( GEOMETRIC_REPRESENTATION_CONTEXT(2) 
PARAMETRIC_REPRESENTATION_CONTEXT() REPRESENTATION_CONTEXT('2D SPACE',''
  ) );
#958 = PCURVE('',#562,#959);
#959 = DEFINITIONAL_REPRESENTATION('',(#960),#964);
#960 = LINE('',#961,#962);
#961 = CARTESIAN_POINT('',(0.,-97.));
#962 = VECTOR('',#963,1.);
#963 = DIRECTION('',(1.,0.));
#964 = ( GEOMETRIC_REPRESENTATION_CONTEXT(2) 
PARAMETRIC_REPRESENTATION_CONTEXT() REPRESENTATION_CONTEXT('2D SPACE',''
  ) );
#965 = ORIENTED_EDGE('',*,*,#966,.F.);
#966 = EDGE_CURVE('',#967,#944,#969,.T.);
#967 = VERTEX_POINT('',#968);
#968 = CARTESIAN_POINT('',(34.,-48.5,27.8));
#969 = SURFACE_CURVE('',#970,(#975,#986),.PCURVE_S1.);
#970 = CIRCLE('',#971,1.8);
#971 = AXIS2_PLACEMENT_3D('',#972,#973,#974);
#972 = CARTESIAN_POINT('',(32.2,-48.5,27.8));
#973 = DIRECTION('',(-0.,1.,0.));
#974 = DIRECTION('',(0.,0.,-1.));
#975 = PCURVE('',#161,#976);
#976 = DEFINITIONAL_REPRESENTATION('',(#977),#985);
#977 = ( BOUNDED_CURVE() B_SPLINE_CURVE(2,(#978,#979,#980,#981,#982,#983
,#984),.UNSPECIFIED.,.T.,.F.) B_SPLINE_CURVE_WITH_KNOTS((1,2,2,2,2,1),(
    -2.094395102393,0.,2.094395102393,4.188790204786,6.28318530718,
8.377580409573),.UNSPECIFIED.) CURVE() GEOMETRIC_REPRESENTATION_ITEM() 
RATIONAL_B_SPLINE_CURVE((1.,0.5,1.,0.5,1.,0.5,1.)) REPRESENTATION_ITEM(
  '') );
#978 = CARTESIAN_POINT('',(-10.5,15.2));
#979 = CARTESIAN_POINT('',(-10.5,12.082308546376));
#980 = CARTESIAN_POINT('',(-13.2,13.641154273188));
#981 = CARTESIAN_POINT('',(-15.9,15.2));
#982 = CARTESIAN_POINT('',(-13.2,16.758845726812));
#983 = CARTESIAN_POINT('',(-10.5,18.317691453624));
#984 = CARTESIAN_POINT('',(-10.5,15.2));
#985 = ( GEOMETRIC_REPRESENTATION_CONTEXT(2) 
PARAMETRIC_REPRESENTATION_CONTEXT() REPRESENTATION_CONTEXT('2D SPACE',''
  ) );
#986 = PCURVE('',#595,#987);
#987 = DEFINITIONAL_REPRESENTATION('',(#988),#992);
#988 = LINE('',#989,#990);
#989 = CARTESIAN_POINT('',(4.712388980385,97.));
#990 = VECTOR('',#991,1.);
#991 = DIRECTION('',(-1.,0.));
#992 = ( GEOMETRIC_REPRESENTATION_CONTEXT(2) 
PARAMETRIC_REPRESENTATION_CONTEXT() REPRESENTATION_CONTEXT('2D SPACE',''
  ) );
#993 = ORIENTED_EDGE('',*,*,#994,.T.);
#994 = EDGE_CURVE('',#967,#995,#997,.T.);
#995 = VERTEX_POINT('',#996);
#996 = CARTESIAN_POINT('',(34.,-48.5,29.2));
#997 = SURFACE_CURVE('',#998,(#1002,#1009),.PCURVE_S1.);
#998 = LINE('',#999,#1000);
#999 = CARTESIAN_POINT('',(34.,-48.5,0.));
#1000 = VECTOR('',#1001,1.);
#1001 = DIRECTION('',(0.,0.,1.));
#1002 = PCURVE('',#161,#1003);
#1003 = DEFINITIONAL_REPRESENTATION('',(#1004),#1008);
#1004 = LINE('',#1005,#1006);
#1005 = CARTESIAN_POINT('',(15.5,17.));
#1006 = VECTOR('',#1007,1.);
#1007 = DIRECTION('',(-1.,0.));
#1008 = ( GEOMETRIC_REPRESENTATION_CONTEXT(2) 
PARAMETRIC_REPRESENTATION_CONTEXT() REPRESENTATION_CONTEXT('2D SPACE',''
  ) );
#1009 = PCURVE('',#623,#1010);
#1010 = DEFINITIONAL_REPRESENTATION('',(#1011),#1015);
#1011 = LINE('',#1012,#1013);
#1012 = CARTESIAN_POINT('',(0.,-97.));
#1013 = VECTOR('',#1014,1.);
#1014 = DIRECTION('',(1.,0.));
#1015 = ( GEOMETRIC_REPRESENTATION_CONTEXT(2) 
PARAMETRIC_REPRESENTATION_CONTEXT() REPRESENTATION_CONTEXT('2D SPACE',''
  ) );
#1016 = ORIENTED_EDGE('',*,*,#1017,.F.);
#1017 = EDGE_CURVE('',#778,#995,#1018,.T.);
#1018 = SURFACE_CURVE('',#1019,(#1024,#1035),.PCURVE_S1.);
#1019 = CIRCLE('',#1020,1.8);
#1020 = AXIS2_PLACEMENT_3D('',#1021,#1022,#1023);
#1021 = CARTESIAN_POINT('',(32.2,-48.5,29.2));
#1022 = DIRECTION('',(-0.,1.,0.));
#1023 = DIRECTION('',(0.,0.,-1.));
#1024 = PCURVE('',#161,#1025);
#1025 = DEFINITIONAL_REPRESENTATION('',(#1026),#1034);
#1026 = ( BOUNDED_CURVE() B_SPLINE_CURVE(2,(#1027,#1028,#1029,#1030,
#1031,#1032,#1033),.UNSPECIFIED.,.T.,.F.) B_SPLINE_CURVE_WITH_KNOTS((1,2
    ,2,2,2,1),(-2.094395102393,0.,2.094395102393,4.188790204786,
6.28318530718,8.377580409573),.UNSPECIFIED.) CURVE() 
GEOMETRIC_REPRESENTATION_ITEM() RATIONAL_B_SPLINE_CURVE((1.,0.5,1.,0.5,
1.,0.5,1.)) REPRESENTATION_ITEM('') );
#1027 = CARTESIAN_POINT('',(-11.9,15.2));
#1028 = CARTESIAN_POINT('',(-11.9,12.082308546376));
#1029 = CARTESIAN_POINT('',(-14.6,13.641154273188));
#1030 = CARTESIAN_POINT('',(-17.3,15.2));
#1031 = CARTESIAN_POINT('',(-14.6,16.758845726812));
#1032 = CARTESIAN_POINT('',(-11.9,18.317691453624));
#1033 = CARTESIAN_POINT('',(-11.9,15.2));
#1034 = ( GEOMETRIC_REPRESENTATION_CONTEXT(2) 
PARAMETRIC_REPRESENTATION_CONTEXT() REPRESENTATION_CONTEXT('2D SPACE',''
  ) );
#1035 = PCURVE('',#654,#1036);
#1036 = DEFINITIONAL_REPRESENTATION('',(#1037),#1041);
#1037 = LINE('',#1038,#1039);
#1038 = CARTESIAN_POINT('',(3.14159265359,97.));
#1039 = VECTOR('',#1040,1.);
#1040 = DIRECTION('',(-1.,0.));
#1041 = ( GEOMETRIC_REPRESENTATION_CONTEXT(2) 
PARAMETRIC_REPRESENTATION_CONTEXT() REPRESENTATION_CONTEXT('2D SPACE',''
  ) );
#1042 = ADVANCED_FACE('',(#1043),#222,.F.);
#1043 = FACE_BOUND('',#1044,.T.);
#1044 = EDGE_LOOP('',(#1045,#1067,#1068,#1069));
#1045 = ORIENTED_EDGE('',*,*,#1046,.F.);
#1046 = EDGE_CURVE('',#202,#1047,#1049,.T.);
#1047 = VERTEX_POINT('',#1048);
#1048 = CARTESIAN_POINT('',(-1.5,-30.,10.75));
#1049 = SEAM_CURVE('',#1050,(#1055,#1061),.PCURVE_S1.);
#1050 = CIRCLE('',#1051,1.5);
#1051 = AXIS2_PLACEMENT_3D('',#1052,#1053,#1054);
#1052 = CARTESIAN_POINT('',(-1.5,-30.,9.25));
#1053 = DIRECTION('',(0.,-1.,0.));
#1054 = DIRECTION('',(0.,0.,-1.));
#1055 = PCURVE('',#222,#1056);
#1056 = DEFINITIONAL_REPRESENTATION('',(#1057),#1060);
#1057 = B_SPLINE_CURVE_WITH_KNOTS('',1,(#1058,#1059),.UNSPECIFIED.,.F.,
  .F.,(2,2),(1.570796326795,3.14159265359),.PIECEWISE_BEZIER_KNOTS.);
#1058 = CARTESIAN_POINT('',(0.,1.570796326795));
#1059 = CARTESIAN_POINT('',(0.,3.14159265359));
#1060 = ( GEOMETRIC_REPRESENTATION_CONTEXT(2) 
PARAMETRIC_REPRESENTATION_CONTEXT() REPRESENTATION_CONTEXT('2D SPACE',''
  ) );
#1061 = PCURVE('',#222,#1062);
#1062 = DEFINITIONAL_REPRESENTATION('',(#1063),#1066);
#1063 = B_SPLINE_CURVE_WITH_KNOTS('',1,(#1064,#1065),.UNSPECIFIED.,.F.,
  .F.,(2,2),(1.570796326795,3.14159265359),.PIECEWISE_BEZIER_KNOTS.);
#1064 = CARTESIAN_POINT('',(-6.28318530718,1.570796326795));
#1065 = CARTESIAN_POINT('',(-6.28318530718,3.14159265359));
#1066 = ( GEOMETRIC_REPRESENTATION_CONTEXT(2) 
PARAMETRIC_REPRESENTATION_CONTEXT() REPRESENTATION_CONTEXT('2D SPACE',''
  ) );
#1067 = ORIENTED_EDGE('',*,*,#201,.F.);
#1068 = ORIENTED_EDGE('',*,*,#1046,.T.);
#1069 = ORIENTED_EDGE('',*,*,#1070,.T.);
#1070 = EDGE_CURVE('',#1047,#1047,#1071,.T.);
#1071 = SURFACE_CURVE('',#1072,(#1077,#1084),.PCURVE_S1.);
#1072 = CIRCLE('',#1073,4.75);
#1073 = AXIS2_PLACEMENT_3D('',#1074,#1075,#1076);
#1074 = CARTESIAN_POINT('',(-1.5,-30.,15.5));
#1075 = DIRECTION('',(-1.,-0.,-0.));
#1076 = DIRECTION('',(0.,0.,-1.));
#1077 = PCURVE('',#222,#1078);
#1078 = DEFINITIONAL_REPRESENTATION('',(#1079),#1083);
#1079 = LINE('',#1080,#1081);
#1080 = CARTESIAN_POINT('',(-0.,3.14159265359));
#1081 = VECTOR('',#1082,1.);
#1082 = DIRECTION('',(-1.,0.));
#1083 = ( GEOMETRIC_REPRESENTATION_CONTEXT(2) 
PARAMETRIC_REPRESENTATION_CONTEXT() REPRESENTATION_CONTEXT('2D SPACE',''
  ) );
#1084 = PCURVE('',#1085,#1090);
#1085 = CYLINDRICAL_SURFACE('',#1086,4.75);
#1086 = AXIS2_PLACEMENT_3D('',#1087,#1088,#1089);
#1087 = CARTESIAN_POINT('',(0.,-30.,15.5));
#1088 = DIRECTION('',(-1.,0.,0.));
#1089 = DIRECTION('',(0.,0.,-1.));
#1090 = DEFINITIONAL_REPRESENTATION('',(#1091),#1095);
#1091 = LINE('',#1092,#1093);
#1092 = CARTESIAN_POINT('',(0.,1.5));
#1093 = VECTOR('',#1094,1.);
#1094 = DIRECTION('',(1.,0.));
#1095 = ( GEOMETRIC_REPRESENTATION_CONTEXT(2) 
PARAMETRIC_REPRESENTATION_CONTEXT() REPRESENTATION_CONTEXT('2D SPACE',''
  ) );
#1096 = ADVANCED_FACE('',(#1097),#276,.T.);
#1097 = FACE_BOUND('',#1098,.T.);
#1098 = EDGE_LOOP('',(#1099,#1122,#1149,#1150));
#1099 = ORIENTED_EDGE('',*,*,#1100,.T.);
#1100 = EDGE_CURVE('',#238,#1101,#1103,.T.);
#1101 = VERTEX_POINT('',#1102);
#1102 = CARTESIAN_POINT('',(-9.,30.,10.75));
#1103 = SEAM_CURVE('',#1104,(#1108,#1115),.PCURVE_S1.);
#1104 = LINE('',#1105,#1106);
#1105 = CARTESIAN_POINT('',(0.,30.,10.75));
#1106 = VECTOR('',#1107,1.);
#1107 = DIRECTION('',(-1.,0.,0.));
#1108 = PCURVE('',#276,#1109);
#1109 = DEFINITIONAL_REPRESENTATION('',(#1110),#1114);
#1110 = LINE('',#1111,#1112);
#1111 = CARTESIAN_POINT('',(6.28318530718,-0.));
#1112 = VECTOR('',#1113,1.);
#1113 = DIRECTION('',(0.,1.));
#1114 = ( GEOMETRIC_REPRESENTATION_CONTEXT(2) 
PARAMETRIC_REPRESENTATION_CONTEXT() REPRESENTATION_CONTEXT('2D SPACE',''
  ) );
#1115 = PCURVE('',#276,#1116);
#1116 = DEFINITIONAL_REPRESENTATION('',(#1117),#1121);
#1117 = LINE('',#1118,#1119);
#1118 = CARTESIAN_POINT('',(0.,-0.));
#1119 = VECTOR('',#1120,1.);
#1120 = DIRECTION('',(0.,1.));
#1121 = ( GEOMETRIC_REPRESENTATION_CONTEXT(2) 
PARAMETRIC_REPRESENTATION_CONTEXT() REPRESENTATION_CONTEXT('2D SPACE',''
  ) );
#1122 = ORIENTED_EDGE('',*,*,#1123,.F.);
#1123 = EDGE_CURVE('',#1101,#1101,#1124,.T.);
#1124 = SURFACE_CURVE('',#1125,(#1130,#1137),.PCURVE_S1.);
#1125 = CIRCLE('',#1126,4.75);
#1126 = AXIS2_PLACEMENT_3D('',#1127,#1128,#1129);
#1127 = CARTESIAN_POINT('',(-9.,30.,15.5));
#1128 = DIRECTION('',(-1.,0.,0.));
#1129 = DIRECTION('',(0.,0.,-1.));
#1130 = PCURVE('',#276,#1131);
#1131 = DEFINITIONAL_REPRESENTATION('',(#1132),#1136);
#1132 = LINE('',#1133,#1134);
#1133 = CARTESIAN_POINT('',(0.,9.));
#1134 = VECTOR('',#1135,1.);
#1135 = DIRECTION('',(1.,0.));
#1136 = ( GEOMETRIC_REPRESENTATION_CONTEXT(2) 
PARAMETRIC_REPRESENTATION_CONTEXT() REPRESENTATION_CONTEXT('2D SPACE',''
  ) );
#1137 = PCURVE('',#1138,#1143);
#1138 = PLANE('',#1139);
#1139 = AXIS2_PLACEMENT_3D('',#1140,#1141,#1142);
#1140 = CARTESIAN_POINT('',(-9.,30.,15.5));
#1141 = DIRECTION('',(-1.,0.,0.));
#1142 = DIRECTION('',(0.,0.,-1.));
#1143 = DEFINITIONAL_REPRESENTATION('',(#1144),#1148);
#1144 = CIRCLE('',#1145,4.75);
#1145 = AXIS2_PLACEMENT_2D('',#1146,#1147);
#1146 = CARTESIAN_POINT('',(0.,0.));
#1147 = DIRECTION('',(1.,0.));
#1148 = ( GEOMETRIC_REPRESENTATION_CONTEXT(2) 
PARAMETRIC_REPRESENTATION_CONTEXT() REPRESENTATION_CONTEXT('2D SPACE',''
  ) );
#1149 = ORIENTED_EDGE('',*,*,#1100,.F.);
#1150 = ORIENTED_EDGE('',*,*,#261,.T.);
#1151 = ADVANCED_FACE('',(#1152),#309,.F.);
#1152 = FACE_BOUND('',#1153,.F.);
#1153 = EDGE_LOOP('',(#1154,#1155,#1176,#1177));
#1154 = ORIENTED_EDGE('',*,*,#291,.F.);
#1155 = ORIENTED_EDGE('',*,*,#1156,.T.);
#1156 = EDGE_CURVE('',#292,#778,#1157,.T.);
#1157 = SURFACE_CURVE('',#1158,(#1162,#1169),.PCURVE_S1.);
#1158 = LINE('',#1159,#1160);
#1159 = CARTESIAN_POINT('',(32.2,48.5,31.));
#1160 = VECTOR('',#1161,1.);
#1161 = DIRECTION('',(0.,-1.,0.));
#1162 = PCURVE('',#309,#1163);
#1163 = DEFINITIONAL_REPRESENTATION('',(#1164),#1168);
#1164 = LINE('',#1165,#1166);
#1165 = CARTESIAN_POINT('',(1.8,0.));
#1166 = VECTOR('',#1167,1.);
#1167 = DIRECTION('',(0.,-1.));
#1168 = ( GEOMETRIC_REPRESENTATION_CONTEXT(2) 
PARAMETRIC_REPRESENTATION_CONTEXT() REPRESENTATION_CONTEXT('2D SPACE',''
  ) );
#1169 = PCURVE('',#654,#1170);
#1170 = DEFINITIONAL_REPRESENTATION('',(#1171),#1175);
#1171 = LINE('',#1172,#1173);
#1172 = CARTESIAN_POINT('',(-0.,0.));
#1173 = VECTOR('',#1174,1.);
#1174 = DIRECTION('',(-0.,1.));
#1175 = ( GEOMETRIC_REPRESENTATION_CONTEXT(2) 
PARAMETRIC_REPRESENTATION_CONTEXT() REPRESENTATION_CONTEXT('2D SPACE',''
  ) );
#1176 = ORIENTED_EDGE('',*,*,#777,.T.);
#1177 = ORIENTED_EDGE('',*,*,#670,.F.);
#1178 = ADVANCED_FACE('',(#1179),#654,.T.);
#1179 = FACE_BOUND('',#1180,.F.);
#1180 = EDGE_LOOP('',(#1181,#1182,#1203,#1204));
#1181 = ORIENTED_EDGE('',*,*,#635,.T.);
#1182 = ORIENTED_EDGE('',*,*,#1183,.T.);
#1183 = EDGE_CURVE('',#608,#995,#1184,.T.);
#1184 = SURFACE_CURVE('',#1185,(#1189,#1196),.PCURVE_S1.);
#1185 = LINE('',#1186,#1187);
#1186 = CARTESIAN_POINT('',(34.,48.5,29.2));
#1187 = VECTOR('',#1188,1.);
#1188 = DIRECTION('',(0.,-1.,0.));
#1189 = PCURVE('',#654,#1190);
#1190 = DEFINITIONAL_REPRESENTATION('',(#1191),#1195);
#1191 = LINE('',#1192,#1193);
#1192 = CARTESIAN_POINT('',(-1.570796326795,0.));
#1193 = VECTOR('',#1194,1.);
#1194 = DIRECTION('',(-0.,1.));
#1195 = ( GEOMETRIC_REPRESENTATION_CONTEXT(2) 
PARAMETRIC_REPRESENTATION_CONTEXT() REPRESENTATION_CONTEXT('2D SPACE',''
  ) );
#1196 = PCURVE('',#623,#1197);
#1197 = DEFINITIONAL_REPRESENTATION('',(#1198),#1202);
#1198 = LINE('',#1199,#1200);
#1199 = CARTESIAN_POINT('',(29.2,0.));
#1200 = VECTOR('',#1201,1.);
#1201 = DIRECTION('',(0.,-1.));
#1202 = ( GEOMETRIC_REPRESENTATION_CONTEXT(2) 
PARAMETRIC_REPRESENTATION_CONTEXT() REPRESENTATION_CONTEXT('2D SPACE',''
  ) );
#1203 = ORIENTED_EDGE('',*,*,#1017,.F.);
#1204 = ORIENTED_EDGE('',*,*,#1156,.F.);
#1205 = ADVANCED_FACE('',(#1206),#623,.F.);
#1206 = FACE_BOUND('',#1207,.F.);
#1207 = EDGE_LOOP('',(#1208,#1209,#1230,#1231));
#1208 = ORIENTED_EDGE('',*,*,#607,.F.);
#1209 = ORIENTED_EDGE('',*,*,#1210,.T.);
#1210 = EDGE_CURVE('',#575,#967,#1211,.T.);
#1211 = SURFACE_CURVE('',#1212,(#1216,#1223),.PCURVE_S1.);
#1212 = LINE('',#1213,#1214);
#1213 = CARTESIAN_POINT('',(34.,48.5,27.8));
#1214 = VECTOR('',#1215,1.);
#1215 = DIRECTION('',(0.,-1.,0.));
#1216 = PCURVE('',#623,#1217);
#1217 = DEFINITIONAL_REPRESENTATION('',(#1218),#1222);
#1218 = LINE('',#1219,#1220);
#1219 = CARTESIAN_POINT('',(27.8,0.));
#1220 = VECTOR('',#1221,1.);
#1221 = DIRECTION('',(0.,-1.));
#1222 = ( GEOMETRIC_REPRESENTATION_CONTEXT(2) 
PARAMETRIC_REPRESENTATION_CONTEXT() REPRESENTATION_CONTEXT('2D SPACE',''
  ) );
#1223 = PCURVE('',#595,#1224);
#1224 = DEFINITIONAL_REPRESENTATION('',(#1225),#1229);
#1225 = LINE('',#1226,#1227);
#1226 = CARTESIAN_POINT('',(-0.,0.));
#1227 = VECTOR('',#1228,1.);
#1228 = DIRECTION('',(-0.,1.));
#1229 = ( GEOMETRIC_REPRESENTATION_CONTEXT(2) 
PARAMETRIC_REPRESENTATION_CONTEXT() REPRESENTATION_CONTEXT('2D SPACE',''
  ) );
#1230 = ORIENTED_EDGE('',*,*,#994,.T.);
#1231 = ORIENTED_EDGE('',*,*,#1183,.F.);
#1232 = ADVANCED_FACE('',(#1233),#595,.T.);
#1233 = FACE_BOUND('',#1234,.F.);
#1234 = EDGE_LOOP('',(#1235,#1236,#1257,#1258));
#1235 = ORIENTED_EDGE('',*,*,#574,.T.);
#1236 = ORIENTED_EDGE('',*,*,#1237,.T.);
#1237 = EDGE_CURVE('',#547,#944,#1238,.T.);
#1238 = SURFACE_CURVE('',#1239,(#1243,#1250),.PCURVE_S1.);
#1239 = LINE('',#1240,#1241);
#1240 = CARTESIAN_POINT('',(32.2,48.5,26.));
#1241 = VECTOR('',#1242,1.);
#1242 = DIRECTION('',(0.,-1.,0.));
#1243 = PCURVE('',#595,#1244);
#1244 = DEFINITIONAL_REPRESENTATION('',(#1245),#1249);
#1245 = LINE('',#1246,#1247);
#1246 = CARTESIAN_POINT('',(-1.570796326795,0.));
#1247 = VECTOR('',#1248,1.);
#1248 = DIRECTION('',(-0.,1.));
#1249 = ( GEOMETRIC_REPRESENTATION_CONTEXT(2) 
PARAMETRIC_REPRESENTATION_CONTEXT() REPRESENTATION_CONTEXT('2D SPACE',''
  ) );
#1250 = PCURVE('',#562,#1251);
#1251 = DEFINITIONAL_REPRESENTATION('',(#1252),#1256);
#1252 = LINE('',#1253,#1254);
#1253 = CARTESIAN_POINT('',(6.8,0.));
#1254 = VECTOR('',#1255,1.);
#1255 = DIRECTION('',(0.,-1.));
#1256 = ( GEOMETRIC_REPRESENTATION_CONTEXT(2) 
PARAMETRIC_REPRESENTATION_CONTEXT() REPRESENTATION_CONTEXT('2D SPACE',''
  ) );
#1257 = ORIENTED_EDGE('',*,*,#966,.F.);
#1258 = ORIENTED_EDGE('',*,*,#1210,.F.);
#1259 = ADVANCED_FACE('',(#1260),#562,.T.);
#1260 = FACE_BOUND('',#1261,.T.);
#1261 = EDGE_LOOP('',(#1262,#1263,#1264,#1265,#1288,#1314,#1340,#1366,
    #1392,#1418,#1446,#1472));
#1262 = ORIENTED_EDGE('',*,*,#546,.F.);
#1263 = ORIENTED_EDGE('',*,*,#1237,.T.);
#1264 = ORIENTED_EDGE('',*,*,#943,.T.);
#1265 = ORIENTED_EDGE('',*,*,#1266,.F.);
#1266 = EDGE_CURVE('',#1267,#921,#1269,.T.);
#1267 = VERTEX_POINT('',#1268);
#1268 = CARTESIAN_POINT('',(5.,22.16,26.));
#1269 = SURFACE_CURVE('',#1270,(#1274,#1281),.PCURVE_S1.);
#1270 = LINE('',#1271,#1272);
#1271 = CARTESIAN_POINT('',(5.,48.5,26.));
#1272 = VECTOR('',#1273,1.);
#1273 = DIRECTION('',(0.,-1.,0.));
#1274 = PCURVE('',#562,#1275);
#1275 = DEFINITIONAL_REPRESENTATION('',(#1276),#1280);
#1276 = LINE('',#1277,#1278);
#1277 = CARTESIAN_POINT('',(34.,0.));
#1278 = VECTOR('',#1279,1.);
#1279 = DIRECTION('',(0.,-1.));
#1280 = ( GEOMETRIC_REPRESENTATION_CONTEXT(2) 
PARAMETRIC_REPRESENTATION_CONTEXT() REPRESENTATION_CONTEXT('2D SPACE',''
  ) );
#1281 = PCURVE('',#534,#1282);
#1282 = DEFINITIONAL_REPRESENTATION('',(#1283),#1287);
#1283 = LINE('',#1284,#1285);
#1284 = CARTESIAN_POINT('',(0.,0.));
#1285 = VECTOR('',#1286,1.);
#1286 = DIRECTION('',(0.,-1.));
#1287 = ( GEOMETRIC_REPRESENTATION_CONTEXT(2) 
PARAMETRIC_REPRESENTATION_CONTEXT() REPRESENTATION_CONTEXT('2D SPACE',''
  ) );
#1288 = ORIENTED_EDGE('',*,*,#1289,.F.);
#1289 = EDGE_CURVE('',#1290,#1267,#1292,.T.);
#1290 = VERTEX_POINT('',#1291);
#1291 = CARTESIAN_POINT('',(7.,22.16,26.));
#1292 = SURFACE_CURVE('',#1293,(#1297,#1303),.PCURVE_S1.);
#1293 = LINE('',#1294,#1295);
#1294 = CARTESIAN_POINT('',(22.,22.16,26.));
#1295 = VECTOR('',#1296,1.);
#1296 = DIRECTION('',(-1.,0.,0.));
#1297 = PCURVE('',#562,#1298);
#1298 = DEFINITIONAL_REPRESENTATION('',(#1299),#1302);
#1299 = B_SPLINE_CURVE_WITH_KNOTS('',1,(#1300,#1301),.UNSPECIFIED.,.F.,
  .F.,(2,2),(14.,17.),.PIECEWISE_BEZIER_KNOTS.);
#1300 = CARTESIAN_POINT('',(31.,-26.34));
#1301 = CARTESIAN_POINT('',(34.,-26.34));
#1302 = ( GEOMETRIC_REPRESENTATION_CONTEXT(2) 
PARAMETRIC_REPRESENTATION_CONTEXT() REPRESENTATION_CONTEXT('2D SPACE',''
  ) );
#1303 = PCURVE('',#1304,#1309);
#1304 = PLANE('',#1305);
#1305 = AXIS2_PLACEMENT_3D('',#1306,#1307,#1308);
#1306 = CARTESIAN_POINT('',(5.,22.16,26.));
#1307 = DIRECTION('',(-0.,-1.,-0.));
#1308 = DIRECTION('',(0.,0.,-1.));
#1309 = DEFINITIONAL_REPRESENTATION('',(#1310),#1313);
#1310 = B_SPLINE_CURVE_WITH_KNOTS('',1,(#1311,#1312),.UNSPECIFIED.,.F.,
  .F.,(2,2),(14.,17.),.PIECEWISE_BEZIER_KNOTS.);
#1311 = CARTESIAN_POINT('',(0.,3.));
#1312 = CARTESIAN_POINT('',(0.,0.));
#1313 = ( GEOMETRIC_REPRESENTATION_CONTEXT(2) 
PARAMETRIC_REPRESENTATION_CONTEXT() REPRESENTATION_CONTEXT('2D SPACE',''
  ) );
#1314 = ORIENTED_EDGE('',*,*,#1315,.T.);
#1315 = EDGE_CURVE('',#1290,#1316,#1318,.T.);
#1316 = VERTEX_POINT('',#1317);
#1317 = CARTESIAN_POINT('',(7.,-29.1,26.));
#1318 = SURFACE_CURVE('',#1319,(#1323,#1329),.PCURVE_S1.);
#1319 = LINE('',#1320,#1321);
#1320 = CARTESIAN_POINT('',(7.,38.8,26.));
#1321 = VECTOR('',#1322,1.);
#1322 = DIRECTION('',(0.,-1.,0.));
#1323 = PCURVE('',#562,#1324);
#1324 = DEFINITIONAL_REPRESENTATION('',(#1325),#1328);
#1325 = B_SPLINE_CURVE_WITH_KNOTS('',1,(#1326,#1327),.UNSPECIFIED.,.F.,
  .F.,(2,2),(9.7,67.9),.PIECEWISE_BEZIER_KNOTS.);
#1326 = CARTESIAN_POINT('',(32.,-19.4));
#1327 = CARTESIAN_POINT('',(32.,-77.6));
#1328 = ( GEOMETRIC_REPRESENTATION_CONTEXT(2) 
PARAMETRIC_REPRESENTATION_CONTEXT() REPRESENTATION_CONTEXT('2D SPACE',''
  ) );
#1329 = PCURVE('',#1330,#1335);
#1330 = PLANE('',#1331);
#1331 = AXIS2_PLACEMENT_3D('',#1332,#1333,#1334);
#1332 = CARTESIAN_POINT('',(7.,29.1,26.5));
#1333 = DIRECTION('',(1.,0.,0.));
#1334 = DIRECTION('',(0.,0.,-1.));
#1335 = DEFINITIONAL_REPRESENTATION('',(#1336),#1339);
#1336 = B_SPLINE_CURVE_WITH_KNOTS('',1,(#1337,#1338),.UNSPECIFIED.,.F.,
  .F.,(2,2),(9.7,67.9),.PIECEWISE_BEZIER_KNOTS.);
#1337 = CARTESIAN_POINT('',(0.5,0.));
#1338 = CARTESIAN_POINT('',(0.5,-58.2));
#1339 = ( GEOMETRIC_REPRESENTATION_CONTEXT(2) 
PARAMETRIC_REPRESENTATION_CONTEXT() REPRESENTATION_CONTEXT('2D SPACE',''
  ) );
#1340 = ORIENTED_EDGE('',*,*,#1341,.F.);
#1341 = EDGE_CURVE('',#1342,#1316,#1344,.T.);
#1342 = VERTEX_POINT('',#1343);
#1343 = CARTESIAN_POINT('',(32.,-29.1,26.));
#1344 = SURFACE_CURVE('',#1345,(#1349,#1355),.PCURVE_S1.);
#1345 = LINE('',#1346,#1347);
#1346 = CARTESIAN_POINT('',(29.25,-29.1,26.));
#1347 = VECTOR('',#1348,1.);
#1348 = DIRECTION('',(-1.,0.,0.));
#1349 = PCURVE('',#562,#1350);
#1350 = DEFINITIONAL_REPRESENTATION('',(#1351),#1354);
#1351 = B_SPLINE_CURVE_WITH_KNOTS('',1,(#1352,#1353),.UNSPECIFIED.,.F.,
  .F.,(2,2),(-2.75,22.25),.PIECEWISE_BEZIER_KNOTS.);
#1352 = CARTESIAN_POINT('',(7.,-77.6));
#1353 = CARTESIAN_POINT('',(32.,-77.6));
#1354 = ( GEOMETRIC_REPRESENTATION_CONTEXT(2) 
PARAMETRIC_REPRESENTATION_CONTEXT() REPRESENTATION_CONTEXT('2D SPACE',''
  ) );
#1355 = PCURVE('',#1356,#1361);
#1356 = PLANE('',#1357);
#1357 = AXIS2_PLACEMENT_3D('',#1358,#1359,#1360);
#1358 = CARTESIAN_POINT('',(19.5,-29.1,26.));
#1359 = DIRECTION('',(-0.,-1.,-0.));
#1360 = DIRECTION('',(0.,0.,-1.));
#1361 = DEFINITIONAL_REPRESENTATION('',(#1362),#1365);
#1362 = B_SPLINE_CURVE_WITH_KNOTS('',1,(#1363,#1364),.UNSPECIFIED.,.F.,
  .F.,(2,2),(-2.75,22.25),.PIECEWISE_BEZIER_KNOTS.);
#1363 = CARTESIAN_POINT('',(0.,12.5));
#1364 = CARTESIAN_POINT('',(0.,-12.5));
#1365 = ( GEOMETRIC_REPRESENTATION_CONTEXT(2) 
PARAMETRIC_REPRESENTATION_CONTEXT() REPRESENTATION_CONTEXT('2D SPACE',''
  ) );
#1366 = ORIENTED_EDGE('',*,*,#1367,.T.);
#1367 = EDGE_CURVE('',#1342,#1368,#1370,.T.);
#1368 = VERTEX_POINT('',#1369);
#1369 = CARTESIAN_POINT('',(32.,29.1,26.));
#1370 = SURFACE_CURVE('',#1371,(#1375,#1381),.PCURVE_S1.);
#1371 = LINE('',#1372,#1373);
#1372 = CARTESIAN_POINT('',(32.,38.8,26.));
#1373 = VECTOR('',#1374,1.);
#1374 = DIRECTION('',(0.,1.,-0.));
#1375 = PCURVE('',#562,#1376);
#1376 = DEFINITIONAL_REPRESENTATION('',(#1377),#1380);
#1377 = B_SPLINE_CURVE_WITH_KNOTS('',1,(#1378,#1379),.UNSPECIFIED.,.F.,
  .F.,(2,2),(-67.9,-9.7),.PIECEWISE_BEZIER_KNOTS.);
#1378 = CARTESIAN_POINT('',(7.,-77.6));
#1379 = CARTESIAN_POINT('',(7.,-19.4));
#1380 = ( GEOMETRIC_REPRESENTATION_CONTEXT(2) 
PARAMETRIC_REPRESENTATION_CONTEXT() REPRESENTATION_CONTEXT('2D SPACE',''
  ) );
#1381 = PCURVE('',#1382,#1387);
#1382 = PLANE('',#1383);
#1383 = AXIS2_PLACEMENT_3D('',#1384,#1385,#1386);
#1384 = CARTESIAN_POINT('',(32.,29.1,25.5));
#1385 = DIRECTION('',(-1.,0.,0.));
#1386 = DIRECTION('',(0.,0.,1.));
#1387 = DEFINITIONAL_REPRESENTATION('',(#1388),#1391);
#1388 = B_SPLINE_CURVE_WITH_KNOTS('',1,(#1389,#1390),.UNSPECIFIED.,.F.,
  .F.,(2,2),(-67.9,-9.7),.PIECEWISE_BEZIER_KNOTS.);
#1389 = CARTESIAN_POINT('',(0.5,-58.2));
#1390 = CARTESIAN_POINT('',(0.5,0.));
#1391 = ( GEOMETRIC_REPRESENTATION_CONTEXT(2) 
PARAMETRIC_REPRESENTATION_CONTEXT() REPRESENTATION_CONTEXT('2D SPACE',''
  ) );
#1392 = ORIENTED_EDGE('',*,*,#1393,.T.);
#1393 = EDGE_CURVE('',#1368,#1394,#1396,.T.);
#1394 = VERTEX_POINT('',#1395);
#1395 = CARTESIAN_POINT('',(8.,29.1,26.));
#1396 = SURFACE_CURVE('',#1397,(#1401,#1407),.PCURVE_S1.);
#1397 = LINE('',#1398,#1399);
#1398 = CARTESIAN_POINT('',(29.25,29.1,26.));
#1399 = VECTOR('',#1400,1.);
#1400 = DIRECTION('',(-1.,0.,0.));
#1401 = PCURVE('',#562,#1402);
#1402 = DEFINITIONAL_REPRESENTATION('',(#1403),#1406);
#1403 = B_SPLINE_CURVE_WITH_KNOTS('',1,(#1404,#1405),.UNSPECIFIED.,.F.,
  .F.,(2,2),(-2.75,22.25),.PIECEWISE_BEZIER_KNOTS.);
#1404 = CARTESIAN_POINT('',(7.,-19.4));
#1405 = CARTESIAN_POINT('',(32.,-19.4));
#1406 = ( GEOMETRIC_REPRESENTATION_CONTEXT(2) 
PARAMETRIC_REPRESENTATION_CONTEXT() REPRESENTATION_CONTEXT('2D SPACE',''
  ) );
#1407 = PCURVE('',#1408,#1413);
#1408 = PLANE('',#1409);
#1409 = AXIS2_PLACEMENT_3D('',#1410,#1411,#1412);
#1410 = CARTESIAN_POINT('',(19.5,29.1,26.));
#1411 = DIRECTION('',(-0.,-1.,-0.));
#1412 = DIRECTION('',(0.,0.,-1.));
#1413 = DEFINITIONAL_REPRESENTATION('',(#1414),#1417);
#1414 = B_SPLINE_CURVE_WITH_KNOTS('',1,(#1415,#1416),.UNSPECIFIED.,.F.,
  .F.,(2,2),(-2.75,22.25),.PIECEWISE_BEZIER_KNOTS.);
#1415 = CARTESIAN_POINT('',(0.,12.5));
#1416 = CARTESIAN_POINT('',(0.,-12.5));
#1417 = ( GEOMETRIC_REPRESENTATION_CONTEXT(2) 
PARAMETRIC_REPRESENTATION_CONTEXT() REPRESENTATION_CONTEXT('2D SPACE',''
  ) );
#1418 = ORIENTED_EDGE('',*,*,#1419,.F.);
#1419 = EDGE_CURVE('',#1420,#1394,#1422,.T.);
#1420 = VERTEX_POINT('',#1421);
#1421 = CARTESIAN_POINT('',(8.,32.16,26.));
#1422 = SURFACE_CURVE('',#1423,(#1427,#1434),.PCURVE_S1.);
#1423 = LINE('',#1424,#1425);
#1424 = CARTESIAN_POINT('',(8.,32.16,26.));
#1425 = VECTOR('',#1426,1.);
#1426 = DIRECTION('',(0.,-1.,0.));
#1427 = PCURVE('',#562,#1428);
#1428 = DEFINITIONAL_REPRESENTATION('',(#1429),#1433);
#1429 = LINE('',#1430,#1431);
#1430 = CARTESIAN_POINT('',(31.,-16.34));
#1431 = VECTOR('',#1432,1.);
#1432 = DIRECTION('',(0.,-1.));
#1433 = ( GEOMETRIC_REPRESENTATION_CONTEXT(2) 
PARAMETRIC_REPRESENTATION_CONTEXT() REPRESENTATION_CONTEXT('2D SPACE',''
  ) );
#1434 = PCURVE('',#1435,#1440);
#1435 = CYLINDRICAL_SURFACE('',#1436,3.);
#1436 = AXIS2_PLACEMENT_3D('',#1437,#1438,#1439);
#1437 = CARTESIAN_POINT('',(5.,32.16,26.));
#1438 = DIRECTION('',(-0.,1.,-0.));
#1439 = DIRECTION('',(1.,0.,0.));
#1440 = DEFINITIONAL_REPRESENTATION('',(#1441),#1445);
#1441 = LINE('',#1442,#1443);
#1442 = CARTESIAN_POINT('',(-0.,0.));
#1443 = VECTOR('',#1444,1.);
#1444 = DIRECTION('',(-0.,-1.));
#1445 = ( GEOMETRIC_REPRESENTATION_CONTEXT(2) 
PARAMETRIC_REPRESENTATION_CONTEXT() REPRESENTATION_CONTEXT('2D SPACE',''
  ) );
#1446 = ORIENTED_EDGE('',*,*,#1447,.T.);
#1447 = EDGE_CURVE('',#1420,#1448,#1450,.T.);
#1448 = VERTEX_POINT('',#1449);
#1449 = CARTESIAN_POINT('',(5.,32.16,26.));
#1450 = SURFACE_CURVE('',#1451,(#1455,#1461),.PCURVE_S1.);
#1451 = LINE('',#1452,#1453);
#1452 = CARTESIAN_POINT('',(22.,32.16,26.));
#1453 = VECTOR('',#1454,1.);
#1454 = DIRECTION('',(-1.,0.,0.));
#1455 = PCURVE('',#562,#1456);
#1456 = DEFINITIONAL_REPRESENTATION('',(#1457),#1460);
#1457 = B_SPLINE_CURVE_WITH_KNOTS('',1,(#1458,#1459),.UNSPECIFIED.,.F.,
  .F.,(2,2),(14.,17.),.PIECEWISE_BEZIER_KNOTS.);
#1458 = CARTESIAN_POINT('',(31.,-16.34));
#1459 = CARTESIAN_POINT('',(34.,-16.34));
#1460 = ( GEOMETRIC_REPRESENTATION_CONTEXT(2) 
PARAMETRIC_REPRESENTATION_CONTEXT() REPRESENTATION_CONTEXT('2D SPACE',''
  ) );
#1461 = PCURVE('',#1462,#1467);
#1462 = PLANE('',#1463);
#1463 = AXIS2_PLACEMENT_3D('',#1464,#1465,#1466);
#1464 = CARTESIAN_POINT('',(5.,32.16,26.));
#1465 = DIRECTION('',(-0.,-1.,-0.));
#1466 = DIRECTION('',(0.,0.,-1.));
#1467 = DEFINITIONAL_REPRESENTATION('',(#1468),#1471);
#1468 = B_SPLINE_CURVE_WITH_KNOTS('',1,(#1469,#1470),.UNSPECIFIED.,.F.,
  .F.,(2,2),(14.,17.),.PIECEWISE_BEZIER_KNOTS.);
#1469 = CARTESIAN_POINT('',(0.,3.));
#1470 = CARTESIAN_POINT('',(0.,0.));
#1471 = ( GEOMETRIC_REPRESENTATION_CONTEXT(2) 
PARAMETRIC_REPRESENTATION_CONTEXT() REPRESENTATION_CONTEXT('2D SPACE',''
  ) );
#1472 = ORIENTED_EDGE('',*,*,#1473,.F.);
#1473 = EDGE_CURVE('',#519,#1448,#1474,.T.);
#1474 = SURFACE_CURVE('',#1475,(#1479,#1486),.PCURVE_S1.);
#1475 = LINE('',#1476,#1477);
#1476 = CARTESIAN_POINT('',(5.,48.5,26.));
#1477 = VECTOR('',#1478,1.);
#1478 = DIRECTION('',(0.,-1.,0.));
#1479 = PCURVE('',#562,#1480);
#1480 = DEFINITIONAL_REPRESENTATION('',(#1481),#1485);
#1481 = LINE('',#1482,#1483);
#1482 = CARTESIAN_POINT('',(34.,0.));
#1483 = VECTOR('',#1484,1.);
#1484 = DIRECTION('',(0.,-1.));
#1485 = ( GEOMETRIC_REPRESENTATION_CONTEXT(2) 
PARAMETRIC_REPRESENTATION_CONTEXT() REPRESENTATION_CONTEXT('2D SPACE',''
  ) );
#1486 = PCURVE('',#534,#1487);
#1487 = DEFINITIONAL_REPRESENTATION('',(#1488),#1492);
#1488 = LINE('',#1489,#1490);
#1489 = CARTESIAN_POINT('',(0.,0.));
#1490 = VECTOR('',#1491,1.);
#1491 = DIRECTION('',(0.,-1.));
#1492 = ( GEOMETRIC_REPRESENTATION_CONTEXT(2) 
PARAMETRIC_REPRESENTATION_CONTEXT() REPRESENTATION_CONTEXT('2D SPACE',''
  ) );
#1493 = ADVANCED_FACE('',(#1494),#392,.F.);
#1494 = FACE_BOUND('',#1495,.F.);
#1495 = EDGE_LOOP('',(#1496,#1497,#1498,#1499));
#1496 = ORIENTED_EDGE('',*,*,#376,.F.);
#1497 = ORIENTED_EDGE('',*,*,#753,.T.);
#1498 = ORIENTED_EDGE('',*,*,#803,.T.);
#1499 = ORIENTED_EDGE('',*,*,#1500,.F.);
#1500 = EDGE_CURVE('',#377,#804,#1501,.T.);
#1501 = SURFACE_CURVE('',#1502,(#1506,#1513),.PCURVE_S1.);
#1502 = LINE('',#1503,#1504);
#1503 = CARTESIAN_POINT('',(32.2,48.5,-4.440892098501E-16));
#1504 = VECTOR('',#1505,1.);
#1505 = DIRECTION('',(0.,-1.,0.));
#1506 = PCURVE('',#392,#1507);
#1507 = DEFINITIONAL_REPRESENTATION('',(#1508),#1512);
#1508 = LINE('',#1509,#1510);
#1509 = CARTESIAN_POINT('',(32.2,0.));
#1510 = VECTOR('',#1511,1.);
#1511 = DIRECTION('',(0.,-1.));
#1512 = ( GEOMETRIC_REPRESENTATION_CONTEXT(2) 
PARAMETRIC_REPRESENTATION_CONTEXT() REPRESENTATION_CONTEXT('2D SPACE',''
  ) );
#1513 = PCURVE('',#421,#1514);
#1514 = DEFINITIONAL_REPRESENTATION('',(#1515),#1519);
#1515 = LINE('',#1516,#1517);
#1516 = CARTESIAN_POINT('',(0.,0.));
#1517 = VECTOR('',#1518,1.);
#1518 = DIRECTION('',(0.,1.));
#1519 = ( GEOMETRIC_REPRESENTATION_CONTEXT(2) 
PARAMETRIC_REPRESENTATION_CONTEXT() REPRESENTATION_CONTEXT('2D SPACE',''
  ) );
#1520 = ADVANCED_FACE('',(#1521),#534,.T.);
#1521 = FACE_BOUND('',#1522,.T.);
#1522 = EDGE_LOOP('',(#1523,#1524,#1525,#1546,#1567,#1586,#1587,#1588));
#1523 = ORIENTED_EDGE('',*,*,#518,.F.);
#1524 = ORIENTED_EDGE('',*,*,#1473,.T.);
#1525 = ORIENTED_EDGE('',*,*,#1526,.T.);
#1526 = EDGE_CURVE('',#1448,#1527,#1529,.T.);
#1527 = VERTEX_POINT('',#1528);
#1528 = CARTESIAN_POINT('',(5.,32.16,23.));
#1529 = SURFACE_CURVE('',#1530,(#1534,#1540),.PCURVE_S1.);
#1530 = LINE('',#1531,#1532);
#1531 = CARTESIAN_POINT('',(5.,32.16,26.));
#1532 = VECTOR('',#1533,1.);
#1533 = DIRECTION('',(0.,0.,-1.));
#1534 = PCURVE('',#534,#1535);
#1535 = DEFINITIONAL_REPRESENTATION('',(#1536),#1539);
#1536 = B_SPLINE_CURVE_WITH_KNOTS('',1,(#1537,#1538),.UNSPECIFIED.,.F.,
  .F.,(2,2),(0.,3.),.PIECEWISE_BEZIER_KNOTS.);
#1537 = CARTESIAN_POINT('',(0.,-16.34));
#1538 = CARTESIAN_POINT('',(3.,-16.34));
#1539 = ( GEOMETRIC_REPRESENTATION_CONTEXT(2) 
PARAMETRIC_REPRESENTATION_CONTEXT() REPRESENTATION_CONTEXT('2D SPACE',''
  ) );
#1540 = PCURVE('',#1462,#1541);
#1541 = DEFINITIONAL_REPRESENTATION('',(#1542),#1545);
#1542 = B_SPLINE_CURVE_WITH_KNOTS('',1,(#1543,#1544),.UNSPECIFIED.,.F.,
  .F.,(2,2),(0.,3.),.PIECEWISE_BEZIER_KNOTS.);
#1543 = CARTESIAN_POINT('',(0.,0.));
#1544 = CARTESIAN_POINT('',(3.,0.));
#1545 = ( GEOMETRIC_REPRESENTATION_CONTEXT(2) 
PARAMETRIC_REPRESENTATION_CONTEXT() REPRESENTATION_CONTEXT('2D SPACE',''
  ) );
#1546 = ORIENTED_EDGE('',*,*,#1547,.F.);
#1547 = EDGE_CURVE('',#1548,#1527,#1550,.T.);
#1548 = VERTEX_POINT('',#1549);
#1549 = CARTESIAN_POINT('',(5.,22.16,23.));
#1550 = SURFACE_CURVE('',#1551,(#1555,#1561),.PCURVE_S1.);
#1551 = LINE('',#1552,#1553);
#1552 = CARTESIAN_POINT('',(5.,32.16,23.));
#1553 = VECTOR('',#1554,1.);
#1554 = DIRECTION('',(-0.,1.,-0.));
#1555 = PCURVE('',#534,#1556);
#1556 = DEFINITIONAL_REPRESENTATION('',(#1557),#1560);
#1557 = B_SPLINE_CURVE_WITH_KNOTS('',1,(#1558,#1559),.UNSPECIFIED.,.F.,
  .F.,(2,2),(-10.0000006,5.999999999062E-07),.PIECEWISE_BEZIER_KNOTS.);
#1558 = CARTESIAN_POINT('',(3.,-26.3400006));
#1559 = CARTESIAN_POINT('',(3.,-16.3399994));
#1560 = ( GEOMETRIC_REPRESENTATION_CONTEXT(2) 
PARAMETRIC_REPRESENTATION_CONTEXT() REPRESENTATION_CONTEXT('2D SPACE',''
  ) );
#1561 = PCURVE('',#1435,#1562);
#1562 = DEFINITIONAL_REPRESENTATION('',(#1563),#1566);
#1563 = B_SPLINE_CURVE_WITH_KNOTS('',1,(#1564,#1565),.UNSPECIFIED.,.F.,
  .F.,(2,2),(-10.0000006,5.999999999062E-07),.PIECEWISE_BEZIER_KNOTS.);
#1564 = CARTESIAN_POINT('',(-4.712388980385,-10.0000006));
#1565 = CARTESIAN_POINT('',(-4.712388980385,5.999999999062E-07));
#1566 = ( GEOMETRIC_REPRESENTATION_CONTEXT(2) 
PARAMETRIC_REPRESENTATION_CONTEXT() REPRESENTATION_CONTEXT('2D SPACE',''
  ) );
#1567 = ORIENTED_EDGE('',*,*,#1568,.F.);
#1568 = EDGE_CURVE('',#1267,#1548,#1569,.T.);
#1569 = SURFACE_CURVE('',#1570,(#1574,#1580),.PCURVE_S1.);
#1570 = LINE('',#1571,#1572);
#1571 = CARTESIAN_POINT('',(5.,22.16,26.));
#1572 = VECTOR('',#1573,1.);
#1573 = DIRECTION('',(0.,0.,-1.));
#1574 = PCURVE('',#534,#1575);
#1575 = DEFINITIONAL_REPRESENTATION('',(#1576),#1579);
#1576 = B_SPLINE_CURVE_WITH_KNOTS('',1,(#1577,#1578),.UNSPECIFIED.,.F.,
  .F.,(2,2),(0.,3.),.PIECEWISE_BEZIER_KNOTS.);
#1577 = CARTESIAN_POINT('',(0.,-26.34));
#1578 = CARTESIAN_POINT('',(3.,-26.34));
#1579 = ( GEOMETRIC_REPRESENTATION_CONTEXT(2) 
PARAMETRIC_REPRESENTATION_CONTEXT() REPRESENTATION_CONTEXT('2D SPACE',''
  ) );
#1580 = PCURVE('',#1304,#1581);
#1581 = DEFINITIONAL_REPRESENTATION('',(#1582),#1585);
#1582 = B_SPLINE_CURVE_WITH_KNOTS('',1,(#1583,#1584),.UNSPECIFIED.,.F.,
  .F.,(2,2),(0.,3.),.PIECEWISE_BEZIER_KNOTS.);
#1583 = CARTESIAN_POINT('',(0.,0.));
#1584 = CARTESIAN_POINT('',(3.,0.));
#1585 = ( GEOMETRIC_REPRESENTATION_CONTEXT(2) 
PARAMETRIC_REPRESENTATION_CONTEXT() REPRESENTATION_CONTEXT('2D SPACE',''
  ) );
#1586 = ORIENTED_EDGE('',*,*,#1266,.T.);
#1587 = ORIENTED_EDGE('',*,*,#920,.T.);
#1588 = ORIENTED_EDGE('',*,*,#1589,.F.);
#1589 = EDGE_CURVE('',#491,#898,#1590,.T.);
#1590 = SURFACE_CURVE('',#1591,(#1595,#1602),.PCURVE_S1.);
#1591 = LINE('',#1592,#1593);
#1592 = CARTESIAN_POINT('',(5.,48.5,5.));
#1593 = VECTOR('',#1594,1.);
#1594 = DIRECTION('',(0.,-1.,0.));
#1595 = PCURVE('',#534,#1596);
#1596 = DEFINITIONAL_REPRESENTATION('',(#1597),#1601);
#1597 = LINE('',#1598,#1599);
#1598 = CARTESIAN_POINT('',(21.,0.));
#1599 = VECTOR('',#1600,1.);
#1600 = DIRECTION('',(0.,-1.));
#1601 = ( GEOMETRIC_REPRESENTATION_CONTEXT(2) 
PARAMETRIC_REPRESENTATION_CONTEXT() REPRESENTATION_CONTEXT('2D SPACE',''
  ) );
#1602 = PCURVE('',#506,#1603);
#1603 = DEFINITIONAL_REPRESENTATION('',(#1604),#1608);
#1604 = LINE('',#1605,#1606);
#1605 = CARTESIAN_POINT('',(0.,0.));
#1606 = VECTOR('',#1607,1.);
#1607 = DIRECTION('',(0.,-1.));
#1608 = ( GEOMETRIC_REPRESENTATION_CONTEXT(2) 
PARAMETRIC_REPRESENTATION_CONTEXT() REPRESENTATION_CONTEXT('2D SPACE',''
  ) );
#1609 = ADVANCED_FACE('',(#1610),#421,.T.);
#1610 = FACE_BOUND('',#1611,.T.);
#1611 = EDGE_LOOP('',(#1612,#1613,#1634,#1635));
#1612 = ORIENTED_EDGE('',*,*,#404,.T.);
#1613 = ORIENTED_EDGE('',*,*,#1614,.T.);
#1614 = EDGE_CURVE('',#405,#827,#1615,.T.);
#1615 = SURFACE_CURVE('',#1616,(#1620,#1627),.PCURVE_S1.);
#1616 = LINE('',#1617,#1618);
#1617 = CARTESIAN_POINT('',(34.,48.5,1.8));
#1618 = VECTOR('',#1619,1.);
#1619 = DIRECTION('',(0.,-1.,0.));
#1620 = PCURVE('',#421,#1621);
#1621 = DEFINITIONAL_REPRESENTATION('',(#1622),#1626);
#1622 = LINE('',#1623,#1624);
#1623 = CARTESIAN_POINT('',(1.570796326795,0.));
#1624 = VECTOR('',#1625,1.);
#1625 = DIRECTION('',(0.,1.));
#1626 = ( GEOMETRIC_REPRESENTATION_CONTEXT(2) 
PARAMETRIC_REPRESENTATION_CONTEXT() REPRESENTATION_CONTEXT('2D SPACE',''
  ) );
#1627 = PCURVE('',#449,#1628);
#1628 = DEFINITIONAL_REPRESENTATION('',(#1629),#1633);
#1629 = LINE('',#1630,#1631);
#1630 = CARTESIAN_POINT('',(1.8,0.));
#1631 = VECTOR('',#1632,1.);
#1632 = DIRECTION('',(0.,-1.));
#1633 = ( GEOMETRIC_REPRESENTATION_CONTEXT(2) 
PARAMETRIC_REPRESENTATION_CONTEXT() REPRESENTATION_CONTEXT('2D SPACE',''
  ) );
#1634 = ORIENTED_EDGE('',*,*,#826,.F.);
#1635 = ORIENTED_EDGE('',*,*,#1500,.F.);
#1636 = ADVANCED_FACE('',(#1637),#506,.T.);
#1637 = FACE_BOUND('',#1638,.T.);
#1638 = EDGE_LOOP('',(#1639,#1640,#1641,#1642));
#1639 = ORIENTED_EDGE('',*,*,#490,.F.);
#1640 = ORIENTED_EDGE('',*,*,#1589,.T.);
#1641 = ORIENTED_EDGE('',*,*,#897,.T.);
#1642 = ORIENTED_EDGE('',*,*,#1643,.T.);
#1643 = EDGE_CURVE('',#874,#462,#1644,.T.);
#1644 = SURFACE_CURVE('',#1645,(#1649,#1656),.PCURVE_S1.);
#1645 = LINE('',#1646,#1647);
#1646 = CARTESIAN_POINT('',(32.2,-48.5,5.));
#1647 = VECTOR('',#1648,1.);
#1648 = DIRECTION('',(0.,1.,0.));
#1649 = PCURVE('',#506,#1650);
#1650 = DEFINITIONAL_REPRESENTATION('',(#1651),#1655);
#1651 = LINE('',#1652,#1653);
#1652 = CARTESIAN_POINT('',(27.2,-97.));
#1653 = VECTOR('',#1654,1.);
#1654 = DIRECTION('',(0.,1.));
#1655 = ( GEOMETRIC_REPRESENTATION_CONTEXT(2) 
PARAMETRIC_REPRESENTATION_CONTEXT() REPRESENTATION_CONTEXT('2D SPACE',''
  ) );
#1656 = PCURVE('',#478,#1657);
#1657 = DEFINITIONAL_REPRESENTATION('',(#1658),#1662);
#1658 = LINE('',#1659,#1660);
#1659 = CARTESIAN_POINT('',(-1.570796326795,0.));
#1660 = VECTOR('',#1661,1.);
#1661 = DIRECTION('',(-0.,1.));
#1662 = ( GEOMETRIC_REPRESENTATION_CONTEXT(2) 
PARAMETRIC_REPRESENTATION_CONTEXT() REPRESENTATION_CONTEXT('2D SPACE',''
  ) );
#1663 = ADVANCED_FACE('',(#1664),#449,.F.);
#1664 = FACE_BOUND('',#1665,.F.);
#1665 = EDGE_LOOP('',(#1666,#1667,#1668,#1669));
#1666 = ORIENTED_EDGE('',*,*,#433,.F.);
#1667 = ORIENTED_EDGE('',*,*,#1614,.T.);
#1668 = ORIENTED_EDGE('',*,*,#850,.T.);
#1669 = ORIENTED_EDGE('',*,*,#1670,.T.);
#1670 = EDGE_CURVE('',#851,#434,#1671,.T.);
#1671 = SURFACE_CURVE('',#1672,(#1676,#1683),.PCURVE_S1.);
#1672 = LINE('',#1673,#1674);
#1673 = CARTESIAN_POINT('',(34.,-48.5,3.2));
#1674 = VECTOR('',#1675,1.);
#1675 = DIRECTION('',(0.,1.,0.));
#1676 = PCURVE('',#449,#1677);
#1677 = DEFINITIONAL_REPRESENTATION('',(#1678),#1682);
#1678 = LINE('',#1679,#1680);
#1679 = CARTESIAN_POINT('',(3.2,-97.));
#1680 = VECTOR('',#1681,1.);
#1681 = DIRECTION('',(0.,1.));
#1682 = ( GEOMETRIC_REPRESENTATION_CONTEXT(2) 
PARAMETRIC_REPRESENTATION_CONTEXT() REPRESENTATION_CONTEXT('2D SPACE',''
  ) );
#1683 = PCURVE('',#478,#1684);
#1684 = DEFINITIONAL_REPRESENTATION('',(#1685),#1689);
#1685 = LINE('',#1686,#1687);
#1686 = CARTESIAN_POINT('',(-0.,0.));
#1687 = VECTOR('',#1688,1.);
#1688 = DIRECTION('',(-0.,1.));
#1689 = ( GEOMETRIC_REPRESENTATION_CONTEXT(2) 
PARAMETRIC_REPRESENTATION_CONTEXT() REPRESENTATION_CONTEXT('2D SPACE',''
  ) );
#1690 = ADVANCED_FACE('',(#1691),#478,.T.);
#1691 = FACE_BOUND('',#1692,.F.);
#1692 = EDGE_LOOP('',(#1693,#1694,#1695,#1696));
#1693 = ORIENTED_EDGE('',*,*,#873,.T.);
#1694 = ORIENTED_EDGE('',*,*,#1643,.T.);
#1695 = ORIENTED_EDGE('',*,*,#461,.F.);
#1696 = ORIENTED_EDGE('',*,*,#1670,.F.);
#1697 = ADVANCED_FACE('',(#1698),#1085,.T.);
#1698 = FACE_BOUND('',#1699,.T.);
#1699 = EDGE_LOOP('',(#1700,#1723,#1750,#1751));
#1700 = ORIENTED_EDGE('',*,*,#1701,.T.);
#1701 = EDGE_CURVE('',#1047,#1702,#1704,.T.);
#1702 = VERTEX_POINT('',#1703);
#1703 = CARTESIAN_POINT('',(-9.,-30.,10.75));
#1704 = SEAM_CURVE('',#1705,(#1709,#1716),.PCURVE_S1.);
#1705 = LINE('',#1706,#1707);
#1706 = CARTESIAN_POINT('',(0.,-30.,10.75));
#1707 = VECTOR('',#1708,1.);
#1708 = DIRECTION('',(-1.,0.,0.));
#1709 = PCURVE('',#1085,#1710);
#1710 = DEFINITIONAL_REPRESENTATION('',(#1711),#1715);
#1711 = LINE('',#1712,#1713);
#1712 = CARTESIAN_POINT('',(6.28318530718,-0.));
#1713 = VECTOR('',#1714,1.);
#1714 = DIRECTION('',(0.,1.));
#1715 = ( GEOMETRIC_REPRESENTATION_CONTEXT(2) 
PARAMETRIC_REPRESENTATION_CONTEXT() REPRESENTATION_CONTEXT('2D SPACE',''
  ) );
#1716 = PCURVE('',#1085,#1717);
#1717 = DEFINITIONAL_REPRESENTATION('',(#1718),#1722);
#1718 = LINE('',#1719,#1720);
#1719 = CARTESIAN_POINT('',(0.,-0.));
#1720 = VECTOR('',#1721,1.);
#1721 = DIRECTION('',(0.,1.));
#1722 = ( GEOMETRIC_REPRESENTATION_CONTEXT(2) 
PARAMETRIC_REPRESENTATION_CONTEXT() REPRESENTATION_CONTEXT('2D SPACE',''
  ) );
#1723 = ORIENTED_EDGE('',*,*,#1724,.F.);
#1724 = EDGE_CURVE('',#1702,#1702,#1725,.T.);
#1725 = SURFACE_CURVE('',#1726,(#1731,#1738),.PCURVE_S1.);
#1726 = CIRCLE('',#1727,4.75);
#1727 = AXIS2_PLACEMENT_3D('',#1728,#1729,#1730);
#1728 = CARTESIAN_POINT('',(-9.,-30.,15.5));
#1729 = DIRECTION('',(-1.,0.,0.));
#1730 = DIRECTION('',(0.,0.,-1.));
#1731 = PCURVE('',#1085,#1732);
#1732 = DEFINITIONAL_REPRESENTATION('',(#1733),#1737);
#1733 = LINE('',#1734,#1735);
#1734 = CARTESIAN_POINT('',(0.,9.));
#1735 = VECTOR('',#1736,1.);
#1736 = DIRECTION('',(1.,0.));
#1737 = ( GEOMETRIC_REPRESENTATION_CONTEXT(2) 
PARAMETRIC_REPRESENTATION_CONTEXT() REPRESENTATION_CONTEXT('2D SPACE',''
  ) );
#1738 = PCURVE('',#1739,#1744);
#1739 = PLANE('',#1740);
#1740 = AXIS2_PLACEMENT_3D('',#1741,#1742,#1743);
#1741 = CARTESIAN_POINT('',(-9.,-30.,15.5));
#1742 = DIRECTION('',(-1.,0.,0.));
#1743 = DIRECTION('',(0.,0.,-1.));
#1744 = DEFINITIONAL_REPRESENTATION('',(#1745),#1749);
#1745 = CIRCLE('',#1746,4.75);
#1746 = AXIS2_PLACEMENT_2D('',#1747,#1748);
#1747 = CARTESIAN_POINT('',(0.,0.));
#1748 = DIRECTION('',(1.,0.));
#1749 = ( GEOMETRIC_REPRESENTATION_CONTEXT(2) 
PARAMETRIC_REPRESENTATION_CONTEXT() REPRESENTATION_CONTEXT('2D SPACE',''
  ) );
#1750 = ORIENTED_EDGE('',*,*,#1701,.F.);
#1751 = ORIENTED_EDGE('',*,*,#1070,.T.);
#1752 = ADVANCED_FACE('',(#1753,#1756),#1138,.T.);
#1753 = FACE_BOUND('',#1754,.T.);
#1754 = EDGE_LOOP('',(#1755));
#1755 = ORIENTED_EDGE('',*,*,#1123,.T.);
#1756 = FACE_BOUND('',#1757,.T.);
#1757 = EDGE_LOOP('',(#1758));
#1758 = ORIENTED_EDGE('',*,*,#1759,.T.);
#1759 = EDGE_CURVE('',#1760,#1760,#1762,.T.);
#1760 = VERTEX_POINT('',#1761);
#1761 = CARTESIAN_POINT('',(-9.,30.,17.5));
#1762 = SURFACE_CURVE('',#1763,(#1768,#1779),.PCURVE_S1.);
#1763 = CIRCLE('',#1764,2.);
#1764 = AXIS2_PLACEMENT_3D('',#1765,#1766,#1767);
#1765 = CARTESIAN_POINT('',(-9.,30.,15.5));
#1766 = DIRECTION('',(1.,0.,0.));
#1767 = DIRECTION('',(-0.,0.,1.));
#1768 = PCURVE('',#1138,#1769);
#1769 = DEFINITIONAL_REPRESENTATION('',(#1770),#1778);
#1770 = ( BOUNDED_CURVE() B_SPLINE_CURVE(2,(#1771,#1772,#1773,#1774,
#1775,#1776,#1777),.UNSPECIFIED.,.T.,.F.) B_SPLINE_CURVE_WITH_KNOTS((1,2
    ,2,2,2,1),(-2.094395102393,0.,2.094395102393,4.188790204786,
6.28318530718,8.377580409573),.UNSPECIFIED.) CURVE() 
GEOMETRIC_REPRESENTATION_ITEM() RATIONAL_B_SPLINE_CURVE((1.,0.5,1.,0.5,
1.,0.5,1.)) REPRESENTATION_ITEM('') );
#1771 = CARTESIAN_POINT('',(-2.,0.));
#1772 = CARTESIAN_POINT('',(-2.,3.464101615138));
#1773 = CARTESIAN_POINT('',(1.,1.732050807569));
#1774 = CARTESIAN_POINT('',(4.,4.898587196589E-16));
#1775 = CARTESIAN_POINT('',(1.,-1.732050807569));
#1776 = CARTESIAN_POINT('',(-2.,-3.464101615138));
#1777 = CARTESIAN_POINT('',(-2.,0.));
#1778 = ( GEOMETRIC_REPRESENTATION_CONTEXT(2) 
PARAMETRIC_REPRESENTATION_CONTEXT() REPRESENTATION_CONTEXT('2D SPACE',''
  ) );
#1779 = PCURVE('',#1780,#1785);
#1780 = CYLINDRICAL_SURFACE('',#1781,2.);
#1781 = AXIS2_PLACEMENT_3D('',#1782,#1783,#1784);
#1782 = CARTESIAN_POINT('',(-9.,30.,15.5));
#1783 = DIRECTION('',(1.,0.,0.));
#1784 = DIRECTION('',(-0.,0.,1.));
#1785 = DEFINITIONAL_REPRESENTATION('',(#1786),#1790);
#1786 = LINE('',#1787,#1788);
#1787 = CARTESIAN_POINT('',(0.,0.));
#1788 = VECTOR('',#1789,1.);
#1789 = DIRECTION('',(1.,0.));
#1790 = ( GEOMETRIC_REPRESENTATION_CONTEXT(2) 
PARAMETRIC_REPRESENTATION_CONTEXT() REPRESENTATION_CONTEXT('2D SPACE',''
  ) );
#1791 = ADVANCED_FACE('',(#1792),#1462,.T.);
#1792 = FACE_BOUND('',#1793,.T.);
#1793 = EDGE_LOOP('',(#1794,#1795,#1817));
#1794 = ORIENTED_EDGE('',*,*,#1447,.F.);
#1795 = ORIENTED_EDGE('',*,*,#1796,.T.);
#1796 = EDGE_CURVE('',#1420,#1527,#1797,.T.);
#1797 = SURFACE_CURVE('',#1798,(#1803,#1810),.PCURVE_S1.);
#1798 = CIRCLE('',#1799,3.);
#1799 = AXIS2_PLACEMENT_3D('',#1800,#1801,#1802);
#1800 = CARTESIAN_POINT('',(5.,32.16,26.));
#1801 = DIRECTION('',(0.,-1.,0.));
#1802 = DIRECTION('',(1.,0.,0.));
#1803 = PCURVE('',#1462,#1804);
#1804 = DEFINITIONAL_REPRESENTATION('',(#1805),#1809);
#1805 = CIRCLE('',#1806,3.);
#1806 = AXIS2_PLACEMENT_2D('',#1807,#1808);
#1807 = CARTESIAN_POINT('',(0.,0.));
#1808 = DIRECTION('',(0.,1.));
#1809 = ( GEOMETRIC_REPRESENTATION_CONTEXT(2) 
PARAMETRIC_REPRESENTATION_CONTEXT() REPRESENTATION_CONTEXT('2D SPACE',''
  ) );
#1810 = PCURVE('',#1435,#1811);
#1811 = DEFINITIONAL_REPRESENTATION('',(#1812),#1816);
#1812 = LINE('',#1813,#1814);
#1813 = CARTESIAN_POINT('',(-0.,0.));
#1814 = VECTOR('',#1815,1.);
#1815 = DIRECTION('',(-1.,0.));
#1816 = ( GEOMETRIC_REPRESENTATION_CONTEXT(2) 
PARAMETRIC_REPRESENTATION_CONTEXT() REPRESENTATION_CONTEXT('2D SPACE',''
  ) );
#1817 = ORIENTED_EDGE('',*,*,#1526,.F.);
#1818 = ADVANCED_FACE('',(#1819),#1435,.F.);
#1819 = FACE_BOUND('',#1820,.T.);
#1820 = EDGE_LOOP('',(#1821,#1822,#1823,#1851,#1877,#1899));
#1821 = ORIENTED_EDGE('',*,*,#1796,.F.);
#1822 = ORIENTED_EDGE('',*,*,#1419,.T.);
#1823 = ORIENTED_EDGE('',*,*,#1824,.F.);
#1824 = EDGE_CURVE('',#1825,#1394,#1827,.T.);
#1825 = VERTEX_POINT('',#1826);
#1826 = CARTESIAN_POINT('',(7.95803989155,29.1,26.5));
#1827 = SURFACE_CURVE('',#1828,(#1833,#1840),.PCURVE_S1.);
#1828 = CIRCLE('',#1829,3.);
#1829 = AXIS2_PLACEMENT_3D('',#1830,#1831,#1832);
#1830 = CARTESIAN_POINT('',(5.,29.1,26.));
#1831 = DIRECTION('',(-0.,1.,0.));
#1832 = DIRECTION('',(1.,0.,0.));
#1833 = PCURVE('',#1435,#1834);
#1834 = DEFINITIONAL_REPRESENTATION('',(#1835),#1839);
#1835 = LINE('',#1836,#1837);
#1836 = CARTESIAN_POINT('',(-6.28318530718,-3.06));
#1837 = VECTOR('',#1838,1.);
#1838 = DIRECTION('',(1.,-0.));
#1839 = ( GEOMETRIC_REPRESENTATION_CONTEXT(2) 
PARAMETRIC_REPRESENTATION_CONTEXT() REPRESENTATION_CONTEXT('2D SPACE',''
  ) );
#1840 = PCURVE('',#1408,#1841);
#1841 = DEFINITIONAL_REPRESENTATION('',(#1842),#1850);
#1842 = ( BOUNDED_CURVE() B_SPLINE_CURVE(2,(#1843,#1844,#1845,#1846,
#1847,#1848,#1849),.UNSPECIFIED.,.T.,.F.) B_SPLINE_CURVE_WITH_KNOTS((1,2
    ,2,2,2,1),(-2.094395102393,0.,2.094395102393,4.188790204786,
6.28318530718,8.377580409573),.UNSPECIFIED.) CURVE() 
GEOMETRIC_REPRESENTATION_ITEM() RATIONAL_B_SPLINE_CURVE((1.,0.5,1.,0.5,
1.,0.5,1.)) REPRESENTATION_ITEM('') );
#1843 = CARTESIAN_POINT('',(0.,-11.5));
#1844 = CARTESIAN_POINT('',(5.196152422707,-11.5));
#1845 = CARTESIAN_POINT('',(2.598076211353,-16.));
#1846 = CARTESIAN_POINT('',(7.347880794884E-16,-20.5));
#1847 = CARTESIAN_POINT('',(-2.598076211353,-16.));
#1848 = CARTESIAN_POINT('',(-5.196152422707,-11.5));
#1849 = CARTESIAN_POINT('',(0.,-11.5));
#1850 = ( GEOMETRIC_REPRESENTATION_CONTEXT(2) 
PARAMETRIC_REPRESENTATION_CONTEXT() REPRESENTATION_CONTEXT('2D SPACE',''
  ) );
#1851 = ORIENTED_EDGE('',*,*,#1852,.F.);
#1852 = EDGE_CURVE('',#1853,#1825,#1855,.T.);
#1853 = VERTEX_POINT('',#1854);
#1854 = CARTESIAN_POINT('',(7.95803989155,22.16,26.5));
#1855 = SURFACE_CURVE('',#1856,(#1860,#1866),.PCURVE_S1.);
#1856 = LINE('',#1857,#1858);
#1857 = CARTESIAN_POINT('',(7.95803989155,32.16,26.5));
#1858 = VECTOR('',#1859,1.);
#1859 = DIRECTION('',(-0.,1.,-0.));
#1860 = PCURVE('',#1435,#1861);
#1861 = DEFINITIONAL_REPRESENTATION('',(#1862),#1865);
#1862 = B_SPLINE_CURVE_WITH_KNOTS('',1,(#1863,#1864),.UNSPECIFIED.,.F.,
  .F.,(2,2),(-10.0000006,5.999999999062E-07),.PIECEWISE_BEZIER_KNOTS.);
#1863 = CARTESIAN_POINT('',(-0.16744807922,-10.0000006));
#1864 = CARTESIAN_POINT('',(-0.16744807922,5.999999999062E-07));
#1865 = ( GEOMETRIC_REPRESENTATION_CONTEXT(2) 
PARAMETRIC_REPRESENTATION_CONTEXT() REPRESENTATION_CONTEXT('2D SPACE',''
  ) );
#1866 = PCURVE('',#1867,#1872);
#1867 = PLANE('',#1868);
#1868 = AXIS2_PLACEMENT_3D('',#1869,#1870,#1871);
#1869 = CARTESIAN_POINT('',(32.,29.1,26.5));
#1870 = DIRECTION('',(-0.,-0.,-1.));
#1871 = DIRECTION('',(-1.,0.,0.));
#1872 = DEFINITIONAL_REPRESENTATION('',(#1873),#1876);
#1873 = B_SPLINE_CURVE_WITH_KNOTS('',1,(#1874,#1875),.UNSPECIFIED.,.F.,
  .F.,(2,2),(-10.0000006,5.999999999062E-07),.PIECEWISE_BEZIER_KNOTS.);
#1874 = CARTESIAN_POINT('',(24.04196010845,-6.9400006));
#1875 = CARTESIAN_POINT('',(24.04196010845,3.0600006));
#1876 = ( GEOMETRIC_REPRESENTATION_CONTEXT(2) 
PARAMETRIC_REPRESENTATION_CONTEXT() REPRESENTATION_CONTEXT('2D SPACE',''
  ) );
#1877 = ORIENTED_EDGE('',*,*,#1878,.T.);
#1878 = EDGE_CURVE('',#1853,#1548,#1879,.T.);
#1879 = SURFACE_CURVE('',#1880,(#1885,#1892),.PCURVE_S1.);
#1880 = CIRCLE('',#1881,3.);
#1881 = AXIS2_PLACEMENT_3D('',#1882,#1883,#1884);
#1882 = CARTESIAN_POINT('',(5.,22.16,26.));
#1883 = DIRECTION('',(0.,-1.,0.));
#1884 = DIRECTION('',(1.,0.,0.));
#1885 = PCURVE('',#1435,#1886);
#1886 = DEFINITIONAL_REPRESENTATION('',(#1887),#1891);
#1887 = LINE('',#1888,#1889);
#1888 = CARTESIAN_POINT('',(-0.,-10.));
#1889 = VECTOR('',#1890,1.);
#1890 = DIRECTION('',(-1.,0.));
#1891 = ( GEOMETRIC_REPRESENTATION_CONTEXT(2) 
PARAMETRIC_REPRESENTATION_CONTEXT() REPRESENTATION_CONTEXT('2D SPACE',''
  ) );
#1892 = PCURVE('',#1304,#1893);
#1893 = DEFINITIONAL_REPRESENTATION('',(#1894),#1898);
#1894 = CIRCLE('',#1895,3.);
#1895 = AXIS2_PLACEMENT_2D('',#1896,#1897);
#1896 = CARTESIAN_POINT('',(0.,0.));
#1897 = DIRECTION('',(0.,1.));
#1898 = ( GEOMETRIC_REPRESENTATION_CONTEXT(2) 
PARAMETRIC_REPRESENTATION_CONTEXT() REPRESENTATION_CONTEXT('2D SPACE',''
  ) );
#1899 = ORIENTED_EDGE('',*,*,#1547,.T.);
#1900 = ADVANCED_FACE('',(#1901),#1408,.T.);
#1901 = FACE_BOUND('',#1902,.T.);
#1902 = EDGE_LOOP('',(#1903,#1904,#1927,#1948));
#1903 = ORIENTED_EDGE('',*,*,#1393,.F.);
#1904 = ORIENTED_EDGE('',*,*,#1905,.T.);
#1905 = EDGE_CURVE('',#1368,#1906,#1908,.T.);
#1906 = VERTEX_POINT('',#1907);
#1907 = CARTESIAN_POINT('',(32.,29.1,26.5));
#1908 = SURFACE_CURVE('',#1909,(#1913,#1920),.PCURVE_S1.);
#1909 = LINE('',#1910,#1911);
#1910 = CARTESIAN_POINT('',(32.,29.1,25.5));
#1911 = VECTOR('',#1912,1.);
#1912 = DIRECTION('',(0.,0.,1.));
#1913 = PCURVE('',#1408,#1914);
#1914 = DEFINITIONAL_REPRESENTATION('',(#1915),#1919);
#1915 = LINE('',#1916,#1917);
#1916 = CARTESIAN_POINT('',(0.5,12.5));
#1917 = VECTOR('',#1918,1.);
#1918 = DIRECTION('',(-1.,0.));
#1919 = ( GEOMETRIC_REPRESENTATION_CONTEXT(2) 
PARAMETRIC_REPRESENTATION_CONTEXT() REPRESENTATION_CONTEXT('2D SPACE',''
  ) );
#1920 = PCURVE('',#1382,#1921);
#1921 = DEFINITIONAL_REPRESENTATION('',(#1922),#1926);
#1922 = LINE('',#1923,#1924);
#1923 = CARTESIAN_POINT('',(0.,0.));
#1924 = VECTOR('',#1925,1.);
#1925 = DIRECTION('',(1.,0.));
#1926 = ( GEOMETRIC_REPRESENTATION_CONTEXT(2) 
PARAMETRIC_REPRESENTATION_CONTEXT() REPRESENTATION_CONTEXT('2D SPACE',''
  ) );
#1927 = ORIENTED_EDGE('',*,*,#1928,.T.);
#1928 = EDGE_CURVE('',#1906,#1825,#1929,.T.);
#1929 = SURFACE_CURVE('',#1930,(#1934,#1941),.PCURVE_S1.);
#1930 = LINE('',#1931,#1932);
#1931 = CARTESIAN_POINT('',(32.,29.1,26.5));
#1932 = VECTOR('',#1933,1.);
#1933 = DIRECTION('',(-1.,0.,0.));
#1934 = PCURVE('',#1408,#1935);
#1935 = DEFINITIONAL_REPRESENTATION('',(#1936),#1940);
#1936 = LINE('',#1937,#1938);
#1937 = CARTESIAN_POINT('',(-0.5,12.5));
#1938 = VECTOR('',#1939,1.);
#1939 = DIRECTION('',(0.,-1.));
#1940 = ( GEOMETRIC_REPRESENTATION_CONTEXT(2) 
PARAMETRIC_REPRESENTATION_CONTEXT() REPRESENTATION_CONTEXT('2D SPACE',''
  ) );
#1941 = PCURVE('',#1867,#1942);
#1942 = DEFINITIONAL_REPRESENTATION('',(#1943),#1947);
#1943 = LINE('',#1944,#1945);
#1944 = CARTESIAN_POINT('',(0.,0.));
#1945 = VECTOR('',#1946,1.);
#1946 = DIRECTION('',(1.,0.));
#1947 = ( GEOMETRIC_REPRESENTATION_CONTEXT(2) 
PARAMETRIC_REPRESENTATION_CONTEXT() REPRESENTATION_CONTEXT('2D SPACE',''
  ) );
#1948 = ORIENTED_EDGE('',*,*,#1824,.T.);
#1949 = ADVANCED_FACE('',(#1950),#1382,.T.);
#1950 = FACE_BOUND('',#1951,.T.);
#1951 = EDGE_LOOP('',(#1952,#1953,#1954,#1977));
#1952 = ORIENTED_EDGE('',*,*,#1905,.F.);
#1953 = ORIENTED_EDGE('',*,*,#1367,.F.);
#1954 = ORIENTED_EDGE('',*,*,#1955,.T.);
#1955 = EDGE_CURVE('',#1342,#1956,#1958,.T.);
#1956 = VERTEX_POINT('',#1957);
#1957 = CARTESIAN_POINT('',(32.,-29.1,26.5));
#1958 = SURFACE_CURVE('',#1959,(#1963,#1970),.PCURVE_S1.);
#1959 = LINE('',#1960,#1961);
#1960 = CARTESIAN_POINT('',(32.,-29.1,25.5));
#1961 = VECTOR('',#1962,1.);
#1962 = DIRECTION('',(0.,0.,1.));
#1963 = PCURVE('',#1382,#1964);
#1964 = DEFINITIONAL_REPRESENTATION('',(#1965),#1969);
#1965 = LINE('',#1966,#1967);
#1966 = CARTESIAN_POINT('',(0.,-58.2));
#1967 = VECTOR('',#1968,1.);
#1968 = DIRECTION('',(1.,0.));
#1969 = ( GEOMETRIC_REPRESENTATION_CONTEXT(2) 
PARAMETRIC_REPRESENTATION_CONTEXT() REPRESENTATION_CONTEXT('2D SPACE',''
  ) );
#1970 = PCURVE('',#1356,#1971);
#1971 = DEFINITIONAL_REPRESENTATION('',(#1972),#1976);
#1972 = LINE('',#1973,#1974);
#1973 = CARTESIAN_POINT('',(0.5,12.5));
#1974 = VECTOR('',#1975,1.);
#1975 = DIRECTION('',(-1.,0.));
#1976 = ( GEOMETRIC_REPRESENTATION_CONTEXT(2) 
PARAMETRIC_REPRESENTATION_CONTEXT() REPRESENTATION_CONTEXT('2D SPACE',''
  ) );
#1977 = ORIENTED_EDGE('',*,*,#1978,.F.);
#1978 = EDGE_CURVE('',#1906,#1956,#1979,.T.);
#1979 = SURFACE_CURVE('',#1980,(#1984,#1991),.PCURVE_S1.);
#1980 = LINE('',#1981,#1982);
#1981 = CARTESIAN_POINT('',(32.,29.1,26.5));
#1982 = VECTOR('',#1983,1.);
#1983 = DIRECTION('',(0.,-1.,0.));
#1984 = PCURVE('',#1382,#1985);
#1985 = DEFINITIONAL_REPRESENTATION('',(#1986),#1990);
#1986 = LINE('',#1987,#1988);
#1987 = CARTESIAN_POINT('',(1.,0.));
#1988 = VECTOR('',#1989,1.);
#1989 = DIRECTION('',(0.,-1.));
#1990 = ( GEOMETRIC_REPRESENTATION_CONTEXT(2) 
PARAMETRIC_REPRESENTATION_CONTEXT() REPRESENTATION_CONTEXT('2D SPACE',''
  ) );
#1991 = PCURVE('',#1867,#1992);
#1992 = DEFINITIONAL_REPRESENTATION('',(#1993),#1997);
#1993 = LINE('',#1994,#1995);
#1994 = CARTESIAN_POINT('',(0.,0.));
#1995 = VECTOR('',#1996,1.);
#1996 = DIRECTION('',(0.,-1.));
#1997 = ( GEOMETRIC_REPRESENTATION_CONTEXT(2) 
PARAMETRIC_REPRESENTATION_CONTEXT() REPRESENTATION_CONTEXT('2D SPACE',''
  ) );
#1998 = ADVANCED_FACE('',(#1999),#1356,.F.);
#1999 = FACE_BOUND('',#2000,.F.);
#2000 = EDGE_LOOP('',(#2001,#2024,#2025,#2026));
#2001 = ORIENTED_EDGE('',*,*,#2002,.T.);
#2002 = EDGE_CURVE('',#2003,#1316,#2005,.T.);
#2003 = VERTEX_POINT('',#2004);
#2004 = CARTESIAN_POINT('',(7.,-29.1,26.5));
#2005 = SURFACE_CURVE('',#2006,(#2010,#2017),.PCURVE_S1.);
#2006 = LINE('',#2007,#2008);
#2007 = CARTESIAN_POINT('',(7.,-29.1,26.5));
#2008 = VECTOR('',#2009,1.);
#2009 = DIRECTION('',(0.,0.,-1.));
#2010 = PCURVE('',#1356,#2011);
#2011 = DEFINITIONAL_REPRESENTATION('',(#2012),#2016);
#2012 = LINE('',#2013,#2014);
#2013 = CARTESIAN_POINT('',(-0.5,-12.5));
#2014 = VECTOR('',#2015,1.);
#2015 = DIRECTION('',(1.,0.));
#2016 = ( GEOMETRIC_REPRESENTATION_CONTEXT(2) 
PARAMETRIC_REPRESENTATION_CONTEXT() REPRESENTATION_CONTEXT('2D SPACE',''
  ) );
#2017 = PCURVE('',#1330,#2018);
#2018 = DEFINITIONAL_REPRESENTATION('',(#2019),#2023);
#2019 = LINE('',#2020,#2021);
#2020 = CARTESIAN_POINT('',(0.,-58.2));
#2021 = VECTOR('',#2022,1.);
#2022 = DIRECTION('',(1.,0.));
#2023 = ( GEOMETRIC_REPRESENTATION_CONTEXT(2) 
PARAMETRIC_REPRESENTATION_CONTEXT() REPRESENTATION_CONTEXT('2D SPACE',''
  ) );
#2024 = ORIENTED_EDGE('',*,*,#1341,.F.);
#2025 = ORIENTED_EDGE('',*,*,#1955,.T.);
#2026 = ORIENTED_EDGE('',*,*,#2027,.T.);
#2027 = EDGE_CURVE('',#1956,#2003,#2028,.T.);
#2028 = SURFACE_CURVE('',#2029,(#2033,#2040),.PCURVE_S1.);
#2029 = LINE('',#2030,#2031);
#2030 = CARTESIAN_POINT('',(32.,-29.1,26.5));
#2031 = VECTOR('',#2032,1.);
#2032 = DIRECTION('',(-1.,0.,0.));
#2033 = PCURVE('',#1356,#2034);
#2034 = DEFINITIONAL_REPRESENTATION('',(#2035),#2039);
#2035 = LINE('',#2036,#2037);
#2036 = CARTESIAN_POINT('',(-0.5,12.5));
#2037 = VECTOR('',#2038,1.);
#2038 = DIRECTION('',(0.,-1.));
#2039 = ( GEOMETRIC_REPRESENTATION_CONTEXT(2) 
PARAMETRIC_REPRESENTATION_CONTEXT() REPRESENTATION_CONTEXT('2D SPACE',''
  ) );
#2040 = PCURVE('',#1867,#2041);
#2041 = DEFINITIONAL_REPRESENTATION('',(#2042),#2046);
#2042 = LINE('',#2043,#2044);
#2043 = CARTESIAN_POINT('',(0.,-58.2));
#2044 = VECTOR('',#2045,1.);
#2045 = DIRECTION('',(1.,0.));
#2046 = ( GEOMETRIC_REPRESENTATION_CONTEXT(2) 
PARAMETRIC_REPRESENTATION_CONTEXT() REPRESENTATION_CONTEXT('2D SPACE',''
  ) );
#2047 = ADVANCED_FACE('',(#2048),#1330,.T.);
#2048 = FACE_BOUND('',#2049,.T.);
#2049 = EDGE_LOOP('',(#2050,#2071,#2092,#2093));
#2050 = ORIENTED_EDGE('',*,*,#2051,.T.);
#2051 = EDGE_CURVE('',#1290,#2052,#2054,.T.);
#2052 = VERTEX_POINT('',#2053);
#2053 = CARTESIAN_POINT('',(7.,22.16,26.5));
#2054 = SURFACE_CURVE('',#2055,(#2059,#2065),.PCURVE_S1.);
#2055 = LINE('',#2056,#2057);
#2056 = CARTESIAN_POINT('',(7.,22.16,26.25));
#2057 = VECTOR('',#2058,1.);
#2058 = DIRECTION('',(0.,0.,1.));
#2059 = PCURVE('',#1330,#2060);
#2060 = DEFINITIONAL_REPRESENTATION('',(#2061),#2064);
#2061 = B_SPLINE_CURVE_WITH_KNOTS('',1,(#2062,#2063),.UNSPECIFIED.,.F.,
  .F.,(2,2),(-0.75,0.25),.PIECEWISE_BEZIER_KNOTS.);
#2062 = CARTESIAN_POINT('',(1.,-6.94));
#2063 = CARTESIAN_POINT('',(0.,-6.94));
#2064 = ( GEOMETRIC_REPRESENTATION_CONTEXT(2) 
PARAMETRIC_REPRESENTATION_CONTEXT() REPRESENTATION_CONTEXT('2D SPACE',''
  ) );
#2065 = PCURVE('',#1304,#2066);
#2066 = DEFINITIONAL_REPRESENTATION('',(#2067),#2070);
#2067 = B_SPLINE_CURVE_WITH_KNOTS('',1,(#2068,#2069),.UNSPECIFIED.,.F.,
  .F.,(2,2),(-0.75,0.25),.PIECEWISE_BEZIER_KNOTS.);
#2068 = CARTESIAN_POINT('',(0.5,2.));
#2069 = CARTESIAN_POINT('',(-0.5,2.));
#2070 = ( GEOMETRIC_REPRESENTATION_CONTEXT(2) 
PARAMETRIC_REPRESENTATION_CONTEXT() REPRESENTATION_CONTEXT('2D SPACE',''
  ) );
#2071 = ORIENTED_EDGE('',*,*,#2072,.T.);
#2072 = EDGE_CURVE('',#2052,#2003,#2073,.T.);
#2073 = SURFACE_CURVE('',#2074,(#2078,#2085),.PCURVE_S1.);
#2074 = LINE('',#2075,#2076);
#2075 = CARTESIAN_POINT('',(7.,29.1,26.5));
#2076 = VECTOR('',#2077,1.);
#2077 = DIRECTION('',(0.,-1.,0.));
#2078 = PCURVE('',#1330,#2079);
#2079 = DEFINITIONAL_REPRESENTATION('',(#2080),#2084);
#2080 = LINE('',#2081,#2082);
#2081 = CARTESIAN_POINT('',(0.,0.));
#2082 = VECTOR('',#2083,1.);
#2083 = DIRECTION('',(0.,-1.));
#2084 = ( GEOMETRIC_REPRESENTATION_CONTEXT(2) 
PARAMETRIC_REPRESENTATION_CONTEXT() REPRESENTATION_CONTEXT('2D SPACE',''
  ) );
#2085 = PCURVE('',#1867,#2086);
#2086 = DEFINITIONAL_REPRESENTATION('',(#2087),#2091);
#2087 = LINE('',#2088,#2089);
#2088 = CARTESIAN_POINT('',(25.,0.));
#2089 = VECTOR('',#2090,1.);
#2090 = DIRECTION('',(0.,-1.));
#2091 = ( GEOMETRIC_REPRESENTATION_CONTEXT(2) 
PARAMETRIC_REPRESENTATION_CONTEXT() REPRESENTATION_CONTEXT('2D SPACE',''
  ) );
#2092 = ORIENTED_EDGE('',*,*,#2002,.T.);
#2093 = ORIENTED_EDGE('',*,*,#1315,.F.);
#2094 = ADVANCED_FACE('',(#2095),#1304,.F.);
#2095 = FACE_BOUND('',#2096,.F.);
#2096 = EDGE_LOOP('',(#2097,#2098,#2099,#2118,#2119));
#2097 = ORIENTED_EDGE('',*,*,#1289,.F.);
#2098 = ORIENTED_EDGE('',*,*,#2051,.T.);
#2099 = ORIENTED_EDGE('',*,*,#2100,.T.);
#2100 = EDGE_CURVE('',#2052,#1853,#2101,.T.);
#2101 = SURFACE_CURVE('',#2102,(#2106,#2112),.PCURVE_S1.);
#2102 = LINE('',#2103,#2104);
#2103 = CARTESIAN_POINT('',(18.5,22.16,26.5));
#2104 = VECTOR('',#2105,1.);
#2105 = DIRECTION('',(1.,0.,0.));
#2106 = PCURVE('',#1304,#2107);
#2107 = DEFINITIONAL_REPRESENTATION('',(#2108),#2111);
#2108 = B_SPLINE_CURVE_WITH_KNOTS('',1,(#2109,#2110),.UNSPECIFIED.,.F.,
  .F.,(2,2),(-11.5,-10.5),.PIECEWISE_BEZIER_KNOTS.);
#2109 = CARTESIAN_POINT('',(-0.5,2.));
#2110 = CARTESIAN_POINT('',(-0.5,3.));
#2111 = ( GEOMETRIC_REPRESENTATION_CONTEXT(2) 
PARAMETRIC_REPRESENTATION_CONTEXT() REPRESENTATION_CONTEXT('2D SPACE',''
  ) );
#2112 = PCURVE('',#1867,#2113);
#2113 = DEFINITIONAL_REPRESENTATION('',(#2114),#2117);
#2114 = B_SPLINE_CURVE_WITH_KNOTS('',1,(#2115,#2116),.UNSPECIFIED.,.F.,
  .F.,(2,2),(-11.5,-10.5),.PIECEWISE_BEZIER_KNOTS.);
#2115 = CARTESIAN_POINT('',(25.,-6.94));
#2116 = CARTESIAN_POINT('',(24.,-6.94));
#2117 = ( GEOMETRIC_REPRESENTATION_CONTEXT(2) 
PARAMETRIC_REPRESENTATION_CONTEXT() REPRESENTATION_CONTEXT('2D SPACE',''
  ) );
#2118 = ORIENTED_EDGE('',*,*,#1878,.T.);
#2119 = ORIENTED_EDGE('',*,*,#1568,.F.);
#2120 = ADVANCED_FACE('',(#2121,#2124),#1739,.T.);
#2121 = FACE_BOUND('',#2122,.T.);
#2122 = EDGE_LOOP('',(#2123));
#2123 = ORIENTED_EDGE('',*,*,#1724,.T.);
#2124 = FACE_BOUND('',#2125,.T.);
#2125 = EDGE_LOOP('',(#2126));
#2126 = ORIENTED_EDGE('',*,*,#2127,.T.);
#2127 = EDGE_CURVE('',#2128,#2128,#2130,.T.);
#2128 = VERTEX_POINT('',#2129);
#2129 = CARTESIAN_POINT('',(-9.,-30.,17.5));
#2130 = SURFACE_CURVE('',#2131,(#2136,#2147),.PCURVE_S1.);
#2131 = CIRCLE('',#2132,2.);
#2132 = AXIS2_PLACEMENT_3D('',#2133,#2134,#2135);
#2133 = CARTESIAN_POINT('',(-9.,-30.,15.5));
#2134 = DIRECTION('',(1.,0.,0.));
#2135 = DIRECTION('',(-0.,0.,1.));
#2136 = PCURVE('',#1739,#2137);
#2137 = DEFINITIONAL_REPRESENTATION('',(#2138),#2146);
#2138 = ( BOUNDED_CURVE() B_SPLINE_CURVE(2,(#2139,#2140,#2141,#2142,
#2143,#2144,#2145),.UNSPECIFIED.,.T.,.F.) B_SPLINE_CURVE_WITH_KNOTS((1,2
    ,2,2,2,1),(-2.094395102393,0.,2.094395102393,4.188790204786,
6.28318530718,8.377580409573),.UNSPECIFIED.) CURVE() 
GEOMETRIC_REPRESENTATION_ITEM() RATIONAL_B_SPLINE_CURVE((1.,0.5,1.,0.5,
1.,0.5,1.)) REPRESENTATION_ITEM('') );
#2139 = CARTESIAN_POINT('',(-2.,0.));
#2140 = CARTESIAN_POINT('',(-2.,3.464101615138));
#2141 = CARTESIAN_POINT('',(1.,1.732050807569));
#2142 = CARTESIAN_POINT('',(4.,4.898587196589E-16));
#2143 = CARTESIAN_POINT('',(1.,-1.732050807569));
#2144 = CARTESIAN_POINT('',(-2.,-3.464101615138));
#2145 = CARTESIAN_POINT('',(-2.,0.));
#2146 = ( GEOMETRIC_REPRESENTATION_CONTEXT(2) 
PARAMETRIC_REPRESENTATION_CONTEXT() REPRESENTATION_CONTEXT('2D SPACE',''
  ) );
#2147 = PCURVE('',#2148,#2153);
#2148 = CYLINDRICAL_SURFACE('',#2149,2.);
#2149 = AXIS2_PLACEMENT_3D('',#2150,#2151,#2152);
#2150 = CARTESIAN_POINT('',(-9.,-30.,15.5));
#2151 = DIRECTION('',(1.,0.,0.));
#2152 = DIRECTION('',(-0.,0.,1.));
#2153 = DEFINITIONAL_REPRESENTATION('',(#2154),#2158);
#2154 = LINE('',#2155,#2156);
#2155 = CARTESIAN_POINT('',(0.,0.));
#2156 = VECTOR('',#2157,1.);
#2157 = DIRECTION('',(1.,0.));
#2158 = ( GEOMETRIC_REPRESENTATION_CONTEXT(2) 
PARAMETRIC_REPRESENTATION_CONTEXT() REPRESENTATION_CONTEXT('2D SPACE',''
  ) );
#2159 = ADVANCED_FACE('',(#2160),#1780,.F.);
#2160 = FACE_BOUND('',#2161,.F.);
#2161 = EDGE_LOOP('',(#2162,#2191,#2212,#2213));
#2162 = ORIENTED_EDGE('',*,*,#2163,.F.);
#2163 = EDGE_CURVE('',#2164,#2164,#2166,.T.);
#2164 = VERTEX_POINT('',#2165);
#2165 = CARTESIAN_POINT('',(-3.,30.,17.5));
#2166 = SURFACE_CURVE('',#2167,(#2172,#2179),.PCURVE_S1.);
#2167 = CIRCLE('',#2168,2.);
#2168 = AXIS2_PLACEMENT_3D('',#2169,#2170,#2171);
#2169 = CARTESIAN_POINT('',(-3.,30.,15.5));
#2170 = DIRECTION('',(1.,0.,0.));
#2171 = DIRECTION('',(-0.,0.,1.));
#2172 = PCURVE('',#1780,#2173);
#2173 = DEFINITIONAL_REPRESENTATION('',(#2174),#2178);
#2174 = LINE('',#2175,#2176);
#2175 = CARTESIAN_POINT('',(0.,6.));
#2176 = VECTOR('',#2177,1.);
#2177 = DIRECTION('',(1.,0.));
#2178 = ( GEOMETRIC_REPRESENTATION_CONTEXT(2) 
PARAMETRIC_REPRESENTATION_CONTEXT() REPRESENTATION_CONTEXT('2D SPACE',''
  ) );
#2179 = PCURVE('',#2180,#2185);
#2180 = PLANE('',#2181);
#2181 = AXIS2_PLACEMENT_3D('',#2182,#2183,#2184);
#2182 = CARTESIAN_POINT('',(-3.,30.,15.5));
#2183 = DIRECTION('',(1.,0.,0.));
#2184 = DIRECTION('',(-0.,0.,1.));
#2185 = DEFINITIONAL_REPRESENTATION('',(#2186),#2190);
#2186 = CIRCLE('',#2187,2.);
#2187 = AXIS2_PLACEMENT_2D('',#2188,#2189);
#2188 = CARTESIAN_POINT('',(0.,0.));
#2189 = DIRECTION('',(1.,0.));
#2190 = ( GEOMETRIC_REPRESENTATION_CONTEXT(2) 
PARAMETRIC_REPRESENTATION_CONTEXT() REPRESENTATION_CONTEXT('2D SPACE',''
  ) );
#2191 = ORIENTED_EDGE('',*,*,#2192,.F.);
#2192 = EDGE_CURVE('',#1760,#2164,#2193,.T.);
#2193 = SEAM_CURVE('',#2194,(#2198,#2205),.PCURVE_S1.);
#2194 = LINE('',#2195,#2196);
#2195 = CARTESIAN_POINT('',(-9.,30.,17.5));
#2196 = VECTOR('',#2197,1.);
#2197 = DIRECTION('',(1.,0.,0.));
#2198 = PCURVE('',#1780,#2199);
#2199 = DEFINITIONAL_REPRESENTATION('',(#2200),#2204);
#2200 = LINE('',#2201,#2202);
#2201 = CARTESIAN_POINT('',(6.28318530718,-0.));
#2202 = VECTOR('',#2203,1.);
#2203 = DIRECTION('',(0.,1.));
#2204 = ( GEOMETRIC_REPRESENTATION_CONTEXT(2) 
PARAMETRIC_REPRESENTATION_CONTEXT() REPRESENTATION_CONTEXT('2D SPACE',''
  ) );
#2205 = PCURVE('',#1780,#2206);
#2206 = DEFINITIONAL_REPRESENTATION('',(#2207),#2211);
#2207 = LINE('',#2208,#2209);
#2208 = CARTESIAN_POINT('',(0.,-0.));
#2209 = VECTOR('',#2210,1.);
#2210 = DIRECTION('',(0.,1.));
#2211 = ( GEOMETRIC_REPRESENTATION_CONTEXT(2) 
PARAMETRIC_REPRESENTATION_CONTEXT() REPRESENTATION_CONTEXT('2D SPACE',''
  ) );
#2212 = ORIENTED_EDGE('',*,*,#1759,.T.);
#2213 = ORIENTED_EDGE('',*,*,#2192,.T.);
#2214 = ADVANCED_FACE('',(#2215),#1867,.T.);
#2215 = FACE_BOUND('',#2216,.T.);
#2216 = EDGE_LOOP('',(#2217,#2218,#2219,#2220,#2221,#2222));
#2217 = ORIENTED_EDGE('',*,*,#1928,.F.);
#2218 = ORIENTED_EDGE('',*,*,#1978,.T.);
#2219 = ORIENTED_EDGE('',*,*,#2027,.T.);
#2220 = ORIENTED_EDGE('',*,*,#2072,.F.);
#2221 = ORIENTED_EDGE('',*,*,#2100,.T.);
#2222 = ORIENTED_EDGE('',*,*,#1852,.T.);
#2223 = ADVANCED_FACE('',(#2224),#2148,.F.);
#2224 = FACE_BOUND('',#2225,.F.);
#2225 = EDGE_LOOP('',(#2226,#2255,#2276,#2277));
#2226 = ORIENTED_EDGE('',*,*,#2227,.F.);
#2227 = EDGE_CURVE('',#2228,#2228,#2230,.T.);
#2228 = VERTEX_POINT('',#2229);
#2229 = CARTESIAN_POINT('',(-3.,-30.,17.5));
#2230 = SURFACE_CURVE('',#2231,(#2236,#2243),.PCURVE_S1.);
#2231 = CIRCLE('',#2232,2.);
#2232 = AXIS2_PLACEMENT_3D('',#2233,#2234,#2235);
#2233 = CARTESIAN_POINT('',(-3.,-30.,15.5));
#2234 = DIRECTION('',(1.,0.,0.));
#2235 = DIRECTION('',(-0.,0.,1.));
#2236 = PCURVE('',#2148,#2237);
#2237 = DEFINITIONAL_REPRESENTATION('',(#2238),#2242);
#2238 = LINE('',#2239,#2240);
#2239 = CARTESIAN_POINT('',(0.,6.));
#2240 = VECTOR('',#2241,1.);
#2241 = DIRECTION('',(1.,0.));
#2242 = ( GEOMETRIC_REPRESENTATION_CONTEXT(2) 
PARAMETRIC_REPRESENTATION_CONTEXT() REPRESENTATION_CONTEXT('2D SPACE',''
  ) );
#2243 = PCURVE('',#2244,#2249);
#2244 = PLANE('',#2245);
#2245 = AXIS2_PLACEMENT_3D('',#2246,#2247,#2248);
#2246 = CARTESIAN_POINT('',(-3.,-30.,15.5));
#2247 = DIRECTION('',(1.,0.,0.));
#2248 = DIRECTION('',(-0.,0.,1.));
#2249 = DEFINITIONAL_REPRESENTATION('',(#2250),#2254);
#2250 = CIRCLE('',#2251,2.);
#2251 = AXIS2_PLACEMENT_2D('',#2252,#2253);
#2252 = CARTESIAN_POINT('',(0.,0.));
#2253 = DIRECTION('',(1.,0.));
#2254 = ( GEOMETRIC_REPRESENTATION_CONTEXT(2) 
PARAMETRIC_REPRESENTATION_CONTEXT() REPRESENTATION_CONTEXT('2D SPACE',''
  ) );
#2255 = ORIENTED_EDGE('',*,*,#2256,.F.);
#2256 = EDGE_CURVE('',#2128,#2228,#2257,.T.);
#2257 = SEAM_CURVE('',#2258,(#2262,#2269),.PCURVE_S1.);
#2258 = LINE('',#2259,#2260);
#2259 = CARTESIAN_POINT('',(-9.,-30.,17.5));
#2260 = VECTOR('',#2261,1.);
#2261 = DIRECTION('',(1.,0.,0.));
#2262 = PCURVE('',#2148,#2263);
#2263 = DEFINITIONAL_REPRESENTATION('',(#2264),#2268);
#2264 = LINE('',#2265,#2266);
#2265 = CARTESIAN_POINT('',(6.28318530718,-0.));
#2266 = VECTOR('',#2267,1.);
#2267 = DIRECTION('',(0.,1.));
#2268 = ( GEOMETRIC_REPRESENTATION_CONTEXT(2) 
PARAMETRIC_REPRESENTATION_CONTEXT() REPRESENTATION_CONTEXT('2D SPACE',''
  ) );
#2269 = PCURVE('',#2148,#2270);
#2270 = DEFINITIONAL_REPRESENTATION('',(#2271),#2275);
#2271 = LINE('',#2272,#2273);
#2272 = CARTESIAN_POINT('',(0.,-0.));
#2273 = VECTOR('',#2274,1.);
#2274 = DIRECTION('',(0.,1.));
#2275 = ( GEOMETRIC_REPRESENTATION_CONTEXT(2) 
PARAMETRIC_REPRESENTATION_CONTEXT() REPRESENTATION_CONTEXT('2D SPACE',''
  ) );
#2276 = ORIENTED_EDGE('',*,*,#2127,.T.);
#2277 = ORIENTED_EDGE('',*,*,#2256,.T.);
#2278 = ADVANCED_FACE('',(#2279),#2180,.F.);
#2279 = FACE_BOUND('',#2280,.F.);
#2280 = EDGE_LOOP('',(#2281));
#2281 = ORIENTED_EDGE('',*,*,#2163,.T.);
#2282 = ADVANCED_FACE('',(#2283),#2244,.F.);
#2283 = FACE_BOUND('',#2284,.F.);
#2284 = EDGE_LOOP('',(#2285));
#2285 = ORIENTED_EDGE('',*,*,#2227,.T.);
#2286 = ( GEOMETRIC_REPRESENTATION_CONTEXT(3) 
GLOBAL_UNCERTAINTY_ASSIGNED_CONTEXT((#2290)) 
GLOBAL_UNIT_ASSIGNED_CONTEXT((#2287,#2288,#2289)) REPRESENTATION_CONTEXT
('Context #1','3D Context with UNIT and UNCERTAINTY') );
#2287 = ( LENGTH_UNIT() NAMED_UNIT(*) SI_UNIT(.MILLI.,.METRE.) );
#2288 = ( NAMED_UNIT(*) PLANE_ANGLE_UNIT() SI_UNIT($,.RADIAN.) );
#2289 = ( NAMED_UNIT(*) SI_UNIT($,.STERADIAN.) SOLID_ANGLE_UNIT() );
#2290 = UNCERTAINTY_MEASURE_WITH_UNIT(LENGTH_MEASURE(1.E-07),#2287,
  'distance_accuracy_value','confusion accuracy');
#2291 = CONTEXT_DEPENDENT_SHAPE_REPRESENTATION(#2292,#2294);
#2292 = ( REPRESENTATION_RELATIONSHIP('','',#40,#10) 
REPRESENTATION_RELATIONSHIP_WITH_TRANSFORMATION(#2293) 
SHAPE_REPRESENTATION_RELATIONSHIP() );
#2293 = ITEM_DEFINED_TRANSFORMATION('','',#11,#15);
#2294 = PRODUCT_DEFINITION_SHAPE('Placement','Placement of an item',
  #2295);
#2295 = NEXT_ASSEMBLY_USAGE_OCCURRENCE('8','','',#5,#35,$);
#2296 = PRODUCT_RELATED_PRODUCT_CATEGORY('part',$,(#37));
#2297 = SHAPE_DEFINITION_REPRESENTATION(#2298,#2304);
#2298 = PRODUCT_DEFINITION_SHAPE('','',#2299);
#2299 = PRODUCT_DEFINITION('design','',#2300,#2303);
#2300 = PRODUCT_DEFINITION_FORMATION('','',#2301);
#2301 = PRODUCT('Open CASCADE STEP translator 7.9 5.2',
  'Open CASCADE STEP translator 7.9 5.2','',(#2302));
#2302 = PRODUCT_CONTEXT('',#2,'mechanical');
#2303 = PRODUCT_DEFINITION_CONTEXT('part definition',#2,'design');
#2304 = SHAPE_REPRESENTATION('',(#11,#2305,#2309),#2313);
#2305 = AXIS2_PLACEMENT_3D('',#2306,#2307,#2308);
#2306 = CARTESIAN_POINT('',(0.,0.,0.));
#2307 = DIRECTION('',(0.,0.,1.));
#2308 = DIRECTION('',(1.,0.,-0.));
#2309 = AXIS2_PLACEMENT_3D('',#2310,#2311,#2312);
#2310 = CARTESIAN_POINT('',(0.,0.,0.));
#2311 = DIRECTION('',(0.,0.,1.));
#2312 = DIRECTION('',(1.,0.,-0.));
#2313 = ( GEOMETRIC_REPRESENTATION_CONTEXT(3) 
GLOBAL_UNCERTAINTY_ASSIGNED_CONTEXT((#2317)) 
GLOBAL_UNIT_ASSIGNED_CONTEXT((#2314,#2315,#2316)) REPRESENTATION_CONTEXT
('Context #1','3D Context with UNIT and UNCERTAINTY') );
#2314 = ( LENGTH_UNIT() NAMED_UNIT(*) SI_UNIT(.MILLI.,.METRE.) );
#2315 = ( NAMED_UNIT(*) PLANE_ANGLE_UNIT() SI_UNIT($,.RADIAN.) );
#2316 = ( NAMED_UNIT(*) SI_UNIT($,.STERADIAN.) SOLID_ANGLE_UNIT() );
#2317 = UNCERTAINTY_MEASURE_WITH_UNIT(LENGTH_MEASURE(1.E-07),#2314,
  'distance_accuracy_value','confusion accuracy');
#2318 = CONTEXT_DEPENDENT_SHAPE_REPRESENTATION(#2319,#2321);
#2319 = ( REPRESENTATION_RELATIONSHIP('','',#2304,#10) 
REPRESENTATION_RELATIONSHIP_WITH_TRANSFORMATION(#2320) 
SHAPE_REPRESENTATION_RELATIONSHIP() );
#2320 = ITEM_DEFINED_TRANSFORMATION('','',#11,#19);
#2321 = PRODUCT_DEFINITION_SHAPE('Placement','Placement of an item',
  #2322);
#2322 = NEXT_ASSEMBLY_USAGE_OCCURRENCE('11','','',#5,#2299,$);
#2323 = PRODUCT_RELATED_PRODUCT_CATEGORY('part',$,(#2301));
#2324 = SHAPE_DEFINITION_REPRESENTATION(#2325,#2331);
#2325 = PRODUCT_DEFINITION_SHAPE('','',#2326);
#2326 = PRODUCT_DEFINITION('design','',#2327,#2330);
#2327 = PRODUCT_DEFINITION_FORMATION('','',#2328);
#2328 = PRODUCT('Open CASCADE STEP translator 7.9 5.2.1',
  'Open CASCADE STEP translator 7.9 5.2.1','',(#2329));
#2329 = PRODUCT_CONTEXT('',#2,'mechanical');
#2330 = PRODUCT_DEFINITION_CONTEXT('part definition',#2,'design');
#2331 = ADVANCED_BREP_SHAPE_REPRESENTATION('',(#11,#2332),#4717);
#2332 = MANIFOLD_SOLID_BREP('',#2333);
#2333 = CLOSED_SHELL('',(#2334,#2561,#2792,#2928,#3106,#3146,#3196,#3394
    ,#3694,#3875,#4001,#4051,#4105,#4132,#4187,#4242,#4296,#4350,#4377,
    #4427,#4479,#4535,#4585,#4646,#4653,#4683,#4690));
#2334 = ADVANCED_FACE('',(#2335),#2349,.F.);
#2335 = FACE_BOUND('',#2336,.F.);
#2336 = EDGE_LOOP('',(#2337,#2372,#2400,#2428,#2456,#2484,#2512,#2535));
#2337 = ORIENTED_EDGE('',*,*,#2338,.F.);
#2338 = EDGE_CURVE('',#2339,#2341,#2343,.T.);
#2339 = VERTEX_POINT('',#2340);
#2340 = CARTESIAN_POINT('',(-52.,-15.65,11.));
#2341 = VERTEX_POINT('',#2342);
#2342 = CARTESIAN_POINT('',(-46.,-15.65,11.));
#2343 = SURFACE_CURVE('',#2344,(#2348,#2360),.PCURVE_S1.);
#2344 = LINE('',#2345,#2346);
#2345 = CARTESIAN_POINT('',(-58.,-15.65,11.));
#2346 = VECTOR('',#2347,1.);
#2347 = DIRECTION('',(1.,0.,0.));
#2348 = PCURVE('',#2349,#2354);
#2349 = PLANE('',#2350);
#2350 = AXIS2_PLACEMENT_3D('',#2351,#2352,#2353);
#2351 = CARTESIAN_POINT('',(-58.,-15.65,11.));
#2352 = DIRECTION('',(-0.,0.,1.));
#2353 = DIRECTION('',(1.,0.,0.));
#2354 = DEFINITIONAL_REPRESENTATION('',(#2355),#2359);
#2355 = LINE('',#2356,#2357);
#2356 = CARTESIAN_POINT('',(0.,0.));
#2357 = VECTOR('',#2358,1.);
#2358 = DIRECTION('',(1.,0.));
#2359 = ( GEOMETRIC_REPRESENTATION_CONTEXT(2) 
PARAMETRIC_REPRESENTATION_CONTEXT() REPRESENTATION_CONTEXT('2D SPACE',''
  ) );
#2360 = PCURVE('',#2361,#2366);
#2361 = PLANE('',#2362);
#2362 = AXIS2_PLACEMENT_3D('',#2363,#2364,#2365);
#2363 = CARTESIAN_POINT('',(-49.,-15.65,27.5));
#2364 = DIRECTION('',(-0.,-1.,-0.));
#2365 = DIRECTION('',(0.,0.,-1.));
#2366 = DEFINITIONAL_REPRESENTATION('',(#2367),#2371);
#2367 = LINE('',#2368,#2369);
#2368 = CARTESIAN_POINT('',(16.5,-9.));
#2369 = VECTOR('',#2370,1.);
#2370 = DIRECTION('',(0.,1.));
#2371 = ( GEOMETRIC_REPRESENTATION_CONTEXT(2) 
PARAMETRIC_REPRESENTATION_CONTEXT() REPRESENTATION_CONTEXT('2D SPACE',''
  ) );
#2372 = ORIENTED_EDGE('',*,*,#2373,.T.);
#2373 = EDGE_CURVE('',#2339,#2374,#2376,.T.);
#2374 = VERTEX_POINT('',#2375);
#2375 = CARTESIAN_POINT('',(-52.,-44.35,11.));
#2376 = SURFACE_CURVE('',#2377,(#2381,#2388),.PCURVE_S1.);
#2377 = LINE('',#2378,#2379);
#2378 = CARTESIAN_POINT('',(-52.,-15.65,11.));
#2379 = VECTOR('',#2380,1.);
#2380 = DIRECTION('',(0.,-1.,0.));
#2381 = PCURVE('',#2349,#2382);
#2382 = DEFINITIONAL_REPRESENTATION('',(#2383),#2387);
#2383 = LINE('',#2384,#2385);
#2384 = CARTESIAN_POINT('',(6.,0.));
#2385 = VECTOR('',#2386,1.);
#2386 = DIRECTION('',(0.,-1.));
#2387 = ( GEOMETRIC_REPRESENTATION_CONTEXT(2) 
PARAMETRIC_REPRESENTATION_CONTEXT() REPRESENTATION_CONTEXT('2D SPACE',''
  ) );
#2388 = PCURVE('',#2389,#2394);
#2389 = CYLINDRICAL_SURFACE('',#2390,6.);
#2390 = AXIS2_PLACEMENT_3D('',#2391,#2392,#2393);
#2391 = CARTESIAN_POINT('',(-52.,-15.65,17.));
#2392 = DIRECTION('',(0.,-1.,0.));
#2393 = DIRECTION('',(0.,-0.,-1.));
#2394 = DEFINITIONAL_REPRESENTATION('',(#2395),#2399);
#2395 = LINE('',#2396,#2397);
#2396 = CARTESIAN_POINT('',(-0.,0.));
#2397 = VECTOR('',#2398,1.);
#2398 = DIRECTION('',(-0.,1.));
#2399 = ( GEOMETRIC_REPRESENTATION_CONTEXT(2) 
PARAMETRIC_REPRESENTATION_CONTEXT() REPRESENTATION_CONTEXT('2D SPACE',''
  ) );
#2400 = ORIENTED_EDGE('',*,*,#2401,.T.);
#2401 = EDGE_CURVE('',#2374,#2402,#2404,.T.);
#2402 = VERTEX_POINT('',#2403);
#2403 = CARTESIAN_POINT('',(-46.,-44.35,11.));
#2404 = SURFACE_CURVE('',#2405,(#2409,#2416),.PCURVE_S1.);
#2405 = LINE('',#2406,#2407);
#2406 = CARTESIAN_POINT('',(-58.,-44.35,11.));
#2407 = VECTOR('',#2408,1.);
#2408 = DIRECTION('',(1.,0.,0.));
#2409 = PCURVE('',#2349,#2410);
#2410 = DEFINITIONAL_REPRESENTATION('',(#2411),#2415);
#2411 = LINE('',#2412,#2413);
#2412 = CARTESIAN_POINT('',(0.,-28.7));
#2413 = VECTOR('',#2414,1.);
#2414 = DIRECTION('',(1.,0.));
#2415 = ( GEOMETRIC_REPRESENTATION_CONTEXT(2) 
PARAMETRIC_REPRESENTATION_CONTEXT() REPRESENTATION_CONTEXT('2D SPACE',''
  ) );
#2416 = PCURVE('',#2417,#2422);
#2417 = PLANE('',#2418);
#2418 = AXIS2_PLACEMENT_3D('',#2419,#2420,#2421);
#2419 = CARTESIAN_POINT('',(-49.,-44.35,27.5));
#2420 = DIRECTION('',(-0.,-1.,-0.));
#2421 = DIRECTION('',(0.,0.,-1.));
#2422 = DEFINITIONAL_REPRESENTATION('',(#2423),#2427);
#2423 = LINE('',#2424,#2425);
#2424 = CARTESIAN_POINT('',(16.5,-9.));
#2425 = VECTOR('',#2426,1.);
#2426 = DIRECTION('',(0.,1.));
#2427 = ( GEOMETRIC_REPRESENTATION_CONTEXT(2) 
PARAMETRIC_REPRESENTATION_CONTEXT() REPRESENTATION_CONTEXT('2D SPACE',''
  ) );
#2428 = ORIENTED_EDGE('',*,*,#2429,.F.);
#2429 = EDGE_CURVE('',#2430,#2402,#2432,.T.);
#2430 = VERTEX_POINT('',#2431);
#2431 = CARTESIAN_POINT('',(-46.,-33.57945526581,11.));
#2432 = SURFACE_CURVE('',#2433,(#2437,#2444),.PCURVE_S1.);
#2433 = LINE('',#2434,#2435);
#2434 = CARTESIAN_POINT('',(-46.,-15.65,11.));
#2435 = VECTOR('',#2436,1.);
#2436 = DIRECTION('',(0.,-1.,0.));
#2437 = PCURVE('',#2349,#2438);
#2438 = DEFINITIONAL_REPRESENTATION('',(#2439),#2443);
#2439 = LINE('',#2440,#2441);
#2440 = CARTESIAN_POINT('',(12.,0.));
#2441 = VECTOR('',#2442,1.);
#2442 = DIRECTION('',(0.,-1.));
#2443 = ( GEOMETRIC_REPRESENTATION_CONTEXT(2) 
PARAMETRIC_REPRESENTATION_CONTEXT() REPRESENTATION_CONTEXT('2D SPACE',''
  ) );
#2444 = PCURVE('',#2445,#2450);
#2445 = CYLINDRICAL_SURFACE('',#2446,6.);
#2446 = AXIS2_PLACEMENT_3D('',#2447,#2448,#2449);
#2447 = CARTESIAN_POINT('',(-46.,-15.65,17.));
#2448 = DIRECTION('',(0.,-1.,0.));
#2449 = DIRECTION('',(0.,-0.,-1.));
#2450 = DEFINITIONAL_REPRESENTATION('',(#2451),#2455);
#2451 = LINE('',#2452,#2453);
#2452 = CARTESIAN_POINT('',(0.,0.));
#2453 = VECTOR('',#2454,1.);
#2454 = DIRECTION('',(0.,1.));
#2455 = ( GEOMETRIC_REPRESENTATION_CONTEXT(2) 
PARAMETRIC_REPRESENTATION_CONTEXT() REPRESENTATION_CONTEXT('2D SPACE',''
  ) );
#2456 = ORIENTED_EDGE('',*,*,#2457,.T.);
#2457 = EDGE_CURVE('',#2430,#2458,#2460,.T.);
#2458 = VERTEX_POINT('',#2459);
#2459 = CARTESIAN_POINT('',(-49.,-33.57945526581,11.));
#2460 = SURFACE_CURVE('',#2461,(#2465,#2472),.PCURVE_S1.);
#2461 = LINE('',#2462,#2463);
#2462 = CARTESIAN_POINT('',(-39.5,-33.57945526581,11.));
#2463 = VECTOR('',#2464,1.);
#2464 = DIRECTION('',(-1.,0.,0.));
#2465 = PCURVE('',#2349,#2466);
#2466 = DEFINITIONAL_REPRESENTATION('',(#2467),#2471);
#2467 = LINE('',#2468,#2469);
#2468 = CARTESIAN_POINT('',(18.5,-17.92945526581));
#2469 = VECTOR('',#2470,1.);
#2470 = DIRECTION('',(-1.,0.));
#2471 = ( GEOMETRIC_REPRESENTATION_CONTEXT(2) 
PARAMETRIC_REPRESENTATION_CONTEXT() REPRESENTATION_CONTEXT('2D SPACE',''
  ) );
#2472 = PCURVE('',#2473,#2478);
#2473 = CYLINDRICAL_SURFACE('',#2474,5.75);
#2474 = AXIS2_PLACEMENT_3D('',#2475,#2476,#2477);
#2475 = CARTESIAN_POINT('',(-39.5,-30.,15.5));
#2476 = DIRECTION('',(-1.,0.,0.));
#2477 = DIRECTION('',(0.,0.,-1.));
#2478 = DEFINITIONAL_REPRESENTATION('',(#2479),#2483);
#2479 = LINE('',#2480,#2481);
#2480 = CARTESIAN_POINT('',(0.671950896496,0.));
#2481 = VECTOR('',#2482,1.);
#2482 = DIRECTION('',(0.,1.));
#2483 = ( GEOMETRIC_REPRESENTATION_CONTEXT(2) 
PARAMETRIC_REPRESENTATION_CONTEXT() REPRESENTATION_CONTEXT('2D SPACE',''
  ) );
#2484 = ORIENTED_EDGE('',*,*,#2485,.F.);
#2485 = EDGE_CURVE('',#2486,#2458,#2488,.T.);
#2486 = VERTEX_POINT('',#2487);
#2487 = CARTESIAN_POINT('',(-49.,-26.42054473418,11.));
#2488 = SURFACE_CURVE('',#2489,(#2493,#2500),.PCURVE_S1.);
#2489 = LINE('',#2490,#2491);
#2490 = CARTESIAN_POINT('',(-49.,-22.825,11.));
#2491 = VECTOR('',#2492,1.);
#2492 = DIRECTION('',(0.,-1.,0.));
#2493 = PCURVE('',#2349,#2494);
#2494 = DEFINITIONAL_REPRESENTATION('',(#2495),#2499);
#2495 = LINE('',#2496,#2497);
#2496 = CARTESIAN_POINT('',(9.,-7.175));
#2497 = VECTOR('',#2498,1.);
#2498 = DIRECTION('',(0.,-1.));
#2499 = ( GEOMETRIC_REPRESENTATION_CONTEXT(2) 
PARAMETRIC_REPRESENTATION_CONTEXT() REPRESENTATION_CONTEXT('2D SPACE',''
  ) );
#2500 = PCURVE('',#2501,#2506);
#2501 = PLANE('',#2502);
#2502 = AXIS2_PLACEMENT_3D('',#2503,#2504,#2505);
#2503 = CARTESIAN_POINT('',(-49.,-30.,15.5));
#2504 = DIRECTION('',(-1.,0.,0.));
#2505 = DIRECTION('',(0.,0.,-1.));
#2506 = DEFINITIONAL_REPRESENTATION('',(#2507),#2511);
#2507 = LINE('',#2508,#2509);
#2508 = CARTESIAN_POINT('',(4.5,-7.175));
#2509 = VECTOR('',#2510,1.);
#2510 = DIRECTION('',(0.,1.));
#2511 = ( GEOMETRIC_REPRESENTATION_CONTEXT(2) 
PARAMETRIC_REPRESENTATION_CONTEXT() REPRESENTATION_CONTEXT('2D SPACE',''
  ) );
#2512 = ORIENTED_EDGE('',*,*,#2513,.F.);
#2513 = EDGE_CURVE('',#2514,#2486,#2516,.T.);
#2514 = VERTEX_POINT('',#2515);
#2515 = CARTESIAN_POINT('',(-46.,-26.42054473418,11.));
#2516 = SURFACE_CURVE('',#2517,(#2521,#2528),.PCURVE_S1.);
#2517 = LINE('',#2518,#2519);
#2518 = CARTESIAN_POINT('',(-39.5,-26.42054473418,11.));
#2519 = VECTOR('',#2520,1.);
#2520 = DIRECTION('',(-1.,0.,0.));
#2521 = PCURVE('',#2349,#2522);
#2522 = DEFINITIONAL_REPRESENTATION('',(#2523),#2527);
#2523 = LINE('',#2524,#2525);
#2524 = CARTESIAN_POINT('',(18.5,-10.77054473418));
#2525 = VECTOR('',#2526,1.);
#2526 = DIRECTION('',(-1.,0.));
#2527 = ( GEOMETRIC_REPRESENTATION_CONTEXT(2) 
PARAMETRIC_REPRESENTATION_CONTEXT() REPRESENTATION_CONTEXT('2D SPACE',''
  ) );
#2528 = PCURVE('',#2473,#2529);
#2529 = DEFINITIONAL_REPRESENTATION('',(#2530),#2534);
#2530 = LINE('',#2531,#2532);
#2531 = CARTESIAN_POINT('',(5.611234410684,0.));
#2532 = VECTOR('',#2533,1.);
#2533 = DIRECTION('',(0.,1.));
#2534 = ( GEOMETRIC_REPRESENTATION_CONTEXT(2) 
PARAMETRIC_REPRESENTATION_CONTEXT() REPRESENTATION_CONTEXT('2D SPACE',''
  ) );
#2535 = ORIENTED_EDGE('',*,*,#2536,.F.);
#2536 = EDGE_CURVE('',#2341,#2514,#2537,.T.);
#2537 = SURFACE_CURVE('',#2538,(#2542,#2549),.PCURVE_S1.);
#2538 = LINE('',#2539,#2540);
#2539 = CARTESIAN_POINT('',(-46.,-15.65,11.));
#2540 = VECTOR('',#2541,1.);
#2541 = DIRECTION('',(0.,-1.,0.));
#2542 = PCURVE('',#2349,#2543);
#2543 = DEFINITIONAL_REPRESENTATION('',(#2544),#2548);
#2544 = LINE('',#2545,#2546);
#2545 = CARTESIAN_POINT('',(12.,0.));
#2546 = VECTOR('',#2547,1.);
#2547 = DIRECTION('',(0.,-1.));
#2548 = ( GEOMETRIC_REPRESENTATION_CONTEXT(2) 
PARAMETRIC_REPRESENTATION_CONTEXT() REPRESENTATION_CONTEXT('2D SPACE',''
  ) );
#2549 = PCURVE('',#2550,#2555);
#2550 = CYLINDRICAL_SURFACE('',#2551,6.);
#2551 = AXIS2_PLACEMENT_3D('',#2552,#2553,#2554);
#2552 = CARTESIAN_POINT('',(-46.,-15.65,17.));
#2553 = DIRECTION('',(0.,-1.,0.));
#2554 = DIRECTION('',(0.,-0.,-1.));
#2555 = DEFINITIONAL_REPRESENTATION('',(#2556),#2560);
#2556 = LINE('',#2557,#2558);
#2557 = CARTESIAN_POINT('',(0.,0.));
#2558 = VECTOR('',#2559,1.);
#2559 = DIRECTION('',(0.,1.));
#2560 = ( GEOMETRIC_REPRESENTATION_CONTEXT(2) 
PARAMETRIC_REPRESENTATION_CONTEXT() REPRESENTATION_CONTEXT('2D SPACE',''
  ) );
#2561 = ADVANCED_FACE('',(#2562,#2757),#2361,.F.);
#2562 = FACE_BOUND('',#2563,.F.);
#2563 = EDGE_LOOP('',(#2564,#2565,#2589,#2617,#2646,#2674,#2703,#2731));
#2564 = ORIENTED_EDGE('',*,*,#2338,.T.);
#2565 = ORIENTED_EDGE('',*,*,#2566,.T.);
#2566 = EDGE_CURVE('',#2341,#2567,#2569,.T.);
#2567 = VERTEX_POINT('',#2568);
#2568 = CARTESIAN_POINT('',(-40.,-15.65,17.));
#2569 = SURFACE_CURVE('',#2570,(#2575,#2582),.PCURVE_S1.);
#2570 = CIRCLE('',#2571,6.);
#2571 = AXIS2_PLACEMENT_3D('',#2572,#2573,#2574);
#2572 = CARTESIAN_POINT('',(-46.,-15.65,17.));
#2573 = DIRECTION('',(0.,-1.,0.));
#2574 = DIRECTION('',(0.,-0.,-1.));
#2575 = PCURVE('',#2361,#2576);
#2576 = DEFINITIONAL_REPRESENTATION('',(#2577),#2581);
#2577 = CIRCLE('',#2578,6.);
#2578 = AXIS2_PLACEMENT_2D('',#2579,#2580);
#2579 = CARTESIAN_POINT('',(10.5,3.));
#2580 = DIRECTION('',(1.,0.));
#2581 = ( GEOMETRIC_REPRESENTATION_CONTEXT(2) 
PARAMETRIC_REPRESENTATION_CONTEXT() REPRESENTATION_CONTEXT('2D SPACE',''
  ) );
#2582 = PCURVE('',#2550,#2583);
#2583 = DEFINITIONAL_REPRESENTATION('',(#2584),#2588);
#2584 = LINE('',#2585,#2586);
#2585 = CARTESIAN_POINT('',(0.,0.));
#2586 = VECTOR('',#2587,1.);
#2587 = DIRECTION('',(1.,0.));
#2588 = ( GEOMETRIC_REPRESENTATION_CONTEXT(2) 
PARAMETRIC_REPRESENTATION_CONTEXT() REPRESENTATION_CONTEXT('2D SPACE',''
  ) );
#2589 = ORIENTED_EDGE('',*,*,#2590,.T.);
#2590 = EDGE_CURVE('',#2567,#2591,#2593,.T.);
#2591 = VERTEX_POINT('',#2592);
#2592 = CARTESIAN_POINT('',(-40.,-15.65,38.));
#2593 = SURFACE_CURVE('',#2594,(#2598,#2605),.PCURVE_S1.);
#2594 = LINE('',#2595,#2596);
#2595 = CARTESIAN_POINT('',(-40.,-15.65,11.));
#2596 = VECTOR('',#2597,1.);
#2597 = DIRECTION('',(0.,0.,1.));
#2598 = PCURVE('',#2361,#2599);
#2599 = DEFINITIONAL_REPRESENTATION('',(#2600),#2604);
#2600 = LINE('',#2601,#2602);
#2601 = CARTESIAN_POINT('',(16.5,9.));
#2602 = VECTOR('',#2603,1.);
#2603 = DIRECTION('',(-1.,0.));
#2604 = ( GEOMETRIC_REPRESENTATION_CONTEXT(2) 
PARAMETRIC_REPRESENTATION_CONTEXT() REPRESENTATION_CONTEXT('2D SPACE',''
  ) );
#2605 = PCURVE('',#2606,#2611);
#2606 = PLANE('',#2607);
#2607 = AXIS2_PLACEMENT_3D('',#2608,#2609,#2610);
#2608 = CARTESIAN_POINT('',(-40.,-15.65,11.));
#2609 = DIRECTION('',(-1.,0.,0.));
#2610 = DIRECTION('',(0.,0.,1.));
#2611 = DEFINITIONAL_REPRESENTATION('',(#2612),#2616);
#2612 = LINE('',#2613,#2614);
#2613 = CARTESIAN_POINT('',(0.,0.));
#2614 = VECTOR('',#2615,1.);
#2615 = DIRECTION('',(1.,0.));
#2616 = ( GEOMETRIC_REPRESENTATION_CONTEXT(2) 
PARAMETRIC_REPRESENTATION_CONTEXT() REPRESENTATION_CONTEXT('2D SPACE',''
  ) );
#2617 = ORIENTED_EDGE('',*,*,#2618,.T.);
#2618 = EDGE_CURVE('',#2591,#2619,#2621,.T.);
#2619 = VERTEX_POINT('',#2620);
#2620 = CARTESIAN_POINT('',(-46.,-15.65,44.));
#2621 = SURFACE_CURVE('',#2622,(#2627,#2634),.PCURVE_S1.);
#2622 = CIRCLE('',#2623,6.);
#2623 = AXIS2_PLACEMENT_3D('',#2624,#2625,#2626);
#2624 = CARTESIAN_POINT('',(-46.,-15.65,38.));
#2625 = DIRECTION('',(0.,-1.,0.));
#2626 = DIRECTION('',(0.,-0.,-1.));
#2627 = PCURVE('',#2361,#2628);
#2628 = DEFINITIONAL_REPRESENTATION('',(#2629),#2633);
#2629 = CIRCLE('',#2630,6.);
#2630 = AXIS2_PLACEMENT_2D('',#2631,#2632);
#2631 = CARTESIAN_POINT('',(-10.5,3.));
#2632 = DIRECTION('',(1.,0.));
#2633 = ( GEOMETRIC_REPRESENTATION_CONTEXT(2) 
PARAMETRIC_REPRESENTATION_CONTEXT() REPRESENTATION_CONTEXT('2D SPACE',''
  ) );
#2634 = PCURVE('',#2635,#2640);
#2635 = CYLINDRICAL_SURFACE('',#2636,6.);
#2636 = AXIS2_PLACEMENT_3D('',#2637,#2638,#2639);
#2637 = CARTESIAN_POINT('',(-46.,-15.65,38.));
#2638 = DIRECTION('',(0.,-1.,0.));
#2639 = DIRECTION('',(1.,0.,-0.));
#2640 = DEFINITIONAL_REPRESENTATION('',(#2641),#2645);
#2641 = LINE('',#2642,#2643);
#2642 = CARTESIAN_POINT('',(-1.570796326795,0.));
#2643 = VECTOR('',#2644,1.);
#2644 = DIRECTION('',(1.,0.));
#2645 = ( GEOMETRIC_REPRESENTATION_CONTEXT(2) 
PARAMETRIC_REPRESENTATION_CONTEXT() REPRESENTATION_CONTEXT('2D SPACE',''
  ) );
#2646 = ORIENTED_EDGE('',*,*,#2647,.T.);
#2647 = EDGE_CURVE('',#2619,#2648,#2650,.T.);
#2648 = VERTEX_POINT('',#2649);
#2649 = CARTESIAN_POINT('',(-52.,-15.65,44.));
#2650 = SURFACE_CURVE('',#2651,(#2655,#2662),.PCURVE_S1.);
#2651 = LINE('',#2652,#2653);
#2652 = CARTESIAN_POINT('',(-40.,-15.65,44.));
#2653 = VECTOR('',#2654,1.);
#2654 = DIRECTION('',(-1.,0.,0.));
#2655 = PCURVE('',#2361,#2656);
#2656 = DEFINITIONAL_REPRESENTATION('',(#2657),#2661);
#2657 = LINE('',#2658,#2659);
#2658 = CARTESIAN_POINT('',(-16.5,9.));
#2659 = VECTOR('',#2660,1.);
#2660 = DIRECTION('',(0.,-1.));
#2661 = ( GEOMETRIC_REPRESENTATION_CONTEXT(2) 
PARAMETRIC_REPRESENTATION_CONTEXT() REPRESENTATION_CONTEXT('2D SPACE',''
  ) );
#2662 = PCURVE('',#2663,#2668);
#2663 = PLANE('',#2664);
#2664 = AXIS2_PLACEMENT_3D('',#2665,#2666,#2667);
#2665 = CARTESIAN_POINT('',(-40.,-15.65,44.));
#2666 = DIRECTION('',(-0.,-0.,-1.));
#2667 = DIRECTION('',(-1.,0.,0.));
#2668 = DEFINITIONAL_REPRESENTATION('',(#2669),#2673);
#2669 = LINE('',#2670,#2671);
#2670 = CARTESIAN_POINT('',(0.,0.));
#2671 = VECTOR('',#2672,1.);
#2672 = DIRECTION('',(1.,0.));
#2673 = ( GEOMETRIC_REPRESENTATION_CONTEXT(2) 
PARAMETRIC_REPRESENTATION_CONTEXT() REPRESENTATION_CONTEXT('2D SPACE',''
  ) );
#2674 = ORIENTED_EDGE('',*,*,#2675,.T.);
#2675 = EDGE_CURVE('',#2648,#2676,#2678,.T.);
#2676 = VERTEX_POINT('',#2677);
#2677 = CARTESIAN_POINT('',(-58.,-15.65,38.));
#2678 = SURFACE_CURVE('',#2679,(#2684,#2691),.PCURVE_S1.);
#2679 = CIRCLE('',#2680,6.);
#2680 = AXIS2_PLACEMENT_3D('',#2681,#2682,#2683);
#2681 = CARTESIAN_POINT('',(-52.,-15.65,38.));
#2682 = DIRECTION('',(0.,-1.,0.));
#2683 = DIRECTION('',(0.,-0.,-1.));
#2684 = PCURVE('',#2361,#2685);
#2685 = DEFINITIONAL_REPRESENTATION('',(#2686),#2690);
#2686 = CIRCLE('',#2687,6.);
#2687 = AXIS2_PLACEMENT_2D('',#2688,#2689);
#2688 = CARTESIAN_POINT('',(-10.5,-3.));
#2689 = DIRECTION('',(1.,0.));
#2690 = ( GEOMETRIC_REPRESENTATION_CONTEXT(2) 
PARAMETRIC_REPRESENTATION_CONTEXT() REPRESENTATION_CONTEXT('2D SPACE',''
  ) );
#2691 = PCURVE('',#2692,#2697);
#2692 = CYLINDRICAL_SURFACE('',#2693,6.);
#2693 = AXIS2_PLACEMENT_3D('',#2694,#2695,#2696);
#2694 = CARTESIAN_POINT('',(-52.,-15.65,38.));
#2695 = DIRECTION('',(0.,-1.,0.));
#2696 = DIRECTION('',(-0.,0.,1.));
#2697 = DEFINITIONAL_REPRESENTATION('',(#2698),#2702);
#2698 = LINE('',#2699,#2700);
#2699 = CARTESIAN_POINT('',(-3.14159265359,0.));
#2700 = VECTOR('',#2701,1.);
#2701 = DIRECTION('',(1.,0.));
#2702 = ( GEOMETRIC_REPRESENTATION_CONTEXT(2) 
PARAMETRIC_REPRESENTATION_CONTEXT() REPRESENTATION_CONTEXT('2D SPACE',''
  ) );
#2703 = ORIENTED_EDGE('',*,*,#2704,.T.);
#2704 = EDGE_CURVE('',#2676,#2705,#2707,.T.);
#2705 = VERTEX_POINT('',#2706);
#2706 = CARTESIAN_POINT('',(-58.,-15.65,17.));
#2707 = SURFACE_CURVE('',#2708,(#2712,#2719),.PCURVE_S1.);
#2708 = LINE('',#2709,#2710);
#2709 = CARTESIAN_POINT('',(-58.,-15.65,44.));
#2710 = VECTOR('',#2711,1.);
#2711 = DIRECTION('',(0.,0.,-1.));
#2712 = PCURVE('',#2361,#2713);
#2713 = DEFINITIONAL_REPRESENTATION('',(#2714),#2718);
#2714 = LINE('',#2715,#2716);
#2715 = CARTESIAN_POINT('',(-16.5,-9.));
#2716 = VECTOR('',#2717,1.);
#2717 = DIRECTION('',(1.,0.));
#2718 = ( GEOMETRIC_REPRESENTATION_CONTEXT(2) 
PARAMETRIC_REPRESENTATION_CONTEXT() REPRESENTATION_CONTEXT('2D SPACE',''
  ) );
#2719 = PCURVE('',#2720,#2725);
#2720 = PLANE('',#2721);
#2721 = AXIS2_PLACEMENT_3D('',#2722,#2723,#2724);
#2722 = CARTESIAN_POINT('',(-58.,-15.65,44.));
#2723 = DIRECTION('',(1.,0.,0.));
#2724 = DIRECTION('',(0.,0.,-1.));
#2725 = DEFINITIONAL_REPRESENTATION('',(#2726),#2730);
#2726 = LINE('',#2727,#2728);
#2727 = CARTESIAN_POINT('',(0.,0.));
#2728 = VECTOR('',#2729,1.);
#2729 = DIRECTION('',(1.,0.));
#2730 = ( GEOMETRIC_REPRESENTATION_CONTEXT(2) 
PARAMETRIC_REPRESENTATION_CONTEXT() REPRESENTATION_CONTEXT('2D SPACE',''
  ) );
#2731 = ORIENTED_EDGE('',*,*,#2732,.F.);
#2732 = EDGE_CURVE('',#2339,#2705,#2733,.T.);
#2733 = SURFACE_CURVE('',#2734,(#2739,#2750),.PCURVE_S1.);
#2734 = CIRCLE('',#2735,6.);
#2735 = AXIS2_PLACEMENT_3D('',#2736,#2737,#2738);
#2736 = CARTESIAN_POINT('',(-52.,-15.65,17.));
#2737 = DIRECTION('',(-0.,1.,0.));
#2738 = DIRECTION('',(0.,0.,-1.));
#2739 = PCURVE('',#2361,#2740);
#2740 = DEFINITIONAL_REPRESENTATION('',(#2741),#2749);
#2741 = ( BOUNDED_CURVE() B_SPLINE_CURVE(2,(#2742,#2743,#2744,#2745,
#2746,#2747,#2748),.UNSPECIFIED.,.T.,.F.) B_SPLINE_CURVE_WITH_KNOTS((1,2
    ,2,2,2,1),(-2.094395102393,0.,2.094395102393,4.188790204786,
6.28318530718,8.377580409573),.UNSPECIFIED.) CURVE() 
GEOMETRIC_REPRESENTATION_ITEM() RATIONAL_B_SPLINE_CURVE((1.,0.5,1.,0.5,
1.,0.5,1.)) REPRESENTATION_ITEM('') );
#2742 = CARTESIAN_POINT('',(16.5,-3.));
#2743 = CARTESIAN_POINT('',(16.5,-13.39230484541));
#2744 = CARTESIAN_POINT('',(7.5,-8.196152422707));
#2745 = CARTESIAN_POINT('',(-1.5,-3.));
#2746 = CARTESIAN_POINT('',(7.5,2.196152422707));
#2747 = CARTESIAN_POINT('',(16.5,7.392304845413));
#2748 = CARTESIAN_POINT('',(16.5,-3.));
#2749 = ( GEOMETRIC_REPRESENTATION_CONTEXT(2) 
PARAMETRIC_REPRESENTATION_CONTEXT() REPRESENTATION_CONTEXT('2D SPACE',''
  ) );
#2750 = PCURVE('',#2389,#2751);
#2751 = DEFINITIONAL_REPRESENTATION('',(#2752),#2756);
#2752 = LINE('',#2753,#2754);
#2753 = CARTESIAN_POINT('',(-0.,0.));
#2754 = VECTOR('',#2755,1.);
#2755 = DIRECTION('',(-1.,0.));
#2756 = ( GEOMETRIC_REPRESENTATION_CONTEXT(2) 
PARAMETRIC_REPRESENTATION_CONTEXT() REPRESENTATION_CONTEXT('2D SPACE',''
  ) );
#2757 = FACE_BOUND('',#2758,.F.);
#2758 = EDGE_LOOP('',(#2759));
#2759 = ORIENTED_EDGE('',*,*,#2760,.T.);
#2760 = EDGE_CURVE('',#2761,#2761,#2763,.T.);
#2761 = VERTEX_POINT('',#2762);
#2762 = CARTESIAN_POINT('',(-55.,-15.65,41.5));
#2763 = SURFACE_CURVE('',#2764,(#2769,#2780),.PCURVE_S1.);
#2764 = CIRCLE('',#2765,2.);
#2765 = AXIS2_PLACEMENT_3D('',#2766,#2767,#2768);
#2766 = CARTESIAN_POINT('',(-55.,-15.65,39.5));
#2767 = DIRECTION('',(0.,1.,0.));
#2768 = DIRECTION('',(0.,-0.,1.));
#2769 = PCURVE('',#2361,#2770);
#2770 = DEFINITIONAL_REPRESENTATION('',(#2771),#2779);
#2771 = ( BOUNDED_CURVE() B_SPLINE_CURVE(2,(#2772,#2773,#2774,#2775,
#2776,#2777,#2778),.UNSPECIFIED.,.T.,.F.) B_SPLINE_CURVE_WITH_KNOTS((1,2
    ,2,2,2,1),(-2.094395102393,0.,2.094395102393,4.188790204786,
6.28318530718,8.377580409573),.UNSPECIFIED.) CURVE() 
GEOMETRIC_REPRESENTATION_ITEM() RATIONAL_B_SPLINE_CURVE((1.,0.5,1.,0.5,
1.,0.5,1.)) REPRESENTATION_ITEM('') );
#2772 = CARTESIAN_POINT('',(-14.,-6.));
#2773 = CARTESIAN_POINT('',(-14.,-2.535898384862));
#2774 = CARTESIAN_POINT('',(-11.,-4.267949192431));
#2775 = CARTESIAN_POINT('',(-8.,-6.));
#2776 = CARTESIAN_POINT('',(-11.,-7.732050807569));
#2777 = CARTESIAN_POINT('',(-14.,-9.464101615138));
#2778 = CARTESIAN_POINT('',(-14.,-6.));
#2779 = ( GEOMETRIC_REPRESENTATION_CONTEXT(2) 
PARAMETRIC_REPRESENTATION_CONTEXT() REPRESENTATION_CONTEXT('2D SPACE',''
  ) );
#2780 = PCURVE('',#2781,#2786);
#2781 = CYLINDRICAL_SURFACE('',#2782,2.);
#2782 = AXIS2_PLACEMENT_3D('',#2783,#2784,#2785);
#2783 = CARTESIAN_POINT('',(-55.,-21.65,39.5));
#2784 = DIRECTION('',(0.,1.,0.));
#2785 = DIRECTION('',(0.,-0.,1.));
#2786 = DEFINITIONAL_REPRESENTATION('',(#2787),#2791);
#2787 = LINE('',#2788,#2789);
#2788 = CARTESIAN_POINT('',(0.,6.));
#2789 = VECTOR('',#2790,1.);
#2790 = DIRECTION('',(1.,0.));
#2791 = ( GEOMETRIC_REPRESENTATION_CONTEXT(2) 
PARAMETRIC_REPRESENTATION_CONTEXT() REPRESENTATION_CONTEXT('2D SPACE',''
  ) );
#2792 = ADVANCED_FACE('',(#2793),#2550,.T.);
#2793 = FACE_BOUND('',#2794,.T.);
#2794 = EDGE_LOOP('',(#2795,#2796,#2797,#2820));
#2795 = ORIENTED_EDGE('',*,*,#2536,.F.);
#2796 = ORIENTED_EDGE('',*,*,#2566,.T.);
#2797 = ORIENTED_EDGE('',*,*,#2798,.T.);
#2798 = EDGE_CURVE('',#2567,#2799,#2801,.T.);
#2799 = VERTEX_POINT('',#2800);
#2800 = CARTESIAN_POINT('',(-40.,-24.4490991722,17.));
#2801 = SURFACE_CURVE('',#2802,(#2806,#2813),.PCURVE_S1.);
#2802 = LINE('',#2803,#2804);
#2803 = CARTESIAN_POINT('',(-40.,-15.65,17.));
#2804 = VECTOR('',#2805,1.);
#2805 = DIRECTION('',(0.,-1.,0.));
#2806 = PCURVE('',#2550,#2807);
#2807 = DEFINITIONAL_REPRESENTATION('',(#2808),#2812);
#2808 = LINE('',#2809,#2810);
#2809 = CARTESIAN_POINT('',(1.570796326795,0.));
#2810 = VECTOR('',#2811,1.);
#2811 = DIRECTION('',(0.,1.));
#2812 = ( GEOMETRIC_REPRESENTATION_CONTEXT(2) 
PARAMETRIC_REPRESENTATION_CONTEXT() REPRESENTATION_CONTEXT('2D SPACE',''
  ) );
#2813 = PCURVE('',#2606,#2814);
#2814 = DEFINITIONAL_REPRESENTATION('',(#2815),#2819);
#2815 = LINE('',#2816,#2817);
#2816 = CARTESIAN_POINT('',(6.,0.));
#2817 = VECTOR('',#2818,1.);
#2818 = DIRECTION('',(0.,-1.));
#2819 = ( GEOMETRIC_REPRESENTATION_CONTEXT(2) 
PARAMETRIC_REPRESENTATION_CONTEXT() REPRESENTATION_CONTEXT('2D SPACE',''
  ) );
#2820 = ORIENTED_EDGE('',*,*,#2821,.T.);
#2821 = EDGE_CURVE('',#2799,#2514,#2822,.T.);
#2822 = SURFACE_CURVE('',#2823,(#2856,#2892),.PCURVE_S1.);
#2823 = B_SPLINE_CURVE_WITH_KNOTS('',7,(#2824,#2825,#2826,#2827,#2828,
    #2829,#2830,#2831,#2832,#2833,#2834,#2835,#2836,#2837,#2838,#2839,
    #2840,#2841,#2842,#2843,#2844,#2845,#2846,#2847,#2848,#2849,#2850,
    #2851,#2852,#2853,#2854,#2855),.UNSPECIFIED.,.F.,.F.,(8,6,6,6,6,8),(
    0.,0.179827366231,0.351516487445,0.609183124931,0.8265418779,1.),
  .UNSPECIFIED.);
#2824 = CARTESIAN_POINT('',(-40.,-24.4490991722,17.));
#2825 = CARTESIAN_POINT('',(-40.,-24.37151809738,16.712903431699));
#2826 = CARTESIAN_POINT('',(-40.01602634404,-24.31024335909,
    16.417360042257));
#2827 = CARTESIAN_POINT('',(-40.04978041021,-24.26733057701,
    16.117732081325));
#2828 = CARTESIAN_POINT('',(-40.10183236796,-24.24347507821,
    15.818517223981));
#2829 = CARTESIAN_POINT('',(-40.17153539009,-24.23810046372,
    15.524208297973));
#2830 = CARTESIAN_POINT('',(-40.25693267924,-24.24945108343,
    15.239198742947));
#2831 = CARTESIAN_POINT('',(-40.44795932498,-24.29878361776,
    14.70855424411));
#2832 = CARTESIAN_POINT('',(-40.5527606645,-24.33560529958,
    14.460991409969));
#2833 = CARTESIAN_POINT('',(-40.66752708833,-24.3831466392,
    14.22530210578));
#2834 = CARTESIAN_POINT('',(-40.79082503144,-24.4396003167,
    14.001569763865));
#2835 = CARTESIAN_POINT('',(-40.9213293285,-24.50332687587,
    13.789741410182));
#2836 = CARTESIAN_POINT('',(-41.05782248027,-24.57283460563,
    13.589659169548));
#2837 = CARTESIAN_POINT('',(-41.41133940293,-24.75773271038,
    13.118080985835));
#2838 = CARTESIAN_POINT('',(-41.63556743135,-24.87924716335,
    12.859523373604));
#2839 = CARTESIAN_POINT('',(-41.86928906129,-25.00744903374,
    12.623772551339));
#2840 = CARTESIAN_POINT('',(-42.11084265035,-25.13938610089,
    12.409093161293));
#2841 = CARTESIAN_POINT('',(-42.35940289388,-25.2727228285,
    12.213824805083));
#2842 = CARTESIAN_POINT('',(-42.61487133057,-25.40547276421,
    12.036560645134));
#2843 = CARTESIAN_POINT('',(-43.09966145022,-25.64525001794,
    11.741148887686));
#2844 = CARTESIAN_POINT('',(-43.32658101617,-25.75293420406,
    11.618237603438));
#2845 = CARTESIAN_POINT('',(-43.5585342446,-25.85713673004,
    11.507193977726));
#2846 = CARTESIAN_POINT('',(-43.79546836204,-25.95625288047,
    11.40788116832));
#2847 = CARTESIAN_POINT('',(-44.03738533591,-26.04845970997,
    11.320310539471));
#2848 = CARTESIAN_POINT('',(-44.28438218408,-26.13172863479,
    11.244625380046));
#2849 = CARTESIAN_POINT('',(-44.73802610521,-26.26152057824,
    11.130543070797));
#2850 = CARTESIAN_POINT('',(-44.94338417803,-26.31225090972,
    11.08754184684));
#2851 = CARTESIAN_POINT('',(-45.15162896073,-26.35457205884,
    11.052760638067));
#2852 = CARTESIAN_POINT('',(-45.36193892686,-26.38724969065,
    11.026483822465));
#2853 = CARTESIAN_POINT('',(-45.57372168226,-26.40940595116,
    11.008860262359));
#2854 = CARTESIAN_POINT('',(-45.78653405084,-26.42054473418,11.));
#2855 = CARTESIAN_POINT('',(-46.,-26.42054473418,11.));
#2856 = PCURVE('',#2550,#2857);
#2857 = DEFINITIONAL_REPRESENTATION('',(#2858),#2891);
#2858 = B_SPLINE_CURVE_WITH_KNOTS('',7,(#2859,#2860,#2861,#2862,#2863,
    #2864,#2865,#2866,#2867,#2868,#2869,#2870,#2871,#2872,#2873,#2874,
    #2875,#2876,#2877,#2878,#2879,#2880,#2881,#2882,#2883,#2884,#2885,
    #2886,#2887,#2888,#2889,#2890),.UNSPECIFIED.,.F.,.F.,(8,6,6,6,6,8),(
    0.,0.179827366231,0.351516487445,0.609183124931,0.8265418779,1.),
  .UNSPECIFIED.);
#2859 = CARTESIAN_POINT('',(1.570796326795,8.799099172206));
#2860 = CARTESIAN_POINT('',(1.522946898745,8.721518097384));
#2861 = CARTESIAN_POINT('',(1.473689584554,8.660243359095));
#2862 = CARTESIAN_POINT('',(1.423572945395,8.617330577013));
#2863 = CARTESIAN_POINT('',(1.373119150635,8.593475078217));
#2864 = CARTESIAN_POINT('',(1.322850974933,8.588100463724));
#2865 = CARTESIAN_POINT('',(1.273336241478,8.599451083435));
#2866 = CARTESIAN_POINT('',(1.179339379307,8.648783617761));
#2867 = CARTESIAN_POINT('',(1.134601567888,8.685605299582));
#2868 = CARTESIAN_POINT('',(1.09100509809,8.733146639201));
#2869 = CARTESIAN_POINT('',(1.0485222698,8.789600316706));
#2870 = CARTESIAN_POINT('',(1.007128214308,8.853326875875));
#2871 = CARTESIAN_POINT('',(0.966800860255,8.922834605632));
#2872 = CARTESIAN_POINT('',(0.868572074313,9.10773271038));
#2873 = CARTESIAN_POINT('',(0.811675841711,9.229247163352));
#2874 = CARTESIAN_POINT('',(0.756537355432,9.357449033748));
#2875 = CARTESIAN_POINT('',(0.702861612359,9.489386100892));
#2876 = CARTESIAN_POINT('',(0.650329609259,9.622722828507));
#2877 = CARTESIAN_POINT('',(0.59859666049,9.755472764211));
#2878 = CARTESIAN_POINT('',(0.503979072487,9.995250017943));
#2879 = CARTESIAN_POINT('',(0.461023104401,10.102934204063));
#2880 = CARTESIAN_POINT('',(0.418247754901,10.207136730046));
#2881 = CARTESIAN_POINT('',(0.375524424569,10.30625288047));
#2882 = CARTESIAN_POINT('',(0.332730033374,10.398459709972));
#2883 = CARTESIAN_POINT('',(0.289730435014,10.48172863479));
#2884 = CARTESIAN_POINT('',(0.21176898078,10.611520578241));
#2885 = CARTESIAN_POINT('',(0.176828282219,10.662250909729));
#2886 = CARTESIAN_POINT('',(0.141687251654,10.704572058846));
#2887 = CARTESIAN_POINT('',(0.106417180927,10.737249690655));
#2888 = CARTESIAN_POINT('',(7.104634184571E-02,10.759405951166));
#2889 = CARTESIAN_POINT('',(3.557765819194E-02,10.770544734181));
#2890 = CARTESIAN_POINT('',(0.,10.770544734181));
#2891 = ( GEOMETRIC_REPRESENTATION_CONTEXT(2) 
PARAMETRIC_REPRESENTATION_CONTEXT() REPRESENTATION_CONTEXT('2D SPACE',''
  ) );
#2892 = PCURVE('',#2473,#2893);
#2893 = DEFINITIONAL_REPRESENTATION('',(#2894),#2927);
#2894 = B_SPLINE_CURVE_WITH_KNOTS('',7,(#2895,#2896,#2897,#2898,#2899,
    #2900,#2901,#2902,#2903,#2904,#2905,#2906,#2907,#2908,#2909,#2910,
    #2911,#2912,#2913,#2914,#2915,#2916,#2917,#2918,#2919,#2920,#2921,
    #2922,#2923,#2924,#2925,#2926),.UNSPECIFIED.,.F.,.F.,(8,6,6,6,6,8),(
    0.,0.179827366231,0.351516487445,0.609183124931,0.8265418779,1.),
  .UNSPECIFIED.);
#2895 = CARTESIAN_POINT('',(4.448466132255,0.5));
#2896 = CARTESIAN_POINT('',(4.500186848803,0.5));
#2897 = CARTESIAN_POINT('',(4.552586004067,0.516026344045));
#2898 = CARTESIAN_POINT('',(4.605063457717,0.549780410216));
#2899 = CARTESIAN_POINT('',(4.657086293021,0.601832367966));
#2900 = CARTESIAN_POINT('',(4.708137987655,0.67153539009));
#2901 = CARTESIAN_POINT('',(4.757674850923,0.756932679241));
#2902 = CARTESIAN_POINT('',(4.850358802071,0.947959324983));
#2903 = CARTESIAN_POINT('',(4.893821163013,1.052760664503));
#2904 = CARTESIAN_POINT('',(4.935551383075,1.167527088334));
#2905 = CARTESIAN_POINT('',(4.975603453323,1.290825031444));
#2906 = CARTESIAN_POINT('',(5.014017959246,1.421329328504));
#2907 = CARTESIAN_POINT('',(5.050826358681,1.557822480276));
#2908 = CARTESIAN_POINT('',(5.138918644453,1.91133940293));
#2909 = CARTESIAN_POINT('',(5.18849647611,2.135567431355));
#2910 = CARTESIAN_POINT('',(5.23504735347,2.369289061293));
#2911 = CARTESIAN_POINT('',(5.278771618768,2.610842650359));
#2912 = CARTESIAN_POINT('',(5.31982834988,2.85940289388));
#2913 = CARTESIAN_POINT('',(5.358314014447,3.114871330579));
#2914 = CARTESIAN_POINT('',(5.424483582458,3.599661450227));
#2915 = CARTESIAN_POINT('',(5.452882782128,3.826581016176));
#2916 = CARTESIAN_POINT('',(5.47934287201,4.058534244602));
#2917 = CARTESIAN_POINT('',(5.50372752746,4.295468362049));
#2918 = CARTESIAN_POINT('',(5.525834008509,4.53738533591));
#2919 = CARTESIAN_POINT('',(5.545400988476,4.784382184081));
#2920 = CARTESIAN_POINT('',(5.575453606161,5.238026105216));
#2921 = CARTESIAN_POINT('',(5.587017463673,5.443384178035));
#2922 = CARTESIAN_POINT('',(5.596543178186,5.651628960734));
#2923 = CARTESIAN_POINT('',(5.603835437825,5.861938926861));
#2924 = CARTESIAN_POINT('',(5.608759154984,6.073721682261));
#2925 = CARTESIAN_POINT('',(5.611234410684,6.286534050848));
#2926 = CARTESIAN_POINT('',(5.611234410684,6.5));
#2927 = ( GEOMETRIC_REPRESENTATION_CONTEXT(2) 
PARAMETRIC_REPRESENTATION_CONTEXT() REPRESENTATION_CONTEXT('2D SPACE',''
  ) );
#2928 = ADVANCED_FACE('',(#2929),#2473,.F.);
#2929 = FACE_BOUND('',#2930,.F.);
#2930 = EDGE_LOOP('',(#2931,#2953,#2954,#3082,#3104,#3105));
#2931 = ORIENTED_EDGE('',*,*,#2932,.F.);
#2932 = EDGE_CURVE('',#2458,#2486,#2933,.T.);
#2933 = SURFACE_CURVE('',#2934,(#2939,#2946),.PCURVE_S1.);
#2934 = CIRCLE('',#2935,5.75);
#2935 = AXIS2_PLACEMENT_3D('',#2936,#2937,#2938);
#2936 = CARTESIAN_POINT('',(-49.,-30.,15.5));
#2937 = DIRECTION('',(-1.,0.,0.));
#2938 = DIRECTION('',(0.,0.,-1.));
#2939 = PCURVE('',#2473,#2940);
#2940 = DEFINITIONAL_REPRESENTATION('',(#2941),#2945);
#2941 = LINE('',#2942,#2943);
#2942 = CARTESIAN_POINT('',(0.,9.5));
#2943 = VECTOR('',#2944,1.);
#2944 = DIRECTION('',(1.,0.));
#2945 = ( GEOMETRIC_REPRESENTATION_CONTEXT(2) 
PARAMETRIC_REPRESENTATION_CONTEXT() REPRESENTATION_CONTEXT('2D SPACE',''
  ) );
#2946 = PCURVE('',#2501,#2947);
#2947 = DEFINITIONAL_REPRESENTATION('',(#2948),#2952);
#2948 = CIRCLE('',#2949,5.75);
#2949 = AXIS2_PLACEMENT_2D('',#2950,#2951);
#2950 = CARTESIAN_POINT('',(0.,0.));
#2951 = DIRECTION('',(1.,0.));
#2952 = ( GEOMETRIC_REPRESENTATION_CONTEXT(2) 
PARAMETRIC_REPRESENTATION_CONTEXT() REPRESENTATION_CONTEXT('2D SPACE',''
  ) );
#2953 = ORIENTED_EDGE('',*,*,#2457,.F.);
#2954 = ORIENTED_EDGE('',*,*,#2955,.T.);
#2955 = EDGE_CURVE('',#2430,#2956,#2958,.T.);
#2956 = VERTEX_POINT('',#2957);
#2957 = CARTESIAN_POINT('',(-40.,-35.55090082779,17.));
#2958 = SURFACE_CURVE('',#2959,(#2998,#3040),.PCURVE_S1.);
#2959 = B_SPLINE_CURVE_WITH_KNOTS('',7,(#2960,#2961,#2962,#2963,#2964,
    #2965,#2966,#2967,#2968,#2969,#2970,#2971,#2972,#2973,#2974,#2975,
    #2976,#2977,#2978,#2979,#2980,#2981,#2982,#2983,#2984,#2985,#2986,
    #2987,#2988,#2989,#2990,#2991,#2992,#2993,#2994,#2995,#2996,#2997),
  .UNSPECIFIED.,.F.,.F.,(8,6,6,6,6,6,8),(0.,0.170268649693,
    0.392056660368,0.64928749123,0.744809017791,0.930344395883,1.),
  .UNSPECIFIED.);
#2960 = CARTESIAN_POINT('',(-46.,-33.57945526581,11.));
#2961 = CARTESIAN_POINT('',(-45.79055221659,-33.57945526581,11.));
#2962 = CARTESIAN_POINT('',(-45.58173178528,-33.59017866639,
    11.008529853139));
#2963 = CARTESIAN_POINT('',(-45.37390240803,-33.61151117735,
    11.02549817362));
#2964 = CARTESIAN_POINT('',(-45.16748614695,-33.64298861549,
    11.050799573314));
#2965 = CARTESIAN_POINT('',(-44.96303889023,-33.68379255557,
    11.084292421651));
#2966 = CARTESIAN_POINT('',(-44.76132355891,-33.73277437443,
    11.125713254181));
#2967 = CARTESIAN_POINT('',(-44.30554571998,-33.86110461594,
    11.238112568635));
#2968 = CARTESIAN_POINT('',(-44.05323123634,-33.94540505192,
    11.314459661817));
#2969 = CARTESIAN_POINT('',(-43.80619362257,-34.03912814286,
    11.403185952827));
#2970 = CARTESIAN_POINT('',(-43.56433195766,-34.14011076431,
    11.504134898019));
#2971 = CARTESIAN_POINT('',(-43.3276512734,-34.24640970705,
    11.617289133911));
#2972 = CARTESIAN_POINT('',(-43.09621631175,-34.3563180013,
    11.742787261247));
#2973 = CARTESIAN_POINT('',(-42.60784086225,-34.59816729457,
    12.041396675686));
#2974 = CARTESIAN_POINT('',(-42.35305081448,-34.73066685865,
    12.218719285988));
#2975 = CARTESIAN_POINT('',(-42.10514576443,-34.86371007914,
    12.413995093697));
#2976 = CARTESIAN_POINT('',(-41.86422952307,-34.99532136333,
    12.6286291786));
#2977 = CARTESIAN_POINT('',(-41.63113014598,-35.12317413504,
    12.864276458293));
#2978 = CARTESIAN_POINT('',(-41.40750795113,-35.24432651789,
    13.122664286708));
#2979 = CARTESIAN_POINT('',(-41.11737072654,-35.39599907175,
    13.510425623358));
#2980 = CARTESIAN_POINT('',(-41.04041464622,-35.43564252015,
    13.618857284813));
#2981 = CARTESIAN_POINT('',(-40.96521099099,-35.47365385053,
    13.730801970408));
#2982 = CARTESIAN_POINT('',(-40.89192249233,-35.50980969411,
    13.846335164676));
#2983 = CARTESIAN_POINT('',(-40.82073129095,-35.54386637624,
    13.96552438415));
#2984 = CARTESIAN_POINT('',(-40.7518380946,-35.5755587014,
    14.088428667358));
#2985 = CARTESIAN_POINT('',(-40.55653503579,-35.66100439269,
    14.461133229805));
#2986 = CARTESIAN_POINT('',(-40.43575986844,-35.70799128356,
    14.723935708174));
#2987 = CARTESIAN_POINT('',(-40.32679014381,-35.74232878003,
    15.001168342212));
#2988 = CARTESIAN_POINT('',(-40.23241771618,-35.7612763526,
    15.290294443004));
#2989 = CARTESIAN_POINT('',(-40.15466555199,-35.76266014998,
    15.588560179884));
#2990 = CARTESIAN_POINT('',(-40.0948300974,-35.74492201552,
    15.89303985604));
#2991 = CARTESIAN_POINT('',(-40.03794552923,-35.69295678387,
    16.316265558166));
#2992 = CARTESIAN_POINT('',(-40.02508535384,-35.67600451078,
    16.431778107161));
#2993 = CARTESIAN_POINT('',(-40.01489743161,-35.65628850653,
    16.547017580746));
#2994 = CARTESIAN_POINT('',(-40.00735872894,-35.6338419298,
    16.661720599146));
#2995 = CARTESIAN_POINT('',(-40.00241864657,-35.60872761233,
    16.775625088064));
#2996 = CARTESIAN_POINT('',(-40.,-35.58103895565,16.888470827403));
#2997 = CARTESIAN_POINT('',(-40.,-35.55090082779,17.));
#2998 = PCURVE('',#2473,#2999);
#2999 = DEFINITIONAL_REPRESENTATION('',(#3000),#3039);
#3000 = B_SPLINE_CURVE_WITH_KNOTS('',7,(#3001,#3002,#3003,#3004,#3005,
    #3006,#3007,#3008,#3009,#3010,#3011,#3012,#3013,#3014,#3015,#3016,
    #3017,#3018,#3019,#3020,#3021,#3022,#3023,#3024,#3025,#3026,#3027,
    #3028,#3029,#3030,#3031,#3032,#3033,#3034,#3035,#3036,#3037,#3038),
  .UNSPECIFIED.,.F.,.F.,(8,6,6,6,6,6,8),(0.,0.170268649693,
    0.392056660368,0.64928749123,0.744809017791,0.930344395883,1.),
  .UNSPECIFIED.);
#3001 = CARTESIAN_POINT('',(0.671950896496,6.5));
#3002 = CARTESIAN_POINT('',(0.671950896496,6.290552216594));
#3003 = CARTESIAN_POINT('',(0.674333849268,6.081731785286));
#3004 = CARTESIAN_POINT('',(0.679074494187,5.873902408035));
#3005 = CARTESIAN_POINT('',(0.686097822061,5.667486146957));
#3006 = CARTESIAN_POINT('',(0.695277548238,5.463038890234));
#3007 = CARTESIAN_POINT('',(0.706431915077,5.261323558912));
#3008 = CARTESIAN_POINT('',(0.736100408241,4.805545719986));
#3009 = CARTESIAN_POINT('',(0.755877591216,4.553231236343));
#3010 = CARTESIAN_POINT('',(0.778313407595,4.306193622576));
#3011 = CARTESIAN_POINT('',(0.803127893391,4.064331957669));
#3012 = CARTESIAN_POINT('',(0.830103678478,3.827651273404));
#3013 = CARTESIAN_POINT('',(0.859094795261,3.596216311752));
#3014 = CARTESIAN_POINT('',(0.925923281098,3.107840862256));
#3015 = CARTESIAN_POINT('',(0.964391007923,2.853050814482));
#3016 = CARTESIAN_POINT('',(1.005420153268,2.60514576443));
#3017 = CARTESIAN_POINT('',(1.049108300365,2.364229523076));
#3018 = CARTESIAN_POINT('',(1.095614728291,2.131130145986));
#3019 = CARTESIAN_POINT('',(1.1451394652,1.907507951132));
#3020 = CARTESIAN_POINT('',(1.217551522347,1.617370726548));
#3021 = CARTESIAN_POINT('',(1.237625006152,1.540414646228));
#3022 = CARTESIAN_POINT('',(1.258176419796,1.46521099099));
#3023 = CARTESIAN_POINT('',(1.279218733121,1.391922492336));
#3024 = CARTESIAN_POINT('',(1.300765499296,1.320731290955));
#3025 = CARTESIAN_POINT('',(1.322831316934,1.251838094602));
#3026 = CARTESIAN_POINT('',(1.389331093252,1.056535035798));
#3027 = CARTESIAN_POINT('',(1.435706221757,0.935759868443));
#3028 = CARTESIAN_POINT('',(1.484173814406,0.826790143817));
#3029 = CARTESIAN_POINT('',(1.53440648913,0.732417716181));
#3030 = CARTESIAN_POINT('',(1.586118605446,0.654665551997));
#3031 = CARTESIAN_POINT('',(1.639052908801,0.594830097403));
#3032 = CARTESIAN_POINT('',(1.713210128033,0.537945529238));
#3033 = CARTESIAN_POINT('',(1.733508826607,0.525085353841));
#3034 = CARTESIAN_POINT('',(1.753832500664,0.514897431614));
#3035 = CARTESIAN_POINT('',(1.774148886816,0.507358728949));
#3036 = CARTESIAN_POINT('',(1.794425094743,0.502418646571));
#3037 = CARTESIAN_POINT('',(1.814627089684,0.5));
#3038 = CARTESIAN_POINT('',(1.834719174925,0.5));
#3039 = ( GEOMETRIC_REPRESENTATION_CONTEXT(2) 
PARAMETRIC_REPRESENTATION_CONTEXT() REPRESENTATION_CONTEXT('2D SPACE',''
  ) );
#3040 = PCURVE('',#2445,#3041);
#3041 = DEFINITIONAL_REPRESENTATION('',(#3042),#3081);
#3042 = B_SPLINE_CURVE_WITH_KNOTS('',7,(#3043,#3044,#3045,#3046,#3047,
    #3048,#3049,#3050,#3051,#3052,#3053,#3054,#3055,#3056,#3057,#3058,
    #3059,#3060,#3061,#3062,#3063,#3064,#3065,#3066,#3067,#3068,#3069,
    #3070,#3071,#3072,#3073,#3074,#3075,#3076,#3077,#3078,#3079,#3080),
  .UNSPECIFIED.,.F.,.F.,(8,6,6,6,6,6,8),(0.,0.170268649693,
    0.392056660368,0.64928749123,0.744809017791,0.930344395883,1.),
  .UNSPECIFIED.);
#3043 = CARTESIAN_POINT('',(0.,17.929455265819));
#3044 = CARTESIAN_POINT('',(3.490796390099E-02,17.929455265819));
#3045 = CARTESIAN_POINT('',(6.971132899437E-02,17.940178666392));
#3046 = CARTESIAN_POINT('',(0.104419177944,17.96151117735));
#3047 = CARTESIAN_POINT('',(0.139028251646,17.992988615497));
#3048 = CARTESIAN_POINT('',(0.17351241468,18.033792555576));
#3049 = CARTESIAN_POINT('',(0.207806626444,18.082774374433));
#3050 = CARTESIAN_POINT('',(0.286045407029,18.211104615946));
#3051 = CARTESIAN_POINT('',(0.329921413767,18.295405051922));
#3052 = CARTESIAN_POINT('',(0.373578704331,18.389128142865));
#3053 = CARTESIAN_POINT('',(0.417159162108,18.490110764311));
#3054 = CARTESIAN_POINT('',(0.46079184838,18.596409707052));
#3055 = CARTESIAN_POINT('',(0.50461144085,18.706318001307));
#3056 = CARTESIAN_POINT('',(0.600016740328,18.948167294575));
#3057 = CARTESIAN_POINT('',(0.651662893056,19.080666858653));
#3058 = CARTESIAN_POINT('',(0.704110568853,19.213710079143));
#3059 = CARTESIAN_POINT('',(0.757702788443,19.345321363334));
#3060 = CARTESIAN_POINT('',(0.812756892068,19.473174135048));
#3061 = CARTESIAN_POINT('',(0.869566290476,19.594326517891));
#3062 = CARTESIAN_POINT('',(0.950281575978,19.74599907175));
#3063 = CARTESIAN_POINT('',(0.972435379975,19.785642520158));
#3064 = CARTESIAN_POINT('',(0.994900066188,19.823653850534));
#3065 = CARTESIAN_POINT('',(1.017688590479,19.859809694116));
#3066 = CARTESIAN_POINT('',(1.040813374295,19.893866376247));
#3067 = CARTESIAN_POINT('',(1.064286719726,19.925558701409));
#3068 = CARTESIAN_POINT('',(1.134415960664,20.01100439269));
#3069 = CARTESIAN_POINT('',(1.18255544813,20.057991283569));
#3070 = CARTESIAN_POINT('',(1.232073919879,20.092328780035));
#3071 = CARTESIAN_POINT('',(1.28260142445,20.111276352605));
#3072 = CARTESIAN_POINT('',(1.33382187683,20.112660149981));
#3073 = CARTESIAN_POINT('',(1.385444672586,20.094922015523));
#3074 = CARTESIAN_POINT('',(1.456616578919,20.042956783878));
#3075 = CARTESIAN_POINT('',(1.47598260413,20.026004510789));
#3076 = CARTESIAN_POINT('',(1.495256183994,20.006288506533));
#3077 = CARTESIAN_POINT('',(1.51440594196,19.983841929803));
#3078 = CARTESIAN_POINT('',(1.533400505768,19.958727612337));
#3079 = CARTESIAN_POINT('',(1.552208131362,19.931038955655));
#3080 = CARTESIAN_POINT('',(1.570796326795,19.900900827794));
#3081 = ( GEOMETRIC_REPRESENTATION_CONTEXT(2) 
PARAMETRIC_REPRESENTATION_CONTEXT() REPRESENTATION_CONTEXT('2D SPACE',''
  ) );
#3082 = ORIENTED_EDGE('',*,*,#3083,.T.);
#3083 = EDGE_CURVE('',#2956,#2799,#3084,.T.);
#3084 = SURFACE_CURVE('',#3085,(#3090,#3097),.PCURVE_S1.);
#3085 = CIRCLE('',#3086,5.75);
#3086 = AXIS2_PLACEMENT_3D('',#3087,#3088,#3089);
#3087 = CARTESIAN_POINT('',(-40.,-30.,15.5));
#3088 = DIRECTION('',(-1.,0.,0.));
#3089 = DIRECTION('',(0.,0.,-1.));
#3090 = PCURVE('',#2473,#3091);
#3091 = DEFINITIONAL_REPRESENTATION('',(#3092),#3096);
#3092 = LINE('',#3093,#3094);
#3093 = CARTESIAN_POINT('',(0.,0.5));
#3094 = VECTOR('',#3095,1.);
#3095 = DIRECTION('',(1.,0.));
#3096 = ( GEOMETRIC_REPRESENTATION_CONTEXT(2) 
PARAMETRIC_REPRESENTATION_CONTEXT() REPRESENTATION_CONTEXT('2D SPACE',''
  ) );
#3097 = PCURVE('',#2606,#3098);
#3098 = DEFINITIONAL_REPRESENTATION('',(#3099),#3103);
#3099 = CIRCLE('',#3100,5.75);
#3100 = AXIS2_PLACEMENT_2D('',#3101,#3102);
#3101 = CARTESIAN_POINT('',(4.5,-14.35));
#3102 = DIRECTION('',(-1.,0.));
#3103 = ( GEOMETRIC_REPRESENTATION_CONTEXT(2) 
PARAMETRIC_REPRESENTATION_CONTEXT() REPRESENTATION_CONTEXT('2D SPACE',''
  ) );
#3104 = ORIENTED_EDGE('',*,*,#2821,.T.);
#3105 = ORIENTED_EDGE('',*,*,#2513,.T.);
#3106 = ADVANCED_FACE('',(#3107,#3111),#2501,.F.);
#3107 = FACE_BOUND('',#3108,.F.);
#3108 = EDGE_LOOP('',(#3109,#3110));
#3109 = ORIENTED_EDGE('',*,*,#2485,.T.);
#3110 = ORIENTED_EDGE('',*,*,#2932,.T.);
#3111 = FACE_BOUND('',#3112,.F.);
#3112 = EDGE_LOOP('',(#3113));
#3113 = ORIENTED_EDGE('',*,*,#3114,.T.);
#3114 = EDGE_CURVE('',#3115,#3115,#3117,.T.);
#3115 = VERTEX_POINT('',#3116);
#3116 = CARTESIAN_POINT('',(-49.,-30.,17.2));
#3117 = SURFACE_CURVE('',#3118,(#3123,#3134),.PCURVE_S1.);
#3118 = CIRCLE('',#3119,1.7);
#3119 = AXIS2_PLACEMENT_3D('',#3120,#3121,#3122);
#3120 = CARTESIAN_POINT('',(-49.,-30.,15.5));
#3121 = DIRECTION('',(1.,0.,0.));
#3122 = DIRECTION('',(-0.,0.,1.));
#3123 = PCURVE('',#2501,#3124);
#3124 = DEFINITIONAL_REPRESENTATION('',(#3125),#3133);
#3125 = ( BOUNDED_CURVE() B_SPLINE_CURVE(2,(#3126,#3127,#3128,#3129,
#3130,#3131,#3132),.UNSPECIFIED.,.T.,.F.) B_SPLINE_CURVE_WITH_KNOTS((1,2
    ,2,2,2,1),(-2.094395102393,0.,2.094395102393,4.188790204786,
6.28318530718,8.377580409573),.UNSPECIFIED.) CURVE() 
GEOMETRIC_REPRESENTATION_ITEM() RATIONAL_B_SPLINE_CURVE((1.,0.5,1.,0.5,
1.,0.5,1.)) REPRESENTATION_ITEM('') );
#3126 = CARTESIAN_POINT('',(-1.7,0.));
#3127 = CARTESIAN_POINT('',(-1.7,2.944486372867));
#3128 = CARTESIAN_POINT('',(0.85,1.472243186434));
#3129 = CARTESIAN_POINT('',(3.4,4.163799117101E-16));
#3130 = CARTESIAN_POINT('',(0.85,-1.472243186434));
#3131 = CARTESIAN_POINT('',(-1.7,-2.944486372867));
#3132 = CARTESIAN_POINT('',(-1.7,0.));
#3133 = ( GEOMETRIC_REPRESENTATION_CONTEXT(2) 
PARAMETRIC_REPRESENTATION_CONTEXT() REPRESENTATION_CONTEXT('2D SPACE',''
  ) );
#3134 = PCURVE('',#3135,#3140);
#3135 = CYLINDRICAL_SURFACE('',#3136,1.7);
#3136 = AXIS2_PLACEMENT_3D('',#3137,#3138,#3139);
#3137 = CARTESIAN_POINT('',(-59.,-30.,15.5));
#3138 = DIRECTION('',(1.,0.,0.));
#3139 = DIRECTION('',(-0.,0.,1.));
#3140 = DEFINITIONAL_REPRESENTATION('',(#3141),#3145);
#3141 = LINE('',#3142,#3143);
#3142 = CARTESIAN_POINT('',(0.,10.));
#3143 = VECTOR('',#3144,1.);
#3144 = DIRECTION('',(1.,0.));
#3145 = ( GEOMETRIC_REPRESENTATION_CONTEXT(2) 
PARAMETRIC_REPRESENTATION_CONTEXT() REPRESENTATION_CONTEXT('2D SPACE',''
  ) );
#3146 = ADVANCED_FACE('',(#3147),#2445,.T.);
#3147 = FACE_BOUND('',#3148,.T.);
#3148 = EDGE_LOOP('',(#3149,#3150,#3151,#3174));
#3149 = ORIENTED_EDGE('',*,*,#2429,.F.);
#3150 = ORIENTED_EDGE('',*,*,#2955,.T.);
#3151 = ORIENTED_EDGE('',*,*,#3152,.T.);
#3152 = EDGE_CURVE('',#2956,#3153,#3155,.T.);
#3153 = VERTEX_POINT('',#3154);
#3154 = CARTESIAN_POINT('',(-40.,-44.35,17.));
#3155 = SURFACE_CURVE('',#3156,(#3160,#3167),.PCURVE_S1.);
#3156 = LINE('',#3157,#3158);
#3157 = CARTESIAN_POINT('',(-40.,-15.65,17.));
#3158 = VECTOR('',#3159,1.);
#3159 = DIRECTION('',(0.,-1.,0.));
#3160 = PCURVE('',#2445,#3161);
#3161 = DEFINITIONAL_REPRESENTATION('',(#3162),#3166);
#3162 = LINE('',#3163,#3164);
#3163 = CARTESIAN_POINT('',(1.570796326795,0.));
#3164 = VECTOR('',#3165,1.);
#3165 = DIRECTION('',(0.,1.));
#3166 = ( GEOMETRIC_REPRESENTATION_CONTEXT(2) 
PARAMETRIC_REPRESENTATION_CONTEXT() REPRESENTATION_CONTEXT('2D SPACE',''
  ) );
#3167 = PCURVE('',#2606,#3168);
#3168 = DEFINITIONAL_REPRESENTATION('',(#3169),#3173);
#3169 = LINE('',#3170,#3171);
#3170 = CARTESIAN_POINT('',(6.,0.));
#3171 = VECTOR('',#3172,1.);
#3172 = DIRECTION('',(0.,-1.));
#3173 = ( GEOMETRIC_REPRESENTATION_CONTEXT(2) 
PARAMETRIC_REPRESENTATION_CONTEXT() REPRESENTATION_CONTEXT('2D SPACE',''
  ) );
#3174 = ORIENTED_EDGE('',*,*,#3175,.F.);
#3175 = EDGE_CURVE('',#2402,#3153,#3176,.T.);
#3176 = SURFACE_CURVE('',#3177,(#3182,#3189),.PCURVE_S1.);
#3177 = CIRCLE('',#3178,6.);
#3178 = AXIS2_PLACEMENT_3D('',#3179,#3180,#3181);
#3179 = CARTESIAN_POINT('',(-46.,-44.35,17.));
#3180 = DIRECTION('',(0.,-1.,0.));
#3181 = DIRECTION('',(0.,-0.,-1.));
#3182 = PCURVE('',#2445,#3183);
#3183 = DEFINITIONAL_REPRESENTATION('',(#3184),#3188);
#3184 = LINE('',#3185,#3186);
#3185 = CARTESIAN_POINT('',(0.,28.7));
#3186 = VECTOR('',#3187,1.);
#3187 = DIRECTION('',(1.,0.));
#3188 = ( GEOMETRIC_REPRESENTATION_CONTEXT(2) 
PARAMETRIC_REPRESENTATION_CONTEXT() REPRESENTATION_CONTEXT('2D SPACE',''
  ) );
#3189 = PCURVE('',#2417,#3190);
#3190 = DEFINITIONAL_REPRESENTATION('',(#3191),#3195);
#3191 = CIRCLE('',#3192,6.);
#3192 = AXIS2_PLACEMENT_2D('',#3193,#3194);
#3193 = CARTESIAN_POINT('',(10.5,3.));
#3194 = DIRECTION('',(1.,0.));
#3195 = ( GEOMETRIC_REPRESENTATION_CONTEXT(2) 
PARAMETRIC_REPRESENTATION_CONTEXT() REPRESENTATION_CONTEXT('2D SPACE',''
  ) );
#3196 = ADVANCED_FACE('',(#3197,#3359),#2417,.T.);
#3197 = FACE_BOUND('',#3198,.T.);
#3198 = EDGE_LOOP('',(#3199,#3200,#3201,#3224,#3253,#3281,#3310,#3333));
#3199 = ORIENTED_EDGE('',*,*,#2401,.T.);
#3200 = ORIENTED_EDGE('',*,*,#3175,.T.);
#3201 = ORIENTED_EDGE('',*,*,#3202,.T.);
#3202 = EDGE_CURVE('',#3153,#3203,#3205,.T.);
#3203 = VERTEX_POINT('',#3204);
#3204 = CARTESIAN_POINT('',(-40.,-44.35,38.));
#3205 = SURFACE_CURVE('',#3206,(#3210,#3217),.PCURVE_S1.);
#3206 = LINE('',#3207,#3208);
#3207 = CARTESIAN_POINT('',(-40.,-44.35,11.));
#3208 = VECTOR('',#3209,1.);
#3209 = DIRECTION('',(0.,0.,1.));
#3210 = PCURVE('',#2417,#3211);
#3211 = DEFINITIONAL_REPRESENTATION('',(#3212),#3216);
#3212 = LINE('',#3213,#3214);
#3213 = CARTESIAN_POINT('',(16.5,9.));
#3214 = VECTOR('',#3215,1.);
#3215 = DIRECTION('',(-1.,0.));
#3216 = ( GEOMETRIC_REPRESENTATION_CONTEXT(2) 
PARAMETRIC_REPRESENTATION_CONTEXT() REPRESENTATION_CONTEXT('2D SPACE',''
  ) );
#3217 = PCURVE('',#2606,#3218);
#3218 = DEFINITIONAL_REPRESENTATION('',(#3219),#3223);
#3219 = LINE('',#3220,#3221);
#3220 = CARTESIAN_POINT('',(0.,-28.7));
#3221 = VECTOR('',#3222,1.);
#3222 = DIRECTION('',(1.,0.));
#3223 = ( GEOMETRIC_REPRESENTATION_CONTEXT(2) 
PARAMETRIC_REPRESENTATION_CONTEXT() REPRESENTATION_CONTEXT('2D SPACE',''
  ) );
#3224 = ORIENTED_EDGE('',*,*,#3225,.T.);
#3225 = EDGE_CURVE('',#3203,#3226,#3228,.T.);
#3226 = VERTEX_POINT('',#3227);
#3227 = CARTESIAN_POINT('',(-46.,-44.35,44.));
#3228 = SURFACE_CURVE('',#3229,(#3234,#3241),.PCURVE_S1.);
#3229 = CIRCLE('',#3230,6.);
#3230 = AXIS2_PLACEMENT_3D('',#3231,#3232,#3233);
#3231 = CARTESIAN_POINT('',(-46.,-44.35,38.));
#3232 = DIRECTION('',(0.,-1.,0.));
#3233 = DIRECTION('',(0.,-0.,-1.));
#3234 = PCURVE('',#2417,#3235);
#3235 = DEFINITIONAL_REPRESENTATION('',(#3236),#3240);
#3236 = CIRCLE('',#3237,6.);
#3237 = AXIS2_PLACEMENT_2D('',#3238,#3239);
#3238 = CARTESIAN_POINT('',(-10.5,3.));
#3239 = DIRECTION('',(1.,0.));
#3240 = ( GEOMETRIC_REPRESENTATION_CONTEXT(2) 
PARAMETRIC_REPRESENTATION_CONTEXT() REPRESENTATION_CONTEXT('2D SPACE',''
  ) );
#3241 = PCURVE('',#3242,#3247);
#3242 = CYLINDRICAL_SURFACE('',#3243,6.);
#3243 = AXIS2_PLACEMENT_3D('',#3244,#3245,#3246);
#3244 = CARTESIAN_POINT('',(-46.,-15.65,38.));
#3245 = DIRECTION('',(0.,-1.,0.));
#3246 = DIRECTION('',(1.,0.,-0.));
#3247 = DEFINITIONAL_REPRESENTATION('',(#3248),#3252);
#3248 = LINE('',#3249,#3250);
#3249 = CARTESIAN_POINT('',(-1.570796326795,28.7));
#3250 = VECTOR('',#3251,1.);
#3251 = DIRECTION('',(1.,0.));
#3252 = ( GEOMETRIC_REPRESENTATION_CONTEXT(2) 
PARAMETRIC_REPRESENTATION_CONTEXT() REPRESENTATION_CONTEXT('2D SPACE',''
  ) );
#3253 = ORIENTED_EDGE('',*,*,#3254,.T.);
#3254 = EDGE_CURVE('',#3226,#3255,#3257,.T.);
#3255 = VERTEX_POINT('',#3256);
#3256 = CARTESIAN_POINT('',(-52.,-44.35,44.));
#3257 = SURFACE_CURVE('',#3258,(#3262,#3269),.PCURVE_S1.);
#3258 = LINE('',#3259,#3260);
#3259 = CARTESIAN_POINT('',(-40.,-44.35,44.));
#3260 = VECTOR('',#3261,1.);
#3261 = DIRECTION('',(-1.,0.,0.));
#3262 = PCURVE('',#2417,#3263);
#3263 = DEFINITIONAL_REPRESENTATION('',(#3264),#3268);
#3264 = LINE('',#3265,#3266);
#3265 = CARTESIAN_POINT('',(-16.5,9.));
#3266 = VECTOR('',#3267,1.);
#3267 = DIRECTION('',(0.,-1.));
#3268 = ( GEOMETRIC_REPRESENTATION_CONTEXT(2) 
PARAMETRIC_REPRESENTATION_CONTEXT() REPRESENTATION_CONTEXT('2D SPACE',''
  ) );
#3269 = PCURVE('',#3270,#3275);
#3270 = PLANE('',#3271);
#3271 = AXIS2_PLACEMENT_3D('',#3272,#3273,#3274);
#3272 = CARTESIAN_POINT('',(-40.,-15.65,44.));
#3273 = DIRECTION('',(-0.,-0.,-1.));
#3274 = DIRECTION('',(-1.,0.,0.));
#3275 = DEFINITIONAL_REPRESENTATION('',(#3276),#3280);
#3276 = LINE('',#3277,#3278);
#3277 = CARTESIAN_POINT('',(0.,-28.7));
#3278 = VECTOR('',#3279,1.);
#3279 = DIRECTION('',(1.,0.));
#3280 = ( GEOMETRIC_REPRESENTATION_CONTEXT(2) 
PARAMETRIC_REPRESENTATION_CONTEXT() REPRESENTATION_CONTEXT('2D SPACE',''
  ) );
#3281 = ORIENTED_EDGE('',*,*,#3282,.T.);
#3282 = EDGE_CURVE('',#3255,#3283,#3285,.T.);
#3283 = VERTEX_POINT('',#3284);
#3284 = CARTESIAN_POINT('',(-58.,-44.35,38.));
#3285 = SURFACE_CURVE('',#3286,(#3291,#3298),.PCURVE_S1.);
#3286 = CIRCLE('',#3287,6.);
#3287 = AXIS2_PLACEMENT_3D('',#3288,#3289,#3290);
#3288 = CARTESIAN_POINT('',(-52.,-44.35,38.));
#3289 = DIRECTION('',(0.,-1.,0.));
#3290 = DIRECTION('',(0.,-0.,-1.));
#3291 = PCURVE('',#2417,#3292);
#3292 = DEFINITIONAL_REPRESENTATION('',(#3293),#3297);
#3293 = CIRCLE('',#3294,6.);
#3294 = AXIS2_PLACEMENT_2D('',#3295,#3296);
#3295 = CARTESIAN_POINT('',(-10.5,-3.));
#3296 = DIRECTION('',(1.,0.));
#3297 = ( GEOMETRIC_REPRESENTATION_CONTEXT(2) 
PARAMETRIC_REPRESENTATION_CONTEXT() REPRESENTATION_CONTEXT('2D SPACE',''
  ) );
#3298 = PCURVE('',#3299,#3304);
#3299 = CYLINDRICAL_SURFACE('',#3300,6.);
#3300 = AXIS2_PLACEMENT_3D('',#3301,#3302,#3303);
#3301 = CARTESIAN_POINT('',(-52.,-15.65,38.));
#3302 = DIRECTION('',(0.,-1.,0.));
#3303 = DIRECTION('',(-0.,0.,1.));
#3304 = DEFINITIONAL_REPRESENTATION('',(#3305),#3309);
#3305 = LINE('',#3306,#3307);
#3306 = CARTESIAN_POINT('',(-3.14159265359,28.7));
#3307 = VECTOR('',#3308,1.);
#3308 = DIRECTION('',(1.,0.));
#3309 = ( GEOMETRIC_REPRESENTATION_CONTEXT(2) 
PARAMETRIC_REPRESENTATION_CONTEXT() REPRESENTATION_CONTEXT('2D SPACE',''
  ) );
#3310 = ORIENTED_EDGE('',*,*,#3311,.T.);
#3311 = EDGE_CURVE('',#3283,#3312,#3314,.T.);
#3312 = VERTEX_POINT('',#3313);
#3313 = CARTESIAN_POINT('',(-58.,-44.35,17.));
#3314 = SURFACE_CURVE('',#3315,(#3319,#3326),.PCURVE_S1.);
#3315 = LINE('',#3316,#3317);
#3316 = CARTESIAN_POINT('',(-58.,-44.35,44.));
#3317 = VECTOR('',#3318,1.);
#3318 = DIRECTION('',(0.,0.,-1.));
#3319 = PCURVE('',#2417,#3320);
#3320 = DEFINITIONAL_REPRESENTATION('',(#3321),#3325);
#3321 = LINE('',#3322,#3323);
#3322 = CARTESIAN_POINT('',(-16.5,-9.));
#3323 = VECTOR('',#3324,1.);
#3324 = DIRECTION('',(1.,0.));
#3325 = ( GEOMETRIC_REPRESENTATION_CONTEXT(2) 
PARAMETRIC_REPRESENTATION_CONTEXT() REPRESENTATION_CONTEXT('2D SPACE',''
  ) );
#3326 = PCURVE('',#2720,#3327);
#3327 = DEFINITIONAL_REPRESENTATION('',(#3328),#3332);
#3328 = LINE('',#3329,#3330);
#3329 = CARTESIAN_POINT('',(0.,-28.7));
#3330 = VECTOR('',#3331,1.);
#3331 = DIRECTION('',(1.,0.));
#3332 = ( GEOMETRIC_REPRESENTATION_CONTEXT(2) 
PARAMETRIC_REPRESENTATION_CONTEXT() REPRESENTATION_CONTEXT('2D SPACE',''
  ) );
#3333 = ORIENTED_EDGE('',*,*,#3334,.F.);
#3334 = EDGE_CURVE('',#2374,#3312,#3335,.T.);
#3335 = SURFACE_CURVE('',#3336,(#3341,#3352),.PCURVE_S1.);
#3336 = CIRCLE('',#3337,6.);
#3337 = AXIS2_PLACEMENT_3D('',#3338,#3339,#3340);
#3338 = CARTESIAN_POINT('',(-52.,-44.35,17.));
#3339 = DIRECTION('',(-0.,1.,0.));
#3340 = DIRECTION('',(0.,0.,-1.));
#3341 = PCURVE('',#2417,#3342);
#3342 = DEFINITIONAL_REPRESENTATION('',(#3343),#3351);
#3343 = ( BOUNDED_CURVE() B_SPLINE_CURVE(2,(#3344,#3345,#3346,#3347,
#3348,#3349,#3350),.UNSPECIFIED.,.T.,.F.) B_SPLINE_CURVE_WITH_KNOTS((1,2
    ,2,2,2,1),(-2.094395102393,0.,2.094395102393,4.188790204786,
6.28318530718,8.377580409573),.UNSPECIFIED.) CURVE() 
GEOMETRIC_REPRESENTATION_ITEM() RATIONAL_B_SPLINE_CURVE((1.,0.5,1.,0.5,
1.,0.5,1.)) REPRESENTATION_ITEM('') );
#3344 = CARTESIAN_POINT('',(16.5,-3.));
#3345 = CARTESIAN_POINT('',(16.5,-13.39230484541));
#3346 = CARTESIAN_POINT('',(7.5,-8.196152422707));
#3347 = CARTESIAN_POINT('',(-1.5,-3.));
#3348 = CARTESIAN_POINT('',(7.5,2.196152422707));
#3349 = CARTESIAN_POINT('',(16.5,7.392304845413));
#3350 = CARTESIAN_POINT('',(16.5,-3.));
#3351 = ( GEOMETRIC_REPRESENTATION_CONTEXT(2) 
PARAMETRIC_REPRESENTATION_CONTEXT() REPRESENTATION_CONTEXT('2D SPACE',''
  ) );
#3352 = PCURVE('',#2389,#3353);
#3353 = DEFINITIONAL_REPRESENTATION('',(#3354),#3358);
#3354 = LINE('',#3355,#3356);
#3355 = CARTESIAN_POINT('',(-0.,28.7));
#3356 = VECTOR('',#3357,1.);
#3357 = DIRECTION('',(-1.,0.));
#3358 = ( GEOMETRIC_REPRESENTATION_CONTEXT(2) 
PARAMETRIC_REPRESENTATION_CONTEXT() REPRESENTATION_CONTEXT('2D SPACE',''
  ) );
#3359 = FACE_BOUND('',#3360,.T.);
#3360 = EDGE_LOOP('',(#3361));
#3361 = ORIENTED_EDGE('',*,*,#3362,.T.);
#3362 = EDGE_CURVE('',#3363,#3363,#3365,.T.);
#3363 = VERTEX_POINT('',#3364);
#3364 = CARTESIAN_POINT('',(-55.,-44.35,41.2));
#3365 = SURFACE_CURVE('',#3366,(#3371,#3382),.PCURVE_S1.);
#3366 = CIRCLE('',#3367,1.7);
#3367 = AXIS2_PLACEMENT_3D('',#3368,#3369,#3370);
#3368 = CARTESIAN_POINT('',(-55.,-44.35,39.5));
#3369 = DIRECTION('',(0.,1.,0.));
#3370 = DIRECTION('',(0.,-0.,1.));
#3371 = PCURVE('',#2417,#3372);
#3372 = DEFINITIONAL_REPRESENTATION('',(#3373),#3381);
#3373 = ( BOUNDED_CURVE() B_SPLINE_CURVE(2,(#3374,#3375,#3376,#3377,
#3378,#3379,#3380),.UNSPECIFIED.,.T.,.F.) B_SPLINE_CURVE_WITH_KNOTS((1,2
    ,2,2,2,1),(-2.094395102393,0.,2.094395102393,4.188790204786,
6.28318530718,8.377580409573),.UNSPECIFIED.) CURVE() 
GEOMETRIC_REPRESENTATION_ITEM() RATIONAL_B_SPLINE_CURVE((1.,0.5,1.,0.5,
1.,0.5,1.)) REPRESENTATION_ITEM('') );
#3374 = CARTESIAN_POINT('',(-13.7,-6.));
#3375 = CARTESIAN_POINT('',(-13.7,-3.055513627133));
#3376 = CARTESIAN_POINT('',(-11.15,-4.527756813566));
#3377 = CARTESIAN_POINT('',(-8.6,-6.));
#3378 = CARTESIAN_POINT('',(-11.15,-7.472243186434));
#3379 = CARTESIAN_POINT('',(-13.7,-8.944486372867));
#3380 = CARTESIAN_POINT('',(-13.7,-6.));
#3381 = ( GEOMETRIC_REPRESENTATION_CONTEXT(2) 
PARAMETRIC_REPRESENTATION_CONTEXT() REPRESENTATION_CONTEXT('2D SPACE',''
  ) );
#3382 = PCURVE('',#3383,#3388);
#3383 = CYLINDRICAL_SURFACE('',#3384,1.7);
#3384 = AXIS2_PLACEMENT_3D('',#3385,#3386,#3387);
#3385 = CARTESIAN_POINT('',(-55.,-44.35,39.5));
#3386 = DIRECTION('',(0.,1.,0.));
#3387 = DIRECTION('',(0.,-0.,1.));
#3388 = DEFINITIONAL_REPRESENTATION('',(#3389),#3393);
#3389 = LINE('',#3390,#3391);
#3390 = CARTESIAN_POINT('',(0.,0.));
#3391 = VECTOR('',#3392,1.);
#3392 = DIRECTION('',(1.,0.));
#3393 = ( GEOMETRIC_REPRESENTATION_CONTEXT(2) 
PARAMETRIC_REPRESENTATION_CONTEXT() REPRESENTATION_CONTEXT('2D SPACE',''
  ) );
#3394 = ADVANCED_FACE('',(#3395),#2389,.T.);
#3395 = FACE_BOUND('',#3396,.F.);
#3396 = EDGE_LOOP('',(#3397,#3398,#3399,#3422,#3672,#3693));
#3397 = ORIENTED_EDGE('',*,*,#2373,.F.);
#3398 = ORIENTED_EDGE('',*,*,#2732,.T.);
#3399 = ORIENTED_EDGE('',*,*,#3400,.T.);
#3400 = EDGE_CURVE('',#2705,#3401,#3403,.T.);
#3401 = VERTEX_POINT('',#3402);
#3402 = CARTESIAN_POINT('',(-58.,-27.57667583679,17.));
#3403 = SURFACE_CURVE('',#3404,(#3408,#3415),.PCURVE_S1.);
#3404 = LINE('',#3405,#3406);
#3405 = CARTESIAN_POINT('',(-58.,-15.65,17.));
#3406 = VECTOR('',#3407,1.);
#3407 = DIRECTION('',(0.,-1.,0.));
#3408 = PCURVE('',#2389,#3409);
#3409 = DEFINITIONAL_REPRESENTATION('',(#3410),#3414);
#3410 = LINE('',#3411,#3412);
#3411 = CARTESIAN_POINT('',(-1.570796326795,0.));
#3412 = VECTOR('',#3413,1.);
#3413 = DIRECTION('',(-0.,1.));
#3414 = ( GEOMETRIC_REPRESENTATION_CONTEXT(2) 
PARAMETRIC_REPRESENTATION_CONTEXT() REPRESENTATION_CONTEXT('2D SPACE',''
  ) );
#3415 = PCURVE('',#2720,#3416);
#3416 = DEFINITIONAL_REPRESENTATION('',(#3417),#3421);
#3417 = LINE('',#3418,#3419);
#3418 = CARTESIAN_POINT('',(27.,0.));
#3419 = VECTOR('',#3420,1.);
#3420 = DIRECTION('',(0.,-1.));
#3421 = ( GEOMETRIC_REPRESENTATION_CONTEXT(2) 
PARAMETRIC_REPRESENTATION_CONTEXT() REPRESENTATION_CONTEXT('2D SPACE',''
  ) );
#3422 = ORIENTED_EDGE('',*,*,#3423,.F.);
#3423 = EDGE_CURVE('',#3424,#3401,#3426,.T.);
#3424 = VERTEX_POINT('',#3425);
#3425 = CARTESIAN_POINT('',(-58.,-32.42332416321,17.));
#3426 = SURFACE_CURVE('',#3427,(#3505,#3586),.PCURVE_S1.);
#3427 = B_SPLINE_CURVE_WITH_KNOTS('',6,(#3428,#3429,#3430,#3431,#3432,
    #3433,#3434,#3435,#3436,#3437,#3438,#3439,#3440,#3441,#3442,#3443,
    #3444,#3445,#3446,#3447,#3448,#3449,#3450,#3451,#3452,#3453,#3454,
    #3455,#3456,#3457,#3458,#3459,#3460,#3461,#3462,#3463,#3464,#3465,
    #3466,#3467,#3468,#3469,#3470,#3471,#3472,#3473,#3474,#3475,#3476,
    #3477,#3478,#3479,#3480,#3481,#3482,#3483,#3484,#3485,#3486,#3487,
    #3488,#3489,#3490,#3491,#3492,#3493,#3494,#3495,#3496,#3497,#3498,
    #3499,#3500,#3501,#3502,#3503,#3504),.UNSPECIFIED.,.F.,.F.,(7,5,5,5,
    5,5,5,5,5,5,5,5,5,5,5,7),(0.,8.460773702904E-02,0.140331781158,
    0.173904707533,0.213893961546,0.317043884578,0.417328619702,
    0.499373521622,0.554545677581,0.684892224871,0.757056241234,
    0.825169146012,0.859547835668,0.91653357536,0.968546147946,1.),
  .UNSPECIFIED.);
#3428 = CARTESIAN_POINT('',(-58.,-32.42332416321,17.));
#3429 = CARTESIAN_POINT('',(-58.,-32.52289967531,16.839130836974));
#3430 = CARTESIAN_POINT('',(-57.9948242171,-32.61288702127,
    16.665117005634));
#3431 = CARTESIAN_POINT('',(-57.98288682619,-32.68985954158,
    16.480011204995));
#3432 = CARTESIAN_POINT('',(-57.96279190143,-32.75146388102,
    16.286407936223));
#3433 = CARTESIAN_POINT('',(-57.93371459072,-32.79628933874,
    16.087178863273));
#3434 = CARTESIAN_POINT('',(-57.8704054799,-32.84197655199,
    15.752342306449));
#3435 = CARTESIAN_POINT('',(-57.84146334405,-32.85252097137,
    15.618978636448));
#3436 = CARTESIAN_POINT('',(-57.80878871344,-32.85546858429,
    15.486197806691));
#3437 = CARTESIAN_POINT('',(-57.77262041792,-32.85103406941,
    15.354987117569));
#3438 = CARTESIAN_POINT('',(-57.73336338153,-32.83964572173,
    15.226311942188));
#3439 = CARTESIAN_POINT('',(-57.66641613557,-32.81128057473,
    15.0256511823));
#3440 = CARTESIAN_POINT('',(-57.64030891993,-32.7983156852,
    14.951397875573));
#3441 = CARTESIAN_POINT('',(-57.61334604776,-32.78316605786,
    14.87841896668));
#3442 = CARTESIAN_POINT('',(-57.58561458353,-32.76595090134,
    14.806793369256));
#3443 = CARTESIAN_POINT('',(-57.55720721151,-32.74679290779,
    14.736593506911));
#3444 = CARTESIAN_POINT('',(-57.49369776367,-32.70083500329,
    14.586045875723));
#3445 = CARTESIAN_POINT('',(-57.45834803131,-32.67327054769,
    14.506309835809));
#3446 = CARTESIAN_POINT('',(-57.42230036683,-32.64331000231,
    14.428701781099));
#3447 = CARTESIAN_POINT('',(-57.38568010446,-32.61112472994,
    14.353236187754));
#3448 = CARTESIAN_POINT('',(-57.34860924012,-32.57687308424,
    14.279918416378));
#3449 = CARTESIAN_POINT('',(-57.21472327954,-32.44739779202,
    14.025159902633));
#3450 = CARTESIAN_POINT('',(-57.11597527678,-32.3412707391,
    13.855754183723));
#3451 = CARTESIAN_POINT('',(-57.016723625,-32.22456070038,13.70003425335
    ));
#3452 = CARTESIAN_POINT('',(-56.91845252821,-32.09870661203,
    13.557319441379));
#3453 = CARTESIAN_POINT('',(-56.82248435278,-31.96454818776,
    13.42702999059));
#3454 = CARTESIAN_POINT('',(-56.64061146229,-31.68432427712,
    13.193956868651));
#3455 = CARTESIAN_POINT('',(-56.55440407296,-31.53854402739,
    13.090385740909));
#3456 = CARTESIAN_POINT('',(-56.47320575284,-31.38576961562,
    12.998174434118));
#3457 = CARTESIAN_POINT('',(-56.39871208677,-31.22648043107,
    12.917509644549));
#3458 = CARTESIAN_POINT('',(-56.33278996736,-31.06101083277,
    12.848714306617));
#3459 = CARTESIAN_POINT('',(-56.23205929431,-30.74933410744,
    12.746313140966));
#3460 = CARTESIAN_POINT('',(-56.19370090188,-30.60487540602,
    12.708510018624));
#3461 = CARTESIAN_POINT('',(-56.16374414588,-30.45731887517,
    12.679694283903));
#3462 = CARTESIAN_POINT('',(-56.14324824907,-30.30763572986,
    12.660217426264));
#3463 = CARTESIAN_POINT('',(-56.13279720681,-30.15669936946,
    12.650288812213));
#3464 = CARTESIAN_POINT('',(-56.13229757723,-29.90356302503,
    12.649814163745));
#3465 = CARTESIAN_POINT('',(-56.1366877691,-29.80183303747,
    12.653985405755));
#3466 = CARTESIAN_POINT('',(-56.14566360612,-29.70046187122,
    12.662509173058));
#3467 = CARTESIAN_POINT('',(-56.15910085196,-29.59977306708,
    12.675339884649));
#3468 = CARTESIAN_POINT('',(-56.17676271894,-29.50010593879,
    12.692383197141));
#3469 = CARTESIAN_POINT('',(-56.24920329952,-29.16960085481,
    12.763333050123));
#3470 = CARTESIAN_POINT('',(-56.32147788095,-28.94639460139,
    12.835540491586));
#3471 = CARTESIAN_POINT('',(-56.41104849783,-28.73269387683,
    12.928425267958));
#3472 = CARTESIAN_POINT('',(-56.51359930921,-28.52940113136,
    13.041186199147));
#3473 = CARTESIAN_POINT('',(-56.62511862035,-28.33782718626,
    13.17316909206));
#3474 = CARTESIAN_POINT('',(-56.80662118073,-28.06098630408,
    13.40729397739));
#3475 = CARTESIAN_POINT('',(-56.87307775079,-27.96620454545,
    13.496656106681));
#3476 = CARTESIAN_POINT('',(-56.94081618584,-27.87544578286,
    13.592054567786));
#3477 = CARTESIAN_POINT('',(-57.00936537852,-27.7889639494,
    13.693658959563));
#3478 = CARTESIAN_POINT('',(-57.07824290974,-27.70714391574,
    13.801671721659));
#3479 = CARTESIAN_POINT('',(-57.21173787387,-27.55822060352,
    14.024484116004));
#3480 = CARTESIAN_POINT('',(-57.2764260046,-27.49049456311,
    14.138643734357));
#3481 = CARTESIAN_POINT('',(-57.34049825139,-27.42787160398,
    14.258892738089));
#3482 = CARTESIAN_POINT('',(-57.40342715208,-27.3709820674,
    14.385325901739));
#3483 = CARTESIAN_POINT('',(-57.4646433116,-27.32058551732,
    14.517981647793));
#3484 = CARTESIAN_POINT('',(-57.55326212343,-27.25588506234,
    14.726880273213));
#3485 = CARTESIAN_POINT('',(-57.58239285385,-27.23606965184,
    14.798516306435));
#3486 = CARTESIAN_POINT('',(-57.61082468223,-27.21827625341,
    14.871648508726));
#3487 = CARTESIAN_POINT('',(-57.63845820286,-27.20263570853,
    14.94620111168));
#3488 = CARTESIAN_POINT('',(-57.665199988,-27.18927528598,15.02209125077
    ));
#3489 = CARTESIAN_POINT('',(-57.73366932125,-27.16015866632,
    15.227090373739));
#3490 = CARTESIAN_POINT('',(-57.77375222973,-27.1485768824,
    15.358572390513));
#3491 = CARTESIAN_POINT('',(-57.8106059759,-27.14426148574,
    15.492689624094));
#3492 = CARTESIAN_POINT('',(-57.84379619992,-27.14766377046,
    15.628411714127));
#3493 = CARTESIAN_POINT('',(-57.87307896118,-27.15900604718,
    15.76468017779));
#3494 = CARTESIAN_POINT('',(-57.92148658577,-27.19585729467,
    16.024354239117));
#3495 = CARTESIAN_POINT('',(-57.94121288004,-27.21999645364,
    16.147510451134));
#3496 = CARTESIAN_POINT('',(-57.95753875131,-27.25060299714,
    16.269067367659));
#3497 = CARTESIAN_POINT('',(-57.97057135703,-27.28741278442,
    16.388202218042));
#3498 = CARTESIAN_POINT('',(-57.98052717804,-27.32997425843,
    16.504129393738));
#3499 = CARTESIAN_POINT('',(-57.99204882022,-27.40646248939,
    16.68384140844));
#3500 = CARTESIAN_POINT('',(-57.99537770504,-27.43716795018,
    16.75016061596));
#3501 = CARTESIAN_POINT('',(-57.99776363301,-27.46965308568,
    16.815001615615));
#3502 = CARTESIAN_POINT('',(-57.99927953678,-27.50381013317,
    16.878295833512));
#3503 = CARTESIAN_POINT('',(-58.,-27.53952479458,16.939980654489));
#3504 = CARTESIAN_POINT('',(-58.,-27.57667583678,17.));
#3505 = PCURVE('',#2389,#3506);
#3506 = DEFINITIONAL_REPRESENTATION('',(#3507),#3585);
#3507 = B_SPLINE_CURVE_WITH_KNOTS('',6,(#3508,#3509,#3510,#3511,#3512,
    #3513,#3514,#3515,#3516,#3517,#3518,#3519,#3520,#3521,#3522,#3523,
    #3524,#3525,#3526,#3527,#3528,#3529,#3530,#3531,#3532,#3533,#3534,
    #3535,#3536,#3537,#3538,#3539,#3540,#3541,#3542,#3543,#3544,#3545,
    #3546,#3547,#3548,#3549,#3550,#3551,#3552,#3553,#3554,#3555,#3556,
    #3557,#3558,#3559,#3560,#3561,#3562,#3563,#3564,#3565,#3566,#3567,
    #3568,#3569,#3570,#3571,#3572,#3573,#3574,#3575,#3576,#3577,#3578,
    #3579,#3580,#3581,#3582,#3583,#3584),.UNSPECIFIED.,.F.,.F.,(7,5,5,5,
    5,5,5,5,5,5,5,5,5,5,5,7),(0.,8.460773702904E-02,0.140331781158,
    0.173904707533,0.213893961546,0.317043884578,0.417328619702,
    0.499373521622,0.554545677581,0.684892224871,0.757056241234,
    0.825169146012,0.859547835668,0.91653357536,0.968546147946,1.),
  .UNSPECIFIED.);
#3508 = CARTESIAN_POINT('',(-1.570796326795,16.773324163211));
#3509 = CARTESIAN_POINT('',(-1.543984799624,16.872899675311));
#3510 = CARTESIAN_POINT('',(-1.514982476834,16.962887021279));
#3511 = CARTESIAN_POINT('',(-1.484096899735,17.039859541587));
#3512 = CARTESIAN_POINT('',(-1.451697071048,17.101463881021));
#3513 = CARTESIAN_POINT('',(-1.418169926208,17.146289338742));
#3514 = CARTESIAN_POINT('',(-1.361375080174,17.191976551998));
#3515 = CARTESIAN_POINT('',(-1.338638604282,17.202520971374));
#3516 = CARTESIAN_POINT('',(-1.315861355915,17.205468584293));
#3517 = CARTESIAN_POINT('',(-1.293190052341,17.201034069413));
#3518 = CARTESIAN_POINT('',(-1.270775849452,17.189645721738));
#3519 = CARTESIAN_POINT('',(-1.235520166576,17.161280574739));
#3520 = CARTESIAN_POINT('',(-1.22240367815,17.148315685205));
#3521 = CARTESIAN_POINT('',(-1.209439306769,17.133166057864));
#3522 = CARTESIAN_POINT('',(-1.196640411429,17.115950901342));
#3523 = CARTESIAN_POINT('',(-1.184020161778,17.096792907799));
#3524 = CARTESIAN_POINT('',(-1.156787604046,17.050835003293));
#3525 = CARTESIAN_POINT('',(-1.14225321112,17.023270547694));
#3526 = CARTESIAN_POINT('',(-1.127994538983,16.993310002312));
#3527 = CARTESIAN_POINT('',(-1.114017162965,16.961124729949));
#3528 = CARTESIAN_POINT('',(-1.10032605268,16.926873084241));
#3529 = CARTESIAN_POINT('',(-1.052359817227,16.797397792028));
#3530 = CARTESIAN_POINT('',(-1.019710403004,16.691270739103));
#3531 = CARTESIAN_POINT('',(-0.988966642041,16.574560700379));
#3532 = CARTESIAN_POINT('',(-0.960110393525,16.448706612039));
#3533 = CARTESIAN_POINT('',(-0.933151055791,16.314548187766));
#3534 = CARTESIAN_POINT('',(-0.883878337267,16.034324277123));
#3535 = CARTESIAN_POINT('',(-0.861430453944,15.888544027397));
#3536 = CARTESIAN_POINT('',(-0.840963081796,15.73576961562));
#3537 = CARTESIAN_POINT('',(-0.822668044699,15.576480431071));
#3538 = CARTESIAN_POINT('',(-0.806789185139,15.411010832778));
#3539 = CARTESIAN_POINT('',(-0.782849058887,15.099334107442));
#3540 = CARTESIAN_POINT('',(-0.773874197455,14.954875406025));
#3541 = CARTESIAN_POINT('',(-0.766946795014,14.807318875178));
#3542 = CARTESIAN_POINT('',(-0.762234360276,14.65763572986));
#3543 = CARTESIAN_POINT('',(-0.759831820547,14.506699369467));
#3544 = CARTESIAN_POINT('',(-0.759716963041,14.253563025031));
#3545 = CARTESIAN_POINT('',(-0.76072626084,14.151833037475));
#3546 = CARTESIAN_POINT('',(-0.76278931737,14.050461871229));
#3547 = CARTESIAN_POINT('',(-0.765885815404,13.949773067084));
#3548 = CARTESIAN_POINT('',(-0.76997640288,13.850105938792));
#3549 = CARTESIAN_POINT('',(-0.78687604074,13.51960085481));
#3550 = CARTESIAN_POINT('',(-0.803902561394,13.296394601392));
#3551 = CARTESIAN_POINT('',(-0.825403012503,13.08269387683));
#3552 = CARTESIAN_POINT('',(-0.850785559754,12.879401131362));
#3553 = CARTESIAN_POINT('',(-0.8795582355,12.687827186269));
#3554 = CARTESIAN_POINT('',(-0.928931429238,12.410986304084));
#3555 = CARTESIAN_POINT('',(-0.947488456134,12.316204545453));
#3556 = CARTESIAN_POINT('',(-0.966981351962,12.225445782866));
#3557 = CARTESIAN_POINT('',(-0.987399371444,12.138963949407));
#3558 = CARTESIAN_POINT('',(-1.008741913623,12.057143915744));
#3559 = CARTESIAN_POINT('',(-1.052032363083,11.908220603528));
#3560 = CARTESIAN_POINT('',(-1.073894858612,11.840494563112));
#3561 = CARTESIAN_POINT('',(-1.096591863697,11.777871603981));
#3562 = CARTESIAN_POINT('',(-1.120115269242,11.720982067403));
#3563 = CARTESIAN_POINT('',(-1.14445331631,11.670585517322));
#3564 = CARTESIAN_POINT('',(-1.182273038352,11.605885062348));
#3565 = CARTESIAN_POINT('',(-1.195160348086,11.58606965184));
#3566 = CARTESIAN_POINT('',(-1.20823539767,11.568276253411));
#3567 = CARTESIAN_POINT('',(-1.221484359756,11.552635708538));
#3568 = CARTESIAN_POINT('',(-1.234893193401,11.539275285986));
#3569 = CARTESIAN_POINT('',(-1.270915057908,11.510158666329));
#3570 = CARTESIAN_POINT('',(-1.293816390798,11.4985768824));
#3571 = CARTESIAN_POINT('',(-1.316984196774,11.494261485747));
#3572 = CARTESIAN_POINT('',(-1.340257122398,11.497663770467));
#3573 = CARTESIAN_POINT('',(-1.363478301514,11.509006047189));
#3574 = CARTESIAN_POINT('',(-1.407502889418,11.545857294677));
#3575 = CARTESIAN_POINT('',(-1.428283773832,11.569996453646));
#3576 = CARTESIAN_POINT('',(-1.44871559516,11.600602997143));
#3577 = CARTESIAN_POINT('',(-1.468681366576,11.637412784424));
#3578 = CARTESIAN_POINT('',(-1.488069175095,11.679974258434));
#3579 = CARTESIAN_POINT('',(-1.518082670424,11.756462489393));
#3580 = CARTESIAN_POINT('',(-1.529148721622,11.787167950185));
#3581 = CARTESIAN_POINT('',(-1.539961462304,11.819653085683));
#3582 = CARTESIAN_POINT('',(-1.550512298601,11.853810133175));
#3583 = CARTESIAN_POINT('',(-1.560793102543,11.889524794584));
#3584 = CARTESIAN_POINT('',(-1.570796326795,11.926675836789));
#3585 = ( GEOMETRIC_REPRESENTATION_CONTEXT(2) 
PARAMETRIC_REPRESENTATION_CONTEXT() REPRESENTATION_CONTEXT('2D SPACE',''
  ) );
#3586 = PCURVE('',#3587,#3592);
#3587 = CYLINDRICAL_SURFACE('',#3588,2.85);
#3588 = AXIS2_PLACEMENT_3D('',#3589,#3590,#3591);
#3589 = CARTESIAN_POINT('',(-58.5,-30.,15.5));
#3590 = DIRECTION('',(1.,0.,0.));
#3591 = DIRECTION('',(-0.,0.,1.));
#3592 = DEFINITIONAL_REPRESENTATION('',(#3593),#3671);
#3593 = B_SPLINE_CURVE_WITH_KNOTS('',6,(#3594,#3595,#3596,#3597,#3598,
    #3599,#3600,#3601,#3602,#3603,#3604,#3605,#3606,#3607,#3608,#3609,
    #3610,#3611,#3612,#3613,#3614,#3615,#3616,#3617,#3618,#3619,#3620,
    #3621,#3622,#3623,#3624,#3625,#3626,#3627,#3628,#3629,#3630,#3631,
    #3632,#3633,#3634,#3635,#3636,#3637,#3638,#3639,#3640,#3641,#3642,
    #3643,#3644,#3645,#3646,#3647,#3648,#3649,#3650,#3651,#3652,#3653,
    #3654,#3655,#3656,#3657,#3658,#3659,#3660,#3661,#3662,#3663,#3664,
    #3665,#3666,#3667,#3668,#3669,#3670),.UNSPECIFIED.,.F.,.F.,(7,5,5,5,
    5,5,5,5,5,5,5,5,5,5,5,7),(0.,8.460773702904E-02,0.140331781158,
    0.173904707533,0.213893961546,0.317043884578,0.417328619702,
    0.499373521622,0.554545677581,0.684892224871,0.757056241234,
    0.825169146012,0.859547835668,0.91653357536,0.968546147946,1.),
  .UNSPECIFIED.);
#3594 = CARTESIAN_POINT('',(1.016534492343,0.5));
#3595 = CARTESIAN_POINT('',(1.082918167077,0.5));
#3596 = CARTESIAN_POINT('',(1.15145279547,0.505175782891));
#3597 = CARTESIAN_POINT('',(1.221420045878,0.517113173809));
#3598 = CARTESIAN_POINT('',(1.292307601583,0.537208098563));
#3599 = CARTESIAN_POINT('',(1.363697062451,0.566285409278));
#3600 = CARTESIAN_POINT('',(1.482272188338,0.629594520094));
#3601 = CARTESIAN_POINT('',(1.529137017394,0.65853665595));
#3602 = CARTESIAN_POINT('',(1.575626836736,0.691211286554));
#3603 = CARTESIAN_POINT('',(1.62158744023,0.72737958208));
#3604 = CARTESIAN_POINT('',(1.666851510219,0.766636618461));
#3605 = CARTESIAN_POINT('',(1.737958764184,0.833583864428));
#3606 = CARTESIAN_POINT('',(1.764392808837,0.859691080061));
#3607 = CARTESIAN_POINT('',(1.790525781351,0.886653952238));
#3608 = CARTESIAN_POINT('',(1.816354964102,0.914385416466));
#3609 = CARTESIAN_POINT('',(1.841875888662,0.942792788482));
#3610 = CARTESIAN_POINT('',(1.897106141459,1.006302236327));
#3611 = CARTESIAN_POINT('',(1.926688511428,1.041651968683));
#3612 = CARTESIAN_POINT('',(1.9558509091,1.077699633161));
#3613 = CARTESIAN_POINT('',(1.984612554673,1.114319895533));
#3614 = CARTESIAN_POINT('',(2.012991263016,1.151390759876));
#3615 = CARTESIAN_POINT('',(2.113262211199,1.28527672046));
#3616 = CARTESIAN_POINT('',(2.183123390768,1.384024723213));
#3617 = CARTESIAN_POINT('',(2.251064357616,1.483276374992));
#3618 = CARTESIAN_POINT('',(2.317526572412,1.581547471787));
#3619 = CARTESIAN_POINT('',(2.382950958729,1.677515647212));
#3620 = CARTESIAN_POINT('',(2.510840049773,1.859388537706));
#3621 = CARTESIAN_POINT('',(2.573404710564,1.945595927035));
#3622 = CARTESIAN_POINT('',(2.635757739159,2.026794247151));
#3623 = CARTESIAN_POINT('',(2.69814707935,2.101287913227));
#3624 = CARTESIAN_POINT('',(2.760840434805,2.167210032635));
#3625 = CARTESIAN_POINT('',(2.87595188927,2.267940705686));
#3626 = CARTESIAN_POINT('',(2.928246880141,2.306299098117));
#3627 = CARTESIAN_POINT('',(2.980840752699,2.336255854119));
#3628 = CARTESIAN_POINT('',(3.033643830325,2.35675175093));
#3629 = CARTESIAN_POINT('',(3.086610324231,2.367202793188));
#3630 = CARTESIAN_POINT('',(3.175430250349,2.367702422765));
#3631 = CARTESIAN_POINT('',(3.211122221674,2.363312230897));
#3632 = CARTESIAN_POINT('',(3.246767243741,2.354336393875));
#3633 = CARTESIAN_POINT('',(3.282333730686,2.340899148039));
#3634 = CARTESIAN_POINT('',(3.31778080184,2.323237281059));
#3635 = CARTESIAN_POINT('',(3.436389486034,2.250796700475));
#3636 = CARTESIAN_POINT('',(3.518281301332,2.178522119042));
#3637 = CARTESIAN_POINT('',(3.59947308508,2.088951502161));
#3638 = CARTESIAN_POINT('',(3.680472600594,1.986400690787));
#3639 = CARTESIAN_POINT('',(3.761702760406,1.874881379648));
#3640 = CARTESIAN_POINT('',(3.888919496714,1.693378819266));
#3641 = CARTESIAN_POINT('',(3.934560118845,1.626922249205));
#3642 = CARTESIAN_POINT('',(3.980658619178,1.559183814158));
#3643 = CARTESIAN_POINT('',(4.027363761708,1.490634621475));
#3644 = CARTESIAN_POINT('',(4.074826053458,1.421757090253));
#3645 = CARTESIAN_POINT('',(4.168860824337,1.288262126124));
#3646 = CARTESIAN_POINT('',(4.215367968107,1.223573995394));
#3647 = CARTESIAN_POINT('',(4.262828436342,1.159501748602));
#3648 = CARTESIAN_POINT('',(4.311348801601,1.096572847918));
#3649 = CARTESIAN_POINT('',(4.361042716449,1.035356688392));
#3650 = CARTESIAN_POINT('',(4.437775623379,0.946737876561));
#3651 = CARTESIAN_POINT('',(4.46384284098,0.917607146149));
#3652 = CARTESIAN_POINT('',(4.490232327362,0.889175317768));
#3653 = CARTESIAN_POINT('',(4.516939690106,0.861541797139));
#3654 = CARTESIAN_POINT('',(4.543962435106,0.834800011995));
#3655 = CARTESIAN_POINT('',(4.616613858751,0.766330678748));
#3656 = CARTESIAN_POINT('',(4.662860936658,0.726247770267));
#3657 = CARTESIAN_POINT('',(4.709832441207,0.689394024098));
#3658 = CARTESIAN_POINT('',(4.757350045458,0.656203800077));
#3659 = CARTESIAN_POINT('',(4.805248396774,0.626921038816));
#3660 = CARTESIAN_POINT('',(4.897275018217,0.578513414223));
#3661 = CARTESIAN_POINT('',(4.941249172789,0.558787119953));
#3662 = CARTESIAN_POINT('',(4.985138807653,0.542461248681));
#3663 = CARTESIAN_POINT('',(5.028800046566,0.52942864297));
#3664 = CARTESIAN_POINT('',(5.072075674291,0.51947282196));
#3665 = CARTESIAN_POINT('',(5.14060627279,0.50795117978));
#3666 = CARTESIAN_POINT('',(5.166236791156,0.504622294956));
#3667 = CARTESIAN_POINT('',(5.191665608613,0.502236366983));
#3668 = CARTESIAN_POINT('',(5.216884462954,0.500720463217));
#3669 = CARTESIAN_POINT('',(5.241883453366,0.5));
#3670 = CARTESIAN_POINT('',(5.266650814837,0.5));
#3671 = ( GEOMETRIC_REPRESENTATION_CONTEXT(2) 
PARAMETRIC_REPRESENTATION_CONTEXT() REPRESENTATION_CONTEXT('2D SPACE',''
  ) );
#3672 = ORIENTED_EDGE('',*,*,#3673,.T.);
#3673 = EDGE_CURVE('',#3424,#3312,#3674,.T.);
#3674 = SURFACE_CURVE('',#3675,(#3679,#3686),.PCURVE_S1.);
#3675 = LINE('',#3676,#3677);
#3676 = CARTESIAN_POINT('',(-58.,-15.65,17.));
#3677 = VECTOR('',#3678,1.);
#3678 = DIRECTION('',(0.,-1.,0.));
#3679 = PCURVE('',#2389,#3680);
#3680 = DEFINITIONAL_REPRESENTATION('',(#3681),#3685);
#3681 = LINE('',#3682,#3683);
#3682 = CARTESIAN_POINT('',(-1.570796326795,0.));
#3683 = VECTOR('',#3684,1.);
#3684 = DIRECTION('',(-0.,1.));
#3685 = ( GEOMETRIC_REPRESENTATION_CONTEXT(2) 
PARAMETRIC_REPRESENTATION_CONTEXT() REPRESENTATION_CONTEXT('2D SPACE',''
  ) );
#3686 = PCURVE('',#2720,#3687);
#3687 = DEFINITIONAL_REPRESENTATION('',(#3688),#3692);
#3688 = LINE('',#3689,#3690);
#3689 = CARTESIAN_POINT('',(27.,0.));
#3690 = VECTOR('',#3691,1.);
#3691 = DIRECTION('',(0.,-1.));
#3692 = ( GEOMETRIC_REPRESENTATION_CONTEXT(2) 
PARAMETRIC_REPRESENTATION_CONTEXT() REPRESENTATION_CONTEXT('2D SPACE',''
  ) );
#3693 = ORIENTED_EDGE('',*,*,#3334,.F.);
#3694 = ADVANCED_FACE('',(#3695),#2720,.F.);
#3695 = FACE_BOUND('',#3696,.F.);
#3696 = EDGE_LOOP('',(#3697,#3698,#3721,#3749,#3777,#3805,#3826,#3827,
    #3828,#3852,#3874));
#3697 = ORIENTED_EDGE('',*,*,#2704,.F.);
#3698 = ORIENTED_EDGE('',*,*,#3699,.T.);
#3699 = EDGE_CURVE('',#2676,#3700,#3702,.T.);
#3700 = VERTEX_POINT('',#3701);
#3701 = CARTESIAN_POINT('',(-58.,-23.65,38.));
#3702 = SURFACE_CURVE('',#3703,(#3707,#3714),.PCURVE_S1.);
#3703 = LINE('',#3704,#3705);
#3704 = CARTESIAN_POINT('',(-58.,-15.65,38.));
#3705 = VECTOR('',#3706,1.);
#3706 = DIRECTION('',(0.,-1.,0.));
#3707 = PCURVE('',#2720,#3708);
#3708 = DEFINITIONAL_REPRESENTATION('',(#3709),#3713);
#3709 = LINE('',#3710,#3711);
#3710 = CARTESIAN_POINT('',(6.,0.));
#3711 = VECTOR('',#3712,1.);
#3712 = DIRECTION('',(0.,-1.));
#3713 = ( GEOMETRIC_REPRESENTATION_CONTEXT(2) 
PARAMETRIC_REPRESENTATION_CONTEXT() REPRESENTATION_CONTEXT('2D SPACE',''
  ) );
#3714 = PCURVE('',#2692,#3715);
#3715 = DEFINITIONAL_REPRESENTATION('',(#3716),#3720);
#3716 = LINE('',#3717,#3718);
#3717 = CARTESIAN_POINT('',(1.570796326795,0.));
#3718 = VECTOR('',#3719,1.);
#3719 = DIRECTION('',(0.,1.));
#3720 = ( GEOMETRIC_REPRESENTATION_CONTEXT(2) 
PARAMETRIC_REPRESENTATION_CONTEXT() REPRESENTATION_CONTEXT('2D SPACE',''
  ) );
#3721 = ORIENTED_EDGE('',*,*,#3722,.F.);
#3722 = EDGE_CURVE('',#3723,#3700,#3725,.T.);
#3723 = VERTEX_POINT('',#3724);
#3724 = CARTESIAN_POINT('',(-58.,-23.65,33.453306688776));
#3725 = SURFACE_CURVE('',#3726,(#3730,#3737),.PCURVE_S1.);
#3726 = LINE('',#3727,#3728);
#3727 = CARTESIAN_POINT('',(-58.,-23.65,41.75));
#3728 = VECTOR('',#3729,1.);
#3729 = DIRECTION('',(0.,0.,1.));
#3730 = PCURVE('',#2720,#3731);
#3731 = DEFINITIONAL_REPRESENTATION('',(#3732),#3736);
#3732 = LINE('',#3733,#3734);
#3733 = CARTESIAN_POINT('',(2.25,-8.));
#3734 = VECTOR('',#3735,1.);
#3735 = DIRECTION('',(-1.,0.));
#3736 = ( GEOMETRIC_REPRESENTATION_CONTEXT(2) 
PARAMETRIC_REPRESENTATION_CONTEXT() REPRESENTATION_CONTEXT('2D SPACE',''
  ) );
#3737 = PCURVE('',#3738,#3743);
#3738 = PLANE('',#3739);
#3739 = AXIS2_PLACEMENT_3D('',#3740,#3741,#3742);
#3740 = CARTESIAN_POINT('',(-55.,-23.65,39.5));
#3741 = DIRECTION('',(0.,1.,0.));
#3742 = DIRECTION('',(0.,-0.,1.));
#3743 = DEFINITIONAL_REPRESENTATION('',(#3744),#3748);
#3744 = LINE('',#3745,#3746);
#3745 = CARTESIAN_POINT('',(2.25,-3.));
#3746 = VECTOR('',#3747,1.);
#3747 = DIRECTION('',(1.,0.));
#3748 = ( GEOMETRIC_REPRESENTATION_CONTEXT(2) 
PARAMETRIC_REPRESENTATION_CONTEXT() REPRESENTATION_CONTEXT('2D SPACE',''
  ) );
#3749 = ORIENTED_EDGE('',*,*,#3750,.F.);
#3750 = EDGE_CURVE('',#3751,#3723,#3753,.T.);
#3751 = VERTEX_POINT('',#3752);
#3752 = CARTESIAN_POINT('',(-58.,-36.35,33.453306688776));
#3753 = SURFACE_CURVE('',#3754,(#3758,#3765),.PCURVE_S1.);
#3754 = LINE('',#3755,#3756);
#3755 = CARTESIAN_POINT('',(-58.,-36.35,33.453306688776));
#3756 = VECTOR('',#3757,1.);
#3757 = DIRECTION('',(0.,1.,0.));
#3758 = PCURVE('',#2720,#3759);
#3759 = DEFINITIONAL_REPRESENTATION('',(#3760),#3764);
#3760 = LINE('',#3761,#3762);
#3761 = CARTESIAN_POINT('',(10.546693311224,-20.7));
#3762 = VECTOR('',#3763,1.);
#3763 = DIRECTION('',(0.,1.));
#3764 = ( GEOMETRIC_REPRESENTATION_CONTEXT(2) 
PARAMETRIC_REPRESENTATION_CONTEXT() REPRESENTATION_CONTEXT('2D SPACE',''
  ) );
#3765 = PCURVE('',#3766,#3771);
#3766 = CYLINDRICAL_SURFACE('',#3767,6.75);
#3767 = AXIS2_PLACEMENT_3D('',#3768,#3769,#3770);
#3768 = CARTESIAN_POINT('',(-55.,-36.35,39.5));
#3769 = DIRECTION('',(0.,1.,0.));
#3770 = DIRECTION('',(0.,-0.,1.));
#3771 = DEFINITIONAL_REPRESENTATION('',(#3772),#3776);
#3772 = LINE('',#3773,#3774);
#3773 = CARTESIAN_POINT('',(3.602146645271,0.));
#3774 = VECTOR('',#3775,1.);
#3775 = DIRECTION('',(0.,1.));
#3776 = ( GEOMETRIC_REPRESENTATION_CONTEXT(2) 
PARAMETRIC_REPRESENTATION_CONTEXT() REPRESENTATION_CONTEXT('2D SPACE',''
  ) );
#3777 = ORIENTED_EDGE('',*,*,#3778,.T.);
#3778 = EDGE_CURVE('',#3751,#3779,#3781,.T.);
#3779 = VERTEX_POINT('',#3780);
#3780 = CARTESIAN_POINT('',(-58.,-36.35,38.));
#3781 = SURFACE_CURVE('',#3782,(#3786,#3793),.PCURVE_S1.);
#3782 = LINE('',#3783,#3784);
#3783 = CARTESIAN_POINT('',(-58.,-36.35,41.75));
#3784 = VECTOR('',#3785,1.);
#3785 = DIRECTION('',(0.,0.,1.));
#3786 = PCURVE('',#2720,#3787);
#3787 = DEFINITIONAL_REPRESENTATION('',(#3788),#3792);
#3788 = LINE('',#3789,#3790);
#3789 = CARTESIAN_POINT('',(2.25,-20.7));
#3790 = VECTOR('',#3791,1.);
#3791 = DIRECTION('',(-1.,0.));
#3792 = ( GEOMETRIC_REPRESENTATION_CONTEXT(2) 
PARAMETRIC_REPRESENTATION_CONTEXT() REPRESENTATION_CONTEXT('2D SPACE',''
  ) );
#3793 = PCURVE('',#3794,#3799);
#3794 = PLANE('',#3795);
#3795 = AXIS2_PLACEMENT_3D('',#3796,#3797,#3798);
#3796 = CARTESIAN_POINT('',(-55.,-36.35,39.5));
#3797 = DIRECTION('',(0.,1.,0.));
#3798 = DIRECTION('',(0.,-0.,1.));
#3799 = DEFINITIONAL_REPRESENTATION('',(#3800),#3804);
#3800 = LINE('',#3801,#3802);
#3801 = CARTESIAN_POINT('',(2.25,-3.));
#3802 = VECTOR('',#3803,1.);
#3803 = DIRECTION('',(1.,0.));
#3804 = ( GEOMETRIC_REPRESENTATION_CONTEXT(2) 
PARAMETRIC_REPRESENTATION_CONTEXT() REPRESENTATION_CONTEXT('2D SPACE',''
  ) );
#3805 = ORIENTED_EDGE('',*,*,#3806,.T.);
#3806 = EDGE_CURVE('',#3779,#3283,#3807,.T.);
#3807 = SURFACE_CURVE('',#3808,(#3812,#3819),.PCURVE_S1.);
#3808 = LINE('',#3809,#3810);
#3809 = CARTESIAN_POINT('',(-58.,-15.65,38.));
#3810 = VECTOR('',#3811,1.);
#3811 = DIRECTION('',(0.,-1.,0.));
#3812 = PCURVE('',#2720,#3813);
#3813 = DEFINITIONAL_REPRESENTATION('',(#3814),#3818);
#3814 = LINE('',#3815,#3816);
#3815 = CARTESIAN_POINT('',(6.,0.));
#3816 = VECTOR('',#3817,1.);
#3817 = DIRECTION('',(0.,-1.));
#3818 = ( GEOMETRIC_REPRESENTATION_CONTEXT(2) 
PARAMETRIC_REPRESENTATION_CONTEXT() REPRESENTATION_CONTEXT('2D SPACE',''
  ) );
#3819 = PCURVE('',#3299,#3820);
#3820 = DEFINITIONAL_REPRESENTATION('',(#3821),#3825);
#3821 = LINE('',#3822,#3823);
#3822 = CARTESIAN_POINT('',(1.570796326795,0.));
#3823 = VECTOR('',#3824,1.);
#3824 = DIRECTION('',(0.,1.));
#3825 = ( GEOMETRIC_REPRESENTATION_CONTEXT(2) 
PARAMETRIC_REPRESENTATION_CONTEXT() REPRESENTATION_CONTEXT('2D SPACE',''
  ) );
#3826 = ORIENTED_EDGE('',*,*,#3311,.T.);
#3827 = ORIENTED_EDGE('',*,*,#3673,.F.);
#3828 = ORIENTED_EDGE('',*,*,#3829,.F.);
#3829 = EDGE_CURVE('',#3830,#3424,#3832,.T.);
#3830 = VERTEX_POINT('',#3831);
#3831 = CARTESIAN_POINT('',(-58.,-30.,18.35));
#3832 = SURFACE_CURVE('',#3833,(#3838,#3845),.PCURVE_S1.);
#3833 = CIRCLE('',#3834,2.85);
#3834 = AXIS2_PLACEMENT_3D('',#3835,#3836,#3837);
#3835 = CARTESIAN_POINT('',(-58.,-30.,15.5));
#3836 = DIRECTION('',(1.,0.,0.));
#3837 = DIRECTION('',(-0.,0.,1.));
#3838 = PCURVE('',#2720,#3839);
#3839 = DEFINITIONAL_REPRESENTATION('',(#3840),#3844);
#3840 = CIRCLE('',#3841,2.85);
#3841 = AXIS2_PLACEMENT_2D('',#3842,#3843);
#3842 = CARTESIAN_POINT('',(28.5,-14.35));
#3843 = DIRECTION('',(-1.,0.));
#3844 = ( GEOMETRIC_REPRESENTATION_CONTEXT(2) 
PARAMETRIC_REPRESENTATION_CONTEXT() REPRESENTATION_CONTEXT('2D SPACE',''
  ) );
#3845 = PCURVE('',#3587,#3846);
#3846 = DEFINITIONAL_REPRESENTATION('',(#3847),#3851);
#3847 = LINE('',#3848,#3849);
#3848 = CARTESIAN_POINT('',(0.,0.5));
#3849 = VECTOR('',#3850,1.);
#3850 = DIRECTION('',(1.,0.));
#3851 = ( GEOMETRIC_REPRESENTATION_CONTEXT(2) 
PARAMETRIC_REPRESENTATION_CONTEXT() REPRESENTATION_CONTEXT('2D SPACE',''
  ) );
#3852 = ORIENTED_EDGE('',*,*,#3853,.F.);
#3853 = EDGE_CURVE('',#3401,#3830,#3854,.T.);
#3854 = SURFACE_CURVE('',#3855,(#3860,#3867),.PCURVE_S1.);
#3855 = CIRCLE('',#3856,2.85);
#3856 = AXIS2_PLACEMENT_3D('',#3857,#3858,#3859);
#3857 = CARTESIAN_POINT('',(-58.,-30.,15.5));
#3858 = DIRECTION('',(1.,0.,0.));
#3859 = DIRECTION('',(-0.,0.,1.));
#3860 = PCURVE('',#2720,#3861);
#3861 = DEFINITIONAL_REPRESENTATION('',(#3862),#3866);
#3862 = CIRCLE('',#3863,2.85);
#3863 = AXIS2_PLACEMENT_2D('',#3864,#3865);
#3864 = CARTESIAN_POINT('',(28.5,-14.35));
#3865 = DIRECTION('',(-1.,0.));
#3866 = ( GEOMETRIC_REPRESENTATION_CONTEXT(2) 
PARAMETRIC_REPRESENTATION_CONTEXT() REPRESENTATION_CONTEXT('2D SPACE',''
  ) );
#3867 = PCURVE('',#3587,#3868);
#3868 = DEFINITIONAL_REPRESENTATION('',(#3869),#3873);
#3869 = LINE('',#3870,#3871);
#3870 = CARTESIAN_POINT('',(0.,0.5));
#3871 = VECTOR('',#3872,1.);
#3872 = DIRECTION('',(1.,0.));
#3873 = ( GEOMETRIC_REPRESENTATION_CONTEXT(2) 
PARAMETRIC_REPRESENTATION_CONTEXT() REPRESENTATION_CONTEXT('2D SPACE',''
  ) );
#3874 = ORIENTED_EDGE('',*,*,#3400,.F.);
#3875 = ADVANCED_FACE('',(#3876),#2606,.F.);
#3876 = FACE_BOUND('',#3877,.F.);
#3877 = EDGE_LOOP('',(#3878,#3879,#3880,#3881,#3882,#3883,#3906,#3929,
    #3957,#3980));
#3878 = ORIENTED_EDGE('',*,*,#2590,.F.);
#3879 = ORIENTED_EDGE('',*,*,#2798,.T.);
#3880 = ORIENTED_EDGE('',*,*,#3083,.F.);
#3881 = ORIENTED_EDGE('',*,*,#3152,.T.);
#3882 = ORIENTED_EDGE('',*,*,#3202,.T.);
#3883 = ORIENTED_EDGE('',*,*,#3884,.F.);
#3884 = EDGE_CURVE('',#3885,#3203,#3887,.T.);
#3885 = VERTEX_POINT('',#3886);
#3886 = CARTESIAN_POINT('',(-40.,-36.35,38.));
#3887 = SURFACE_CURVE('',#3888,(#3892,#3899),.PCURVE_S1.);
#3888 = LINE('',#3889,#3890);
#3889 = CARTESIAN_POINT('',(-40.,-15.65,38.));
#3890 = VECTOR('',#3891,1.);
#3891 = DIRECTION('',(0.,-1.,0.));
#3892 = PCURVE('',#2606,#3893);
#3893 = DEFINITIONAL_REPRESENTATION('',(#3894),#3898);
#3894 = LINE('',#3895,#3896);
#3895 = CARTESIAN_POINT('',(27.,0.));
#3896 = VECTOR('',#3897,1.);
#3897 = DIRECTION('',(0.,-1.));
#3898 = ( GEOMETRIC_REPRESENTATION_CONTEXT(2) 
PARAMETRIC_REPRESENTATION_CONTEXT() REPRESENTATION_CONTEXT('2D SPACE',''
  ) );
#3899 = PCURVE('',#3242,#3900);
#3900 = DEFINITIONAL_REPRESENTATION('',(#3901),#3905);
#3901 = LINE('',#3902,#3903);
#3902 = CARTESIAN_POINT('',(0.,0.));
#3903 = VECTOR('',#3904,1.);
#3904 = DIRECTION('',(0.,1.));
#3905 = ( GEOMETRIC_REPRESENTATION_CONTEXT(2) 
PARAMETRIC_REPRESENTATION_CONTEXT() REPRESENTATION_CONTEXT('2D SPACE',''
  ) );
#3906 = ORIENTED_EDGE('',*,*,#3907,.F.);
#3907 = EDGE_CURVE('',#3908,#3885,#3910,.T.);
#3908 = VERTEX_POINT('',#3909);
#3909 = CARTESIAN_POINT('',(-40.,-36.35,32.75));
#3910 = SURFACE_CURVE('',#3911,(#3915,#3922),.PCURVE_S1.);
#3911 = LINE('',#3912,#3913);
#3912 = CARTESIAN_POINT('',(-40.,-36.35,25.25));
#3913 = VECTOR('',#3914,1.);
#3914 = DIRECTION('',(0.,-0.,1.));
#3915 = PCURVE('',#2606,#3916);
#3916 = DEFINITIONAL_REPRESENTATION('',(#3917),#3921);
#3917 = LINE('',#3918,#3919);
#3918 = CARTESIAN_POINT('',(14.25,-20.7));
#3919 = VECTOR('',#3920,1.);
#3920 = DIRECTION('',(1.,0.));
#3921 = ( GEOMETRIC_REPRESENTATION_CONTEXT(2) 
PARAMETRIC_REPRESENTATION_CONTEXT() REPRESENTATION_CONTEXT('2D SPACE',''
  ) );
#3922 = PCURVE('',#3794,#3923);
#3923 = DEFINITIONAL_REPRESENTATION('',(#3924),#3928);
#3924 = LINE('',#3925,#3926);
#3925 = CARTESIAN_POINT('',(-14.25,15.));
#3926 = VECTOR('',#3927,1.);
#3927 = DIRECTION('',(1.,0.));
#3928 = ( GEOMETRIC_REPRESENTATION_CONTEXT(2) 
PARAMETRIC_REPRESENTATION_CONTEXT() REPRESENTATION_CONTEXT('2D SPACE',''
  ) );
#3929 = ORIENTED_EDGE('',*,*,#3930,.T.);
#3930 = EDGE_CURVE('',#3908,#3931,#3933,.T.);
#3931 = VERTEX_POINT('',#3932);
#3932 = CARTESIAN_POINT('',(-40.,-23.65,32.75));
#3933 = SURFACE_CURVE('',#3934,(#3938,#3945),.PCURVE_S1.);
#3934 = LINE('',#3935,#3936);
#3935 = CARTESIAN_POINT('',(-40.,-19.65,32.75));
#3936 = VECTOR('',#3937,1.);
#3937 = DIRECTION('',(0.,1.,0.));
#3938 = PCURVE('',#2606,#3939);
#3939 = DEFINITIONAL_REPRESENTATION('',(#3940),#3944);
#3940 = LINE('',#3941,#3942);
#3941 = CARTESIAN_POINT('',(21.75,-4.));
#3942 = VECTOR('',#3943,1.);
#3943 = DIRECTION('',(0.,1.));
#3944 = ( GEOMETRIC_REPRESENTATION_CONTEXT(2) 
PARAMETRIC_REPRESENTATION_CONTEXT() REPRESENTATION_CONTEXT('2D SPACE',''
  ) );
#3945 = PCURVE('',#3946,#3951);
#3946 = PLANE('',#3947);
#3947 = AXIS2_PLACEMENT_3D('',#3948,#3949,#3950);
#3948 = CARTESIAN_POINT('',(-55.,-23.65,32.75));
#3949 = DIRECTION('',(-0.,0.,1.));
#3950 = DIRECTION('',(1.,0.,0.));
#3951 = DEFINITIONAL_REPRESENTATION('',(#3952),#3956);
#3952 = LINE('',#3953,#3954);
#3953 = CARTESIAN_POINT('',(15.,4.));
#3954 = VECTOR('',#3955,1.);
#3955 = DIRECTION('',(0.,1.));
#3956 = ( GEOMETRIC_REPRESENTATION_CONTEXT(2) 
PARAMETRIC_REPRESENTATION_CONTEXT() REPRESENTATION_CONTEXT('2D SPACE',''
  ) );
#3957 = ORIENTED_EDGE('',*,*,#3958,.T.);
#3958 = EDGE_CURVE('',#3931,#3959,#3961,.T.);
#3959 = VERTEX_POINT('',#3960);
#3960 = CARTESIAN_POINT('',(-40.,-23.65,38.));
#3961 = SURFACE_CURVE('',#3962,(#3966,#3973),.PCURVE_S1.);
#3962 = LINE('',#3963,#3964);
#3963 = CARTESIAN_POINT('',(-40.,-23.65,25.25));
#3964 = VECTOR('',#3965,1.);
#3965 = DIRECTION('',(0.,-0.,1.));
#3966 = PCURVE('',#2606,#3967);
#3967 = DEFINITIONAL_REPRESENTATION('',(#3968),#3972);
#3968 = LINE('',#3969,#3970);
#3969 = CARTESIAN_POINT('',(14.25,-8.));
#3970 = VECTOR('',#3971,1.);
#3971 = DIRECTION('',(1.,0.));
#3972 = ( GEOMETRIC_REPRESENTATION_CONTEXT(2) 
PARAMETRIC_REPRESENTATION_CONTEXT() REPRESENTATION_CONTEXT('2D SPACE',''
  ) );
#3973 = PCURVE('',#3738,#3974);
#3974 = DEFINITIONAL_REPRESENTATION('',(#3975),#3979);
#3975 = LINE('',#3976,#3977);
#3976 = CARTESIAN_POINT('',(-14.25,15.));
#3977 = VECTOR('',#3978,1.);
#3978 = DIRECTION('',(1.,0.));
#3979 = ( GEOMETRIC_REPRESENTATION_CONTEXT(2) 
PARAMETRIC_REPRESENTATION_CONTEXT() REPRESENTATION_CONTEXT('2D SPACE',''
  ) );
#3980 = ORIENTED_EDGE('',*,*,#3981,.F.);
#3981 = EDGE_CURVE('',#2591,#3959,#3982,.T.);
#3982 = SURFACE_CURVE('',#3983,(#3987,#3994),.PCURVE_S1.);
#3983 = LINE('',#3984,#3985);
#3984 = CARTESIAN_POINT('',(-40.,-15.65,38.));
#3985 = VECTOR('',#3986,1.);
#3986 = DIRECTION('',(0.,-1.,0.));
#3987 = PCURVE('',#2606,#3988);
#3988 = DEFINITIONAL_REPRESENTATION('',(#3989),#3993);
#3989 = LINE('',#3990,#3991);
#3990 = CARTESIAN_POINT('',(27.,0.));
#3991 = VECTOR('',#3992,1.);
#3992 = DIRECTION('',(0.,-1.));
#3993 = ( GEOMETRIC_REPRESENTATION_CONTEXT(2) 
PARAMETRIC_REPRESENTATION_CONTEXT() REPRESENTATION_CONTEXT('2D SPACE',''
  ) );
#3994 = PCURVE('',#2635,#3995);
#3995 = DEFINITIONAL_REPRESENTATION('',(#3996),#4000);
#3996 = LINE('',#3997,#3998);
#3997 = CARTESIAN_POINT('',(0.,0.));
#3998 = VECTOR('',#3999,1.);
#3999 = DIRECTION('',(0.,1.));
#4000 = ( GEOMETRIC_REPRESENTATION_CONTEXT(2) 
PARAMETRIC_REPRESENTATION_CONTEXT() REPRESENTATION_CONTEXT('2D SPACE',''
  ) );
#4001 = ADVANCED_FACE('',(#4002),#2692,.T.);
#4002 = FACE_BOUND('',#4003,.T.);
#4003 = EDGE_LOOP('',(#4004,#4027,#4028,#4029));
#4004 = ORIENTED_EDGE('',*,*,#4005,.F.);
#4005 = EDGE_CURVE('',#2648,#4006,#4008,.T.);
#4006 = VERTEX_POINT('',#4007);
#4007 = CARTESIAN_POINT('',(-52.,-23.65,44.));
#4008 = SURFACE_CURVE('',#4009,(#4013,#4020),.PCURVE_S1.);
#4009 = LINE('',#4010,#4011);
#4010 = CARTESIAN_POINT('',(-52.,-15.65,44.));
#4011 = VECTOR('',#4012,1.);
#4012 = DIRECTION('',(0.,-1.,0.));
#4013 = PCURVE('',#2692,#4014);
#4014 = DEFINITIONAL_REPRESENTATION('',(#4015),#4019);
#4015 = LINE('',#4016,#4017);
#4016 = CARTESIAN_POINT('',(0.,0.));
#4017 = VECTOR('',#4018,1.);
#4018 = DIRECTION('',(0.,1.));
#4019 = ( GEOMETRIC_REPRESENTATION_CONTEXT(2) 
PARAMETRIC_REPRESENTATION_CONTEXT() REPRESENTATION_CONTEXT('2D SPACE',''
  ) );
#4020 = PCURVE('',#2663,#4021);
#4021 = DEFINITIONAL_REPRESENTATION('',(#4022),#4026);
#4022 = LINE('',#4023,#4024);
#4023 = CARTESIAN_POINT('',(12.,0.));
#4024 = VECTOR('',#4025,1.);
#4025 = DIRECTION('',(0.,-1.));
#4026 = ( GEOMETRIC_REPRESENTATION_CONTEXT(2) 
PARAMETRIC_REPRESENTATION_CONTEXT() REPRESENTATION_CONTEXT('2D SPACE',''
  ) );
#4027 = ORIENTED_EDGE('',*,*,#2675,.T.);
#4028 = ORIENTED_EDGE('',*,*,#3699,.T.);
#4029 = ORIENTED_EDGE('',*,*,#4030,.T.);
#4030 = EDGE_CURVE('',#3700,#4006,#4031,.T.);
#4031 = SURFACE_CURVE('',#4032,(#4037,#4044),.PCURVE_S1.);
#4032 = CIRCLE('',#4033,6.);
#4033 = AXIS2_PLACEMENT_3D('',#4034,#4035,#4036);
#4034 = CARTESIAN_POINT('',(-52.,-23.65,38.));
#4035 = DIRECTION('',(0.,1.,0.));
#4036 = DIRECTION('',(-1.,0.,0.));
#4037 = PCURVE('',#2692,#4038);
#4038 = DEFINITIONAL_REPRESENTATION('',(#4039),#4043);
#4039 = LINE('',#4040,#4041);
#4040 = CARTESIAN_POINT('',(1.570796326795,8.));
#4041 = VECTOR('',#4042,1.);
#4042 = DIRECTION('',(-1.,-0.));
#4043 = ( GEOMETRIC_REPRESENTATION_CONTEXT(2) 
PARAMETRIC_REPRESENTATION_CONTEXT() REPRESENTATION_CONTEXT('2D SPACE',''
  ) );
#4044 = PCURVE('',#3738,#4045);
#4045 = DEFINITIONAL_REPRESENTATION('',(#4046),#4050);
#4046 = CIRCLE('',#4047,6.);
#4047 = AXIS2_PLACEMENT_2D('',#4048,#4049);
#4048 = CARTESIAN_POINT('',(-1.5,3.));
#4049 = DIRECTION('',(0.,-1.));
#4050 = ( GEOMETRIC_REPRESENTATION_CONTEXT(2) 
PARAMETRIC_REPRESENTATION_CONTEXT() REPRESENTATION_CONTEXT('2D SPACE',''
  ) );
#4051 = ADVANCED_FACE('',(#4052),#2635,.T.);
#4052 = FACE_BOUND('',#4053,.T.);
#4053 = EDGE_LOOP('',(#4054,#4055,#4056,#4079));
#4054 = ORIENTED_EDGE('',*,*,#3981,.F.);
#4055 = ORIENTED_EDGE('',*,*,#2618,.T.);
#4056 = ORIENTED_EDGE('',*,*,#4057,.T.);
#4057 = EDGE_CURVE('',#2619,#4058,#4060,.T.);
#4058 = VERTEX_POINT('',#4059);
#4059 = CARTESIAN_POINT('',(-46.,-23.65,44.));
#4060 = SURFACE_CURVE('',#4061,(#4065,#4072),.PCURVE_S1.);
#4061 = LINE('',#4062,#4063);
#4062 = CARTESIAN_POINT('',(-46.,-15.65,44.));
#4063 = VECTOR('',#4064,1.);
#4064 = DIRECTION('',(0.,-1.,0.));
#4065 = PCURVE('',#2635,#4066);
#4066 = DEFINITIONAL_REPRESENTATION('',(#4067),#4071);
#4067 = LINE('',#4068,#4069);
#4068 = CARTESIAN_POINT('',(1.570796326795,0.));
#4069 = VECTOR('',#4070,1.);
#4070 = DIRECTION('',(0.,1.));
#4071 = ( GEOMETRIC_REPRESENTATION_CONTEXT(2) 
PARAMETRIC_REPRESENTATION_CONTEXT() REPRESENTATION_CONTEXT('2D SPACE',''
  ) );
#4072 = PCURVE('',#2663,#4073);
#4073 = DEFINITIONAL_REPRESENTATION('',(#4074),#4078);
#4074 = LINE('',#4075,#4076);
#4075 = CARTESIAN_POINT('',(6.,0.));
#4076 = VECTOR('',#4077,1.);
#4077 = DIRECTION('',(0.,-1.));
#4078 = ( GEOMETRIC_REPRESENTATION_CONTEXT(2) 
PARAMETRIC_REPRESENTATION_CONTEXT() REPRESENTATION_CONTEXT('2D SPACE',''
  ) );
#4079 = ORIENTED_EDGE('',*,*,#4080,.F.);
#4080 = EDGE_CURVE('',#3959,#4058,#4081,.T.);
#4081 = SURFACE_CURVE('',#4082,(#4087,#4094),.PCURVE_S1.);
#4082 = CIRCLE('',#4083,6.);
#4083 = AXIS2_PLACEMENT_3D('',#4084,#4085,#4086);
#4084 = CARTESIAN_POINT('',(-46.,-23.65,38.));
#4085 = DIRECTION('',(0.,-1.,0.));
#4086 = DIRECTION('',(1.,0.,0.));
#4087 = PCURVE('',#2635,#4088);
#4088 = DEFINITIONAL_REPRESENTATION('',(#4089),#4093);
#4089 = LINE('',#4090,#4091);
#4090 = CARTESIAN_POINT('',(0.,8.));
#4091 = VECTOR('',#4092,1.);
#4092 = DIRECTION('',(1.,0.));
#4093 = ( GEOMETRIC_REPRESENTATION_CONTEXT(2) 
PARAMETRIC_REPRESENTATION_CONTEXT() REPRESENTATION_CONTEXT('2D SPACE',''
  ) );
#4094 = PCURVE('',#3738,#4095);
#4095 = DEFINITIONAL_REPRESENTATION('',(#4096),#4104);
#4096 = ( BOUNDED_CURVE() B_SPLINE_CURVE(2,(#4097,#4098,#4099,#4100,
#4101,#4102,#4103),.UNSPECIFIED.,.T.,.F.) B_SPLINE_CURVE_WITH_KNOTS((1,2
    ,2,2,2,1),(-2.094395102393,0.,2.094395102393,4.188790204786,
6.28318530718,8.377580409573),.UNSPECIFIED.) CURVE() 
GEOMETRIC_REPRESENTATION_ITEM() RATIONAL_B_SPLINE_CURVE((1.,0.5,1.,0.5,
1.,0.5,1.)) REPRESENTATION_ITEM('') );
#4097 = CARTESIAN_POINT('',(-1.5,15.));
#4098 = CARTESIAN_POINT('',(8.892304845413,15.));
#4099 = CARTESIAN_POINT('',(3.696152422707,6.));
#4100 = CARTESIAN_POINT('',(-1.5,-3.));
#4101 = CARTESIAN_POINT('',(-6.696152422707,6.));
#4102 = CARTESIAN_POINT('',(-11.89230484541,15.));
#4103 = CARTESIAN_POINT('',(-1.5,15.));
#4104 = ( GEOMETRIC_REPRESENTATION_CONTEXT(2) 
PARAMETRIC_REPRESENTATION_CONTEXT() REPRESENTATION_CONTEXT('2D SPACE',''
  ) );
#4105 = ADVANCED_FACE('',(#4106),#2663,.F.);
#4106 = FACE_BOUND('',#4107,.F.);
#4107 = EDGE_LOOP('',(#4108,#4109,#4110,#4131));
#4108 = ORIENTED_EDGE('',*,*,#2647,.F.);
#4109 = ORIENTED_EDGE('',*,*,#4057,.T.);
#4110 = ORIENTED_EDGE('',*,*,#4111,.F.);
#4111 = EDGE_CURVE('',#4006,#4058,#4112,.T.);
#4112 = SURFACE_CURVE('',#4113,(#4117,#4124),.PCURVE_S1.);
#4113 = LINE('',#4114,#4115);
#4114 = CARTESIAN_POINT('',(-52.,-23.65,44.));
#4115 = VECTOR('',#4116,1.);
#4116 = DIRECTION('',(1.,5.921189464668E-16,0.));
#4117 = PCURVE('',#2663,#4118);
#4118 = DEFINITIONAL_REPRESENTATION('',(#4119),#4123);
#4119 = LINE('',#4120,#4121);
#4120 = CARTESIAN_POINT('',(12.,-8.));
#4121 = VECTOR('',#4122,1.);
#4122 = DIRECTION('',(-1.,5.921189464668E-16));
#4123 = ( GEOMETRIC_REPRESENTATION_CONTEXT(2) 
PARAMETRIC_REPRESENTATION_CONTEXT() REPRESENTATION_CONTEXT('2D SPACE',''
  ) );
#4124 = PCURVE('',#3738,#4125);
#4125 = DEFINITIONAL_REPRESENTATION('',(#4126),#4130);
#4126 = LINE('',#4127,#4128);
#4127 = CARTESIAN_POINT('',(4.5,3.));
#4128 = VECTOR('',#4129,1.);
#4129 = DIRECTION('',(0.,1.));
#4130 = ( GEOMETRIC_REPRESENTATION_CONTEXT(2) 
PARAMETRIC_REPRESENTATION_CONTEXT() REPRESENTATION_CONTEXT('2D SPACE',''
  ) );
#4131 = ORIENTED_EDGE('',*,*,#4005,.F.);
#4132 = ADVANCED_FACE('',(#4133),#2781,.F.);
#4133 = FACE_BOUND('',#4134,.F.);
#4134 = EDGE_LOOP('',(#4135,#4136,#4159,#4186));
#4135 = ORIENTED_EDGE('',*,*,#2760,.F.);
#4136 = ORIENTED_EDGE('',*,*,#4137,.F.);
#4137 = EDGE_CURVE('',#4138,#2761,#4140,.T.);
#4138 = VERTEX_POINT('',#4139);
#4139 = CARTESIAN_POINT('',(-55.,-21.65,41.5));
#4140 = SEAM_CURVE('',#4141,(#4145,#4152),.PCURVE_S1.);
#4141 = LINE('',#4142,#4143);
#4142 = CARTESIAN_POINT('',(-55.,-21.65,41.5));
#4143 = VECTOR('',#4144,1.);
#4144 = DIRECTION('',(0.,1.,0.));
#4145 = PCURVE('',#2781,#4146);
#4146 = DEFINITIONAL_REPRESENTATION('',(#4147),#4151);
#4147 = LINE('',#4148,#4149);
#4148 = CARTESIAN_POINT('',(6.28318530718,-0.));
#4149 = VECTOR('',#4150,1.);
#4150 = DIRECTION('',(0.,1.));
#4151 = ( GEOMETRIC_REPRESENTATION_CONTEXT(2) 
PARAMETRIC_REPRESENTATION_CONTEXT() REPRESENTATION_CONTEXT('2D SPACE',''
  ) );
#4152 = PCURVE('',#2781,#4153);
#4153 = DEFINITIONAL_REPRESENTATION('',(#4154),#4158);
#4154 = LINE('',#4155,#4156);
#4155 = CARTESIAN_POINT('',(0.,-0.));
#4156 = VECTOR('',#4157,1.);
#4157 = DIRECTION('',(0.,1.));
#4158 = ( GEOMETRIC_REPRESENTATION_CONTEXT(2) 
PARAMETRIC_REPRESENTATION_CONTEXT() REPRESENTATION_CONTEXT('2D SPACE',''
  ) );
#4159 = ORIENTED_EDGE('',*,*,#4160,.T.);
#4160 = EDGE_CURVE('',#4138,#4138,#4161,.T.);
#4161 = SURFACE_CURVE('',#4162,(#4167,#4174),.PCURVE_S1.);
#4162 = CIRCLE('',#4163,2.);
#4163 = AXIS2_PLACEMENT_3D('',#4164,#4165,#4166);
#4164 = CARTESIAN_POINT('',(-55.,-21.65,39.5));
#4165 = DIRECTION('',(0.,1.,0.));
#4166 = DIRECTION('',(0.,-0.,1.));
#4167 = PCURVE('',#2781,#4168);
#4168 = DEFINITIONAL_REPRESENTATION('',(#4169),#4173);
#4169 = LINE('',#4170,#4171);
#4170 = CARTESIAN_POINT('',(0.,0.));
#4171 = VECTOR('',#4172,1.);
#4172 = DIRECTION('',(1.,0.));
#4173 = ( GEOMETRIC_REPRESENTATION_CONTEXT(2) 
PARAMETRIC_REPRESENTATION_CONTEXT() REPRESENTATION_CONTEXT('2D SPACE',''
  ) );
#4174 = PCURVE('',#4175,#4180);
#4175 = PLANE('',#4176);
#4176 = AXIS2_PLACEMENT_3D('',#4177,#4178,#4179);
#4177 = CARTESIAN_POINT('',(-55.,-21.65,39.5));
#4178 = DIRECTION('',(0.,1.,0.));
#4179 = DIRECTION('',(0.,-0.,1.));
#4180 = DEFINITIONAL_REPRESENTATION('',(#4181),#4185);
#4181 = CIRCLE('',#4182,2.);
#4182 = AXIS2_PLACEMENT_2D('',#4183,#4184);
#4183 = CARTESIAN_POINT('',(0.,0.));
#4184 = DIRECTION('',(1.,0.));
#4185 = ( GEOMETRIC_REPRESENTATION_CONTEXT(2) 
PARAMETRIC_REPRESENTATION_CONTEXT() REPRESENTATION_CONTEXT('2D SPACE',''
  ) );
#4186 = ORIENTED_EDGE('',*,*,#4137,.T.);
#4187 = ADVANCED_FACE('',(#4188),#3135,.F.);
#4188 = FACE_BOUND('',#4189,.F.);
#4189 = EDGE_LOOP('',(#4190,#4213,#4214,#4215));
#4190 = ORIENTED_EDGE('',*,*,#4191,.T.);
#4191 = EDGE_CURVE('',#4192,#3115,#4194,.T.);
#4192 = VERTEX_POINT('',#4193);
#4193 = CARTESIAN_POINT('',(-55.3,-30.,17.2));
#4194 = SEAM_CURVE('',#4195,(#4199,#4206),.PCURVE_S1.);
#4195 = LINE('',#4196,#4197);
#4196 = CARTESIAN_POINT('',(-59.,-30.,17.2));
#4197 = VECTOR('',#4198,1.);
#4198 = DIRECTION('',(1.,0.,0.));
#4199 = PCURVE('',#3135,#4200);
#4200 = DEFINITIONAL_REPRESENTATION('',(#4201),#4205);
#4201 = LINE('',#4202,#4203);
#4202 = CARTESIAN_POINT('',(6.28318530718,-0.));
#4203 = VECTOR('',#4204,1.);
#4204 = DIRECTION('',(0.,1.));
#4205 = ( GEOMETRIC_REPRESENTATION_CONTEXT(2) 
PARAMETRIC_REPRESENTATION_CONTEXT() REPRESENTATION_CONTEXT('2D SPACE',''
  ) );
#4206 = PCURVE('',#3135,#4207);
#4207 = DEFINITIONAL_REPRESENTATION('',(#4208),#4212);
#4208 = LINE('',#4209,#4210);
#4209 = CARTESIAN_POINT('',(0.,-0.));
#4210 = VECTOR('',#4211,1.);
#4211 = DIRECTION('',(0.,1.));
#4212 = ( GEOMETRIC_REPRESENTATION_CONTEXT(2) 
PARAMETRIC_REPRESENTATION_CONTEXT() REPRESENTATION_CONTEXT('2D SPACE',''
  ) );
#4213 = ORIENTED_EDGE('',*,*,#3114,.F.);
#4214 = ORIENTED_EDGE('',*,*,#4191,.F.);
#4215 = ORIENTED_EDGE('',*,*,#4216,.T.);
#4216 = EDGE_CURVE('',#4192,#4192,#4217,.T.);
#4217 = SURFACE_CURVE('',#4218,(#4223,#4230),.PCURVE_S1.);
#4218 = CIRCLE('',#4219,1.7);
#4219 = AXIS2_PLACEMENT_3D('',#4220,#4221,#4222);
#4220 = CARTESIAN_POINT('',(-55.3,-30.,15.5));
#4221 = DIRECTION('',(1.,0.,0.));
#4222 = DIRECTION('',(-0.,0.,1.));
#4223 = PCURVE('',#3135,#4224);
#4224 = DEFINITIONAL_REPRESENTATION('',(#4225),#4229);
#4225 = LINE('',#4226,#4227);
#4226 = CARTESIAN_POINT('',(0.,3.7));
#4227 = VECTOR('',#4228,1.);
#4228 = DIRECTION('',(1.,0.));
#4229 = ( GEOMETRIC_REPRESENTATION_CONTEXT(2) 
PARAMETRIC_REPRESENTATION_CONTEXT() REPRESENTATION_CONTEXT('2D SPACE',''
  ) );
#4230 = PCURVE('',#4231,#4236);
#4231 = PLANE('',#4232);
#4232 = AXIS2_PLACEMENT_3D('',#4233,#4234,#4235);
#4233 = CARTESIAN_POINT('',(-55.3,-30.,15.5));
#4234 = DIRECTION('',(1.,0.,0.));
#4235 = DIRECTION('',(-0.,0.,1.));
#4236 = DEFINITIONAL_REPRESENTATION('',(#4237),#4241);
#4237 = CIRCLE('',#4238,1.7);
#4238 = AXIS2_PLACEMENT_2D('',#4239,#4240);
#4239 = CARTESIAN_POINT('',(0.,0.));
#4240 = DIRECTION('',(1.,0.));
#4241 = ( GEOMETRIC_REPRESENTATION_CONTEXT(2) 
PARAMETRIC_REPRESENTATION_CONTEXT() REPRESENTATION_CONTEXT('2D SPACE',''
  ) );
#4242 = ADVANCED_FACE('',(#4243),#3299,.T.);
#4243 = FACE_BOUND('',#4244,.T.);
#4244 = EDGE_LOOP('',(#4245,#4268,#4294,#4295));
#4245 = ORIENTED_EDGE('',*,*,#4246,.F.);
#4246 = EDGE_CURVE('',#4247,#3255,#4249,.T.);
#4247 = VERTEX_POINT('',#4248);
#4248 = CARTESIAN_POINT('',(-52.,-36.35,44.));
#4249 = SURFACE_CURVE('',#4250,(#4254,#4261),.PCURVE_S1.);
#4250 = LINE('',#4251,#4252);
#4251 = CARTESIAN_POINT('',(-52.,-15.65,44.));
#4252 = VECTOR('',#4253,1.);
#4253 = DIRECTION('',(0.,-1.,0.));
#4254 = PCURVE('',#3299,#4255);
#4255 = DEFINITIONAL_REPRESENTATION('',(#4256),#4260);
#4256 = LINE('',#4257,#4258);
#4257 = CARTESIAN_POINT('',(0.,0.));
#4258 = VECTOR('',#4259,1.);
#4259 = DIRECTION('',(0.,1.));
#4260 = ( GEOMETRIC_REPRESENTATION_CONTEXT(2) 
PARAMETRIC_REPRESENTATION_CONTEXT() REPRESENTATION_CONTEXT('2D SPACE',''
  ) );
#4261 = PCURVE('',#3270,#4262);
#4262 = DEFINITIONAL_REPRESENTATION('',(#4263),#4267);
#4263 = LINE('',#4264,#4265);
#4264 = CARTESIAN_POINT('',(12.,0.));
#4265 = VECTOR('',#4266,1.);
#4266 = DIRECTION('',(0.,-1.));
#4267 = ( GEOMETRIC_REPRESENTATION_CONTEXT(2) 
PARAMETRIC_REPRESENTATION_CONTEXT() REPRESENTATION_CONTEXT('2D SPACE',''
  ) );
#4268 = ORIENTED_EDGE('',*,*,#4269,.T.);
#4269 = EDGE_CURVE('',#4247,#3779,#4270,.T.);
#4270 = SURFACE_CURVE('',#4271,(#4276,#4283),.PCURVE_S1.);
#4271 = CIRCLE('',#4272,6.);
#4272 = AXIS2_PLACEMENT_3D('',#4273,#4274,#4275);
#4273 = CARTESIAN_POINT('',(-52.,-36.35,38.));
#4274 = DIRECTION('',(0.,-1.,0.));
#4275 = DIRECTION('',(0.,0.,1.));
#4276 = PCURVE('',#3299,#4277);
#4277 = DEFINITIONAL_REPRESENTATION('',(#4278),#4282);
#4278 = LINE('',#4279,#4280);
#4279 = CARTESIAN_POINT('',(0.,20.7));
#4280 = VECTOR('',#4281,1.);
#4281 = DIRECTION('',(1.,0.));
#4282 = ( GEOMETRIC_REPRESENTATION_CONTEXT(2) 
PARAMETRIC_REPRESENTATION_CONTEXT() REPRESENTATION_CONTEXT('2D SPACE',''
  ) );
#4283 = PCURVE('',#3794,#4284);
#4284 = DEFINITIONAL_REPRESENTATION('',(#4285),#4293);
#4285 = ( BOUNDED_CURVE() B_SPLINE_CURVE(2,(#4286,#4287,#4288,#4289,
#4290,#4291,#4292),.UNSPECIFIED.,.T.,.F.) B_SPLINE_CURVE_WITH_KNOTS((1,2
    ,2,2,2,1),(-2.094395102393,0.,2.094395102393,4.188790204786,
6.28318530718,8.377580409573),.UNSPECIFIED.) CURVE() 
GEOMETRIC_REPRESENTATION_ITEM() RATIONAL_B_SPLINE_CURVE((1.,0.5,1.,0.5,
1.,0.5,1.)) REPRESENTATION_ITEM('') );
#4286 = CARTESIAN_POINT('',(4.5,3.));
#4287 = CARTESIAN_POINT('',(4.5,-7.392304845413));
#4288 = CARTESIAN_POINT('',(-4.5,-2.196152422707));
#4289 = CARTESIAN_POINT('',(-13.5,3.));
#4290 = CARTESIAN_POINT('',(-4.5,8.196152422707));
#4291 = CARTESIAN_POINT('',(4.5,13.392304845413));
#4292 = CARTESIAN_POINT('',(4.5,3.));
#4293 = ( GEOMETRIC_REPRESENTATION_CONTEXT(2) 
PARAMETRIC_REPRESENTATION_CONTEXT() REPRESENTATION_CONTEXT('2D SPACE',''
  ) );
#4294 = ORIENTED_EDGE('',*,*,#3806,.T.);
#4295 = ORIENTED_EDGE('',*,*,#3282,.F.);
#4296 = ADVANCED_FACE('',(#4297),#3242,.T.);
#4297 = FACE_BOUND('',#4298,.T.);
#4298 = EDGE_LOOP('',(#4299,#4300,#4328,#4349));
#4299 = ORIENTED_EDGE('',*,*,#3884,.F.);
#4300 = ORIENTED_EDGE('',*,*,#4301,.T.);
#4301 = EDGE_CURVE('',#3885,#4302,#4304,.T.);
#4302 = VERTEX_POINT('',#4303);
#4303 = CARTESIAN_POINT('',(-46.,-36.35,44.));
#4304 = SURFACE_CURVE('',#4305,(#4310,#4317),.PCURVE_S1.);
#4305 = CIRCLE('',#4306,6.);
#4306 = AXIS2_PLACEMENT_3D('',#4307,#4308,#4309);
#4307 = CARTESIAN_POINT('',(-46.,-36.35,38.));
#4308 = DIRECTION('',(0.,-1.,0.));
#4309 = DIRECTION('',(1.,0.,0.));
#4310 = PCURVE('',#3242,#4311);
#4311 = DEFINITIONAL_REPRESENTATION('',(#4312),#4316);
#4312 = LINE('',#4313,#4314);
#4313 = CARTESIAN_POINT('',(0.,20.7));
#4314 = VECTOR('',#4315,1.);
#4315 = DIRECTION('',(1.,0.));
#4316 = ( GEOMETRIC_REPRESENTATION_CONTEXT(2) 
PARAMETRIC_REPRESENTATION_CONTEXT() REPRESENTATION_CONTEXT('2D SPACE',''
  ) );
#4317 = PCURVE('',#3794,#4318);
#4318 = DEFINITIONAL_REPRESENTATION('',(#4319),#4327);
#4319 = ( BOUNDED_CURVE() B_SPLINE_CURVE(2,(#4320,#4321,#4322,#4323,
#4324,#4325,#4326),.UNSPECIFIED.,.T.,.F.) B_SPLINE_CURVE_WITH_KNOTS((1,2
    ,2,2,2,1),(-2.094395102393,0.,2.094395102393,4.188790204786,
6.28318530718,8.377580409573),.UNSPECIFIED.) CURVE() 
GEOMETRIC_REPRESENTATION_ITEM() RATIONAL_B_SPLINE_CURVE((1.,0.5,1.,0.5,
1.,0.5,1.)) REPRESENTATION_ITEM('') );
#4320 = CARTESIAN_POINT('',(-1.5,15.));
#4321 = CARTESIAN_POINT('',(8.892304845413,15.));
#4322 = CARTESIAN_POINT('',(3.696152422707,6.));
#4323 = CARTESIAN_POINT('',(-1.5,-3.));
#4324 = CARTESIAN_POINT('',(-6.696152422707,6.));
#4325 = CARTESIAN_POINT('',(-11.89230484541,15.));
#4326 = CARTESIAN_POINT('',(-1.5,15.));
#4327 = ( GEOMETRIC_REPRESENTATION_CONTEXT(2) 
PARAMETRIC_REPRESENTATION_CONTEXT() REPRESENTATION_CONTEXT('2D SPACE',''
  ) );
#4328 = ORIENTED_EDGE('',*,*,#4329,.T.);
#4329 = EDGE_CURVE('',#4302,#3226,#4330,.T.);
#4330 = SURFACE_CURVE('',#4331,(#4335,#4342),.PCURVE_S1.);
#4331 = LINE('',#4332,#4333);
#4332 = CARTESIAN_POINT('',(-46.,-15.65,44.));
#4333 = VECTOR('',#4334,1.);
#4334 = DIRECTION('',(0.,-1.,0.));
#4335 = PCURVE('',#3242,#4336);
#4336 = DEFINITIONAL_REPRESENTATION('',(#4337),#4341);
#4337 = LINE('',#4338,#4339);
#4338 = CARTESIAN_POINT('',(1.570796326795,0.));
#4339 = VECTOR('',#4340,1.);
#4340 = DIRECTION('',(0.,1.));
#4341 = ( GEOMETRIC_REPRESENTATION_CONTEXT(2) 
PARAMETRIC_REPRESENTATION_CONTEXT() REPRESENTATION_CONTEXT('2D SPACE',''
  ) );
#4342 = PCURVE('',#3270,#4343);
#4343 = DEFINITIONAL_REPRESENTATION('',(#4344),#4348);
#4344 = LINE('',#4345,#4346);
#4345 = CARTESIAN_POINT('',(6.,0.));
#4346 = VECTOR('',#4347,1.);
#4347 = DIRECTION('',(0.,-1.));
#4348 = ( GEOMETRIC_REPRESENTATION_CONTEXT(2) 
PARAMETRIC_REPRESENTATION_CONTEXT() REPRESENTATION_CONTEXT('2D SPACE',''
  ) );
#4349 = ORIENTED_EDGE('',*,*,#3225,.F.);
#4350 = ADVANCED_FACE('',(#4351),#3270,.F.);
#4351 = FACE_BOUND('',#4352,.F.);
#4352 = EDGE_LOOP('',(#4353,#4374,#4375,#4376));
#4353 = ORIENTED_EDGE('',*,*,#4354,.F.);
#4354 = EDGE_CURVE('',#4302,#4247,#4355,.T.);
#4355 = SURFACE_CURVE('',#4356,(#4360,#4367),.PCURVE_S1.);
#4356 = LINE('',#4357,#4358);
#4357 = CARTESIAN_POINT('',(-46.,-36.35,44.));
#4358 = VECTOR('',#4359,1.);
#4359 = DIRECTION('',(-1.,-1.184237892934E-15,0.));
#4360 = PCURVE('',#3270,#4361);
#4361 = DEFINITIONAL_REPRESENTATION('',(#4362),#4366);
#4362 = LINE('',#4363,#4364);
#4363 = CARTESIAN_POINT('',(6.,-20.7));
#4364 = VECTOR('',#4365,1.);
#4365 = DIRECTION('',(1.,-1.184237892934E-15));
#4366 = ( GEOMETRIC_REPRESENTATION_CONTEXT(2) 
PARAMETRIC_REPRESENTATION_CONTEXT() REPRESENTATION_CONTEXT('2D SPACE',''
  ) );
#4367 = PCURVE('',#3794,#4368);
#4368 = DEFINITIONAL_REPRESENTATION('',(#4369),#4373);
#4369 = LINE('',#4370,#4371);
#4370 = CARTESIAN_POINT('',(4.5,9.));
#4371 = VECTOR('',#4372,1.);
#4372 = DIRECTION('',(0.,-1.));
#4373 = ( GEOMETRIC_REPRESENTATION_CONTEXT(2) 
PARAMETRIC_REPRESENTATION_CONTEXT() REPRESENTATION_CONTEXT('2D SPACE',''
  ) );
#4374 = ORIENTED_EDGE('',*,*,#4329,.T.);
#4375 = ORIENTED_EDGE('',*,*,#3254,.T.);
#4376 = ORIENTED_EDGE('',*,*,#4246,.F.);
#4377 = ADVANCED_FACE('',(#4378),#3383,.F.);
#4378 = FACE_BOUND('',#4379,.F.);
#4379 = EDGE_LOOP('',(#4380,#4404,#4425,#4426));
#4380 = ORIENTED_EDGE('',*,*,#4381,.F.);
#4381 = EDGE_CURVE('',#4382,#4382,#4384,.T.);
#4382 = VERTEX_POINT('',#4383);
#4383 = CARTESIAN_POINT('',(-55.,-36.35,41.2));
#4384 = SURFACE_CURVE('',#4385,(#4390,#4397),.PCURVE_S1.);
#4385 = CIRCLE('',#4386,1.7);
#4386 = AXIS2_PLACEMENT_3D('',#4387,#4388,#4389);
#4387 = CARTESIAN_POINT('',(-55.,-36.35,39.5));
#4388 = DIRECTION('',(0.,1.,0.));
#4389 = DIRECTION('',(0.,-0.,1.));
#4390 = PCURVE('',#3383,#4391);
#4391 = DEFINITIONAL_REPRESENTATION('',(#4392),#4396);
#4392 = LINE('',#4393,#4394);
#4393 = CARTESIAN_POINT('',(0.,8.));
#4394 = VECTOR('',#4395,1.);
#4395 = DIRECTION('',(1.,0.));
#4396 = ( GEOMETRIC_REPRESENTATION_CONTEXT(2) 
PARAMETRIC_REPRESENTATION_CONTEXT() REPRESENTATION_CONTEXT('2D SPACE',''
  ) );
#4397 = PCURVE('',#3794,#4398);
#4398 = DEFINITIONAL_REPRESENTATION('',(#4399),#4403);
#4399 = CIRCLE('',#4400,1.7);
#4400 = AXIS2_PLACEMENT_2D('',#4401,#4402);
#4401 = CARTESIAN_POINT('',(0.,0.));
#4402 = DIRECTION('',(1.,0.));
#4403 = ( GEOMETRIC_REPRESENTATION_CONTEXT(2) 
PARAMETRIC_REPRESENTATION_CONTEXT() REPRESENTATION_CONTEXT('2D SPACE',''
  ) );
#4404 = ORIENTED_EDGE('',*,*,#4405,.F.);
#4405 = EDGE_CURVE('',#3363,#4382,#4406,.T.);
#4406 = SEAM_CURVE('',#4407,(#4411,#4418),.PCURVE_S1.);
#4407 = LINE('',#4408,#4409);
#4408 = CARTESIAN_POINT('',(-55.,-44.35,41.2));
#4409 = VECTOR('',#4410,1.);
#4410 = DIRECTION('',(0.,1.,0.));
#4411 = PCURVE('',#3383,#4412);
#4412 = DEFINITIONAL_REPRESENTATION('',(#4413),#4417);
#4413 = LINE('',#4414,#4415);
#4414 = CARTESIAN_POINT('',(6.28318530718,-0.));
#4415 = VECTOR('',#4416,1.);
#4416 = DIRECTION('',(0.,1.));
#4417 = ( GEOMETRIC_REPRESENTATION_CONTEXT(2) 
PARAMETRIC_REPRESENTATION_CONTEXT() REPRESENTATION_CONTEXT('2D SPACE',''
  ) );
#4418 = PCURVE('',#3383,#4419);
#4419 = DEFINITIONAL_REPRESENTATION('',(#4420),#4424);
#4420 = LINE('',#4421,#4422);
#4421 = CARTESIAN_POINT('',(0.,-0.));
#4422 = VECTOR('',#4423,1.);
#4423 = DIRECTION('',(0.,1.));
#4424 = ( GEOMETRIC_REPRESENTATION_CONTEXT(2) 
PARAMETRIC_REPRESENTATION_CONTEXT() REPRESENTATION_CONTEXT('2D SPACE',''
  ) );
#4425 = ORIENTED_EDGE('',*,*,#3362,.T.);
#4426 = ORIENTED_EDGE('',*,*,#4405,.T.);
#4427 = ADVANCED_FACE('',(#4428),#3587,.F.);
#4428 = FACE_BOUND('',#4429,.F.);
#4429 = EDGE_LOOP('',(#4430,#4453,#4475,#4476,#4477,#4478));
#4430 = ORIENTED_EDGE('',*,*,#4431,.T.);
#4431 = EDGE_CURVE('',#3830,#4432,#4434,.T.);
#4432 = VERTEX_POINT('',#4433);
#4433 = CARTESIAN_POINT('',(-55.3,-30.,18.35));
#4434 = SEAM_CURVE('',#4435,(#4439,#4446),.PCURVE_S1.);
#4435 = LINE('',#4436,#4437);
#4436 = CARTESIAN_POINT('',(-58.5,-30.,18.35));
#4437 = VECTOR('',#4438,1.);
#4438 = DIRECTION('',(1.,0.,0.));
#4439 = PCURVE('',#3587,#4440);
#4440 = DEFINITIONAL_REPRESENTATION('',(#4441),#4445);
#4441 = LINE('',#4442,#4443);
#4442 = CARTESIAN_POINT('',(6.28318530718,-0.));
#4443 = VECTOR('',#4444,1.);
#4444 = DIRECTION('',(0.,1.));
#4445 = ( GEOMETRIC_REPRESENTATION_CONTEXT(2) 
PARAMETRIC_REPRESENTATION_CONTEXT() REPRESENTATION_CONTEXT('2D SPACE',''
  ) );
#4446 = PCURVE('',#3587,#4447);
#4447 = DEFINITIONAL_REPRESENTATION('',(#4448),#4452);
#4448 = LINE('',#4449,#4450);
#4449 = CARTESIAN_POINT('',(0.,-0.));
#4450 = VECTOR('',#4451,1.);
#4451 = DIRECTION('',(0.,1.));
#4452 = ( GEOMETRIC_REPRESENTATION_CONTEXT(2) 
PARAMETRIC_REPRESENTATION_CONTEXT() REPRESENTATION_CONTEXT('2D SPACE',''
  ) );
#4453 = ORIENTED_EDGE('',*,*,#4454,.F.);
#4454 = EDGE_CURVE('',#4432,#4432,#4455,.T.);
#4455 = SURFACE_CURVE('',#4456,(#4461,#4468),.PCURVE_S1.);
#4456 = CIRCLE('',#4457,2.85);
#4457 = AXIS2_PLACEMENT_3D('',#4458,#4459,#4460);
#4458 = CARTESIAN_POINT('',(-55.3,-30.,15.5));
#4459 = DIRECTION('',(1.,0.,0.));
#4460 = DIRECTION('',(-0.,0.,1.));
#4461 = PCURVE('',#3587,#4462);
#4462 = DEFINITIONAL_REPRESENTATION('',(#4463),#4467);
#4463 = LINE('',#4464,#4465);
#4464 = CARTESIAN_POINT('',(0.,3.2));
#4465 = VECTOR('',#4466,1.);
#4466 = DIRECTION('',(1.,0.));
#4467 = ( GEOMETRIC_REPRESENTATION_CONTEXT(2) 
PARAMETRIC_REPRESENTATION_CONTEXT() REPRESENTATION_CONTEXT('2D SPACE',''
  ) );
#4468 = PCURVE('',#4231,#4469);
#4469 = DEFINITIONAL_REPRESENTATION('',(#4470),#4474);
#4470 = CIRCLE('',#4471,2.85);
#4471 = AXIS2_PLACEMENT_2D('',#4472,#4473);
#4472 = CARTESIAN_POINT('',(0.,0.));
#4473 = DIRECTION('',(1.,0.));
#4474 = ( GEOMETRIC_REPRESENTATION_CONTEXT(2) 
PARAMETRIC_REPRESENTATION_CONTEXT() REPRESENTATION_CONTEXT('2D SPACE',''
  ) );
#4475 = ORIENTED_EDGE('',*,*,#4431,.F.);
#4476 = ORIENTED_EDGE('',*,*,#3829,.T.);
#4477 = ORIENTED_EDGE('',*,*,#3423,.T.);
#4478 = ORIENTED_EDGE('',*,*,#3853,.T.);
#4479 = ADVANCED_FACE('',(#4480,#4532),#3794,.T.);
#4480 = FACE_BOUND('',#4481,.T.);
#4481 = EDGE_LOOP('',(#4482,#4483,#4484,#4485,#4486,#4509,#4531));
#4482 = ORIENTED_EDGE('',*,*,#4269,.F.);
#4483 = ORIENTED_EDGE('',*,*,#4354,.F.);
#4484 = ORIENTED_EDGE('',*,*,#4301,.F.);
#4485 = ORIENTED_EDGE('',*,*,#3907,.F.);
#4486 = ORIENTED_EDGE('',*,*,#4487,.F.);
#4487 = EDGE_CURVE('',#4488,#3908,#4490,.T.);
#4488 = VERTEX_POINT('',#4489);
#4489 = CARTESIAN_POINT('',(-55.,-36.35,32.75));
#4490 = SURFACE_CURVE('',#4491,(#4495,#4502),.PCURVE_S1.);
#4491 = LINE('',#4492,#4493);
#4492 = CARTESIAN_POINT('',(-55.,-36.35,32.75));
#4493 = VECTOR('',#4494,1.);
#4494 = DIRECTION('',(1.,0.,0.));
#4495 = PCURVE('',#3794,#4496);
#4496 = DEFINITIONAL_REPRESENTATION('',(#4497),#4501);
#4497 = LINE('',#4498,#4499);
#4498 = CARTESIAN_POINT('',(-6.75,0.));
#4499 = VECTOR('',#4500,1.);
#4500 = DIRECTION('',(0.,1.));
#4501 = ( GEOMETRIC_REPRESENTATION_CONTEXT(2) 
PARAMETRIC_REPRESENTATION_CONTEXT() REPRESENTATION_CONTEXT('2D SPACE',''
  ) );
#4502 = PCURVE('',#3946,#4503);
#4503 = DEFINITIONAL_REPRESENTATION('',(#4504),#4508);
#4504 = LINE('',#4505,#4506);
#4505 = CARTESIAN_POINT('',(0.,-12.7));
#4506 = VECTOR('',#4507,1.);
#4507 = DIRECTION('',(1.,0.));
#4508 = ( GEOMETRIC_REPRESENTATION_CONTEXT(2) 
PARAMETRIC_REPRESENTATION_CONTEXT() REPRESENTATION_CONTEXT('2D SPACE',''
  ) );
#4509 = ORIENTED_EDGE('',*,*,#4510,.T.);
#4510 = EDGE_CURVE('',#4488,#3751,#4511,.T.);
#4511 = SURFACE_CURVE('',#4512,(#4517,#4524),.PCURVE_S1.);
#4512 = CIRCLE('',#4513,6.75);
#4513 = AXIS2_PLACEMENT_3D('',#4514,#4515,#4516);
#4514 = CARTESIAN_POINT('',(-55.,-36.35,39.5));
#4515 = DIRECTION('',(0.,1.,0.));
#4516 = DIRECTION('',(0.,-0.,1.));
#4517 = PCURVE('',#3794,#4518);
#4518 = DEFINITIONAL_REPRESENTATION('',(#4519),#4523);
#4519 = CIRCLE('',#4520,6.75);
#4520 = AXIS2_PLACEMENT_2D('',#4521,#4522);
#4521 = CARTESIAN_POINT('',(0.,0.));
#4522 = DIRECTION('',(1.,0.));
#4523 = ( GEOMETRIC_REPRESENTATION_CONTEXT(2) 
PARAMETRIC_REPRESENTATION_CONTEXT() REPRESENTATION_CONTEXT('2D SPACE',''
  ) );
#4524 = PCURVE('',#3766,#4525);
#4525 = DEFINITIONAL_REPRESENTATION('',(#4526),#4530);
#4526 = LINE('',#4527,#4528);
#4527 = CARTESIAN_POINT('',(0.,0.));
#4528 = VECTOR('',#4529,1.);
#4529 = DIRECTION('',(1.,0.));
#4530 = ( GEOMETRIC_REPRESENTATION_CONTEXT(2) 
PARAMETRIC_REPRESENTATION_CONTEXT() REPRESENTATION_CONTEXT('2D SPACE',''
  ) );
#4531 = ORIENTED_EDGE('',*,*,#3778,.T.);
#4532 = FACE_BOUND('',#4533,.T.);
#4533 = EDGE_LOOP('',(#4534));
#4534 = ORIENTED_EDGE('',*,*,#4381,.F.);
#4535 = ADVANCED_FACE('',(#4536),#3766,.F.);
#4536 = FACE_BOUND('',#4537,.F.);
#4537 = EDGE_LOOP('',(#4538,#4562,#4583,#4584));
#4538 = ORIENTED_EDGE('',*,*,#4539,.F.);
#4539 = EDGE_CURVE('',#4540,#3723,#4542,.T.);
#4540 = VERTEX_POINT('',#4541);
#4541 = CARTESIAN_POINT('',(-55.,-23.65,32.75));
#4542 = SURFACE_CURVE('',#4543,(#4548,#4555),.PCURVE_S1.);
#4543 = CIRCLE('',#4544,6.75);
#4544 = AXIS2_PLACEMENT_3D('',#4545,#4546,#4547);
#4545 = CARTESIAN_POINT('',(-55.,-23.65,39.5));
#4546 = DIRECTION('',(0.,1.,0.));
#4547 = DIRECTION('',(0.,-0.,1.));
#4548 = PCURVE('',#3766,#4549);
#4549 = DEFINITIONAL_REPRESENTATION('',(#4550),#4554);
#4550 = LINE('',#4551,#4552);
#4551 = CARTESIAN_POINT('',(0.,12.7));
#4552 = VECTOR('',#4553,1.);
#4553 = DIRECTION('',(1.,0.));
#4554 = ( GEOMETRIC_REPRESENTATION_CONTEXT(2) 
PARAMETRIC_REPRESENTATION_CONTEXT() REPRESENTATION_CONTEXT('2D SPACE',''
  ) );
#4555 = PCURVE('',#3738,#4556);
#4556 = DEFINITIONAL_REPRESENTATION('',(#4557),#4561);
#4557 = CIRCLE('',#4558,6.75);
#4558 = AXIS2_PLACEMENT_2D('',#4559,#4560);
#4559 = CARTESIAN_POINT('',(0.,0.));
#4560 = DIRECTION('',(1.,0.));
#4561 = ( GEOMETRIC_REPRESENTATION_CONTEXT(2) 
PARAMETRIC_REPRESENTATION_CONTEXT() REPRESENTATION_CONTEXT('2D SPACE',''
  ) );
#4562 = ORIENTED_EDGE('',*,*,#4563,.T.);
#4563 = EDGE_CURVE('',#4540,#4488,#4564,.T.);
#4564 = SURFACE_CURVE('',#4565,(#4569,#4576),.PCURVE_S1.);
#4565 = LINE('',#4566,#4567);
#4566 = CARTESIAN_POINT('',(-55.,-23.65,32.75));
#4567 = VECTOR('',#4568,1.);
#4568 = DIRECTION('',(0.,-1.,0.));
#4569 = PCURVE('',#3766,#4570);
#4570 = DEFINITIONAL_REPRESENTATION('',(#4571),#4575);
#4571 = LINE('',#4572,#4573);
#4572 = CARTESIAN_POINT('',(3.14159265359,12.7));
#4573 = VECTOR('',#4574,1.);
#4574 = DIRECTION('',(0.,-1.));
#4575 = ( GEOMETRIC_REPRESENTATION_CONTEXT(2) 
PARAMETRIC_REPRESENTATION_CONTEXT() REPRESENTATION_CONTEXT('2D SPACE',''
  ) );
#4576 = PCURVE('',#3946,#4577);
#4577 = DEFINITIONAL_REPRESENTATION('',(#4578),#4582);
#4578 = LINE('',#4579,#4580);
#4579 = CARTESIAN_POINT('',(0.,0.));
#4580 = VECTOR('',#4581,1.);
#4581 = DIRECTION('',(0.,-1.));
#4582 = ( GEOMETRIC_REPRESENTATION_CONTEXT(2) 
PARAMETRIC_REPRESENTATION_CONTEXT() REPRESENTATION_CONTEXT('2D SPACE',''
  ) );
#4583 = ORIENTED_EDGE('',*,*,#4510,.T.);
#4584 = ORIENTED_EDGE('',*,*,#3750,.T.);
#4585 = ADVANCED_FACE('',(#4586,#4615),#3738,.F.);
#4586 = FACE_BOUND('',#4587,.F.);
#4587 = EDGE_LOOP('',(#4588,#4589,#4590,#4591,#4592,#4613,#4614));
#4588 = ORIENTED_EDGE('',*,*,#4030,.T.);
#4589 = ORIENTED_EDGE('',*,*,#4111,.T.);
#4590 = ORIENTED_EDGE('',*,*,#4080,.F.);
#4591 = ORIENTED_EDGE('',*,*,#3958,.F.);
#4592 = ORIENTED_EDGE('',*,*,#4593,.F.);
#4593 = EDGE_CURVE('',#4540,#3931,#4594,.T.);
#4594 = SURFACE_CURVE('',#4595,(#4599,#4606),.PCURVE_S1.);
#4595 = LINE('',#4596,#4597);
#4596 = CARTESIAN_POINT('',(-55.,-23.65,32.75));
#4597 = VECTOR('',#4598,1.);
#4598 = DIRECTION('',(1.,0.,0.));
#4599 = PCURVE('',#3738,#4600);
#4600 = DEFINITIONAL_REPRESENTATION('',(#4601),#4605);
#4601 = LINE('',#4602,#4603);
#4602 = CARTESIAN_POINT('',(-6.75,0.));
#4603 = VECTOR('',#4604,1.);
#4604 = DIRECTION('',(0.,1.));
#4605 = ( GEOMETRIC_REPRESENTATION_CONTEXT(2) 
PARAMETRIC_REPRESENTATION_CONTEXT() REPRESENTATION_CONTEXT('2D SPACE',''
  ) );
#4606 = PCURVE('',#3946,#4607);
#4607 = DEFINITIONAL_REPRESENTATION('',(#4608),#4612);
#4608 = LINE('',#4609,#4610);
#4609 = CARTESIAN_POINT('',(0.,0.));
#4610 = VECTOR('',#4611,1.);
#4611 = DIRECTION('',(1.,0.));
#4612 = ( GEOMETRIC_REPRESENTATION_CONTEXT(2) 
PARAMETRIC_REPRESENTATION_CONTEXT() REPRESENTATION_CONTEXT('2D SPACE',''
  ) );
#4613 = ORIENTED_EDGE('',*,*,#4539,.T.);
#4614 = ORIENTED_EDGE('',*,*,#3722,.T.);
#4615 = FACE_BOUND('',#4616,.F.);
#4616 = EDGE_LOOP('',(#4617));
#4617 = ORIENTED_EDGE('',*,*,#4618,.F.);
#4618 = EDGE_CURVE('',#4619,#4619,#4621,.T.);
#4619 = VERTEX_POINT('',#4620);
#4620 = CARTESIAN_POINT('',(-55.,-23.65,41.2));
#4621 = SURFACE_CURVE('',#4622,(#4627,#4634),.PCURVE_S1.);
#4622 = CIRCLE('',#4623,1.7);
#4623 = AXIS2_PLACEMENT_3D('',#4624,#4625,#4626);
#4624 = CARTESIAN_POINT('',(-55.,-23.65,39.5));
#4625 = DIRECTION('',(0.,1.,0.));
#4626 = DIRECTION('',(0.,-0.,1.));
#4627 = PCURVE('',#3738,#4628);
#4628 = DEFINITIONAL_REPRESENTATION('',(#4629),#4633);
#4629 = CIRCLE('',#4630,1.7);
#4630 = AXIS2_PLACEMENT_2D('',#4631,#4632);
#4631 = CARTESIAN_POINT('',(0.,0.));
#4632 = DIRECTION('',(1.,0.));
#4633 = ( GEOMETRIC_REPRESENTATION_CONTEXT(2) 
PARAMETRIC_REPRESENTATION_CONTEXT() REPRESENTATION_CONTEXT('2D SPACE',''
  ) );
#4634 = PCURVE('',#4635,#4640);
#4635 = CYLINDRICAL_SURFACE('',#4636,1.7);
#4636 = AXIS2_PLACEMENT_3D('',#4637,#4638,#4639);
#4637 = CARTESIAN_POINT('',(-55.,-44.35,39.5));
#4638 = DIRECTION('',(0.,1.,0.));
#4639 = DIRECTION('',(0.,-0.,1.));
#4640 = DEFINITIONAL_REPRESENTATION('',(#4641),#4645);
#4641 = LINE('',#4642,#4643);
#4642 = CARTESIAN_POINT('',(0.,20.7));
#4643 = VECTOR('',#4644,1.);
#4644 = DIRECTION('',(1.,0.));
#4645 = ( GEOMETRIC_REPRESENTATION_CONTEXT(2) 
PARAMETRIC_REPRESENTATION_CONTEXT() REPRESENTATION_CONTEXT('2D SPACE',''
  ) );
#4646 = ADVANCED_FACE('',(#4647),#3946,.T.);
#4647 = FACE_BOUND('',#4648,.T.);
#4648 = EDGE_LOOP('',(#4649,#4650,#4651,#4652));
#4649 = ORIENTED_EDGE('',*,*,#4593,.F.);
#4650 = ORIENTED_EDGE('',*,*,#4563,.T.);
#4651 = ORIENTED_EDGE('',*,*,#4487,.T.);
#4652 = ORIENTED_EDGE('',*,*,#3930,.T.);
#4653 = ADVANCED_FACE('',(#4654,#4657),#4175,.T.);
#4654 = FACE_BOUND('',#4655,.T.);
#4655 = EDGE_LOOP('',(#4656));
#4656 = ORIENTED_EDGE('',*,*,#4160,.T.);
#4657 = FACE_BOUND('',#4658,.T.);
#4658 = EDGE_LOOP('',(#4659));
#4659 = ORIENTED_EDGE('',*,*,#4660,.F.);
#4660 = EDGE_CURVE('',#4661,#4661,#4663,.T.);
#4661 = VERTEX_POINT('',#4662);
#4662 = CARTESIAN_POINT('',(-55.,-21.65,41.2));
#4663 = SURFACE_CURVE('',#4664,(#4669,#4676),.PCURVE_S1.);
#4664 = CIRCLE('',#4665,1.7);
#4665 = AXIS2_PLACEMENT_3D('',#4666,#4667,#4668);
#4666 = CARTESIAN_POINT('',(-55.,-21.65,39.5));
#4667 = DIRECTION('',(0.,1.,0.));
#4668 = DIRECTION('',(0.,-0.,1.));
#4669 = PCURVE('',#4175,#4670);
#4670 = DEFINITIONAL_REPRESENTATION('',(#4671),#4675);
#4671 = CIRCLE('',#4672,1.7);
#4672 = AXIS2_PLACEMENT_2D('',#4673,#4674);
#4673 = CARTESIAN_POINT('',(0.,0.));
#4674 = DIRECTION('',(1.,0.));
#4675 = ( GEOMETRIC_REPRESENTATION_CONTEXT(2) 
PARAMETRIC_REPRESENTATION_CONTEXT() REPRESENTATION_CONTEXT('2D SPACE',''
  ) );
#4676 = PCURVE('',#4635,#4677);
#4677 = DEFINITIONAL_REPRESENTATION('',(#4678),#4682);
#4678 = LINE('',#4679,#4680);
#4679 = CARTESIAN_POINT('',(0.,22.7));
#4680 = VECTOR('',#4681,1.);
#4681 = DIRECTION('',(1.,0.));
#4682 = ( GEOMETRIC_REPRESENTATION_CONTEXT(2) 
PARAMETRIC_REPRESENTATION_CONTEXT() REPRESENTATION_CONTEXT('2D SPACE',''
  ) );
#4683 = ADVANCED_FACE('',(#4684,#4687),#4231,.F.);
#4684 = FACE_BOUND('',#4685,.F.);
#4685 = EDGE_LOOP('',(#4686));
#4686 = ORIENTED_EDGE('',*,*,#4454,.T.);
#4687 = FACE_BOUND('',#4688,.F.);
#4688 = EDGE_LOOP('',(#4689));
#4689 = ORIENTED_EDGE('',*,*,#4216,.F.);
#4690 = ADVANCED_FACE('',(#4691),#4635,.F.);
#4691 = FACE_BOUND('',#4692,.F.);
#4692 = EDGE_LOOP('',(#4693,#4694,#4715,#4716));
#4693 = ORIENTED_EDGE('',*,*,#4618,.T.);
#4694 = ORIENTED_EDGE('',*,*,#4695,.T.);
#4695 = EDGE_CURVE('',#4619,#4661,#4696,.T.);
#4696 = SEAM_CURVE('',#4697,(#4701,#4708),.PCURVE_S1.);
#4697 = LINE('',#4698,#4699);
#4698 = CARTESIAN_POINT('',(-55.,-44.35,41.2));
#4699 = VECTOR('',#4700,1.);
#4700 = DIRECTION('',(0.,1.,0.));
#4701 = PCURVE('',#4635,#4702);
#4702 = DEFINITIONAL_REPRESENTATION('',(#4703),#4707);
#4703 = LINE('',#4704,#4705);
#4704 = CARTESIAN_POINT('',(0.,-0.));
#4705 = VECTOR('',#4706,1.);
#4706 = DIRECTION('',(0.,1.));
#4707 = ( GEOMETRIC_REPRESENTATION_CONTEXT(2) 
PARAMETRIC_REPRESENTATION_CONTEXT() REPRESENTATION_CONTEXT('2D SPACE',''
  ) );
#4708 = PCURVE('',#4635,#4709);
#4709 = DEFINITIONAL_REPRESENTATION('',(#4710),#4714);
#4710 = LINE('',#4711,#4712);
#4711 = CARTESIAN_POINT('',(6.28318530718,-0.));
#4712 = VECTOR('',#4713,1.);
#4713 = DIRECTION('',(0.,1.));
#4714 = ( GEOMETRIC_REPRESENTATION_CONTEXT(2) 
PARAMETRIC_REPRESENTATION_CONTEXT() REPRESENTATION_CONTEXT('2D SPACE',''
  ) );
#4715 = ORIENTED_EDGE('',*,*,#4660,.F.);
#4716 = ORIENTED_EDGE('',*,*,#4695,.F.);
#4717 = ( GEOMETRIC_REPRESENTATION_CONTEXT(3) 
GLOBAL_UNCERTAINTY_ASSIGNED_CONTEXT((#4721)) 
GLOBAL_UNIT_ASSIGNED_CONTEXT((#4718,#4719,#4720)) REPRESENTATION_CONTEXT
('Context #1','3D Context with UNIT and UNCERTAINTY') );
#4718 = ( LENGTH_UNIT() NAMED_UNIT(*) SI_UNIT(.MILLI.,.METRE.) );
#4719 = ( NAMED_UNIT(*) PLANE_ANGLE_UNIT() SI_UNIT($,.RADIAN.) );
#4720 = ( NAMED_UNIT(*) SI_UNIT($,.STERADIAN.) SOLID_ANGLE_UNIT() );
#4721 = UNCERTAINTY_MEASURE_WITH_UNIT(LENGTH_MEASURE(1.E-07),#4718,
  'distance_accuracy_value','confusion accuracy');
#4722 = CONTEXT_DEPENDENT_SHAPE_REPRESENTATION(#4723,#4725);
#4723 = ( REPRESENTATION_RELATIONSHIP('','',#2331,#2304) 
REPRESENTATION_RELATIONSHIP_WITH_TRANSFORMATION(#4724) 
SHAPE_REPRESENTATION_RELATIONSHIP() );
#4724 = ITEM_DEFINED_TRANSFORMATION('','',#11,#2305);
#4725 = PRODUCT_DEFINITION_SHAPE('Placement','Placement of an item',
  #4726);
#4726 = NEXT_ASSEMBLY_USAGE_OCCURRENCE('9','','',#2299,#2326,$);
#4727 = PRODUCT_RELATED_PRODUCT_CATEGORY('part',$,(#2328));
#4728 = SHAPE_DEFINITION_REPRESENTATION(#4729,#4735);
#4729 = PRODUCT_DEFINITION_SHAPE('','',#4730);
#4730 = PRODUCT_DEFINITION('design','',#4731,#4734);
#4731 = PRODUCT_DEFINITION_FORMATION('','',#4732);
#4732 = PRODUCT('Open CASCADE STEP translator 7.9 5.2.2',
  'Open CASCADE STEP translator 7.9 5.2.2','',(#4733));
#4733 = PRODUCT_CONTEXT('',#2,'mechanical');
#4734 = PRODUCT_DEFINITION_CONTEXT('part definition',#2,'design');
#4735 = ADVANCED_BREP_SHAPE_REPRESENTATION('',(#11,#4736),#7121);
#4736 = MANIFOLD_SOLID_BREP('',#4737);
#4737 = CLOSED_SHELL('',(#4738,#4965,#5196,#5332,#5510,#5550,#5600,#5798
    ,#6098,#6279,#6405,#6455,#6509,#6536,#6591,#6646,#6700,#6754,#6781,
    #6831,#6883,#6939,#6989,#7050,#7057,#7087,#7094));
#4738 = ADVANCED_FACE('',(#4739),#4753,.F.);
#4739 = FACE_BOUND('',#4740,.F.);
#4740 = EDGE_LOOP('',(#4741,#4776,#4804,#4832,#4860,#4888,#4916,#4939));
#4741 = ORIENTED_EDGE('',*,*,#4742,.F.);
#4742 = EDGE_CURVE('',#4743,#4745,#4747,.T.);
#4743 = VERTEX_POINT('',#4744);
#4744 = CARTESIAN_POINT('',(-52.,44.35,11.));
#4745 = VERTEX_POINT('',#4746);
#4746 = CARTESIAN_POINT('',(-46.,44.35,11.));
#4747 = SURFACE_CURVE('',#4748,(#4752,#4764),.PCURVE_S1.);
#4748 = LINE('',#4749,#4750);
#4749 = CARTESIAN_POINT('',(-58.,44.35,11.));
#4750 = VECTOR('',#4751,1.);
#4751 = DIRECTION('',(1.,0.,0.));
#4752 = PCURVE('',#4753,#4758);
#4753 = PLANE('',#4754);
#4754 = AXIS2_PLACEMENT_3D('',#4755,#4756,#4757);
#4755 = CARTESIAN_POINT('',(-58.,44.35,11.));
#4756 = DIRECTION('',(-0.,0.,1.));
#4757 = DIRECTION('',(1.,0.,0.));
#4758 = DEFINITIONAL_REPRESENTATION('',(#4759),#4763);
#4759 = LINE('',#4760,#4761);
#4760 = CARTESIAN_POINT('',(0.,0.));
#4761 = VECTOR('',#4762,1.);
#4762 = DIRECTION('',(1.,0.));
#4763 = ( GEOMETRIC_REPRESENTATION_CONTEXT(2) 
PARAMETRIC_REPRESENTATION_CONTEXT() REPRESENTATION_CONTEXT('2D SPACE',''
  ) );
#4764 = PCURVE('',#4765,#4770);
#4765 = PLANE('',#4766);
#4766 = AXIS2_PLACEMENT_3D('',#4767,#4768,#4769);
#4767 = CARTESIAN_POINT('',(-49.,44.35,27.5));
#4768 = DIRECTION('',(-0.,-1.,-0.));
#4769 = DIRECTION('',(0.,0.,-1.));
#4770 = DEFINITIONAL_REPRESENTATION('',(#4771),#4775);
#4771 = LINE('',#4772,#4773);
#4772 = CARTESIAN_POINT('',(16.5,-9.));
#4773 = VECTOR('',#4774,1.);
#4774 = DIRECTION('',(0.,1.));
#4775 = ( GEOMETRIC_REPRESENTATION_CONTEXT(2) 
PARAMETRIC_REPRESENTATION_CONTEXT() REPRESENTATION_CONTEXT('2D SPACE',''
  ) );
#4776 = ORIENTED_EDGE('',*,*,#4777,.T.);
#4777 = EDGE_CURVE('',#4743,#4778,#4780,.T.);
#4778 = VERTEX_POINT('',#4779);
#4779 = CARTESIAN_POINT('',(-52.,15.65,11.));
#4780 = SURFACE_CURVE('',#4781,(#4785,#4792),.PCURVE_S1.);
#4781 = LINE('',#4782,#4783);
#4782 = CARTESIAN_POINT('',(-52.,44.35,11.));
#4783 = VECTOR('',#4784,1.);
#4784 = DIRECTION('',(0.,-1.,0.));
#4785 = PCURVE('',#4753,#4786);
#4786 = DEFINITIONAL_REPRESENTATION('',(#4787),#4791);
#4787 = LINE('',#4788,#4789);
#4788 = CARTESIAN_POINT('',(6.,0.));
#4789 = VECTOR('',#4790,1.);
#4790 = DIRECTION('',(0.,-1.));
#4791 = ( GEOMETRIC_REPRESENTATION_CONTEXT(2) 
PARAMETRIC_REPRESENTATION_CONTEXT() REPRESENTATION_CONTEXT('2D SPACE',''
  ) );
#4792 = PCURVE('',#4793,#4798);
#4793 = CYLINDRICAL_SURFACE('',#4794,6.);
#4794 = AXIS2_PLACEMENT_3D('',#4795,#4796,#4797);
#4795 = CARTESIAN_POINT('',(-52.,44.35,17.));
#4796 = DIRECTION('',(0.,-1.,0.));
#4797 = DIRECTION('',(0.,-0.,-1.));
#4798 = DEFINITIONAL_REPRESENTATION('',(#4799),#4803);
#4799 = LINE('',#4800,#4801);
#4800 = CARTESIAN_POINT('',(-0.,0.));
#4801 = VECTOR('',#4802,1.);
#4802 = DIRECTION('',(-0.,1.));
#4803 = ( GEOMETRIC_REPRESENTATION_CONTEXT(2) 
PARAMETRIC_REPRESENTATION_CONTEXT() REPRESENTATION_CONTEXT('2D SPACE',''
  ) );
#4804 = ORIENTED_EDGE('',*,*,#4805,.T.);
#4805 = EDGE_CURVE('',#4778,#4806,#4808,.T.);
#4806 = VERTEX_POINT('',#4807);
#4807 = CARTESIAN_POINT('',(-46.,15.65,11.));
#4808 = SURFACE_CURVE('',#4809,(#4813,#4820),.PCURVE_S1.);
#4809 = LINE('',#4810,#4811);
#4810 = CARTESIAN_POINT('',(-58.,15.65,11.));
#4811 = VECTOR('',#4812,1.);
#4812 = DIRECTION('',(1.,0.,0.));
#4813 = PCURVE('',#4753,#4814);
#4814 = DEFINITIONAL_REPRESENTATION('',(#4815),#4819);
#4815 = LINE('',#4816,#4817);
#4816 = CARTESIAN_POINT('',(0.,-28.7));
#4817 = VECTOR('',#4818,1.);
#4818 = DIRECTION('',(1.,0.));
#4819 = ( GEOMETRIC_REPRESENTATION_CONTEXT(2) 
PARAMETRIC_REPRESENTATION_CONTEXT() REPRESENTATION_CONTEXT('2D SPACE',''
  ) );
#4820 = PCURVE('',#4821,#4826);
#4821 = PLANE('',#4822);
#4822 = AXIS2_PLACEMENT_3D('',#4823,#4824,#4825);
#4823 = CARTESIAN_POINT('',(-49.,15.65,27.5));
#4824 = DIRECTION('',(-0.,-1.,-0.));
#4825 = DIRECTION('',(0.,0.,-1.));
#4826 = DEFINITIONAL_REPRESENTATION('',(#4827),#4831);
#4827 = LINE('',#4828,#4829);
#4828 = CARTESIAN_POINT('',(16.5,-9.));
#4829 = VECTOR('',#4830,1.);
#4830 = DIRECTION('',(0.,1.));
#4831 = ( GEOMETRIC_REPRESENTATION_CONTEXT(2) 
PARAMETRIC_REPRESENTATION_CONTEXT() REPRESENTATION_CONTEXT('2D SPACE',''
  ) );
#4832 = ORIENTED_EDGE('',*,*,#4833,.F.);
#4833 = EDGE_CURVE('',#4834,#4806,#4836,.T.);
#4834 = VERTEX_POINT('',#4835);
#4835 = CARTESIAN_POINT('',(-46.,26.420544734181,11.));
#4836 = SURFACE_CURVE('',#4837,(#4841,#4848),.PCURVE_S1.);
#4837 = LINE('',#4838,#4839);
#4838 = CARTESIAN_POINT('',(-46.,44.35,11.));
#4839 = VECTOR('',#4840,1.);
#4840 = DIRECTION('',(0.,-1.,0.));
#4841 = PCURVE('',#4753,#4842);
#4842 = DEFINITIONAL_REPRESENTATION('',(#4843),#4847);
#4843 = LINE('',#4844,#4845);
#4844 = CARTESIAN_POINT('',(12.,0.));
#4845 = VECTOR('',#4846,1.);
#4846 = DIRECTION('',(0.,-1.));
#4847 = ( GEOMETRIC_REPRESENTATION_CONTEXT(2) 
PARAMETRIC_REPRESENTATION_CONTEXT() REPRESENTATION_CONTEXT('2D SPACE',''
  ) );
#4848 = PCURVE('',#4849,#4854);
#4849 = CYLINDRICAL_SURFACE('',#4850,6.);
#4850 = AXIS2_PLACEMENT_3D('',#4851,#4852,#4853);
#4851 = CARTESIAN_POINT('',(-46.,44.35,17.));
#4852 = DIRECTION('',(0.,-1.,0.));
#4853 = DIRECTION('',(0.,-0.,-1.));
#4854 = DEFINITIONAL_REPRESENTATION('',(#4855),#4859);
#4855 = LINE('',#4856,#4857);
#4856 = CARTESIAN_POINT('',(0.,0.));
#4857 = VECTOR('',#4858,1.);
#4858 = DIRECTION('',(0.,1.));
#4859 = ( GEOMETRIC_REPRESENTATION_CONTEXT(2) 
PARAMETRIC_REPRESENTATION_CONTEXT() REPRESENTATION_CONTEXT('2D SPACE',''
  ) );
#4860 = ORIENTED_EDGE('',*,*,#4861,.T.);
#4861 = EDGE_CURVE('',#4834,#4862,#4864,.T.);
#4862 = VERTEX_POINT('',#4863);
#4863 = CARTESIAN_POINT('',(-49.,26.420544734181,11.));
#4864 = SURFACE_CURVE('',#4865,(#4869,#4876),.PCURVE_S1.);
#4865 = LINE('',#4866,#4867);
#4866 = CARTESIAN_POINT('',(-39.5,26.420544734181,11.));
#4867 = VECTOR('',#4868,1.);
#4868 = DIRECTION('',(-1.,0.,0.));
#4869 = PCURVE('',#4753,#4870);
#4870 = DEFINITIONAL_REPRESENTATION('',(#4871),#4875);
#4871 = LINE('',#4872,#4873);
#4872 = CARTESIAN_POINT('',(18.5,-17.92945526581));
#4873 = VECTOR('',#4874,1.);
#4874 = DIRECTION('',(-1.,0.));
#4875 = ( GEOMETRIC_REPRESENTATION_CONTEXT(2) 
PARAMETRIC_REPRESENTATION_CONTEXT() REPRESENTATION_CONTEXT('2D SPACE',''
  ) );
#4876 = PCURVE('',#4877,#4882);
#4877 = CYLINDRICAL_SURFACE('',#4878,5.75);
#4878 = AXIS2_PLACEMENT_3D('',#4879,#4880,#4881);
#4879 = CARTESIAN_POINT('',(-39.5,30.,15.5));
#4880 = DIRECTION('',(-1.,0.,0.));
#4881 = DIRECTION('',(0.,0.,-1.));
#4882 = DEFINITIONAL_REPRESENTATION('',(#4883),#4887);
#4883 = LINE('',#4884,#4885);
#4884 = CARTESIAN_POINT('',(0.671950896496,0.));
#4885 = VECTOR('',#4886,1.);
#4886 = DIRECTION('',(0.,1.));
#4887 = ( GEOMETRIC_REPRESENTATION_CONTEXT(2) 
PARAMETRIC_REPRESENTATION_CONTEXT() REPRESENTATION_CONTEXT('2D SPACE',''
  ) );
#4888 = ORIENTED_EDGE('',*,*,#4889,.F.);
#4889 = EDGE_CURVE('',#4890,#4862,#4892,.T.);
#4890 = VERTEX_POINT('',#4891);
#4891 = CARTESIAN_POINT('',(-49.,33.579455265819,11.));
#4892 = SURFACE_CURVE('',#4893,(#4897,#4904),.PCURVE_S1.);
#4893 = LINE('',#4894,#4895);
#4894 = CARTESIAN_POINT('',(-49.,37.175,11.));
#4895 = VECTOR('',#4896,1.);
#4896 = DIRECTION('',(0.,-1.,0.));
#4897 = PCURVE('',#4753,#4898);
#4898 = DEFINITIONAL_REPRESENTATION('',(#4899),#4903);
#4899 = LINE('',#4900,#4901);
#4900 = CARTESIAN_POINT('',(9.,-7.175));
#4901 = VECTOR('',#4902,1.);
#4902 = DIRECTION('',(0.,-1.));
#4903 = ( GEOMETRIC_REPRESENTATION_CONTEXT(2) 
PARAMETRIC_REPRESENTATION_CONTEXT() REPRESENTATION_CONTEXT('2D SPACE',''
  ) );
#4904 = PCURVE('',#4905,#4910);
#4905 = PLANE('',#4906);
#4906 = AXIS2_PLACEMENT_3D('',#4907,#4908,#4909);
#4907 = CARTESIAN_POINT('',(-49.,30.,15.5));
#4908 = DIRECTION('',(-1.,0.,0.));
#4909 = DIRECTION('',(0.,0.,-1.));
#4910 = DEFINITIONAL_REPRESENTATION('',(#4911),#4915);
#4911 = LINE('',#4912,#4913);
#4912 = CARTESIAN_POINT('',(4.5,-7.175));
#4913 = VECTOR('',#4914,1.);
#4914 = DIRECTION('',(0.,1.));
#4915 = ( GEOMETRIC_REPRESENTATION_CONTEXT(2) 
PARAMETRIC_REPRESENTATION_CONTEXT() REPRESENTATION_CONTEXT('2D SPACE',''
  ) );
#4916 = ORIENTED_EDGE('',*,*,#4917,.F.);
#4917 = EDGE_CURVE('',#4918,#4890,#4920,.T.);
#4918 = VERTEX_POINT('',#4919);
#4919 = CARTESIAN_POINT('',(-46.,33.579455265819,11.));
#4920 = SURFACE_CURVE('',#4921,(#4925,#4932),.PCURVE_S1.);
#4921 = LINE('',#4922,#4923);
#4922 = CARTESIAN_POINT('',(-39.5,33.579455265819,11.));
#4923 = VECTOR('',#4924,1.);
#4924 = DIRECTION('',(-1.,0.,0.));
#4925 = PCURVE('',#4753,#4926);
#4926 = DEFINITIONAL_REPRESENTATION('',(#4927),#4931);
#4927 = LINE('',#4928,#4929);
#4928 = CARTESIAN_POINT('',(18.5,-10.77054473418));
#4929 = VECTOR('',#4930,1.);
#4930 = DIRECTION('',(-1.,0.));
#4931 = ( GEOMETRIC_REPRESENTATION_CONTEXT(2) 
PARAMETRIC_REPRESENTATION_CONTEXT() REPRESENTATION_CONTEXT('2D SPACE',''
  ) );
#4932 = PCURVE('',#4877,#4933);
#4933 = DEFINITIONAL_REPRESENTATION('',(#4934),#4938);
#4934 = LINE('',#4935,#4936);
#4935 = CARTESIAN_POINT('',(5.611234410684,0.));
#4936 = VECTOR('',#4937,1.);
#4937 = DIRECTION('',(0.,1.));
#4938 = ( GEOMETRIC_REPRESENTATION_CONTEXT(2) 
PARAMETRIC_REPRESENTATION_CONTEXT() REPRESENTATION_CONTEXT('2D SPACE',''
  ) );
#4939 = ORIENTED_EDGE('',*,*,#4940,.F.);
#4940 = EDGE_CURVE('',#4745,#4918,#4941,.T.);
#4941 = SURFACE_CURVE('',#4942,(#4946,#4953),.PCURVE_S1.);
#4942 = LINE('',#4943,#4944);
#4943 = CARTESIAN_POINT('',(-46.,44.35,11.));
#4944 = VECTOR('',#4945,1.);
#4945 = DIRECTION('',(0.,-1.,0.));
#4946 = PCURVE('',#4753,#4947);
#4947 = DEFINITIONAL_REPRESENTATION('',(#4948),#4952);
#4948 = LINE('',#4949,#4950);
#4949 = CARTESIAN_POINT('',(12.,0.));
#4950 = VECTOR('',#4951,1.);
#4951 = DIRECTION('',(0.,-1.));
#4952 = ( GEOMETRIC_REPRESENTATION_CONTEXT(2) 
PARAMETRIC_REPRESENTATION_CONTEXT() REPRESENTATION_CONTEXT('2D SPACE',''
  ) );
#4953 = PCURVE('',#4954,#4959);
#4954 = CYLINDRICAL_SURFACE('',#4955,6.);
#4955 = AXIS2_PLACEMENT_3D('',#4956,#4957,#4958);
#4956 = CARTESIAN_POINT('',(-46.,44.35,17.));
#4957 = DIRECTION('',(0.,-1.,0.));
#4958 = DIRECTION('',(0.,-0.,-1.));
#4959 = DEFINITIONAL_REPRESENTATION('',(#4960),#4964);
#4960 = LINE('',#4961,#4962);
#4961 = CARTESIAN_POINT('',(0.,0.));
#4962 = VECTOR('',#4963,1.);
#4963 = DIRECTION('',(0.,1.));
#4964 = ( GEOMETRIC_REPRESENTATION_CONTEXT(2) 
PARAMETRIC_REPRESENTATION_CONTEXT() REPRESENTATION_CONTEXT('2D SPACE',''
  ) );
#4965 = ADVANCED_FACE('',(#4966,#5161),#4765,.F.);
#4966 = FACE_BOUND('',#4967,.F.);
#4967 = EDGE_LOOP('',(#4968,#4969,#4993,#5021,#5050,#5078,#5107,#5135));
#4968 = ORIENTED_EDGE('',*,*,#4742,.T.);
#4969 = ORIENTED_EDGE('',*,*,#4970,.T.);
#4970 = EDGE_CURVE('',#4745,#4971,#4973,.T.);
#4971 = VERTEX_POINT('',#4972);
#4972 = CARTESIAN_POINT('',(-40.,44.35,17.));
#4973 = SURFACE_CURVE('',#4974,(#4979,#4986),.PCURVE_S1.);
#4974 = CIRCLE('',#4975,6.);
#4975 = AXIS2_PLACEMENT_3D('',#4976,#4977,#4978);
#4976 = CARTESIAN_POINT('',(-46.,44.35,17.));
#4977 = DIRECTION('',(0.,-1.,0.));
#4978 = DIRECTION('',(0.,-0.,-1.));
#4979 = PCURVE('',#4765,#4980);
#4980 = DEFINITIONAL_REPRESENTATION('',(#4981),#4985);
#4981 = CIRCLE('',#4982,6.);
#4982 = AXIS2_PLACEMENT_2D('',#4983,#4984);
#4983 = CARTESIAN_POINT('',(10.5,3.));
#4984 = DIRECTION('',(1.,0.));
#4985 = ( GEOMETRIC_REPRESENTATION_CONTEXT(2) 
PARAMETRIC_REPRESENTATION_CONTEXT() REPRESENTATION_CONTEXT('2D SPACE',''
  ) );
#4986 = PCURVE('',#4954,#4987);
#4987 = DEFINITIONAL_REPRESENTATION('',(#4988),#4992);
#4988 = LINE('',#4989,#4990);
#4989 = CARTESIAN_POINT('',(0.,0.));
#4990 = VECTOR('',#4991,1.);
#4991 = DIRECTION('',(1.,0.));
#4992 = ( GEOMETRIC_REPRESENTATION_CONTEXT(2) 
PARAMETRIC_REPRESENTATION_CONTEXT() REPRESENTATION_CONTEXT('2D SPACE',''
  ) );
#4993 = ORIENTED_EDGE('',*,*,#4994,.T.);
#4994 = EDGE_CURVE('',#4971,#4995,#4997,.T.);
#4995 = VERTEX_POINT('',#4996);
#4996 = CARTESIAN_POINT('',(-40.,44.35,38.));
#4997 = SURFACE_CURVE('',#4998,(#5002,#5009),.PCURVE_S1.);
#4998 = LINE('',#4999,#5000);
#4999 = CARTESIAN_POINT('',(-40.,44.35,11.));
#5000 = VECTOR('',#5001,1.);
#5001 = DIRECTION('',(0.,0.,1.));
#5002 = PCURVE('',#4765,#5003);
#5003 = DEFINITIONAL_REPRESENTATION('',(#5004),#5008);
#5004 = LINE('',#5005,#5006);
#5005 = CARTESIAN_POINT('',(16.5,9.));
#5006 = VECTOR('',#5007,1.);
#5007 = DIRECTION('',(-1.,0.));
#5008 = ( GEOMETRIC_REPRESENTATION_CONTEXT(2) 
PARAMETRIC_REPRESENTATION_CONTEXT() REPRESENTATION_CONTEXT('2D SPACE',''
  ) );
#5009 = PCURVE('',#5010,#5015);
#5010 = PLANE('',#5011);
#5011 = AXIS2_PLACEMENT_3D('',#5012,#5013,#5014);
#5012 = CARTESIAN_POINT('',(-40.,44.35,11.));
#5013 = DIRECTION('',(-1.,0.,0.));
#5014 = DIRECTION('',(0.,0.,1.));
#5015 = DEFINITIONAL_REPRESENTATION('',(#5016),#5020);
#5016 = LINE('',#5017,#5018);
#5017 = CARTESIAN_POINT('',(0.,0.));
#5018 = VECTOR('',#5019,1.);
#5019 = DIRECTION('',(1.,0.));
#5020 = ( GEOMETRIC_REPRESENTATION_CONTEXT(2) 
PARAMETRIC_REPRESENTATION_CONTEXT() REPRESENTATION_CONTEXT('2D SPACE',''
  ) );
#5021 = ORIENTED_EDGE('',*,*,#5022,.T.);
#5022 = EDGE_CURVE('',#4995,#5023,#5025,.T.);
#5023 = VERTEX_POINT('',#5024);
#5024 = CARTESIAN_POINT('',(-46.,44.35,44.));
#5025 = SURFACE_CURVE('',#5026,(#5031,#5038),.PCURVE_S1.);
#5026 = CIRCLE('',#5027,6.);
#5027 = AXIS2_PLACEMENT_3D('',#5028,#5029,#5030);
#5028 = CARTESIAN_POINT('',(-46.,44.35,38.));
#5029 = DIRECTION('',(0.,-1.,0.));
#5030 = DIRECTION('',(0.,-0.,-1.));
#5031 = PCURVE('',#4765,#5032);
#5032 = DEFINITIONAL_REPRESENTATION('',(#5033),#5037);
#5033 = CIRCLE('',#5034,6.);
#5034 = AXIS2_PLACEMENT_2D('',#5035,#5036);
#5035 = CARTESIAN_POINT('',(-10.5,3.));
#5036 = DIRECTION('',(1.,0.));
#5037 = ( GEOMETRIC_REPRESENTATION_CONTEXT(2) 
PARAMETRIC_REPRESENTATION_CONTEXT() REPRESENTATION_CONTEXT('2D SPACE',''
  ) );
#5038 = PCURVE('',#5039,#5044);
#5039 = CYLINDRICAL_SURFACE('',#5040,6.);
#5040 = AXIS2_PLACEMENT_3D('',#5041,#5042,#5043);
#5041 = CARTESIAN_POINT('',(-46.,44.35,38.));
#5042 = DIRECTION('',(0.,-1.,0.));
#5043 = DIRECTION('',(1.,0.,-0.));
#5044 = DEFINITIONAL_REPRESENTATION('',(#5045),#5049);
#5045 = LINE('',#5046,#5047);
#5046 = CARTESIAN_POINT('',(-1.570796326795,0.));
#5047 = VECTOR('',#5048,1.);
#5048 = DIRECTION('',(1.,0.));
#5049 = ( GEOMETRIC_REPRESENTATION_CONTEXT(2) 
PARAMETRIC_REPRESENTATION_CONTEXT() REPRESENTATION_CONTEXT('2D SPACE',''
  ) );
#5050 = ORIENTED_EDGE('',*,*,#5051,.T.);
#5051 = EDGE_CURVE('',#5023,#5052,#5054,.T.);
#5052 = VERTEX_POINT('',#5053);
#5053 = CARTESIAN_POINT('',(-52.,44.35,44.));
#5054 = SURFACE_CURVE('',#5055,(#5059,#5066),.PCURVE_S1.);
#5055 = LINE('',#5056,#5057);
#5056 = CARTESIAN_POINT('',(-40.,44.35,44.));
#5057 = VECTOR('',#5058,1.);
#5058 = DIRECTION('',(-1.,0.,0.));
#5059 = PCURVE('',#4765,#5060);
#5060 = DEFINITIONAL_REPRESENTATION('',(#5061),#5065);
#5061 = LINE('',#5062,#5063);
#5062 = CARTESIAN_POINT('',(-16.5,9.));
#5063 = VECTOR('',#5064,1.);
#5064 = DIRECTION('',(0.,-1.));
#5065 = ( GEOMETRIC_REPRESENTATION_CONTEXT(2) 
PARAMETRIC_REPRESENTATION_CONTEXT() REPRESENTATION_CONTEXT('2D SPACE',''
  ) );
#5066 = PCURVE('',#5067,#5072);
#5067 = PLANE('',#5068);
#5068 = AXIS2_PLACEMENT_3D('',#5069,#5070,#5071);
#5069 = CARTESIAN_POINT('',(-40.,44.35,44.));
#5070 = DIRECTION('',(-0.,-0.,-1.));
#5071 = DIRECTION('',(-1.,0.,0.));
#5072 = DEFINITIONAL_REPRESENTATION('',(#5073),#5077);
#5073 = LINE('',#5074,#5075);
#5074 = CARTESIAN_POINT('',(0.,0.));
#5075 = VECTOR('',#5076,1.);
#5076 = DIRECTION('',(1.,0.));
#5077 = ( GEOMETRIC_REPRESENTATION_CONTEXT(2) 
PARAMETRIC_REPRESENTATION_CONTEXT() REPRESENTATION_CONTEXT('2D SPACE',''
  ) );
#5078 = ORIENTED_EDGE('',*,*,#5079,.T.);
#5079 = EDGE_CURVE('',#5052,#5080,#5082,.T.);
#5080 = VERTEX_POINT('',#5081);
#5081 = CARTESIAN_POINT('',(-58.,44.35,38.));
#5082 = SURFACE_CURVE('',#5083,(#5088,#5095),.PCURVE_S1.);
#5083 = CIRCLE('',#5084,6.);
#5084 = AXIS2_PLACEMENT_3D('',#5085,#5086,#5087);
#5085 = CARTESIAN_POINT('',(-52.,44.35,38.));
#5086 = DIRECTION('',(0.,-1.,0.));
#5087 = DIRECTION('',(0.,-0.,-1.));
#5088 = PCURVE('',#4765,#5089);
#5089 = DEFINITIONAL_REPRESENTATION('',(#5090),#5094);
#5090 = CIRCLE('',#5091,6.);
#5091 = AXIS2_PLACEMENT_2D('',#5092,#5093);
#5092 = CARTESIAN_POINT('',(-10.5,-3.));
#5093 = DIRECTION('',(1.,0.));
#5094 = ( GEOMETRIC_REPRESENTATION_CONTEXT(2) 
PARAMETRIC_REPRESENTATION_CONTEXT() REPRESENTATION_CONTEXT('2D SPACE',''
  ) );
#5095 = PCURVE('',#5096,#5101);
#5096 = CYLINDRICAL_SURFACE('',#5097,6.);
#5097 = AXIS2_PLACEMENT_3D('',#5098,#5099,#5100);
#5098 = CARTESIAN_POINT('',(-52.,44.35,38.));
#5099 = DIRECTION('',(0.,-1.,0.));
#5100 = DIRECTION('',(-0.,0.,1.));
#5101 = DEFINITIONAL_REPRESENTATION('',(#5102),#5106);
#5102 = LINE('',#5103,#5104);
#5103 = CARTESIAN_POINT('',(-3.14159265359,0.));
#5104 = VECTOR('',#5105,1.);
#5105 = DIRECTION('',(1.,0.));
#5106 = ( GEOMETRIC_REPRESENTATION_CONTEXT(2) 
PARAMETRIC_REPRESENTATION_CONTEXT() REPRESENTATION_CONTEXT('2D SPACE',''
  ) );
#5107 = ORIENTED_EDGE('',*,*,#5108,.T.);
#5108 = EDGE_CURVE('',#5080,#5109,#5111,.T.);
#5109 = VERTEX_POINT('',#5110);
#5110 = CARTESIAN_POINT('',(-58.,44.35,17.));
#5111 = SURFACE_CURVE('',#5112,(#5116,#5123),.PCURVE_S1.);
#5112 = LINE('',#5113,#5114);
#5113 = CARTESIAN_POINT('',(-58.,44.35,44.));
#5114 = VECTOR('',#5115,1.);
#5115 = DIRECTION('',(0.,0.,-1.));
#5116 = PCURVE('',#4765,#5117);
#5117 = DEFINITIONAL_REPRESENTATION('',(#5118),#5122);
#5118 = LINE('',#5119,#5120);
#5119 = CARTESIAN_POINT('',(-16.5,-9.));
#5120 = VECTOR('',#5121,1.);
#5121 = DIRECTION('',(1.,0.));
#5122 = ( GEOMETRIC_REPRESENTATION_CONTEXT(2) 
PARAMETRIC_REPRESENTATION_CONTEXT() REPRESENTATION_CONTEXT('2D SPACE',''
  ) );
#5123 = PCURVE('',#5124,#5129);
#5124 = PLANE('',#5125);
#5125 = AXIS2_PLACEMENT_3D('',#5126,#5127,#5128);
#5126 = CARTESIAN_POINT('',(-58.,44.35,44.));
#5127 = DIRECTION('',(1.,0.,0.));
#5128 = DIRECTION('',(0.,0.,-1.));
#5129 = DEFINITIONAL_REPRESENTATION('',(#5130),#5134);
#5130 = LINE('',#5131,#5132);
#5131 = CARTESIAN_POINT('',(0.,0.));
#5132 = VECTOR('',#5133,1.);
#5133 = DIRECTION('',(1.,0.));
#5134 = ( GEOMETRIC_REPRESENTATION_CONTEXT(2) 
PARAMETRIC_REPRESENTATION_CONTEXT() REPRESENTATION_CONTEXT('2D SPACE',''
  ) );
#5135 = ORIENTED_EDGE('',*,*,#5136,.F.);
#5136 = EDGE_CURVE('',#4743,#5109,#5137,.T.);
#5137 = SURFACE_CURVE('',#5138,(#5143,#5154),.PCURVE_S1.);
#5138 = CIRCLE('',#5139,6.);
#5139 = AXIS2_PLACEMENT_3D('',#5140,#5141,#5142);
#5140 = CARTESIAN_POINT('',(-52.,44.35,17.));
#5141 = DIRECTION('',(-0.,1.,0.));
#5142 = DIRECTION('',(0.,0.,-1.));
#5143 = PCURVE('',#4765,#5144);
#5144 = DEFINITIONAL_REPRESENTATION('',(#5145),#5153);
#5145 = ( BOUNDED_CURVE() B_SPLINE_CURVE(2,(#5146,#5147,#5148,#5149,
#5150,#5151,#5152),.UNSPECIFIED.,.T.,.F.) B_SPLINE_CURVE_WITH_KNOTS((1,2
    ,2,2,2,1),(-2.094395102393,0.,2.094395102393,4.188790204786,
6.28318530718,8.377580409573),.UNSPECIFIED.) CURVE() 
GEOMETRIC_REPRESENTATION_ITEM() RATIONAL_B_SPLINE_CURVE((1.,0.5,1.,0.5,
1.,0.5,1.)) REPRESENTATION_ITEM('') );
#5146 = CARTESIAN_POINT('',(16.5,-3.));
#5147 = CARTESIAN_POINT('',(16.5,-13.39230484541));
#5148 = CARTESIAN_POINT('',(7.5,-8.196152422707));
#5149 = CARTESIAN_POINT('',(-1.5,-3.));
#5150 = CARTESIAN_POINT('',(7.5,2.196152422707));
#5151 = CARTESIAN_POINT('',(16.5,7.392304845413));
#5152 = CARTESIAN_POINT('',(16.5,-3.));
#5153 = ( GEOMETRIC_REPRESENTATION_CONTEXT(2) 
PARAMETRIC_REPRESENTATION_CONTEXT() REPRESENTATION_CONTEXT('2D SPACE',''
  ) );
#5154 = PCURVE('',#4793,#5155);
#5155 = DEFINITIONAL_REPRESENTATION('',(#5156),#5160);
#5156 = LINE('',#5157,#5158);
#5157 = CARTESIAN_POINT('',(-0.,0.));
#5158 = VECTOR('',#5159,1.);
#5159 = DIRECTION('',(-1.,0.));
#5160 = ( GEOMETRIC_REPRESENTATION_CONTEXT(2) 
PARAMETRIC_REPRESENTATION_CONTEXT() REPRESENTATION_CONTEXT('2D SPACE',''
  ) );
#5161 = FACE_BOUND('',#5162,.F.);
#5162 = EDGE_LOOP('',(#5163));
#5163 = ORIENTED_EDGE('',*,*,#5164,.T.);
#5164 = EDGE_CURVE('',#5165,#5165,#5167,.T.);
#5165 = VERTEX_POINT('',#5166);
#5166 = CARTESIAN_POINT('',(-55.,44.35,41.5));
#5167 = SURFACE_CURVE('',#5168,(#5173,#5184),.PCURVE_S1.);
#5168 = CIRCLE('',#5169,2.);
#5169 = AXIS2_PLACEMENT_3D('',#5170,#5171,#5172);
#5170 = CARTESIAN_POINT('',(-55.,44.35,39.5));
#5171 = DIRECTION('',(0.,1.,0.));
#5172 = DIRECTION('',(0.,-0.,1.));
#5173 = PCURVE('',#4765,#5174);
#5174 = DEFINITIONAL_REPRESENTATION('',(#5175),#5183);
#5175 = ( BOUNDED_CURVE() B_SPLINE_CURVE(2,(#5176,#5177,#5178,#5179,
#5180,#5181,#5182),.UNSPECIFIED.,.T.,.F.) B_SPLINE_CURVE_WITH_KNOTS((1,2
    ,2,2,2,1),(-2.094395102393,0.,2.094395102393,4.188790204786,
6.28318530718,8.377580409573),.UNSPECIFIED.) CURVE() 
GEOMETRIC_REPRESENTATION_ITEM() RATIONAL_B_SPLINE_CURVE((1.,0.5,1.,0.5,
1.,0.5,1.)) REPRESENTATION_ITEM('') );
#5176 = CARTESIAN_POINT('',(-14.,-6.));
#5177 = CARTESIAN_POINT('',(-14.,-2.535898384862));
#5178 = CARTESIAN_POINT('',(-11.,-4.267949192431));
#5179 = CARTESIAN_POINT('',(-8.,-6.));
#5180 = CARTESIAN_POINT('',(-11.,-7.732050807569));
#5181 = CARTESIAN_POINT('',(-14.,-9.464101615138));
#5182 = CARTESIAN_POINT('',(-14.,-6.));
#5183 = ( GEOMETRIC_REPRESENTATION_CONTEXT(2) 
PARAMETRIC_REPRESENTATION_CONTEXT() REPRESENTATION_CONTEXT('2D SPACE',''
  ) );
#5184 = PCURVE('',#5185,#5190);
#5185 = CYLINDRICAL_SURFACE('',#5186,2.);
#5186 = AXIS2_PLACEMENT_3D('',#5187,#5188,#5189);
#5187 = CARTESIAN_POINT('',(-55.,38.35,39.5));
#5188 = DIRECTION('',(0.,1.,0.));
#5189 = DIRECTION('',(0.,-0.,1.));
#5190 = DEFINITIONAL_REPRESENTATION('',(#5191),#5195);
#5191 = LINE('',#5192,#5193);
#5192 = CARTESIAN_POINT('',(0.,6.));
#5193 = VECTOR('',#5194,1.);
#5194 = DIRECTION('',(1.,0.));
#5195 = ( GEOMETRIC_REPRESENTATION_CONTEXT(2) 
PARAMETRIC_REPRESENTATION_CONTEXT() REPRESENTATION_CONTEXT('2D SPACE',''
  ) );
#5196 = ADVANCED_FACE('',(#5197),#4954,.T.);
#5197 = FACE_BOUND('',#5198,.T.);
#5198 = EDGE_LOOP('',(#5199,#5200,#5201,#5224));
#5199 = ORIENTED_EDGE('',*,*,#4940,.F.);
#5200 = ORIENTED_EDGE('',*,*,#4970,.T.);
#5201 = ORIENTED_EDGE('',*,*,#5202,.T.);
#5202 = EDGE_CURVE('',#4971,#5203,#5205,.T.);
#5203 = VERTEX_POINT('',#5204);
#5204 = CARTESIAN_POINT('',(-40.,35.550900827794,17.));
#5205 = SURFACE_CURVE('',#5206,(#5210,#5217),.PCURVE_S1.);
#5206 = LINE('',#5207,#5208);
#5207 = CARTESIAN_POINT('',(-40.,44.35,17.));
#5208 = VECTOR('',#5209,1.);
#5209 = DIRECTION('',(0.,-1.,0.));
#5210 = PCURVE('',#4954,#5211);
#5211 = DEFINITIONAL_REPRESENTATION('',(#5212),#5216);
#5212 = LINE('',#5213,#5214);
#5213 = CARTESIAN_POINT('',(1.570796326795,0.));
#5214 = VECTOR('',#5215,1.);
#5215 = DIRECTION('',(0.,1.));
#5216 = ( GEOMETRIC_REPRESENTATION_CONTEXT(2) 
PARAMETRIC_REPRESENTATION_CONTEXT() REPRESENTATION_CONTEXT('2D SPACE',''
  ) );
#5217 = PCURVE('',#5010,#5218);
#5218 = DEFINITIONAL_REPRESENTATION('',(#5219),#5223);
#5219 = LINE('',#5220,#5221);
#5220 = CARTESIAN_POINT('',(6.,0.));
#5221 = VECTOR('',#5222,1.);
#5222 = DIRECTION('',(0.,-1.));
#5223 = ( GEOMETRIC_REPRESENTATION_CONTEXT(2) 
PARAMETRIC_REPRESENTATION_CONTEXT() REPRESENTATION_CONTEXT('2D SPACE',''
  ) );
#5224 = ORIENTED_EDGE('',*,*,#5225,.T.);
#5225 = EDGE_CURVE('',#5203,#4918,#5226,.T.);
#5226 = SURFACE_CURVE('',#5227,(#5260,#5296),.PCURVE_S1.);
#5227 = B_SPLINE_CURVE_WITH_KNOTS('',7,(#5228,#5229,#5230,#5231,#5232,
    #5233,#5234,#5235,#5236,#5237,#5238,#5239,#5240,#5241,#5242,#5243,
    #5244,#5245,#5246,#5247,#5248,#5249,#5250,#5251,#5252,#5253,#5254,
    #5255,#5256,#5257,#5258,#5259),.UNSPECIFIED.,.F.,.F.,(8,6,6,6,6,8),(
    0.,0.179827365184,0.351516486621,0.609183124435,0.82654187768,1.),
  .UNSPECIFIED.);
#5228 = CARTESIAN_POINT('',(-40.,35.550900827794,17.));
#5229 = CARTESIAN_POINT('',(-40.,35.628481903186,16.712903429589));
#5230 = CARTESIAN_POINT('',(-40.0160263435,35.689756640118,
    16.417360047235));
#5231 = CARTESIAN_POINT('',(-40.049780411,35.732669422976,
    16.117732078402));
#5232 = CARTESIAN_POINT('',(-40.10183236823,35.75652492233,
    15.818517220932));
#5233 = CARTESIAN_POINT('',(-40.17153538891,35.761899536168,
    15.524208302798));
#5234 = CARTESIAN_POINT('',(-40.25693267993,35.750548916385,
    15.239198741007));
#5235 = CARTESIAN_POINT('',(-40.44795932498,35.701216382239,
    14.708554244116));
#5236 = CARTESIAN_POINT('',(-40.5527606645,35.664394700419,
    14.460991409971));
#5237 = CARTESIAN_POINT('',(-40.66752708833,35.616853360799,
    14.225302105776));
#5238 = CARTESIAN_POINT('',(-40.79082503144,35.560399683292,
    14.001569763861));
#5239 = CARTESIAN_POINT('',(-40.9213293285,35.496673124124,
    13.789741410182));
#5240 = CARTESIAN_POINT('',(-41.05782248027,35.42716539437,
    13.589659169553));
#5241 = CARTESIAN_POINT('',(-41.41133940293,35.24226728962,
    13.118080985835));
#5242 = CARTESIAN_POINT('',(-41.63556743135,35.120752836648,
    12.859523373605));
#5243 = CARTESIAN_POINT('',(-41.86928906129,34.992550966252,
    12.623772551339));
#5244 = CARTESIAN_POINT('',(-42.11084265035,34.860613899109,
    12.409093161294));
#5245 = CARTESIAN_POINT('',(-42.35940289388,34.727277171492,
    12.213824805081));
#5246 = CARTESIAN_POINT('',(-42.61487133057,34.59452723579,
    12.036560645135));
#5247 = CARTESIAN_POINT('',(-43.09966145022,34.354749982057,
    11.741148887686));
#5248 = CARTESIAN_POINT('',(-43.32658101617,34.247065795937,
    11.618237603438));
#5249 = CARTESIAN_POINT('',(-43.5585342446,34.142863269954,
    11.507193977726));
#5250 = CARTESIAN_POINT('',(-43.79546836204,34.04374711953,
    11.40788116832));
#5251 = CARTESIAN_POINT('',(-44.03738533591,33.951540290028,
    11.320310539471));
#5252 = CARTESIAN_POINT('',(-44.28438218408,33.86827136521,
    11.244625380046));
#5253 = CARTESIAN_POINT('',(-44.73802610521,33.738479421759,
    11.130543070797));
#5254 = CARTESIAN_POINT('',(-44.94338417803,33.687749090271,
    11.087541846841));
#5255 = CARTESIAN_POINT('',(-45.15162896073,33.645427941154,
    11.052760638067));
#5256 = CARTESIAN_POINT('',(-45.36193892686,33.612750309345,
    11.026483822465));
#5257 = CARTESIAN_POINT('',(-45.57372168226,33.590594048834,
    11.008860262359));
#5258 = CARTESIAN_POINT('',(-45.78653405084,33.579455265819,11.));
#5259 = CARTESIAN_POINT('',(-46.,33.579455265819,11.));
#5260 = PCURVE('',#4954,#5261);
#5261 = DEFINITIONAL_REPRESENTATION('',(#5262),#5295);
#5262 = B_SPLINE_CURVE_WITH_KNOTS('',7,(#5263,#5264,#5265,#5266,#5267,
    #5268,#5269,#5270,#5271,#5272,#5273,#5274,#5275,#5276,#5277,#5278,
    #5279,#5280,#5281,#5282,#5283,#5284,#5285,#5286,#5287,#5288,#5289,
    #5290,#5291,#5292,#5293,#5294),.UNSPECIFIED.,.F.,.F.,(8,6,6,6,6,8),(
    0.,0.179827365184,0.351516486621,0.609183124435,0.82654187768,1.),
  .UNSPECIFIED.);
#5263 = CARTESIAN_POINT('',(1.570796326795,8.799099172206));
#5264 = CARTESIAN_POINT('',(1.522946898393,8.721518096814));
#5265 = CARTESIAN_POINT('',(1.473689585397,8.660243359882));
#5266 = CARTESIAN_POINT('',(1.423572944887,8.617330577024));
#5267 = CARTESIAN_POINT('',(1.373119150121,8.59347507767));
#5268 = CARTESIAN_POINT('',(1.322850975769,8.588100463832));
#5269 = CARTESIAN_POINT('',(1.273336241135,8.599451083615));
#5270 = CARTESIAN_POINT('',(1.179339379308,8.648783617761));
#5271 = CARTESIAN_POINT('',(1.134601567889,8.685605299581));
#5272 = CARTESIAN_POINT('',(1.091005098089,8.733146639201));
#5273 = CARTESIAN_POINT('',(1.048522269799,8.789600316708));
#5274 = CARTESIAN_POINT('',(1.007128214308,8.853326875876));
#5275 = CARTESIAN_POINT('',(0.966800860256,8.92283460563));
#5276 = CARTESIAN_POINT('',(0.868572074312,9.10773271038));
#5277 = CARTESIAN_POINT('',(0.811675841711,9.229247163352));
#5278 = CARTESIAN_POINT('',(0.756537355432,9.357449033748));
#5279 = CARTESIAN_POINT('',(0.702861612359,9.489386100891));
#5280 = CARTESIAN_POINT('',(0.650329609258,9.622722828508));
#5281 = CARTESIAN_POINT('',(0.598596660491,9.75547276421));
#5282 = CARTESIAN_POINT('',(0.503979072487,9.995250017943));
#5283 = CARTESIAN_POINT('',(0.461023104401,10.102934204063));
#5284 = CARTESIAN_POINT('',(0.418247754901,10.207136730046));
#5285 = CARTESIAN_POINT('',(0.375524424569,10.30625288047));
#5286 = CARTESIAN_POINT('',(0.332730033374,10.398459709972));
#5287 = CARTESIAN_POINT('',(0.289730435014,10.48172863479));
#5288 = CARTESIAN_POINT('',(0.21176898078,10.611520578241));
#5289 = CARTESIAN_POINT('',(0.176828282219,10.662250909729));
#5290 = CARTESIAN_POINT('',(0.141687251654,10.704572058846));
#5291 = CARTESIAN_POINT('',(0.106417180927,10.737249690655));
#5292 = CARTESIAN_POINT('',(7.104634184572E-02,10.759405951166));
#5293 = CARTESIAN_POINT('',(3.557765819197E-02,10.770544734181));
#5294 = CARTESIAN_POINT('',(0.,10.770544734181));
#5295 = ( GEOMETRIC_REPRESENTATION_CONTEXT(2) 
PARAMETRIC_REPRESENTATION_CONTEXT() REPRESENTATION_CONTEXT('2D SPACE',''
  ) );
#5296 = PCURVE('',#4877,#5297);
#5297 = DEFINITIONAL_REPRESENTATION('',(#5298),#5331);
#5298 = B_SPLINE_CURVE_WITH_KNOTS('',7,(#5299,#5300,#5301,#5302,#5303,
    #5304,#5305,#5306,#5307,#5308,#5309,#5310,#5311,#5312,#5313,#5314,
    #5315,#5316,#5317,#5318,#5319,#5320,#5321,#5322,#5323,#5324,#5325,
    #5326,#5327,#5328,#5329,#5330),.UNSPECIFIED.,.F.,.F.,(8,6,6,6,6,8),(
    0.,0.179827365184,0.351516486621,0.609183124435,0.82654187768,1.),
  .UNSPECIFIED.);
#5299 = CARTESIAN_POINT('',(4.448466132255,0.5));
#5300 = CARTESIAN_POINT('',(4.500186849183,0.5));
#5301 = CARTESIAN_POINT('',(4.552586003181,0.516026343503));
#5302 = CARTESIAN_POINT('',(4.605063458229,0.549780411));
#5303 = CARTESIAN_POINT('',(4.657086293563,0.601832368231));
#5304 = CARTESIAN_POINT('',(4.708137986806,0.671535388915));
#5305 = CARTESIAN_POINT('',(4.757674851262,0.756932679939));
#5306 = CARTESIAN_POINT('',(4.85035880207,0.94795932498));
#5307 = CARTESIAN_POINT('',(4.893821163012,1.052760664502));
#5308 = CARTESIAN_POINT('',(4.935551383076,1.167527088335));
#5309 = CARTESIAN_POINT('',(4.975603453323,1.290825031447));
#5310 = CARTESIAN_POINT('',(5.014017959246,1.421329328505));
#5311 = CARTESIAN_POINT('',(5.05082635868,1.557822480272));
#5312 = CARTESIAN_POINT('',(5.138918644453,1.911339402931));
#5313 = CARTESIAN_POINT('',(5.18849647611,2.135567431355));
#5314 = CARTESIAN_POINT('',(5.23504735347,2.369289061294));
#5315 = CARTESIAN_POINT('',(5.278771618767,2.610842650357));
#5316 = CARTESIAN_POINT('',(5.31982834988,2.859402893882));
#5317 = CARTESIAN_POINT('',(5.358314014447,3.114871330578));
#5318 = CARTESIAN_POINT('',(5.424483582458,3.599661450227));
#5319 = CARTESIAN_POINT('',(5.452882782128,3.826581016177));
#5320 = CARTESIAN_POINT('',(5.47934287201,4.058534244602));
#5321 = CARTESIAN_POINT('',(5.50372752746,4.295468362049));
#5322 = CARTESIAN_POINT('',(5.525834008509,4.53738533591));
#5323 = CARTESIAN_POINT('',(5.545400988476,4.784382184081));
#5324 = CARTESIAN_POINT('',(5.575453606161,5.238026105216));
#5325 = CARTESIAN_POINT('',(5.587017463673,5.443384178035));
#5326 = CARTESIAN_POINT('',(5.596543178186,5.651628960735));
#5327 = CARTESIAN_POINT('',(5.603835437825,5.861938926861));
#5328 = CARTESIAN_POINT('',(5.608759154984,6.073721682261));
#5329 = CARTESIAN_POINT('',(5.611234410684,6.286534050848));
#5330 = CARTESIAN_POINT('',(5.611234410684,6.5));
#5331 = ( GEOMETRIC_REPRESENTATION_CONTEXT(2) 
PARAMETRIC_REPRESENTATION_CONTEXT() REPRESENTATION_CONTEXT('2D SPACE',''
  ) );
#5332 = ADVANCED_FACE('',(#5333),#4877,.F.);
#5333 = FACE_BOUND('',#5334,.F.);
#5334 = EDGE_LOOP('',(#5335,#5357,#5358,#5486,#5508,#5509));
#5335 = ORIENTED_EDGE('',*,*,#5336,.F.);
#5336 = EDGE_CURVE('',#4862,#4890,#5337,.T.);
#5337 = SURFACE_CURVE('',#5338,(#5343,#5350),.PCURVE_S1.);
#5338 = CIRCLE('',#5339,5.75);
#5339 = AXIS2_PLACEMENT_3D('',#5340,#5341,#5342);
#5340 = CARTESIAN_POINT('',(-49.,30.,15.5));
#5341 = DIRECTION('',(-1.,0.,0.));
#5342 = DIRECTION('',(0.,0.,-1.));
#5343 = PCURVE('',#4877,#5344);
#5344 = DEFINITIONAL_REPRESENTATION('',(#5345),#5349);
#5345 = LINE('',#5346,#5347);
#5346 = CARTESIAN_POINT('',(0.,9.5));
#5347 = VECTOR('',#5348,1.);
#5348 = DIRECTION('',(1.,0.));
#5349 = ( GEOMETRIC_REPRESENTATION_CONTEXT(2) 
PARAMETRIC_REPRESENTATION_CONTEXT() REPRESENTATION_CONTEXT('2D SPACE',''
  ) );
#5350 = PCURVE('',#4905,#5351);
#5351 = DEFINITIONAL_REPRESENTATION('',(#5352),#5356);
#5352 = CIRCLE('',#5353,5.75);
#5353 = AXIS2_PLACEMENT_2D('',#5354,#5355);
#5354 = CARTESIAN_POINT('',(0.,0.));
#5355 = DIRECTION('',(1.,0.));
#5356 = ( GEOMETRIC_REPRESENTATION_CONTEXT(2) 
PARAMETRIC_REPRESENTATION_CONTEXT() REPRESENTATION_CONTEXT('2D SPACE',''
  ) );
#5357 = ORIENTED_EDGE('',*,*,#4861,.F.);
#5358 = ORIENTED_EDGE('',*,*,#5359,.T.);
#5359 = EDGE_CURVE('',#4834,#5360,#5362,.T.);
#5360 = VERTEX_POINT('',#5361);
#5361 = CARTESIAN_POINT('',(-40.,24.449099172206,17.));
#5362 = SURFACE_CURVE('',#5363,(#5402,#5444),.PCURVE_S1.);
#5363 = B_SPLINE_CURVE_WITH_KNOTS('',7,(#5364,#5365,#5366,#5367,#5368,
    #5369,#5370,#5371,#5372,#5373,#5374,#5375,#5376,#5377,#5378,#5379,
    #5380,#5381,#5382,#5383,#5384,#5385,#5386,#5387,#5388,#5389,#5390,
    #5391,#5392,#5393,#5394,#5395,#5396,#5397,#5398,#5399,#5400,#5401),
  .UNSPECIFIED.,.F.,.F.,(8,6,6,6,6,6,8),(0.,0.170268649692,
    0.392056660366,0.649287491224,0.744809017784,0.930344395873,1.),
  .UNSPECIFIED.);
#5364 = CARTESIAN_POINT('',(-46.,26.420544734181,11.));
#5365 = CARTESIAN_POINT('',(-45.79055221659,26.420544734181,11.));
#5366 = CARTESIAN_POINT('',(-45.58173178528,26.409821333608,
    11.008529853139));
#5367 = CARTESIAN_POINT('',(-45.37390240803,26.38848882265,
    11.02549817362));
#5368 = CARTESIAN_POINT('',(-45.16748614695,26.357011384503,
    11.050799573314));
#5369 = CARTESIAN_POINT('',(-44.96303889023,26.316207444424,
    11.084292421651));
#5370 = CARTESIAN_POINT('',(-44.76132355891,26.267225625567,
    11.125713254181));
#5371 = CARTESIAN_POINT('',(-44.30554571998,26.138895384054,
    11.238112568635));
#5372 = CARTESIAN_POINT('',(-44.05323123634,26.054594948078,
    11.314459661817));
#5373 = CARTESIAN_POINT('',(-43.80619362257,25.960871857134,
    11.403185952828));
#5374 = CARTESIAN_POINT('',(-43.56433195766,25.859889235688,
    11.504134898019));
#5375 = CARTESIAN_POINT('',(-43.3276512734,25.753590292948,
    11.617289133911));
#5376 = CARTESIAN_POINT('',(-43.09621631175,25.643681998693,
    11.742787261247));
#5377 = CARTESIAN_POINT('',(-42.60784086225,25.401832705425,
    12.041396675686));
#5378 = CARTESIAN_POINT('',(-42.35305081448,25.269333141347,
    12.218719285987));
#5379 = CARTESIAN_POINT('',(-42.10514576442,25.136289920856,
    12.413995093698));
#5380 = CARTESIAN_POINT('',(-41.86422952307,25.004678636667,
    12.628629178599));
#5381 = CARTESIAN_POINT('',(-41.63113014598,24.876825864952,
    12.864276458293));
#5382 = CARTESIAN_POINT('',(-41.40750795113,24.755673482109,
    13.122664286708));
#5383 = CARTESIAN_POINT('',(-41.11737072654,24.60400092825,
    13.510425623358));
#5384 = CARTESIAN_POINT('',(-41.04041464622,24.564357479842,
    13.618857284813));
#5385 = CARTESIAN_POINT('',(-40.96521099099,24.526346149466,
    13.730801970408));
#5386 = CARTESIAN_POINT('',(-40.89192249233,24.490190305884,
    13.846335164676));
#5387 = CARTESIAN_POINT('',(-40.82073129095,24.456133623753,
    13.96552438415));
#5388 = CARTESIAN_POINT('',(-40.7518380946,24.424441298591,
    14.088428667358));
#5389 = CARTESIAN_POINT('',(-40.55653503579,24.33899560731,
    14.461133229805));
#5390 = CARTESIAN_POINT('',(-40.43575986844,24.292008716431,
    14.723935708174));
#5391 = CARTESIAN_POINT('',(-40.32679014381,24.257671219965,
    15.001168342212));
#5392 = CARTESIAN_POINT('',(-40.23241771618,24.238723647395,
    15.290294443005));
#5393 = CARTESIAN_POINT('',(-40.15466555199,24.237339850019,
    15.588560179884));
#5394 = CARTESIAN_POINT('',(-40.0948300974,24.255077984477,
    15.89303985604));
#5395 = CARTESIAN_POINT('',(-40.03794552923,24.307043216125,
    16.316265558183));
#5396 = CARTESIAN_POINT('',(-40.02508535384,24.323995489213,
    16.431778107167));
#5397 = CARTESIAN_POINT('',(-40.01489743161,24.343711493466,
    16.547017580738));
#5398 = CARTESIAN_POINT('',(-40.00735872894,24.366158070194,
    16.661720599134));
#5399 = CARTESIAN_POINT('',(-40.00241864657,24.391272387661,
    16.775625088059));
#5400 = CARTESIAN_POINT('',(-40.,24.418961044346,16.888470827409));
#5401 = CARTESIAN_POINT('',(-40.,24.449099172206,17.));
#5402 = PCURVE('',#4877,#5403);
#5403 = DEFINITIONAL_REPRESENTATION('',(#5404),#5443);
#5404 = B_SPLINE_CURVE_WITH_KNOTS('',7,(#5405,#5406,#5407,#5408,#5409,
    #5410,#5411,#5412,#5413,#5414,#5415,#5416,#5417,#5418,#5419,#5420,
    #5421,#5422,#5423,#5424,#5425,#5426,#5427,#5428,#5429,#5430,#5431,
    #5432,#5433,#5434,#5435,#5436,#5437,#5438,#5439,#5440,#5441,#5442),
  .UNSPECIFIED.,.F.,.F.,(8,6,6,6,6,6,8),(0.,0.170268649692,
    0.392056660366,0.649287491224,0.744809017784,0.930344395873,1.),
  .UNSPECIFIED.);
#5405 = CARTESIAN_POINT('',(0.671950896496,6.5));
#5406 = CARTESIAN_POINT('',(0.671950896496,6.290552216594));
#5407 = CARTESIAN_POINT('',(0.674333849268,6.081731785285));
#5408 = CARTESIAN_POINT('',(0.679074494187,5.873902408035));
#5409 = CARTESIAN_POINT('',(0.686097822061,5.667486146957));
#5410 = CARTESIAN_POINT('',(0.695277548238,5.463038890234));
#5411 = CARTESIAN_POINT('',(0.706431915077,5.261323558912));
#5412 = CARTESIAN_POINT('',(0.736100408241,4.805545719987));
#5413 = CARTESIAN_POINT('',(0.755877591216,4.553231236343));
#5414 = CARTESIAN_POINT('',(0.778313407595,4.306193622575));
#5415 = CARTESIAN_POINT('',(0.803127893391,4.064331957668));
#5416 = CARTESIAN_POINT('',(0.830103678478,3.827651273404));
#5417 = CARTESIAN_POINT('',(0.859094795261,3.596216311753));
#5418 = CARTESIAN_POINT('',(0.925923281098,3.107840862256));
#5419 = CARTESIAN_POINT('',(0.964391007922,2.853050814482));
#5420 = CARTESIAN_POINT('',(1.005420153268,2.605145764429));
#5421 = CARTESIAN_POINT('',(1.049108300365,2.364229523076));
#5422 = CARTESIAN_POINT('',(1.095614728291,2.131130145986));
#5423 = CARTESIAN_POINT('',(1.1451394652,1.907507951132));
#5424 = CARTESIAN_POINT('',(1.217551522347,1.617370726548));
#5425 = CARTESIAN_POINT('',(1.237625006152,1.540414646228));
#5426 = CARTESIAN_POINT('',(1.258176419796,1.46521099099));
#5427 = CARTESIAN_POINT('',(1.279218733121,1.391922492336));
#5428 = CARTESIAN_POINT('',(1.300765499296,1.320731290955));
#5429 = CARTESIAN_POINT('',(1.322831316934,1.251838094602));
#5430 = CARTESIAN_POINT('',(1.389331093252,1.056535035798));
#5431 = CARTESIAN_POINT('',(1.435706221757,0.935759868443));
#5432 = CARTESIAN_POINT('',(1.484173814406,0.826790143817));
#5433 = CARTESIAN_POINT('',(1.53440648913,0.732417716181));
#5434 = CARTESIAN_POINT('',(1.586118605446,0.654665551997));
#5435 = CARTESIAN_POINT('',(1.639052908801,0.594830097403));
#5436 = CARTESIAN_POINT('',(1.713210128036,0.537945529236));
#5437 = CARTESIAN_POINT('',(1.733508826608,0.525085353841));
#5438 = CARTESIAN_POINT('',(1.753832500663,0.514897431616));
#5439 = CARTESIAN_POINT('',(1.774148886814,0.507358728949));
#5440 = CARTESIAN_POINT('',(1.794425094742,0.502418646571));
#5441 = CARTESIAN_POINT('',(1.814627089685,0.5));
#5442 = CARTESIAN_POINT('',(1.834719174925,0.5));
#5443 = ( GEOMETRIC_REPRESENTATION_CONTEXT(2) 
PARAMETRIC_REPRESENTATION_CONTEXT() REPRESENTATION_CONTEXT('2D SPACE',''
  ) );
#5444 = PCURVE('',#4849,#5445);
#5445 = DEFINITIONAL_REPRESENTATION('',(#5446),#5485);
#5446 = B_SPLINE_CURVE_WITH_KNOTS('',7,(#5447,#5448,#5449,#5450,#5451,
    #5452,#5453,#5454,#5455,#5456,#5457,#5458,#5459,#5460,#5461,#5462,
    #5463,#5464,#5465,#5466,#5467,#5468,#5469,#5470,#5471,#5472,#5473,
    #5474,#5475,#5476,#5477,#5478,#5479,#5480,#5481,#5482,#5483,#5484),
  .UNSPECIFIED.,.F.,.F.,(8,6,6,6,6,6,8),(0.,0.170268649692,
    0.392056660366,0.649287491224,0.744809017784,0.930344395873,1.),
  .UNSPECIFIED.);
#5447 = CARTESIAN_POINT('',(0.,17.929455265819));
#5448 = CARTESIAN_POINT('',(3.490796390097E-02,17.929455265819));
#5449 = CARTESIAN_POINT('',(6.97113289944E-02,17.940178666392));
#5450 = CARTESIAN_POINT('',(0.104419177944,17.96151117735));
#5451 = CARTESIAN_POINT('',(0.139028251646,17.992988615497));
#5452 = CARTESIAN_POINT('',(0.17351241468,18.033792555576));
#5453 = CARTESIAN_POINT('',(0.207806626444,18.082774374433));
#5454 = CARTESIAN_POINT('',(0.286045407028,18.211104615946));
#5455 = CARTESIAN_POINT('',(0.329921413767,18.295405051922));
#5456 = CARTESIAN_POINT('',(0.373578704331,18.389128142866));
#5457 = CARTESIAN_POINT('',(0.417159162108,18.490110764312));
#5458 = CARTESIAN_POINT('',(0.46079184838,18.596409707052));
#5459 = CARTESIAN_POINT('',(0.50461144085,18.706318001307));
#5460 = CARTESIAN_POINT('',(0.600016740328,18.948167294575));
#5461 = CARTESIAN_POINT('',(0.651662893056,19.080666858653));
#5462 = CARTESIAN_POINT('',(0.704110568854,19.213710079144));
#5463 = CARTESIAN_POINT('',(0.757702788443,19.345321363333));
#5464 = CARTESIAN_POINT('',(0.812756892068,19.473174135048));
#5465 = CARTESIAN_POINT('',(0.869566290476,19.594326517891));
#5466 = CARTESIAN_POINT('',(0.950281575978,19.74599907175));
#5467 = CARTESIAN_POINT('',(0.972435379975,19.785642520158));
#5468 = CARTESIAN_POINT('',(0.994900066188,19.823653850534));
#5469 = CARTESIAN_POINT('',(1.017688590479,19.859809694116));
#5470 = CARTESIAN_POINT('',(1.040813374295,19.893866376247));
#5471 = CARTESIAN_POINT('',(1.064286719726,19.925558701409));
#5472 = CARTESIAN_POINT('',(1.134415960664,20.01100439269));
#5473 = CARTESIAN_POINT('',(1.18255544813,20.057991283569));
#5474 = CARTESIAN_POINT('',(1.232073919879,20.092328780035));
#5475 = CARTESIAN_POINT('',(1.28260142445,20.111276352605));
#5476 = CARTESIAN_POINT('',(1.33382187683,20.112660149981));
#5477 = CARTESIAN_POINT('',(1.385444672586,20.094922015523));
#5478 = CARTESIAN_POINT('',(1.456616578921,20.042956783875));
#5479 = CARTESIAN_POINT('',(1.475982604131,20.026004510787));
#5480 = CARTESIAN_POINT('',(1.495256183993,20.006288506534));
#5481 = CARTESIAN_POINT('',(1.514405941958,19.983841929806));
#5482 = CARTESIAN_POINT('',(1.533400505768,19.958727612339));
#5483 = CARTESIAN_POINT('',(1.552208131363,19.931038955654));
#5484 = CARTESIAN_POINT('',(1.570796326795,19.900900827794));
#5485 = ( GEOMETRIC_REPRESENTATION_CONTEXT(2) 
PARAMETRIC_REPRESENTATION_CONTEXT() REPRESENTATION_CONTEXT('2D SPACE',''
  ) );
#5486 = ORIENTED_EDGE('',*,*,#5487,.T.);
#5487 = EDGE_CURVE('',#5360,#5203,#5488,.T.);
#5488 = SURFACE_CURVE('',#5489,(#5494,#5501),.PCURVE_S1.);
#5489 = CIRCLE('',#5490,5.75);
#5490 = AXIS2_PLACEMENT_3D('',#5491,#5492,#5493);
#5491 = CARTESIAN_POINT('',(-40.,30.,15.5));
#5492 = DIRECTION('',(-1.,0.,0.));
#5493 = DIRECTION('',(0.,0.,-1.));
#5494 = PCURVE('',#4877,#5495);
#5495 = DEFINITIONAL_REPRESENTATION('',(#5496),#5500);
#5496 = LINE('',#5497,#5498);
#5497 = CARTESIAN_POINT('',(0.,0.5));
#5498 = VECTOR('',#5499,1.);
#5499 = DIRECTION('',(1.,0.));
#5500 = ( GEOMETRIC_REPRESENTATION_CONTEXT(2) 
PARAMETRIC_REPRESENTATION_CONTEXT() REPRESENTATION_CONTEXT('2D SPACE',''
  ) );
#5501 = PCURVE('',#5010,#5502);
#5502 = DEFINITIONAL_REPRESENTATION('',(#5503),#5507);
#5503 = CIRCLE('',#5504,5.75);
#5504 = AXIS2_PLACEMENT_2D('',#5505,#5506);
#5505 = CARTESIAN_POINT('',(4.5,-14.35));
#5506 = DIRECTION('',(-1.,0.));
#5507 = ( GEOMETRIC_REPRESENTATION_CONTEXT(2) 
PARAMETRIC_REPRESENTATION_CONTEXT() REPRESENTATION_CONTEXT('2D SPACE',''
  ) );
#5508 = ORIENTED_EDGE('',*,*,#5225,.T.);
#5509 = ORIENTED_EDGE('',*,*,#4917,.T.);
#5510 = ADVANCED_FACE('',(#5511,#5515),#4905,.F.);
#5511 = FACE_BOUND('',#5512,.F.);
#5512 = EDGE_LOOP('',(#5513,#5514));
#5513 = ORIENTED_EDGE('',*,*,#4889,.T.);
#5514 = ORIENTED_EDGE('',*,*,#5336,.T.);
#5515 = FACE_BOUND('',#5516,.F.);
#5516 = EDGE_LOOP('',(#5517));
#5517 = ORIENTED_EDGE('',*,*,#5518,.T.);
#5518 = EDGE_CURVE('',#5519,#5519,#5521,.T.);
#5519 = VERTEX_POINT('',#5520);
#5520 = CARTESIAN_POINT('',(-49.,30.,17.2));
#5521 = SURFACE_CURVE('',#5522,(#5527,#5538),.PCURVE_S1.);
#5522 = CIRCLE('',#5523,1.7);
#5523 = AXIS2_PLACEMENT_3D('',#5524,#5525,#5526);
#5524 = CARTESIAN_POINT('',(-49.,30.,15.5));
#5525 = DIRECTION('',(1.,0.,0.));
#5526 = DIRECTION('',(-0.,0.,1.));
#5527 = PCURVE('',#4905,#5528);
#5528 = DEFINITIONAL_REPRESENTATION('',(#5529),#5537);
#5529 = ( BOUNDED_CURVE() B_SPLINE_CURVE(2,(#5530,#5531,#5532,#5533,
#5534,#5535,#5536),.UNSPECIFIED.,.T.,.F.) B_SPLINE_CURVE_WITH_KNOTS((1,2
    ,2,2,2,1),(-2.094395102393,0.,2.094395102393,4.188790204786,
6.28318530718,8.377580409573),.UNSPECIFIED.) CURVE() 
GEOMETRIC_REPRESENTATION_ITEM() RATIONAL_B_SPLINE_CURVE((1.,0.5,1.,0.5,
1.,0.5,1.)) REPRESENTATION_ITEM('') );
#5530 = CARTESIAN_POINT('',(-1.7,0.));
#5531 = CARTESIAN_POINT('',(-1.7,2.944486372867));
#5532 = CARTESIAN_POINT('',(0.85,1.472243186434));
#5533 = CARTESIAN_POINT('',(3.4,4.163799117101E-16));
#5534 = CARTESIAN_POINT('',(0.85,-1.472243186434));
#5535 = CARTESIAN_POINT('',(-1.7,-2.944486372867));
#5536 = CARTESIAN_POINT('',(-1.7,0.));
#5537 = ( GEOMETRIC_REPRESENTATION_CONTEXT(2) 
PARAMETRIC_REPRESENTATION_CONTEXT() REPRESENTATION_CONTEXT('2D SPACE',''
  ) );
#5538 = PCURVE('',#5539,#5544);
#5539 = CYLINDRICAL_SURFACE('',#5540,1.7);
#5540 = AXIS2_PLACEMENT_3D('',#5541,#5542,#5543);
#5541 = CARTESIAN_POINT('',(-59.,30.,15.5));
#5542 = DIRECTION('',(1.,0.,0.));
#5543 = DIRECTION('',(-0.,0.,1.));
#5544 = DEFINITIONAL_REPRESENTATION('',(#5545),#5549);
#5545 = LINE('',#5546,#5547);
#5546 = CARTESIAN_POINT('',(0.,10.));
#5547 = VECTOR('',#5548,1.);
#5548 = DIRECTION('',(1.,0.));
#5549 = ( GEOMETRIC_REPRESENTATION_CONTEXT(2) 
PARAMETRIC_REPRESENTATION_CONTEXT() REPRESENTATION_CONTEXT('2D SPACE',''
  ) );
#5550 = ADVANCED_FACE('',(#5551),#4849,.T.);
#5551 = FACE_BOUND('',#5552,.T.);
#5552 = EDGE_LOOP('',(#5553,#5554,#5555,#5578));
#5553 = ORIENTED_EDGE('',*,*,#4833,.F.);
#5554 = ORIENTED_EDGE('',*,*,#5359,.T.);
#5555 = ORIENTED_EDGE('',*,*,#5556,.T.);
#5556 = EDGE_CURVE('',#5360,#5557,#5559,.T.);
#5557 = VERTEX_POINT('',#5558);
#5558 = CARTESIAN_POINT('',(-40.,15.65,17.));
#5559 = SURFACE_CURVE('',#5560,(#5564,#5571),.PCURVE_S1.);
#5560 = LINE('',#5561,#5562);
#5561 = CARTESIAN_POINT('',(-40.,44.35,17.));
#5562 = VECTOR('',#5563,1.);
#5563 = DIRECTION('',(0.,-1.,0.));
#5564 = PCURVE('',#4849,#5565);
#5565 = DEFINITIONAL_REPRESENTATION('',(#5566),#5570);
#5566 = LINE('',#5567,#5568);
#5567 = CARTESIAN_POINT('',(1.570796326795,0.));
#5568 = VECTOR('',#5569,1.);
#5569 = DIRECTION('',(0.,1.));
#5570 = ( GEOMETRIC_REPRESENTATION_CONTEXT(2) 
PARAMETRIC_REPRESENTATION_CONTEXT() REPRESENTATION_CONTEXT('2D SPACE',''
  ) );
#5571 = PCURVE('',#5010,#5572);
#5572 = DEFINITIONAL_REPRESENTATION('',(#5573),#5577);
#5573 = LINE('',#5574,#5575);
#5574 = CARTESIAN_POINT('',(6.,0.));
#5575 = VECTOR('',#5576,1.);
#5576 = DIRECTION('',(0.,-1.));
#5577 = ( GEOMETRIC_REPRESENTATION_CONTEXT(2) 
PARAMETRIC_REPRESENTATION_CONTEXT() REPRESENTATION_CONTEXT('2D SPACE',''
  ) );
#5578 = ORIENTED_EDGE('',*,*,#5579,.F.);
#5579 = EDGE_CURVE('',#4806,#5557,#5580,.T.);
#5580 = SURFACE_CURVE('',#5581,(#5586,#5593),.PCURVE_S1.);
#5581 = CIRCLE('',#5582,6.);
#5582 = AXIS2_PLACEMENT_3D('',#5583,#5584,#5585);
#5583 = CARTESIAN_POINT('',(-46.,15.65,17.));
#5584 = DIRECTION('',(0.,-1.,0.));
#5585 = DIRECTION('',(0.,-0.,-1.));
#5586 = PCURVE('',#4849,#5587);
#5587 = DEFINITIONAL_REPRESENTATION('',(#5588),#5592);
#5588 = LINE('',#5589,#5590);
#5589 = CARTESIAN_POINT('',(0.,28.7));
#5590 = VECTOR('',#5591,1.);
#5591 = DIRECTION('',(1.,0.));
#5592 = ( GEOMETRIC_REPRESENTATION_CONTEXT(2) 
PARAMETRIC_REPRESENTATION_CONTEXT() REPRESENTATION_CONTEXT('2D SPACE',''
  ) );
#5593 = PCURVE('',#4821,#5594);
#5594 = DEFINITIONAL_REPRESENTATION('',(#5595),#5599);
#5595 = CIRCLE('',#5596,6.);
#5596 = AXIS2_PLACEMENT_2D('',#5597,#5598);
#5597 = CARTESIAN_POINT('',(10.5,3.));
#5598 = DIRECTION('',(1.,0.));
#5599 = ( GEOMETRIC_REPRESENTATION_CONTEXT(2) 
PARAMETRIC_REPRESENTATION_CONTEXT() REPRESENTATION_CONTEXT('2D SPACE',''
  ) );
#5600 = ADVANCED_FACE('',(#5601,#5763),#4821,.T.);
#5601 = FACE_BOUND('',#5602,.T.);
#5602 = EDGE_LOOP('',(#5603,#5604,#5605,#5628,#5657,#5685,#5714,#5737));
#5603 = ORIENTED_EDGE('',*,*,#4805,.T.);
#5604 = ORIENTED_EDGE('',*,*,#5579,.T.);
#5605 = ORIENTED_EDGE('',*,*,#5606,.T.);
#5606 = EDGE_CURVE('',#5557,#5607,#5609,.T.);
#5607 = VERTEX_POINT('',#5608);
#5608 = CARTESIAN_POINT('',(-40.,15.65,38.));
#5609 = SURFACE_CURVE('',#5610,(#5614,#5621),.PCURVE_S1.);
#5610 = LINE('',#5611,#5612);
#5611 = CARTESIAN_POINT('',(-40.,15.65,11.));
#5612 = VECTOR('',#5613,1.);
#5613 = DIRECTION('',(0.,0.,1.));
#5614 = PCURVE('',#4821,#5615);
#5615 = DEFINITIONAL_REPRESENTATION('',(#5616),#5620);
#5616 = LINE('',#5617,#5618);
#5617 = CARTESIAN_POINT('',(16.5,9.));
#5618 = VECTOR('',#5619,1.);
#5619 = DIRECTION('',(-1.,0.));
#5620 = ( GEOMETRIC_REPRESENTATION_CONTEXT(2) 
PARAMETRIC_REPRESENTATION_CONTEXT() REPRESENTATION_CONTEXT('2D SPACE',''
  ) );
#5621 = PCURVE('',#5010,#5622);
#5622 = DEFINITIONAL_REPRESENTATION('',(#5623),#5627);
#5623 = LINE('',#5624,#5625);
#5624 = CARTESIAN_POINT('',(0.,-28.7));
#5625 = VECTOR('',#5626,1.);
#5626 = DIRECTION('',(1.,0.));
#5627 = ( GEOMETRIC_REPRESENTATION_CONTEXT(2) 
PARAMETRIC_REPRESENTATION_CONTEXT() REPRESENTATION_CONTEXT('2D SPACE',''
  ) );
#5628 = ORIENTED_EDGE('',*,*,#5629,.T.);
#5629 = EDGE_CURVE('',#5607,#5630,#5632,.T.);
#5630 = VERTEX_POINT('',#5631);
#5631 = CARTESIAN_POINT('',(-46.,15.65,44.));
#5632 = SURFACE_CURVE('',#5633,(#5638,#5645),.PCURVE_S1.);
#5633 = CIRCLE('',#5634,6.);
#5634 = AXIS2_PLACEMENT_3D('',#5635,#5636,#5637);
#5635 = CARTESIAN_POINT('',(-46.,15.65,38.));
#5636 = DIRECTION('',(0.,-1.,0.));
#5637 = DIRECTION('',(0.,-0.,-1.));
#5638 = PCURVE('',#4821,#5639);
#5639 = DEFINITIONAL_REPRESENTATION('',(#5640),#5644);
#5640 = CIRCLE('',#5641,6.);
#5641 = AXIS2_PLACEMENT_2D('',#5642,#5643);
#5642 = CARTESIAN_POINT('',(-10.5,3.));
#5643 = DIRECTION('',(1.,0.));
#5644 = ( GEOMETRIC_REPRESENTATION_CONTEXT(2) 
PARAMETRIC_REPRESENTATION_CONTEXT() REPRESENTATION_CONTEXT('2D SPACE',''
  ) );
#5645 = PCURVE('',#5646,#5651);
#5646 = CYLINDRICAL_SURFACE('',#5647,6.);
#5647 = AXIS2_PLACEMENT_3D('',#5648,#5649,#5650);
#5648 = CARTESIAN_POINT('',(-46.,44.35,38.));
#5649 = DIRECTION('',(0.,-1.,0.));
#5650 = DIRECTION('',(1.,0.,-0.));
#5651 = DEFINITIONAL_REPRESENTATION('',(#5652),#5656);
#5652 = LINE('',#5653,#5654);
#5653 = CARTESIAN_POINT('',(-1.570796326795,28.7));
#5654 = VECTOR('',#5655,1.);
#5655 = DIRECTION('',(1.,0.));
#5656 = ( GEOMETRIC_REPRESENTATION_CONTEXT(2) 
PARAMETRIC_REPRESENTATION_CONTEXT() REPRESENTATION_CONTEXT('2D SPACE',''
  ) );
#5657 = ORIENTED_EDGE('',*,*,#5658,.T.);
#5658 = EDGE_CURVE('',#5630,#5659,#5661,.T.);
#5659 = VERTEX_POINT('',#5660);
#5660 = CARTESIAN_POINT('',(-52.,15.65,44.));
#5661 = SURFACE_CURVE('',#5662,(#5666,#5673),.PCURVE_S1.);
#5662 = LINE('',#5663,#5664);
#5663 = CARTESIAN_POINT('',(-40.,15.65,44.));
#5664 = VECTOR('',#5665,1.);
#5665 = DIRECTION('',(-1.,0.,0.));
#5666 = PCURVE('',#4821,#5667);
#5667 = DEFINITIONAL_REPRESENTATION('',(#5668),#5672);
#5668 = LINE('',#5669,#5670);
#5669 = CARTESIAN_POINT('',(-16.5,9.));
#5670 = VECTOR('',#5671,1.);
#5671 = DIRECTION('',(0.,-1.));
#5672 = ( GEOMETRIC_REPRESENTATION_CONTEXT(2) 
PARAMETRIC_REPRESENTATION_CONTEXT() REPRESENTATION_CONTEXT('2D SPACE',''
  ) );
#5673 = PCURVE('',#5674,#5679);
#5674 = PLANE('',#5675);
#5675 = AXIS2_PLACEMENT_3D('',#5676,#5677,#5678);
#5676 = CARTESIAN_POINT('',(-40.,44.35,44.));
#5677 = DIRECTION('',(-0.,-0.,-1.));
#5678 = DIRECTION('',(-1.,0.,0.));
#5679 = DEFINITIONAL_REPRESENTATION('',(#5680),#5684);
#5680 = LINE('',#5681,#5682);
#5681 = CARTESIAN_POINT('',(0.,-28.7));
#5682 = VECTOR('',#5683,1.);
#5683 = DIRECTION('',(1.,0.));
#5684 = ( GEOMETRIC_REPRESENTATION_CONTEXT(2) 
PARAMETRIC_REPRESENTATION_CONTEXT() REPRESENTATION_CONTEXT('2D SPACE',''
  ) );
#5685 = ORIENTED_EDGE('',*,*,#5686,.T.);
#5686 = EDGE_CURVE('',#5659,#5687,#5689,.T.);
#5687 = VERTEX_POINT('',#5688);
#5688 = CARTESIAN_POINT('',(-58.,15.65,38.));
#5689 = SURFACE_CURVE('',#5690,(#5695,#5702),.PCURVE_S1.);
#5690 = CIRCLE('',#5691,6.);
#5691 = AXIS2_PLACEMENT_3D('',#5692,#5693,#5694);
#5692 = CARTESIAN_POINT('',(-52.,15.65,38.));
#5693 = DIRECTION('',(0.,-1.,0.));
#5694 = DIRECTION('',(0.,-0.,-1.));
#5695 = PCURVE('',#4821,#5696);
#5696 = DEFINITIONAL_REPRESENTATION('',(#5697),#5701);
#5697 = CIRCLE('',#5698,6.);
#5698 = AXIS2_PLACEMENT_2D('',#5699,#5700);
#5699 = CARTESIAN_POINT('',(-10.5,-3.));
#5700 = DIRECTION('',(1.,0.));
#5701 = ( GEOMETRIC_REPRESENTATION_CONTEXT(2) 
PARAMETRIC_REPRESENTATION_CONTEXT() REPRESENTATION_CONTEXT('2D SPACE',''
  ) );
#5702 = PCURVE('',#5703,#5708);
#5703 = CYLINDRICAL_SURFACE('',#5704,6.);
#5704 = AXIS2_PLACEMENT_3D('',#5705,#5706,#5707);
#5705 = CARTESIAN_POINT('',(-52.,44.35,38.));
#5706 = DIRECTION('',(0.,-1.,0.));
#5707 = DIRECTION('',(-0.,0.,1.));
#5708 = DEFINITIONAL_REPRESENTATION('',(#5709),#5713);
#5709 = LINE('',#5710,#5711);
#5710 = CARTESIAN_POINT('',(-3.14159265359,28.7));
#5711 = VECTOR('',#5712,1.);
#5712 = DIRECTION('',(1.,0.));
#5713 = ( GEOMETRIC_REPRESENTATION_CONTEXT(2) 
PARAMETRIC_REPRESENTATION_CONTEXT() REPRESENTATION_CONTEXT('2D SPACE',''
  ) );
#5714 = ORIENTED_EDGE('',*,*,#5715,.T.);
#5715 = EDGE_CURVE('',#5687,#5716,#5718,.T.);
#5716 = VERTEX_POINT('',#5717);
#5717 = CARTESIAN_POINT('',(-58.,15.65,17.));
#5718 = SURFACE_CURVE('',#5719,(#5723,#5730),.PCURVE_S1.);
#5719 = LINE('',#5720,#5721);
#5720 = CARTESIAN_POINT('',(-58.,15.65,44.));
#5721 = VECTOR('',#5722,1.);
#5722 = DIRECTION('',(0.,0.,-1.));
#5723 = PCURVE('',#4821,#5724);
#5724 = DEFINITIONAL_REPRESENTATION('',(#5725),#5729);
#5725 = LINE('',#5726,#5727);
#5726 = CARTESIAN_POINT('',(-16.5,-9.));
#5727 = VECTOR('',#5728,1.);
#5728 = DIRECTION('',(1.,0.));
#5729 = ( GEOMETRIC_REPRESENTATION_CONTEXT(2) 
PARAMETRIC_REPRESENTATION_CONTEXT() REPRESENTATION_CONTEXT('2D SPACE',''
  ) );
#5730 = PCURVE('',#5124,#5731);
#5731 = DEFINITIONAL_REPRESENTATION('',(#5732),#5736);
#5732 = LINE('',#5733,#5734);
#5733 = CARTESIAN_POINT('',(0.,-28.7));
#5734 = VECTOR('',#5735,1.);
#5735 = DIRECTION('',(1.,0.));
#5736 = ( GEOMETRIC_REPRESENTATION_CONTEXT(2) 
PARAMETRIC_REPRESENTATION_CONTEXT() REPRESENTATION_CONTEXT('2D SPACE',''
  ) );
#5737 = ORIENTED_EDGE('',*,*,#5738,.F.);
#5738 = EDGE_CURVE('',#4778,#5716,#5739,.T.);
#5739 = SURFACE_CURVE('',#5740,(#5745,#5756),.PCURVE_S1.);
#5740 = CIRCLE('',#5741,6.);
#5741 = AXIS2_PLACEMENT_3D('',#5742,#5743,#5744);
#5742 = CARTESIAN_POINT('',(-52.,15.65,17.));
#5743 = DIRECTION('',(-0.,1.,0.));
#5744 = DIRECTION('',(0.,0.,-1.));
#5745 = PCURVE('',#4821,#5746);
#5746 = DEFINITIONAL_REPRESENTATION('',(#5747),#5755);
#5747 = ( BOUNDED_CURVE() B_SPLINE_CURVE(2,(#5748,#5749,#5750,#5751,
#5752,#5753,#5754),.UNSPECIFIED.,.T.,.F.) B_SPLINE_CURVE_WITH_KNOTS((1,2
    ,2,2,2,1),(-2.094395102393,0.,2.094395102393,4.188790204786,
6.28318530718,8.377580409573),.UNSPECIFIED.) CURVE() 
GEOMETRIC_REPRESENTATION_ITEM() RATIONAL_B_SPLINE_CURVE((1.,0.5,1.,0.5,
1.,0.5,1.)) REPRESENTATION_ITEM('') );
#5748 = CARTESIAN_POINT('',(16.5,-3.));
#5749 = CARTESIAN_POINT('',(16.5,-13.39230484541));
#5750 = CARTESIAN_POINT('',(7.5,-8.196152422707));
#5751 = CARTESIAN_POINT('',(-1.5,-3.));
#5752 = CARTESIAN_POINT('',(7.5,2.196152422707));
#5753 = CARTESIAN_POINT('',(16.5,7.392304845413));
#5754 = CARTESIAN_POINT('',(16.5,-3.));
#5755 = ( GEOMETRIC_REPRESENTATION_CONTEXT(2) 
PARAMETRIC_REPRESENTATION_CONTEXT() REPRESENTATION_CONTEXT('2D SPACE',''
  ) );
#5756 = PCURVE('',#4793,#5757);
#5757 = DEFINITIONAL_REPRESENTATION('',(#5758),#5762);
#5758 = LINE('',#5759,#5760);
#5759 = CARTESIAN_POINT('',(-0.,28.7));
#5760 = VECTOR('',#5761,1.);
#5761 = DIRECTION('',(-1.,0.));
#5762 = ( GEOMETRIC_REPRESENTATION_CONTEXT(2) 
PARAMETRIC_REPRESENTATION_CONTEXT() REPRESENTATION_CONTEXT('2D SPACE',''
  ) );
#5763 = FACE_BOUND('',#5764,.T.);
#5764 = EDGE_LOOP('',(#5765));
#5765 = ORIENTED_EDGE('',*,*,#5766,.T.);
#5766 = EDGE_CURVE('',#5767,#5767,#5769,.T.);
#5767 = VERTEX_POINT('',#5768);
#5768 = CARTESIAN_POINT('',(-55.,15.65,41.2));
#5769 = SURFACE_CURVE('',#5770,(#5775,#5786),.PCURVE_S1.);
#5770 = CIRCLE('',#5771,1.7);
#5771 = AXIS2_PLACEMENT_3D('',#5772,#5773,#5774);
#5772 = CARTESIAN_POINT('',(-55.,15.65,39.5));
#5773 = DIRECTION('',(0.,1.,0.));
#5774 = DIRECTION('',(0.,-0.,1.));
#5775 = PCURVE('',#4821,#5776);
#5776 = DEFINITIONAL_REPRESENTATION('',(#5777),#5785);
#5777 = ( BOUNDED_CURVE() B_SPLINE_CURVE(2,(#5778,#5779,#5780,#5781,
#5782,#5783,#5784),.UNSPECIFIED.,.T.,.F.) B_SPLINE_CURVE_WITH_KNOTS((1,2
    ,2,2,2,1),(-2.094395102393,0.,2.094395102393,4.188790204786,
6.28318530718,8.377580409573),.UNSPECIFIED.) CURVE() 
GEOMETRIC_REPRESENTATION_ITEM() RATIONAL_B_SPLINE_CURVE((1.,0.5,1.,0.5,
1.,0.5,1.)) REPRESENTATION_ITEM('') );
#5778 = CARTESIAN_POINT('',(-13.7,-6.));
#5779 = CARTESIAN_POINT('',(-13.7,-3.055513627133));
#5780 = CARTESIAN_POINT('',(-11.15,-4.527756813566));
#5781 = CARTESIAN_POINT('',(-8.6,-6.));
#5782 = CARTESIAN_POINT('',(-11.15,-7.472243186434));
#5783 = CARTESIAN_POINT('',(-13.7,-8.944486372867));
#5784 = CARTESIAN_POINT('',(-13.7,-6.));
#5785 = ( GEOMETRIC_REPRESENTATION_CONTEXT(2) 
PARAMETRIC_REPRESENTATION_CONTEXT() REPRESENTATION_CONTEXT('2D SPACE',''
  ) );
#5786 = PCURVE('',#5787,#5792);
#5787 = CYLINDRICAL_SURFACE('',#5788,1.7);
#5788 = AXIS2_PLACEMENT_3D('',#5789,#5790,#5791);
#5789 = CARTESIAN_POINT('',(-55.,15.65,39.5));
#5790 = DIRECTION('',(0.,1.,0.));
#5791 = DIRECTION('',(0.,-0.,1.));
#5792 = DEFINITIONAL_REPRESENTATION('',(#5793),#5797);
#5793 = LINE('',#5794,#5795);
#5794 = CARTESIAN_POINT('',(0.,0.));
#5795 = VECTOR('',#5796,1.);
#5796 = DIRECTION('',(1.,0.));
#5797 = ( GEOMETRIC_REPRESENTATION_CONTEXT(2) 
PARAMETRIC_REPRESENTATION_CONTEXT() REPRESENTATION_CONTEXT('2D SPACE',''
  ) );
#5798 = ADVANCED_FACE('',(#5799),#4793,.T.);
#5799 = FACE_BOUND('',#5800,.F.);
#5800 = EDGE_LOOP('',(#5801,#5802,#5803,#5826,#6076,#6097));
#5801 = ORIENTED_EDGE('',*,*,#4777,.F.);
#5802 = ORIENTED_EDGE('',*,*,#5136,.T.);
#5803 = ORIENTED_EDGE('',*,*,#5804,.T.);
#5804 = EDGE_CURVE('',#5109,#5805,#5807,.T.);
#5805 = VERTEX_POINT('',#5806);
#5806 = CARTESIAN_POINT('',(-58.,32.42332416321,17.));
#5807 = SURFACE_CURVE('',#5808,(#5812,#5819),.PCURVE_S1.);
#5808 = LINE('',#5809,#5810);
#5809 = CARTESIAN_POINT('',(-58.,44.35,17.));
#5810 = VECTOR('',#5811,1.);
#5811 = DIRECTION('',(0.,-1.,0.));
#5812 = PCURVE('',#4793,#5813);
#5813 = DEFINITIONAL_REPRESENTATION('',(#5814),#5818);
#5814 = LINE('',#5815,#5816);
#5815 = CARTESIAN_POINT('',(-1.570796326795,0.));
#5816 = VECTOR('',#5817,1.);
#5817 = DIRECTION('',(-0.,1.));
#5818 = ( GEOMETRIC_REPRESENTATION_CONTEXT(2) 
PARAMETRIC_REPRESENTATION_CONTEXT() REPRESENTATION_CONTEXT('2D SPACE',''
  ) );
#5819 = PCURVE('',#5124,#5820);
#5820 = DEFINITIONAL_REPRESENTATION('',(#5821),#5825);
#5821 = LINE('',#5822,#5823);
#5822 = CARTESIAN_POINT('',(27.,0.));
#5823 = VECTOR('',#5824,1.);
#5824 = DIRECTION('',(0.,-1.));
#5825 = ( GEOMETRIC_REPRESENTATION_CONTEXT(2) 
PARAMETRIC_REPRESENTATION_CONTEXT() REPRESENTATION_CONTEXT('2D SPACE',''
  ) );
#5826 = ORIENTED_EDGE('',*,*,#5827,.F.);
#5827 = EDGE_CURVE('',#5828,#5805,#5830,.T.);
#5828 = VERTEX_POINT('',#5829);
#5829 = CARTESIAN_POINT('',(-58.,27.57667583679,17.));
#5830 = SURFACE_CURVE('',#5831,(#5909,#5990),.PCURVE_S1.);
#5831 = B_SPLINE_CURVE_WITH_KNOTS('',6,(#5832,#5833,#5834,#5835,#5836,
    #5837,#5838,#5839,#5840,#5841,#5842,#5843,#5844,#5845,#5846,#5847,
    #5848,#5849,#5850,#5851,#5852,#5853,#5854,#5855,#5856,#5857,#5858,
    #5859,#5860,#5861,#5862,#5863,#5864,#5865,#5866,#5867,#5868,#5869,
    #5870,#5871,#5872,#5873,#5874,#5875,#5876,#5877,#5878,#5879,#5880,
    #5881,#5882,#5883,#5884,#5885,#5886,#5887,#5888,#5889,#5890,#5891,
    #5892,#5893,#5894,#5895,#5896,#5897,#5898,#5899,#5900,#5901,#5902,
    #5903,#5904,#5905,#5906,#5907,#5908),.UNSPECIFIED.,.F.,.F.,(7,5,5,5,
    5,5,5,5,5,5,5,5,5,5,5,7),(0.,8.460777365918E-02,0.140331841902,
    0.173904773962,0.213894024761,0.317043939496,0.417328666553,
    0.499373561874,0.554545713397,0.684892250215,0.75705626078,
    0.825169160087,0.859547846981,0.916533582094,0.968546150501,1.),
  .UNSPECIFIED.);
#5832 = CARTESIAN_POINT('',(-58.,27.576675836789,17.));
#5833 = CARTESIAN_POINT('',(-58.,27.477100324689,16.839130836975));
#5834 = CARTESIAN_POINT('',(-57.9948242171,27.38711297872,
    16.665117005634));
#5835 = CARTESIAN_POINT('',(-57.98288682619,27.310140458413,
    16.480011204995));
#5836 = CARTESIAN_POINT('',(-57.96279190143,27.248536118978,
    16.286407936223));
#5837 = CARTESIAN_POINT('',(-57.93371459072,27.203710661258,
    16.087178863273));
#5838 = CARTESIAN_POINT('',(-57.87040547991,27.158023448006,
    15.752342306475));
#5839 = CARTESIAN_POINT('',(-57.84146334405,27.147479028623,
    15.618978636444));
#5840 = CARTESIAN_POINT('',(-57.80878871344,27.144531415707,
    15.486197806667));
#5841 = CARTESIAN_POINT('',(-57.77262041791,27.14896593059,
    15.35498711756));
#5842 = CARTESIAN_POINT('',(-57.73336338154,27.160354278259,
    15.22631194221));
#5843 = CARTESIAN_POINT('',(-57.66641614219,27.188719422453,
    15.025651202159));
#5844 = CARTESIAN_POINT('',(-57.64030891782,27.201684316876,
    14.95139787172));
#5845 = CARTESIAN_POINT('',(-57.6133460408,27.216833946212,
    14.878418948172));
#5846 = CARTESIAN_POINT('',(-57.58561458191,27.234049098796,
    14.806793363236));
#5847 = CARTESIAN_POINT('',(-57.55720721875,27.253207086965,
    14.736593524063));
#5848 = CARTESIAN_POINT('',(-57.49369776367,27.299164996706,
    14.586045875729));
#5849 = CARTESIAN_POINT('',(-57.45834803131,27.326729452306,
    14.506309835807));
#5850 = CARTESIAN_POINT('',(-57.42230036683,27.35668999769,
    14.428701781094));
#5851 = CARTESIAN_POINT('',(-57.38568010446,27.388875270052,
    14.353236187754));
#5852 = CARTESIAN_POINT('',(-57.34860924012,27.423126915756,
    14.279918416384));
#5853 = CARTESIAN_POINT('',(-57.21472327954,27.552602207972,
    14.025159902633));
#5854 = CARTESIAN_POINT('',(-57.11597527678,27.658729260897,
    13.855754183723));
#5855 = CARTESIAN_POINT('',(-57.016723625,27.77543929962,13.70003425335)
  );
#5856 = CARTESIAN_POINT('',(-56.91845252821,27.901293387961,
    13.557319441379));
#5857 = CARTESIAN_POINT('',(-56.82248435278,28.035451812234,
    13.42702999059));
#5858 = CARTESIAN_POINT('',(-56.64061146229,28.315675722877,
    13.193956868651));
#5859 = CARTESIAN_POINT('',(-56.55440407296,28.461455972603,
    13.090385740909));
#5860 = CARTESIAN_POINT('',(-56.47320575284,28.61423038438,
    12.998174434118));
#5861 = CARTESIAN_POINT('',(-56.39871208677,28.773519568929,
    12.917509644549));
#5862 = CARTESIAN_POINT('',(-56.33278996736,28.938989167222,
    12.848714306617));
#5863 = CARTESIAN_POINT('',(-56.23205929431,29.250665892558,
    12.746313140966));
#5864 = CARTESIAN_POINT('',(-56.19370090188,29.395124593975,
    12.708510018624));
#5865 = CARTESIAN_POINT('',(-56.16374414588,29.542681124822,
    12.679694283903));
#5866 = CARTESIAN_POINT('',(-56.14324824907,29.69236427014,
    12.660217426264));
#5867 = CARTESIAN_POINT('',(-56.13279720681,29.843300630533,
    12.650288812213));
#5868 = CARTESIAN_POINT('',(-56.13229757723,30.096436974974,
    12.649814163745));
#5869 = CARTESIAN_POINT('',(-56.1366877691,30.198166962524,
    12.653985405755));
#5870 = CARTESIAN_POINT('',(-56.14566360612,30.299538128766,
    12.662509173057));
#5871 = CARTESIAN_POINT('',(-56.15910085196,30.400226932915,
    12.675339884648));
#5872 = CARTESIAN_POINT('',(-56.17676271894,30.499894061213,
    12.692383197142));
#5873 = CARTESIAN_POINT('',(-56.24920329952,30.83039914519,
    12.763333050123));
#5874 = CARTESIAN_POINT('',(-56.32147788095,31.053605398608,
    12.835540491586));
#5875 = CARTESIAN_POINT('',(-56.41104849783,31.26730612317,
    12.928425267958));
#5876 = CARTESIAN_POINT('',(-56.51359930921,31.470598868639,
    13.041186199147));
#5877 = CARTESIAN_POINT('',(-56.62511862035,31.662172813731,
    13.17316909206));
#5878 = CARTESIAN_POINT('',(-56.80662118073,31.939013695916,
    13.40729397739));
#5879 = CARTESIAN_POINT('',(-56.87307775079,32.033795454548,
    13.496656106681));
#5880 = CARTESIAN_POINT('',(-56.94081618584,32.124554217134,
    13.592054567786));
#5881 = CARTESIAN_POINT('',(-57.00936537852,32.211036050593,
    13.693658959563));
#5882 = CARTESIAN_POINT('',(-57.07824290974,32.292856084256,
    13.801671721659));
#5883 = CARTESIAN_POINT('',(-57.21173787387,32.441779396472,
    14.024484116004));
#5884 = CARTESIAN_POINT('',(-57.2764260046,32.509505436888,
    14.138643734357));
#5885 = CARTESIAN_POINT('',(-57.34049825139,32.572128396019,
    14.258892738089));
#5886 = CARTESIAN_POINT('',(-57.40342715208,32.629017932597,
    14.385325901739));
#5887 = CARTESIAN_POINT('',(-57.4646433116,32.679414482678,
    14.517981647793));
#5888 = CARTESIAN_POINT('',(-57.55326212343,32.744114937652,
    14.726880273213));
#5889 = CARTESIAN_POINT('',(-57.58239285385,32.76393034816,
    14.798516306435));
#5890 = CARTESIAN_POINT('',(-57.61082468223,32.781723746589,
    14.871648508726));
#5891 = CARTESIAN_POINT('',(-57.63845820286,32.797364291462,
    14.94620111168));
#5892 = CARTESIAN_POINT('',(-57.665199988,32.810724714014,15.02209125077
    ));
#5893 = CARTESIAN_POINT('',(-57.73366932125,32.839841333671,
    15.227090373738));
#5894 = CARTESIAN_POINT('',(-57.77375222973,32.8514231176,
    15.358572390513));
#5895 = CARTESIAN_POINT('',(-57.8106059759,32.855738514253,
    15.492689624094));
#5896 = CARTESIAN_POINT('',(-57.84379619992,32.852336229533,
    15.628411714127));
#5897 = CARTESIAN_POINT('',(-57.87307896118,32.840993952811,
    15.76468017779));
#5898 = CARTESIAN_POINT('',(-57.92148658577,32.804142705323,
    16.024354239117));
#5899 = CARTESIAN_POINT('',(-57.94121288004,32.780003546354,
    16.147510451134));
#5900 = CARTESIAN_POINT('',(-57.95753875131,32.749397002857,
    16.269067367659));
#5901 = CARTESIAN_POINT('',(-57.97057135703,32.712587215576,
    16.388202218042));
#5902 = CARTESIAN_POINT('',(-57.98052717804,32.670025741566,
    16.504129393738));
#5903 = CARTESIAN_POINT('',(-57.99204882021,32.593537510633,
    16.68384140838));
#5904 = CARTESIAN_POINT('',(-57.99537770504,32.562832049819,
    16.750160615959));
#5905 = CARTESIAN_POINT('',(-57.99776363301,32.530346914297,
    16.815001615657));
#5906 = CARTESIAN_POINT('',(-57.99927953678,32.496189866807,
    16.878295833539));
#5907 = CARTESIAN_POINT('',(-58.,32.460475205425,16.939980654475));
#5908 = CARTESIAN_POINT('',(-58.,32.423324163211,17.));
#5909 = PCURVE('',#4793,#5910);
#5910 = DEFINITIONAL_REPRESENTATION('',(#5911),#5989);
#5911 = B_SPLINE_CURVE_WITH_KNOTS('',6,(#5912,#5913,#5914,#5915,#5916,
    #5917,#5918,#5919,#5920,#5921,#5922,#5923,#5924,#5925,#5926,#5927,
    #5928,#5929,#5930,#5931,#5932,#5933,#5934,#5935,#5936,#5937,#5938,
    #5939,#5940,#5941,#5942,#5943,#5944,#5945,#5946,#5947,#5948,#5949,
    #5950,#5951,#5952,#5953,#5954,#5955,#5956,#5957,#5958,#5959,#5960,
    #5961,#5962,#5963,#5964,#5965,#5966,#5967,#5968,#5969,#5970,#5971,
    #5972,#5973,#5974,#5975,#5976,#5977,#5978,#5979,#5980,#5981,#5982,
    #5983,#5984,#5985,#5986,#5987,#5988),.UNSPECIFIED.,.F.,.F.,(7,5,5,5,
    5,5,5,5,5,5,5,5,5,5,5,7),(0.,8.460777365918E-02,0.140331841902,
    0.173904773962,0.213894024761,0.317043939496,0.417328666553,
    0.499373561874,0.554545713397,0.684892250215,0.75705626078,
    0.825169160087,0.859547846981,0.916533582094,0.968546150501,1.),
  .UNSPECIFIED.);
#5912 = CARTESIAN_POINT('',(-1.570796326795,16.773324163211));
#5913 = CARTESIAN_POINT('',(-1.543984799624,16.872899675311));
#5914 = CARTESIAN_POINT('',(-1.514982476834,16.96288702128));
#5915 = CARTESIAN_POINT('',(-1.484096899735,17.039859541587));
#5916 = CARTESIAN_POINT('',(-1.451697071048,17.101463881022));
#5917 = CARTESIAN_POINT('',(-1.418169926208,17.146289338742));
#5918 = CARTESIAN_POINT('',(-1.361375080178,17.191976551994));
#5919 = CARTESIAN_POINT('',(-1.338638604281,17.202520971377));
#5920 = CARTESIAN_POINT('',(-1.315861355911,17.205468584293));
#5921 = CARTESIAN_POINT('',(-1.293190052339,17.20103406941));
#5922 = CARTESIAN_POINT('',(-1.270775849456,17.189645721741));
#5923 = CARTESIAN_POINT('',(-1.235520170065,17.161280577547));
#5924 = CARTESIAN_POINT('',(-1.222403677424,17.148315683124));
#5925 = CARTESIAN_POINT('',(-1.209439303471,17.133166053788));
#5926 = CARTESIAN_POINT('',(-1.196640410394,17.115950901204));
#5927 = CARTESIAN_POINT('',(-1.184020164881,17.096792913035));
#5928 = CARTESIAN_POINT('',(-1.156787604047,17.050835003294));
#5929 = CARTESIAN_POINT('',(-1.14225321112,17.023270547694));
#5930 = CARTESIAN_POINT('',(-1.127994538982,16.99331000231));
#5931 = CARTESIAN_POINT('',(-1.114017162965,16.961124729948));
#5932 = CARTESIAN_POINT('',(-1.100326052681,16.926873084244));
#5933 = CARTESIAN_POINT('',(-1.052359817227,16.797397792028));
#5934 = CARTESIAN_POINT('',(-1.019710403004,16.691270739103));
#5935 = CARTESIAN_POINT('',(-0.988966642041,16.574560700379));
#5936 = CARTESIAN_POINT('',(-0.960110393525,16.448706612039));
#5937 = CARTESIAN_POINT('',(-0.933151055791,16.314548187766));
#5938 = CARTESIAN_POINT('',(-0.883878337267,16.034324277123));
#5939 = CARTESIAN_POINT('',(-0.861430453944,15.888544027397));
#5940 = CARTESIAN_POINT('',(-0.840963081796,15.73576961562));
#5941 = CARTESIAN_POINT('',(-0.822668044699,15.576480431071));
#5942 = CARTESIAN_POINT('',(-0.806789185139,15.411010832778));
#5943 = CARTESIAN_POINT('',(-0.782849058887,15.099334107442));
#5944 = CARTESIAN_POINT('',(-0.773874197455,14.954875406025));
#5945 = CARTESIAN_POINT('',(-0.766946795014,14.807318875178));
#5946 = CARTESIAN_POINT('',(-0.762234360276,14.65763572986));
#5947 = CARTESIAN_POINT('',(-0.759831820547,14.506699369467));
#5948 = CARTESIAN_POINT('',(-0.759716963041,14.253563025026));
#5949 = CARTESIAN_POINT('',(-0.76072626084,14.151833037476));
#5950 = CARTESIAN_POINT('',(-0.76278931737,14.050461871234));
#5951 = CARTESIAN_POINT('',(-0.765885815404,13.949773067085));
#5952 = CARTESIAN_POINT('',(-0.76997640288,13.850105938787));
#5953 = CARTESIAN_POINT('',(-0.78687604074,13.51960085481));
#5954 = CARTESIAN_POINT('',(-0.803902561394,13.296394601392));
#5955 = CARTESIAN_POINT('',(-0.825403012503,13.08269387683));
#5956 = CARTESIAN_POINT('',(-0.850785559754,12.879401131362));
#5957 = CARTESIAN_POINT('',(-0.8795582355,12.687827186269));
#5958 = CARTESIAN_POINT('',(-0.928931429238,12.410986304084));
#5959 = CARTESIAN_POINT('',(-0.947488456134,12.316204545452));
#5960 = CARTESIAN_POINT('',(-0.966981351962,12.225445782866));
#5961 = CARTESIAN_POINT('',(-0.987399371444,12.138963949407));
#5962 = CARTESIAN_POINT('',(-1.008741913623,12.057143915744));
#5963 = CARTESIAN_POINT('',(-1.052032363083,11.908220603528));
#5964 = CARTESIAN_POINT('',(-1.073894858612,11.840494563112));
#5965 = CARTESIAN_POINT('',(-1.096591863697,11.777871603981));
#5966 = CARTESIAN_POINT('',(-1.120115269242,11.720982067403));
#5967 = CARTESIAN_POINT('',(-1.14445331631,11.670585517322));
#5968 = CARTESIAN_POINT('',(-1.182273038352,11.605885062348));
#5969 = CARTESIAN_POINT('',(-1.195160348086,11.58606965184));
#5970 = CARTESIAN_POINT('',(-1.20823539767,11.568276253411));
#5971 = CARTESIAN_POINT('',(-1.221484359756,11.552635708538));
#5972 = CARTESIAN_POINT('',(-1.234893193401,11.539275285986));
#5973 = CARTESIAN_POINT('',(-1.270915057908,11.510158666329));
#5974 = CARTESIAN_POINT('',(-1.293816390798,11.4985768824));
#5975 = CARTESIAN_POINT('',(-1.316984196774,11.494261485747));
#5976 = CARTESIAN_POINT('',(-1.340257122398,11.497663770467));
#5977 = CARTESIAN_POINT('',(-1.363478301514,11.509006047189));
#5978 = CARTESIAN_POINT('',(-1.407502889418,11.545857294677));
#5979 = CARTESIAN_POINT('',(-1.428283773832,11.569996453646));
#5980 = CARTESIAN_POINT('',(-1.44871559516,11.600602997143));
#5981 = CARTESIAN_POINT('',(-1.468681366576,11.637412784424));
#5982 = CARTESIAN_POINT('',(-1.488069175095,11.679974258434));
#5983 = CARTESIAN_POINT('',(-1.518082670413,11.756462489367));
#5984 = CARTESIAN_POINT('',(-1.529148721622,11.787167950181));
#5985 = CARTESIAN_POINT('',(-1.539961462311,11.819653085703));
#5986 = CARTESIAN_POINT('',(-1.550512298606,11.853810133193));
#5987 = CARTESIAN_POINT('',(-1.560793102541,11.889524794575));
#5988 = CARTESIAN_POINT('',(-1.570796326795,11.926675836789));
#5989 = ( GEOMETRIC_REPRESENTATION_CONTEXT(2) 
PARAMETRIC_REPRESENTATION_CONTEXT() REPRESENTATION_CONTEXT('2D SPACE',''
  ) );
#5990 = PCURVE('',#5991,#5996);
#5991 = CYLINDRICAL_SURFACE('',#5992,2.85);
#5992 = AXIS2_PLACEMENT_3D('',#5993,#5994,#5995);
#5993 = CARTESIAN_POINT('',(-58.5,30.,15.5));
#5994 = DIRECTION('',(1.,0.,0.));
#5995 = DIRECTION('',(-0.,0.,1.));
#5996 = DEFINITIONAL_REPRESENTATION('',(#5997),#6075);
#5997 = B_SPLINE_CURVE_WITH_KNOTS('',6,(#5998,#5999,#6000,#6001,#6002,
    #6003,#6004,#6005,#6006,#6007,#6008,#6009,#6010,#6011,#6012,#6013,
    #6014,#6015,#6016,#6017,#6018,#6019,#6020,#6021,#6022,#6023,#6024,
    #6025,#6026,#6027,#6028,#6029,#6030,#6031,#6032,#6033,#6034,#6035,
    #6036,#6037,#6038,#6039,#6040,#6041,#6042,#6043,#6044,#6045,#6046,
    #6047,#6048,#6049,#6050,#6051,#6052,#6053,#6054,#6055,#6056,#6057,
    #6058,#6059,#6060,#6061,#6062,#6063,#6064,#6065,#6066,#6067,#6068,
    #6069,#6070,#6071,#6072,#6073,#6074),.UNSPECIFIED.,.F.,.F.,(7,5,5,5,
    5,5,5,5,5,5,5,5,5,5,5,7),(0.,8.460777365918E-02,0.140331841902,
    0.173904773962,0.213894024761,0.317043939496,0.417328666553,
    0.499373561874,0.554545713397,0.684892250215,0.75705626078,
    0.825169160087,0.859547846981,0.916533582094,0.968546150501,1.),
  .UNSPECIFIED.);
#5998 = CARTESIAN_POINT('',(1.016534492343,0.5));
#5999 = CARTESIAN_POINT('',(1.082918167077,0.5));
#6000 = CARTESIAN_POINT('',(1.15145279547,0.505175782891));
#6001 = CARTESIAN_POINT('',(1.221420045878,0.517113173809));
#6002 = CARTESIAN_POINT('',(1.292307601584,0.537208098563));
#6003 = CARTESIAN_POINT('',(1.363697062451,0.566285409278));
#6004 = CARTESIAN_POINT('',(1.482272188328,0.629594520089));
#6005 = CARTESIAN_POINT('',(1.529137017396,0.658536655949));
#6006 = CARTESIAN_POINT('',(1.575626836745,0.69121128656));
#6007 = CARTESIAN_POINT('',(1.621587440233,0.727379582084));
#6008 = CARTESIAN_POINT('',(1.666851510211,0.766636618454));
#6009 = CARTESIAN_POINT('',(1.737958757146,0.833583857803));
#6010 = CARTESIAN_POINT('',(1.764392810318,0.859691082174));
#6011 = CARTESIAN_POINT('',(1.790525788018,0.886653959199));
#6012 = CARTESIAN_POINT('',(1.816354966179,0.91438541809));
#6013 = CARTESIAN_POINT('',(1.84187588237,0.942792781247));
#6014 = CARTESIAN_POINT('',(1.897106141457,1.006302236324));
#6015 = CARTESIAN_POINT('',(1.926688511429,1.041651968683));
#6016 = CARTESIAN_POINT('',(1.955850909102,1.077699633163));
#6017 = CARTESIAN_POINT('',(1.984612554673,1.114319895534));
#6018 = CARTESIAN_POINT('',(2.012991263014,1.151390759873));
#6019 = CARTESIAN_POINT('',(2.113262211199,1.28527672046));
#6020 = CARTESIAN_POINT('',(2.183123390768,1.384024723213));
#6021 = CARTESIAN_POINT('',(2.251064357617,1.483276374992));
#6022 = CARTESIAN_POINT('',(2.317526572412,1.581547471787));
#6023 = CARTESIAN_POINT('',(2.382950958729,1.677515647212));
#6024 = CARTESIAN_POINT('',(2.510840049773,1.859388537706));
#6025 = CARTESIAN_POINT('',(2.573404710564,1.945595927035));
#6026 = CARTESIAN_POINT('',(2.635757739159,2.026794247151));
#6027 = CARTESIAN_POINT('',(2.69814707935,2.101287913227));
#6028 = CARTESIAN_POINT('',(2.760840434805,2.167210032634));
#6029 = CARTESIAN_POINT('',(2.87595188927,2.267940705686));
#6030 = CARTESIAN_POINT('',(2.928246880141,2.306299098117));
#6031 = CARTESIAN_POINT('',(2.980840752699,2.336255854119));
#6032 = CARTESIAN_POINT('',(3.033643830325,2.35675175093));
#6033 = CARTESIAN_POINT('',(3.086610324231,2.367202793188));
#6034 = CARTESIAN_POINT('',(3.17543025035,2.367702422765));
#6035 = CARTESIAN_POINT('',(3.211122221674,2.363312230897));
#6036 = CARTESIAN_POINT('',(3.246767243739,2.354336393875));
#6037 = CARTESIAN_POINT('',(3.282333730686,2.340899148039));
#6038 = CARTESIAN_POINT('',(3.317780801842,2.323237281058));
#6039 = CARTESIAN_POINT('',(3.436389486034,2.250796700475));
#6040 = CARTESIAN_POINT('',(3.518281301332,2.178522119042));
#6041 = CARTESIAN_POINT('',(3.599473085079,2.088951502161));
#6042 = CARTESIAN_POINT('',(3.680472600594,1.986400690787));
#6043 = CARTESIAN_POINT('',(3.761702760406,1.874881379648));
#6044 = CARTESIAN_POINT('',(3.888919496714,1.693378819266));
#6045 = CARTESIAN_POINT('',(3.934560118846,1.626922249205));
#6046 = CARTESIAN_POINT('',(3.980658619178,1.559183814158));
#6047 = CARTESIAN_POINT('',(4.027363761708,1.490634621475));
#6048 = CARTESIAN_POINT('',(4.074826053458,1.421757090253));
#6049 = CARTESIAN_POINT('',(4.168860824337,1.288262126124));
#6050 = CARTESIAN_POINT('',(4.215367968107,1.223573995394));
#6051 = CARTESIAN_POINT('',(4.262828436342,1.159501748602));
#6052 = CARTESIAN_POINT('',(4.311348801601,1.096572847918));
#6053 = CARTESIAN_POINT('',(4.361042716449,1.035356688392));
#6054 = CARTESIAN_POINT('',(4.437775623379,0.946737876561));
#6055 = CARTESIAN_POINT('',(4.46384284098,0.917607146149));
#6056 = CARTESIAN_POINT('',(4.490232327362,0.889175317768));
#6057 = CARTESIAN_POINT('',(4.516939690106,0.861541797139));
#6058 = CARTESIAN_POINT('',(4.543962435106,0.834800011995));
#6059 = CARTESIAN_POINT('',(4.616613858751,0.766330678748));
#6060 = CARTESIAN_POINT('',(4.662860936658,0.726247770267));
#6061 = CARTESIAN_POINT('',(4.709832441207,0.689394024098));
#6062 = CARTESIAN_POINT('',(4.757350045458,0.656203800077));
#6063 = CARTESIAN_POINT('',(4.805248396774,0.626921038816));
#6064 = CARTESIAN_POINT('',(4.897275018217,0.578513414223));
#6065 = CARTESIAN_POINT('',(4.941249172789,0.558787119953));
#6066 = CARTESIAN_POINT('',(4.985138807653,0.542461248681));
#6067 = CARTESIAN_POINT('',(5.028800046566,0.52942864297));
#6068 = CARTESIAN_POINT('',(5.072075674291,0.51947282196));
#6069 = CARTESIAN_POINT('',(5.140606272767,0.507951179784));
#6070 = CARTESIAN_POINT('',(5.166236791155,0.504622294955));
#6071 = CARTESIAN_POINT('',(5.191665608629,0.502236366981));
#6072 = CARTESIAN_POINT('',(5.216884462966,0.500720463217));
#6073 = CARTESIAN_POINT('',(5.241883453361,0.5));
#6074 = CARTESIAN_POINT('',(5.266650814837,0.5));
#6075 = ( GEOMETRIC_REPRESENTATION_CONTEXT(2) 
PARAMETRIC_REPRESENTATION_CONTEXT() REPRESENTATION_CONTEXT('2D SPACE',''
  ) );
#6076 = ORIENTED_EDGE('',*,*,#6077,.T.);
#6077 = EDGE_CURVE('',#5828,#5716,#6078,.T.);
#6078 = SURFACE_CURVE('',#6079,(#6083,#6090),.PCURVE_S1.);
#6079 = LINE('',#6080,#6081);
#6080 = CARTESIAN_POINT('',(-58.,44.35,17.));
#6081 = VECTOR('',#6082,1.);
#6082 = DIRECTION('',(0.,-1.,0.));
#6083 = PCURVE('',#4793,#6084);
#6084 = DEFINITIONAL_REPRESENTATION('',(#6085),#6089);
#6085 = LINE('',#6086,#6087);
#6086 = CARTESIAN_POINT('',(-1.570796326795,0.));
#6087 = VECTOR('',#6088,1.);
#6088 = DIRECTION('',(-0.,1.));
#6089 = ( GEOMETRIC_REPRESENTATION_CONTEXT(2) 
PARAMETRIC_REPRESENTATION_CONTEXT() REPRESENTATION_CONTEXT('2D SPACE',''
  ) );
#6090 = PCURVE('',#5124,#6091);
#6091 = DEFINITIONAL_REPRESENTATION('',(#6092),#6096);
#6092 = LINE('',#6093,#6094);
#6093 = CARTESIAN_POINT('',(27.,0.));
#6094 = VECTOR('',#6095,1.);
#6095 = DIRECTION('',(0.,-1.));
#6096 = ( GEOMETRIC_REPRESENTATION_CONTEXT(2) 
PARAMETRIC_REPRESENTATION_CONTEXT() REPRESENTATION_CONTEXT('2D SPACE',''
  ) );
#6097 = ORIENTED_EDGE('',*,*,#5738,.F.);
#6098 = ADVANCED_FACE('',(#6099),#5124,.F.);
#6099 = FACE_BOUND('',#6100,.F.);
#6100 = EDGE_LOOP('',(#6101,#6102,#6125,#6153,#6181,#6209,#6230,#6231,
    #6232,#6256,#6278));
#6101 = ORIENTED_EDGE('',*,*,#5108,.F.);
#6102 = ORIENTED_EDGE('',*,*,#6103,.T.);
#6103 = EDGE_CURVE('',#5080,#6104,#6106,.T.);
#6104 = VERTEX_POINT('',#6105);
#6105 = CARTESIAN_POINT('',(-58.,36.35,38.));
#6106 = SURFACE_CURVE('',#6107,(#6111,#6118),.PCURVE_S1.);
#6107 = LINE('',#6108,#6109);
#6108 = CARTESIAN_POINT('',(-58.,44.35,38.));
#6109 = VECTOR('',#6110,1.);
#6110 = DIRECTION('',(0.,-1.,0.));
#6111 = PCURVE('',#5124,#6112);
#6112 = DEFINITIONAL_REPRESENTATION('',(#6113),#6117);
#6113 = LINE('',#6114,#6115);
#6114 = CARTESIAN_POINT('',(6.,0.));
#6115 = VECTOR('',#6116,1.);
#6116 = DIRECTION('',(0.,-1.));
#6117 = ( GEOMETRIC_REPRESENTATION_CONTEXT(2) 
PARAMETRIC_REPRESENTATION_CONTEXT() REPRESENTATION_CONTEXT('2D SPACE',''
  ) );
#6118 = PCURVE('',#5096,#6119);
#6119 = DEFINITIONAL_REPRESENTATION('',(#6120),#6124);
#6120 = LINE('',#6121,#6122);
#6121 = CARTESIAN_POINT('',(1.570796326795,0.));
#6122 = VECTOR('',#6123,1.);
#6123 = DIRECTION('',(0.,1.));
#6124 = ( GEOMETRIC_REPRESENTATION_CONTEXT(2) 
PARAMETRIC_REPRESENTATION_CONTEXT() REPRESENTATION_CONTEXT('2D SPACE',''
  ) );
#6125 = ORIENTED_EDGE('',*,*,#6126,.F.);
#6126 = EDGE_CURVE('',#6127,#6104,#6129,.T.);
#6127 = VERTEX_POINT('',#6128);
#6128 = CARTESIAN_POINT('',(-58.,36.35,33.453306688776));
#6129 = SURFACE_CURVE('',#6130,(#6134,#6141),.PCURVE_S1.);
#6130 = LINE('',#6131,#6132);
#6131 = CARTESIAN_POINT('',(-58.,36.35,41.75));
#6132 = VECTOR('',#6133,1.);
#6133 = DIRECTION('',(0.,0.,1.));
#6134 = PCURVE('',#5124,#6135);
#6135 = DEFINITIONAL_REPRESENTATION('',(#6136),#6140);
#6136 = LINE('',#6137,#6138);
#6137 = CARTESIAN_POINT('',(2.25,-8.));
#6138 = VECTOR('',#6139,1.);
#6139 = DIRECTION('',(-1.,0.));
#6140 = ( GEOMETRIC_REPRESENTATION_CONTEXT(2) 
PARAMETRIC_REPRESENTATION_CONTEXT() REPRESENTATION_CONTEXT('2D SPACE',''
  ) );
#6141 = PCURVE('',#6142,#6147);
#6142 = PLANE('',#6143);
#6143 = AXIS2_PLACEMENT_3D('',#6144,#6145,#6146);
#6144 = CARTESIAN_POINT('',(-55.,36.35,39.5));
#6145 = DIRECTION('',(0.,1.,0.));
#6146 = DIRECTION('',(0.,-0.,1.));
#6147 = DEFINITIONAL_REPRESENTATION('',(#6148),#6152);
#6148 = LINE('',#6149,#6150);
#6149 = CARTESIAN_POINT('',(2.25,-3.));
#6150 = VECTOR('',#6151,1.);
#6151 = DIRECTION('',(1.,0.));
#6152 = ( GEOMETRIC_REPRESENTATION_CONTEXT(2) 
PARAMETRIC_REPRESENTATION_CONTEXT() REPRESENTATION_CONTEXT('2D SPACE',''
  ) );
#6153 = ORIENTED_EDGE('',*,*,#6154,.F.);
#6154 = EDGE_CURVE('',#6155,#6127,#6157,.T.);
#6155 = VERTEX_POINT('',#6156);
#6156 = CARTESIAN_POINT('',(-58.,23.65,33.453306688776));
#6157 = SURFACE_CURVE('',#6158,(#6162,#6169),.PCURVE_S1.);
#6158 = LINE('',#6159,#6160);
#6159 = CARTESIAN_POINT('',(-58.,23.65,33.453306688776));
#6160 = VECTOR('',#6161,1.);
#6161 = DIRECTION('',(0.,1.,0.));
#6162 = PCURVE('',#5124,#6163);
#6163 = DEFINITIONAL_REPRESENTATION('',(#6164),#6168);
#6164 = LINE('',#6165,#6166);
#6165 = CARTESIAN_POINT('',(10.546693311224,-20.7));
#6166 = VECTOR('',#6167,1.);
#6167 = DIRECTION('',(0.,1.));
#6168 = ( GEOMETRIC_REPRESENTATION_CONTEXT(2) 
PARAMETRIC_REPRESENTATION_CONTEXT() REPRESENTATION_CONTEXT('2D SPACE',''
  ) );
#6169 = PCURVE('',#6170,#6175);
#6170 = CYLINDRICAL_SURFACE('',#6171,6.75);
#6171 = AXIS2_PLACEMENT_3D('',#6172,#6173,#6174);
#6172 = CARTESIAN_POINT('',(-55.,23.65,39.5));
#6173 = DIRECTION('',(0.,1.,0.));
#6174 = DIRECTION('',(0.,-0.,1.));
#6175 = DEFINITIONAL_REPRESENTATION('',(#6176),#6180);
#6176 = LINE('',#6177,#6178);
#6177 = CARTESIAN_POINT('',(3.602146645271,0.));
#6178 = VECTOR('',#6179,1.);
#6179 = DIRECTION('',(0.,1.));
#6180 = ( GEOMETRIC_REPRESENTATION_CONTEXT(2) 
PARAMETRIC_REPRESENTATION_CONTEXT() REPRESENTATION_CONTEXT('2D SPACE',''
  ) );
#6181 = ORIENTED_EDGE('',*,*,#6182,.T.);
#6182 = EDGE_CURVE('',#6155,#6183,#6185,.T.);
#6183 = VERTEX_POINT('',#6184);
#6184 = CARTESIAN_POINT('',(-58.,23.65,38.));
#6185 = SURFACE_CURVE('',#6186,(#6190,#6197),.PCURVE_S1.);
#6186 = LINE('',#6187,#6188);
#6187 = CARTESIAN_POINT('',(-58.,23.65,41.75));
#6188 = VECTOR('',#6189,1.);
#6189 = DIRECTION('',(0.,0.,1.));
#6190 = PCURVE('',#5124,#6191);
#6191 = DEFINITIONAL_REPRESENTATION('',(#6192),#6196);
#6192 = LINE('',#6193,#6194);
#6193 = CARTESIAN_POINT('',(2.25,-20.7));
#6194 = VECTOR('',#6195,1.);
#6195 = DIRECTION('',(-1.,0.));
#6196 = ( GEOMETRIC_REPRESENTATION_CONTEXT(2) 
PARAMETRIC_REPRESENTATION_CONTEXT() REPRESENTATION_CONTEXT('2D SPACE',''
  ) );
#6197 = PCURVE('',#6198,#6203);
#6198 = PLANE('',#6199);
#6199 = AXIS2_PLACEMENT_3D('',#6200,#6201,#6202);
#6200 = CARTESIAN_POINT('',(-55.,23.65,39.5));
#6201 = DIRECTION('',(0.,1.,0.));
#6202 = DIRECTION('',(0.,-0.,1.));
#6203 = DEFINITIONAL_REPRESENTATION('',(#6204),#6208);
#6204 = LINE('',#6205,#6206);
#6205 = CARTESIAN_POINT('',(2.25,-3.));
#6206 = VECTOR('',#6207,1.);
#6207 = DIRECTION('',(1.,0.));
#6208 = ( GEOMETRIC_REPRESENTATION_CONTEXT(2) 
PARAMETRIC_REPRESENTATION_CONTEXT() REPRESENTATION_CONTEXT('2D SPACE',''
  ) );
#6209 = ORIENTED_EDGE('',*,*,#6210,.T.);
#6210 = EDGE_CURVE('',#6183,#5687,#6211,.T.);
#6211 = SURFACE_CURVE('',#6212,(#6216,#6223),.PCURVE_S1.);
#6212 = LINE('',#6213,#6214);
#6213 = CARTESIAN_POINT('',(-58.,44.35,38.));
#6214 = VECTOR('',#6215,1.);
#6215 = DIRECTION('',(0.,-1.,0.));
#6216 = PCURVE('',#5124,#6217);
#6217 = DEFINITIONAL_REPRESENTATION('',(#6218),#6222);
#6218 = LINE('',#6219,#6220);
#6219 = CARTESIAN_POINT('',(6.,0.));
#6220 = VECTOR('',#6221,1.);
#6221 = DIRECTION('',(0.,-1.));
#6222 = ( GEOMETRIC_REPRESENTATION_CONTEXT(2) 
PARAMETRIC_REPRESENTATION_CONTEXT() REPRESENTATION_CONTEXT('2D SPACE',''
  ) );
#6223 = PCURVE('',#5703,#6224);
#6224 = DEFINITIONAL_REPRESENTATION('',(#6225),#6229);
#6225 = LINE('',#6226,#6227);
#6226 = CARTESIAN_POINT('',(1.570796326795,0.));
#6227 = VECTOR('',#6228,1.);
#6228 = DIRECTION('',(0.,1.));
#6229 = ( GEOMETRIC_REPRESENTATION_CONTEXT(2) 
PARAMETRIC_REPRESENTATION_CONTEXT() REPRESENTATION_CONTEXT('2D SPACE',''
  ) );
#6230 = ORIENTED_EDGE('',*,*,#5715,.T.);
#6231 = ORIENTED_EDGE('',*,*,#6077,.F.);
#6232 = ORIENTED_EDGE('',*,*,#6233,.F.);
#6233 = EDGE_CURVE('',#6234,#5828,#6236,.T.);
#6234 = VERTEX_POINT('',#6235);
#6235 = CARTESIAN_POINT('',(-58.,30.,18.35));
#6236 = SURFACE_CURVE('',#6237,(#6242,#6249),.PCURVE_S1.);
#6237 = CIRCLE('',#6238,2.85);
#6238 = AXIS2_PLACEMENT_3D('',#6239,#6240,#6241);
#6239 = CARTESIAN_POINT('',(-58.,30.,15.5));
#6240 = DIRECTION('',(1.,0.,0.));
#6241 = DIRECTION('',(-0.,0.,1.));
#6242 = PCURVE('',#5124,#6243);
#6243 = DEFINITIONAL_REPRESENTATION('',(#6244),#6248);
#6244 = CIRCLE('',#6245,2.85);
#6245 = AXIS2_PLACEMENT_2D('',#6246,#6247);
#6246 = CARTESIAN_POINT('',(28.5,-14.35));
#6247 = DIRECTION('',(-1.,0.));
#6248 = ( GEOMETRIC_REPRESENTATION_CONTEXT(2) 
PARAMETRIC_REPRESENTATION_CONTEXT() REPRESENTATION_CONTEXT('2D SPACE',''
  ) );
#6249 = PCURVE('',#5991,#6250);
#6250 = DEFINITIONAL_REPRESENTATION('',(#6251),#6255);
#6251 = LINE('',#6252,#6253);
#6252 = CARTESIAN_POINT('',(0.,0.5));
#6253 = VECTOR('',#6254,1.);
#6254 = DIRECTION('',(1.,0.));
#6255 = ( GEOMETRIC_REPRESENTATION_CONTEXT(2) 
PARAMETRIC_REPRESENTATION_CONTEXT() REPRESENTATION_CONTEXT('2D SPACE',''
  ) );
#6256 = ORIENTED_EDGE('',*,*,#6257,.F.);
#6257 = EDGE_CURVE('',#5805,#6234,#6258,.T.);
#6258 = SURFACE_CURVE('',#6259,(#6264,#6271),.PCURVE_S1.);
#6259 = CIRCLE('',#6260,2.85);
#6260 = AXIS2_PLACEMENT_3D('',#6261,#6262,#6263);
#6261 = CARTESIAN_POINT('',(-58.,30.,15.5));
#6262 = DIRECTION('',(1.,0.,0.));
#6263 = DIRECTION('',(-0.,0.,1.));
#6264 = PCURVE('',#5124,#6265);
#6265 = DEFINITIONAL_REPRESENTATION('',(#6266),#6270);
#6266 = CIRCLE('',#6267,2.85);
#6267 = AXIS2_PLACEMENT_2D('',#6268,#6269);
#6268 = CARTESIAN_POINT('',(28.5,-14.35));
#6269 = DIRECTION('',(-1.,0.));
#6270 = ( GEOMETRIC_REPRESENTATION_CONTEXT(2) 
PARAMETRIC_REPRESENTATION_CONTEXT() REPRESENTATION_CONTEXT('2D SPACE',''
  ) );
#6271 = PCURVE('',#5991,#6272);
#6272 = DEFINITIONAL_REPRESENTATION('',(#6273),#6277);
#6273 = LINE('',#6274,#6275);
#6274 = CARTESIAN_POINT('',(0.,0.5));
#6275 = VECTOR('',#6276,1.);
#6276 = DIRECTION('',(1.,0.));
#6277 = ( GEOMETRIC_REPRESENTATION_CONTEXT(2) 
PARAMETRIC_REPRESENTATION_CONTEXT() REPRESENTATION_CONTEXT('2D SPACE',''
  ) );
#6278 = ORIENTED_EDGE('',*,*,#5804,.F.);
#6279 = ADVANCED_FACE('',(#6280),#5010,.F.);
#6280 = FACE_BOUND('',#6281,.F.);
#6281 = EDGE_LOOP('',(#6282,#6283,#6284,#6285,#6286,#6287,#6310,#6333,
    #6361,#6384));
#6282 = ORIENTED_EDGE('',*,*,#4994,.F.);
#6283 = ORIENTED_EDGE('',*,*,#5202,.T.);
#6284 = ORIENTED_EDGE('',*,*,#5487,.F.);
#6285 = ORIENTED_EDGE('',*,*,#5556,.T.);
#6286 = ORIENTED_EDGE('',*,*,#5606,.T.);
#6287 = ORIENTED_EDGE('',*,*,#6288,.F.);
#6288 = EDGE_CURVE('',#6289,#5607,#6291,.T.);
#6289 = VERTEX_POINT('',#6290);
#6290 = CARTESIAN_POINT('',(-40.,23.65,38.));
#6291 = SURFACE_CURVE('',#6292,(#6296,#6303),.PCURVE_S1.);
#6292 = LINE('',#6293,#6294);
#6293 = CARTESIAN_POINT('',(-40.,44.35,38.));
#6294 = VECTOR('',#6295,1.);
#6295 = DIRECTION('',(0.,-1.,0.));
#6296 = PCURVE('',#5010,#6297);
#6297 = DEFINITIONAL_REPRESENTATION('',(#6298),#6302);
#6298 = LINE('',#6299,#6300);
#6299 = CARTESIAN_POINT('',(27.,0.));
#6300 = VECTOR('',#6301,1.);
#6301 = DIRECTION('',(0.,-1.));
#6302 = ( GEOMETRIC_REPRESENTATION_CONTEXT(2) 
PARAMETRIC_REPRESENTATION_CONTEXT() REPRESENTATION_CONTEXT('2D SPACE',''
  ) );
#6303 = PCURVE('',#5646,#6304);
#6304 = DEFINITIONAL_REPRESENTATION('',(#6305),#6309);
#6305 = LINE('',#6306,#6307);
#6306 = CARTESIAN_POINT('',(0.,0.));
#6307 = VECTOR('',#6308,1.);
#6308 = DIRECTION('',(0.,1.));
#6309 = ( GEOMETRIC_REPRESENTATION_CONTEXT(2) 
PARAMETRIC_REPRESENTATION_CONTEXT() REPRESENTATION_CONTEXT('2D SPACE',''
  ) );
#6310 = ORIENTED_EDGE('',*,*,#6311,.F.);
#6311 = EDGE_CURVE('',#6312,#6289,#6314,.T.);
#6312 = VERTEX_POINT('',#6313);
#6313 = CARTESIAN_POINT('',(-40.,23.65,32.75));
#6314 = SURFACE_CURVE('',#6315,(#6319,#6326),.PCURVE_S1.);
#6315 = LINE('',#6316,#6317);
#6316 = CARTESIAN_POINT('',(-40.,23.65,25.25));
#6317 = VECTOR('',#6318,1.);
#6318 = DIRECTION('',(0.,-0.,1.));
#6319 = PCURVE('',#5010,#6320);
#6320 = DEFINITIONAL_REPRESENTATION('',(#6321),#6325);
#6321 = LINE('',#6322,#6323);
#6322 = CARTESIAN_POINT('',(14.25,-20.7));
#6323 = VECTOR('',#6324,1.);
#6324 = DIRECTION('',(1.,0.));
#6325 = ( GEOMETRIC_REPRESENTATION_CONTEXT(2) 
PARAMETRIC_REPRESENTATION_CONTEXT() REPRESENTATION_CONTEXT('2D SPACE',''
  ) );
#6326 = PCURVE('',#6198,#6327);
#6327 = DEFINITIONAL_REPRESENTATION('',(#6328),#6332);
#6328 = LINE('',#6329,#6330);
#6329 = CARTESIAN_POINT('',(-14.25,15.));
#6330 = VECTOR('',#6331,1.);
#6331 = DIRECTION('',(1.,0.));
#6332 = ( GEOMETRIC_REPRESENTATION_CONTEXT(2) 
PARAMETRIC_REPRESENTATION_CONTEXT() REPRESENTATION_CONTEXT('2D SPACE',''
  ) );
#6333 = ORIENTED_EDGE('',*,*,#6334,.T.);
#6334 = EDGE_CURVE('',#6312,#6335,#6337,.T.);
#6335 = VERTEX_POINT('',#6336);
#6336 = CARTESIAN_POINT('',(-40.,36.35,32.75));
#6337 = SURFACE_CURVE('',#6338,(#6342,#6349),.PCURVE_S1.);
#6338 = LINE('',#6339,#6340);
#6339 = CARTESIAN_POINT('',(-40.,40.35,32.75));
#6340 = VECTOR('',#6341,1.);
#6341 = DIRECTION('',(0.,1.,0.));
#6342 = PCURVE('',#5010,#6343);
#6343 = DEFINITIONAL_REPRESENTATION('',(#6344),#6348);
#6344 = LINE('',#6345,#6346);
#6345 = CARTESIAN_POINT('',(21.75,-4.));
#6346 = VECTOR('',#6347,1.);
#6347 = DIRECTION('',(0.,1.));
#6348 = ( GEOMETRIC_REPRESENTATION_CONTEXT(2) 
PARAMETRIC_REPRESENTATION_CONTEXT() REPRESENTATION_CONTEXT('2D SPACE',''
  ) );
#6349 = PCURVE('',#6350,#6355);
#6350 = PLANE('',#6351);
#6351 = AXIS2_PLACEMENT_3D('',#6352,#6353,#6354);
#6352 = CARTESIAN_POINT('',(-55.,36.35,32.75));
#6353 = DIRECTION('',(-0.,0.,1.));
#6354 = DIRECTION('',(1.,0.,0.));
#6355 = DEFINITIONAL_REPRESENTATION('',(#6356),#6360);
#6356 = LINE('',#6357,#6358);
#6357 = CARTESIAN_POINT('',(15.,4.));
#6358 = VECTOR('',#6359,1.);
#6359 = DIRECTION('',(0.,1.));
#6360 = ( GEOMETRIC_REPRESENTATION_CONTEXT(2) 
PARAMETRIC_REPRESENTATION_CONTEXT() REPRESENTATION_CONTEXT('2D SPACE',''
  ) );
#6361 = ORIENTED_EDGE('',*,*,#6362,.T.);
#6362 = EDGE_CURVE('',#6335,#6363,#6365,.T.);
#6363 = VERTEX_POINT('',#6364);
#6364 = CARTESIAN_POINT('',(-40.,36.35,38.));
#6365 = SURFACE_CURVE('',#6366,(#6370,#6377),.PCURVE_S1.);
#6366 = LINE('',#6367,#6368);
#6367 = CARTESIAN_POINT('',(-40.,36.35,25.25));
#6368 = VECTOR('',#6369,1.);
#6369 = DIRECTION('',(0.,-0.,1.));
#6370 = PCURVE('',#5010,#6371);
#6371 = DEFINITIONAL_REPRESENTATION('',(#6372),#6376);
#6372 = LINE('',#6373,#6374);
#6373 = CARTESIAN_POINT('',(14.25,-8.));
#6374 = VECTOR('',#6375,1.);
#6375 = DIRECTION('',(1.,0.));
#6376 = ( GEOMETRIC_REPRESENTATION_CONTEXT(2) 
PARAMETRIC_REPRESENTATION_CONTEXT() REPRESENTATION_CONTEXT('2D SPACE',''
  ) );
#6377 = PCURVE('',#6142,#6378);
#6378 = DEFINITIONAL_REPRESENTATION('',(#6379),#6383);
#6379 = LINE('',#6380,#6381);
#6380 = CARTESIAN_POINT('',(-14.25,15.));
#6381 = VECTOR('',#6382,1.);
#6382 = DIRECTION('',(1.,0.));
#6383 = ( GEOMETRIC_REPRESENTATION_CONTEXT(2) 
PARAMETRIC_REPRESENTATION_CONTEXT() REPRESENTATION_CONTEXT('2D SPACE',''
  ) );
#6384 = ORIENTED_EDGE('',*,*,#6385,.F.);
#6385 = EDGE_CURVE('',#4995,#6363,#6386,.T.);
#6386 = SURFACE_CURVE('',#6387,(#6391,#6398),.PCURVE_S1.);
#6387 = LINE('',#6388,#6389);
#6388 = CARTESIAN_POINT('',(-40.,44.35,38.));
#6389 = VECTOR('',#6390,1.);
#6390 = DIRECTION('',(0.,-1.,0.));
#6391 = PCURVE('',#5010,#6392);
#6392 = DEFINITIONAL_REPRESENTATION('',(#6393),#6397);
#6393 = LINE('',#6394,#6395);
#6394 = CARTESIAN_POINT('',(27.,0.));
#6395 = VECTOR('',#6396,1.);
#6396 = DIRECTION('',(0.,-1.));
#6397 = ( GEOMETRIC_REPRESENTATION_CONTEXT(2) 
PARAMETRIC_REPRESENTATION_CONTEXT() REPRESENTATION_CONTEXT('2D SPACE',''
  ) );
#6398 = PCURVE('',#5039,#6399);
#6399 = DEFINITIONAL_REPRESENTATION('',(#6400),#6404);
#6400 = LINE('',#6401,#6402);
#6401 = CARTESIAN_POINT('',(0.,0.));
#6402 = VECTOR('',#6403,1.);
#6403 = DIRECTION('',(0.,1.));
#6404 = ( GEOMETRIC_REPRESENTATION_CONTEXT(2) 
PARAMETRIC_REPRESENTATION_CONTEXT() REPRESENTATION_CONTEXT('2D SPACE',''
  ) );
#6405 = ADVANCED_FACE('',(#6406),#5096,.T.);
#6406 = FACE_BOUND('',#6407,.T.);
#6407 = EDGE_LOOP('',(#6408,#6431,#6432,#6433));
#6408 = ORIENTED_EDGE('',*,*,#6409,.F.);
#6409 = EDGE_CURVE('',#5052,#6410,#6412,.T.);
#6410 = VERTEX_POINT('',#6411);
#6411 = CARTESIAN_POINT('',(-52.,36.35,44.));
#6412 = SURFACE_CURVE('',#6413,(#6417,#6424),.PCURVE_S1.);
#6413 = LINE('',#6414,#6415);
#6414 = CARTESIAN_POINT('',(-52.,44.35,44.));
#6415 = VECTOR('',#6416,1.);
#6416 = DIRECTION('',(0.,-1.,0.));
#6417 = PCURVE('',#5096,#6418);
#6418 = DEFINITIONAL_REPRESENTATION('',(#6419),#6423);
#6419 = LINE('',#6420,#6421);
#6420 = CARTESIAN_POINT('',(0.,0.));
#6421 = VECTOR('',#6422,1.);
#6422 = DIRECTION('',(0.,1.));
#6423 = ( GEOMETRIC_REPRESENTATION_CONTEXT(2) 
PARAMETRIC_REPRESENTATION_CONTEXT() REPRESENTATION_CONTEXT('2D SPACE',''
  ) );
#6424 = PCURVE('',#5067,#6425);
#6425 = DEFINITIONAL_REPRESENTATION('',(#6426),#6430);
#6426 = LINE('',#6427,#6428);
#6427 = CARTESIAN_POINT('',(12.,0.));
#6428 = VECTOR('',#6429,1.);
#6429 = DIRECTION('',(0.,-1.));
#6430 = ( GEOMETRIC_REPRESENTATION_CONTEXT(2) 
PARAMETRIC_REPRESENTATION_CONTEXT() REPRESENTATION_CONTEXT('2D SPACE',''
  ) );
#6431 = ORIENTED_EDGE('',*,*,#5079,.T.);
#6432 = ORIENTED_EDGE('',*,*,#6103,.T.);
#6433 = ORIENTED_EDGE('',*,*,#6434,.T.);
#6434 = EDGE_CURVE('',#6104,#6410,#6435,.T.);
#6435 = SURFACE_CURVE('',#6436,(#6441,#6448),.PCURVE_S1.);
#6436 = CIRCLE('',#6437,6.);
#6437 = AXIS2_PLACEMENT_3D('',#6438,#6439,#6440);
#6438 = CARTESIAN_POINT('',(-52.,36.35,38.));
#6439 = DIRECTION('',(0.,1.,0.));
#6440 = DIRECTION('',(-1.,0.,0.));
#6441 = PCURVE('',#5096,#6442);
#6442 = DEFINITIONAL_REPRESENTATION('',(#6443),#6447);
#6443 = LINE('',#6444,#6445);
#6444 = CARTESIAN_POINT('',(1.570796326795,8.));
#6445 = VECTOR('',#6446,1.);
#6446 = DIRECTION('',(-1.,-0.));
#6447 = ( GEOMETRIC_REPRESENTATION_CONTEXT(2) 
PARAMETRIC_REPRESENTATION_CONTEXT() REPRESENTATION_CONTEXT('2D SPACE',''
  ) );
#6448 = PCURVE('',#6142,#6449);
#6449 = DEFINITIONAL_REPRESENTATION('',(#6450),#6454);
#6450 = CIRCLE('',#6451,6.);
#6451 = AXIS2_PLACEMENT_2D('',#6452,#6453);
#6452 = CARTESIAN_POINT('',(-1.5,3.));
#6453 = DIRECTION('',(0.,-1.));
#6454 = ( GEOMETRIC_REPRESENTATION_CONTEXT(2) 
PARAMETRIC_REPRESENTATION_CONTEXT() REPRESENTATION_CONTEXT('2D SPACE',''
  ) );
#6455 = ADVANCED_FACE('',(#6456),#5039,.T.);
#6456 = FACE_BOUND('',#6457,.T.);
#6457 = EDGE_LOOP('',(#6458,#6459,#6460,#6483));
#6458 = ORIENTED_EDGE('',*,*,#6385,.F.);
#6459 = ORIENTED_EDGE('',*,*,#5022,.T.);
#6460 = ORIENTED_EDGE('',*,*,#6461,.T.);
#6461 = EDGE_CURVE('',#5023,#6462,#6464,.T.);
#6462 = VERTEX_POINT('',#6463);
#6463 = CARTESIAN_POINT('',(-46.,36.35,44.));
#6464 = SURFACE_CURVE('',#6465,(#6469,#6476),.PCURVE_S1.);
#6465 = LINE('',#6466,#6467);
#6466 = CARTESIAN_POINT('',(-46.,44.35,44.));
#6467 = VECTOR('',#6468,1.);
#6468 = DIRECTION('',(0.,-1.,0.));
#6469 = PCURVE('',#5039,#6470);
#6470 = DEFINITIONAL_REPRESENTATION('',(#6471),#6475);
#6471 = LINE('',#6472,#6473);
#6472 = CARTESIAN_POINT('',(1.570796326795,0.));
#6473 = VECTOR('',#6474,1.);
#6474 = DIRECTION('',(0.,1.));
#6475 = ( GEOMETRIC_REPRESENTATION_CONTEXT(2) 
PARAMETRIC_REPRESENTATION_CONTEXT() REPRESENTATION_CONTEXT('2D SPACE',''
  ) );
#6476 = PCURVE('',#5067,#6477);
#6477 = DEFINITIONAL_REPRESENTATION('',(#6478),#6482);
#6478 = LINE('',#6479,#6480);
#6479 = CARTESIAN_POINT('',(6.,0.));
#6480 = VECTOR('',#6481,1.);
#6481 = DIRECTION('',(0.,-1.));
#6482 = ( GEOMETRIC_REPRESENTATION_CONTEXT(2) 
PARAMETRIC_REPRESENTATION_CONTEXT() REPRESENTATION_CONTEXT('2D SPACE',''
  ) );
#6483 = ORIENTED_EDGE('',*,*,#6484,.F.);
#6484 = EDGE_CURVE('',#6363,#6462,#6485,.T.);
#6485 = SURFACE_CURVE('',#6486,(#6491,#6498),.PCURVE_S1.);
#6486 = CIRCLE('',#6487,6.);
#6487 = AXIS2_PLACEMENT_3D('',#6488,#6489,#6490);
#6488 = CARTESIAN_POINT('',(-46.,36.35,38.));
#6489 = DIRECTION('',(0.,-1.,0.));
#6490 = DIRECTION('',(1.,0.,0.));
#6491 = PCURVE('',#5039,#6492);
#6492 = DEFINITIONAL_REPRESENTATION('',(#6493),#6497);
#6493 = LINE('',#6494,#6495);
#6494 = CARTESIAN_POINT('',(0.,8.));
#6495 = VECTOR('',#6496,1.);
#6496 = DIRECTION('',(1.,0.));
#6497 = ( GEOMETRIC_REPRESENTATION_CONTEXT(2) 
PARAMETRIC_REPRESENTATION_CONTEXT() REPRESENTATION_CONTEXT('2D SPACE',''
  ) );
#6498 = PCURVE('',#6142,#6499);
#6499 = DEFINITIONAL_REPRESENTATION('',(#6500),#6508);
#6500 = ( BOUNDED_CURVE() B_SPLINE_CURVE(2,(#6501,#6502,#6503,#6504,
#6505,#6506,#6507),.UNSPECIFIED.,.T.,.F.) B_SPLINE_CURVE_WITH_KNOTS((1,2
    ,2,2,2,1),(-2.094395102393,0.,2.094395102393,4.188790204786,
6.28318530718,8.377580409573),.UNSPECIFIED.) CURVE() 
GEOMETRIC_REPRESENTATION_ITEM() RATIONAL_B_SPLINE_CURVE((1.,0.5,1.,0.5,
1.,0.5,1.)) REPRESENTATION_ITEM('') );
#6501 = CARTESIAN_POINT('',(-1.5,15.));
#6502 = CARTESIAN_POINT('',(8.892304845413,15.));
#6503 = CARTESIAN_POINT('',(3.696152422707,6.));
#6504 = CARTESIAN_POINT('',(-1.5,-3.));
#6505 = CARTESIAN_POINT('',(-6.696152422707,6.));
#6506 = CARTESIAN_POINT('',(-11.89230484541,15.));
#6507 = CARTESIAN_POINT('',(-1.5,15.));
#6508 = ( GEOMETRIC_REPRESENTATION_CONTEXT(2) 
PARAMETRIC_REPRESENTATION_CONTEXT() REPRESENTATION_CONTEXT('2D SPACE',''
  ) );
#6509 = ADVANCED_FACE('',(#6510),#5067,.F.);
#6510 = FACE_BOUND('',#6511,.F.);
#6511 = EDGE_LOOP('',(#6512,#6513,#6514,#6535));
#6512 = ORIENTED_EDGE('',*,*,#5051,.F.);
#6513 = ORIENTED_EDGE('',*,*,#6461,.T.);
#6514 = ORIENTED_EDGE('',*,*,#6515,.F.);
#6515 = EDGE_CURVE('',#6410,#6462,#6516,.T.);
#6516 = SURFACE_CURVE('',#6517,(#6521,#6528),.PCURVE_S1.);
#6517 = LINE('',#6518,#6519);
#6518 = CARTESIAN_POINT('',(-52.,36.35,44.));
#6519 = VECTOR('',#6520,1.);
#6520 = DIRECTION('',(1.,1.184237892934E-15,0.));
#6521 = PCURVE('',#5067,#6522);
#6522 = DEFINITIONAL_REPRESENTATION('',(#6523),#6527);
#6523 = LINE('',#6524,#6525);
#6524 = CARTESIAN_POINT('',(12.,-8.));
#6525 = VECTOR('',#6526,1.);
#6526 = DIRECTION('',(-1.,1.184237892934E-15));
#6527 = ( GEOMETRIC_REPRESENTATION_CONTEXT(2) 
PARAMETRIC_REPRESENTATION_CONTEXT() REPRESENTATION_CONTEXT('2D SPACE',''
  ) );
#6528 = PCURVE('',#6142,#6529);
#6529 = DEFINITIONAL_REPRESENTATION('',(#6530),#6534);
#6530 = LINE('',#6531,#6532);
#6531 = CARTESIAN_POINT('',(4.5,3.));
#6532 = VECTOR('',#6533,1.);
#6533 = DIRECTION('',(0.,1.));
#6534 = ( GEOMETRIC_REPRESENTATION_CONTEXT(2) 
PARAMETRIC_REPRESENTATION_CONTEXT() REPRESENTATION_CONTEXT('2D SPACE',''
  ) );
#6535 = ORIENTED_EDGE('',*,*,#6409,.F.);
#6536 = ADVANCED_FACE('',(#6537),#5185,.F.);
#6537 = FACE_BOUND('',#6538,.F.);
#6538 = EDGE_LOOP('',(#6539,#6540,#6563,#6590));
#6539 = ORIENTED_EDGE('',*,*,#5164,.F.);
#6540 = ORIENTED_EDGE('',*,*,#6541,.F.);
#6541 = EDGE_CURVE('',#6542,#5165,#6544,.T.);
#6542 = VERTEX_POINT('',#6543);
#6543 = CARTESIAN_POINT('',(-55.,38.35,41.5));
#6544 = SEAM_CURVE('',#6545,(#6549,#6556),.PCURVE_S1.);
#6545 = LINE('',#6546,#6547);
#6546 = CARTESIAN_POINT('',(-55.,38.35,41.5));
#6547 = VECTOR('',#6548,1.);
#6548 = DIRECTION('',(0.,1.,0.));
#6549 = PCURVE('',#5185,#6550);
#6550 = DEFINITIONAL_REPRESENTATION('',(#6551),#6555);
#6551 = LINE('',#6552,#6553);
#6552 = CARTESIAN_POINT('',(6.28318530718,-0.));
#6553 = VECTOR('',#6554,1.);
#6554 = DIRECTION('',(0.,1.));
#6555 = ( GEOMETRIC_REPRESENTATION_CONTEXT(2) 
PARAMETRIC_REPRESENTATION_CONTEXT() REPRESENTATION_CONTEXT('2D SPACE',''
  ) );
#6556 = PCURVE('',#5185,#6557);
#6557 = DEFINITIONAL_REPRESENTATION('',(#6558),#6562);
#6558 = LINE('',#6559,#6560);
#6559 = CARTESIAN_POINT('',(0.,-0.));
#6560 = VECTOR('',#6561,1.);
#6561 = DIRECTION('',(0.,1.));
#6562 = ( GEOMETRIC_REPRESENTATION_CONTEXT(2) 
PARAMETRIC_REPRESENTATION_CONTEXT() REPRESENTATION_CONTEXT('2D SPACE',''
  ) );
#6563 = ORIENTED_EDGE('',*,*,#6564,.T.);
#6564 = EDGE_CURVE('',#6542,#6542,#6565,.T.);
#6565 = SURFACE_CURVE('',#6566,(#6571,#6578),.PCURVE_S1.);
#6566 = CIRCLE('',#6567,2.);
#6567 = AXIS2_PLACEMENT_3D('',#6568,#6569,#6570);
#6568 = CARTESIAN_POINT('',(-55.,38.35,39.5));
#6569 = DIRECTION('',(0.,1.,0.));
#6570 = DIRECTION('',(0.,-0.,1.));
#6571 = PCURVE('',#5185,#6572);
#6572 = DEFINITIONAL_REPRESENTATION('',(#6573),#6577);
#6573 = LINE('',#6574,#6575);
#6574 = CARTESIAN_POINT('',(0.,0.));
#6575 = VECTOR('',#6576,1.);
#6576 = DIRECTION('',(1.,0.));
#6577 = ( GEOMETRIC_REPRESENTATION_CONTEXT(2) 
PARAMETRIC_REPRESENTATION_CONTEXT() REPRESENTATION_CONTEXT('2D SPACE',''
  ) );
#6578 = PCURVE('',#6579,#6584);
#6579 = PLANE('',#6580);
#6580 = AXIS2_PLACEMENT_3D('',#6581,#6582,#6583);
#6581 = CARTESIAN_POINT('',(-55.,38.35,39.5));
#6582 = DIRECTION('',(0.,1.,0.));
#6583 = DIRECTION('',(0.,-0.,1.));
#6584 = DEFINITIONAL_REPRESENTATION('',(#6585),#6589);
#6585 = CIRCLE('',#6586,2.);
#6586 = AXIS2_PLACEMENT_2D('',#6587,#6588);
#6587 = CARTESIAN_POINT('',(0.,0.));
#6588 = DIRECTION('',(1.,0.));
#6589 = ( GEOMETRIC_REPRESENTATION_CONTEXT(2) 
PARAMETRIC_REPRESENTATION_CONTEXT() REPRESENTATION_CONTEXT('2D SPACE',''
  ) );
#6590 = ORIENTED_EDGE('',*,*,#6541,.T.);
#6591 = ADVANCED_FACE('',(#6592),#5539,.F.);
#6592 = FACE_BOUND('',#6593,.F.);
#6593 = EDGE_LOOP('',(#6594,#6617,#6618,#6619));
#6594 = ORIENTED_EDGE('',*,*,#6595,.T.);
#6595 = EDGE_CURVE('',#6596,#5519,#6598,.T.);
#6596 = VERTEX_POINT('',#6597);
#6597 = CARTESIAN_POINT('',(-55.3,30.,17.2));
#6598 = SEAM_CURVE('',#6599,(#6603,#6610),.PCURVE_S1.);
#6599 = LINE('',#6600,#6601);
#6600 = CARTESIAN_POINT('',(-59.,30.,17.2));
#6601 = VECTOR('',#6602,1.);
#6602 = DIRECTION('',(1.,0.,0.));
#6603 = PCURVE('',#5539,#6604);
#6604 = DEFINITIONAL_REPRESENTATION('',(#6605),#6609);
#6605 = LINE('',#6606,#6607);
#6606 = CARTESIAN_POINT('',(6.28318530718,-0.));
#6607 = VECTOR('',#6608,1.);
#6608 = DIRECTION('',(0.,1.));
#6609 = ( GEOMETRIC_REPRESENTATION_CONTEXT(2) 
PARAMETRIC_REPRESENTATION_CONTEXT() REPRESENTATION_CONTEXT('2D SPACE',''
  ) );
#6610 = PCURVE('',#5539,#6611);
#6611 = DEFINITIONAL_REPRESENTATION('',(#6612),#6616);
#6612 = LINE('',#6613,#6614);
#6613 = CARTESIAN_POINT('',(0.,-0.));
#6614 = VECTOR('',#6615,1.);
#6615 = DIRECTION('',(0.,1.));
#6616 = ( GEOMETRIC_REPRESENTATION_CONTEXT(2) 
PARAMETRIC_REPRESENTATION_CONTEXT() REPRESENTATION_CONTEXT('2D SPACE',''
  ) );
#6617 = ORIENTED_EDGE('',*,*,#5518,.F.);
#6618 = ORIENTED_EDGE('',*,*,#6595,.F.);
#6619 = ORIENTED_EDGE('',*,*,#6620,.T.);
#6620 = EDGE_CURVE('',#6596,#6596,#6621,.T.);
#6621 = SURFACE_CURVE('',#6622,(#6627,#6634),.PCURVE_S1.);
#6622 = CIRCLE('',#6623,1.7);
#6623 = AXIS2_PLACEMENT_3D('',#6624,#6625,#6626);
#6624 = CARTESIAN_POINT('',(-55.3,30.,15.5));
#6625 = DIRECTION('',(1.,0.,0.));
#6626 = DIRECTION('',(-0.,0.,1.));
#6627 = PCURVE('',#5539,#6628);
#6628 = DEFINITIONAL_REPRESENTATION('',(#6629),#6633);
#6629 = LINE('',#6630,#6631);
#6630 = CARTESIAN_POINT('',(0.,3.7));
#6631 = VECTOR('',#6632,1.);
#6632 = DIRECTION('',(1.,0.));
#6633 = ( GEOMETRIC_REPRESENTATION_CONTEXT(2) 
PARAMETRIC_REPRESENTATION_CONTEXT() REPRESENTATION_CONTEXT('2D SPACE',''
  ) );
#6634 = PCURVE('',#6635,#6640);
#6635 = PLANE('',#6636);
#6636 = AXIS2_PLACEMENT_3D('',#6637,#6638,#6639);
#6637 = CARTESIAN_POINT('',(-55.3,30.,15.5));
#6638 = DIRECTION('',(1.,0.,0.));
#6639 = DIRECTION('',(-0.,0.,1.));
#6640 = DEFINITIONAL_REPRESENTATION('',(#6641),#6645);
#6641 = CIRCLE('',#6642,1.7);
#6642 = AXIS2_PLACEMENT_2D('',#6643,#6644);
#6643 = CARTESIAN_POINT('',(0.,0.));
#6644 = DIRECTION('',(1.,0.));
#6645 = ( GEOMETRIC_REPRESENTATION_CONTEXT(2) 
PARAMETRIC_REPRESENTATION_CONTEXT() REPRESENTATION_CONTEXT('2D SPACE',''
  ) );
#6646 = ADVANCED_FACE('',(#6647),#5703,.T.);
#6647 = FACE_BOUND('',#6648,.T.);
#6648 = EDGE_LOOP('',(#6649,#6672,#6698,#6699));
#6649 = ORIENTED_EDGE('',*,*,#6650,.F.);
#6650 = EDGE_CURVE('',#6651,#5659,#6653,.T.);
#6651 = VERTEX_POINT('',#6652);
#6652 = CARTESIAN_POINT('',(-52.,23.65,44.));
#6653 = SURFACE_CURVE('',#6654,(#6658,#6665),.PCURVE_S1.);
#6654 = LINE('',#6655,#6656);
#6655 = CARTESIAN_POINT('',(-52.,44.35,44.));
#6656 = VECTOR('',#6657,1.);
#6657 = DIRECTION('',(0.,-1.,0.));
#6658 = PCURVE('',#5703,#6659);
#6659 = DEFINITIONAL_REPRESENTATION('',(#6660),#6664);
#6660 = LINE('',#6661,#6662);
#6661 = CARTESIAN_POINT('',(0.,0.));
#6662 = VECTOR('',#6663,1.);
#6663 = DIRECTION('',(0.,1.));
#6664 = ( GEOMETRIC_REPRESENTATION_CONTEXT(2) 
PARAMETRIC_REPRESENTATION_CONTEXT() REPRESENTATION_CONTEXT('2D SPACE',''
  ) );
#6665 = PCURVE('',#5674,#6666);
#6666 = DEFINITIONAL_REPRESENTATION('',(#6667),#6671);
#6667 = LINE('',#6668,#6669);
#6668 = CARTESIAN_POINT('',(12.,0.));
#6669 = VECTOR('',#6670,1.);
#6670 = DIRECTION('',(0.,-1.));
#6671 = ( GEOMETRIC_REPRESENTATION_CONTEXT(2) 
PARAMETRIC_REPRESENTATION_CONTEXT() REPRESENTATION_CONTEXT('2D SPACE',''
  ) );
#6672 = ORIENTED_EDGE('',*,*,#6673,.T.);
#6673 = EDGE_CURVE('',#6651,#6183,#6674,.T.);
#6674 = SURFACE_CURVE('',#6675,(#6680,#6687),.PCURVE_S1.);
#6675 = CIRCLE('',#6676,6.);
#6676 = AXIS2_PLACEMENT_3D('',#6677,#6678,#6679);
#6677 = CARTESIAN_POINT('',(-52.,23.65,38.));
#6678 = DIRECTION('',(0.,-1.,0.));
#6679 = DIRECTION('',(0.,0.,1.));
#6680 = PCURVE('',#5703,#6681);
#6681 = DEFINITIONAL_REPRESENTATION('',(#6682),#6686);
#6682 = LINE('',#6683,#6684);
#6683 = CARTESIAN_POINT('',(0.,20.7));
#6684 = VECTOR('',#6685,1.);
#6685 = DIRECTION('',(1.,0.));
#6686 = ( GEOMETRIC_REPRESENTATION_CONTEXT(2) 
PARAMETRIC_REPRESENTATION_CONTEXT() REPRESENTATION_CONTEXT('2D SPACE',''
  ) );
#6687 = PCURVE('',#6198,#6688);
#6688 = DEFINITIONAL_REPRESENTATION('',(#6689),#6697);
#6689 = ( BOUNDED_CURVE() B_SPLINE_CURVE(2,(#6690,#6691,#6692,#6693,
#6694,#6695,#6696),.UNSPECIFIED.,.T.,.F.) B_SPLINE_CURVE_WITH_KNOTS((1,2
    ,2,2,2,1),(-2.094395102393,0.,2.094395102393,4.188790204786,
6.28318530718,8.377580409573),.UNSPECIFIED.) CURVE() 
GEOMETRIC_REPRESENTATION_ITEM() RATIONAL_B_SPLINE_CURVE((1.,0.5,1.,0.5,
1.,0.5,1.)) REPRESENTATION_ITEM('') );
#6690 = CARTESIAN_POINT('',(4.5,3.));
#6691 = CARTESIAN_POINT('',(4.5,-7.392304845413));
#6692 = CARTESIAN_POINT('',(-4.5,-2.196152422707));
#6693 = CARTESIAN_POINT('',(-13.5,3.));
#6694 = CARTESIAN_POINT('',(-4.5,8.196152422707));
#6695 = CARTESIAN_POINT('',(4.5,13.392304845413));
#6696 = CARTESIAN_POINT('',(4.5,3.));
#6697 = ( GEOMETRIC_REPRESENTATION_CONTEXT(2) 
PARAMETRIC_REPRESENTATION_CONTEXT() REPRESENTATION_CONTEXT('2D SPACE',''
  ) );
#6698 = ORIENTED_EDGE('',*,*,#6210,.T.);
#6699 = ORIENTED_EDGE('',*,*,#5686,.F.);
#6700 = ADVANCED_FACE('',(#6701),#5646,.T.);
#6701 = FACE_BOUND('',#6702,.T.);
#6702 = EDGE_LOOP('',(#6703,#6704,#6732,#6753));
#6703 = ORIENTED_EDGE('',*,*,#6288,.F.);
#6704 = ORIENTED_EDGE('',*,*,#6705,.T.);
#6705 = EDGE_CURVE('',#6289,#6706,#6708,.T.);
#6706 = VERTEX_POINT('',#6707);
#6707 = CARTESIAN_POINT('',(-46.,23.65,44.));
#6708 = SURFACE_CURVE('',#6709,(#6714,#6721),.PCURVE_S1.);
#6709 = CIRCLE('',#6710,6.);
#6710 = AXIS2_PLACEMENT_3D('',#6711,#6712,#6713);
#6711 = CARTESIAN_POINT('',(-46.,23.65,38.));
#6712 = DIRECTION('',(0.,-1.,0.));
#6713 = DIRECTION('',(1.,0.,0.));
#6714 = PCURVE('',#5646,#6715);
#6715 = DEFINITIONAL_REPRESENTATION('',(#6716),#6720);
#6716 = LINE('',#6717,#6718);
#6717 = CARTESIAN_POINT('',(0.,20.7));
#6718 = VECTOR('',#6719,1.);
#6719 = DIRECTION('',(1.,0.));
#6720 = ( GEOMETRIC_REPRESENTATION_CONTEXT(2) 
PARAMETRIC_REPRESENTATION_CONTEXT() REPRESENTATION_CONTEXT('2D SPACE',''
  ) );
#6721 = PCURVE('',#6198,#6722);
#6722 = DEFINITIONAL_REPRESENTATION('',(#6723),#6731);
#6723 = ( BOUNDED_CURVE() B_SPLINE_CURVE(2,(#6724,#6725,#6726,#6727,
#6728,#6729,#6730),.UNSPECIFIED.,.T.,.F.) B_SPLINE_CURVE_WITH_KNOTS((1,2
    ,2,2,2,1),(-2.094395102393,0.,2.094395102393,4.188790204786,
6.28318530718,8.377580409573),.UNSPECIFIED.) CURVE() 
GEOMETRIC_REPRESENTATION_ITEM() RATIONAL_B_SPLINE_CURVE((1.,0.5,1.,0.5,
1.,0.5,1.)) REPRESENTATION_ITEM('') );
#6724 = CARTESIAN_POINT('',(-1.5,15.));
#6725 = CARTESIAN_POINT('',(8.892304845413,15.));
#6726 = CARTESIAN_POINT('',(3.696152422707,6.));
#6727 = CARTESIAN_POINT('',(-1.5,-3.));
#6728 = CARTESIAN_POINT('',(-6.696152422707,6.));
#6729 = CARTESIAN_POINT('',(-11.89230484541,15.));
#6730 = CARTESIAN_POINT('',(-1.5,15.));
#6731 = ( GEOMETRIC_REPRESENTATION_CONTEXT(2) 
PARAMETRIC_REPRESENTATION_CONTEXT() REPRESENTATION_CONTEXT('2D SPACE',''
  ) );
#6732 = ORIENTED_EDGE('',*,*,#6733,.T.);
#6733 = EDGE_CURVE('',#6706,#5630,#6734,.T.);
#6734 = SURFACE_CURVE('',#6735,(#6739,#6746),.PCURVE_S1.);
#6735 = LINE('',#6736,#6737);
#6736 = CARTESIAN_POINT('',(-46.,44.35,44.));
#6737 = VECTOR('',#6738,1.);
#6738 = DIRECTION('',(0.,-1.,0.));
#6739 = PCURVE('',#5646,#6740);
#6740 = DEFINITIONAL_REPRESENTATION('',(#6741),#6745);
#6741 = LINE('',#6742,#6743);
#6742 = CARTESIAN_POINT('',(1.570796326795,0.));
#6743 = VECTOR('',#6744,1.);
#6744 = DIRECTION('',(0.,1.));
#6745 = ( GEOMETRIC_REPRESENTATION_CONTEXT(2) 
PARAMETRIC_REPRESENTATION_CONTEXT() REPRESENTATION_CONTEXT('2D SPACE',''
  ) );
#6746 = PCURVE('',#5674,#6747);
#6747 = DEFINITIONAL_REPRESENTATION('',(#6748),#6752);
#6748 = LINE('',#6749,#6750);
#6749 = CARTESIAN_POINT('',(6.,0.));
#6750 = VECTOR('',#6751,1.);
#6751 = DIRECTION('',(0.,-1.));
#6752 = ( GEOMETRIC_REPRESENTATION_CONTEXT(2) 
PARAMETRIC_REPRESENTATION_CONTEXT() REPRESENTATION_CONTEXT('2D SPACE',''
  ) );
#6753 = ORIENTED_EDGE('',*,*,#5629,.F.);
#6754 = ADVANCED_FACE('',(#6755),#5674,.F.);
#6755 = FACE_BOUND('',#6756,.F.);
#6756 = EDGE_LOOP('',(#6757,#6778,#6779,#6780));
#6757 = ORIENTED_EDGE('',*,*,#6758,.F.);
#6758 = EDGE_CURVE('',#6706,#6651,#6759,.T.);
#6759 = SURFACE_CURVE('',#6760,(#6764,#6771),.PCURVE_S1.);
#6760 = LINE('',#6761,#6762);
#6761 = CARTESIAN_POINT('',(-46.,23.65,44.));
#6762 = VECTOR('',#6763,1.);
#6763 = DIRECTION('',(-1.,-5.921189464668E-16,0.));
#6764 = PCURVE('',#5674,#6765);
#6765 = DEFINITIONAL_REPRESENTATION('',(#6766),#6770);
#6766 = LINE('',#6767,#6768);
#6767 = CARTESIAN_POINT('',(6.,-20.7));
#6768 = VECTOR('',#6769,1.);
#6769 = DIRECTION('',(1.,-5.921189464668E-16));
#6770 = ( GEOMETRIC_REPRESENTATION_CONTEXT(2) 
PARAMETRIC_REPRESENTATION_CONTEXT() REPRESENTATION_CONTEXT('2D SPACE',''
  ) );
#6771 = PCURVE('',#6198,#6772);
#6772 = DEFINITIONAL_REPRESENTATION('',(#6773),#6777);
#6773 = LINE('',#6774,#6775);
#6774 = CARTESIAN_POINT('',(4.5,9.));
#6775 = VECTOR('',#6776,1.);
#6776 = DIRECTION('',(0.,-1.));
#6777 = ( GEOMETRIC_REPRESENTATION_CONTEXT(2) 
PARAMETRIC_REPRESENTATION_CONTEXT() REPRESENTATION_CONTEXT('2D SPACE',''
  ) );
#6778 = ORIENTED_EDGE('',*,*,#6733,.T.);
#6779 = ORIENTED_EDGE('',*,*,#5658,.T.);
#6780 = ORIENTED_EDGE('',*,*,#6650,.F.);
#6781 = ADVANCED_FACE('',(#6782),#5787,.F.);
#6782 = FACE_BOUND('',#6783,.F.);
#6783 = EDGE_LOOP('',(#6784,#6808,#6829,#6830));
#6784 = ORIENTED_EDGE('',*,*,#6785,.F.);
#6785 = EDGE_CURVE('',#6786,#6786,#6788,.T.);
#6786 = VERTEX_POINT('',#6787);
#6787 = CARTESIAN_POINT('',(-55.,23.65,41.2));
#6788 = SURFACE_CURVE('',#6789,(#6794,#6801),.PCURVE_S1.);
#6789 = CIRCLE('',#6790,1.7);
#6790 = AXIS2_PLACEMENT_3D('',#6791,#6792,#6793);
#6791 = CARTESIAN_POINT('',(-55.,23.65,39.5));
#6792 = DIRECTION('',(0.,1.,0.));
#6793 = DIRECTION('',(0.,-0.,1.));
#6794 = PCURVE('',#5787,#6795);
#6795 = DEFINITIONAL_REPRESENTATION('',(#6796),#6800);
#6796 = LINE('',#6797,#6798);
#6797 = CARTESIAN_POINT('',(0.,8.));
#6798 = VECTOR('',#6799,1.);
#6799 = DIRECTION('',(1.,0.));
#6800 = ( GEOMETRIC_REPRESENTATION_CONTEXT(2) 
PARAMETRIC_REPRESENTATION_CONTEXT() REPRESENTATION_CONTEXT('2D SPACE',''
  ) );
#6801 = PCURVE('',#6198,#6802);
#6802 = DEFINITIONAL_REPRESENTATION('',(#6803),#6807);
#6803 = CIRCLE('',#6804,1.7);
#6804 = AXIS2_PLACEMENT_2D('',#6805,#6806);
#6805 = CARTESIAN_POINT('',(0.,0.));
#6806 = DIRECTION('',(1.,0.));
#6807 = ( GEOMETRIC_REPRESENTATION_CONTEXT(2) 
PARAMETRIC_REPRESENTATION_CONTEXT() REPRESENTATION_CONTEXT('2D SPACE',''
  ) );
#6808 = ORIENTED_EDGE('',*,*,#6809,.F.);
#6809 = EDGE_CURVE('',#5767,#6786,#6810,.T.);
#6810 = SEAM_CURVE('',#6811,(#6815,#6822),.PCURVE_S1.);
#6811 = LINE('',#6812,#6813);
#6812 = CARTESIAN_POINT('',(-55.,15.65,41.2));
#6813 = VECTOR('',#6814,1.);
#6814 = DIRECTION('',(0.,1.,0.));
#6815 = PCURVE('',#5787,#6816);
#6816 = DEFINITIONAL_REPRESENTATION('',(#6817),#6821);
#6817 = LINE('',#6818,#6819);
#6818 = CARTESIAN_POINT('',(6.28318530718,-0.));
#6819 = VECTOR('',#6820,1.);
#6820 = DIRECTION('',(0.,1.));
#6821 = ( GEOMETRIC_REPRESENTATION_CONTEXT(2) 
PARAMETRIC_REPRESENTATION_CONTEXT() REPRESENTATION_CONTEXT('2D SPACE',''
  ) );
#6822 = PCURVE('',#5787,#6823);
#6823 = DEFINITIONAL_REPRESENTATION('',(#6824),#6828);
#6824 = LINE('',#6825,#6826);
#6825 = CARTESIAN_POINT('',(0.,-0.));
#6826 = VECTOR('',#6827,1.);
#6827 = DIRECTION('',(0.,1.));
#6828 = ( GEOMETRIC_REPRESENTATION_CONTEXT(2) 
PARAMETRIC_REPRESENTATION_CONTEXT() REPRESENTATION_CONTEXT('2D SPACE',''
  ) );
#6829 = ORIENTED_EDGE('',*,*,#5766,.T.);
#6830 = ORIENTED_EDGE('',*,*,#6809,.T.);
#6831 = ADVANCED_FACE('',(#6832),#5991,.F.);
#6832 = FACE_BOUND('',#6833,.F.);
#6833 = EDGE_LOOP('',(#6834,#6857,#6879,#6880,#6881,#6882));
#6834 = ORIENTED_EDGE('',*,*,#6835,.T.);
#6835 = EDGE_CURVE('',#6234,#6836,#6838,.T.);
#6836 = VERTEX_POINT('',#6837);
#6837 = CARTESIAN_POINT('',(-55.3,30.,18.35));
#6838 = SEAM_CURVE('',#6839,(#6843,#6850),.PCURVE_S1.);
#6839 = LINE('',#6840,#6841);
#6840 = CARTESIAN_POINT('',(-58.5,30.,18.35));
#6841 = VECTOR('',#6842,1.);
#6842 = DIRECTION('',(1.,0.,0.));
#6843 = PCURVE('',#5991,#6844);
#6844 = DEFINITIONAL_REPRESENTATION('',(#6845),#6849);
#6845 = LINE('',#6846,#6847);
#6846 = CARTESIAN_POINT('',(6.28318530718,-0.));
#6847 = VECTOR('',#6848,1.);
#6848 = DIRECTION('',(0.,1.));
#6849 = ( GEOMETRIC_REPRESENTATION_CONTEXT(2) 
PARAMETRIC_REPRESENTATION_CONTEXT() REPRESENTATION_CONTEXT('2D SPACE',''
  ) );
#6850 = PCURVE('',#5991,#6851);
#6851 = DEFINITIONAL_REPRESENTATION('',(#6852),#6856);
#6852 = LINE('',#6853,#6854);
#6853 = CARTESIAN_POINT('',(0.,-0.));
#6854 = VECTOR('',#6855,1.);
#6855 = DIRECTION('',(0.,1.));
#6856 = ( GEOMETRIC_REPRESENTATION_CONTEXT(2) 
PARAMETRIC_REPRESENTATION_CONTEXT() REPRESENTATION_CONTEXT('2D SPACE',''
  ) );
#6857 = ORIENTED_EDGE('',*,*,#6858,.F.);
#6858 = EDGE_CURVE('',#6836,#6836,#6859,.T.);
#6859 = SURFACE_CURVE('',#6860,(#6865,#6872),.PCURVE_S1.);
#6860 = CIRCLE('',#6861,2.85);
#6861 = AXIS2_PLACEMENT_3D('',#6862,#6863,#6864);
#6862 = CARTESIAN_POINT('',(-55.3,30.,15.5));
#6863 = DIRECTION('',(1.,0.,0.));
#6864 = DIRECTION('',(-0.,0.,1.));
#6865 = PCURVE('',#5991,#6866);
#6866 = DEFINITIONAL_REPRESENTATION('',(#6867),#6871);
#6867 = LINE('',#6868,#6869);
#6868 = CARTESIAN_POINT('',(0.,3.2));
#6869 = VECTOR('',#6870,1.);
#6870 = DIRECTION('',(1.,0.));
#6871 = ( GEOMETRIC_REPRESENTATION_CONTEXT(2) 
PARAMETRIC_REPRESENTATION_CONTEXT() REPRESENTATION_CONTEXT('2D SPACE',''
  ) );
#6872 = PCURVE('',#6635,#6873);
#6873 = DEFINITIONAL_REPRESENTATION('',(#6874),#6878);
#6874 = CIRCLE('',#6875,2.85);
#6875 = AXIS2_PLACEMENT_2D('',#6876,#6877);
#6876 = CARTESIAN_POINT('',(0.,0.));
#6877 = DIRECTION('',(1.,0.));
#6878 = ( GEOMETRIC_REPRESENTATION_CONTEXT(2) 
PARAMETRIC_REPRESENTATION_CONTEXT() REPRESENTATION_CONTEXT('2D SPACE',''
  ) );
#6879 = ORIENTED_EDGE('',*,*,#6835,.F.);
#6880 = ORIENTED_EDGE('',*,*,#6233,.T.);
#6881 = ORIENTED_EDGE('',*,*,#5827,.T.);
#6882 = ORIENTED_EDGE('',*,*,#6257,.T.);
#6883 = ADVANCED_FACE('',(#6884,#6936),#6198,.T.);
#6884 = FACE_BOUND('',#6885,.T.);
#6885 = EDGE_LOOP('',(#6886,#6887,#6888,#6889,#6890,#6913,#6935));
#6886 = ORIENTED_EDGE('',*,*,#6673,.F.);
#6887 = ORIENTED_EDGE('',*,*,#6758,.F.);
#6888 = ORIENTED_EDGE('',*,*,#6705,.F.);
#6889 = ORIENTED_EDGE('',*,*,#6311,.F.);
#6890 = ORIENTED_EDGE('',*,*,#6891,.F.);
#6891 = EDGE_CURVE('',#6892,#6312,#6894,.T.);
#6892 = VERTEX_POINT('',#6893);
#6893 = CARTESIAN_POINT('',(-55.,23.65,32.75));
#6894 = SURFACE_CURVE('',#6895,(#6899,#6906),.PCURVE_S1.);
#6895 = LINE('',#6896,#6897);
#6896 = CARTESIAN_POINT('',(-55.,23.65,32.75));
#6897 = VECTOR('',#6898,1.);
#6898 = DIRECTION('',(1.,0.,0.));
#6899 = PCURVE('',#6198,#6900);
#6900 = DEFINITIONAL_REPRESENTATION('',(#6901),#6905);
#6901 = LINE('',#6902,#6903);
#6902 = CARTESIAN_POINT('',(-6.75,0.));
#6903 = VECTOR('',#6904,1.);
#6904 = DIRECTION('',(0.,1.));
#6905 = ( GEOMETRIC_REPRESENTATION_CONTEXT(2) 
PARAMETRIC_REPRESENTATION_CONTEXT() REPRESENTATION_CONTEXT('2D SPACE',''
  ) );
#6906 = PCURVE('',#6350,#6907);
#6907 = DEFINITIONAL_REPRESENTATION('',(#6908),#6912);
#6908 = LINE('',#6909,#6910);
#6909 = CARTESIAN_POINT('',(0.,-12.7));
#6910 = VECTOR('',#6911,1.);
#6911 = DIRECTION('',(1.,0.));
#6912 = ( GEOMETRIC_REPRESENTATION_CONTEXT(2) 
PARAMETRIC_REPRESENTATION_CONTEXT() REPRESENTATION_CONTEXT('2D SPACE',''
  ) );
#6913 = ORIENTED_EDGE('',*,*,#6914,.T.);
#6914 = EDGE_CURVE('',#6892,#6155,#6915,.T.);
#6915 = SURFACE_CURVE('',#6916,(#6921,#6928),.PCURVE_S1.);
#6916 = CIRCLE('',#6917,6.75);
#6917 = AXIS2_PLACEMENT_3D('',#6918,#6919,#6920);
#6918 = CARTESIAN_POINT('',(-55.,23.65,39.5));
#6919 = DIRECTION('',(0.,1.,0.));
#6920 = DIRECTION('',(0.,-0.,1.));
#6921 = PCURVE('',#6198,#6922);
#6922 = DEFINITIONAL_REPRESENTATION('',(#6923),#6927);
#6923 = CIRCLE('',#6924,6.75);
#6924 = AXIS2_PLACEMENT_2D('',#6925,#6926);
#6925 = CARTESIAN_POINT('',(0.,0.));
#6926 = DIRECTION('',(1.,0.));
#6927 = ( GEOMETRIC_REPRESENTATION_CONTEXT(2) 
PARAMETRIC_REPRESENTATION_CONTEXT() REPRESENTATION_CONTEXT('2D SPACE',''
  ) );
#6928 = PCURVE('',#6170,#6929);
#6929 = DEFINITIONAL_REPRESENTATION('',(#6930),#6934);
#6930 = LINE('',#6931,#6932);
#6931 = CARTESIAN_POINT('',(0.,0.));
#6932 = VECTOR('',#6933,1.);
#6933 = DIRECTION('',(1.,0.));
#6934 = ( GEOMETRIC_REPRESENTATION_CONTEXT(2) 
PARAMETRIC_REPRESENTATION_CONTEXT() REPRESENTATION_CONTEXT('2D SPACE',''
  ) );
#6935 = ORIENTED_EDGE('',*,*,#6182,.T.);
#6936 = FACE_BOUND('',#6937,.T.);
#6937 = EDGE_LOOP('',(#6938));
#6938 = ORIENTED_EDGE('',*,*,#6785,.F.);
#6939 = ADVANCED_FACE('',(#6940),#6170,.F.);
#6940 = FACE_BOUND('',#6941,.F.);
#6941 = EDGE_LOOP('',(#6942,#6966,#6987,#6988));
#6942 = ORIENTED_EDGE('',*,*,#6943,.F.);
#6943 = EDGE_CURVE('',#6944,#6127,#6946,.T.);
#6944 = VERTEX_POINT('',#6945);
#6945 = CARTESIAN_POINT('',(-55.,36.35,32.75));
#6946 = SURFACE_CURVE('',#6947,(#6952,#6959),.PCURVE_S1.);
#6947 = CIRCLE('',#6948,6.75);
#6948 = AXIS2_PLACEMENT_3D('',#6949,#6950,#6951);
#6949 = CARTESIAN_POINT('',(-55.,36.35,39.5));
#6950 = DIRECTION('',(0.,1.,0.));
#6951 = DIRECTION('',(0.,-0.,1.));
#6952 = PCURVE('',#6170,#6953);
#6953 = DEFINITIONAL_REPRESENTATION('',(#6954),#6958);
#6954 = LINE('',#6955,#6956);
#6955 = CARTESIAN_POINT('',(0.,12.7));
#6956 = VECTOR('',#6957,1.);
#6957 = DIRECTION('',(1.,0.));
#6958 = ( GEOMETRIC_REPRESENTATION_CONTEXT(2) 
PARAMETRIC_REPRESENTATION_CONTEXT() REPRESENTATION_CONTEXT('2D SPACE',''
  ) );
#6959 = PCURVE('',#6142,#6960);
#6960 = DEFINITIONAL_REPRESENTATION('',(#6961),#6965);
#6961 = CIRCLE('',#6962,6.75);
#6962 = AXIS2_PLACEMENT_2D('',#6963,#6964);
#6963 = CARTESIAN_POINT('',(0.,0.));
#6964 = DIRECTION('',(1.,0.));
#6965 = ( GEOMETRIC_REPRESENTATION_CONTEXT(2) 
PARAMETRIC_REPRESENTATION_CONTEXT() REPRESENTATION_CONTEXT('2D SPACE',''
  ) );
#6966 = ORIENTED_EDGE('',*,*,#6967,.T.);
#6967 = EDGE_CURVE('',#6944,#6892,#6968,.T.);
#6968 = SURFACE_CURVE('',#6969,(#6973,#6980),.PCURVE_S1.);
#6969 = LINE('',#6970,#6971);
#6970 = CARTESIAN_POINT('',(-55.,36.35,32.75));
#6971 = VECTOR('',#6972,1.);
#6972 = DIRECTION('',(0.,-1.,0.));
#6973 = PCURVE('',#6170,#6974);
#6974 = DEFINITIONAL_REPRESENTATION('',(#6975),#6979);
#6975 = LINE('',#6976,#6977);
#6976 = CARTESIAN_POINT('',(3.14159265359,12.7));
#6977 = VECTOR('',#6978,1.);
#6978 = DIRECTION('',(0.,-1.));
#6979 = ( GEOMETRIC_REPRESENTATION_CONTEXT(2) 
PARAMETRIC_REPRESENTATION_CONTEXT() REPRESENTATION_CONTEXT('2D SPACE',''
  ) );
#6980 = PCURVE('',#6350,#6981);
#6981 = DEFINITIONAL_REPRESENTATION('',(#6982),#6986);
#6982 = LINE('',#6983,#6984);
#6983 = CARTESIAN_POINT('',(0.,0.));
#6984 = VECTOR('',#6985,1.);
#6985 = DIRECTION('',(0.,-1.));
#6986 = ( GEOMETRIC_REPRESENTATION_CONTEXT(2) 
PARAMETRIC_REPRESENTATION_CONTEXT() REPRESENTATION_CONTEXT('2D SPACE',''
  ) );
#6987 = ORIENTED_EDGE('',*,*,#6914,.T.);
#6988 = ORIENTED_EDGE('',*,*,#6154,.T.);
#6989 = ADVANCED_FACE('',(#6990,#7019),#6142,.F.);
#6990 = FACE_BOUND('',#6991,.F.);
#6991 = EDGE_LOOP('',(#6992,#6993,#6994,#6995,#6996,#7017,#7018));
#6992 = ORIENTED_EDGE('',*,*,#6434,.T.);
#6993 = ORIENTED_EDGE('',*,*,#6515,.T.);
#6994 = ORIENTED_EDGE('',*,*,#6484,.F.);
#6995 = ORIENTED_EDGE('',*,*,#6362,.F.);
#6996 = ORIENTED_EDGE('',*,*,#6997,.F.);
#6997 = EDGE_CURVE('',#6944,#6335,#6998,.T.);
#6998 = SURFACE_CURVE('',#6999,(#7003,#7010),.PCURVE_S1.);
#6999 = LINE('',#7000,#7001);
#7000 = CARTESIAN_POINT('',(-55.,36.35,32.75));
#7001 = VECTOR('',#7002,1.);
#7002 = DIRECTION('',(1.,0.,0.));
#7003 = PCURVE('',#6142,#7004);
#7004 = DEFINITIONAL_REPRESENTATION('',(#7005),#7009);
#7005 = LINE('',#7006,#7007);
#7006 = CARTESIAN_POINT('',(-6.75,0.));
#7007 = VECTOR('',#7008,1.);
#7008 = DIRECTION('',(0.,1.));
#7009 = ( GEOMETRIC_REPRESENTATION_CONTEXT(2) 
PARAMETRIC_REPRESENTATION_CONTEXT() REPRESENTATION_CONTEXT('2D SPACE',''
  ) );
#7010 = PCURVE('',#6350,#7011);
#7011 = DEFINITIONAL_REPRESENTATION('',(#7012),#7016);
#7012 = LINE('',#7013,#7014);
#7013 = CARTESIAN_POINT('',(0.,0.));
#7014 = VECTOR('',#7015,1.);
#7015 = DIRECTION('',(1.,0.));
#7016 = ( GEOMETRIC_REPRESENTATION_CONTEXT(2) 
PARAMETRIC_REPRESENTATION_CONTEXT() REPRESENTATION_CONTEXT('2D SPACE',''
  ) );
#7017 = ORIENTED_EDGE('',*,*,#6943,.T.);
#7018 = ORIENTED_EDGE('',*,*,#6126,.T.);
#7019 = FACE_BOUND('',#7020,.F.);
#7020 = EDGE_LOOP('',(#7021));
#7021 = ORIENTED_EDGE('',*,*,#7022,.F.);
#7022 = EDGE_CURVE('',#7023,#7023,#7025,.T.);
#7023 = VERTEX_POINT('',#7024);
#7024 = CARTESIAN_POINT('',(-55.,36.35,41.2));
#7025 = SURFACE_CURVE('',#7026,(#7031,#7038),.PCURVE_S1.);
#7026 = CIRCLE('',#7027,1.7);
#7027 = AXIS2_PLACEMENT_3D('',#7028,#7029,#7030);
#7028 = CARTESIAN_POINT('',(-55.,36.35,39.5));
#7029 = DIRECTION('',(0.,1.,0.));
#7030 = DIRECTION('',(0.,-0.,1.));
#7031 = PCURVE('',#6142,#7032);
#7032 = DEFINITIONAL_REPRESENTATION('',(#7033),#7037);
#7033 = CIRCLE('',#7034,1.7);
#7034 = AXIS2_PLACEMENT_2D('',#7035,#7036);
#7035 = CARTESIAN_POINT('',(0.,0.));
#7036 = DIRECTION('',(1.,0.));
#7037 = ( GEOMETRIC_REPRESENTATION_CONTEXT(2) 
PARAMETRIC_REPRESENTATION_CONTEXT() REPRESENTATION_CONTEXT('2D SPACE',''
  ) );
#7038 = PCURVE('',#7039,#7044);
#7039 = CYLINDRICAL_SURFACE('',#7040,1.7);
#7040 = AXIS2_PLACEMENT_3D('',#7041,#7042,#7043);
#7041 = CARTESIAN_POINT('',(-55.,15.65,39.5));
#7042 = DIRECTION('',(0.,1.,0.));
#7043 = DIRECTION('',(0.,-0.,1.));
#7044 = DEFINITIONAL_REPRESENTATION('',(#7045),#7049);
#7045 = LINE('',#7046,#7047);
#7046 = CARTESIAN_POINT('',(0.,20.7));
#7047 = VECTOR('',#7048,1.);
#7048 = DIRECTION('',(1.,0.));
#7049 = ( GEOMETRIC_REPRESENTATION_CONTEXT(2) 
PARAMETRIC_REPRESENTATION_CONTEXT() REPRESENTATION_CONTEXT('2D SPACE',''
  ) );
#7050 = ADVANCED_FACE('',(#7051),#6350,.T.);
#7051 = FACE_BOUND('',#7052,.T.);
#7052 = EDGE_LOOP('',(#7053,#7054,#7055,#7056));
#7053 = ORIENTED_EDGE('',*,*,#6997,.F.);
#7054 = ORIENTED_EDGE('',*,*,#6967,.T.);
#7055 = ORIENTED_EDGE('',*,*,#6891,.T.);
#7056 = ORIENTED_EDGE('',*,*,#6334,.T.);
#7057 = ADVANCED_FACE('',(#7058,#7061),#6579,.T.);
#7058 = FACE_BOUND('',#7059,.T.);
#7059 = EDGE_LOOP('',(#7060));
#7060 = ORIENTED_EDGE('',*,*,#6564,.T.);
#7061 = FACE_BOUND('',#7062,.T.);
#7062 = EDGE_LOOP('',(#7063));
#7063 = ORIENTED_EDGE('',*,*,#7064,.F.);
#7064 = EDGE_CURVE('',#7065,#7065,#7067,.T.);
#7065 = VERTEX_POINT('',#7066);
#7066 = CARTESIAN_POINT('',(-55.,38.35,41.2));
#7067 = SURFACE_CURVE('',#7068,(#7073,#7080),.PCURVE_S1.);
#7068 = CIRCLE('',#7069,1.7);
#7069 = AXIS2_PLACEMENT_3D('',#7070,#7071,#7072);
#7070 = CARTESIAN_POINT('',(-55.,38.35,39.5));
#7071 = DIRECTION('',(0.,1.,0.));
#7072 = DIRECTION('',(0.,-0.,1.));
#7073 = PCURVE('',#6579,#7074);
#7074 = DEFINITIONAL_REPRESENTATION('',(#7075),#7079);
#7075 = CIRCLE('',#7076,1.7);
#7076 = AXIS2_PLACEMENT_2D('',#7077,#7078);
#7077 = CARTESIAN_POINT('',(0.,0.));
#7078 = DIRECTION('',(1.,0.));
#7079 = ( GEOMETRIC_REPRESENTATION_CONTEXT(2) 
PARAMETRIC_REPRESENTATION_CONTEXT() REPRESENTATION_CONTEXT('2D SPACE',''
  ) );
#7080 = PCURVE('',#7039,#7081);
#7081 = DEFINITIONAL_REPRESENTATION('',(#7082),#7086);
#7082 = LINE('',#7083,#7084);
#7083 = CARTESIAN_POINT('',(0.,22.7));
#7084 = VECTOR('',#7085,1.);
#7085 = DIRECTION('',(1.,0.));
#7086 = ( GEOMETRIC_REPRESENTATION_CONTEXT(2) 
PARAMETRIC_REPRESENTATION_CONTEXT() REPRESENTATION_CONTEXT('2D SPACE',''
  ) );
#7087 = ADVANCED_FACE('',(#7088,#7091),#6635,.F.);
#7088 = FACE_BOUND('',#7089,.F.);
#7089 = EDGE_LOOP('',(#7090));
#7090 = ORIENTED_EDGE('',*,*,#6858,.T.);
#7091 = FACE_BOUND('',#7092,.F.);
#7092 = EDGE_LOOP('',(#7093));
#7093 = ORIENTED_EDGE('',*,*,#6620,.F.);
#7094 = ADVANCED_FACE('',(#7095),#7039,.F.);
#7095 = FACE_BOUND('',#7096,.F.);
#7096 = EDGE_LOOP('',(#7097,#7098,#7119,#7120));
#7097 = ORIENTED_EDGE('',*,*,#7022,.T.);
#7098 = ORIENTED_EDGE('',*,*,#7099,.T.);
#7099 = EDGE_CURVE('',#7023,#7065,#7100,.T.);
#7100 = SEAM_CURVE('',#7101,(#7105,#7112),.PCURVE_S1.);
#7101 = LINE('',#7102,#7103);
#7102 = CARTESIAN_POINT('',(-55.,15.65,41.2));
#7103 = VECTOR('',#7104,1.);
#7104 = DIRECTION('',(0.,1.,0.));
#7105 = PCURVE('',#7039,#7106);
#7106 = DEFINITIONAL_REPRESENTATION('',(#7107),#7111);
#7107 = LINE('',#7108,#7109);
#7108 = CARTESIAN_POINT('',(0.,-0.));
#7109 = VECTOR('',#7110,1.);
#7110 = DIRECTION('',(0.,1.));
#7111 = ( GEOMETRIC_REPRESENTATION_CONTEXT(2) 
PARAMETRIC_REPRESENTATION_CONTEXT() REPRESENTATION_CONTEXT('2D SPACE',''
  ) );
#7112 = PCURVE('',#7039,#7113);
#7113 = DEFINITIONAL_REPRESENTATION('',(#7114),#7118);
#7114 = LINE('',#7115,#7116);
#7115 = CARTESIAN_POINT('',(6.28318530718,-0.));
#7116 = VECTOR('',#7117,1.);
#7117 = DIRECTION('',(0.,1.));
#7118 = ( GEOMETRIC_REPRESENTATION_CONTEXT(2) 
PARAMETRIC_REPRESENTATION_CONTEXT() REPRESENTATION_CONTEXT('2D SPACE',''
  ) );
#7119 = ORIENTED_EDGE('',*,*,#7064,.F.);
#7120 = ORIENTED_EDGE('',*,*,#7099,.F.);
#7121 = ( GEOMETRIC_REPRESENTATION_CONTEXT(3) 
GLOBAL_UNCERTAINTY_ASSIGNED_CONTEXT((#7125)) 
GLOBAL_UNIT_ASSIGNED_CONTEXT((#7122,#7123,#7124)) REPRESENTATION_CONTEXT
('Context #1','3D Context with UNIT and UNCERTAINTY') );
#7122 = ( LENGTH_UNIT() NAMED_UNIT(*) SI_UNIT(.MILLI.,.METRE.) );
#7123 = ( NAMED_UNIT(*) PLANE_ANGLE_UNIT() SI_UNIT($,.RADIAN.) );
#7124 = ( NAMED_UNIT(*) SI_UNIT($,.STERADIAN.) SOLID_ANGLE_UNIT() );
#7125 = UNCERTAINTY_MEASURE_WITH_UNIT(LENGTH_MEASURE(1.E-07),#7122,
  'distance_accuracy_value','confusion accuracy');
#7126 = CONTEXT_DEPENDENT_SHAPE_REPRESENTATION(#7127,#7129);
#7127 = ( REPRESENTATION_RELATIONSHIP('','',#4735,#2304) 
REPRESENTATION_RELATIONSHIP_WITH_TRANSFORMATION(#7128) 
SHAPE_REPRESENTATION_RELATIONSHIP() );
#7128 = ITEM_DEFINED_TRANSFORMATION('','',#11,#2309);
#7129 = PRODUCT_DEFINITION_SHAPE('Placement','Placement of an item',
  #7130);
#7130 = NEXT_ASSEMBLY_USAGE_OCCURRENCE('10','','',#2299,#4730,$);
#7131 = PRODUCT_RELATED_PRODUCT_CATEGORY('part',$,(#4732));
#7132 = SHAPE_DEFINITION_REPRESENTATION(#7133,#7139);
#7133 = PRODUCT_DEFINITION_SHAPE('','',#7134);
#7134 = PRODUCT_DEFINITION('design','',#7135,#7138);
#7135 = PRODUCT_DEFINITION_FORMATION('','',#7136);
#7136 = PRODUCT('Open CASCADE STEP translator 7.9 5.3',
  'Open CASCADE STEP translator 7.9 5.3','',(#7137));
#7137 = PRODUCT_CONTEXT('',#2,'mechanical');
#7138 = PRODUCT_DEFINITION_CONTEXT('part definition',#2,'design');
#7139 = ADVANCED_BREP_SHAPE_REPRESENTATION('',(#11,#7140),#11069);
#7140 = MANIFOLD_SOLID_BREP('',#7141);
#7141 = CLOSED_SHELL('',(#7142,#7262,#7640,#7690,#7846,#8119,#8166,#8193
    ,#8220,#8247,#8420,#8447,#8693,#8788,#8815,#8842,#8849,#8925,#9001,
    #9139,#9300,#9406,#9544,#9705,#9811,#9838,#9922,#9971,#10020,#10069,
    #10118,#10146,#10265,#10384,#10433,#10574,#10601,#10631,#10659,
    #10708,#10715,#10722,#10771,#10912,#10939,#10969,#10997,#11046,
    #11053,#11060));
#7142 = ADVANCED_FACE('',(#7143),#7157,.F.);
#7143 = FACE_BOUND('',#7144,.F.);
#7144 = EDGE_LOOP('',(#7145,#7180,#7208,#7236));
#7145 = ORIENTED_EDGE('',*,*,#7146,.F.);
#7146 = EDGE_CURVE('',#7147,#7149,#7151,.T.);
#7147 = VERTEX_POINT('',#7148);
#7148 = CARTESIAN_POINT('',(4.5,48.5,77.));
#7149 = VERTEX_POINT('',#7150);
#7150 = CARTESIAN_POINT('',(12.2,48.5,77.));
#7151 = SURFACE_CURVE('',#7152,(#7156,#7168),.PCURVE_S1.);
#7152 = LINE('',#7153,#7154);
#7153 = CARTESIAN_POINT('',(0.,48.5,77.));
#7154 = VECTOR('',#7155,1.);
#7155 = DIRECTION('',(1.,0.,0.));
#7156 = PCURVE('',#7157,#7162);
#7157 = PLANE('',#7158);
#7158 = AXIS2_PLACEMENT_3D('',#7159,#7160,#7161);
#7159 = CARTESIAN_POINT('',(0.,48.5,77.));
#7160 = DIRECTION('',(-0.,0.,1.));
#7161 = DIRECTION('',(1.,0.,0.));
#7162 = DEFINITIONAL_REPRESENTATION('',(#7163),#7167);
#7163 = LINE('',#7164,#7165);
#7164 = CARTESIAN_POINT('',(0.,0.));
#7165 = VECTOR('',#7166,1.);
#7166 = DIRECTION('',(1.,0.));
#7167 = ( GEOMETRIC_REPRESENTATION_CONTEXT(2) 
PARAMETRIC_REPRESENTATION_CONTEXT() REPRESENTATION_CONTEXT('2D SPACE',''
  ) );
#7168 = PCURVE('',#7169,#7174);
#7169 = PLANE('',#7170);
#7170 = AXIS2_PLACEMENT_3D('',#7171,#7172,#7173);
#7171 = CARTESIAN_POINT('',(7.,48.5,85.8));
#7172 = DIRECTION('',(-0.,-1.,-0.));
#7173 = DIRECTION('',(0.,0.,-1.));
#7174 = DEFINITIONAL_REPRESENTATION('',(#7175),#7179);
#7175 = LINE('',#7176,#7177);
#7176 = CARTESIAN_POINT('',(8.8,-7.));
#7177 = VECTOR('',#7178,1.);
#7178 = DIRECTION('',(0.,1.));
#7179 = ( GEOMETRIC_REPRESENTATION_CONTEXT(2) 
PARAMETRIC_REPRESENTATION_CONTEXT() REPRESENTATION_CONTEXT('2D SPACE',''
  ) );
#7180 = ORIENTED_EDGE('',*,*,#7181,.T.);
#7181 = EDGE_CURVE('',#7147,#7182,#7184,.T.);
#7182 = VERTEX_POINT('',#7183);
#7183 = CARTESIAN_POINT('',(4.5,-48.5,77.));
#7184 = SURFACE_CURVE('',#7185,(#7189,#7196),.PCURVE_S1.);
#7185 = LINE('',#7186,#7187);
#7186 = CARTESIAN_POINT('',(4.5,48.5,77.));
#7187 = VECTOR('',#7188,1.);
#7188 = DIRECTION('',(0.,-1.,0.));
#7189 = PCURVE('',#7157,#7190);
#7190 = DEFINITIONAL_REPRESENTATION('',(#7191),#7195);
#7191 = LINE('',#7192,#7193);
#7192 = CARTESIAN_POINT('',(4.5,0.));
#7193 = VECTOR('',#7194,1.);
#7194 = DIRECTION('',(0.,-1.));
#7195 = ( GEOMETRIC_REPRESENTATION_CONTEXT(2) 
PARAMETRIC_REPRESENTATION_CONTEXT() REPRESENTATION_CONTEXT('2D SPACE',''
  ) );
#7196 = PCURVE('',#7197,#7202);
#7197 = CYLINDRICAL_SURFACE('',#7198,4.5);
#7198 = AXIS2_PLACEMENT_3D('',#7199,#7200,#7201);
#7199 = CARTESIAN_POINT('',(4.5,48.5,81.5));
#7200 = DIRECTION('',(0.,-1.,0.));
#7201 = DIRECTION('',(0.,-0.,-1.));
#7202 = DEFINITIONAL_REPRESENTATION('',(#7203),#7207);
#7203 = LINE('',#7204,#7205);
#7204 = CARTESIAN_POINT('',(-0.,0.));
#7205 = VECTOR('',#7206,1.);
#7206 = DIRECTION('',(-0.,1.));
#7207 = ( GEOMETRIC_REPRESENTATION_CONTEXT(2) 
PARAMETRIC_REPRESENTATION_CONTEXT() REPRESENTATION_CONTEXT('2D SPACE',''
  ) );
#7208 = ORIENTED_EDGE('',*,*,#7209,.T.);
#7209 = EDGE_CURVE('',#7182,#7210,#7212,.T.);
#7210 = VERTEX_POINT('',#7211);
#7211 = CARTESIAN_POINT('',(12.2,-48.5,77.));
#7212 = SURFACE_CURVE('',#7213,(#7217,#7224),.PCURVE_S1.);
#7213 = LINE('',#7214,#7215);
#7214 = CARTESIAN_POINT('',(0.,-48.5,77.));
#7215 = VECTOR('',#7216,1.);
#7216 = DIRECTION('',(1.,0.,0.));
#7217 = PCURVE('',#7157,#7218);
#7218 = DEFINITIONAL_REPRESENTATION('',(#7219),#7223);
#7219 = LINE('',#7220,#7221);
#7220 = CARTESIAN_POINT('',(0.,-97.));
#7221 = VECTOR('',#7222,1.);
#7222 = DIRECTION('',(1.,0.));
#7223 = ( GEOMETRIC_REPRESENTATION_CONTEXT(2) 
PARAMETRIC_REPRESENTATION_CONTEXT() REPRESENTATION_CONTEXT('2D SPACE',''
  ) );
#7224 = PCURVE('',#7225,#7230);
#7225 = PLANE('',#7226);
#7226 = AXIS2_PLACEMENT_3D('',#7227,#7228,#7229);
#7227 = CARTESIAN_POINT('',(7.,-48.5,85.8));
#7228 = DIRECTION('',(-0.,-1.,-0.));
#7229 = DIRECTION('',(0.,0.,-1.));
#7230 = DEFINITIONAL_REPRESENTATION('',(#7231),#7235);
#7231 = LINE('',#7232,#7233);
#7232 = CARTESIAN_POINT('',(8.8,-7.));
#7233 = VECTOR('',#7234,1.);
#7234 = DIRECTION('',(0.,1.));
#7235 = ( GEOMETRIC_REPRESENTATION_CONTEXT(2) 
PARAMETRIC_REPRESENTATION_CONTEXT() REPRESENTATION_CONTEXT('2D SPACE',''
  ) );
#7236 = ORIENTED_EDGE('',*,*,#7237,.F.);
#7237 = EDGE_CURVE('',#7149,#7210,#7238,.T.);
#7238 = SURFACE_CURVE('',#7239,(#7243,#7250),.PCURVE_S1.);
#7239 = LINE('',#7240,#7241);
#7240 = CARTESIAN_POINT('',(12.2,48.5,77.));
#7241 = VECTOR('',#7242,1.);
#7242 = DIRECTION('',(0.,-1.,0.));
#7243 = PCURVE('',#7157,#7244);
#7244 = DEFINITIONAL_REPRESENTATION('',(#7245),#7249);
#7245 = LINE('',#7246,#7247);
#7246 = CARTESIAN_POINT('',(12.2,0.));
#7247 = VECTOR('',#7248,1.);
#7248 = DIRECTION('',(0.,-1.));
#7249 = ( GEOMETRIC_REPRESENTATION_CONTEXT(2) 
PARAMETRIC_REPRESENTATION_CONTEXT() REPRESENTATION_CONTEXT('2D SPACE',''
  ) );
#7250 = PCURVE('',#7251,#7256);
#7251 = CYLINDRICAL_SURFACE('',#7252,1.8);
#7252 = AXIS2_PLACEMENT_3D('',#7253,#7254,#7255);
#7253 = CARTESIAN_POINT('',(12.2,48.5,78.8));
#7254 = DIRECTION('',(0.,-1.,0.));
#7255 = DIRECTION('',(0.,-0.,-1.));
#7256 = DEFINITIONAL_REPRESENTATION('',(#7257),#7261);
#7257 = LINE('',#7258,#7259);
#7258 = CARTESIAN_POINT('',(0.,0.));
#7259 = VECTOR('',#7260,1.);
#7260 = DIRECTION('',(0.,1.));
#7261 = ( GEOMETRIC_REPRESENTATION_CONTEXT(2) 
PARAMETRIC_REPRESENTATION_CONTEXT() REPRESENTATION_CONTEXT('2D SPACE',''
  ) );
#7262 = ADVANCED_FACE('',(#7263),#7169,.F.);
#7263 = FACE_BOUND('',#7264,.F.);
#7264 = EDGE_LOOP('',(#7265,#7295,#7328,#7356,#7382,#7383,#7407,#7435,
    #7464,#7492,#7520,#7548,#7581,#7609));
#7265 = ORIENTED_EDGE('',*,*,#7266,.T.);
#7266 = EDGE_CURVE('',#7267,#7269,#7271,.T.);
#7267 = VERTEX_POINT('',#7268);
#7268 = CARTESIAN_POINT('',(12.2,48.5,94.6));
#7269 = VERTEX_POINT('',#7270);
#7270 = CARTESIAN_POINT('',(4.5,48.5,94.6));
#7271 = SURFACE_CURVE('',#7272,(#7276,#7283),.PCURVE_S1.);
#7272 = LINE('',#7273,#7274);
#7273 = CARTESIAN_POINT('',(14.,48.5,94.6));
#7274 = VECTOR('',#7275,1.);
#7275 = DIRECTION('',(-1.,0.,0.));
#7276 = PCURVE('',#7169,#7277);
#7277 = DEFINITIONAL_REPRESENTATION('',(#7278),#7282);
#7278 = LINE('',#7279,#7280);
#7279 = CARTESIAN_POINT('',(-8.8,7.));
#7280 = VECTOR('',#7281,1.);
#7281 = DIRECTION('',(0.,-1.));
#7282 = ( GEOMETRIC_REPRESENTATION_CONTEXT(2) 
PARAMETRIC_REPRESENTATION_CONTEXT() REPRESENTATION_CONTEXT('2D SPACE',''
  ) );
#7283 = PCURVE('',#7284,#7289);
#7284 = PLANE('',#7285);
#7285 = AXIS2_PLACEMENT_3D('',#7286,#7287,#7288);
#7286 = CARTESIAN_POINT('',(14.,48.5,94.6));
#7287 = DIRECTION('',(-0.,-0.,-1.));
#7288 = DIRECTION('',(-1.,0.,0.));
#7289 = DEFINITIONAL_REPRESENTATION('',(#7290),#7294);
#7290 = LINE('',#7291,#7292);
#7291 = CARTESIAN_POINT('',(0.,0.));
#7292 = VECTOR('',#7293,1.);
#7293 = DIRECTION('',(1.,0.));
#7294 = ( GEOMETRIC_REPRESENTATION_CONTEXT(2) 
PARAMETRIC_REPRESENTATION_CONTEXT() REPRESENTATION_CONTEXT('2D SPACE',''
  ) );
#7295 = ORIENTED_EDGE('',*,*,#7296,.F.);
#7296 = EDGE_CURVE('',#7297,#7269,#7299,.T.);
#7297 = VERTEX_POINT('',#7298);
#7298 = CARTESIAN_POINT('',(-8.881784197001E-16,48.5,90.1));
#7299 = SURFACE_CURVE('',#7300,(#7305,#7316),.PCURVE_S1.);
#7300 = CIRCLE('',#7301,4.5);
#7301 = AXIS2_PLACEMENT_3D('',#7302,#7303,#7304);
#7302 = CARTESIAN_POINT('',(4.5,48.5,90.1));
#7303 = DIRECTION('',(-0.,1.,0.));
#7304 = DIRECTION('',(0.,0.,-1.));
#7305 = PCURVE('',#7169,#7306);
#7306 = DEFINITIONAL_REPRESENTATION('',(#7307),#7315);
#7307 = ( BOUNDED_CURVE() B_SPLINE_CURVE(2,(#7308,#7309,#7310,#7311,
#7312,#7313,#7314),.UNSPECIFIED.,.T.,.F.) B_SPLINE_CURVE_WITH_KNOTS((1,2
    ,2,2,2,1),(-2.094395102393,0.,2.094395102393,4.188790204786,
6.28318530718,8.377580409573),.UNSPECIFIED.) CURVE() 
GEOMETRIC_REPRESENTATION_ITEM() RATIONAL_B_SPLINE_CURVE((1.,0.5,1.,0.5,
1.,0.5,1.)) REPRESENTATION_ITEM('') );
#7308 = CARTESIAN_POINT('',(0.2,-2.5));
#7309 = CARTESIAN_POINT('',(0.2,-10.29422863406));
#7310 = CARTESIAN_POINT('',(-6.55,-6.39711431703));
#7311 = CARTESIAN_POINT('',(-13.3,-2.5));
#7312 = CARTESIAN_POINT('',(-6.55,1.39711431703));
#7313 = CARTESIAN_POINT('',(0.2,5.29422863406));
#7314 = CARTESIAN_POINT('',(0.2,-2.5));
#7315 = ( GEOMETRIC_REPRESENTATION_CONTEXT(2) 
PARAMETRIC_REPRESENTATION_CONTEXT() REPRESENTATION_CONTEXT('2D SPACE',''
  ) );
#7316 = PCURVE('',#7317,#7322);
#7317 = CYLINDRICAL_SURFACE('',#7318,4.5);
#7318 = AXIS2_PLACEMENT_3D('',#7319,#7320,#7321);
#7319 = CARTESIAN_POINT('',(4.5,48.5,90.1));
#7320 = DIRECTION('',(0.,-1.,0.));
#7321 = DIRECTION('',(-1.,-0.,0.));
#7322 = DEFINITIONAL_REPRESENTATION('',(#7323),#7327);
#7323 = LINE('',#7324,#7325);
#7324 = CARTESIAN_POINT('',(1.570796326795,-0.));
#7325 = VECTOR('',#7326,1.);
#7326 = DIRECTION('',(-1.,0.));
#7327 = ( GEOMETRIC_REPRESENTATION_CONTEXT(2) 
PARAMETRIC_REPRESENTATION_CONTEXT() REPRESENTATION_CONTEXT('2D SPACE',''
  ) );
#7328 = ORIENTED_EDGE('',*,*,#7329,.T.);
#7329 = EDGE_CURVE('',#7297,#7330,#7332,.T.);
#7330 = VERTEX_POINT('',#7331);
#7331 = CARTESIAN_POINT('',(-8.881784197001E-16,48.5,81.5));
#7332 = SURFACE_CURVE('',#7333,(#7337,#7344),.PCURVE_S1.);
#7333 = LINE('',#7334,#7335);
#7334 = CARTESIAN_POINT('',(0.,48.5,94.6));
#7335 = VECTOR('',#7336,1.);
#7336 = DIRECTION('',(0.,0.,-1.));
#7337 = PCURVE('',#7169,#7338);
#7338 = DEFINITIONAL_REPRESENTATION('',(#7339),#7343);
#7339 = LINE('',#7340,#7341);
#7340 = CARTESIAN_POINT('',(-8.8,-7.));
#7341 = VECTOR('',#7342,1.);
#7342 = DIRECTION('',(1.,0.));
#7343 = ( GEOMETRIC_REPRESENTATION_CONTEXT(2) 
PARAMETRIC_REPRESENTATION_CONTEXT() REPRESENTATION_CONTEXT('2D SPACE',''
  ) );
#7344 = PCURVE('',#7345,#7350);
#7345 = PLANE('',#7346);
#7346 = AXIS2_PLACEMENT_3D('',#7347,#7348,#7349);
#7347 = CARTESIAN_POINT('',(0.,48.5,94.6));
#7348 = DIRECTION('',(1.,0.,0.));
#7349 = DIRECTION('',(0.,0.,-1.));
#7350 = DEFINITIONAL_REPRESENTATION('',(#7351),#7355);
#7351 = LINE('',#7352,#7353);
#7352 = CARTESIAN_POINT('',(0.,0.));
#7353 = VECTOR('',#7354,1.);
#7354 = DIRECTION('',(1.,0.));
#7355 = ( GEOMETRIC_REPRESENTATION_CONTEXT(2) 
PARAMETRIC_REPRESENTATION_CONTEXT() REPRESENTATION_CONTEXT('2D SPACE',''
  ) );
#7356 = ORIENTED_EDGE('',*,*,#7357,.F.);
#7357 = EDGE_CURVE('',#7147,#7330,#7358,.T.);
#7358 = SURFACE_CURVE('',#7359,(#7364,#7375),.PCURVE_S1.);
#7359 = CIRCLE('',#7360,4.5);
#7360 = AXIS2_PLACEMENT_3D('',#7361,#7362,#7363);
#7361 = CARTESIAN_POINT('',(4.5,48.5,81.5));
#7362 = DIRECTION('',(-0.,1.,0.));
#7363 = DIRECTION('',(0.,0.,-1.));
#7364 = PCURVE('',#7169,#7365);
#7365 = DEFINITIONAL_REPRESENTATION('',(#7366),#7374);
#7366 = ( BOUNDED_CURVE() B_SPLINE_CURVE(2,(#7367,#7368,#7369,#7370,
#7371,#7372,#7373),.UNSPECIFIED.,.T.,.F.) B_SPLINE_CURVE_WITH_KNOTS((1,2
    ,2,2,2,1),(-2.094395102393,0.,2.094395102393,4.188790204786,
6.28318530718,8.377580409573),.UNSPECIFIED.) CURVE() 
GEOMETRIC_REPRESENTATION_ITEM() RATIONAL_B_SPLINE_CURVE((1.,0.5,1.,0.5,
1.,0.5,1.)) REPRESENTATION_ITEM('') );
#7367 = CARTESIAN_POINT('',(8.8,-2.5));
#7368 = CARTESIAN_POINT('',(8.8,-10.29422863406));
#7369 = CARTESIAN_POINT('',(2.05,-6.39711431703));
#7370 = CARTESIAN_POINT('',(-4.7,-2.5));
#7371 = CARTESIAN_POINT('',(2.05,1.39711431703));
#7372 = CARTESIAN_POINT('',(8.8,5.29422863406));
#7373 = CARTESIAN_POINT('',(8.8,-2.5));
#7374 = ( GEOMETRIC_REPRESENTATION_CONTEXT(2) 
PARAMETRIC_REPRESENTATION_CONTEXT() REPRESENTATION_CONTEXT('2D SPACE',''
  ) );
#7375 = PCURVE('',#7197,#7376);
#7376 = DEFINITIONAL_REPRESENTATION('',(#7377),#7381);
#7377 = LINE('',#7378,#7379);
#7378 = CARTESIAN_POINT('',(-0.,0.));
#7379 = VECTOR('',#7380,1.);
#7380 = DIRECTION('',(-1.,0.));
#7381 = ( GEOMETRIC_REPRESENTATION_CONTEXT(2) 
PARAMETRIC_REPRESENTATION_CONTEXT() REPRESENTATION_CONTEXT('2D SPACE',''
  ) );
#7382 = ORIENTED_EDGE('',*,*,#7146,.T.);
#7383 = ORIENTED_EDGE('',*,*,#7384,.T.);
#7384 = EDGE_CURVE('',#7149,#7385,#7387,.T.);
#7385 = VERTEX_POINT('',#7386);
#7386 = CARTESIAN_POINT('',(14.,48.5,78.8));
#7387 = SURFACE_CURVE('',#7388,(#7393,#7400),.PCURVE_S1.);
#7388 = CIRCLE('',#7389,1.8);
#7389 = AXIS2_PLACEMENT_3D('',#7390,#7391,#7392);
#7390 = CARTESIAN_POINT('',(12.2,48.5,78.8));
#7391 = DIRECTION('',(0.,-1.,0.));
#7392 = DIRECTION('',(0.,-0.,-1.));
#7393 = PCURVE('',#7169,#7394);
#7394 = DEFINITIONAL_REPRESENTATION('',(#7395),#7399);
#7395 = CIRCLE('',#7396,1.8);
#7396 = AXIS2_PLACEMENT_2D('',#7397,#7398);
#7397 = CARTESIAN_POINT('',(7.,5.2));
#7398 = DIRECTION('',(1.,0.));
#7399 = ( GEOMETRIC_REPRESENTATION_CONTEXT(2) 
PARAMETRIC_REPRESENTATION_CONTEXT() REPRESENTATION_CONTEXT('2D SPACE',''
  ) );
#7400 = PCURVE('',#7251,#7401);
#7401 = DEFINITIONAL_REPRESENTATION('',(#7402),#7406);
#7402 = LINE('',#7403,#7404);
#7403 = CARTESIAN_POINT('',(0.,0.));
#7404 = VECTOR('',#7405,1.);
#7405 = DIRECTION('',(1.,0.));
#7406 = ( GEOMETRIC_REPRESENTATION_CONTEXT(2) 
PARAMETRIC_REPRESENTATION_CONTEXT() REPRESENTATION_CONTEXT('2D SPACE',''
  ) );
#7407 = ORIENTED_EDGE('',*,*,#7408,.T.);
#7408 = EDGE_CURVE('',#7385,#7409,#7411,.T.);
#7409 = VERTEX_POINT('',#7410);
#7410 = CARTESIAN_POINT('',(14.,48.5,80.2));
#7411 = SURFACE_CURVE('',#7412,(#7416,#7423),.PCURVE_S1.);
#7412 = LINE('',#7413,#7414);
#7413 = CARTESIAN_POINT('',(14.,48.5,77.));
#7414 = VECTOR('',#7415,1.);
#7415 = DIRECTION('',(0.,0.,1.));
#7416 = PCURVE('',#7169,#7417);
#7417 = DEFINITIONAL_REPRESENTATION('',(#7418),#7422);
#7418 = LINE('',#7419,#7420);
#7419 = CARTESIAN_POINT('',(8.8,7.));
#7420 = VECTOR('',#7421,1.);
#7421 = DIRECTION('',(-1.,0.));
#7422 = ( GEOMETRIC_REPRESENTATION_CONTEXT(2) 
PARAMETRIC_REPRESENTATION_CONTEXT() REPRESENTATION_CONTEXT('2D SPACE',''
  ) );
#7423 = PCURVE('',#7424,#7429);
#7424 = PLANE('',#7425);
#7425 = AXIS2_PLACEMENT_3D('',#7426,#7427,#7428);
#7426 = CARTESIAN_POINT('',(14.,48.5,77.));
#7427 = DIRECTION('',(-1.,0.,0.));
#7428 = DIRECTION('',(0.,0.,1.));
#7429 = DEFINITIONAL_REPRESENTATION('',(#7430),#7434);
#7430 = LINE('',#7431,#7432);
#7431 = CARTESIAN_POINT('',(0.,0.));
#7432 = VECTOR('',#7433,1.);
#7433 = DIRECTION('',(1.,0.));
#7434 = ( GEOMETRIC_REPRESENTATION_CONTEXT(2) 
PARAMETRIC_REPRESENTATION_CONTEXT() REPRESENTATION_CONTEXT('2D SPACE',''
  ) );
#7435 = ORIENTED_EDGE('',*,*,#7436,.T.);
#7436 = EDGE_CURVE('',#7409,#7437,#7439,.T.);
#7437 = VERTEX_POINT('',#7438);
#7438 = CARTESIAN_POINT('',(12.2,48.5,82.));
#7439 = SURFACE_CURVE('',#7440,(#7445,#7452),.PCURVE_S1.);
#7440 = CIRCLE('',#7441,1.8);
#7441 = AXIS2_PLACEMENT_3D('',#7442,#7443,#7444);
#7442 = CARTESIAN_POINT('',(12.2,48.5,80.2));
#7443 = DIRECTION('',(-0.,-1.,0.));
#7444 = DIRECTION('',(0.,-0.,1.));
#7445 = PCURVE('',#7169,#7446);
#7446 = DEFINITIONAL_REPRESENTATION('',(#7447),#7451);
#7447 = CIRCLE('',#7448,1.8);
#7448 = AXIS2_PLACEMENT_2D('',#7449,#7450);
#7449 = CARTESIAN_POINT('',(5.6,5.2));
#7450 = DIRECTION('',(-1.,0.));
#7451 = ( GEOMETRIC_REPRESENTATION_CONTEXT(2) 
PARAMETRIC_REPRESENTATION_CONTEXT() REPRESENTATION_CONTEXT('2D SPACE',''
  ) );
#7452 = PCURVE('',#7453,#7458);
#7453 = CYLINDRICAL_SURFACE('',#7454,1.8);
#7454 = AXIS2_PLACEMENT_3D('',#7455,#7456,#7457);
#7455 = CARTESIAN_POINT('',(12.2,-48.5,80.2));
#7456 = DIRECTION('',(0.,1.,0.));
#7457 = DIRECTION('',(1.,0.,-0.));
#7458 = DEFINITIONAL_REPRESENTATION('',(#7459),#7463);
#7459 = LINE('',#7460,#7461);
#7460 = CARTESIAN_POINT('',(4.712388980385,97.));
#7461 = VECTOR('',#7462,1.);
#7462 = DIRECTION('',(-1.,0.));
#7463 = ( GEOMETRIC_REPRESENTATION_CONTEXT(2) 
PARAMETRIC_REPRESENTATION_CONTEXT() REPRESENTATION_CONTEXT('2D SPACE',''
  ) );
#7464 = ORIENTED_EDGE('',*,*,#7465,.F.);
#7465 = EDGE_CURVE('',#7466,#7437,#7468,.T.);
#7466 = VERTEX_POINT('',#7467);
#7467 = CARTESIAN_POINT('',(5.,48.5,82.));
#7468 = SURFACE_CURVE('',#7469,(#7473,#7480),.PCURVE_S1.);
#7469 = LINE('',#7470,#7471);
#7470 = CARTESIAN_POINT('',(5.,48.5,82.));
#7471 = VECTOR('',#7472,1.);
#7472 = DIRECTION('',(1.,0.,0.));
#7473 = PCURVE('',#7169,#7474);
#7474 = DEFINITIONAL_REPRESENTATION('',(#7475),#7479);
#7475 = LINE('',#7476,#7477);
#7476 = CARTESIAN_POINT('',(3.8,-2.));
#7477 = VECTOR('',#7478,1.);
#7478 = DIRECTION('',(0.,1.));
#7479 = ( GEOMETRIC_REPRESENTATION_CONTEXT(2) 
PARAMETRIC_REPRESENTATION_CONTEXT() REPRESENTATION_CONTEXT('2D SPACE',''
  ) );
#7480 = PCURVE('',#7481,#7486);
#7481 = PLANE('',#7482);
#7482 = AXIS2_PLACEMENT_3D('',#7483,#7484,#7485);
#7483 = CARTESIAN_POINT('',(5.,48.5,82.));
#7484 = DIRECTION('',(-0.,0.,1.));
#7485 = DIRECTION('',(1.,0.,0.));
#7486 = DEFINITIONAL_REPRESENTATION('',(#7487),#7491);
#7487 = LINE('',#7488,#7489);
#7488 = CARTESIAN_POINT('',(0.,0.));
#7489 = VECTOR('',#7490,1.);
#7490 = DIRECTION('',(1.,0.));
#7491 = ( GEOMETRIC_REPRESENTATION_CONTEXT(2) 
PARAMETRIC_REPRESENTATION_CONTEXT() REPRESENTATION_CONTEXT('2D SPACE',''
  ) );
#7492 = ORIENTED_EDGE('',*,*,#7493,.F.);
#7493 = EDGE_CURVE('',#7494,#7466,#7496,.T.);
#7494 = VERTEX_POINT('',#7495);
#7495 = CARTESIAN_POINT('',(5.,48.5,89.6));
#7496 = SURFACE_CURVE('',#7497,(#7501,#7508),.PCURVE_S1.);
#7497 = LINE('',#7498,#7499);
#7498 = CARTESIAN_POINT('',(5.,48.5,89.6));
#7499 = VECTOR('',#7500,1.);
#7500 = DIRECTION('',(0.,0.,-1.));
#7501 = PCURVE('',#7169,#7502);
#7502 = DEFINITIONAL_REPRESENTATION('',(#7503),#7507);
#7503 = LINE('',#7504,#7505);
#7504 = CARTESIAN_POINT('',(-3.8,-2.));
#7505 = VECTOR('',#7506,1.);
#7506 = DIRECTION('',(1.,0.));
#7507 = ( GEOMETRIC_REPRESENTATION_CONTEXT(2) 
PARAMETRIC_REPRESENTATION_CONTEXT() REPRESENTATION_CONTEXT('2D SPACE',''
  ) );
#7508 = PCURVE('',#7509,#7514);
#7509 = PLANE('',#7510);
#7510 = AXIS2_PLACEMENT_3D('',#7511,#7512,#7513);
#7511 = CARTESIAN_POINT('',(5.,48.5,89.6));
#7512 = DIRECTION('',(1.,0.,0.));
#7513 = DIRECTION('',(0.,0.,-1.));
#7514 = DEFINITIONAL_REPRESENTATION('',(#7515),#7519);
#7515 = LINE('',#7516,#7517);
#7516 = CARTESIAN_POINT('',(0.,0.));
#7517 = VECTOR('',#7518,1.);
#7518 = DIRECTION('',(1.,0.));
#7519 = ( GEOMETRIC_REPRESENTATION_CONTEXT(2) 
PARAMETRIC_REPRESENTATION_CONTEXT() REPRESENTATION_CONTEXT('2D SPACE',''
  ) );
#7520 = ORIENTED_EDGE('',*,*,#7521,.F.);
#7521 = EDGE_CURVE('',#7522,#7494,#7524,.T.);
#7522 = VERTEX_POINT('',#7523);
#7523 = CARTESIAN_POINT('',(12.2,48.5,89.6));
#7524 = SURFACE_CURVE('',#7525,(#7529,#7536),.PCURVE_S1.);
#7525 = LINE('',#7526,#7527);
#7526 = CARTESIAN_POINT('',(19.,48.5,89.6));
#7527 = VECTOR('',#7528,1.);
#7528 = DIRECTION('',(-1.,0.,0.));
#7529 = PCURVE('',#7169,#7530);
#7530 = DEFINITIONAL_REPRESENTATION('',(#7531),#7535);
#7531 = LINE('',#7532,#7533);
#7532 = CARTESIAN_POINT('',(-3.8,12.));
#7533 = VECTOR('',#7534,1.);
#7534 = DIRECTION('',(0.,-1.));
#7535 = ( GEOMETRIC_REPRESENTATION_CONTEXT(2) 
PARAMETRIC_REPRESENTATION_CONTEXT() REPRESENTATION_CONTEXT('2D SPACE',''
  ) );
#7536 = PCURVE('',#7537,#7542);
#7537 = PLANE('',#7538);
#7538 = AXIS2_PLACEMENT_3D('',#7539,#7540,#7541);
#7539 = CARTESIAN_POINT('',(19.,48.5,89.6));
#7540 = DIRECTION('',(-0.,-0.,-1.));
#7541 = DIRECTION('',(-1.,0.,0.));
#7542 = DEFINITIONAL_REPRESENTATION('',(#7543),#7547);
#7543 = LINE('',#7544,#7545);
#7544 = CARTESIAN_POINT('',(0.,0.));
#7545 = VECTOR('',#7546,1.);
#7546 = DIRECTION('',(1.,0.));
#7547 = ( GEOMETRIC_REPRESENTATION_CONTEXT(2) 
PARAMETRIC_REPRESENTATION_CONTEXT() REPRESENTATION_CONTEXT('2D SPACE',''
  ) );
#7548 = ORIENTED_EDGE('',*,*,#7549,.F.);
#7549 = EDGE_CURVE('',#7550,#7522,#7552,.T.);
#7550 = VERTEX_POINT('',#7551);
#7551 = CARTESIAN_POINT('',(14.,48.5,91.4));
#7552 = SURFACE_CURVE('',#7553,(#7558,#7569),.PCURVE_S1.);
#7553 = CIRCLE('',#7554,1.8);
#7554 = AXIS2_PLACEMENT_3D('',#7555,#7556,#7557);
#7555 = CARTESIAN_POINT('',(12.2,48.5,91.4));
#7556 = DIRECTION('',(-0.,1.,0.));
#7557 = DIRECTION('',(0.,0.,-1.));
#7558 = PCURVE('',#7169,#7559);
#7559 = DEFINITIONAL_REPRESENTATION('',(#7560),#7568);
#7560 = ( BOUNDED_CURVE() B_SPLINE_CURVE(2,(#7561,#7562,#7563,#7564,
#7565,#7566,#7567),.UNSPECIFIED.,.T.,.F.) B_SPLINE_CURVE_WITH_KNOTS((1,2
    ,2,2,2,1),(-2.094395102393,0.,2.094395102393,4.188790204786,
6.28318530718,8.377580409573),.UNSPECIFIED.) CURVE() 
GEOMETRIC_REPRESENTATION_ITEM() RATIONAL_B_SPLINE_CURVE((1.,0.5,1.,0.5,
1.,0.5,1.)) REPRESENTATION_ITEM('') );
#7561 = CARTESIAN_POINT('',(-3.8,5.2));
#7562 = CARTESIAN_POINT('',(-3.8,2.082308546376));
#7563 = CARTESIAN_POINT('',(-6.5,3.641154273188));
#7564 = CARTESIAN_POINT('',(-9.2,5.2));
#7565 = CARTESIAN_POINT('',(-6.5,6.758845726812));
#7566 = CARTESIAN_POINT('',(-3.8,8.317691453624));
#7567 = CARTESIAN_POINT('',(-3.8,5.2));
#7568 = ( GEOMETRIC_REPRESENTATION_CONTEXT(2) 
PARAMETRIC_REPRESENTATION_CONTEXT() REPRESENTATION_CONTEXT('2D SPACE',''
  ) );
#7569 = PCURVE('',#7570,#7575);
#7570 = CYLINDRICAL_SURFACE('',#7571,1.8);
#7571 = AXIS2_PLACEMENT_3D('',#7572,#7573,#7574);
#7572 = CARTESIAN_POINT('',(12.2,48.5,91.4));
#7573 = DIRECTION('',(0.,-1.,0.));
#7574 = DIRECTION('',(1.,0.,-0.));
#7575 = DEFINITIONAL_REPRESENTATION('',(#7576),#7580);
#7576 = LINE('',#7577,#7578);
#7577 = CARTESIAN_POINT('',(4.712388980385,-0.));
#7578 = VECTOR('',#7579,1.);
#7579 = DIRECTION('',(-1.,0.));
#7580 = ( GEOMETRIC_REPRESENTATION_CONTEXT(2) 
PARAMETRIC_REPRESENTATION_CONTEXT() REPRESENTATION_CONTEXT('2D SPACE',''
  ) );
#7581 = ORIENTED_EDGE('',*,*,#7582,.T.);
#7582 = EDGE_CURVE('',#7550,#7583,#7585,.T.);
#7583 = VERTEX_POINT('',#7584);
#7584 = CARTESIAN_POINT('',(14.,48.5,92.8));
#7585 = SURFACE_CURVE('',#7586,(#7590,#7597),.PCURVE_S1.);
#7586 = LINE('',#7587,#7588);
#7587 = CARTESIAN_POINT('',(14.,48.5,77.));
#7588 = VECTOR('',#7589,1.);
#7589 = DIRECTION('',(0.,0.,1.));
#7590 = PCURVE('',#7169,#7591);
#7591 = DEFINITIONAL_REPRESENTATION('',(#7592),#7596);
#7592 = LINE('',#7593,#7594);
#7593 = CARTESIAN_POINT('',(8.8,7.));
#7594 = VECTOR('',#7595,1.);
#7595 = DIRECTION('',(-1.,0.));
#7596 = ( GEOMETRIC_REPRESENTATION_CONTEXT(2) 
PARAMETRIC_REPRESENTATION_CONTEXT() REPRESENTATION_CONTEXT('2D SPACE',''
  ) );
#7597 = PCURVE('',#7598,#7603);
#7598 = PLANE('',#7599);
#7599 = AXIS2_PLACEMENT_3D('',#7600,#7601,#7602);
#7600 = CARTESIAN_POINT('',(14.,48.5,77.));
#7601 = DIRECTION('',(-1.,0.,0.));
#7602 = DIRECTION('',(0.,0.,1.));
#7603 = DEFINITIONAL_REPRESENTATION('',(#7604),#7608);
#7604 = LINE('',#7605,#7606);
#7605 = CARTESIAN_POINT('',(0.,0.));
#7606 = VECTOR('',#7607,1.);
#7607 = DIRECTION('',(1.,0.));
#7608 = ( GEOMETRIC_REPRESENTATION_CONTEXT(2) 
PARAMETRIC_REPRESENTATION_CONTEXT() REPRESENTATION_CONTEXT('2D SPACE',''
  ) );
#7609 = ORIENTED_EDGE('',*,*,#7610,.F.);
#7610 = EDGE_CURVE('',#7267,#7583,#7611,.T.);
#7611 = SURFACE_CURVE('',#7612,(#7617,#7628),.PCURVE_S1.);
#7612 = CIRCLE('',#7613,1.8);
#7613 = AXIS2_PLACEMENT_3D('',#7614,#7615,#7616);
#7614 = CARTESIAN_POINT('',(12.2,48.5,92.8));
#7615 = DIRECTION('',(-0.,1.,0.));
#7616 = DIRECTION('',(0.,0.,-1.));
#7617 = PCURVE('',#7169,#7618);
#7618 = DEFINITIONAL_REPRESENTATION('',(#7619),#7627);
#7619 = ( BOUNDED_CURVE() B_SPLINE_CURVE(2,(#7620,#7621,#7622,#7623,
#7624,#7625,#7626),.UNSPECIFIED.,.T.,.F.) B_SPLINE_CURVE_WITH_KNOTS((1,2
    ,2,2,2,1),(-2.094395102393,0.,2.094395102393,4.188790204786,
6.28318530718,8.377580409573),.UNSPECIFIED.) CURVE() 
GEOMETRIC_REPRESENTATION_ITEM() RATIONAL_B_SPLINE_CURVE((1.,0.5,1.,0.5,
1.,0.5,1.)) REPRESENTATION_ITEM('') );
#7620 = CARTESIAN_POINT('',(-5.2,5.2));
#7621 = CARTESIAN_POINT('',(-5.2,2.082308546376));
#7622 = CARTESIAN_POINT('',(-7.9,3.641154273188));
#7623 = CARTESIAN_POINT('',(-10.6,5.2));
#7624 = CARTESIAN_POINT('',(-7.9,6.758845726812));
#7625 = CARTESIAN_POINT('',(-5.2,8.317691453624));
#7626 = CARTESIAN_POINT('',(-5.2,5.2));
#7627 = ( GEOMETRIC_REPRESENTATION_CONTEXT(2) 
PARAMETRIC_REPRESENTATION_CONTEXT() REPRESENTATION_CONTEXT('2D SPACE',''
  ) );
#7628 = PCURVE('',#7629,#7634);
#7629 = CYLINDRICAL_SURFACE('',#7630,1.8);
#7630 = AXIS2_PLACEMENT_3D('',#7631,#7632,#7633);
#7631 = CARTESIAN_POINT('',(12.2,48.5,92.8));
#7632 = DIRECTION('',(0.,-1.,0.));
#7633 = DIRECTION('',(-0.,0.,1.));
#7634 = DEFINITIONAL_REPRESENTATION('',(#7635),#7639);
#7635 = LINE('',#7636,#7637);
#7636 = CARTESIAN_POINT('',(3.14159265359,-0.));
#7637 = VECTOR('',#7638,1.);
#7638 = DIRECTION('',(-1.,0.));
#7639 = ( GEOMETRIC_REPRESENTATION_CONTEXT(2) 
PARAMETRIC_REPRESENTATION_CONTEXT() REPRESENTATION_CONTEXT('2D SPACE',''
  ) );
#7640 = ADVANCED_FACE('',(#7641),#7251,.T.);
#7641 = FACE_BOUND('',#7642,.T.);
#7642 = EDGE_LOOP('',(#7643,#7644,#7667,#7689));
#7643 = ORIENTED_EDGE('',*,*,#7384,.T.);
#7644 = ORIENTED_EDGE('',*,*,#7645,.T.);
#7645 = EDGE_CURVE('',#7385,#7646,#7648,.T.);
#7646 = VERTEX_POINT('',#7647);
#7647 = CARTESIAN_POINT('',(14.,-48.5,78.8));
#7648 = SURFACE_CURVE('',#7649,(#7653,#7660),.PCURVE_S1.);
#7649 = LINE('',#7650,#7651);
#7650 = CARTESIAN_POINT('',(14.,48.5,78.8));
#7651 = VECTOR('',#7652,1.);
#7652 = DIRECTION('',(0.,-1.,0.));
#7653 = PCURVE('',#7251,#7654);
#7654 = DEFINITIONAL_REPRESENTATION('',(#7655),#7659);
#7655 = LINE('',#7656,#7657);
#7656 = CARTESIAN_POINT('',(1.570796326795,0.));
#7657 = VECTOR('',#7658,1.);
#7658 = DIRECTION('',(0.,1.));
#7659 = ( GEOMETRIC_REPRESENTATION_CONTEXT(2) 
PARAMETRIC_REPRESENTATION_CONTEXT() REPRESENTATION_CONTEXT('2D SPACE',''
  ) );
#7660 = PCURVE('',#7424,#7661);
#7661 = DEFINITIONAL_REPRESENTATION('',(#7662),#7666);
#7662 = LINE('',#7663,#7664);
#7663 = CARTESIAN_POINT('',(1.8,0.));
#7664 = VECTOR('',#7665,1.);
#7665 = DIRECTION('',(0.,-1.));
#7666 = ( GEOMETRIC_REPRESENTATION_CONTEXT(2) 
PARAMETRIC_REPRESENTATION_CONTEXT() REPRESENTATION_CONTEXT('2D SPACE',''
  ) );
#7667 = ORIENTED_EDGE('',*,*,#7668,.F.);
#7668 = EDGE_CURVE('',#7210,#7646,#7669,.T.);
#7669 = SURFACE_CURVE('',#7670,(#7675,#7682),.PCURVE_S1.);
#7670 = CIRCLE('',#7671,1.8);
#7671 = AXIS2_PLACEMENT_3D('',#7672,#7673,#7674);
#7672 = CARTESIAN_POINT('',(12.2,-48.5,78.8));
#7673 = DIRECTION('',(0.,-1.,0.));
#7674 = DIRECTION('',(0.,-0.,-1.));
#7675 = PCURVE('',#7251,#7676);
#7676 = DEFINITIONAL_REPRESENTATION('',(#7677),#7681);
#7677 = LINE('',#7678,#7679);
#7678 = CARTESIAN_POINT('',(0.,97.));
#7679 = VECTOR('',#7680,1.);
#7680 = DIRECTION('',(1.,0.));
#7681 = ( GEOMETRIC_REPRESENTATION_CONTEXT(2) 
PARAMETRIC_REPRESENTATION_CONTEXT() REPRESENTATION_CONTEXT('2D SPACE',''
  ) );
#7682 = PCURVE('',#7225,#7683);
#7683 = DEFINITIONAL_REPRESENTATION('',(#7684),#7688);
#7684 = CIRCLE('',#7685,1.8);
#7685 = AXIS2_PLACEMENT_2D('',#7686,#7687);
#7686 = CARTESIAN_POINT('',(7.,5.2));
#7687 = DIRECTION('',(1.,0.));
#7688 = ( GEOMETRIC_REPRESENTATION_CONTEXT(2) 
PARAMETRIC_REPRESENTATION_CONTEXT() REPRESENTATION_CONTEXT('2D SPACE',''
  ) );
#7689 = ORIENTED_EDGE('',*,*,#7237,.F.);
#7690 = ADVANCED_FACE('',(#7691),#7197,.T.);
#7691 = FACE_BOUND('',#7692,.F.);
#7692 = EDGE_LOOP('',(#7693,#7694,#7717,#7745,#7768,#7796,#7819,#7845));
#7693 = ORIENTED_EDGE('',*,*,#7357,.T.);
#7694 = ORIENTED_EDGE('',*,*,#7695,.T.);
#7695 = EDGE_CURVE('',#7330,#7696,#7698,.T.);
#7696 = VERTEX_POINT('',#7697);
#7697 = CARTESIAN_POINT('',(-4.440892098501E-16,36.35,81.5));
#7698 = SURFACE_CURVE('',#7699,(#7703,#7710),.PCURVE_S1.);
#7699 = LINE('',#7700,#7701);
#7700 = CARTESIAN_POINT('',(-8.881784197001E-16,48.5,81.5));
#7701 = VECTOR('',#7702,1.);
#7702 = DIRECTION('',(0.,-1.,0.));
#7703 = PCURVE('',#7197,#7704);
#7704 = DEFINITIONAL_REPRESENTATION('',(#7705),#7709);
#7705 = LINE('',#7706,#7707);
#7706 = CARTESIAN_POINT('',(-1.570796326795,0.));
#7707 = VECTOR('',#7708,1.);
#7708 = DIRECTION('',(-0.,1.));
#7709 = ( GEOMETRIC_REPRESENTATION_CONTEXT(2) 
PARAMETRIC_REPRESENTATION_CONTEXT() REPRESENTATION_CONTEXT('2D SPACE',''
  ) );
#7710 = PCURVE('',#7345,#7711);
#7711 = DEFINITIONAL_REPRESENTATION('',(#7712),#7716);
#7712 = LINE('',#7713,#7714);
#7713 = CARTESIAN_POINT('',(13.1,0.));
#7714 = VECTOR('',#7715,1.);
#7715 = DIRECTION('',(0.,-1.));
#7716 = ( GEOMETRIC_REPRESENTATION_CONTEXT(2) 
PARAMETRIC_REPRESENTATION_CONTEXT() REPRESENTATION_CONTEXT('2D SPACE',''
  ) );
#7717 = ORIENTED_EDGE('',*,*,#7718,.T.);
#7718 = EDGE_CURVE('',#7696,#7719,#7721,.T.);
#7719 = VERTEX_POINT('',#7720);
#7720 = CARTESIAN_POINT('',(-4.440892098501E-16,23.65,81.5));
#7721 = SURFACE_CURVE('',#7722,(#7726,#7733),.PCURVE_S1.);
#7722 = LINE('',#7723,#7724);
#7723 = CARTESIAN_POINT('',(-8.881784197001E-16,48.5,81.5));
#7724 = VECTOR('',#7725,1.);
#7725 = DIRECTION('',(0.,-1.,0.));
#7726 = PCURVE('',#7197,#7727);
#7727 = DEFINITIONAL_REPRESENTATION('',(#7728),#7732);
#7728 = LINE('',#7729,#7730);
#7729 = CARTESIAN_POINT('',(-1.570796326795,0.));
#7730 = VECTOR('',#7731,1.);
#7731 = DIRECTION('',(-0.,1.));
#7732 = ( GEOMETRIC_REPRESENTATION_CONTEXT(2) 
PARAMETRIC_REPRESENTATION_CONTEXT() REPRESENTATION_CONTEXT('2D SPACE',''
  ) );
#7733 = PCURVE('',#7734,#7739);
#7734 = PLANE('',#7735);
#7735 = AXIS2_PLACEMENT_3D('',#7736,#7737,#7738);
#7736 = CARTESIAN_POINT('',(0.,36.35,74.5));
#7737 = DIRECTION('',(-1.,0.,0.));
#7738 = DIRECTION('',(0.,0.,1.));
#7739 = DEFINITIONAL_REPRESENTATION('',(#7740),#7744);
#7740 = LINE('',#7741,#7742);
#7741 = CARTESIAN_POINT('',(7.,12.15));
#7742 = VECTOR('',#7743,1.);
#7743 = DIRECTION('',(0.,-1.));
#7744 = ( GEOMETRIC_REPRESENTATION_CONTEXT(2) 
PARAMETRIC_REPRESENTATION_CONTEXT() REPRESENTATION_CONTEXT('2D SPACE',''
  ) );
#7745 = ORIENTED_EDGE('',*,*,#7746,.T.);
#7746 = EDGE_CURVE('',#7719,#7747,#7749,.T.);
#7747 = VERTEX_POINT('',#7748);
#7748 = CARTESIAN_POINT('',(-4.440892098501E-16,-23.65,81.5));
#7749 = SURFACE_CURVE('',#7750,(#7754,#7761),.PCURVE_S1.);
#7750 = LINE('',#7751,#7752);
#7751 = CARTESIAN_POINT('',(-8.881784197001E-16,48.5,81.5));
#7752 = VECTOR('',#7753,1.);
#7753 = DIRECTION('',(0.,-1.,0.));
#7754 = PCURVE('',#7197,#7755);
#7755 = DEFINITIONAL_REPRESENTATION('',(#7756),#7760);
#7756 = LINE('',#7757,#7758);
#7757 = CARTESIAN_POINT('',(-1.570796326795,0.));
#7758 = VECTOR('',#7759,1.);
#7759 = DIRECTION('',(-0.,1.));
#7760 = ( GEOMETRIC_REPRESENTATION_CONTEXT(2) 
PARAMETRIC_REPRESENTATION_CONTEXT() REPRESENTATION_CONTEXT('2D SPACE',''
  ) );
#7761 = PCURVE('',#7345,#7762);
#7762 = DEFINITIONAL_REPRESENTATION('',(#7763),#7767);
#7763 = LINE('',#7764,#7765);
#7764 = CARTESIAN_POINT('',(13.1,0.));
#7765 = VECTOR('',#7766,1.);
#7766 = DIRECTION('',(0.,-1.));
#7767 = ( GEOMETRIC_REPRESENTATION_CONTEXT(2) 
PARAMETRIC_REPRESENTATION_CONTEXT() REPRESENTATION_CONTEXT('2D SPACE',''
  ) );
#7768 = ORIENTED_EDGE('',*,*,#7769,.T.);
#7769 = EDGE_CURVE('',#7747,#7770,#7772,.T.);
#7770 = VERTEX_POINT('',#7771);
#7771 = CARTESIAN_POINT('',(-4.440892098501E-16,-36.35,81.5));
#7772 = SURFACE_CURVE('',#7773,(#7777,#7784),.PCURVE_S1.);
#7773 = LINE('',#7774,#7775);
#7774 = CARTESIAN_POINT('',(-8.881784197001E-16,48.5,81.5));
#7775 = VECTOR('',#7776,1.);
#7776 = DIRECTION('',(0.,-1.,0.));
#7777 = PCURVE('',#7197,#7778);
#7778 = DEFINITIONAL_REPRESENTATION('',(#7779),#7783);
#7779 = LINE('',#7780,#7781);
#7780 = CARTESIAN_POINT('',(-1.570796326795,0.));
#7781 = VECTOR('',#7782,1.);
#7782 = DIRECTION('',(-0.,1.));
#7783 = ( GEOMETRIC_REPRESENTATION_CONTEXT(2) 
PARAMETRIC_REPRESENTATION_CONTEXT() REPRESENTATION_CONTEXT('2D SPACE',''
  ) );
#7784 = PCURVE('',#7785,#7790);
#7785 = PLANE('',#7786);
#7786 = AXIS2_PLACEMENT_3D('',#7787,#7788,#7789);
#7787 = CARTESIAN_POINT('',(0.,-23.65,74.5));
#7788 = DIRECTION('',(-1.,0.,0.));
#7789 = DIRECTION('',(0.,0.,1.));
#7790 = DEFINITIONAL_REPRESENTATION('',(#7791),#7795);
#7791 = LINE('',#7792,#7793);
#7792 = CARTESIAN_POINT('',(7.,72.15));
#7793 = VECTOR('',#7794,1.);
#7794 = DIRECTION('',(0.,-1.));
#7795 = ( GEOMETRIC_REPRESENTATION_CONTEXT(2) 
PARAMETRIC_REPRESENTATION_CONTEXT() REPRESENTATION_CONTEXT('2D SPACE',''
  ) );
#7796 = ORIENTED_EDGE('',*,*,#7797,.T.);
#7797 = EDGE_CURVE('',#7770,#7798,#7800,.T.);
#7798 = VERTEX_POINT('',#7799);
#7799 = CARTESIAN_POINT('',(-8.881784197001E-16,-48.5,81.5));
#7800 = SURFACE_CURVE('',#7801,(#7805,#7812),.PCURVE_S1.);
#7801 = LINE('',#7802,#7803);
#7802 = CARTESIAN_POINT('',(-8.881784197001E-16,48.5,81.5));
#7803 = VECTOR('',#7804,1.);
#7804 = DIRECTION('',(0.,-1.,0.));
#7805 = PCURVE('',#7197,#7806);
#7806 = DEFINITIONAL_REPRESENTATION('',(#7807),#7811);
#7807 = LINE('',#7808,#7809);
#7808 = CARTESIAN_POINT('',(-1.570796326795,0.));
#7809 = VECTOR('',#7810,1.);
#7810 = DIRECTION('',(-0.,1.));
#7811 = ( GEOMETRIC_REPRESENTATION_CONTEXT(2) 
PARAMETRIC_REPRESENTATION_CONTEXT() REPRESENTATION_CONTEXT('2D SPACE',''
  ) );
#7812 = PCURVE('',#7345,#7813);
#7813 = DEFINITIONAL_REPRESENTATION('',(#7814),#7818);
#7814 = LINE('',#7815,#7816);
#7815 = CARTESIAN_POINT('',(13.1,0.));
#7816 = VECTOR('',#7817,1.);
#7817 = DIRECTION('',(0.,-1.));
#7818 = ( GEOMETRIC_REPRESENTATION_CONTEXT(2) 
PARAMETRIC_REPRESENTATION_CONTEXT() REPRESENTATION_CONTEXT('2D SPACE',''
  ) );
#7819 = ORIENTED_EDGE('',*,*,#7820,.F.);
#7820 = EDGE_CURVE('',#7182,#7798,#7821,.T.);
#7821 = SURFACE_CURVE('',#7822,(#7827,#7834),.PCURVE_S1.);
#7822 = CIRCLE('',#7823,4.5);
#7823 = AXIS2_PLACEMENT_3D('',#7824,#7825,#7826);
#7824 = CARTESIAN_POINT('',(4.5,-48.5,81.5));
#7825 = DIRECTION('',(-0.,1.,0.));
#7826 = DIRECTION('',(0.,0.,-1.));
#7827 = PCURVE('',#7197,#7828);
#7828 = DEFINITIONAL_REPRESENTATION('',(#7829),#7833);
#7829 = LINE('',#7830,#7831);
#7830 = CARTESIAN_POINT('',(-0.,97.));
#7831 = VECTOR('',#7832,1.);
#7832 = DIRECTION('',(-1.,0.));
#7833 = ( GEOMETRIC_REPRESENTATION_CONTEXT(2) 
PARAMETRIC_REPRESENTATION_CONTEXT() REPRESENTATION_CONTEXT('2D SPACE',''
  ) );
#7834 = PCURVE('',#7225,#7835);
#7835 = DEFINITIONAL_REPRESENTATION('',(#7836),#7844);
#7836 = ( BOUNDED_CURVE() B_SPLINE_CURVE(2,(#7837,#7838,#7839,#7840,
#7841,#7842,#7843),.UNSPECIFIED.,.T.,.F.) B_SPLINE_CURVE_WITH_KNOTS((1,2
    ,2,2,2,1),(-2.094395102393,0.,2.094395102393,4.188790204786,
6.28318530718,8.377580409573),.UNSPECIFIED.) CURVE() 
GEOMETRIC_REPRESENTATION_ITEM() RATIONAL_B_SPLINE_CURVE((1.,0.5,1.,0.5,
1.,0.5,1.)) REPRESENTATION_ITEM('') );
#7837 = CARTESIAN_POINT('',(8.8,-2.5));
#7838 = CARTESIAN_POINT('',(8.8,-10.29422863406));
#7839 = CARTESIAN_POINT('',(2.05,-6.39711431703));
#7840 = CARTESIAN_POINT('',(-4.7,-2.5));
#7841 = CARTESIAN_POINT('',(2.05,1.39711431703));
#7842 = CARTESIAN_POINT('',(8.8,5.29422863406));
#7843 = CARTESIAN_POINT('',(8.8,-2.5));
#7844 = ( GEOMETRIC_REPRESENTATION_CONTEXT(2) 
PARAMETRIC_REPRESENTATION_CONTEXT() REPRESENTATION_CONTEXT('2D SPACE',''
  ) );
#7845 = ORIENTED_EDGE('',*,*,#7181,.F.);
#7846 = ADVANCED_FACE('',(#7847),#7225,.T.);
#7847 = FACE_BOUND('',#7848,.T.);
#7848 = EDGE_LOOP('',(#7849,#7874,#7902,#7923,#7924,#7925,#7926,#7949,
    #7973,#7996,#8019,#8042,#8070,#8093));
#7849 = ORIENTED_EDGE('',*,*,#7850,.T.);
#7850 = EDGE_CURVE('',#7851,#7853,#7855,.T.);
#7851 = VERTEX_POINT('',#7852);
#7852 = CARTESIAN_POINT('',(12.2,-48.5,94.6));
#7853 = VERTEX_POINT('',#7854);
#7854 = CARTESIAN_POINT('',(4.5,-48.5,94.6));
#7855 = SURFACE_CURVE('',#7856,(#7860,#7867),.PCURVE_S1.);
#7856 = LINE('',#7857,#7858);
#7857 = CARTESIAN_POINT('',(14.,-48.5,94.6));
#7858 = VECTOR('',#7859,1.);
#7859 = DIRECTION('',(-1.,0.,0.));
#7860 = PCURVE('',#7225,#7861);
#7861 = DEFINITIONAL_REPRESENTATION('',(#7862),#7866);
#7862 = LINE('',#7863,#7864);
#7863 = CARTESIAN_POINT('',(-8.8,7.));
#7864 = VECTOR('',#7865,1.);
#7865 = DIRECTION('',(0.,-1.));
#7866 = ( GEOMETRIC_REPRESENTATION_CONTEXT(2) 
PARAMETRIC_REPRESENTATION_CONTEXT() REPRESENTATION_CONTEXT('2D SPACE',''
  ) );
#7867 = PCURVE('',#7284,#7868);
#7868 = DEFINITIONAL_REPRESENTATION('',(#7869),#7873);
#7869 = LINE('',#7870,#7871);
#7870 = CARTESIAN_POINT('',(0.,-97.));
#7871 = VECTOR('',#7872,1.);
#7872 = DIRECTION('',(1.,0.));
#7873 = ( GEOMETRIC_REPRESENTATION_CONTEXT(2) 
PARAMETRIC_REPRESENTATION_CONTEXT() REPRESENTATION_CONTEXT('2D SPACE',''
  ) );
#7874 = ORIENTED_EDGE('',*,*,#7875,.F.);
#7875 = EDGE_CURVE('',#7876,#7853,#7878,.T.);
#7876 = VERTEX_POINT('',#7877);
#7877 = CARTESIAN_POINT('',(-8.881784197001E-16,-48.5,90.1));
#7878 = SURFACE_CURVE('',#7879,(#7884,#7895),.PCURVE_S1.);
#7879 = CIRCLE('',#7880,4.5);
#7880 = AXIS2_PLACEMENT_3D('',#7881,#7882,#7883);
#7881 = CARTESIAN_POINT('',(4.5,-48.5,90.1));
#7882 = DIRECTION('',(-0.,1.,0.));
#7883 = DIRECTION('',(0.,0.,-1.));
#7884 = PCURVE('',#7225,#7885);
#7885 = DEFINITIONAL_REPRESENTATION('',(#7886),#7894);
#7886 = ( BOUNDED_CURVE() B_SPLINE_CURVE(2,(#7887,#7888,#7889,#7890,
#7891,#7892,#7893),.UNSPECIFIED.,.T.,.F.) B_SPLINE_CURVE_WITH_KNOTS((1,2
    ,2,2,2,1),(-2.094395102393,0.,2.094395102393,4.188790204786,
6.28318530718,8.377580409573),.UNSPECIFIED.) CURVE() 
GEOMETRIC_REPRESENTATION_ITEM() RATIONAL_B_SPLINE_CURVE((1.,0.5,1.,0.5,
1.,0.5,1.)) REPRESENTATION_ITEM('') );
#7887 = CARTESIAN_POINT('',(0.2,-2.5));
#7888 = CARTESIAN_POINT('',(0.2,-10.29422863406));
#7889 = CARTESIAN_POINT('',(-6.55,-6.39711431703));
#7890 = CARTESIAN_POINT('',(-13.3,-2.5));
#7891 = CARTESIAN_POINT('',(-6.55,1.39711431703));
#7892 = CARTESIAN_POINT('',(0.2,5.29422863406));
#7893 = CARTESIAN_POINT('',(0.2,-2.5));
#7894 = ( GEOMETRIC_REPRESENTATION_CONTEXT(2) 
PARAMETRIC_REPRESENTATION_CONTEXT() REPRESENTATION_CONTEXT('2D SPACE',''
  ) );
#7895 = PCURVE('',#7317,#7896);
#7896 = DEFINITIONAL_REPRESENTATION('',(#7897),#7901);
#7897 = LINE('',#7898,#7899);
#7898 = CARTESIAN_POINT('',(1.570796326795,97.));
#7899 = VECTOR('',#7900,1.);
#7900 = DIRECTION('',(-1.,0.));
#7901 = ( GEOMETRIC_REPRESENTATION_CONTEXT(2) 
PARAMETRIC_REPRESENTATION_CONTEXT() REPRESENTATION_CONTEXT('2D SPACE',''
  ) );
#7902 = ORIENTED_EDGE('',*,*,#7903,.T.);
#7903 = EDGE_CURVE('',#7876,#7798,#7904,.T.);
#7904 = SURFACE_CURVE('',#7905,(#7909,#7916),.PCURVE_S1.);
#7905 = LINE('',#7906,#7907);
#7906 = CARTESIAN_POINT('',(0.,-48.5,94.6));
#7907 = VECTOR('',#7908,1.);
#7908 = DIRECTION('',(0.,0.,-1.));
#7909 = PCURVE('',#7225,#7910);
#7910 = DEFINITIONAL_REPRESENTATION('',(#7911),#7915);
#7911 = LINE('',#7912,#7913);
#7912 = CARTESIAN_POINT('',(-8.8,-7.));
#7913 = VECTOR('',#7914,1.);
#7914 = DIRECTION('',(1.,0.));
#7915 = ( GEOMETRIC_REPRESENTATION_CONTEXT(2) 
PARAMETRIC_REPRESENTATION_CONTEXT() REPRESENTATION_CONTEXT('2D SPACE',''
  ) );
#7916 = PCURVE('',#7345,#7917);
#7917 = DEFINITIONAL_REPRESENTATION('',(#7918),#7922);
#7918 = LINE('',#7919,#7920);
#7919 = CARTESIAN_POINT('',(0.,-97.));
#7920 = VECTOR('',#7921,1.);
#7921 = DIRECTION('',(1.,0.));
#7922 = ( GEOMETRIC_REPRESENTATION_CONTEXT(2) 
PARAMETRIC_REPRESENTATION_CONTEXT() REPRESENTATION_CONTEXT('2D SPACE',''
  ) );
#7923 = ORIENTED_EDGE('',*,*,#7820,.F.);
#7924 = ORIENTED_EDGE('',*,*,#7209,.T.);
#7925 = ORIENTED_EDGE('',*,*,#7668,.T.);
#7926 = ORIENTED_EDGE('',*,*,#7927,.T.);
#7927 = EDGE_CURVE('',#7646,#7928,#7930,.T.);
#7928 = VERTEX_POINT('',#7929);
#7929 = CARTESIAN_POINT('',(14.,-48.5,80.2));
#7930 = SURFACE_CURVE('',#7931,(#7935,#7942),.PCURVE_S1.);
#7931 = LINE('',#7932,#7933);
#7932 = CARTESIAN_POINT('',(14.,-48.5,77.));
#7933 = VECTOR('',#7934,1.);
#7934 = DIRECTION('',(0.,0.,1.));
#7935 = PCURVE('',#7225,#7936);
#7936 = DEFINITIONAL_REPRESENTATION('',(#7937),#7941);
#7937 = LINE('',#7938,#7939);
#7938 = CARTESIAN_POINT('',(8.8,7.));
#7939 = VECTOR('',#7940,1.);
#7940 = DIRECTION('',(-1.,0.));
#7941 = ( GEOMETRIC_REPRESENTATION_CONTEXT(2) 
PARAMETRIC_REPRESENTATION_CONTEXT() REPRESENTATION_CONTEXT('2D SPACE',''
  ) );
#7942 = PCURVE('',#7424,#7943);
#7943 = DEFINITIONAL_REPRESENTATION('',(#7944),#7948);
#7944 = LINE('',#7945,#7946);
#7945 = CARTESIAN_POINT('',(0.,-97.));
#7946 = VECTOR('',#7947,1.);
#7947 = DIRECTION('',(1.,0.));
#7948 = ( GEOMETRIC_REPRESENTATION_CONTEXT(2) 
PARAMETRIC_REPRESENTATION_CONTEXT() REPRESENTATION_CONTEXT('2D SPACE',''
  ) );
#7949 = ORIENTED_EDGE('',*,*,#7950,.T.);
#7950 = EDGE_CURVE('',#7928,#7951,#7953,.T.);
#7951 = VERTEX_POINT('',#7952);
#7952 = CARTESIAN_POINT('',(12.2,-48.5,82.));
#7953 = SURFACE_CURVE('',#7954,(#7959,#7966),.PCURVE_S1.);
#7954 = CIRCLE('',#7955,1.8);
#7955 = AXIS2_PLACEMENT_3D('',#7956,#7957,#7958);
#7956 = CARTESIAN_POINT('',(12.2,-48.5,80.2));
#7957 = DIRECTION('',(-0.,-1.,0.));
#7958 = DIRECTION('',(0.,-0.,1.));
#7959 = PCURVE('',#7225,#7960);
#7960 = DEFINITIONAL_REPRESENTATION('',(#7961),#7965);
#7961 = CIRCLE('',#7962,1.8);
#7962 = AXIS2_PLACEMENT_2D('',#7963,#7964);
#7963 = CARTESIAN_POINT('',(5.6,5.2));
#7964 = DIRECTION('',(-1.,0.));
#7965 = ( GEOMETRIC_REPRESENTATION_CONTEXT(2) 
PARAMETRIC_REPRESENTATION_CONTEXT() REPRESENTATION_CONTEXT('2D SPACE',''
  ) );
#7966 = PCURVE('',#7453,#7967);
#7967 = DEFINITIONAL_REPRESENTATION('',(#7968),#7972);
#7968 = LINE('',#7969,#7970);
#7969 = CARTESIAN_POINT('',(4.712388980385,-0.));
#7970 = VECTOR('',#7971,1.);
#7971 = DIRECTION('',(-1.,0.));
#7972 = ( GEOMETRIC_REPRESENTATION_CONTEXT(2) 
PARAMETRIC_REPRESENTATION_CONTEXT() REPRESENTATION_CONTEXT('2D SPACE',''
  ) );
#7973 = ORIENTED_EDGE('',*,*,#7974,.F.);
#7974 = EDGE_CURVE('',#7975,#7951,#7977,.T.);
#7975 = VERTEX_POINT('',#7976);
#7976 = CARTESIAN_POINT('',(5.,-48.5,82.));
#7977 = SURFACE_CURVE('',#7978,(#7982,#7989),.PCURVE_S1.);
#7978 = LINE('',#7979,#7980);
#7979 = CARTESIAN_POINT('',(5.,-48.5,82.));
#7980 = VECTOR('',#7981,1.);
#7981 = DIRECTION('',(1.,0.,0.));
#7982 = PCURVE('',#7225,#7983);
#7983 = DEFINITIONAL_REPRESENTATION('',(#7984),#7988);
#7984 = LINE('',#7985,#7986);
#7985 = CARTESIAN_POINT('',(3.8,-2.));
#7986 = VECTOR('',#7987,1.);
#7987 = DIRECTION('',(0.,1.));
#7988 = ( GEOMETRIC_REPRESENTATION_CONTEXT(2) 
PARAMETRIC_REPRESENTATION_CONTEXT() REPRESENTATION_CONTEXT('2D SPACE',''
  ) );
#7989 = PCURVE('',#7481,#7990);
#7990 = DEFINITIONAL_REPRESENTATION('',(#7991),#7995);
#7991 = LINE('',#7992,#7993);
#7992 = CARTESIAN_POINT('',(0.,-97.));
#7993 = VECTOR('',#7994,1.);
#7994 = DIRECTION('',(1.,0.));
#7995 = ( GEOMETRIC_REPRESENTATION_CONTEXT(2) 
PARAMETRIC_REPRESENTATION_CONTEXT() REPRESENTATION_CONTEXT('2D SPACE',''
  ) );
#7996 = ORIENTED_EDGE('',*,*,#7997,.F.);
#7997 = EDGE_CURVE('',#7998,#7975,#8000,.T.);
#7998 = VERTEX_POINT('',#7999);
#7999 = CARTESIAN_POINT('',(5.,-48.5,89.6));
#8000 = SURFACE_CURVE('',#8001,(#8005,#8012),.PCURVE_S1.);
#8001 = LINE('',#8002,#8003);
#8002 = CARTESIAN_POINT('',(5.,-48.5,89.6));
#8003 = VECTOR('',#8004,1.);
#8004 = DIRECTION('',(0.,0.,-1.));
#8005 = PCURVE('',#7225,#8006);
#8006 = DEFINITIONAL_REPRESENTATION('',(#8007),#8011);
#8007 = LINE('',#8008,#8009);
#8008 = CARTESIAN_POINT('',(-3.8,-2.));
#8009 = VECTOR('',#8010,1.);
#8010 = DIRECTION('',(1.,0.));
#8011 = ( GEOMETRIC_REPRESENTATION_CONTEXT(2) 
PARAMETRIC_REPRESENTATION_CONTEXT() REPRESENTATION_CONTEXT('2D SPACE',''
  ) );
#8012 = PCURVE('',#7509,#8013);
#8013 = DEFINITIONAL_REPRESENTATION('',(#8014),#8018);
#8014 = LINE('',#8015,#8016);
#8015 = CARTESIAN_POINT('',(0.,-97.));
#8016 = VECTOR('',#8017,1.);
#8017 = DIRECTION('',(1.,0.));
#8018 = ( GEOMETRIC_REPRESENTATION_CONTEXT(2) 
PARAMETRIC_REPRESENTATION_CONTEXT() REPRESENTATION_CONTEXT('2D SPACE',''
  ) );
#8019 = ORIENTED_EDGE('',*,*,#8020,.F.);
#8020 = EDGE_CURVE('',#8021,#7998,#8023,.T.);
#8021 = VERTEX_POINT('',#8022);
#8022 = CARTESIAN_POINT('',(12.2,-48.5,89.6));
#8023 = SURFACE_CURVE('',#8024,(#8028,#8035),.PCURVE_S1.);
#8024 = LINE('',#8025,#8026);
#8025 = CARTESIAN_POINT('',(19.,-48.5,89.6));
#8026 = VECTOR('',#8027,1.);
#8027 = DIRECTION('',(-1.,0.,0.));
#8028 = PCURVE('',#7225,#8029);
#8029 = DEFINITIONAL_REPRESENTATION('',(#8030),#8034);
#8030 = LINE('',#8031,#8032);
#8031 = CARTESIAN_POINT('',(-3.8,12.));
#8032 = VECTOR('',#8033,1.);
#8033 = DIRECTION('',(0.,-1.));
#8034 = ( GEOMETRIC_REPRESENTATION_CONTEXT(2) 
PARAMETRIC_REPRESENTATION_CONTEXT() REPRESENTATION_CONTEXT('2D SPACE',''
  ) );
#8035 = PCURVE('',#7537,#8036);
#8036 = DEFINITIONAL_REPRESENTATION('',(#8037),#8041);
#8037 = LINE('',#8038,#8039);
#8038 = CARTESIAN_POINT('',(0.,-97.));
#8039 = VECTOR('',#8040,1.);
#8040 = DIRECTION('',(1.,0.));
#8041 = ( GEOMETRIC_REPRESENTATION_CONTEXT(2) 
PARAMETRIC_REPRESENTATION_CONTEXT() REPRESENTATION_CONTEXT('2D SPACE',''
  ) );
#8042 = ORIENTED_EDGE('',*,*,#8043,.F.);
#8043 = EDGE_CURVE('',#8044,#8021,#8046,.T.);
#8044 = VERTEX_POINT('',#8045);
#8045 = CARTESIAN_POINT('',(14.,-48.5,91.4));
#8046 = SURFACE_CURVE('',#8047,(#8052,#8063),.PCURVE_S1.);
#8047 = CIRCLE('',#8048,1.8);
#8048 = AXIS2_PLACEMENT_3D('',#8049,#8050,#8051);
#8049 = CARTESIAN_POINT('',(12.2,-48.5,91.4));
#8050 = DIRECTION('',(-0.,1.,0.));
#8051 = DIRECTION('',(0.,0.,-1.));
#8052 = PCURVE('',#7225,#8053);
#8053 = DEFINITIONAL_REPRESENTATION('',(#8054),#8062);
#8054 = ( BOUNDED_CURVE() B_SPLINE_CURVE(2,(#8055,#8056,#8057,#8058,
#8059,#8060,#8061),.UNSPECIFIED.,.T.,.F.) B_SPLINE_CURVE_WITH_KNOTS((1,2
    ,2,2,2,1),(-2.094395102393,0.,2.094395102393,4.188790204786,
6.28318530718,8.377580409573),.UNSPECIFIED.) CURVE() 
GEOMETRIC_REPRESENTATION_ITEM() RATIONAL_B_SPLINE_CURVE((1.,0.5,1.,0.5,
1.,0.5,1.)) REPRESENTATION_ITEM('') );
#8055 = CARTESIAN_POINT('',(-3.8,5.2));
#8056 = CARTESIAN_POINT('',(-3.8,2.082308546376));
#8057 = CARTESIAN_POINT('',(-6.5,3.641154273188));
#8058 = CARTESIAN_POINT('',(-9.2,5.2));
#8059 = CARTESIAN_POINT('',(-6.5,6.758845726812));
#8060 = CARTESIAN_POINT('',(-3.8,8.317691453624));
#8061 = CARTESIAN_POINT('',(-3.8,5.2));
#8062 = ( GEOMETRIC_REPRESENTATION_CONTEXT(2) 
PARAMETRIC_REPRESENTATION_CONTEXT() REPRESENTATION_CONTEXT('2D SPACE',''
  ) );
#8063 = PCURVE('',#7570,#8064);
#8064 = DEFINITIONAL_REPRESENTATION('',(#8065),#8069);
#8065 = LINE('',#8066,#8067);
#8066 = CARTESIAN_POINT('',(4.712388980385,97.));
#8067 = VECTOR('',#8068,1.);
#8068 = DIRECTION('',(-1.,0.));
#8069 = ( GEOMETRIC_REPRESENTATION_CONTEXT(2) 
PARAMETRIC_REPRESENTATION_CONTEXT() REPRESENTATION_CONTEXT('2D SPACE',''
  ) );
#8070 = ORIENTED_EDGE('',*,*,#8071,.T.);
#8071 = EDGE_CURVE('',#8044,#8072,#8074,.T.);
#8072 = VERTEX_POINT('',#8073);
#8073 = CARTESIAN_POINT('',(14.,-48.5,92.8));
#8074 = SURFACE_CURVE('',#8075,(#8079,#8086),.PCURVE_S1.);
#8075 = LINE('',#8076,#8077);
#8076 = CARTESIAN_POINT('',(14.,-48.5,77.));
#8077 = VECTOR('',#8078,1.);
#8078 = DIRECTION('',(0.,0.,1.));
#8079 = PCURVE('',#7225,#8080);
#8080 = DEFINITIONAL_REPRESENTATION('',(#8081),#8085);
#8081 = LINE('',#8082,#8083);
#8082 = CARTESIAN_POINT('',(8.8,7.));
#8083 = VECTOR('',#8084,1.);
#8084 = DIRECTION('',(-1.,0.));
#8085 = ( GEOMETRIC_REPRESENTATION_CONTEXT(2) 
PARAMETRIC_REPRESENTATION_CONTEXT() REPRESENTATION_CONTEXT('2D SPACE',''
  ) );
#8086 = PCURVE('',#7598,#8087);
#8087 = DEFINITIONAL_REPRESENTATION('',(#8088),#8092);
#8088 = LINE('',#8089,#8090);
#8089 = CARTESIAN_POINT('',(0.,-97.));
#8090 = VECTOR('',#8091,1.);
#8091 = DIRECTION('',(1.,0.));
#8092 = ( GEOMETRIC_REPRESENTATION_CONTEXT(2) 
PARAMETRIC_REPRESENTATION_CONTEXT() REPRESENTATION_CONTEXT('2D SPACE',''
  ) );
#8093 = ORIENTED_EDGE('',*,*,#8094,.F.);
#8094 = EDGE_CURVE('',#7851,#8072,#8095,.T.);
#8095 = SURFACE_CURVE('',#8096,(#8101,#8112),.PCURVE_S1.);
#8096 = CIRCLE('',#8097,1.8);
#8097 = AXIS2_PLACEMENT_3D('',#8098,#8099,#8100);
#8098 = CARTESIAN_POINT('',(12.2,-48.5,92.8));
#8099 = DIRECTION('',(-0.,1.,0.));
#8100 = DIRECTION('',(0.,0.,-1.));
#8101 = PCURVE('',#7225,#8102);
#8102 = DEFINITIONAL_REPRESENTATION('',(#8103),#8111);
#8103 = ( BOUNDED_CURVE() B_SPLINE_CURVE(2,(#8104,#8105,#8106,#8107,
#8108,#8109,#8110),.UNSPECIFIED.,.T.,.F.) B_SPLINE_CURVE_WITH_KNOTS((1,2
    ,2,2,2,1),(-2.094395102393,0.,2.094395102393,4.188790204786,
6.28318530718,8.377580409573),.UNSPECIFIED.) CURVE() 
GEOMETRIC_REPRESENTATION_ITEM() RATIONAL_B_SPLINE_CURVE((1.,0.5,1.,0.5,
1.,0.5,1.)) REPRESENTATION_ITEM('') );
#8104 = CARTESIAN_POINT('',(-5.2,5.2));
#8105 = CARTESIAN_POINT('',(-5.2,2.082308546376));
#8106 = CARTESIAN_POINT('',(-7.9,3.641154273188));
#8107 = CARTESIAN_POINT('',(-10.6,5.2));
#8108 = CARTESIAN_POINT('',(-7.9,6.758845726812));
#8109 = CARTESIAN_POINT('',(-5.2,8.317691453624));
#8110 = CARTESIAN_POINT('',(-5.2,5.2));
#8111 = ( GEOMETRIC_REPRESENTATION_CONTEXT(2) 
PARAMETRIC_REPRESENTATION_CONTEXT() REPRESENTATION_CONTEXT('2D SPACE',''
  ) );
#8112 = PCURVE('',#7629,#8113);
#8113 = DEFINITIONAL_REPRESENTATION('',(#8114),#8118);
#8114 = LINE('',#8115,#8116);
#8115 = CARTESIAN_POINT('',(3.14159265359,97.));
#8116 = VECTOR('',#8117,1.);
#8117 = DIRECTION('',(-1.,0.));
#8118 = ( GEOMETRIC_REPRESENTATION_CONTEXT(2) 
PARAMETRIC_REPRESENTATION_CONTEXT() REPRESENTATION_CONTEXT('2D SPACE',''
  ) );
#8119 = ADVANCED_FACE('',(#8120),#7284,.F.);
#8120 = FACE_BOUND('',#8121,.F.);
#8121 = EDGE_LOOP('',(#8122,#8123,#8144,#8145));
#8122 = ORIENTED_EDGE('',*,*,#7266,.F.);
#8123 = ORIENTED_EDGE('',*,*,#8124,.T.);
#8124 = EDGE_CURVE('',#7267,#7851,#8125,.T.);
#8125 = SURFACE_CURVE('',#8126,(#8130,#8137),.PCURVE_S1.);
#8126 = LINE('',#8127,#8128);
#8127 = CARTESIAN_POINT('',(12.2,48.5,94.6));
#8128 = VECTOR('',#8129,1.);
#8129 = DIRECTION('',(0.,-1.,0.));
#8130 = PCURVE('',#7284,#8131);
#8131 = DEFINITIONAL_REPRESENTATION('',(#8132),#8136);
#8132 = LINE('',#8133,#8134);
#8133 = CARTESIAN_POINT('',(1.8,0.));
#8134 = VECTOR('',#8135,1.);
#8135 = DIRECTION('',(0.,-1.));
#8136 = ( GEOMETRIC_REPRESENTATION_CONTEXT(2) 
PARAMETRIC_REPRESENTATION_CONTEXT() REPRESENTATION_CONTEXT('2D SPACE',''
  ) );
#8137 = PCURVE('',#7629,#8138);
#8138 = DEFINITIONAL_REPRESENTATION('',(#8139),#8143);
#8139 = LINE('',#8140,#8141);
#8140 = CARTESIAN_POINT('',(-0.,0.));
#8141 = VECTOR('',#8142,1.);
#8142 = DIRECTION('',(-0.,1.));
#8143 = ( GEOMETRIC_REPRESENTATION_CONTEXT(2) 
PARAMETRIC_REPRESENTATION_CONTEXT() REPRESENTATION_CONTEXT('2D SPACE',''
  ) );
#8144 = ORIENTED_EDGE('',*,*,#7850,.T.);
#8145 = ORIENTED_EDGE('',*,*,#8146,.F.);
#8146 = EDGE_CURVE('',#7269,#7853,#8147,.T.);
#8147 = SURFACE_CURVE('',#8148,(#8152,#8159),.PCURVE_S1.);
#8148 = LINE('',#8149,#8150);
#8149 = CARTESIAN_POINT('',(4.5,48.5,94.6));
#8150 = VECTOR('',#8151,1.);
#8151 = DIRECTION('',(0.,-1.,0.));
#8152 = PCURVE('',#7284,#8153);
#8153 = DEFINITIONAL_REPRESENTATION('',(#8154),#8158);
#8154 = LINE('',#8155,#8156);
#8155 = CARTESIAN_POINT('',(9.5,0.));
#8156 = VECTOR('',#8157,1.);
#8157 = DIRECTION('',(0.,-1.));
#8158 = ( GEOMETRIC_REPRESENTATION_CONTEXT(2) 
PARAMETRIC_REPRESENTATION_CONTEXT() REPRESENTATION_CONTEXT('2D SPACE',''
  ) );
#8159 = PCURVE('',#7317,#8160);
#8160 = DEFINITIONAL_REPRESENTATION('',(#8161),#8165);
#8161 = LINE('',#8162,#8163);
#8162 = CARTESIAN_POINT('',(-1.570796326795,0.));
#8163 = VECTOR('',#8164,1.);
#8164 = DIRECTION('',(-0.,1.));
#8165 = ( GEOMETRIC_REPRESENTATION_CONTEXT(2) 
PARAMETRIC_REPRESENTATION_CONTEXT() REPRESENTATION_CONTEXT('2D SPACE',''
  ) );
#8166 = ADVANCED_FACE('',(#8167),#7629,.T.);
#8167 = FACE_BOUND('',#8168,.F.);
#8168 = EDGE_LOOP('',(#8169,#8170,#8191,#8192));
#8169 = ORIENTED_EDGE('',*,*,#7610,.T.);
#8170 = ORIENTED_EDGE('',*,*,#8171,.T.);
#8171 = EDGE_CURVE('',#7583,#8072,#8172,.T.);
#8172 = SURFACE_CURVE('',#8173,(#8177,#8184),.PCURVE_S1.);
#8173 = LINE('',#8174,#8175);
#8174 = CARTESIAN_POINT('',(14.,48.5,92.8));
#8175 = VECTOR('',#8176,1.);
#8176 = DIRECTION('',(0.,-1.,0.));
#8177 = PCURVE('',#7629,#8178);
#8178 = DEFINITIONAL_REPRESENTATION('',(#8179),#8183);
#8179 = LINE('',#8180,#8181);
#8180 = CARTESIAN_POINT('',(-1.570796326795,0.));
#8181 = VECTOR('',#8182,1.);
#8182 = DIRECTION('',(-0.,1.));
#8183 = ( GEOMETRIC_REPRESENTATION_CONTEXT(2) 
PARAMETRIC_REPRESENTATION_CONTEXT() REPRESENTATION_CONTEXT('2D SPACE',''
  ) );
#8184 = PCURVE('',#7598,#8185);
#8185 = DEFINITIONAL_REPRESENTATION('',(#8186),#8190);
#8186 = LINE('',#8187,#8188);
#8187 = CARTESIAN_POINT('',(15.8,0.));
#8188 = VECTOR('',#8189,1.);
#8189 = DIRECTION('',(0.,-1.));
#8190 = ( GEOMETRIC_REPRESENTATION_CONTEXT(2) 
PARAMETRIC_REPRESENTATION_CONTEXT() REPRESENTATION_CONTEXT('2D SPACE',''
  ) );
#8191 = ORIENTED_EDGE('',*,*,#8094,.F.);
#8192 = ORIENTED_EDGE('',*,*,#8124,.F.);
#8193 = ADVANCED_FACE('',(#8194),#7317,.T.);
#8194 = FACE_BOUND('',#8195,.F.);
#8195 = EDGE_LOOP('',(#8196,#8197,#8198,#8199));
#8196 = ORIENTED_EDGE('',*,*,#7296,.T.);
#8197 = ORIENTED_EDGE('',*,*,#8146,.T.);
#8198 = ORIENTED_EDGE('',*,*,#7875,.F.);
#8199 = ORIENTED_EDGE('',*,*,#8200,.F.);
#8200 = EDGE_CURVE('',#7297,#7876,#8201,.T.);
#8201 = SURFACE_CURVE('',#8202,(#8206,#8213),.PCURVE_S1.);
#8202 = LINE('',#8203,#8204);
#8203 = CARTESIAN_POINT('',(-8.881784197001E-16,48.5,90.1));
#8204 = VECTOR('',#8205,1.);
#8205 = DIRECTION('',(0.,-1.,0.));
#8206 = PCURVE('',#7317,#8207);
#8207 = DEFINITIONAL_REPRESENTATION('',(#8208),#8212);
#8208 = LINE('',#8209,#8210);
#8209 = CARTESIAN_POINT('',(-0.,0.));
#8210 = VECTOR('',#8211,1.);
#8211 = DIRECTION('',(-0.,1.));
#8212 = ( GEOMETRIC_REPRESENTATION_CONTEXT(2) 
PARAMETRIC_REPRESENTATION_CONTEXT() REPRESENTATION_CONTEXT('2D SPACE',''
  ) );
#8213 = PCURVE('',#7345,#8214);
#8214 = DEFINITIONAL_REPRESENTATION('',(#8215),#8219);
#8215 = LINE('',#8216,#8217);
#8216 = CARTESIAN_POINT('',(4.5,0.));
#8217 = VECTOR('',#8218,1.);
#8218 = DIRECTION('',(0.,-1.));
#8219 = ( GEOMETRIC_REPRESENTATION_CONTEXT(2) 
PARAMETRIC_REPRESENTATION_CONTEXT() REPRESENTATION_CONTEXT('2D SPACE',''
  ) );
#8220 = ADVANCED_FACE('',(#8221),#7598,.F.);
#8221 = FACE_BOUND('',#8222,.F.);
#8222 = EDGE_LOOP('',(#8223,#8224,#8245,#8246));
#8223 = ORIENTED_EDGE('',*,*,#7582,.F.);
#8224 = ORIENTED_EDGE('',*,*,#8225,.T.);
#8225 = EDGE_CURVE('',#7550,#8044,#8226,.T.);
#8226 = SURFACE_CURVE('',#8227,(#8231,#8238),.PCURVE_S1.);
#8227 = LINE('',#8228,#8229);
#8228 = CARTESIAN_POINT('',(14.,48.5,91.4));
#8229 = VECTOR('',#8230,1.);
#8230 = DIRECTION('',(0.,-1.,0.));
#8231 = PCURVE('',#7598,#8232);
#8232 = DEFINITIONAL_REPRESENTATION('',(#8233),#8237);
#8233 = LINE('',#8234,#8235);
#8234 = CARTESIAN_POINT('',(14.4,0.));
#8235 = VECTOR('',#8236,1.);
#8236 = DIRECTION('',(0.,-1.));
#8237 = ( GEOMETRIC_REPRESENTATION_CONTEXT(2) 
PARAMETRIC_REPRESENTATION_CONTEXT() REPRESENTATION_CONTEXT('2D SPACE',''
  ) );
#8238 = PCURVE('',#7570,#8239);
#8239 = DEFINITIONAL_REPRESENTATION('',(#8240),#8244);
#8240 = LINE('',#8241,#8242);
#8241 = CARTESIAN_POINT('',(-0.,0.));
#8242 = VECTOR('',#8243,1.);
#8243 = DIRECTION('',(-0.,1.));
#8244 = ( GEOMETRIC_REPRESENTATION_CONTEXT(2) 
PARAMETRIC_REPRESENTATION_CONTEXT() REPRESENTATION_CONTEXT('2D SPACE',''
  ) );
#8245 = ORIENTED_EDGE('',*,*,#8071,.T.);
#8246 = ORIENTED_EDGE('',*,*,#8171,.F.);
#8247 = ADVANCED_FACE('',(#8248),#7345,.F.);
#8248 = FACE_BOUND('',#8249,.F.);
#8249 = EDGE_LOOP('',(#8250,#8251,#8252,#8253,#8254,#8282,#8310,#8336,
    #8337,#8365,#8393,#8419));
#8250 = ORIENTED_EDGE('',*,*,#7329,.F.);
#8251 = ORIENTED_EDGE('',*,*,#8200,.T.);
#8252 = ORIENTED_EDGE('',*,*,#7903,.T.);
#8253 = ORIENTED_EDGE('',*,*,#7797,.F.);
#8254 = ORIENTED_EDGE('',*,*,#8255,.T.);
#8255 = EDGE_CURVE('',#7770,#8256,#8258,.T.);
#8256 = VERTEX_POINT('',#8257);
#8257 = CARTESIAN_POINT('',(0.,-36.35,84.5));
#8258 = SURFACE_CURVE('',#8259,(#8263,#8270),.PCURVE_S1.);
#8259 = LINE('',#8260,#8261);
#8260 = CARTESIAN_POINT('',(0.,-36.35,74.5));
#8261 = VECTOR('',#8262,1.);
#8262 = DIRECTION('',(0.,0.,1.));
#8263 = PCURVE('',#7345,#8264);
#8264 = DEFINITIONAL_REPRESENTATION('',(#8265),#8269);
#8265 = LINE('',#8266,#8267);
#8266 = CARTESIAN_POINT('',(20.1,-84.85));
#8267 = VECTOR('',#8268,1.);
#8268 = DIRECTION('',(-1.,0.));
#8269 = ( GEOMETRIC_REPRESENTATION_CONTEXT(2) 
PARAMETRIC_REPRESENTATION_CONTEXT() REPRESENTATION_CONTEXT('2D SPACE',''
  ) );
#8270 = PCURVE('',#8271,#8276);
#8271 = PLANE('',#8272);
#8272 = AXIS2_PLACEMENT_3D('',#8273,#8274,#8275);
#8273 = CARTESIAN_POINT('',(-7.5,-36.35,79.5));
#8274 = DIRECTION('',(-0.,-1.,-0.));
#8275 = DIRECTION('',(0.,0.,-1.));
#8276 = DEFINITIONAL_REPRESENTATION('',(#8277),#8281);
#8277 = LINE('',#8278,#8279);
#8278 = CARTESIAN_POINT('',(5.,7.5));
#8279 = VECTOR('',#8280,1.);
#8280 = DIRECTION('',(-1.,0.));
#8281 = ( GEOMETRIC_REPRESENTATION_CONTEXT(2) 
PARAMETRIC_REPRESENTATION_CONTEXT() REPRESENTATION_CONTEXT('2D SPACE',''
  ) );
#8282 = ORIENTED_EDGE('',*,*,#8283,.F.);
#8283 = EDGE_CURVE('',#8284,#8256,#8286,.T.);
#8284 = VERTEX_POINT('',#8285);
#8285 = CARTESIAN_POINT('',(0.,-23.65,84.5));
#8286 = SURFACE_CURVE('',#8287,(#8291,#8298),.PCURVE_S1.);
#8287 = LINE('',#8288,#8289);
#8288 = CARTESIAN_POINT('',(0.,-23.65,84.5));
#8289 = VECTOR('',#8290,1.);
#8290 = DIRECTION('',(0.,-1.,0.));
#8291 = PCURVE('',#7345,#8292);
#8292 = DEFINITIONAL_REPRESENTATION('',(#8293),#8297);
#8293 = LINE('',#8294,#8295);
#8294 = CARTESIAN_POINT('',(10.1,-72.15));
#8295 = VECTOR('',#8296,1.);
#8296 = DIRECTION('',(0.,-1.));
#8297 = ( GEOMETRIC_REPRESENTATION_CONTEXT(2) 
PARAMETRIC_REPRESENTATION_CONTEXT() REPRESENTATION_CONTEXT('2D SPACE',''
  ) );
#8298 = PCURVE('',#8299,#8304);
#8299 = PLANE('',#8300);
#8300 = AXIS2_PLACEMENT_3D('',#8301,#8302,#8303);
#8301 = CARTESIAN_POINT('',(0.,-23.65,84.5));
#8302 = DIRECTION('',(-0.,-0.,-1.));
#8303 = DIRECTION('',(-1.,0.,0.));
#8304 = DEFINITIONAL_REPRESENTATION('',(#8305),#8309);
#8305 = LINE('',#8306,#8307);
#8306 = CARTESIAN_POINT('',(0.,0.));
#8307 = VECTOR('',#8308,1.);
#8308 = DIRECTION('',(0.,-1.));
#8309 = ( GEOMETRIC_REPRESENTATION_CONTEXT(2) 
PARAMETRIC_REPRESENTATION_CONTEXT() REPRESENTATION_CONTEXT('2D SPACE',''
  ) );
#8310 = ORIENTED_EDGE('',*,*,#8311,.F.);
#8311 = EDGE_CURVE('',#7747,#8284,#8312,.T.);
#8312 = SURFACE_CURVE('',#8313,(#8317,#8324),.PCURVE_S1.);
#8313 = LINE('',#8314,#8315);
#8314 = CARTESIAN_POINT('',(0.,-23.65,74.5));
#8315 = VECTOR('',#8316,1.);
#8316 = DIRECTION('',(0.,0.,1.));
#8317 = PCURVE('',#7345,#8318);
#8318 = DEFINITIONAL_REPRESENTATION('',(#8319),#8323);
#8319 = LINE('',#8320,#8321);
#8320 = CARTESIAN_POINT('',(20.1,-72.15));
#8321 = VECTOR('',#8322,1.);
#8322 = DIRECTION('',(-1.,0.));
#8323 = ( GEOMETRIC_REPRESENTATION_CONTEXT(2) 
PARAMETRIC_REPRESENTATION_CONTEXT() REPRESENTATION_CONTEXT('2D SPACE',''
  ) );
#8324 = PCURVE('',#8325,#8330);
#8325 = PLANE('',#8326);
#8326 = AXIS2_PLACEMENT_3D('',#8327,#8328,#8329);
#8327 = CARTESIAN_POINT('',(-7.5,-23.65,79.5));
#8328 = DIRECTION('',(-0.,-1.,-0.));
#8329 = DIRECTION('',(0.,0.,-1.));
#8330 = DEFINITIONAL_REPRESENTATION('',(#8331),#8335);
#8331 = LINE('',#8332,#8333);
#8332 = CARTESIAN_POINT('',(5.,7.5));
#8333 = VECTOR('',#8334,1.);
#8334 = DIRECTION('',(-1.,0.));
#8335 = ( GEOMETRIC_REPRESENTATION_CONTEXT(2) 
PARAMETRIC_REPRESENTATION_CONTEXT() REPRESENTATION_CONTEXT('2D SPACE',''
  ) );
#8336 = ORIENTED_EDGE('',*,*,#7746,.F.);
#8337 = ORIENTED_EDGE('',*,*,#8338,.T.);
#8338 = EDGE_CURVE('',#7719,#8339,#8341,.T.);
#8339 = VERTEX_POINT('',#8340);
#8340 = CARTESIAN_POINT('',(0.,23.65,84.5));
#8341 = SURFACE_CURVE('',#8342,(#8346,#8353),.PCURVE_S1.);
#8342 = LINE('',#8343,#8344);
#8343 = CARTESIAN_POINT('',(0.,23.65,74.5));
#8344 = VECTOR('',#8345,1.);
#8345 = DIRECTION('',(0.,0.,1.));
#8346 = PCURVE('',#7345,#8347);
#8347 = DEFINITIONAL_REPRESENTATION('',(#8348),#8352);
#8348 = LINE('',#8349,#8350);
#8349 = CARTESIAN_POINT('',(20.1,-24.85));
#8350 = VECTOR('',#8351,1.);
#8351 = DIRECTION('',(-1.,0.));
#8352 = ( GEOMETRIC_REPRESENTATION_CONTEXT(2) 
PARAMETRIC_REPRESENTATION_CONTEXT() REPRESENTATION_CONTEXT('2D SPACE',''
  ) );
#8353 = PCURVE('',#8354,#8359);
#8354 = PLANE('',#8355);
#8355 = AXIS2_PLACEMENT_3D('',#8356,#8357,#8358);
#8356 = CARTESIAN_POINT('',(-7.5,23.65,79.5));
#8357 = DIRECTION('',(-0.,-1.,-0.));
#8358 = DIRECTION('',(0.,0.,-1.));
#8359 = DEFINITIONAL_REPRESENTATION('',(#8360),#8364);
#8360 = LINE('',#8361,#8362);
#8361 = CARTESIAN_POINT('',(5.,7.5));
#8362 = VECTOR('',#8363,1.);
#8363 = DIRECTION('',(-1.,0.));
#8364 = ( GEOMETRIC_REPRESENTATION_CONTEXT(2) 
PARAMETRIC_REPRESENTATION_CONTEXT() REPRESENTATION_CONTEXT('2D SPACE',''
  ) );
#8365 = ORIENTED_EDGE('',*,*,#8366,.F.);
#8366 = EDGE_CURVE('',#8367,#8339,#8369,.T.);
#8367 = VERTEX_POINT('',#8368);
#8368 = CARTESIAN_POINT('',(0.,36.35,84.5));
#8369 = SURFACE_CURVE('',#8370,(#8374,#8381),.PCURVE_S1.);
#8370 = LINE('',#8371,#8372);
#8371 = CARTESIAN_POINT('',(0.,36.35,84.5));
#8372 = VECTOR('',#8373,1.);
#8373 = DIRECTION('',(0.,-1.,0.));
#8374 = PCURVE('',#7345,#8375);
#8375 = DEFINITIONAL_REPRESENTATION('',(#8376),#8380);
#8376 = LINE('',#8377,#8378);
#8377 = CARTESIAN_POINT('',(10.1,-12.15));
#8378 = VECTOR('',#8379,1.);
#8379 = DIRECTION('',(0.,-1.));
#8380 = ( GEOMETRIC_REPRESENTATION_CONTEXT(2) 
PARAMETRIC_REPRESENTATION_CONTEXT() REPRESENTATION_CONTEXT('2D SPACE',''
  ) );
#8381 = PCURVE('',#8382,#8387);
#8382 = PLANE('',#8383);
#8383 = AXIS2_PLACEMENT_3D('',#8384,#8385,#8386);
#8384 = CARTESIAN_POINT('',(0.,36.35,84.5));
#8385 = DIRECTION('',(-0.,-0.,-1.));
#8386 = DIRECTION('',(-1.,0.,0.));
#8387 = DEFINITIONAL_REPRESENTATION('',(#8388),#8392);
#8388 = LINE('',#8389,#8390);
#8389 = CARTESIAN_POINT('',(0.,0.));
#8390 = VECTOR('',#8391,1.);
#8391 = DIRECTION('',(0.,-1.));
#8392 = ( GEOMETRIC_REPRESENTATION_CONTEXT(2) 
PARAMETRIC_REPRESENTATION_CONTEXT() REPRESENTATION_CONTEXT('2D SPACE',''
  ) );
#8393 = ORIENTED_EDGE('',*,*,#8394,.F.);
#8394 = EDGE_CURVE('',#7696,#8367,#8395,.T.);
#8395 = SURFACE_CURVE('',#8396,(#8400,#8407),.PCURVE_S1.);
#8396 = LINE('',#8397,#8398);
#8397 = CARTESIAN_POINT('',(0.,36.35,74.5));
#8398 = VECTOR('',#8399,1.);
#8399 = DIRECTION('',(0.,0.,1.));
#8400 = PCURVE('',#7345,#8401);
#8401 = DEFINITIONAL_REPRESENTATION('',(#8402),#8406);
#8402 = LINE('',#8403,#8404);
#8403 = CARTESIAN_POINT('',(20.1,-12.15));
#8404 = VECTOR('',#8405,1.);
#8405 = DIRECTION('',(-1.,0.));
#8406 = ( GEOMETRIC_REPRESENTATION_CONTEXT(2) 
PARAMETRIC_REPRESENTATION_CONTEXT() REPRESENTATION_CONTEXT('2D SPACE',''
  ) );
#8407 = PCURVE('',#8408,#8413);
#8408 = PLANE('',#8409);
#8409 = AXIS2_PLACEMENT_3D('',#8410,#8411,#8412);
#8410 = CARTESIAN_POINT('',(-7.5,36.35,79.5));
#8411 = DIRECTION('',(-0.,-1.,-0.));
#8412 = DIRECTION('',(0.,0.,-1.));
#8413 = DEFINITIONAL_REPRESENTATION('',(#8414),#8418);
#8414 = LINE('',#8415,#8416);
#8415 = CARTESIAN_POINT('',(5.,7.5));
#8416 = VECTOR('',#8417,1.);
#8417 = DIRECTION('',(-1.,0.));
#8418 = ( GEOMETRIC_REPRESENTATION_CONTEXT(2) 
PARAMETRIC_REPRESENTATION_CONTEXT() REPRESENTATION_CONTEXT('2D SPACE',''
  ) );
#8419 = ORIENTED_EDGE('',*,*,#7695,.F.);
#8420 = ADVANCED_FACE('',(#8421),#7570,.T.);
#8421 = FACE_BOUND('',#8422,.F.);
#8422 = EDGE_LOOP('',(#8423,#8424,#8445,#8446));
#8423 = ORIENTED_EDGE('',*,*,#7549,.T.);
#8424 = ORIENTED_EDGE('',*,*,#8425,.T.);
#8425 = EDGE_CURVE('',#7522,#8021,#8426,.T.);
#8426 = SURFACE_CURVE('',#8427,(#8431,#8438),.PCURVE_S1.);
#8427 = LINE('',#8428,#8429);
#8428 = CARTESIAN_POINT('',(12.2,48.5,89.6));
#8429 = VECTOR('',#8430,1.);
#8430 = DIRECTION('',(0.,-1.,0.));
#8431 = PCURVE('',#7570,#8432);
#8432 = DEFINITIONAL_REPRESENTATION('',(#8433),#8437);
#8433 = LINE('',#8434,#8435);
#8434 = CARTESIAN_POINT('',(-1.570796326795,0.));
#8435 = VECTOR('',#8436,1.);
#8436 = DIRECTION('',(-0.,1.));
#8437 = ( GEOMETRIC_REPRESENTATION_CONTEXT(2) 
PARAMETRIC_REPRESENTATION_CONTEXT() REPRESENTATION_CONTEXT('2D SPACE',''
  ) );
#8438 = PCURVE('',#7537,#8439);
#8439 = DEFINITIONAL_REPRESENTATION('',(#8440),#8444);
#8440 = LINE('',#8441,#8442);
#8441 = CARTESIAN_POINT('',(6.8,0.));
#8442 = VECTOR('',#8443,1.);
#8443 = DIRECTION('',(0.,-1.));
#8444 = ( GEOMETRIC_REPRESENTATION_CONTEXT(2) 
PARAMETRIC_REPRESENTATION_CONTEXT() REPRESENTATION_CONTEXT('2D SPACE',''
  ) );
#8445 = ORIENTED_EDGE('',*,*,#8043,.F.);
#8446 = ORIENTED_EDGE('',*,*,#8225,.F.);
#8447 = ADVANCED_FACE('',(#8448),#7537,.T.);
#8448 = FACE_BOUND('',#8449,.T.);
#8449 = EDGE_LOOP('',(#8450,#8451,#8452,#8453,#8476,#8504,#8532,#8560,
    #8588,#8616,#8644,#8672));
#8450 = ORIENTED_EDGE('',*,*,#7521,.F.);
#8451 = ORIENTED_EDGE('',*,*,#8425,.T.);
#8452 = ORIENTED_EDGE('',*,*,#8020,.T.);
#8453 = ORIENTED_EDGE('',*,*,#8454,.F.);
#8454 = EDGE_CURVE('',#8455,#7998,#8457,.T.);
#8455 = VERTEX_POINT('',#8456);
#8456 = CARTESIAN_POINT('',(5.,22.16,89.6));
#8457 = SURFACE_CURVE('',#8458,(#8462,#8469),.PCURVE_S1.);
#8458 = LINE('',#8459,#8460);
#8459 = CARTESIAN_POINT('',(5.,48.5,89.6));
#8460 = VECTOR('',#8461,1.);
#8461 = DIRECTION('',(0.,-1.,0.));
#8462 = PCURVE('',#7537,#8463);
#8463 = DEFINITIONAL_REPRESENTATION('',(#8464),#8468);
#8464 = LINE('',#8465,#8466);
#8465 = CARTESIAN_POINT('',(14.,0.));
#8466 = VECTOR('',#8467,1.);
#8467 = DIRECTION('',(0.,-1.));
#8468 = ( GEOMETRIC_REPRESENTATION_CONTEXT(2) 
PARAMETRIC_REPRESENTATION_CONTEXT() REPRESENTATION_CONTEXT('2D SPACE',''
  ) );
#8469 = PCURVE('',#7509,#8470);
#8470 = DEFINITIONAL_REPRESENTATION('',(#8471),#8475);
#8471 = LINE('',#8472,#8473);
#8472 = CARTESIAN_POINT('',(0.,0.));
#8473 = VECTOR('',#8474,1.);
#8474 = DIRECTION('',(0.,-1.));
#8475 = ( GEOMETRIC_REPRESENTATION_CONTEXT(2) 
PARAMETRIC_REPRESENTATION_CONTEXT() REPRESENTATION_CONTEXT('2D SPACE',''
  ) );
#8476 = ORIENTED_EDGE('',*,*,#8477,.F.);
#8477 = EDGE_CURVE('',#8478,#8455,#8480,.T.);
#8478 = VERTEX_POINT('',#8479);
#8479 = CARTESIAN_POINT('',(7.,22.16,89.6));
#8480 = SURFACE_CURVE('',#8481,(#8485,#8492),.PCURVE_S1.);
#8481 = LINE('',#8482,#8483);
#8482 = CARTESIAN_POINT('',(12.,22.16,89.6));
#8483 = VECTOR('',#8484,1.);
#8484 = DIRECTION('',(-1.,0.,0.));
#8485 = PCURVE('',#7537,#8486);
#8486 = DEFINITIONAL_REPRESENTATION('',(#8487),#8491);
#8487 = LINE('',#8488,#8489);
#8488 = CARTESIAN_POINT('',(7.,-26.34));
#8489 = VECTOR('',#8490,1.);
#8490 = DIRECTION('',(1.,0.));
#8491 = ( GEOMETRIC_REPRESENTATION_CONTEXT(2) 
PARAMETRIC_REPRESENTATION_CONTEXT() REPRESENTATION_CONTEXT('2D SPACE',''
  ) );
#8492 = PCURVE('',#8493,#8498);
#8493 = PLANE('',#8494);
#8494 = AXIS2_PLACEMENT_3D('',#8495,#8496,#8497);
#8495 = CARTESIAN_POINT('',(5.,22.16,89.6));
#8496 = DIRECTION('',(-0.,-1.,-0.));
#8497 = DIRECTION('',(0.,0.,-1.));
#8498 = DEFINITIONAL_REPRESENTATION('',(#8499),#8503);
#8499 = LINE('',#8500,#8501);
#8500 = CARTESIAN_POINT('',(0.,7.));
#8501 = VECTOR('',#8502,1.);
#8502 = DIRECTION('',(0.,-1.));
#8503 = ( GEOMETRIC_REPRESENTATION_CONTEXT(2) 
PARAMETRIC_REPRESENTATION_CONTEXT() REPRESENTATION_CONTEXT('2D SPACE',''
  ) );
#8504 = ORIENTED_EDGE('',*,*,#8505,.T.);
#8505 = EDGE_CURVE('',#8478,#8506,#8508,.T.);
#8506 = VERTEX_POINT('',#8507);
#8507 = CARTESIAN_POINT('',(7.,-29.1,89.6));
#8508 = SURFACE_CURVE('',#8509,(#8513,#8520),.PCURVE_S1.);
#8509 = LINE('',#8510,#8511);
#8510 = CARTESIAN_POINT('',(7.,38.8,89.6));
#8511 = VECTOR('',#8512,1.);
#8512 = DIRECTION('',(0.,-1.,0.));
#8513 = PCURVE('',#7537,#8514);
#8514 = DEFINITIONAL_REPRESENTATION('',(#8515),#8519);
#8515 = LINE('',#8516,#8517);
#8516 = CARTESIAN_POINT('',(12.,-9.7));
#8517 = VECTOR('',#8518,1.);
#8518 = DIRECTION('',(0.,-1.));
#8519 = ( GEOMETRIC_REPRESENTATION_CONTEXT(2) 
PARAMETRIC_REPRESENTATION_CONTEXT() REPRESENTATION_CONTEXT('2D SPACE',''
  ) );
#8520 = PCURVE('',#8521,#8526);
#8521 = PLANE('',#8522);
#8522 = AXIS2_PLACEMENT_3D('',#8523,#8524,#8525);
#8523 = CARTESIAN_POINT('',(7.,29.1,90.1));
#8524 = DIRECTION('',(1.,0.,0.));
#8525 = DIRECTION('',(0.,0.,-1.));
#8526 = DEFINITIONAL_REPRESENTATION('',(#8527),#8531);
#8527 = LINE('',#8528,#8529);
#8528 = CARTESIAN_POINT('',(0.5,9.7));
#8529 = VECTOR('',#8530,1.);
#8530 = DIRECTION('',(0.,-1.));
#8531 = ( GEOMETRIC_REPRESENTATION_CONTEXT(2) 
PARAMETRIC_REPRESENTATION_CONTEXT() REPRESENTATION_CONTEXT('2D SPACE',''
  ) );
#8532 = ORIENTED_EDGE('',*,*,#8533,.F.);
#8533 = EDGE_CURVE('',#8534,#8506,#8536,.T.);
#8534 = VERTEX_POINT('',#8535);
#8535 = CARTESIAN_POINT('',(12.,-29.1,89.6));
#8536 = SURFACE_CURVE('',#8537,(#8541,#8548),.PCURVE_S1.);
#8537 = LINE('',#8538,#8539);
#8538 = CARTESIAN_POINT('',(14.25,-29.1,89.6));
#8539 = VECTOR('',#8540,1.);
#8540 = DIRECTION('',(-1.,0.,0.));
#8541 = PCURVE('',#7537,#8542);
#8542 = DEFINITIONAL_REPRESENTATION('',(#8543),#8547);
#8543 = LINE('',#8544,#8545);
#8544 = CARTESIAN_POINT('',(4.75,-77.6));
#8545 = VECTOR('',#8546,1.);
#8546 = DIRECTION('',(1.,0.));
#8547 = ( GEOMETRIC_REPRESENTATION_CONTEXT(2) 
PARAMETRIC_REPRESENTATION_CONTEXT() REPRESENTATION_CONTEXT('2D SPACE',''
  ) );
#8548 = PCURVE('',#8549,#8554);
#8549 = PLANE('',#8550);
#8550 = AXIS2_PLACEMENT_3D('',#8551,#8552,#8553);
#8551 = CARTESIAN_POINT('',(9.5,-29.1,89.6));
#8552 = DIRECTION('',(-0.,-1.,-0.));
#8553 = DIRECTION('',(0.,0.,-1.));
#8554 = DEFINITIONAL_REPRESENTATION('',(#8555),#8559);
#8555 = LINE('',#8556,#8557);
#8556 = CARTESIAN_POINT('',(0.,4.75));
#8557 = VECTOR('',#8558,1.);
#8558 = DIRECTION('',(0.,-1.));
#8559 = ( GEOMETRIC_REPRESENTATION_CONTEXT(2) 
PARAMETRIC_REPRESENTATION_CONTEXT() REPRESENTATION_CONTEXT('2D SPACE',''
  ) );
#8560 = ORIENTED_EDGE('',*,*,#8561,.T.);
#8561 = EDGE_CURVE('',#8534,#8562,#8564,.T.);
#8562 = VERTEX_POINT('',#8563);
#8563 = CARTESIAN_POINT('',(12.,29.1,89.6));
#8564 = SURFACE_CURVE('',#8565,(#8569,#8576),.PCURVE_S1.);
#8565 = LINE('',#8566,#8567);
#8566 = CARTESIAN_POINT('',(12.,38.8,89.6));
#8567 = VECTOR('',#8568,1.);
#8568 = DIRECTION('',(0.,1.,-0.));
#8569 = PCURVE('',#7537,#8570);
#8570 = DEFINITIONAL_REPRESENTATION('',(#8571),#8575);
#8571 = LINE('',#8572,#8573);
#8572 = CARTESIAN_POINT('',(7.,-9.7));
#8573 = VECTOR('',#8574,1.);
#8574 = DIRECTION('',(0.,1.));
#8575 = ( GEOMETRIC_REPRESENTATION_CONTEXT(2) 
PARAMETRIC_REPRESENTATION_CONTEXT() REPRESENTATION_CONTEXT('2D SPACE',''
  ) );
#8576 = PCURVE('',#8577,#8582);
#8577 = PLANE('',#8578);
#8578 = AXIS2_PLACEMENT_3D('',#8579,#8580,#8581);
#8579 = CARTESIAN_POINT('',(12.,29.1,89.1));
#8580 = DIRECTION('',(-1.,0.,0.));
#8581 = DIRECTION('',(0.,0.,1.));
#8582 = DEFINITIONAL_REPRESENTATION('',(#8583),#8587);
#8583 = LINE('',#8584,#8585);
#8584 = CARTESIAN_POINT('',(0.5,9.7));
#8585 = VECTOR('',#8586,1.);
#8586 = DIRECTION('',(0.,1.));
#8587 = ( GEOMETRIC_REPRESENTATION_CONTEXT(2) 
PARAMETRIC_REPRESENTATION_CONTEXT() REPRESENTATION_CONTEXT('2D SPACE',''
  ) );
#8588 = ORIENTED_EDGE('',*,*,#8589,.T.);
#8589 = EDGE_CURVE('',#8562,#8590,#8592,.T.);
#8590 = VERTEX_POINT('',#8591);
#8591 = CARTESIAN_POINT('',(8.,29.1,89.6));
#8592 = SURFACE_CURVE('',#8593,(#8597,#8604),.PCURVE_S1.);
#8593 = LINE('',#8594,#8595);
#8594 = CARTESIAN_POINT('',(14.25,29.1,89.6));
#8595 = VECTOR('',#8596,1.);
#8596 = DIRECTION('',(-1.,0.,0.));
#8597 = PCURVE('',#7537,#8598);
#8598 = DEFINITIONAL_REPRESENTATION('',(#8599),#8603);
#8599 = LINE('',#8600,#8601);
#8600 = CARTESIAN_POINT('',(4.75,-19.4));
#8601 = VECTOR('',#8602,1.);
#8602 = DIRECTION('',(1.,0.));
#8603 = ( GEOMETRIC_REPRESENTATION_CONTEXT(2) 
PARAMETRIC_REPRESENTATION_CONTEXT() REPRESENTATION_CONTEXT('2D SPACE',''
  ) );
#8604 = PCURVE('',#8605,#8610);
#8605 = PLANE('',#8606);
#8606 = AXIS2_PLACEMENT_3D('',#8607,#8608,#8609);
#8607 = CARTESIAN_POINT('',(9.5,29.1,89.6));
#8608 = DIRECTION('',(-0.,-1.,-0.));
#8609 = DIRECTION('',(0.,0.,-1.));
#8610 = DEFINITIONAL_REPRESENTATION('',(#8611),#8615);
#8611 = LINE('',#8612,#8613);
#8612 = CARTESIAN_POINT('',(0.,4.75));
#8613 = VECTOR('',#8614,1.);
#8614 = DIRECTION('',(0.,-1.));
#8615 = ( GEOMETRIC_REPRESENTATION_CONTEXT(2) 
PARAMETRIC_REPRESENTATION_CONTEXT() REPRESENTATION_CONTEXT('2D SPACE',''
  ) );
#8616 = ORIENTED_EDGE('',*,*,#8617,.F.);
#8617 = EDGE_CURVE('',#8618,#8590,#8620,.T.);
#8618 = VERTEX_POINT('',#8619);
#8619 = CARTESIAN_POINT('',(8.,32.16,89.6));
#8620 = SURFACE_CURVE('',#8621,(#8625,#8632),.PCURVE_S1.);
#8621 = LINE('',#8622,#8623);
#8622 = CARTESIAN_POINT('',(8.,32.16,89.6));
#8623 = VECTOR('',#8624,1.);
#8624 = DIRECTION('',(0.,-1.,0.));
#8625 = PCURVE('',#7537,#8626);
#8626 = DEFINITIONAL_REPRESENTATION('',(#8627),#8631);
#8627 = LINE('',#8628,#8629);
#8628 = CARTESIAN_POINT('',(11.,-16.34));
#8629 = VECTOR('',#8630,1.);
#8630 = DIRECTION('',(0.,-1.));
#8631 = ( GEOMETRIC_REPRESENTATION_CONTEXT(2) 
PARAMETRIC_REPRESENTATION_CONTEXT() REPRESENTATION_CONTEXT('2D SPACE',''
  ) );
#8632 = PCURVE('',#8633,#8638);
#8633 = CYLINDRICAL_SURFACE('',#8634,3.);
#8634 = AXIS2_PLACEMENT_3D('',#8635,#8636,#8637);
#8635 = CARTESIAN_POINT('',(5.,32.16,89.6));
#8636 = DIRECTION('',(-0.,1.,-0.));
#8637 = DIRECTION('',(1.,0.,0.));
#8638 = DEFINITIONAL_REPRESENTATION('',(#8639),#8643);
#8639 = LINE('',#8640,#8641);
#8640 = CARTESIAN_POINT('',(-0.,0.));
#8641 = VECTOR('',#8642,1.);
#8642 = DIRECTION('',(-0.,-1.));
#8643 = ( GEOMETRIC_REPRESENTATION_CONTEXT(2) 
PARAMETRIC_REPRESENTATION_CONTEXT() REPRESENTATION_CONTEXT('2D SPACE',''
  ) );
#8644 = ORIENTED_EDGE('',*,*,#8645,.T.);
#8645 = EDGE_CURVE('',#8618,#8646,#8648,.T.);
#8646 = VERTEX_POINT('',#8647);
#8647 = CARTESIAN_POINT('',(5.,32.16,89.6));
#8648 = SURFACE_CURVE('',#8649,(#8653,#8660),.PCURVE_S1.);
#8649 = LINE('',#8650,#8651);
#8650 = CARTESIAN_POINT('',(12.,32.16,89.6));
#8651 = VECTOR('',#8652,1.);
#8652 = DIRECTION('',(-1.,0.,0.));
#8653 = PCURVE('',#7537,#8654);
#8654 = DEFINITIONAL_REPRESENTATION('',(#8655),#8659);
#8655 = LINE('',#8656,#8657);
#8656 = CARTESIAN_POINT('',(7.,-16.34));
#8657 = VECTOR('',#8658,1.);
#8658 = DIRECTION('',(1.,0.));
#8659 = ( GEOMETRIC_REPRESENTATION_CONTEXT(2) 
PARAMETRIC_REPRESENTATION_CONTEXT() REPRESENTATION_CONTEXT('2D SPACE',''
  ) );
#8660 = PCURVE('',#8661,#8666);
#8661 = PLANE('',#8662);
#8662 = AXIS2_PLACEMENT_3D('',#8663,#8664,#8665);
#8663 = CARTESIAN_POINT('',(5.,32.16,89.6));
#8664 = DIRECTION('',(-0.,-1.,-0.));
#8665 = DIRECTION('',(0.,0.,-1.));
#8666 = DEFINITIONAL_REPRESENTATION('',(#8667),#8671);
#8667 = LINE('',#8668,#8669);
#8668 = CARTESIAN_POINT('',(0.,7.));
#8669 = VECTOR('',#8670,1.);
#8670 = DIRECTION('',(0.,-1.));
#8671 = ( GEOMETRIC_REPRESENTATION_CONTEXT(2) 
PARAMETRIC_REPRESENTATION_CONTEXT() REPRESENTATION_CONTEXT('2D SPACE',''
  ) );
#8672 = ORIENTED_EDGE('',*,*,#8673,.F.);
#8673 = EDGE_CURVE('',#7494,#8646,#8674,.T.);
#8674 = SURFACE_CURVE('',#8675,(#8679,#8686),.PCURVE_S1.);
#8675 = LINE('',#8676,#8677);
#8676 = CARTESIAN_POINT('',(5.,48.5,89.6));
#8677 = VECTOR('',#8678,1.);
#8678 = DIRECTION('',(0.,-1.,0.));
#8679 = PCURVE('',#7537,#8680);
#8680 = DEFINITIONAL_REPRESENTATION('',(#8681),#8685);
#8681 = LINE('',#8682,#8683);
#8682 = CARTESIAN_POINT('',(14.,0.));
#8683 = VECTOR('',#8684,1.);
#8684 = DIRECTION('',(0.,-1.));
#8685 = ( GEOMETRIC_REPRESENTATION_CONTEXT(2) 
PARAMETRIC_REPRESENTATION_CONTEXT() REPRESENTATION_CONTEXT('2D SPACE',''
  ) );
#8686 = PCURVE('',#7509,#8687);
#8687 = DEFINITIONAL_REPRESENTATION('',(#8688),#8692);
#8688 = LINE('',#8689,#8690);
#8689 = CARTESIAN_POINT('',(0.,0.));
#8690 = VECTOR('',#8691,1.);
#8691 = DIRECTION('',(0.,-1.));
#8692 = ( GEOMETRIC_REPRESENTATION_CONTEXT(2) 
PARAMETRIC_REPRESENTATION_CONTEXT() REPRESENTATION_CONTEXT('2D SPACE',''
  ) );
#8693 = ADVANCED_FACE('',(#8694),#7509,.T.);
#8694 = FACE_BOUND('',#8695,.T.);
#8695 = EDGE_LOOP('',(#8696,#8697,#8698,#8721,#8744,#8765,#8766,#8767));
#8696 = ORIENTED_EDGE('',*,*,#7493,.F.);
#8697 = ORIENTED_EDGE('',*,*,#8673,.T.);
#8698 = ORIENTED_EDGE('',*,*,#8699,.T.);
#8699 = EDGE_CURVE('',#8646,#8700,#8702,.T.);
#8700 = VERTEX_POINT('',#8701);
#8701 = CARTESIAN_POINT('',(5.,32.16,86.6));
#8702 = SURFACE_CURVE('',#8703,(#8707,#8714),.PCURVE_S1.);
#8703 = LINE('',#8704,#8705);
#8704 = CARTESIAN_POINT('',(5.,32.16,89.6));
#8705 = VECTOR('',#8706,1.);
#8706 = DIRECTION('',(0.,0.,-1.));
#8707 = PCURVE('',#7509,#8708);
#8708 = DEFINITIONAL_REPRESENTATION('',(#8709),#8713);
#8709 = LINE('',#8710,#8711);
#8710 = CARTESIAN_POINT('',(0.,-16.34));
#8711 = VECTOR('',#8712,1.);
#8712 = DIRECTION('',(1.,0.));
#8713 = ( GEOMETRIC_REPRESENTATION_CONTEXT(2) 
PARAMETRIC_REPRESENTATION_CONTEXT() REPRESENTATION_CONTEXT('2D SPACE',''
  ) );
#8714 = PCURVE('',#8661,#8715);
#8715 = DEFINITIONAL_REPRESENTATION('',(#8716),#8720);
#8716 = LINE('',#8717,#8718);
#8717 = CARTESIAN_POINT('',(0.,0.));
#8718 = VECTOR('',#8719,1.);
#8719 = DIRECTION('',(1.,0.));
#8720 = ( GEOMETRIC_REPRESENTATION_CONTEXT(2) 
PARAMETRIC_REPRESENTATION_CONTEXT() REPRESENTATION_CONTEXT('2D SPACE',''
  ) );
#8721 = ORIENTED_EDGE('',*,*,#8722,.F.);
#8722 = EDGE_CURVE('',#8723,#8700,#8725,.T.);
#8723 = VERTEX_POINT('',#8724);
#8724 = CARTESIAN_POINT('',(5.,22.16,86.6));
#8725 = SURFACE_CURVE('',#8726,(#8730,#8737),.PCURVE_S1.);
#8726 = LINE('',#8727,#8728);
#8727 = CARTESIAN_POINT('',(5.,32.16,86.6));
#8728 = VECTOR('',#8729,1.);
#8729 = DIRECTION('',(-0.,1.,-0.));
#8730 = PCURVE('',#7509,#8731);
#8731 = DEFINITIONAL_REPRESENTATION('',(#8732),#8736);
#8732 = LINE('',#8733,#8734);
#8733 = CARTESIAN_POINT('',(3.,-16.34));
#8734 = VECTOR('',#8735,1.);
#8735 = DIRECTION('',(0.,1.));
#8736 = ( GEOMETRIC_REPRESENTATION_CONTEXT(2) 
PARAMETRIC_REPRESENTATION_CONTEXT() REPRESENTATION_CONTEXT('2D SPACE',''
  ) );
#8737 = PCURVE('',#8633,#8738);
#8738 = DEFINITIONAL_REPRESENTATION('',(#8739),#8743);
#8739 = LINE('',#8740,#8741);
#8740 = CARTESIAN_POINT('',(-4.712388980385,0.));
#8741 = VECTOR('',#8742,1.);
#8742 = DIRECTION('',(-0.,1.));
#8743 = ( GEOMETRIC_REPRESENTATION_CONTEXT(2) 
PARAMETRIC_REPRESENTATION_CONTEXT() REPRESENTATION_CONTEXT('2D SPACE',''
  ) );
#8744 = ORIENTED_EDGE('',*,*,#8745,.F.);
#8745 = EDGE_CURVE('',#8455,#8723,#8746,.T.);
#8746 = SURFACE_CURVE('',#8747,(#8751,#8758),.PCURVE_S1.);
#8747 = LINE('',#8748,#8749);
#8748 = CARTESIAN_POINT('',(5.,22.16,89.6));
#8749 = VECTOR('',#8750,1.);
#8750 = DIRECTION('',(0.,0.,-1.));
#8751 = PCURVE('',#7509,#8752);
#8752 = DEFINITIONAL_REPRESENTATION('',(#8753),#8757);
#8753 = LINE('',#8754,#8755);
#8754 = CARTESIAN_POINT('',(0.,-26.34));
#8755 = VECTOR('',#8756,1.);
#8756 = DIRECTION('',(1.,0.));
#8757 = ( GEOMETRIC_REPRESENTATION_CONTEXT(2) 
PARAMETRIC_REPRESENTATION_CONTEXT() REPRESENTATION_CONTEXT('2D SPACE',''
  ) );
#8758 = PCURVE('',#8493,#8759);
#8759 = DEFINITIONAL_REPRESENTATION('',(#8760),#8764);
#8760 = LINE('',#8761,#8762);
#8761 = CARTESIAN_POINT('',(0.,0.));
#8762 = VECTOR('',#8763,1.);
#8763 = DIRECTION('',(1.,0.));
#8764 = ( GEOMETRIC_REPRESENTATION_CONTEXT(2) 
PARAMETRIC_REPRESENTATION_CONTEXT() REPRESENTATION_CONTEXT('2D SPACE',''
  ) );
#8765 = ORIENTED_EDGE('',*,*,#8454,.T.);
#8766 = ORIENTED_EDGE('',*,*,#7997,.T.);
#8767 = ORIENTED_EDGE('',*,*,#8768,.F.);
#8768 = EDGE_CURVE('',#7466,#7975,#8769,.T.);
#8769 = SURFACE_CURVE('',#8770,(#8774,#8781),.PCURVE_S1.);
#8770 = LINE('',#8771,#8772);
#8771 = CARTESIAN_POINT('',(5.,48.5,82.));
#8772 = VECTOR('',#8773,1.);
#8773 = DIRECTION('',(0.,-1.,0.));
#8774 = PCURVE('',#7509,#8775);
#8775 = DEFINITIONAL_REPRESENTATION('',(#8776),#8780);
#8776 = LINE('',#8777,#8778);
#8777 = CARTESIAN_POINT('',(7.6,0.));
#8778 = VECTOR('',#8779,1.);
#8779 = DIRECTION('',(0.,-1.));
#8780 = ( GEOMETRIC_REPRESENTATION_CONTEXT(2) 
PARAMETRIC_REPRESENTATION_CONTEXT() REPRESENTATION_CONTEXT('2D SPACE',''
  ) );
#8781 = PCURVE('',#7481,#8782);
#8782 = DEFINITIONAL_REPRESENTATION('',(#8783),#8787);
#8783 = LINE('',#8784,#8785);
#8784 = CARTESIAN_POINT('',(0.,0.));
#8785 = VECTOR('',#8786,1.);
#8786 = DIRECTION('',(0.,-1.));
#8787 = ( GEOMETRIC_REPRESENTATION_CONTEXT(2) 
PARAMETRIC_REPRESENTATION_CONTEXT() REPRESENTATION_CONTEXT('2D SPACE',''
  ) );
#8788 = ADVANCED_FACE('',(#8789),#7481,.T.);
#8789 = FACE_BOUND('',#8790,.T.);
#8790 = EDGE_LOOP('',(#8791,#8792,#8793,#8794));
#8791 = ORIENTED_EDGE('',*,*,#7465,.F.);
#8792 = ORIENTED_EDGE('',*,*,#8768,.T.);
#8793 = ORIENTED_EDGE('',*,*,#7974,.T.);
#8794 = ORIENTED_EDGE('',*,*,#8795,.T.);
#8795 = EDGE_CURVE('',#7951,#7437,#8796,.T.);
#8796 = SURFACE_CURVE('',#8797,(#8801,#8808),.PCURVE_S1.);
#8797 = LINE('',#8798,#8799);
#8798 = CARTESIAN_POINT('',(12.2,-48.5,82.));
#8799 = VECTOR('',#8800,1.);
#8800 = DIRECTION('',(0.,1.,0.));
#8801 = PCURVE('',#7481,#8802);
#8802 = DEFINITIONAL_REPRESENTATION('',(#8803),#8807);
#8803 = LINE('',#8804,#8805);
#8804 = CARTESIAN_POINT('',(7.2,-97.));
#8805 = VECTOR('',#8806,1.);
#8806 = DIRECTION('',(0.,1.));
#8807 = ( GEOMETRIC_REPRESENTATION_CONTEXT(2) 
PARAMETRIC_REPRESENTATION_CONTEXT() REPRESENTATION_CONTEXT('2D SPACE',''
  ) );
#8808 = PCURVE('',#7453,#8809);
#8809 = DEFINITIONAL_REPRESENTATION('',(#8810),#8814);
#8810 = LINE('',#8811,#8812);
#8811 = CARTESIAN_POINT('',(-1.570796326795,0.));
#8812 = VECTOR('',#8813,1.);
#8813 = DIRECTION('',(-0.,1.));
#8814 = ( GEOMETRIC_REPRESENTATION_CONTEXT(2) 
PARAMETRIC_REPRESENTATION_CONTEXT() REPRESENTATION_CONTEXT('2D SPACE',''
  ) );
#8815 = ADVANCED_FACE('',(#8816),#7424,.F.);
#8816 = FACE_BOUND('',#8817,.F.);
#8817 = EDGE_LOOP('',(#8818,#8819,#8820,#8821));
#8818 = ORIENTED_EDGE('',*,*,#7408,.F.);
#8819 = ORIENTED_EDGE('',*,*,#7645,.T.);
#8820 = ORIENTED_EDGE('',*,*,#7927,.T.);
#8821 = ORIENTED_EDGE('',*,*,#8822,.T.);
#8822 = EDGE_CURVE('',#7928,#7409,#8823,.T.);
#8823 = SURFACE_CURVE('',#8824,(#8828,#8835),.PCURVE_S1.);
#8824 = LINE('',#8825,#8826);
#8825 = CARTESIAN_POINT('',(14.,-48.5,80.2));
#8826 = VECTOR('',#8827,1.);
#8827 = DIRECTION('',(0.,1.,0.));
#8828 = PCURVE('',#7424,#8829);
#8829 = DEFINITIONAL_REPRESENTATION('',(#8830),#8834);
#8830 = LINE('',#8831,#8832);
#8831 = CARTESIAN_POINT('',(3.2,-97.));
#8832 = VECTOR('',#8833,1.);
#8833 = DIRECTION('',(0.,1.));
#8834 = ( GEOMETRIC_REPRESENTATION_CONTEXT(2) 
PARAMETRIC_REPRESENTATION_CONTEXT() REPRESENTATION_CONTEXT('2D SPACE',''
  ) );
#8835 = PCURVE('',#7453,#8836);
#8836 = DEFINITIONAL_REPRESENTATION('',(#8837),#8841);
#8837 = LINE('',#8838,#8839);
#8838 = CARTESIAN_POINT('',(-0.,0.));
#8839 = VECTOR('',#8840,1.);
#8840 = DIRECTION('',(-0.,1.));
#8841 = ( GEOMETRIC_REPRESENTATION_CONTEXT(2) 
PARAMETRIC_REPRESENTATION_CONTEXT() REPRESENTATION_CONTEXT('2D SPACE',''
  ) );
#8842 = ADVANCED_FACE('',(#8843),#7453,.T.);
#8843 = FACE_BOUND('',#8844,.F.);
#8844 = EDGE_LOOP('',(#8845,#8846,#8847,#8848));
#8845 = ORIENTED_EDGE('',*,*,#7950,.T.);
#8846 = ORIENTED_EDGE('',*,*,#8795,.T.);
#8847 = ORIENTED_EDGE('',*,*,#7436,.F.);
#8848 = ORIENTED_EDGE('',*,*,#8822,.F.);
#8849 = ADVANCED_FACE('',(#8850),#7734,.F.);
#8850 = FACE_BOUND('',#8851,.F.);
#8851 = EDGE_LOOP('',(#8852,#8875,#8903,#8924));
#8852 = ORIENTED_EDGE('',*,*,#8853,.F.);
#8853 = EDGE_CURVE('',#8854,#7696,#8856,.T.);
#8854 = VERTEX_POINT('',#8855);
#8855 = CARTESIAN_POINT('',(0.,36.35,74.5));
#8856 = SURFACE_CURVE('',#8857,(#8861,#8868),.PCURVE_S1.);
#8857 = LINE('',#8858,#8859);
#8858 = CARTESIAN_POINT('',(0.,36.35,74.5));
#8859 = VECTOR('',#8860,1.);
#8860 = DIRECTION('',(0.,0.,1.));
#8861 = PCURVE('',#7734,#8862);
#8862 = DEFINITIONAL_REPRESENTATION('',(#8863),#8867);
#8863 = LINE('',#8864,#8865);
#8864 = CARTESIAN_POINT('',(0.,0.));
#8865 = VECTOR('',#8866,1.);
#8866 = DIRECTION('',(1.,0.));
#8867 = ( GEOMETRIC_REPRESENTATION_CONTEXT(2) 
PARAMETRIC_REPRESENTATION_CONTEXT() REPRESENTATION_CONTEXT('2D SPACE',''
  ) );
#8868 = PCURVE('',#8408,#8869);
#8869 = DEFINITIONAL_REPRESENTATION('',(#8870),#8874);
#8870 = LINE('',#8871,#8872);
#8871 = CARTESIAN_POINT('',(5.,7.5));
#8872 = VECTOR('',#8873,1.);
#8873 = DIRECTION('',(-1.,0.));
#8874 = ( GEOMETRIC_REPRESENTATION_CONTEXT(2) 
PARAMETRIC_REPRESENTATION_CONTEXT() REPRESENTATION_CONTEXT('2D SPACE',''
  ) );
#8875 = ORIENTED_EDGE('',*,*,#8876,.T.);
#8876 = EDGE_CURVE('',#8854,#8877,#8879,.T.);
#8877 = VERTEX_POINT('',#8878);
#8878 = CARTESIAN_POINT('',(0.,23.65,74.5));
#8879 = SURFACE_CURVE('',#8880,(#8884,#8891),.PCURVE_S1.);
#8880 = LINE('',#8881,#8882);
#8881 = CARTESIAN_POINT('',(0.,36.35,74.5));
#8882 = VECTOR('',#8883,1.);
#8883 = DIRECTION('',(0.,-1.,0.));
#8884 = PCURVE('',#7734,#8885);
#8885 = DEFINITIONAL_REPRESENTATION('',(#8886),#8890);
#8886 = LINE('',#8887,#8888);
#8887 = CARTESIAN_POINT('',(0.,0.));
#8888 = VECTOR('',#8889,1.);
#8889 = DIRECTION('',(0.,-1.));
#8890 = ( GEOMETRIC_REPRESENTATION_CONTEXT(2) 
PARAMETRIC_REPRESENTATION_CONTEXT() REPRESENTATION_CONTEXT('2D SPACE',''
  ) );
#8891 = PCURVE('',#8892,#8897);
#8892 = PLANE('',#8893);
#8893 = AXIS2_PLACEMENT_3D('',#8894,#8895,#8896);
#8894 = CARTESIAN_POINT('',(-15.,36.35,74.5));
#8895 = DIRECTION('',(-0.,0.,1.));
#8896 = DIRECTION('',(1.,0.,0.));
#8897 = DEFINITIONAL_REPRESENTATION('',(#8898),#8902);
#8898 = LINE('',#8899,#8900);
#8899 = CARTESIAN_POINT('',(15.,0.));
#8900 = VECTOR('',#8901,1.);
#8901 = DIRECTION('',(0.,-1.));
#8902 = ( GEOMETRIC_REPRESENTATION_CONTEXT(2) 
PARAMETRIC_REPRESENTATION_CONTEXT() REPRESENTATION_CONTEXT('2D SPACE',''
  ) );
#8903 = ORIENTED_EDGE('',*,*,#8904,.T.);
#8904 = EDGE_CURVE('',#8877,#7719,#8905,.T.);
#8905 = SURFACE_CURVE('',#8906,(#8910,#8917),.PCURVE_S1.);
#8906 = LINE('',#8907,#8908);
#8907 = CARTESIAN_POINT('',(0.,23.65,74.5));
#8908 = VECTOR('',#8909,1.);
#8909 = DIRECTION('',(0.,0.,1.));
#8910 = PCURVE('',#7734,#8911);
#8911 = DEFINITIONAL_REPRESENTATION('',(#8912),#8916);
#8912 = LINE('',#8913,#8914);
#8913 = CARTESIAN_POINT('',(0.,-12.7));
#8914 = VECTOR('',#8915,1.);
#8915 = DIRECTION('',(1.,0.));
#8916 = ( GEOMETRIC_REPRESENTATION_CONTEXT(2) 
PARAMETRIC_REPRESENTATION_CONTEXT() REPRESENTATION_CONTEXT('2D SPACE',''
  ) );
#8917 = PCURVE('',#8354,#8918);
#8918 = DEFINITIONAL_REPRESENTATION('',(#8919),#8923);
#8919 = LINE('',#8920,#8921);
#8920 = CARTESIAN_POINT('',(5.,7.5));
#8921 = VECTOR('',#8922,1.);
#8922 = DIRECTION('',(-1.,0.));
#8923 = ( GEOMETRIC_REPRESENTATION_CONTEXT(2) 
PARAMETRIC_REPRESENTATION_CONTEXT() REPRESENTATION_CONTEXT('2D SPACE',''
  ) );
#8924 = ORIENTED_EDGE('',*,*,#7718,.F.);
#8925 = ADVANCED_FACE('',(#8926),#7785,.F.);
#8926 = FACE_BOUND('',#8927,.F.);
#8927 = EDGE_LOOP('',(#8928,#8951,#8979,#9000));
#8928 = ORIENTED_EDGE('',*,*,#8929,.F.);
#8929 = EDGE_CURVE('',#8930,#7747,#8932,.T.);
#8930 = VERTEX_POINT('',#8931);
#8931 = CARTESIAN_POINT('',(0.,-23.65,74.5));
#8932 = SURFACE_CURVE('',#8933,(#8937,#8944),.PCURVE_S1.);
#8933 = LINE('',#8934,#8935);
#8934 = CARTESIAN_POINT('',(0.,-23.65,74.5));
#8935 = VECTOR('',#8936,1.);
#8936 = DIRECTION('',(0.,0.,1.));
#8937 = PCURVE('',#7785,#8938);
#8938 = DEFINITIONAL_REPRESENTATION('',(#8939),#8943);
#8939 = LINE('',#8940,#8941);
#8940 = CARTESIAN_POINT('',(0.,0.));
#8941 = VECTOR('',#8942,1.);
#8942 = DIRECTION('',(1.,0.));
#8943 = ( GEOMETRIC_REPRESENTATION_CONTEXT(2) 
PARAMETRIC_REPRESENTATION_CONTEXT() REPRESENTATION_CONTEXT('2D SPACE',''
  ) );
#8944 = PCURVE('',#8325,#8945);
#8945 = DEFINITIONAL_REPRESENTATION('',(#8946),#8950);
#8946 = LINE('',#8947,#8948);
#8947 = CARTESIAN_POINT('',(5.,7.5));
#8948 = VECTOR('',#8949,1.);
#8949 = DIRECTION('',(-1.,0.));
#8950 = ( GEOMETRIC_REPRESENTATION_CONTEXT(2) 
PARAMETRIC_REPRESENTATION_CONTEXT() REPRESENTATION_CONTEXT('2D SPACE',''
  ) );
#8951 = ORIENTED_EDGE('',*,*,#8952,.T.);
#8952 = EDGE_CURVE('',#8930,#8953,#8955,.T.);
#8953 = VERTEX_POINT('',#8954);
#8954 = CARTESIAN_POINT('',(0.,-36.35,74.5));
#8955 = SURFACE_CURVE('',#8956,(#8960,#8967),.PCURVE_S1.);
#8956 = LINE('',#8957,#8958);
#8957 = CARTESIAN_POINT('',(0.,-23.65,74.5));
#8958 = VECTOR('',#8959,1.);
#8959 = DIRECTION('',(0.,-1.,0.));
#8960 = PCURVE('',#7785,#8961);
#8961 = DEFINITIONAL_REPRESENTATION('',(#8962),#8966);
#8962 = LINE('',#8963,#8964);
#8963 = CARTESIAN_POINT('',(0.,0.));
#8964 = VECTOR('',#8965,1.);
#8965 = DIRECTION('',(0.,-1.));
#8966 = ( GEOMETRIC_REPRESENTATION_CONTEXT(2) 
PARAMETRIC_REPRESENTATION_CONTEXT() REPRESENTATION_CONTEXT('2D SPACE',''
  ) );
#8967 = PCURVE('',#8968,#8973);
#8968 = PLANE('',#8969);
#8969 = AXIS2_PLACEMENT_3D('',#8970,#8971,#8972);
#8970 = CARTESIAN_POINT('',(-15.,-23.65,74.5));
#8971 = DIRECTION('',(-0.,0.,1.));
#8972 = DIRECTION('',(1.,0.,0.));
#8973 = DEFINITIONAL_REPRESENTATION('',(#8974),#8978);
#8974 = LINE('',#8975,#8976);
#8975 = CARTESIAN_POINT('',(15.,0.));
#8976 = VECTOR('',#8977,1.);
#8977 = DIRECTION('',(0.,-1.));
#8978 = ( GEOMETRIC_REPRESENTATION_CONTEXT(2) 
PARAMETRIC_REPRESENTATION_CONTEXT() REPRESENTATION_CONTEXT('2D SPACE',''
  ) );
#8979 = ORIENTED_EDGE('',*,*,#8980,.T.);
#8980 = EDGE_CURVE('',#8953,#7770,#8981,.T.);
#8981 = SURFACE_CURVE('',#8982,(#8986,#8993),.PCURVE_S1.);
#8982 = LINE('',#8983,#8984);
#8983 = CARTESIAN_POINT('',(0.,-36.35,74.5));
#8984 = VECTOR('',#8985,1.);
#8985 = DIRECTION('',(0.,0.,1.));
#8986 = PCURVE('',#7785,#8987);
#8987 = DEFINITIONAL_REPRESENTATION('',(#8988),#8992);
#8988 = LINE('',#8989,#8990);
#8989 = CARTESIAN_POINT('',(0.,-12.7));
#8990 = VECTOR('',#8991,1.);
#8991 = DIRECTION('',(1.,0.));
#8992 = ( GEOMETRIC_REPRESENTATION_CONTEXT(2) 
PARAMETRIC_REPRESENTATION_CONTEXT() REPRESENTATION_CONTEXT('2D SPACE',''
  ) );
#8993 = PCURVE('',#8271,#8994);
#8994 = DEFINITIONAL_REPRESENTATION('',(#8995),#8999);
#8995 = LINE('',#8996,#8997);
#8996 = CARTESIAN_POINT('',(5.,7.5));
#8997 = VECTOR('',#8998,1.);
#8998 = DIRECTION('',(-1.,0.));
#8999 = ( GEOMETRIC_REPRESENTATION_CONTEXT(2) 
PARAMETRIC_REPRESENTATION_CONTEXT() REPRESENTATION_CONTEXT('2D SPACE',''
  ) );
#9000 = ORIENTED_EDGE('',*,*,#7769,.F.);
#9001 = ADVANCED_FACE('',(#9002),#8408,.F.);
#9002 = FACE_BOUND('',#9003,.F.);
#9003 = EDGE_LOOP('',(#9004,#9034,#9055,#9056,#9057,#9080,#9108));
#9004 = ORIENTED_EDGE('',*,*,#9005,.T.);
#9005 = EDGE_CURVE('',#9006,#9008,#9010,.T.);
#9006 = VERTEX_POINT('',#9007);
#9007 = CARTESIAN_POINT('',(-15.,36.35,77.8));
#9008 = VERTEX_POINT('',#9009);
#9009 = CARTESIAN_POINT('',(-15.,36.35,74.5));
#9010 = SURFACE_CURVE('',#9011,(#9015,#9022),.PCURVE_S1.);
#9011 = LINE('',#9012,#9013);
#9012 = CARTESIAN_POINT('',(-15.,36.35,84.5));
#9013 = VECTOR('',#9014,1.);
#9014 = DIRECTION('',(0.,0.,-1.));
#9015 = PCURVE('',#8408,#9016);
#9016 = DEFINITIONAL_REPRESENTATION('',(#9017),#9021);
#9017 = LINE('',#9018,#9019);
#9018 = CARTESIAN_POINT('',(-5.,-7.5));
#9019 = VECTOR('',#9020,1.);
#9020 = DIRECTION('',(1.,0.));
#9021 = ( GEOMETRIC_REPRESENTATION_CONTEXT(2) 
PARAMETRIC_REPRESENTATION_CONTEXT() REPRESENTATION_CONTEXT('2D SPACE',''
  ) );
#9022 = PCURVE('',#9023,#9028);
#9023 = PLANE('',#9024);
#9024 = AXIS2_PLACEMENT_3D('',#9025,#9026,#9027);
#9025 = CARTESIAN_POINT('',(-15.,36.35,84.5));
#9026 = DIRECTION('',(1.,0.,0.));
#9027 = DIRECTION('',(0.,0.,-1.));
#9028 = DEFINITIONAL_REPRESENTATION('',(#9029),#9033);
#9029 = LINE('',#9030,#9031);
#9030 = CARTESIAN_POINT('',(0.,0.));
#9031 = VECTOR('',#9032,1.);
#9032 = DIRECTION('',(1.,0.));
#9033 = ( GEOMETRIC_REPRESENTATION_CONTEXT(2) 
PARAMETRIC_REPRESENTATION_CONTEXT() REPRESENTATION_CONTEXT('2D SPACE',''
  ) );
#9034 = ORIENTED_EDGE('',*,*,#9035,.T.);
#9035 = EDGE_CURVE('',#9008,#8854,#9036,.T.);
#9036 = SURFACE_CURVE('',#9037,(#9041,#9048),.PCURVE_S1.);
#9037 = LINE('',#9038,#9039);
#9038 = CARTESIAN_POINT('',(-15.,36.35,74.5));
#9039 = VECTOR('',#9040,1.);
#9040 = DIRECTION('',(1.,0.,0.));
#9041 = PCURVE('',#8408,#9042);
#9042 = DEFINITIONAL_REPRESENTATION('',(#9043),#9047);
#9043 = LINE('',#9044,#9045);
#9044 = CARTESIAN_POINT('',(5.,-7.5));
#9045 = VECTOR('',#9046,1.);
#9046 = DIRECTION('',(0.,1.));
#9047 = ( GEOMETRIC_REPRESENTATION_CONTEXT(2) 
PARAMETRIC_REPRESENTATION_CONTEXT() REPRESENTATION_CONTEXT('2D SPACE',''
  ) );
#9048 = PCURVE('',#8892,#9049);
#9049 = DEFINITIONAL_REPRESENTATION('',(#9050),#9054);
#9050 = LINE('',#9051,#9052);
#9051 = CARTESIAN_POINT('',(0.,0.));
#9052 = VECTOR('',#9053,1.);
#9053 = DIRECTION('',(1.,0.));
#9054 = ( GEOMETRIC_REPRESENTATION_CONTEXT(2) 
PARAMETRIC_REPRESENTATION_CONTEXT() REPRESENTATION_CONTEXT('2D SPACE',''
  ) );
#9055 = ORIENTED_EDGE('',*,*,#8853,.T.);
#9056 = ORIENTED_EDGE('',*,*,#8394,.T.);
#9057 = ORIENTED_EDGE('',*,*,#9058,.T.);
#9058 = EDGE_CURVE('',#8367,#9059,#9061,.T.);
#9059 = VERTEX_POINT('',#9060);
#9060 = CARTESIAN_POINT('',(-15.,36.35,84.5));
#9061 = SURFACE_CURVE('',#9062,(#9066,#9073),.PCURVE_S1.);
#9062 = LINE('',#9063,#9064);
#9063 = CARTESIAN_POINT('',(0.,36.35,84.5));
#9064 = VECTOR('',#9065,1.);
#9065 = DIRECTION('',(-1.,0.,0.));
#9066 = PCURVE('',#8408,#9067);
#9067 = DEFINITIONAL_REPRESENTATION('',(#9068),#9072);
#9068 = LINE('',#9069,#9070);
#9069 = CARTESIAN_POINT('',(-5.,7.5));
#9070 = VECTOR('',#9071,1.);
#9071 = DIRECTION('',(0.,-1.));
#9072 = ( GEOMETRIC_REPRESENTATION_CONTEXT(2) 
PARAMETRIC_REPRESENTATION_CONTEXT() REPRESENTATION_CONTEXT('2D SPACE',''
  ) );
#9073 = PCURVE('',#8382,#9074);
#9074 = DEFINITIONAL_REPRESENTATION('',(#9075),#9079);
#9075 = LINE('',#9076,#9077);
#9076 = CARTESIAN_POINT('',(0.,0.));
#9077 = VECTOR('',#9078,1.);
#9078 = DIRECTION('',(1.,0.));
#9079 = ( GEOMETRIC_REPRESENTATION_CONTEXT(2) 
PARAMETRIC_REPRESENTATION_CONTEXT() REPRESENTATION_CONTEXT('2D SPACE',''
  ) );
#9080 = ORIENTED_EDGE('',*,*,#9081,.T.);
#9081 = EDGE_CURVE('',#9059,#9082,#9084,.T.);
#9082 = VERTEX_POINT('',#9083);
#9083 = CARTESIAN_POINT('',(-15.,36.35,81.2));
#9084 = SURFACE_CURVE('',#9085,(#9089,#9096),.PCURVE_S1.);
#9085 = LINE('',#9086,#9087);
#9086 = CARTESIAN_POINT('',(-15.,36.35,84.5));
#9087 = VECTOR('',#9088,1.);
#9088 = DIRECTION('',(0.,0.,-1.));
#9089 = PCURVE('',#8408,#9090);
#9090 = DEFINITIONAL_REPRESENTATION('',(#9091),#9095);
#9091 = LINE('',#9092,#9093);
#9092 = CARTESIAN_POINT('',(-5.,-7.5));
#9093 = VECTOR('',#9094,1.);
#9094 = DIRECTION('',(1.,0.));
#9095 = ( GEOMETRIC_REPRESENTATION_CONTEXT(2) 
PARAMETRIC_REPRESENTATION_CONTEXT() REPRESENTATION_CONTEXT('2D SPACE',''
  ) );
#9096 = PCURVE('',#9097,#9102);
#9097 = PLANE('',#9098);
#9098 = AXIS2_PLACEMENT_3D('',#9099,#9100,#9101);
#9099 = CARTESIAN_POINT('',(-15.,36.35,84.5));
#9100 = DIRECTION('',(1.,0.,0.));
#9101 = DIRECTION('',(0.,0.,-1.));
#9102 = DEFINITIONAL_REPRESENTATION('',(#9103),#9107);
#9103 = LINE('',#9104,#9105);
#9104 = CARTESIAN_POINT('',(0.,0.));
#9105 = VECTOR('',#9106,1.);
#9106 = DIRECTION('',(1.,0.));
#9107 = ( GEOMETRIC_REPRESENTATION_CONTEXT(2) 
PARAMETRIC_REPRESENTATION_CONTEXT() REPRESENTATION_CONTEXT('2D SPACE',''
  ) );
#9108 = ORIENTED_EDGE('',*,*,#9109,.T.);
#9109 = EDGE_CURVE('',#9082,#9006,#9110,.T.);
#9110 = SURFACE_CURVE('',#9111,(#9116,#9127),.PCURVE_S1.);
#9111 = CIRCLE('',#9112,1.7);
#9112 = AXIS2_PLACEMENT_3D('',#9113,#9114,#9115);
#9113 = CARTESIAN_POINT('',(-15.,36.35,79.5));
#9114 = DIRECTION('',(0.,1.,0.));
#9115 = DIRECTION('',(0.,-0.,1.));
#9116 = PCURVE('',#8408,#9117);
#9117 = DEFINITIONAL_REPRESENTATION('',(#9118),#9126);
#9118 = ( BOUNDED_CURVE() B_SPLINE_CURVE(2,(#9119,#9120,#9121,#9122,
#9123,#9124,#9125),.UNSPECIFIED.,.T.,.F.) B_SPLINE_CURVE_WITH_KNOTS((1,2
    ,2,2,2,1),(-2.094395102393,0.,2.094395102393,4.188790204786,
6.28318530718,8.377580409573),.UNSPECIFIED.) CURVE() 
GEOMETRIC_REPRESENTATION_ITEM() RATIONAL_B_SPLINE_CURVE((1.,0.5,1.,0.5,
1.,0.5,1.)) REPRESENTATION_ITEM('') );
#9119 = CARTESIAN_POINT('',(-1.7,-7.5));
#9120 = CARTESIAN_POINT('',(-1.7,-4.555513627133));
#9121 = CARTESIAN_POINT('',(0.85,-6.027756813566));
#9122 = CARTESIAN_POINT('',(3.4,-7.5));
#9123 = CARTESIAN_POINT('',(0.85,-8.972243186434));
#9124 = CARTESIAN_POINT('',(-1.7,-10.44448637286));
#9125 = CARTESIAN_POINT('',(-1.7,-7.5));
#9126 = ( GEOMETRIC_REPRESENTATION_CONTEXT(2) 
PARAMETRIC_REPRESENTATION_CONTEXT() REPRESENTATION_CONTEXT('2D SPACE',''
  ) );
#9127 = PCURVE('',#9128,#9133);
#9128 = CYLINDRICAL_SURFACE('',#9129,1.7);
#9129 = AXIS2_PLACEMENT_3D('',#9130,#9131,#9132);
#9130 = CARTESIAN_POINT('',(-15.,23.5,79.5));
#9131 = DIRECTION('',(0.,1.,0.));
#9132 = DIRECTION('',(0.,-0.,1.));
#9133 = DEFINITIONAL_REPRESENTATION('',(#9134),#9138);
#9134 = LINE('',#9135,#9136);
#9135 = CARTESIAN_POINT('',(0.,12.85));
#9136 = VECTOR('',#9137,1.);
#9137 = DIRECTION('',(1.,0.));
#9138 = ( GEOMETRIC_REPRESENTATION_CONTEXT(2) 
PARAMETRIC_REPRESENTATION_CONTEXT() REPRESENTATION_CONTEXT('2D SPACE',''
  ) );
#9139 = ADVANCED_FACE('',(#9140),#8382,.F.);
#9140 = FACE_BOUND('',#9141,.F.);
#9141 = EDGE_LOOP('',(#9142,#9143,#9144,#9167,#9195,#9223,#9251,#9279));
#9142 = ORIENTED_EDGE('',*,*,#9058,.F.);
#9143 = ORIENTED_EDGE('',*,*,#8366,.T.);
#9144 = ORIENTED_EDGE('',*,*,#9145,.T.);
#9145 = EDGE_CURVE('',#8339,#9146,#9148,.T.);
#9146 = VERTEX_POINT('',#9147);
#9147 = CARTESIAN_POINT('',(-15.,23.65,84.5));
#9148 = SURFACE_CURVE('',#9149,(#9153,#9160),.PCURVE_S1.);
#9149 = LINE('',#9150,#9151);
#9150 = CARTESIAN_POINT('',(0.,23.65,84.5));
#9151 = VECTOR('',#9152,1.);
#9152 = DIRECTION('',(-1.,0.,0.));
#9153 = PCURVE('',#8382,#9154);
#9154 = DEFINITIONAL_REPRESENTATION('',(#9155),#9159);
#9155 = LINE('',#9156,#9157);
#9156 = CARTESIAN_POINT('',(0.,-12.7));
#9157 = VECTOR('',#9158,1.);
#9158 = DIRECTION('',(1.,0.));
#9159 = ( GEOMETRIC_REPRESENTATION_CONTEXT(2) 
PARAMETRIC_REPRESENTATION_CONTEXT() REPRESENTATION_CONTEXT('2D SPACE',''
  ) );
#9160 = PCURVE('',#8354,#9161);
#9161 = DEFINITIONAL_REPRESENTATION('',(#9162),#9166);
#9162 = LINE('',#9163,#9164);
#9163 = CARTESIAN_POINT('',(-5.,7.5));
#9164 = VECTOR('',#9165,1.);
#9165 = DIRECTION('',(0.,-1.));
#9166 = ( GEOMETRIC_REPRESENTATION_CONTEXT(2) 
PARAMETRIC_REPRESENTATION_CONTEXT() REPRESENTATION_CONTEXT('2D SPACE',''
  ) );
#9167 = ORIENTED_EDGE('',*,*,#9168,.F.);
#9168 = EDGE_CURVE('',#9169,#9146,#9171,.T.);
#9169 = VERTEX_POINT('',#9170);
#9170 = CARTESIAN_POINT('',(-15.,24.,84.5));
#9171 = SURFACE_CURVE('',#9172,(#9176,#9183),.PCURVE_S1.);
#9172 = LINE('',#9173,#9174);
#9173 = CARTESIAN_POINT('',(-15.,36.35,84.5));
#9174 = VECTOR('',#9175,1.);
#9175 = DIRECTION('',(0.,-1.,0.));
#9176 = PCURVE('',#8382,#9177);
#9177 = DEFINITIONAL_REPRESENTATION('',(#9178),#9182);
#9178 = LINE('',#9179,#9180);
#9179 = CARTESIAN_POINT('',(15.,0.));
#9180 = VECTOR('',#9181,1.);
#9181 = DIRECTION('',(0.,-1.));
#9182 = ( GEOMETRIC_REPRESENTATION_CONTEXT(2) 
PARAMETRIC_REPRESENTATION_CONTEXT() REPRESENTATION_CONTEXT('2D SPACE',''
  ) );
#9183 = PCURVE('',#9184,#9189);
#9184 = PLANE('',#9185);
#9185 = AXIS2_PLACEMENT_3D('',#9186,#9187,#9188);
#9186 = CARTESIAN_POINT('',(-15.,36.35,84.5));
#9187 = DIRECTION('',(1.,0.,0.));
#9188 = DIRECTION('',(0.,0.,-1.));
#9189 = DEFINITIONAL_REPRESENTATION('',(#9190),#9194);
#9190 = LINE('',#9191,#9192);
#9191 = CARTESIAN_POINT('',(0.,0.));
#9192 = VECTOR('',#9193,1.);
#9193 = DIRECTION('',(0.,-1.));
#9194 = ( GEOMETRIC_REPRESENTATION_CONTEXT(2) 
PARAMETRIC_REPRESENTATION_CONTEXT() REPRESENTATION_CONTEXT('2D SPACE',''
  ) );
#9195 = ORIENTED_EDGE('',*,*,#9196,.T.);
#9196 = EDGE_CURVE('',#9169,#9197,#9199,.T.);
#9197 = VERTEX_POINT('',#9198);
#9198 = CARTESIAN_POINT('',(-11.00500312891,24.,84.5));
#9199 = SURFACE_CURVE('',#9200,(#9204,#9211),.PCURVE_S1.);
#9200 = LINE('',#9201,#9202);
#9201 = CARTESIAN_POINT('',(-7.5,24.,84.5));
#9202 = VECTOR('',#9203,1.);
#9203 = DIRECTION('',(1.,0.,0.));
#9204 = PCURVE('',#8382,#9205);
#9205 = DEFINITIONAL_REPRESENTATION('',(#9206),#9210);
#9206 = LINE('',#9207,#9208);
#9207 = CARTESIAN_POINT('',(7.5,-12.35));
#9208 = VECTOR('',#9209,1.);
#9209 = DIRECTION('',(-1.,0.));
#9210 = ( GEOMETRIC_REPRESENTATION_CONTEXT(2) 
PARAMETRIC_REPRESENTATION_CONTEXT() REPRESENTATION_CONTEXT('2D SPACE',''
  ) );
#9211 = PCURVE('',#9212,#9217);
#9212 = PLANE('',#9213);
#9213 = AXIS2_PLACEMENT_3D('',#9214,#9215,#9216);
#9214 = CARTESIAN_POINT('',(-15.,24.,79.5));
#9215 = DIRECTION('',(0.,1.,0.));
#9216 = DIRECTION('',(0.,-0.,1.));
#9217 = DEFINITIONAL_REPRESENTATION('',(#9218),#9222);
#9218 = LINE('',#9219,#9220);
#9219 = CARTESIAN_POINT('',(5.,7.5));
#9220 = VECTOR('',#9221,1.);
#9221 = DIRECTION('',(0.,1.));
#9222 = ( GEOMETRIC_REPRESENTATION_CONTEXT(2) 
PARAMETRIC_REPRESENTATION_CONTEXT() REPRESENTATION_CONTEXT('2D SPACE',''
  ) );
#9223 = ORIENTED_EDGE('',*,*,#9224,.T.);
#9224 = EDGE_CURVE('',#9197,#9225,#9227,.T.);
#9225 = VERTEX_POINT('',#9226);
#9226 = CARTESIAN_POINT('',(-11.00500312891,36.,84.5));
#9227 = SURFACE_CURVE('',#9228,(#9232,#9239),.PCURVE_S1.);
#9228 = LINE('',#9229,#9230);
#9229 = CARTESIAN_POINT('',(-11.00500312891,24.,84.5));
#9230 = VECTOR('',#9231,1.);
#9231 = DIRECTION('',(0.,1.,0.));
#9232 = PCURVE('',#8382,#9233);
#9233 = DEFINITIONAL_REPRESENTATION('',(#9234),#9238);
#9234 = LINE('',#9235,#9236);
#9235 = CARTESIAN_POINT('',(11.005003128912,-12.35));
#9236 = VECTOR('',#9237,1.);
#9237 = DIRECTION('',(0.,1.));
#9238 = ( GEOMETRIC_REPRESENTATION_CONTEXT(2) 
PARAMETRIC_REPRESENTATION_CONTEXT() REPRESENTATION_CONTEXT('2D SPACE',''
  ) );
#9239 = PCURVE('',#9240,#9245);
#9240 = CYLINDRICAL_SURFACE('',#9241,6.4);
#9241 = AXIS2_PLACEMENT_3D('',#9242,#9243,#9244);
#9242 = CARTESIAN_POINT('',(-15.,24.,79.5));
#9243 = DIRECTION('',(0.,1.,0.));
#9244 = DIRECTION('',(0.,-0.,1.));
#9245 = DEFINITIONAL_REPRESENTATION('',(#9246),#9250);
#9246 = LINE('',#9247,#9248);
#9247 = CARTESIAN_POINT('',(6.957315813847,0.));
#9248 = VECTOR('',#9249,1.);
#9249 = DIRECTION('',(0.,1.));
#9250 = ( GEOMETRIC_REPRESENTATION_CONTEXT(2) 
PARAMETRIC_REPRESENTATION_CONTEXT() REPRESENTATION_CONTEXT('2D SPACE',''
  ) );
#9251 = ORIENTED_EDGE('',*,*,#9252,.F.);
#9252 = EDGE_CURVE('',#9253,#9225,#9255,.T.);
#9253 = VERTEX_POINT('',#9254);
#9254 = CARTESIAN_POINT('',(-15.,36.,84.5));
#9255 = SURFACE_CURVE('',#9256,(#9260,#9267),.PCURVE_S1.);
#9256 = LINE('',#9257,#9258);
#9257 = CARTESIAN_POINT('',(-7.5,36.,84.5));
#9258 = VECTOR('',#9259,1.);
#9259 = DIRECTION('',(1.,0.,0.));
#9260 = PCURVE('',#8382,#9261);
#9261 = DEFINITIONAL_REPRESENTATION('',(#9262),#9266);
#9262 = LINE('',#9263,#9264);
#9263 = CARTESIAN_POINT('',(7.5,-0.35));
#9264 = VECTOR('',#9265,1.);
#9265 = DIRECTION('',(-1.,0.));
#9266 = ( GEOMETRIC_REPRESENTATION_CONTEXT(2) 
PARAMETRIC_REPRESENTATION_CONTEXT() REPRESENTATION_CONTEXT('2D SPACE',''
  ) );
#9267 = PCURVE('',#9268,#9273);
#9268 = PLANE('',#9269);
#9269 = AXIS2_PLACEMENT_3D('',#9270,#9271,#9272);
#9270 = CARTESIAN_POINT('',(-15.,36.,79.5));
#9271 = DIRECTION('',(0.,1.,0.));
#9272 = DIRECTION('',(0.,-0.,1.));
#9273 = DEFINITIONAL_REPRESENTATION('',(#9274),#9278);
#9274 = LINE('',#9275,#9276);
#9275 = CARTESIAN_POINT('',(5.,7.5));
#9276 = VECTOR('',#9277,1.);
#9277 = DIRECTION('',(0.,1.));
#9278 = ( GEOMETRIC_REPRESENTATION_CONTEXT(2) 
PARAMETRIC_REPRESENTATION_CONTEXT() REPRESENTATION_CONTEXT('2D SPACE',''
  ) );
#9279 = ORIENTED_EDGE('',*,*,#9280,.F.);
#9280 = EDGE_CURVE('',#9059,#9253,#9281,.T.);
#9281 = SURFACE_CURVE('',#9282,(#9286,#9293),.PCURVE_S1.);
#9282 = LINE('',#9283,#9284);
#9283 = CARTESIAN_POINT('',(-15.,36.35,84.5));
#9284 = VECTOR('',#9285,1.);
#9285 = DIRECTION('',(0.,-1.,0.));
#9286 = PCURVE('',#8382,#9287);
#9287 = DEFINITIONAL_REPRESENTATION('',(#9288),#9292);
#9288 = LINE('',#9289,#9290);
#9289 = CARTESIAN_POINT('',(15.,0.));
#9290 = VECTOR('',#9291,1.);
#9291 = DIRECTION('',(0.,-1.));
#9292 = ( GEOMETRIC_REPRESENTATION_CONTEXT(2) 
PARAMETRIC_REPRESENTATION_CONTEXT() REPRESENTATION_CONTEXT('2D SPACE',''
  ) );
#9293 = PCURVE('',#9097,#9294);
#9294 = DEFINITIONAL_REPRESENTATION('',(#9295),#9299);
#9295 = LINE('',#9296,#9297);
#9296 = CARTESIAN_POINT('',(0.,0.));
#9297 = VECTOR('',#9298,1.);
#9298 = DIRECTION('',(0.,-1.));
#9299 = ( GEOMETRIC_REPRESENTATION_CONTEXT(2) 
PARAMETRIC_REPRESENTATION_CONTEXT() REPRESENTATION_CONTEXT('2D SPACE',''
  ) );
#9300 = ADVANCED_FACE('',(#9301),#8354,.T.);
#9301 = FACE_BOUND('',#9302,.T.);
#9302 = EDGE_LOOP('',(#9303,#9333,#9354,#9355,#9356,#9357,#9380));
#9303 = ORIENTED_EDGE('',*,*,#9304,.T.);
#9304 = EDGE_CURVE('',#9305,#9307,#9309,.T.);
#9305 = VERTEX_POINT('',#9306);
#9306 = CARTESIAN_POINT('',(-15.,23.65,77.8));
#9307 = VERTEX_POINT('',#9308);
#9308 = CARTESIAN_POINT('',(-15.,23.65,74.5));
#9309 = SURFACE_CURVE('',#9310,(#9314,#9321),.PCURVE_S1.);
#9310 = LINE('',#9311,#9312);
#9311 = CARTESIAN_POINT('',(-15.,23.65,84.5));
#9312 = VECTOR('',#9313,1.);
#9313 = DIRECTION('',(0.,0.,-1.));
#9314 = PCURVE('',#8354,#9315);
#9315 = DEFINITIONAL_REPRESENTATION('',(#9316),#9320);
#9316 = LINE('',#9317,#9318);
#9317 = CARTESIAN_POINT('',(-5.,-7.5));
#9318 = VECTOR('',#9319,1.);
#9319 = DIRECTION('',(1.,0.));
#9320 = ( GEOMETRIC_REPRESENTATION_CONTEXT(2) 
PARAMETRIC_REPRESENTATION_CONTEXT() REPRESENTATION_CONTEXT('2D SPACE',''
  ) );
#9321 = PCURVE('',#9322,#9327);
#9322 = PLANE('',#9323);
#9323 = AXIS2_PLACEMENT_3D('',#9324,#9325,#9326);
#9324 = CARTESIAN_POINT('',(-15.,36.35,84.5));
#9325 = DIRECTION('',(1.,0.,0.));
#9326 = DIRECTION('',(0.,0.,-1.));
#9327 = DEFINITIONAL_REPRESENTATION('',(#9328),#9332);
#9328 = LINE('',#9329,#9330);
#9329 = CARTESIAN_POINT('',(0.,-12.7));
#9330 = VECTOR('',#9331,1.);
#9331 = DIRECTION('',(1.,0.));
#9332 = ( GEOMETRIC_REPRESENTATION_CONTEXT(2) 
PARAMETRIC_REPRESENTATION_CONTEXT() REPRESENTATION_CONTEXT('2D SPACE',''
  ) );
#9333 = ORIENTED_EDGE('',*,*,#9334,.T.);
#9334 = EDGE_CURVE('',#9307,#8877,#9335,.T.);
#9335 = SURFACE_CURVE('',#9336,(#9340,#9347),.PCURVE_S1.);
#9336 = LINE('',#9337,#9338);
#9337 = CARTESIAN_POINT('',(-15.,23.65,74.5));
#9338 = VECTOR('',#9339,1.);
#9339 = DIRECTION('',(1.,0.,0.));
#9340 = PCURVE('',#8354,#9341);
#9341 = DEFINITIONAL_REPRESENTATION('',(#9342),#9346);
#9342 = LINE('',#9343,#9344);
#9343 = CARTESIAN_POINT('',(5.,-7.5));
#9344 = VECTOR('',#9345,1.);
#9345 = DIRECTION('',(0.,1.));
#9346 = ( GEOMETRIC_REPRESENTATION_CONTEXT(2) 
PARAMETRIC_REPRESENTATION_CONTEXT() REPRESENTATION_CONTEXT('2D SPACE',''
  ) );
#9347 = PCURVE('',#8892,#9348);
#9348 = DEFINITIONAL_REPRESENTATION('',(#9349),#9353);
#9349 = LINE('',#9350,#9351);
#9350 = CARTESIAN_POINT('',(0.,-12.7));
#9351 = VECTOR('',#9352,1.);
#9352 = DIRECTION('',(1.,0.));
#9353 = ( GEOMETRIC_REPRESENTATION_CONTEXT(2) 
PARAMETRIC_REPRESENTATION_CONTEXT() REPRESENTATION_CONTEXT('2D SPACE',''
  ) );
#9354 = ORIENTED_EDGE('',*,*,#8904,.T.);
#9355 = ORIENTED_EDGE('',*,*,#8338,.T.);
#9356 = ORIENTED_EDGE('',*,*,#9145,.T.);
#9357 = ORIENTED_EDGE('',*,*,#9358,.T.);
#9358 = EDGE_CURVE('',#9146,#9359,#9361,.T.);
#9359 = VERTEX_POINT('',#9360);
#9360 = CARTESIAN_POINT('',(-15.,23.65,81.2));
#9361 = SURFACE_CURVE('',#9362,(#9366,#9373),.PCURVE_S1.);
#9362 = LINE('',#9363,#9364);
#9363 = CARTESIAN_POINT('',(-15.,23.65,84.5));
#9364 = VECTOR('',#9365,1.);
#9365 = DIRECTION('',(0.,0.,-1.));
#9366 = PCURVE('',#8354,#9367);
#9367 = DEFINITIONAL_REPRESENTATION('',(#9368),#9372);
#9368 = LINE('',#9369,#9370);
#9369 = CARTESIAN_POINT('',(-5.,-7.5));
#9370 = VECTOR('',#9371,1.);
#9371 = DIRECTION('',(1.,0.));
#9372 = ( GEOMETRIC_REPRESENTATION_CONTEXT(2) 
PARAMETRIC_REPRESENTATION_CONTEXT() REPRESENTATION_CONTEXT('2D SPACE',''
  ) );
#9373 = PCURVE('',#9184,#9374);
#9374 = DEFINITIONAL_REPRESENTATION('',(#9375),#9379);
#9375 = LINE('',#9376,#9377);
#9376 = CARTESIAN_POINT('',(0.,-12.7));
#9377 = VECTOR('',#9378,1.);
#9378 = DIRECTION('',(1.,0.));
#9379 = ( GEOMETRIC_REPRESENTATION_CONTEXT(2) 
PARAMETRIC_REPRESENTATION_CONTEXT() REPRESENTATION_CONTEXT('2D SPACE',''
  ) );
#9380 = ORIENTED_EDGE('',*,*,#9381,.T.);
#9381 = EDGE_CURVE('',#9359,#9305,#9382,.T.);
#9382 = SURFACE_CURVE('',#9383,(#9388,#9399),.PCURVE_S1.);
#9383 = CIRCLE('',#9384,1.7);
#9384 = AXIS2_PLACEMENT_3D('',#9385,#9386,#9387);
#9385 = CARTESIAN_POINT('',(-15.,23.65,79.5));
#9386 = DIRECTION('',(0.,1.,0.));
#9387 = DIRECTION('',(0.,-0.,1.));
#9388 = PCURVE('',#8354,#9389);
#9389 = DEFINITIONAL_REPRESENTATION('',(#9390),#9398);
#9390 = ( BOUNDED_CURVE() B_SPLINE_CURVE(2,(#9391,#9392,#9393,#9394,
#9395,#9396,#9397),.UNSPECIFIED.,.T.,.F.) B_SPLINE_CURVE_WITH_KNOTS((1,2
    ,2,2,2,1),(-2.094395102393,0.,2.094395102393,4.188790204786,
6.28318530718,8.377580409573),.UNSPECIFIED.) CURVE() 
GEOMETRIC_REPRESENTATION_ITEM() RATIONAL_B_SPLINE_CURVE((1.,0.5,1.,0.5,
1.,0.5,1.)) REPRESENTATION_ITEM('') );
#9391 = CARTESIAN_POINT('',(-1.7,-7.5));
#9392 = CARTESIAN_POINT('',(-1.7,-4.555513627133));
#9393 = CARTESIAN_POINT('',(0.85,-6.027756813566));
#9394 = CARTESIAN_POINT('',(3.4,-7.5));
#9395 = CARTESIAN_POINT('',(0.85,-8.972243186434));
#9396 = CARTESIAN_POINT('',(-1.7,-10.44448637286));
#9397 = CARTESIAN_POINT('',(-1.7,-7.5));
#9398 = ( GEOMETRIC_REPRESENTATION_CONTEXT(2) 
PARAMETRIC_REPRESENTATION_CONTEXT() REPRESENTATION_CONTEXT('2D SPACE',''
  ) );
#9399 = PCURVE('',#9128,#9400);
#9400 = DEFINITIONAL_REPRESENTATION('',(#9401),#9405);
#9401 = LINE('',#9402,#9403);
#9402 = CARTESIAN_POINT('',(0.,0.15));
#9403 = VECTOR('',#9404,1.);
#9404 = DIRECTION('',(1.,0.));
#9405 = ( GEOMETRIC_REPRESENTATION_CONTEXT(2) 
PARAMETRIC_REPRESENTATION_CONTEXT() REPRESENTATION_CONTEXT('2D SPACE',''
  ) );
#9406 = ADVANCED_FACE('',(#9407),#8325,.F.);
#9407 = FACE_BOUND('',#9408,.F.);
#9408 = EDGE_LOOP('',(#9409,#9439,#9460,#9461,#9462,#9485,#9513));
#9409 = ORIENTED_EDGE('',*,*,#9410,.T.);
#9410 = EDGE_CURVE('',#9411,#9413,#9415,.T.);
#9411 = VERTEX_POINT('',#9412);
#9412 = CARTESIAN_POINT('',(-15.,-23.65,77.8));
#9413 = VERTEX_POINT('',#9414);
#9414 = CARTESIAN_POINT('',(-15.,-23.65,74.5));
#9415 = SURFACE_CURVE('',#9416,(#9420,#9427),.PCURVE_S1.);
#9416 = LINE('',#9417,#9418);
#9417 = CARTESIAN_POINT('',(-15.,-23.65,84.5));
#9418 = VECTOR('',#9419,1.);
#9419 = DIRECTION('',(0.,0.,-1.));
#9420 = PCURVE('',#8325,#9421);
#9421 = DEFINITIONAL_REPRESENTATION('',(#9422),#9426);
#9422 = LINE('',#9423,#9424);
#9423 = CARTESIAN_POINT('',(-5.,-7.5));
#9424 = VECTOR('',#9425,1.);
#9425 = DIRECTION('',(1.,0.));
#9426 = ( GEOMETRIC_REPRESENTATION_CONTEXT(2) 
PARAMETRIC_REPRESENTATION_CONTEXT() REPRESENTATION_CONTEXT('2D SPACE',''
  ) );
#9427 = PCURVE('',#9428,#9433);
#9428 = PLANE('',#9429);
#9429 = AXIS2_PLACEMENT_3D('',#9430,#9431,#9432);
#9430 = CARTESIAN_POINT('',(-15.,-23.65,84.5));
#9431 = DIRECTION('',(1.,0.,0.));
#9432 = DIRECTION('',(0.,0.,-1.));
#9433 = DEFINITIONAL_REPRESENTATION('',(#9434),#9438);
#9434 = LINE('',#9435,#9436);
#9435 = CARTESIAN_POINT('',(0.,0.));
#9436 = VECTOR('',#9437,1.);
#9437 = DIRECTION('',(1.,0.));
#9438 = ( GEOMETRIC_REPRESENTATION_CONTEXT(2) 
PARAMETRIC_REPRESENTATION_CONTEXT() REPRESENTATION_CONTEXT('2D SPACE',''
  ) );
#9439 = ORIENTED_EDGE('',*,*,#9440,.T.);
#9440 = EDGE_CURVE('',#9413,#8930,#9441,.T.);
#9441 = SURFACE_CURVE('',#9442,(#9446,#9453),.PCURVE_S1.);
#9442 = LINE('',#9443,#9444);
#9443 = CARTESIAN_POINT('',(-15.,-23.65,74.5));
#9444 = VECTOR('',#9445,1.);
#9445 = DIRECTION('',(1.,0.,0.));
#9446 = PCURVE('',#8325,#9447);
#9447 = DEFINITIONAL_REPRESENTATION('',(#9448),#9452);
#9448 = LINE('',#9449,#9450);
#9449 = CARTESIAN_POINT('',(5.,-7.5));
#9450 = VECTOR('',#9451,1.);
#9451 = DIRECTION('',(0.,1.));
#9452 = ( GEOMETRIC_REPRESENTATION_CONTEXT(2) 
PARAMETRIC_REPRESENTATION_CONTEXT() REPRESENTATION_CONTEXT('2D SPACE',''
  ) );
#9453 = PCURVE('',#8968,#9454);
#9454 = DEFINITIONAL_REPRESENTATION('',(#9455),#9459);
#9455 = LINE('',#9456,#9457);
#9456 = CARTESIAN_POINT('',(0.,0.));
#9457 = VECTOR('',#9458,1.);
#9458 = DIRECTION('',(1.,0.));
#9459 = ( GEOMETRIC_REPRESENTATION_CONTEXT(2) 
PARAMETRIC_REPRESENTATION_CONTEXT() REPRESENTATION_CONTEXT('2D SPACE',''
  ) );
#9460 = ORIENTED_EDGE('',*,*,#8929,.T.);
#9461 = ORIENTED_EDGE('',*,*,#8311,.T.);
#9462 = ORIENTED_EDGE('',*,*,#9463,.T.);
#9463 = EDGE_CURVE('',#8284,#9464,#9466,.T.);
#9464 = VERTEX_POINT('',#9465);
#9465 = CARTESIAN_POINT('',(-15.,-23.65,84.5));
#9466 = SURFACE_CURVE('',#9467,(#9471,#9478),.PCURVE_S1.);
#9467 = LINE('',#9468,#9469);
#9468 = CARTESIAN_POINT('',(0.,-23.65,84.5));
#9469 = VECTOR('',#9470,1.);
#9470 = DIRECTION('',(-1.,0.,0.));
#9471 = PCURVE('',#8325,#9472);
#9472 = DEFINITIONAL_REPRESENTATION('',(#9473),#9477);
#9473 = LINE('',#9474,#9475);
#9474 = CARTESIAN_POINT('',(-5.,7.5));
#9475 = VECTOR('',#9476,1.);
#9476 = DIRECTION('',(0.,-1.));
#9477 = ( GEOMETRIC_REPRESENTATION_CONTEXT(2) 
PARAMETRIC_REPRESENTATION_CONTEXT() REPRESENTATION_CONTEXT('2D SPACE',''
  ) );
#9478 = PCURVE('',#8299,#9479);
#9479 = DEFINITIONAL_REPRESENTATION('',(#9480),#9484);
#9480 = LINE('',#9481,#9482);
#9481 = CARTESIAN_POINT('',(0.,0.));
#9482 = VECTOR('',#9483,1.);
#9483 = DIRECTION('',(1.,0.));
#9484 = ( GEOMETRIC_REPRESENTATION_CONTEXT(2) 
PARAMETRIC_REPRESENTATION_CONTEXT() REPRESENTATION_CONTEXT('2D SPACE',''
  ) );
#9485 = ORIENTED_EDGE('',*,*,#9486,.T.);
#9486 = EDGE_CURVE('',#9464,#9487,#9489,.T.);
#9487 = VERTEX_POINT('',#9488);
#9488 = CARTESIAN_POINT('',(-15.,-23.65,81.2));
#9489 = SURFACE_CURVE('',#9490,(#9494,#9501),.PCURVE_S1.);
#9490 = LINE('',#9491,#9492);
#9491 = CARTESIAN_POINT('',(-15.,-23.65,84.5));
#9492 = VECTOR('',#9493,1.);
#9493 = DIRECTION('',(0.,0.,-1.));
#9494 = PCURVE('',#8325,#9495);
#9495 = DEFINITIONAL_REPRESENTATION('',(#9496),#9500);
#9496 = LINE('',#9497,#9498);
#9497 = CARTESIAN_POINT('',(-5.,-7.5));
#9498 = VECTOR('',#9499,1.);
#9499 = DIRECTION('',(1.,0.));
#9500 = ( GEOMETRIC_REPRESENTATION_CONTEXT(2) 
PARAMETRIC_REPRESENTATION_CONTEXT() REPRESENTATION_CONTEXT('2D SPACE',''
  ) );
#9501 = PCURVE('',#9502,#9507);
#9502 = PLANE('',#9503);
#9503 = AXIS2_PLACEMENT_3D('',#9504,#9505,#9506);
#9504 = CARTESIAN_POINT('',(-15.,-23.65,84.5));
#9505 = DIRECTION('',(1.,0.,0.));
#9506 = DIRECTION('',(0.,0.,-1.));
#9507 = DEFINITIONAL_REPRESENTATION('',(#9508),#9512);
#9508 = LINE('',#9509,#9510);
#9509 = CARTESIAN_POINT('',(0.,0.));
#9510 = VECTOR('',#9511,1.);
#9511 = DIRECTION('',(1.,0.));
#9512 = ( GEOMETRIC_REPRESENTATION_CONTEXT(2) 
PARAMETRIC_REPRESENTATION_CONTEXT() REPRESENTATION_CONTEXT('2D SPACE',''
  ) );
#9513 = ORIENTED_EDGE('',*,*,#9514,.T.);
#9514 = EDGE_CURVE('',#9487,#9411,#9515,.T.);
#9515 = SURFACE_CURVE('',#9516,(#9521,#9532),.PCURVE_S1.);
#9516 = CIRCLE('',#9517,1.7);
#9517 = AXIS2_PLACEMENT_3D('',#9518,#9519,#9520);
#9518 = CARTESIAN_POINT('',(-15.,-23.65,79.5));
#9519 = DIRECTION('',(0.,1.,0.));
#9520 = DIRECTION('',(0.,-0.,1.));
#9521 = PCURVE('',#8325,#9522);
#9522 = DEFINITIONAL_REPRESENTATION('',(#9523),#9531);
#9523 = ( BOUNDED_CURVE() B_SPLINE_CURVE(2,(#9524,#9525,#9526,#9527,
#9528,#9529,#9530),.UNSPECIFIED.,.T.,.F.) B_SPLINE_CURVE_WITH_KNOTS((1,2
    ,2,2,2,1),(-2.094395102393,0.,2.094395102393,4.188790204786,
6.28318530718,8.377580409573),.UNSPECIFIED.) CURVE() 
GEOMETRIC_REPRESENTATION_ITEM() RATIONAL_B_SPLINE_CURVE((1.,0.5,1.,0.5,
1.,0.5,1.)) REPRESENTATION_ITEM('') );
#9524 = CARTESIAN_POINT('',(-1.7,-7.5));
#9525 = CARTESIAN_POINT('',(-1.7,-4.555513627133));
#9526 = CARTESIAN_POINT('',(0.85,-6.027756813566));
#9527 = CARTESIAN_POINT('',(3.4,-7.5));
#9528 = CARTESIAN_POINT('',(0.85,-8.972243186434));
#9529 = CARTESIAN_POINT('',(-1.7,-10.44448637286));
#9530 = CARTESIAN_POINT('',(-1.7,-7.5));
#9531 = ( GEOMETRIC_REPRESENTATION_CONTEXT(2) 
PARAMETRIC_REPRESENTATION_CONTEXT() REPRESENTATION_CONTEXT('2D SPACE',''
  ) );
#9532 = PCURVE('',#9533,#9538);
#9533 = CYLINDRICAL_SURFACE('',#9534,1.7);
#9534 = AXIS2_PLACEMENT_3D('',#9535,#9536,#9537);
#9535 = CARTESIAN_POINT('',(-15.,-36.5,79.5));
#9536 = DIRECTION('',(0.,1.,0.));
#9537 = DIRECTION('',(0.,-0.,1.));
#9538 = DEFINITIONAL_REPRESENTATION('',(#9539),#9543);
#9539 = LINE('',#9540,#9541);
#9540 = CARTESIAN_POINT('',(0.,12.85));
#9541 = VECTOR('',#9542,1.);
#9542 = DIRECTION('',(1.,0.));
#9543 = ( GEOMETRIC_REPRESENTATION_CONTEXT(2) 
PARAMETRIC_REPRESENTATION_CONTEXT() REPRESENTATION_CONTEXT('2D SPACE',''
  ) );
#9544 = ADVANCED_FACE('',(#9545),#8299,.F.);
#9545 = FACE_BOUND('',#9546,.F.);
#9546 = EDGE_LOOP('',(#9547,#9548,#9549,#9572,#9600,#9628,#9656,#9684));
#9547 = ORIENTED_EDGE('',*,*,#9463,.F.);
#9548 = ORIENTED_EDGE('',*,*,#8283,.T.);
#9549 = ORIENTED_EDGE('',*,*,#9550,.T.);
#9550 = EDGE_CURVE('',#8256,#9551,#9553,.T.);
#9551 = VERTEX_POINT('',#9552);
#9552 = CARTESIAN_POINT('',(-15.,-36.35,84.5));
#9553 = SURFACE_CURVE('',#9554,(#9558,#9565),.PCURVE_S1.);
#9554 = LINE('',#9555,#9556);
#9555 = CARTESIAN_POINT('',(0.,-36.35,84.5));
#9556 = VECTOR('',#9557,1.);
#9557 = DIRECTION('',(-1.,0.,0.));
#9558 = PCURVE('',#8299,#9559);
#9559 = DEFINITIONAL_REPRESENTATION('',(#9560),#9564);
#9560 = LINE('',#9561,#9562);
#9561 = CARTESIAN_POINT('',(0.,-12.7));
#9562 = VECTOR('',#9563,1.);
#9563 = DIRECTION('',(1.,0.));
#9564 = ( GEOMETRIC_REPRESENTATION_CONTEXT(2) 
PARAMETRIC_REPRESENTATION_CONTEXT() REPRESENTATION_CONTEXT('2D SPACE',''
  ) );
#9565 = PCURVE('',#8271,#9566);
#9566 = DEFINITIONAL_REPRESENTATION('',(#9567),#9571);
#9567 = LINE('',#9568,#9569);
#9568 = CARTESIAN_POINT('',(-5.,7.5));
#9569 = VECTOR('',#9570,1.);
#9570 = DIRECTION('',(0.,-1.));
#9571 = ( GEOMETRIC_REPRESENTATION_CONTEXT(2) 
PARAMETRIC_REPRESENTATION_CONTEXT() REPRESENTATION_CONTEXT('2D SPACE',''
  ) );
#9572 = ORIENTED_EDGE('',*,*,#9573,.F.);
#9573 = EDGE_CURVE('',#9574,#9551,#9576,.T.);
#9574 = VERTEX_POINT('',#9575);
#9575 = CARTESIAN_POINT('',(-15.,-36.,84.5));
#9576 = SURFACE_CURVE('',#9577,(#9581,#9588),.PCURVE_S1.);
#9577 = LINE('',#9578,#9579);
#9578 = CARTESIAN_POINT('',(-15.,-23.65,84.5));
#9579 = VECTOR('',#9580,1.);
#9580 = DIRECTION('',(0.,-1.,0.));
#9581 = PCURVE('',#8299,#9582);
#9582 = DEFINITIONAL_REPRESENTATION('',(#9583),#9587);
#9583 = LINE('',#9584,#9585);
#9584 = CARTESIAN_POINT('',(15.,0.));
#9585 = VECTOR('',#9586,1.);
#9586 = DIRECTION('',(0.,-1.));
#9587 = ( GEOMETRIC_REPRESENTATION_CONTEXT(2) 
PARAMETRIC_REPRESENTATION_CONTEXT() REPRESENTATION_CONTEXT('2D SPACE',''
  ) );
#9588 = PCURVE('',#9589,#9594);
#9589 = PLANE('',#9590);
#9590 = AXIS2_PLACEMENT_3D('',#9591,#9592,#9593);
#9591 = CARTESIAN_POINT('',(-15.,-23.65,84.5));
#9592 = DIRECTION('',(1.,0.,0.));
#9593 = DIRECTION('',(0.,0.,-1.));
#9594 = DEFINITIONAL_REPRESENTATION('',(#9595),#9599);
#9595 = LINE('',#9596,#9597);
#9596 = CARTESIAN_POINT('',(0.,0.));
#9597 = VECTOR('',#9598,1.);
#9598 = DIRECTION('',(0.,-1.));
#9599 = ( GEOMETRIC_REPRESENTATION_CONTEXT(2) 
PARAMETRIC_REPRESENTATION_CONTEXT() REPRESENTATION_CONTEXT('2D SPACE',''
  ) );
#9600 = ORIENTED_EDGE('',*,*,#9601,.T.);
#9601 = EDGE_CURVE('',#9574,#9602,#9604,.T.);
#9602 = VERTEX_POINT('',#9603);
#9603 = CARTESIAN_POINT('',(-11.00500312891,-36.,84.5));
#9604 = SURFACE_CURVE('',#9605,(#9609,#9616),.PCURVE_S1.);
#9605 = LINE('',#9606,#9607);
#9606 = CARTESIAN_POINT('',(-7.5,-36.,84.5));
#9607 = VECTOR('',#9608,1.);
#9608 = DIRECTION('',(1.,0.,0.));
#9609 = PCURVE('',#8299,#9610);
#9610 = DEFINITIONAL_REPRESENTATION('',(#9611),#9615);
#9611 = LINE('',#9612,#9613);
#9612 = CARTESIAN_POINT('',(7.5,-12.35));
#9613 = VECTOR('',#9614,1.);
#9614 = DIRECTION('',(-1.,0.));
#9615 = ( GEOMETRIC_REPRESENTATION_CONTEXT(2) 
PARAMETRIC_REPRESENTATION_CONTEXT() REPRESENTATION_CONTEXT('2D SPACE',''
  ) );
#9616 = PCURVE('',#9617,#9622);
#9617 = PLANE('',#9618);
#9618 = AXIS2_PLACEMENT_3D('',#9619,#9620,#9621);
#9619 = CARTESIAN_POINT('',(-15.,-36.,79.5));
#9620 = DIRECTION('',(0.,1.,0.));
#9621 = DIRECTION('',(0.,-0.,1.));
#9622 = DEFINITIONAL_REPRESENTATION('',(#9623),#9627);
#9623 = LINE('',#9624,#9625);
#9624 = CARTESIAN_POINT('',(5.,7.5));
#9625 = VECTOR('',#9626,1.);
#9626 = DIRECTION('',(0.,1.));
#9627 = ( GEOMETRIC_REPRESENTATION_CONTEXT(2) 
PARAMETRIC_REPRESENTATION_CONTEXT() REPRESENTATION_CONTEXT('2D SPACE',''
  ) );
#9628 = ORIENTED_EDGE('',*,*,#9629,.T.);
#9629 = EDGE_CURVE('',#9602,#9630,#9632,.T.);
#9630 = VERTEX_POINT('',#9631);
#9631 = CARTESIAN_POINT('',(-11.00500312891,-24.,84.5));
#9632 = SURFACE_CURVE('',#9633,(#9637,#9644),.PCURVE_S1.);
#9633 = LINE('',#9634,#9635);
#9634 = CARTESIAN_POINT('',(-11.00500312891,-36.,84.5));
#9635 = VECTOR('',#9636,1.);
#9636 = DIRECTION('',(0.,1.,0.));
#9637 = PCURVE('',#8299,#9638);
#9638 = DEFINITIONAL_REPRESENTATION('',(#9639),#9643);
#9639 = LINE('',#9640,#9641);
#9640 = CARTESIAN_POINT('',(11.005003128912,-12.35));
#9641 = VECTOR('',#9642,1.);
#9642 = DIRECTION('',(0.,1.));
#9643 = ( GEOMETRIC_REPRESENTATION_CONTEXT(2) 
PARAMETRIC_REPRESENTATION_CONTEXT() REPRESENTATION_CONTEXT('2D SPACE',''
  ) );
#9644 = PCURVE('',#9645,#9650);
#9645 = CYLINDRICAL_SURFACE('',#9646,6.4);
#9646 = AXIS2_PLACEMENT_3D('',#9647,#9648,#9649);
#9647 = CARTESIAN_POINT('',(-15.,-36.,79.5));
#9648 = DIRECTION('',(0.,1.,0.));
#9649 = DIRECTION('',(0.,-0.,1.));
#9650 = DEFINITIONAL_REPRESENTATION('',(#9651),#9655);
#9651 = LINE('',#9652,#9653);
#9652 = CARTESIAN_POINT('',(6.957315813847,0.));
#9653 = VECTOR('',#9654,1.);
#9654 = DIRECTION('',(0.,1.));
#9655 = ( GEOMETRIC_REPRESENTATION_CONTEXT(2) 
PARAMETRIC_REPRESENTATION_CONTEXT() REPRESENTATION_CONTEXT('2D SPACE',''
  ) );
#9656 = ORIENTED_EDGE('',*,*,#9657,.F.);
#9657 = EDGE_CURVE('',#9658,#9630,#9660,.T.);
#9658 = VERTEX_POINT('',#9659);
#9659 = CARTESIAN_POINT('',(-15.,-24.,84.5));
#9660 = SURFACE_CURVE('',#9661,(#9665,#9672),.PCURVE_S1.);
#9661 = LINE('',#9662,#9663);
#9662 = CARTESIAN_POINT('',(-7.5,-24.,84.5));
#9663 = VECTOR('',#9664,1.);
#9664 = DIRECTION('',(1.,0.,0.));
#9665 = PCURVE('',#8299,#9666);
#9666 = DEFINITIONAL_REPRESENTATION('',(#9667),#9671);
#9667 = LINE('',#9668,#9669);
#9668 = CARTESIAN_POINT('',(7.5,-0.35));
#9669 = VECTOR('',#9670,1.);
#9670 = DIRECTION('',(-1.,0.));
#9671 = ( GEOMETRIC_REPRESENTATION_CONTEXT(2) 
PARAMETRIC_REPRESENTATION_CONTEXT() REPRESENTATION_CONTEXT('2D SPACE',''
  ) );
#9672 = PCURVE('',#9673,#9678);
#9673 = PLANE('',#9674);
#9674 = AXIS2_PLACEMENT_3D('',#9675,#9676,#9677);
#9675 = CARTESIAN_POINT('',(-15.,-24.,79.5));
#9676 = DIRECTION('',(0.,1.,0.));
#9677 = DIRECTION('',(0.,-0.,1.));
#9678 = DEFINITIONAL_REPRESENTATION('',(#9679),#9683);
#9679 = LINE('',#9680,#9681);
#9680 = CARTESIAN_POINT('',(5.,7.5));
#9681 = VECTOR('',#9682,1.);
#9682 = DIRECTION('',(0.,1.));
#9683 = ( GEOMETRIC_REPRESENTATION_CONTEXT(2) 
PARAMETRIC_REPRESENTATION_CONTEXT() REPRESENTATION_CONTEXT('2D SPACE',''
  ) );
#9684 = ORIENTED_EDGE('',*,*,#9685,.F.);
#9685 = EDGE_CURVE('',#9464,#9658,#9686,.T.);
#9686 = SURFACE_CURVE('',#9687,(#9691,#9698),.PCURVE_S1.);
#9687 = LINE('',#9688,#9689);
#9688 = CARTESIAN_POINT('',(-15.,-23.65,84.5));
#9689 = VECTOR('',#9690,1.);
#9690 = DIRECTION('',(0.,-1.,0.));
#9691 = PCURVE('',#8299,#9692);
#9692 = DEFINITIONAL_REPRESENTATION('',(#9693),#9697);
#9693 = LINE('',#9694,#9695);
#9694 = CARTESIAN_POINT('',(15.,0.));
#9695 = VECTOR('',#9696,1.);
#9696 = DIRECTION('',(0.,-1.));
#9697 = ( GEOMETRIC_REPRESENTATION_CONTEXT(2) 
PARAMETRIC_REPRESENTATION_CONTEXT() REPRESENTATION_CONTEXT('2D SPACE',''
  ) );
#9698 = PCURVE('',#9502,#9699);
#9699 = DEFINITIONAL_REPRESENTATION('',(#9700),#9704);
#9700 = LINE('',#9701,#9702);
#9701 = CARTESIAN_POINT('',(0.,0.));
#9702 = VECTOR('',#9703,1.);
#9703 = DIRECTION('',(0.,-1.));
#9704 = ( GEOMETRIC_REPRESENTATION_CONTEXT(2) 
PARAMETRIC_REPRESENTATION_CONTEXT() REPRESENTATION_CONTEXT('2D SPACE',''
  ) );
#9705 = ADVANCED_FACE('',(#9706),#8271,.T.);
#9706 = FACE_BOUND('',#9707,.T.);
#9707 = EDGE_LOOP('',(#9708,#9738,#9759,#9760,#9761,#9762,#9785));
#9708 = ORIENTED_EDGE('',*,*,#9709,.T.);
#9709 = EDGE_CURVE('',#9710,#9712,#9714,.T.);
#9710 = VERTEX_POINT('',#9711);
#9711 = CARTESIAN_POINT('',(-15.,-36.35,77.8));
#9712 = VERTEX_POINT('',#9713);
#9713 = CARTESIAN_POINT('',(-15.,-36.35,74.5));
#9714 = SURFACE_CURVE('',#9715,(#9719,#9726),.PCURVE_S1.);
#9715 = LINE('',#9716,#9717);
#9716 = CARTESIAN_POINT('',(-15.,-36.35,84.5));
#9717 = VECTOR('',#9718,1.);
#9718 = DIRECTION('',(0.,0.,-1.));
#9719 = PCURVE('',#8271,#9720);
#9720 = DEFINITIONAL_REPRESENTATION('',(#9721),#9725);
#9721 = LINE('',#9722,#9723);
#9722 = CARTESIAN_POINT('',(-5.,-7.5));
#9723 = VECTOR('',#9724,1.);
#9724 = DIRECTION('',(1.,0.));
#9725 = ( GEOMETRIC_REPRESENTATION_CONTEXT(2) 
PARAMETRIC_REPRESENTATION_CONTEXT() REPRESENTATION_CONTEXT('2D SPACE',''
  ) );
#9726 = PCURVE('',#9727,#9732);
#9727 = PLANE('',#9728);
#9728 = AXIS2_PLACEMENT_3D('',#9729,#9730,#9731);
#9729 = CARTESIAN_POINT('',(-15.,-23.65,84.5));
#9730 = DIRECTION('',(1.,0.,0.));
#9731 = DIRECTION('',(0.,0.,-1.));
#9732 = DEFINITIONAL_REPRESENTATION('',(#9733),#9737);
#9733 = LINE('',#9734,#9735);
#9734 = CARTESIAN_POINT('',(0.,-12.7));
#9735 = VECTOR('',#9736,1.);
#9736 = DIRECTION('',(1.,0.));
#9737 = ( GEOMETRIC_REPRESENTATION_CONTEXT(2) 
PARAMETRIC_REPRESENTATION_CONTEXT() REPRESENTATION_CONTEXT('2D SPACE',''
  ) );
#9738 = ORIENTED_EDGE('',*,*,#9739,.T.);
#9739 = EDGE_CURVE('',#9712,#8953,#9740,.T.);
#9740 = SURFACE_CURVE('',#9741,(#9745,#9752),.PCURVE_S1.);
#9741 = LINE('',#9742,#9743);
#9742 = CARTESIAN_POINT('',(-15.,-36.35,74.5));
#9743 = VECTOR('',#9744,1.);
#9744 = DIRECTION('',(1.,0.,0.));
#9745 = PCURVE('',#8271,#9746);
#9746 = DEFINITIONAL_REPRESENTATION('',(#9747),#9751);
#9747 = LINE('',#9748,#9749);
#9748 = CARTESIAN_POINT('',(5.,-7.5));
#9749 = VECTOR('',#9750,1.);
#9750 = DIRECTION('',(0.,1.));
#9751 = ( GEOMETRIC_REPRESENTATION_CONTEXT(2) 
PARAMETRIC_REPRESENTATION_CONTEXT() REPRESENTATION_CONTEXT('2D SPACE',''
  ) );
#9752 = PCURVE('',#8968,#9753);
#9753 = DEFINITIONAL_REPRESENTATION('',(#9754),#9758);
#9754 = LINE('',#9755,#9756);
#9755 = CARTESIAN_POINT('',(0.,-12.7));
#9756 = VECTOR('',#9757,1.);
#9757 = DIRECTION('',(1.,0.));
#9758 = ( GEOMETRIC_REPRESENTATION_CONTEXT(2) 
PARAMETRIC_REPRESENTATION_CONTEXT() REPRESENTATION_CONTEXT('2D SPACE',''
  ) );
#9759 = ORIENTED_EDGE('',*,*,#8980,.T.);
#9760 = ORIENTED_EDGE('',*,*,#8255,.T.);
#9761 = ORIENTED_EDGE('',*,*,#9550,.T.);
#9762 = ORIENTED_EDGE('',*,*,#9763,.T.);
#9763 = EDGE_CURVE('',#9551,#9764,#9766,.T.);
#9764 = VERTEX_POINT('',#9765);
#9765 = CARTESIAN_POINT('',(-15.,-36.35,81.2));
#9766 = SURFACE_CURVE('',#9767,(#9771,#9778),.PCURVE_S1.);
#9767 = LINE('',#9768,#9769);
#9768 = CARTESIAN_POINT('',(-15.,-36.35,84.5));
#9769 = VECTOR('',#9770,1.);
#9770 = DIRECTION('',(0.,0.,-1.));
#9771 = PCURVE('',#8271,#9772);
#9772 = DEFINITIONAL_REPRESENTATION('',(#9773),#9777);
#9773 = LINE('',#9774,#9775);
#9774 = CARTESIAN_POINT('',(-5.,-7.5));
#9775 = VECTOR('',#9776,1.);
#9776 = DIRECTION('',(1.,0.));
#9777 = ( GEOMETRIC_REPRESENTATION_CONTEXT(2) 
PARAMETRIC_REPRESENTATION_CONTEXT() REPRESENTATION_CONTEXT('2D SPACE',''
  ) );
#9778 = PCURVE('',#9589,#9779);
#9779 = DEFINITIONAL_REPRESENTATION('',(#9780),#9784);
#9780 = LINE('',#9781,#9782);
#9781 = CARTESIAN_POINT('',(0.,-12.7));
#9782 = VECTOR('',#9783,1.);
#9783 = DIRECTION('',(1.,0.));
#9784 = ( GEOMETRIC_REPRESENTATION_CONTEXT(2) 
PARAMETRIC_REPRESENTATION_CONTEXT() REPRESENTATION_CONTEXT('2D SPACE',''
  ) );
#9785 = ORIENTED_EDGE('',*,*,#9786,.T.);
#9786 = EDGE_CURVE('',#9764,#9710,#9787,.T.);
#9787 = SURFACE_CURVE('',#9788,(#9793,#9804),.PCURVE_S1.);
#9788 = CIRCLE('',#9789,1.7);
#9789 = AXIS2_PLACEMENT_3D('',#9790,#9791,#9792);
#9790 = CARTESIAN_POINT('',(-15.,-36.35,79.5));
#9791 = DIRECTION('',(0.,1.,0.));
#9792 = DIRECTION('',(0.,-0.,1.));
#9793 = PCURVE('',#8271,#9794);
#9794 = DEFINITIONAL_REPRESENTATION('',(#9795),#9803);
#9795 = ( BOUNDED_CURVE() B_SPLINE_CURVE(2,(#9796,#9797,#9798,#9799,
#9800,#9801,#9802),.UNSPECIFIED.,.T.,.F.) B_SPLINE_CURVE_WITH_KNOTS((1,2
    ,2,2,2,1),(-2.094395102393,0.,2.094395102393,4.188790204786,
6.28318530718,8.377580409573),.UNSPECIFIED.) CURVE() 
GEOMETRIC_REPRESENTATION_ITEM() RATIONAL_B_SPLINE_CURVE((1.,0.5,1.,0.5,
1.,0.5,1.)) REPRESENTATION_ITEM('') );
#9796 = CARTESIAN_POINT('',(-1.7,-7.5));
#9797 = CARTESIAN_POINT('',(-1.7,-4.555513627133));
#9798 = CARTESIAN_POINT('',(0.85,-6.027756813566));
#9799 = CARTESIAN_POINT('',(3.4,-7.5));
#9800 = CARTESIAN_POINT('',(0.85,-8.972243186434));
#9801 = CARTESIAN_POINT('',(-1.7,-10.44448637286));
#9802 = CARTESIAN_POINT('',(-1.7,-7.5));
#9803 = ( GEOMETRIC_REPRESENTATION_CONTEXT(2) 
PARAMETRIC_REPRESENTATION_CONTEXT() REPRESENTATION_CONTEXT('2D SPACE',''
  ) );
#9804 = PCURVE('',#9533,#9805);
#9805 = DEFINITIONAL_REPRESENTATION('',(#9806),#9810);
#9806 = LINE('',#9807,#9808);
#9807 = CARTESIAN_POINT('',(0.,0.15));
#9808 = VECTOR('',#9809,1.);
#9809 = DIRECTION('',(1.,0.));
#9810 = ( GEOMETRIC_REPRESENTATION_CONTEXT(2) 
PARAMETRIC_REPRESENTATION_CONTEXT() REPRESENTATION_CONTEXT('2D SPACE',''
  ) );
#9811 = ADVANCED_FACE('',(#9812),#8661,.T.);
#9812 = FACE_BOUND('',#9813,.T.);
#9813 = EDGE_LOOP('',(#9814,#9815,#9837));
#9814 = ORIENTED_EDGE('',*,*,#8645,.F.);
#9815 = ORIENTED_EDGE('',*,*,#9816,.T.);
#9816 = EDGE_CURVE('',#8618,#8700,#9817,.T.);
#9817 = SURFACE_CURVE('',#9818,(#9823,#9830),.PCURVE_S1.);
#9818 = CIRCLE('',#9819,3.);
#9819 = AXIS2_PLACEMENT_3D('',#9820,#9821,#9822);
#9820 = CARTESIAN_POINT('',(5.,32.16,89.6));
#9821 = DIRECTION('',(0.,-1.,0.));
#9822 = DIRECTION('',(1.,0.,0.));
#9823 = PCURVE('',#8661,#9824);
#9824 = DEFINITIONAL_REPRESENTATION('',(#9825),#9829);
#9825 = CIRCLE('',#9826,3.);
#9826 = AXIS2_PLACEMENT_2D('',#9827,#9828);
#9827 = CARTESIAN_POINT('',(0.,0.));
#9828 = DIRECTION('',(0.,1.));
#9829 = ( GEOMETRIC_REPRESENTATION_CONTEXT(2) 
PARAMETRIC_REPRESENTATION_CONTEXT() REPRESENTATION_CONTEXT('2D SPACE',''
  ) );
#9830 = PCURVE('',#8633,#9831);
#9831 = DEFINITIONAL_REPRESENTATION('',(#9832),#9836);
#9832 = LINE('',#9833,#9834);
#9833 = CARTESIAN_POINT('',(-0.,0.));
#9834 = VECTOR('',#9835,1.);
#9835 = DIRECTION('',(-1.,0.));
#9836 = ( GEOMETRIC_REPRESENTATION_CONTEXT(2) 
PARAMETRIC_REPRESENTATION_CONTEXT() REPRESENTATION_CONTEXT('2D SPACE',''
  ) );
#9837 = ORIENTED_EDGE('',*,*,#8699,.F.);
#9838 = ADVANCED_FACE('',(#9839),#8633,.F.);
#9839 = FACE_BOUND('',#9840,.T.);
#9840 = EDGE_LOOP('',(#9841,#9842,#9843,#9871,#9899,#9921));
#9841 = ORIENTED_EDGE('',*,*,#9816,.F.);
#9842 = ORIENTED_EDGE('',*,*,#8617,.T.);
#9843 = ORIENTED_EDGE('',*,*,#9844,.F.);
#9844 = EDGE_CURVE('',#9845,#8590,#9847,.T.);
#9845 = VERTEX_POINT('',#9846);
#9846 = CARTESIAN_POINT('',(7.95803989155,29.1,90.1));
#9847 = SURFACE_CURVE('',#9848,(#9853,#9860),.PCURVE_S1.);
#9848 = CIRCLE('',#9849,3.);
#9849 = AXIS2_PLACEMENT_3D('',#9850,#9851,#9852);
#9850 = CARTESIAN_POINT('',(5.,29.1,89.6));
#9851 = DIRECTION('',(-0.,1.,0.));
#9852 = DIRECTION('',(1.,0.,0.));
#9853 = PCURVE('',#8633,#9854);
#9854 = DEFINITIONAL_REPRESENTATION('',(#9855),#9859);
#9855 = LINE('',#9856,#9857);
#9856 = CARTESIAN_POINT('',(-6.28318530718,-3.06));
#9857 = VECTOR('',#9858,1.);
#9858 = DIRECTION('',(1.,-0.));
#9859 = ( GEOMETRIC_REPRESENTATION_CONTEXT(2) 
PARAMETRIC_REPRESENTATION_CONTEXT() REPRESENTATION_CONTEXT('2D SPACE',''
  ) );
#9860 = PCURVE('',#8605,#9861);
#9861 = DEFINITIONAL_REPRESENTATION('',(#9862),#9870);
#9862 = ( BOUNDED_CURVE() B_SPLINE_CURVE(2,(#9863,#9864,#9865,#9866,
#9867,#9868,#9869),.UNSPECIFIED.,.T.,.F.) B_SPLINE_CURVE_WITH_KNOTS((1,2
    ,2,2,2,1),(-2.094395102393,0.,2.094395102393,4.188790204786,
6.28318530718,8.377580409573),.UNSPECIFIED.) CURVE() 
GEOMETRIC_REPRESENTATION_ITEM() RATIONAL_B_SPLINE_CURVE((1.,0.5,1.,0.5,
1.,0.5,1.)) REPRESENTATION_ITEM('') );
#9863 = CARTESIAN_POINT('',(0.,-1.5));
#9864 = CARTESIAN_POINT('',(5.196152422707,-1.5));
#9865 = CARTESIAN_POINT('',(2.598076211353,-6.));
#9866 = CARTESIAN_POINT('',(7.347880794884E-16,-10.5));
#9867 = CARTESIAN_POINT('',(-2.598076211353,-6.));
#9868 = CARTESIAN_POINT('',(-5.196152422707,-1.5));
#9869 = CARTESIAN_POINT('',(0.,-1.5));
#9870 = ( GEOMETRIC_REPRESENTATION_CONTEXT(2) 
PARAMETRIC_REPRESENTATION_CONTEXT() REPRESENTATION_CONTEXT('2D SPACE',''
  ) );
#9871 = ORIENTED_EDGE('',*,*,#9872,.F.);
#9872 = EDGE_CURVE('',#9873,#9845,#9875,.T.);
#9873 = VERTEX_POINT('',#9874);
#9874 = CARTESIAN_POINT('',(7.95803989155,22.16,90.1));
#9875 = SURFACE_CURVE('',#9876,(#9880,#9887),.PCURVE_S1.);
#9876 = LINE('',#9877,#9878);
#9877 = CARTESIAN_POINT('',(7.95803989155,32.16,90.1));
#9878 = VECTOR('',#9879,1.);
#9879 = DIRECTION('',(-0.,1.,-0.));
#9880 = PCURVE('',#8633,#9881);
#9881 = DEFINITIONAL_REPRESENTATION('',(#9882),#9886);
#9882 = LINE('',#9883,#9884);
#9883 = CARTESIAN_POINT('',(-0.16744807922,0.));
#9884 = VECTOR('',#9885,1.);
#9885 = DIRECTION('',(-0.,1.));
#9886 = ( GEOMETRIC_REPRESENTATION_CONTEXT(2) 
PARAMETRIC_REPRESENTATION_CONTEXT() REPRESENTATION_CONTEXT('2D SPACE',''
  ) );
#9887 = PCURVE('',#9888,#9893);
#9888 = PLANE('',#9889);
#9889 = AXIS2_PLACEMENT_3D('',#9890,#9891,#9892);
#9890 = CARTESIAN_POINT('',(12.,29.1,90.1));
#9891 = DIRECTION('',(-0.,-0.,-1.));
#9892 = DIRECTION('',(-1.,0.,0.));
#9893 = DEFINITIONAL_REPRESENTATION('',(#9894),#9898);
#9894 = LINE('',#9895,#9896);
#9895 = CARTESIAN_POINT('',(4.04196010845,3.06));
#9896 = VECTOR('',#9897,1.);
#9897 = DIRECTION('',(0.,1.));
#9898 = ( GEOMETRIC_REPRESENTATION_CONTEXT(2) 
PARAMETRIC_REPRESENTATION_CONTEXT() REPRESENTATION_CONTEXT('2D SPACE',''
  ) );
#9899 = ORIENTED_EDGE('',*,*,#9900,.T.);
#9900 = EDGE_CURVE('',#9873,#8723,#9901,.T.);
#9901 = SURFACE_CURVE('',#9902,(#9907,#9914),.PCURVE_S1.);
#9902 = CIRCLE('',#9903,3.);
#9903 = AXIS2_PLACEMENT_3D('',#9904,#9905,#9906);
#9904 = CARTESIAN_POINT('',(5.,22.16,89.6));
#9905 = DIRECTION('',(0.,-1.,0.));
#9906 = DIRECTION('',(1.,0.,0.));
#9907 = PCURVE('',#8633,#9908);
#9908 = DEFINITIONAL_REPRESENTATION('',(#9909),#9913);
#9909 = LINE('',#9910,#9911);
#9910 = CARTESIAN_POINT('',(-0.,-10.));
#9911 = VECTOR('',#9912,1.);
#9912 = DIRECTION('',(-1.,0.));
#9913 = ( GEOMETRIC_REPRESENTATION_CONTEXT(2) 
PARAMETRIC_REPRESENTATION_CONTEXT() REPRESENTATION_CONTEXT('2D SPACE',''
  ) );
#9914 = PCURVE('',#8493,#9915);
#9915 = DEFINITIONAL_REPRESENTATION('',(#9916),#9920);
#9916 = CIRCLE('',#9917,3.);
#9917 = AXIS2_PLACEMENT_2D('',#9918,#9919);
#9918 = CARTESIAN_POINT('',(0.,0.));
#9919 = DIRECTION('',(0.,1.));
#9920 = ( GEOMETRIC_REPRESENTATION_CONTEXT(2) 
PARAMETRIC_REPRESENTATION_CONTEXT() REPRESENTATION_CONTEXT('2D SPACE',''
  ) );
#9921 = ORIENTED_EDGE('',*,*,#8722,.T.);
#9922 = ADVANCED_FACE('',(#9923),#8605,.T.);
#9923 = FACE_BOUND('',#9924,.T.);
#9924 = EDGE_LOOP('',(#9925,#9926,#9949,#9970));
#9925 = ORIENTED_EDGE('',*,*,#8589,.F.);
#9926 = ORIENTED_EDGE('',*,*,#9927,.T.);
#9927 = EDGE_CURVE('',#8562,#9928,#9930,.T.);
#9928 = VERTEX_POINT('',#9929);
#9929 = CARTESIAN_POINT('',(12.,29.1,90.1));
#9930 = SURFACE_CURVE('',#9931,(#9935,#9942),.PCURVE_S1.);
#9931 = LINE('',#9932,#9933);
#9932 = CARTESIAN_POINT('',(12.,29.1,89.1));
#9933 = VECTOR('',#9934,1.);
#9934 = DIRECTION('',(0.,0.,1.));
#9935 = PCURVE('',#8605,#9936);
#9936 = DEFINITIONAL_REPRESENTATION('',(#9937),#9941);
#9937 = LINE('',#9938,#9939);
#9938 = CARTESIAN_POINT('',(0.5,2.5));
#9939 = VECTOR('',#9940,1.);
#9940 = DIRECTION('',(-1.,0.));
#9941 = ( GEOMETRIC_REPRESENTATION_CONTEXT(2) 
PARAMETRIC_REPRESENTATION_CONTEXT() REPRESENTATION_CONTEXT('2D SPACE',''
  ) );
#9942 = PCURVE('',#8577,#9943);
#9943 = DEFINITIONAL_REPRESENTATION('',(#9944),#9948);
#9944 = LINE('',#9945,#9946);
#9945 = CARTESIAN_POINT('',(0.,0.));
#9946 = VECTOR('',#9947,1.);
#9947 = DIRECTION('',(1.,0.));
#9948 = ( GEOMETRIC_REPRESENTATION_CONTEXT(2) 
PARAMETRIC_REPRESENTATION_CONTEXT() REPRESENTATION_CONTEXT('2D SPACE',''
  ) );
#9949 = ORIENTED_EDGE('',*,*,#9950,.T.);
#9950 = EDGE_CURVE('',#9928,#9845,#9951,.T.);
#9951 = SURFACE_CURVE('',#9952,(#9956,#9963),.PCURVE_S1.);
#9952 = LINE('',#9953,#9954);
#9953 = CARTESIAN_POINT('',(12.,29.1,90.1));
#9954 = VECTOR('',#9955,1.);
#9955 = DIRECTION('',(-1.,0.,0.));
#9956 = PCURVE('',#8605,#9957);
#9957 = DEFINITIONAL_REPRESENTATION('',(#9958),#9962);
#9958 = LINE('',#9959,#9960);
#9959 = CARTESIAN_POINT('',(-0.5,2.5));
#9960 = VECTOR('',#9961,1.);
#9961 = DIRECTION('',(0.,-1.));
#9962 = ( GEOMETRIC_REPRESENTATION_CONTEXT(2) 
PARAMETRIC_REPRESENTATION_CONTEXT() REPRESENTATION_CONTEXT('2D SPACE',''
  ) );
#9963 = PCURVE('',#9888,#9964);
#9964 = DEFINITIONAL_REPRESENTATION('',(#9965),#9969);
#9965 = LINE('',#9966,#9967);
#9966 = CARTESIAN_POINT('',(0.,0.));
#9967 = VECTOR('',#9968,1.);
#9968 = DIRECTION('',(1.,0.));
#9969 = ( GEOMETRIC_REPRESENTATION_CONTEXT(2) 
PARAMETRIC_REPRESENTATION_CONTEXT() REPRESENTATION_CONTEXT('2D SPACE',''
  ) );
#9970 = ORIENTED_EDGE('',*,*,#9844,.T.);
#9971 = ADVANCED_FACE('',(#9972),#8577,.T.);
#9972 = FACE_BOUND('',#9973,.T.);
#9973 = EDGE_LOOP('',(#9974,#9975,#9976,#9999));
#9974 = ORIENTED_EDGE('',*,*,#9927,.F.);
#9975 = ORIENTED_EDGE('',*,*,#8561,.F.);
#9976 = ORIENTED_EDGE('',*,*,#9977,.T.);
#9977 = EDGE_CURVE('',#8534,#9978,#9980,.T.);
#9978 = VERTEX_POINT('',#9979);
#9979 = CARTESIAN_POINT('',(12.,-29.1,90.1));
#9980 = SURFACE_CURVE('',#9981,(#9985,#9992),.PCURVE_S1.);
#9981 = LINE('',#9982,#9983);
#9982 = CARTESIAN_POINT('',(12.,-29.1,89.1));
#9983 = VECTOR('',#9984,1.);
#9984 = DIRECTION('',(0.,0.,1.));
#9985 = PCURVE('',#8577,#9986);
#9986 = DEFINITIONAL_REPRESENTATION('',(#9987),#9991);
#9987 = LINE('',#9988,#9989);
#9988 = CARTESIAN_POINT('',(0.,-58.2));
#9989 = VECTOR('',#9990,1.);
#9990 = DIRECTION('',(1.,0.));
#9991 = ( GEOMETRIC_REPRESENTATION_CONTEXT(2) 
PARAMETRIC_REPRESENTATION_CONTEXT() REPRESENTATION_CONTEXT('2D SPACE',''
  ) );
#9992 = PCURVE('',#8549,#9993);
#9993 = DEFINITIONAL_REPRESENTATION('',(#9994),#9998);
#9994 = LINE('',#9995,#9996);
#9995 = CARTESIAN_POINT('',(0.5,2.5));
#9996 = VECTOR('',#9997,1.);
#9997 = DIRECTION('',(-1.,0.));
#9998 = ( GEOMETRIC_REPRESENTATION_CONTEXT(2) 
PARAMETRIC_REPRESENTATION_CONTEXT() REPRESENTATION_CONTEXT('2D SPACE',''
  ) );
#9999 = ORIENTED_EDGE('',*,*,#10000,.F.);
#10000 = EDGE_CURVE('',#9928,#9978,#10001,.T.);
#10001 = SURFACE_CURVE('',#10002,(#10006,#10013),.PCURVE_S1.);
#10002 = LINE('',#10003,#10004);
#10003 = CARTESIAN_POINT('',(12.,29.1,90.1));
#10004 = VECTOR('',#10005,1.);
#10005 = DIRECTION('',(0.,-1.,0.));
#10006 = PCURVE('',#8577,#10007);
#10007 = DEFINITIONAL_REPRESENTATION('',(#10008),#10012);
#10008 = LINE('',#10009,#10010);
#10009 = CARTESIAN_POINT('',(1.,0.));
#10010 = VECTOR('',#10011,1.);
#10011 = DIRECTION('',(0.,-1.));
#10012 = ( GEOMETRIC_REPRESENTATION_CONTEXT(2) 
PARAMETRIC_REPRESENTATION_CONTEXT() REPRESENTATION_CONTEXT('2D SPACE',''
  ) );
#10013 = PCURVE('',#9888,#10014);
#10014 = DEFINITIONAL_REPRESENTATION('',(#10015),#10019);
#10015 = LINE('',#10016,#10017);
#10016 = CARTESIAN_POINT('',(0.,0.));
#10017 = VECTOR('',#10018,1.);
#10018 = DIRECTION('',(0.,-1.));
#10019 = ( GEOMETRIC_REPRESENTATION_CONTEXT(2) 
PARAMETRIC_REPRESENTATION_CONTEXT() REPRESENTATION_CONTEXT('2D SPACE',''
  ) );
#10020 = ADVANCED_FACE('',(#10021),#8549,.F.);
#10021 = FACE_BOUND('',#10022,.F.);
#10022 = EDGE_LOOP('',(#10023,#10046,#10047,#10048));
#10023 = ORIENTED_EDGE('',*,*,#10024,.T.);
#10024 = EDGE_CURVE('',#10025,#8506,#10027,.T.);
#10025 = VERTEX_POINT('',#10026);
#10026 = CARTESIAN_POINT('',(7.,-29.1,90.1));
#10027 = SURFACE_CURVE('',#10028,(#10032,#10039),.PCURVE_S1.);
#10028 = LINE('',#10029,#10030);
#10029 = CARTESIAN_POINT('',(7.,-29.1,90.1));
#10030 = VECTOR('',#10031,1.);
#10031 = DIRECTION('',(0.,0.,-1.));
#10032 = PCURVE('',#8549,#10033);
#10033 = DEFINITIONAL_REPRESENTATION('',(#10034),#10038);
#10034 = LINE('',#10035,#10036);
#10035 = CARTESIAN_POINT('',(-0.5,-2.5));
#10036 = VECTOR('',#10037,1.);
#10037 = DIRECTION('',(1.,0.));
#10038 = ( GEOMETRIC_REPRESENTATION_CONTEXT(2) 
PARAMETRIC_REPRESENTATION_CONTEXT() REPRESENTATION_CONTEXT('2D SPACE',''
  ) );
#10039 = PCURVE('',#8521,#10040);
#10040 = DEFINITIONAL_REPRESENTATION('',(#10041),#10045);
#10041 = LINE('',#10042,#10043);
#10042 = CARTESIAN_POINT('',(0.,-58.2));
#10043 = VECTOR('',#10044,1.);
#10044 = DIRECTION('',(1.,0.));
#10045 = ( GEOMETRIC_REPRESENTATION_CONTEXT(2) 
PARAMETRIC_REPRESENTATION_CONTEXT() REPRESENTATION_CONTEXT('2D SPACE',''
  ) );
#10046 = ORIENTED_EDGE('',*,*,#8533,.F.);
#10047 = ORIENTED_EDGE('',*,*,#9977,.T.);
#10048 = ORIENTED_EDGE('',*,*,#10049,.T.);
#10049 = EDGE_CURVE('',#9978,#10025,#10050,.T.);
#10050 = SURFACE_CURVE('',#10051,(#10055,#10062),.PCURVE_S1.);
#10051 = LINE('',#10052,#10053);
#10052 = CARTESIAN_POINT('',(12.,-29.1,90.1));
#10053 = VECTOR('',#10054,1.);
#10054 = DIRECTION('',(-1.,0.,0.));
#10055 = PCURVE('',#8549,#10056);
#10056 = DEFINITIONAL_REPRESENTATION('',(#10057),#10061);
#10057 = LINE('',#10058,#10059);
#10058 = CARTESIAN_POINT('',(-0.5,2.5));
#10059 = VECTOR('',#10060,1.);
#10060 = DIRECTION('',(0.,-1.));
#10061 = ( GEOMETRIC_REPRESENTATION_CONTEXT(2) 
PARAMETRIC_REPRESENTATION_CONTEXT() REPRESENTATION_CONTEXT('2D SPACE',''
  ) );
#10062 = PCURVE('',#9888,#10063);
#10063 = DEFINITIONAL_REPRESENTATION('',(#10064),#10068);
#10064 = LINE('',#10065,#10066);
#10065 = CARTESIAN_POINT('',(0.,-58.2));
#10066 = VECTOR('',#10067,1.);
#10067 = DIRECTION('',(1.,0.));
#10068 = ( GEOMETRIC_REPRESENTATION_CONTEXT(2) 
PARAMETRIC_REPRESENTATION_CONTEXT() REPRESENTATION_CONTEXT('2D SPACE',''
  ) );
#10069 = ADVANCED_FACE('',(#10070),#8521,.T.);
#10070 = FACE_BOUND('',#10071,.T.);
#10071 = EDGE_LOOP('',(#10072,#10095,#10116,#10117));
#10072 = ORIENTED_EDGE('',*,*,#10073,.T.);
#10073 = EDGE_CURVE('',#8478,#10074,#10076,.T.);
#10074 = VERTEX_POINT('',#10075);
#10075 = CARTESIAN_POINT('',(7.,22.16,90.1));
#10076 = SURFACE_CURVE('',#10077,(#10081,#10088),.PCURVE_S1.);
#10077 = LINE('',#10078,#10079);
#10078 = CARTESIAN_POINT('',(7.,22.16,89.85));
#10079 = VECTOR('',#10080,1.);
#10080 = DIRECTION('',(0.,0.,1.));
#10081 = PCURVE('',#8521,#10082);
#10082 = DEFINITIONAL_REPRESENTATION('',(#10083),#10087);
#10083 = LINE('',#10084,#10085);
#10084 = CARTESIAN_POINT('',(0.25,-6.94));
#10085 = VECTOR('',#10086,1.);
#10086 = DIRECTION('',(-1.,0.));
#10087 = ( GEOMETRIC_REPRESENTATION_CONTEXT(2) 
PARAMETRIC_REPRESENTATION_CONTEXT() REPRESENTATION_CONTEXT('2D SPACE',''
  ) );
#10088 = PCURVE('',#8493,#10089);
#10089 = DEFINITIONAL_REPRESENTATION('',(#10090),#10094);
#10090 = LINE('',#10091,#10092);
#10091 = CARTESIAN_POINT('',(-0.25,2.));
#10092 = VECTOR('',#10093,1.);
#10093 = DIRECTION('',(-1.,0.));
#10094 = ( GEOMETRIC_REPRESENTATION_CONTEXT(2) 
PARAMETRIC_REPRESENTATION_CONTEXT() REPRESENTATION_CONTEXT('2D SPACE',''
  ) );
#10095 = ORIENTED_EDGE('',*,*,#10096,.T.);
#10096 = EDGE_CURVE('',#10074,#10025,#10097,.T.);
#10097 = SURFACE_CURVE('',#10098,(#10102,#10109),.PCURVE_S1.);
#10098 = LINE('',#10099,#10100);
#10099 = CARTESIAN_POINT('',(7.,29.1,90.1));
#10100 = VECTOR('',#10101,1.);
#10101 = DIRECTION('',(0.,-1.,0.));
#10102 = PCURVE('',#8521,#10103);
#10103 = DEFINITIONAL_REPRESENTATION('',(#10104),#10108);
#10104 = LINE('',#10105,#10106);
#10105 = CARTESIAN_POINT('',(0.,0.));
#10106 = VECTOR('',#10107,1.);
#10107 = DIRECTION('',(0.,-1.));
#10108 = ( GEOMETRIC_REPRESENTATION_CONTEXT(2) 
PARAMETRIC_REPRESENTATION_CONTEXT() REPRESENTATION_CONTEXT('2D SPACE',''
  ) );
#10109 = PCURVE('',#9888,#10110);
#10110 = DEFINITIONAL_REPRESENTATION('',(#10111),#10115);
#10111 = LINE('',#10112,#10113);
#10112 = CARTESIAN_POINT('',(5.,0.));
#10113 = VECTOR('',#10114,1.);
#10114 = DIRECTION('',(0.,-1.));
#10115 = ( GEOMETRIC_REPRESENTATION_CONTEXT(2) 
PARAMETRIC_REPRESENTATION_CONTEXT() REPRESENTATION_CONTEXT('2D SPACE',''
  ) );
#10116 = ORIENTED_EDGE('',*,*,#10024,.T.);
#10117 = ORIENTED_EDGE('',*,*,#8505,.F.);
#10118 = ADVANCED_FACE('',(#10119),#8493,.F.);
#10119 = FACE_BOUND('',#10120,.F.);
#10120 = EDGE_LOOP('',(#10121,#10122,#10123,#10144,#10145));
#10121 = ORIENTED_EDGE('',*,*,#8477,.F.);
#10122 = ORIENTED_EDGE('',*,*,#10073,.T.);
#10123 = ORIENTED_EDGE('',*,*,#10124,.T.);
#10124 = EDGE_CURVE('',#10074,#9873,#10125,.T.);
#10125 = SURFACE_CURVE('',#10126,(#10130,#10137),.PCURVE_S1.);
#10126 = LINE('',#10127,#10128);
#10127 = CARTESIAN_POINT('',(8.5,22.16,90.1));
#10128 = VECTOR('',#10129,1.);
#10129 = DIRECTION('',(1.,0.,0.));
#10130 = PCURVE('',#8493,#10131);
#10131 = DEFINITIONAL_REPRESENTATION('',(#10132),#10136);
#10132 = LINE('',#10133,#10134);
#10133 = CARTESIAN_POINT('',(-0.5,3.5));
#10134 = VECTOR('',#10135,1.);
#10135 = DIRECTION('',(0.,1.));
#10136 = ( GEOMETRIC_REPRESENTATION_CONTEXT(2) 
PARAMETRIC_REPRESENTATION_CONTEXT() REPRESENTATION_CONTEXT('2D SPACE',''
  ) );
#10137 = PCURVE('',#9888,#10138);
#10138 = DEFINITIONAL_REPRESENTATION('',(#10139),#10143);
#10139 = LINE('',#10140,#10141);
#10140 = CARTESIAN_POINT('',(3.5,-6.94));
#10141 = VECTOR('',#10142,1.);
#10142 = DIRECTION('',(-1.,0.));
#10143 = ( GEOMETRIC_REPRESENTATION_CONTEXT(2) 
PARAMETRIC_REPRESENTATION_CONTEXT() REPRESENTATION_CONTEXT('2D SPACE',''
  ) );
#10144 = ORIENTED_EDGE('',*,*,#9900,.T.);
#10145 = ORIENTED_EDGE('',*,*,#8745,.F.);
#10146 = ADVANCED_FACE('',(#10147),#8892,.F.);
#10147 = FACE_BOUND('',#10148,.F.);
#10148 = EDGE_LOOP('',(#10149,#10150,#10173,#10196,#10219,#10242,#10263,
    #10264));
#10149 = ORIENTED_EDGE('',*,*,#9035,.F.);
#10150 = ORIENTED_EDGE('',*,*,#10151,.T.);
#10151 = EDGE_CURVE('',#9008,#10152,#10154,.T.);
#10152 = VERTEX_POINT('',#10153);
#10153 = CARTESIAN_POINT('',(-15.,36.,74.5));
#10154 = SURFACE_CURVE('',#10155,(#10159,#10166),.PCURVE_S1.);
#10155 = LINE('',#10156,#10157);
#10156 = CARTESIAN_POINT('',(-15.,36.35,74.5));
#10157 = VECTOR('',#10158,1.);
#10158 = DIRECTION('',(0.,-1.,0.));
#10159 = PCURVE('',#8892,#10160);
#10160 = DEFINITIONAL_REPRESENTATION('',(#10161),#10165);
#10161 = LINE('',#10162,#10163);
#10162 = CARTESIAN_POINT('',(0.,0.));
#10163 = VECTOR('',#10164,1.);
#10164 = DIRECTION('',(0.,-1.));
#10165 = ( GEOMETRIC_REPRESENTATION_CONTEXT(2) 
PARAMETRIC_REPRESENTATION_CONTEXT() REPRESENTATION_CONTEXT('2D SPACE',''
  ) );
#10166 = PCURVE('',#9023,#10167);
#10167 = DEFINITIONAL_REPRESENTATION('',(#10168),#10172);
#10168 = LINE('',#10169,#10170);
#10169 = CARTESIAN_POINT('',(10.,0.));
#10170 = VECTOR('',#10171,1.);
#10171 = DIRECTION('',(0.,-1.));
#10172 = ( GEOMETRIC_REPRESENTATION_CONTEXT(2) 
PARAMETRIC_REPRESENTATION_CONTEXT() REPRESENTATION_CONTEXT('2D SPACE',''
  ) );
#10173 = ORIENTED_EDGE('',*,*,#10174,.F.);
#10174 = EDGE_CURVE('',#10175,#10152,#10177,.T.);
#10175 = VERTEX_POINT('',#10176);
#10176 = CARTESIAN_POINT('',(-11.00500312891,36.,74.5));
#10177 = SURFACE_CURVE('',#10178,(#10182,#10189),.PCURVE_S1.);
#10178 = LINE('',#10179,#10180);
#10179 = CARTESIAN_POINT('',(-15.,36.,74.5));
#10180 = VECTOR('',#10181,1.);
#10181 = DIRECTION('',(-1.,0.,-0.));
#10182 = PCURVE('',#8892,#10183);
#10183 = DEFINITIONAL_REPRESENTATION('',(#10184),#10188);
#10184 = LINE('',#10185,#10186);
#10185 = CARTESIAN_POINT('',(0.,-0.35));
#10186 = VECTOR('',#10187,1.);
#10187 = DIRECTION('',(-1.,0.));
#10188 = ( GEOMETRIC_REPRESENTATION_CONTEXT(2) 
PARAMETRIC_REPRESENTATION_CONTEXT() REPRESENTATION_CONTEXT('2D SPACE',''
  ) );
#10189 = PCURVE('',#9268,#10190);
#10190 = DEFINITIONAL_REPRESENTATION('',(#10191),#10195);
#10191 = LINE('',#10192,#10193);
#10192 = CARTESIAN_POINT('',(-5.,0.));
#10193 = VECTOR('',#10194,1.);
#10194 = DIRECTION('',(-0.,-1.));
#10195 = ( GEOMETRIC_REPRESENTATION_CONTEXT(2) 
PARAMETRIC_REPRESENTATION_CONTEXT() REPRESENTATION_CONTEXT('2D SPACE',''
  ) );
#10196 = ORIENTED_EDGE('',*,*,#10197,.F.);
#10197 = EDGE_CURVE('',#10198,#10175,#10200,.T.);
#10198 = VERTEX_POINT('',#10199);
#10199 = CARTESIAN_POINT('',(-11.00500312891,24.,74.5));
#10200 = SURFACE_CURVE('',#10201,(#10205,#10212),.PCURVE_S1.);
#10201 = LINE('',#10202,#10203);
#10202 = CARTESIAN_POINT('',(-11.00500312891,24.,74.5));
#10203 = VECTOR('',#10204,1.);
#10204 = DIRECTION('',(0.,1.,0.));
#10205 = PCURVE('',#8892,#10206);
#10206 = DEFINITIONAL_REPRESENTATION('',(#10207),#10211);
#10207 = LINE('',#10208,#10209);
#10208 = CARTESIAN_POINT('',(3.994996871088,-12.35));
#10209 = VECTOR('',#10210,1.);
#10210 = DIRECTION('',(0.,1.));
#10211 = ( GEOMETRIC_REPRESENTATION_CONTEXT(2) 
PARAMETRIC_REPRESENTATION_CONTEXT() REPRESENTATION_CONTEXT('2D SPACE',''
  ) );
#10212 = PCURVE('',#9240,#10213);
#10213 = DEFINITIONAL_REPRESENTATION('',(#10214),#10218);
#10214 = LINE('',#10215,#10216);
#10215 = CARTESIAN_POINT('',(2.467462146922,0.));
#10216 = VECTOR('',#10217,1.);
#10217 = DIRECTION('',(0.,1.));
#10218 = ( GEOMETRIC_REPRESENTATION_CONTEXT(2) 
PARAMETRIC_REPRESENTATION_CONTEXT() REPRESENTATION_CONTEXT('2D SPACE',''
  ) );
#10219 = ORIENTED_EDGE('',*,*,#10220,.T.);
#10220 = EDGE_CURVE('',#10198,#10221,#10223,.T.);
#10221 = VERTEX_POINT('',#10222);
#10222 = CARTESIAN_POINT('',(-15.,24.,74.5));
#10223 = SURFACE_CURVE('',#10224,(#10228,#10235),.PCURVE_S1.);
#10224 = LINE('',#10225,#10226);
#10225 = CARTESIAN_POINT('',(-15.,24.,74.5));
#10226 = VECTOR('',#10227,1.);
#10227 = DIRECTION('',(-1.,0.,-0.));
#10228 = PCURVE('',#8892,#10229);
#10229 = DEFINITIONAL_REPRESENTATION('',(#10230),#10234);
#10230 = LINE('',#10231,#10232);
#10231 = CARTESIAN_POINT('',(0.,-12.35));
#10232 = VECTOR('',#10233,1.);
#10233 = DIRECTION('',(-1.,0.));
#10234 = ( GEOMETRIC_REPRESENTATION_CONTEXT(2) 
PARAMETRIC_REPRESENTATION_CONTEXT() REPRESENTATION_CONTEXT('2D SPACE',''
  ) );
#10235 = PCURVE('',#9212,#10236);
#10236 = DEFINITIONAL_REPRESENTATION('',(#10237),#10241);
#10237 = LINE('',#10238,#10239);
#10238 = CARTESIAN_POINT('',(-5.,0.));
#10239 = VECTOR('',#10240,1.);
#10240 = DIRECTION('',(-0.,-1.));
#10241 = ( GEOMETRIC_REPRESENTATION_CONTEXT(2) 
PARAMETRIC_REPRESENTATION_CONTEXT() REPRESENTATION_CONTEXT('2D SPACE',''
  ) );
#10242 = ORIENTED_EDGE('',*,*,#10243,.T.);
#10243 = EDGE_CURVE('',#10221,#9307,#10244,.T.);
#10244 = SURFACE_CURVE('',#10245,(#10249,#10256),.PCURVE_S1.);
#10245 = LINE('',#10246,#10247);
#10246 = CARTESIAN_POINT('',(-15.,36.35,74.5));
#10247 = VECTOR('',#10248,1.);
#10248 = DIRECTION('',(0.,-1.,0.));
#10249 = PCURVE('',#8892,#10250);
#10250 = DEFINITIONAL_REPRESENTATION('',(#10251),#10255);
#10251 = LINE('',#10252,#10253);
#10252 = CARTESIAN_POINT('',(0.,0.));
#10253 = VECTOR('',#10254,1.);
#10254 = DIRECTION('',(0.,-1.));
#10255 = ( GEOMETRIC_REPRESENTATION_CONTEXT(2) 
PARAMETRIC_REPRESENTATION_CONTEXT() REPRESENTATION_CONTEXT('2D SPACE',''
  ) );
#10256 = PCURVE('',#9322,#10257);
#10257 = DEFINITIONAL_REPRESENTATION('',(#10258),#10262);
#10258 = LINE('',#10259,#10260);
#10259 = CARTESIAN_POINT('',(10.,0.));
#10260 = VECTOR('',#10261,1.);
#10261 = DIRECTION('',(0.,-1.));
#10262 = ( GEOMETRIC_REPRESENTATION_CONTEXT(2) 
PARAMETRIC_REPRESENTATION_CONTEXT() REPRESENTATION_CONTEXT('2D SPACE',''
  ) );
#10263 = ORIENTED_EDGE('',*,*,#9334,.T.);
#10264 = ORIENTED_EDGE('',*,*,#8876,.F.);
#10265 = ADVANCED_FACE('',(#10266),#8968,.F.);
#10266 = FACE_BOUND('',#10267,.F.);
#10267 = EDGE_LOOP('',(#10268,#10269,#10292,#10315,#10338,#10361,#10382,
    #10383));
#10268 = ORIENTED_EDGE('',*,*,#9440,.F.);
#10269 = ORIENTED_EDGE('',*,*,#10270,.T.);
#10270 = EDGE_CURVE('',#9413,#10271,#10273,.T.);
#10271 = VERTEX_POINT('',#10272);
#10272 = CARTESIAN_POINT('',(-15.,-24.,74.5));
#10273 = SURFACE_CURVE('',#10274,(#10278,#10285),.PCURVE_S1.);
#10274 = LINE('',#10275,#10276);
#10275 = CARTESIAN_POINT('',(-15.,-23.65,74.5));
#10276 = VECTOR('',#10277,1.);
#10277 = DIRECTION('',(0.,-1.,0.));
#10278 = PCURVE('',#8968,#10279);
#10279 = DEFINITIONAL_REPRESENTATION('',(#10280),#10284);
#10280 = LINE('',#10281,#10282);
#10281 = CARTESIAN_POINT('',(0.,0.));
#10282 = VECTOR('',#10283,1.);
#10283 = DIRECTION('',(0.,-1.));
#10284 = ( GEOMETRIC_REPRESENTATION_CONTEXT(2) 
PARAMETRIC_REPRESENTATION_CONTEXT() REPRESENTATION_CONTEXT('2D SPACE',''
  ) );
#10285 = PCURVE('',#9428,#10286);
#10286 = DEFINITIONAL_REPRESENTATION('',(#10287),#10291);
#10287 = LINE('',#10288,#10289);
#10288 = CARTESIAN_POINT('',(10.,0.));
#10289 = VECTOR('',#10290,1.);
#10290 = DIRECTION('',(0.,-1.));
#10291 = ( GEOMETRIC_REPRESENTATION_CONTEXT(2) 
PARAMETRIC_REPRESENTATION_CONTEXT() REPRESENTATION_CONTEXT('2D SPACE',''
  ) );
#10292 = ORIENTED_EDGE('',*,*,#10293,.F.);
#10293 = EDGE_CURVE('',#10294,#10271,#10296,.T.);
#10294 = VERTEX_POINT('',#10295);
#10295 = CARTESIAN_POINT('',(-11.00500312891,-24.,74.5));
#10296 = SURFACE_CURVE('',#10297,(#10301,#10308),.PCURVE_S1.);
#10297 = LINE('',#10298,#10299);
#10298 = CARTESIAN_POINT('',(-15.,-24.,74.5));
#10299 = VECTOR('',#10300,1.);
#10300 = DIRECTION('',(-1.,0.,-0.));
#10301 = PCURVE('',#8968,#10302);
#10302 = DEFINITIONAL_REPRESENTATION('',(#10303),#10307);
#10303 = LINE('',#10304,#10305);
#10304 = CARTESIAN_POINT('',(0.,-0.35));
#10305 = VECTOR('',#10306,1.);
#10306 = DIRECTION('',(-1.,0.));
#10307 = ( GEOMETRIC_REPRESENTATION_CONTEXT(2) 
PARAMETRIC_REPRESENTATION_CONTEXT() REPRESENTATION_CONTEXT('2D SPACE',''
  ) );
#10308 = PCURVE('',#9673,#10309);
#10309 = DEFINITIONAL_REPRESENTATION('',(#10310),#10314);
#10310 = LINE('',#10311,#10312);
#10311 = CARTESIAN_POINT('',(-5.,0.));
#10312 = VECTOR('',#10313,1.);
#10313 = DIRECTION('',(-0.,-1.));
#10314 = ( GEOMETRIC_REPRESENTATION_CONTEXT(2) 
PARAMETRIC_REPRESENTATION_CONTEXT() REPRESENTATION_CONTEXT('2D SPACE',''
  ) );
#10315 = ORIENTED_EDGE('',*,*,#10316,.F.);
#10316 = EDGE_CURVE('',#10317,#10294,#10319,.T.);
#10317 = VERTEX_POINT('',#10318);
#10318 = CARTESIAN_POINT('',(-11.00500312891,-36.,74.5));
#10319 = SURFACE_CURVE('',#10320,(#10324,#10331),.PCURVE_S1.);
#10320 = LINE('',#10321,#10322);
#10321 = CARTESIAN_POINT('',(-11.00500312891,-36.,74.5));
#10322 = VECTOR('',#10323,1.);
#10323 = DIRECTION('',(0.,1.,0.));
#10324 = PCURVE('',#8968,#10325);
#10325 = DEFINITIONAL_REPRESENTATION('',(#10326),#10330);
#10326 = LINE('',#10327,#10328);
#10327 = CARTESIAN_POINT('',(3.994996871088,-12.35));
#10328 = VECTOR('',#10329,1.);
#10329 = DIRECTION('',(0.,1.));
#10330 = ( GEOMETRIC_REPRESENTATION_CONTEXT(2) 
PARAMETRIC_REPRESENTATION_CONTEXT() REPRESENTATION_CONTEXT('2D SPACE',''
  ) );
#10331 = PCURVE('',#9645,#10332);
#10332 = DEFINITIONAL_REPRESENTATION('',(#10333),#10337);
#10333 = LINE('',#10334,#10335);
#10334 = CARTESIAN_POINT('',(2.467462146922,0.));
#10335 = VECTOR('',#10336,1.);
#10336 = DIRECTION('',(0.,1.));
#10337 = ( GEOMETRIC_REPRESENTATION_CONTEXT(2) 
PARAMETRIC_REPRESENTATION_CONTEXT() REPRESENTATION_CONTEXT('2D SPACE',''
  ) );
#10338 = ORIENTED_EDGE('',*,*,#10339,.T.);
#10339 = EDGE_CURVE('',#10317,#10340,#10342,.T.);
#10340 = VERTEX_POINT('',#10341);
#10341 = CARTESIAN_POINT('',(-15.,-36.,74.5));
#10342 = SURFACE_CURVE('',#10343,(#10347,#10354),.PCURVE_S1.);
#10343 = LINE('',#10344,#10345);
#10344 = CARTESIAN_POINT('',(-15.,-36.,74.5));
#10345 = VECTOR('',#10346,1.);
#10346 = DIRECTION('',(-1.,0.,-0.));
#10347 = PCURVE('',#8968,#10348);
#10348 = DEFINITIONAL_REPRESENTATION('',(#10349),#10353);
#10349 = LINE('',#10350,#10351);
#10350 = CARTESIAN_POINT('',(0.,-12.35));
#10351 = VECTOR('',#10352,1.);
#10352 = DIRECTION('',(-1.,0.));
#10353 = ( GEOMETRIC_REPRESENTATION_CONTEXT(2) 
PARAMETRIC_REPRESENTATION_CONTEXT() REPRESENTATION_CONTEXT('2D SPACE',''
  ) );
#10354 = PCURVE('',#9617,#10355);
#10355 = DEFINITIONAL_REPRESENTATION('',(#10356),#10360);
#10356 = LINE('',#10357,#10358);
#10357 = CARTESIAN_POINT('',(-5.,0.));
#10358 = VECTOR('',#10359,1.);
#10359 = DIRECTION('',(-0.,-1.));
#10360 = ( GEOMETRIC_REPRESENTATION_CONTEXT(2) 
PARAMETRIC_REPRESENTATION_CONTEXT() REPRESENTATION_CONTEXT('2D SPACE',''
  ) );
#10361 = ORIENTED_EDGE('',*,*,#10362,.T.);
#10362 = EDGE_CURVE('',#10340,#9712,#10363,.T.);
#10363 = SURFACE_CURVE('',#10364,(#10368,#10375),.PCURVE_S1.);
#10364 = LINE('',#10365,#10366);
#10365 = CARTESIAN_POINT('',(-15.,-23.65,74.5));
#10366 = VECTOR('',#10367,1.);
#10367 = DIRECTION('',(0.,-1.,0.));
#10368 = PCURVE('',#8968,#10369);
#10369 = DEFINITIONAL_REPRESENTATION('',(#10370),#10374);
#10370 = LINE('',#10371,#10372);
#10371 = CARTESIAN_POINT('',(0.,0.));
#10372 = VECTOR('',#10373,1.);
#10373 = DIRECTION('',(0.,-1.));
#10374 = ( GEOMETRIC_REPRESENTATION_CONTEXT(2) 
PARAMETRIC_REPRESENTATION_CONTEXT() REPRESENTATION_CONTEXT('2D SPACE',''
  ) );
#10375 = PCURVE('',#9727,#10376);
#10376 = DEFINITIONAL_REPRESENTATION('',(#10377),#10381);
#10377 = LINE('',#10378,#10379);
#10378 = CARTESIAN_POINT('',(10.,0.));
#10379 = VECTOR('',#10380,1.);
#10380 = DIRECTION('',(0.,-1.));
#10381 = ( GEOMETRIC_REPRESENTATION_CONTEXT(2) 
PARAMETRIC_REPRESENTATION_CONTEXT() REPRESENTATION_CONTEXT('2D SPACE',''
  ) );
#10382 = ORIENTED_EDGE('',*,*,#9739,.T.);
#10383 = ORIENTED_EDGE('',*,*,#8952,.F.);
#10384 = ADVANCED_FACE('',(#10385),#9023,.F.);
#10385 = FACE_BOUND('',#10386,.F.);
#10386 = EDGE_LOOP('',(#10387,#10388,#10411,#10432));
#10387 = ORIENTED_EDGE('',*,*,#9005,.F.);
#10388 = ORIENTED_EDGE('',*,*,#10389,.F.);
#10389 = EDGE_CURVE('',#10390,#9006,#10392,.T.);
#10390 = VERTEX_POINT('',#10391);
#10391 = CARTESIAN_POINT('',(-15.,36.,77.8));
#10392 = SURFACE_CURVE('',#10393,(#10397,#10404),.PCURVE_S1.);
#10393 = LINE('',#10394,#10395);
#10394 = CARTESIAN_POINT('',(-15.,23.5,77.8));
#10395 = VECTOR('',#10396,1.);
#10396 = DIRECTION('',(0.,1.,0.));
#10397 = PCURVE('',#9023,#10398);
#10398 = DEFINITIONAL_REPRESENTATION('',(#10399),#10403);
#10399 = LINE('',#10400,#10401);
#10400 = CARTESIAN_POINT('',(6.7,-12.85));
#10401 = VECTOR('',#10402,1.);
#10402 = DIRECTION('',(0.,1.));
#10403 = ( GEOMETRIC_REPRESENTATION_CONTEXT(2) 
PARAMETRIC_REPRESENTATION_CONTEXT() REPRESENTATION_CONTEXT('2D SPACE',''
  ) );
#10404 = PCURVE('',#9128,#10405);
#10405 = DEFINITIONAL_REPRESENTATION('',(#10406),#10410);
#10406 = LINE('',#10407,#10408);
#10407 = CARTESIAN_POINT('',(3.14159265359,0.));
#10408 = VECTOR('',#10409,1.);
#10409 = DIRECTION('',(0.,1.));
#10410 = ( GEOMETRIC_REPRESENTATION_CONTEXT(2) 
PARAMETRIC_REPRESENTATION_CONTEXT() REPRESENTATION_CONTEXT('2D SPACE',''
  ) );
#10411 = ORIENTED_EDGE('',*,*,#10412,.F.);
#10412 = EDGE_CURVE('',#10152,#10390,#10413,.T.);
#10413 = SURFACE_CURVE('',#10414,(#10418,#10425),.PCURVE_S1.);
#10414 = LINE('',#10415,#10416);
#10415 = CARTESIAN_POINT('',(-15.,36.,82.));
#10416 = VECTOR('',#10417,1.);
#10417 = DIRECTION('',(0.,0.,1.));
#10418 = PCURVE('',#9023,#10419);
#10419 = DEFINITIONAL_REPRESENTATION('',(#10420),#10424);
#10420 = LINE('',#10421,#10422);
#10421 = CARTESIAN_POINT('',(2.5,-0.35));
#10422 = VECTOR('',#10423,1.);
#10423 = DIRECTION('',(-1.,0.));
#10424 = ( GEOMETRIC_REPRESENTATION_CONTEXT(2) 
PARAMETRIC_REPRESENTATION_CONTEXT() REPRESENTATION_CONTEXT('2D SPACE',''
  ) );
#10425 = PCURVE('',#9268,#10426);
#10426 = DEFINITIONAL_REPRESENTATION('',(#10427),#10431);
#10427 = LINE('',#10428,#10429);
#10428 = CARTESIAN_POINT('',(2.5,0.));
#10429 = VECTOR('',#10430,1.);
#10430 = DIRECTION('',(1.,0.));
#10431 = ( GEOMETRIC_REPRESENTATION_CONTEXT(2) 
PARAMETRIC_REPRESENTATION_CONTEXT() REPRESENTATION_CONTEXT('2D SPACE',''
  ) );
#10432 = ORIENTED_EDGE('',*,*,#10151,.F.);
#10433 = ADVANCED_FACE('',(#10434),#9128,.F.);
#10434 = FACE_BOUND('',#10435,.F.);
#10435 = EDGE_LOOP('',(#10436,#10437,#10460,#10483,#10504,#10505,#10528,
    #10550,#10551,#10573));
#10436 = ORIENTED_EDGE('',*,*,#9109,.F.);
#10437 = ORIENTED_EDGE('',*,*,#10438,.F.);
#10438 = EDGE_CURVE('',#10439,#9082,#10441,.T.);
#10439 = VERTEX_POINT('',#10440);
#10440 = CARTESIAN_POINT('',(-15.,36.,81.2));
#10441 = SURFACE_CURVE('',#10442,(#10446,#10453),.PCURVE_S1.);
#10442 = LINE('',#10443,#10444);
#10443 = CARTESIAN_POINT('',(-15.,23.5,81.2));
#10444 = VECTOR('',#10445,1.);
#10445 = DIRECTION('',(0.,1.,0.));
#10446 = PCURVE('',#9128,#10447);
#10447 = DEFINITIONAL_REPRESENTATION('',(#10448),#10452);
#10448 = LINE('',#10449,#10450);
#10449 = CARTESIAN_POINT('',(0.,-0.));
#10450 = VECTOR('',#10451,1.);
#10451 = DIRECTION('',(0.,1.));
#10452 = ( GEOMETRIC_REPRESENTATION_CONTEXT(2) 
PARAMETRIC_REPRESENTATION_CONTEXT() REPRESENTATION_CONTEXT('2D SPACE',''
  ) );
#10453 = PCURVE('',#9097,#10454);
#10454 = DEFINITIONAL_REPRESENTATION('',(#10455),#10459);
#10455 = LINE('',#10456,#10457);
#10456 = CARTESIAN_POINT('',(3.3,-12.85));
#10457 = VECTOR('',#10458,1.);
#10458 = DIRECTION('',(0.,1.));
#10459 = ( GEOMETRIC_REPRESENTATION_CONTEXT(2) 
PARAMETRIC_REPRESENTATION_CONTEXT() REPRESENTATION_CONTEXT('2D SPACE',''
  ) );
#10460 = ORIENTED_EDGE('',*,*,#10461,.F.);
#10461 = EDGE_CURVE('',#10462,#10439,#10464,.T.);
#10462 = VERTEX_POINT('',#10463);
#10463 = CARTESIAN_POINT('',(-15.,24.,81.2));
#10464 = SEAM_CURVE('',#10465,(#10469,#10476),.PCURVE_S1.);
#10465 = LINE('',#10466,#10467);
#10466 = CARTESIAN_POINT('',(-15.,23.5,81.2));
#10467 = VECTOR('',#10468,1.);
#10468 = DIRECTION('',(0.,1.,0.));
#10469 = PCURVE('',#9128,#10470);
#10470 = DEFINITIONAL_REPRESENTATION('',(#10471),#10475);
#10471 = LINE('',#10472,#10473);
#10472 = CARTESIAN_POINT('',(6.28318530718,-0.));
#10473 = VECTOR('',#10474,1.);
#10474 = DIRECTION('',(0.,1.));
#10475 = ( GEOMETRIC_REPRESENTATION_CONTEXT(2) 
PARAMETRIC_REPRESENTATION_CONTEXT() REPRESENTATION_CONTEXT('2D SPACE',''
  ) );
#10476 = PCURVE('',#9128,#10477);
#10477 = DEFINITIONAL_REPRESENTATION('',(#10478),#10482);
#10478 = LINE('',#10479,#10480);
#10479 = CARTESIAN_POINT('',(0.,-0.));
#10480 = VECTOR('',#10481,1.);
#10481 = DIRECTION('',(0.,1.));
#10482 = ( GEOMETRIC_REPRESENTATION_CONTEXT(2) 
PARAMETRIC_REPRESENTATION_CONTEXT() REPRESENTATION_CONTEXT('2D SPACE',''
  ) );
#10483 = ORIENTED_EDGE('',*,*,#10484,.F.);
#10484 = EDGE_CURVE('',#9359,#10462,#10485,.T.);
#10485 = SURFACE_CURVE('',#10486,(#10490,#10497),.PCURVE_S1.);
#10486 = LINE('',#10487,#10488);
#10487 = CARTESIAN_POINT('',(-15.,23.5,81.2));
#10488 = VECTOR('',#10489,1.);
#10489 = DIRECTION('',(0.,1.,0.));
#10490 = PCURVE('',#9128,#10491);
#10491 = DEFINITIONAL_REPRESENTATION('',(#10492),#10496);
#10492 = LINE('',#10493,#10494);
#10493 = CARTESIAN_POINT('',(0.,-0.));
#10494 = VECTOR('',#10495,1.);
#10495 = DIRECTION('',(0.,1.));
#10496 = ( GEOMETRIC_REPRESENTATION_CONTEXT(2) 
PARAMETRIC_REPRESENTATION_CONTEXT() REPRESENTATION_CONTEXT('2D SPACE',''
  ) );
#10497 = PCURVE('',#9184,#10498);
#10498 = DEFINITIONAL_REPRESENTATION('',(#10499),#10503);
#10499 = LINE('',#10500,#10501);
#10500 = CARTESIAN_POINT('',(3.3,-12.85));
#10501 = VECTOR('',#10502,1.);
#10502 = DIRECTION('',(0.,1.));
#10503 = ( GEOMETRIC_REPRESENTATION_CONTEXT(2) 
PARAMETRIC_REPRESENTATION_CONTEXT() REPRESENTATION_CONTEXT('2D SPACE',''
  ) );
#10504 = ORIENTED_EDGE('',*,*,#9381,.T.);
#10505 = ORIENTED_EDGE('',*,*,#10506,.T.);
#10506 = EDGE_CURVE('',#9305,#10507,#10509,.T.);
#10507 = VERTEX_POINT('',#10508);
#10508 = CARTESIAN_POINT('',(-15.,24.,77.8));
#10509 = SURFACE_CURVE('',#10510,(#10514,#10521),.PCURVE_S1.);
#10510 = LINE('',#10511,#10512);
#10511 = CARTESIAN_POINT('',(-15.,23.5,77.8));
#10512 = VECTOR('',#10513,1.);
#10513 = DIRECTION('',(0.,1.,0.));
#10514 = PCURVE('',#9128,#10515);
#10515 = DEFINITIONAL_REPRESENTATION('',(#10516),#10520);
#10516 = LINE('',#10517,#10518);
#10517 = CARTESIAN_POINT('',(3.14159265359,0.));
#10518 = VECTOR('',#10519,1.);
#10519 = DIRECTION('',(0.,1.));
#10520 = ( GEOMETRIC_REPRESENTATION_CONTEXT(2) 
PARAMETRIC_REPRESENTATION_CONTEXT() REPRESENTATION_CONTEXT('2D SPACE',''
  ) );
#10521 = PCURVE('',#9322,#10522);
#10522 = DEFINITIONAL_REPRESENTATION('',(#10523),#10527);
#10523 = LINE('',#10524,#10525);
#10524 = CARTESIAN_POINT('',(6.7,-12.85));
#10525 = VECTOR('',#10526,1.);
#10526 = DIRECTION('',(0.,1.));
#10527 = ( GEOMETRIC_REPRESENTATION_CONTEXT(2) 
PARAMETRIC_REPRESENTATION_CONTEXT() REPRESENTATION_CONTEXT('2D SPACE',''
  ) );
#10528 = ORIENTED_EDGE('',*,*,#10529,.T.);
#10529 = EDGE_CURVE('',#10507,#10462,#10530,.T.);
#10530 = SURFACE_CURVE('',#10531,(#10536,#10543),.PCURVE_S1.);
#10531 = CIRCLE('',#10532,1.7);
#10532 = AXIS2_PLACEMENT_3D('',#10533,#10534,#10535);
#10533 = CARTESIAN_POINT('',(-15.,24.,79.5));
#10534 = DIRECTION('',(0.,1.,0.));
#10535 = DIRECTION('',(0.,-0.,1.));
#10536 = PCURVE('',#9128,#10537);
#10537 = DEFINITIONAL_REPRESENTATION('',(#10538),#10542);
#10538 = LINE('',#10539,#10540);
#10539 = CARTESIAN_POINT('',(0.,0.5));
#10540 = VECTOR('',#10541,1.);
#10541 = DIRECTION('',(1.,0.));
#10542 = ( GEOMETRIC_REPRESENTATION_CONTEXT(2) 
PARAMETRIC_REPRESENTATION_CONTEXT() REPRESENTATION_CONTEXT('2D SPACE',''
  ) );
#10543 = PCURVE('',#9212,#10544);
#10544 = DEFINITIONAL_REPRESENTATION('',(#10545),#10549);
#10545 = CIRCLE('',#10546,1.7);
#10546 = AXIS2_PLACEMENT_2D('',#10547,#10548);
#10547 = CARTESIAN_POINT('',(0.,0.));
#10548 = DIRECTION('',(1.,0.));
#10549 = ( GEOMETRIC_REPRESENTATION_CONTEXT(2) 
PARAMETRIC_REPRESENTATION_CONTEXT() REPRESENTATION_CONTEXT('2D SPACE',''
  ) );
#10550 = ORIENTED_EDGE('',*,*,#10461,.T.);
#10551 = ORIENTED_EDGE('',*,*,#10552,.F.);
#10552 = EDGE_CURVE('',#10390,#10439,#10553,.T.);
#10553 = SURFACE_CURVE('',#10554,(#10559,#10566),.PCURVE_S1.);
#10554 = CIRCLE('',#10555,1.7);
#10555 = AXIS2_PLACEMENT_3D('',#10556,#10557,#10558);
#10556 = CARTESIAN_POINT('',(-15.,36.,79.5));
#10557 = DIRECTION('',(0.,1.,0.));
#10558 = DIRECTION('',(0.,-0.,1.));
#10559 = PCURVE('',#9128,#10560);
#10560 = DEFINITIONAL_REPRESENTATION('',(#10561),#10565);
#10561 = LINE('',#10562,#10563);
#10562 = CARTESIAN_POINT('',(0.,12.5));
#10563 = VECTOR('',#10564,1.);
#10564 = DIRECTION('',(1.,0.));
#10565 = ( GEOMETRIC_REPRESENTATION_CONTEXT(2) 
PARAMETRIC_REPRESENTATION_CONTEXT() REPRESENTATION_CONTEXT('2D SPACE',''
  ) );
#10566 = PCURVE('',#9268,#10567);
#10567 = DEFINITIONAL_REPRESENTATION('',(#10568),#10572);
#10568 = CIRCLE('',#10569,1.7);
#10569 = AXIS2_PLACEMENT_2D('',#10570,#10571);
#10570 = CARTESIAN_POINT('',(0.,0.));
#10571 = DIRECTION('',(1.,0.));
#10572 = ( GEOMETRIC_REPRESENTATION_CONTEXT(2) 
PARAMETRIC_REPRESENTATION_CONTEXT() REPRESENTATION_CONTEXT('2D SPACE',''
  ) );
#10573 = ORIENTED_EDGE('',*,*,#10389,.T.);
#10574 = ADVANCED_FACE('',(#10575),#9097,.F.);
#10575 = FACE_BOUND('',#10576,.F.);
#10576 = EDGE_LOOP('',(#10577,#10578,#10579,#10600));
#10577 = ORIENTED_EDGE('',*,*,#9081,.F.);
#10578 = ORIENTED_EDGE('',*,*,#9280,.T.);
#10579 = ORIENTED_EDGE('',*,*,#10580,.F.);
#10580 = EDGE_CURVE('',#10439,#9253,#10581,.T.);
#10581 = SURFACE_CURVE('',#10582,(#10586,#10593),.PCURVE_S1.);
#10582 = LINE('',#10583,#10584);
#10583 = CARTESIAN_POINT('',(-15.,36.,82.));
#10584 = VECTOR('',#10585,1.);
#10585 = DIRECTION('',(0.,0.,1.));
#10586 = PCURVE('',#9097,#10587);
#10587 = DEFINITIONAL_REPRESENTATION('',(#10588),#10592);
#10588 = LINE('',#10589,#10590);
#10589 = CARTESIAN_POINT('',(2.5,-0.35));
#10590 = VECTOR('',#10591,1.);
#10591 = DIRECTION('',(-1.,0.));
#10592 = ( GEOMETRIC_REPRESENTATION_CONTEXT(2) 
PARAMETRIC_REPRESENTATION_CONTEXT() REPRESENTATION_CONTEXT('2D SPACE',''
  ) );
#10593 = PCURVE('',#9268,#10594);
#10594 = DEFINITIONAL_REPRESENTATION('',(#10595),#10599);
#10595 = LINE('',#10596,#10597);
#10596 = CARTESIAN_POINT('',(2.5,0.));
#10597 = VECTOR('',#10598,1.);
#10598 = DIRECTION('',(1.,0.));
#10599 = ( GEOMETRIC_REPRESENTATION_CONTEXT(2) 
PARAMETRIC_REPRESENTATION_CONTEXT() REPRESENTATION_CONTEXT('2D SPACE',''
  ) );
#10600 = ORIENTED_EDGE('',*,*,#10438,.T.);
#10601 = ADVANCED_FACE('',(#10602),#9268,.T.);
#10602 = FACE_BOUND('',#10603,.T.);
#10603 = EDGE_LOOP('',(#10604,#10605,#10627,#10628,#10629,#10630));
#10604 = ORIENTED_EDGE('',*,*,#10174,.F.);
#10605 = ORIENTED_EDGE('',*,*,#10606,.T.);
#10606 = EDGE_CURVE('',#10175,#9225,#10607,.T.);
#10607 = SURFACE_CURVE('',#10608,(#10613,#10620),.PCURVE_S1.);
#10608 = CIRCLE('',#10609,6.4);
#10609 = AXIS2_PLACEMENT_3D('',#10610,#10611,#10612);
#10610 = CARTESIAN_POINT('',(-15.,36.,79.5));
#10611 = DIRECTION('',(0.,1.,0.));
#10612 = DIRECTION('',(0.624218261107,0.,-0.78125));
#10613 = PCURVE('',#9268,#10614);
#10614 = DEFINITIONAL_REPRESENTATION('',(#10615),#10619);
#10615 = CIRCLE('',#10616,6.4);
#10616 = AXIS2_PLACEMENT_2D('',#10617,#10618);
#10617 = CARTESIAN_POINT('',(0.,0.));
#10618 = DIRECTION('',(-0.78125,0.624218261107));
#10619 = ( GEOMETRIC_REPRESENTATION_CONTEXT(2) 
PARAMETRIC_REPRESENTATION_CONTEXT() REPRESENTATION_CONTEXT('2D SPACE',''
  ) );
#10620 = PCURVE('',#9240,#10621);
#10621 = DEFINITIONAL_REPRESENTATION('',(#10622),#10626);
#10622 = LINE('',#10623,#10624);
#10623 = CARTESIAN_POINT('',(2.467462146922,12.));
#10624 = VECTOR('',#10625,1.);
#10625 = DIRECTION('',(1.,0.));
#10626 = ( GEOMETRIC_REPRESENTATION_CONTEXT(2) 
PARAMETRIC_REPRESENTATION_CONTEXT() REPRESENTATION_CONTEXT('2D SPACE',''
  ) );
#10627 = ORIENTED_EDGE('',*,*,#9252,.F.);
#10628 = ORIENTED_EDGE('',*,*,#10580,.F.);
#10629 = ORIENTED_EDGE('',*,*,#10552,.F.);
#10630 = ORIENTED_EDGE('',*,*,#10412,.F.);
#10631 = ADVANCED_FACE('',(#10632),#9240,.T.);
#10632 = FACE_BOUND('',#10633,.T.);
#10633 = EDGE_LOOP('',(#10634,#10635,#10636,#10658));
#10634 = ORIENTED_EDGE('',*,*,#10606,.F.);
#10635 = ORIENTED_EDGE('',*,*,#10197,.F.);
#10636 = ORIENTED_EDGE('',*,*,#10637,.T.);
#10637 = EDGE_CURVE('',#10198,#9197,#10638,.T.);
#10638 = SURFACE_CURVE('',#10639,(#10644,#10651),.PCURVE_S1.);
#10639 = CIRCLE('',#10640,6.4);
#10640 = AXIS2_PLACEMENT_3D('',#10641,#10642,#10643);
#10641 = CARTESIAN_POINT('',(-15.,24.,79.5));
#10642 = DIRECTION('',(0.,1.,0.));
#10643 = DIRECTION('',(0.624218261107,0.,-0.78125));
#10644 = PCURVE('',#9240,#10645);
#10645 = DEFINITIONAL_REPRESENTATION('',(#10646),#10650);
#10646 = LINE('',#10647,#10648);
#10647 = CARTESIAN_POINT('',(2.467462146922,0.));
#10648 = VECTOR('',#10649,1.);
#10649 = DIRECTION('',(1.,0.));
#10650 = ( GEOMETRIC_REPRESENTATION_CONTEXT(2) 
PARAMETRIC_REPRESENTATION_CONTEXT() REPRESENTATION_CONTEXT('2D SPACE',''
  ) );
#10651 = PCURVE('',#9212,#10652);
#10652 = DEFINITIONAL_REPRESENTATION('',(#10653),#10657);
#10653 = CIRCLE('',#10654,6.4);
#10654 = AXIS2_PLACEMENT_2D('',#10655,#10656);
#10655 = CARTESIAN_POINT('',(0.,0.));
#10656 = DIRECTION('',(-0.78125,0.624218261107));
#10657 = ( GEOMETRIC_REPRESENTATION_CONTEXT(2) 
PARAMETRIC_REPRESENTATION_CONTEXT() REPRESENTATION_CONTEXT('2D SPACE',''
  ) );
#10658 = ORIENTED_EDGE('',*,*,#9224,.T.);
#10659 = ADVANCED_FACE('',(#10660),#9212,.F.);
#10660 = FACE_BOUND('',#10661,.F.);
#10661 = EDGE_LOOP('',(#10662,#10663,#10664,#10665,#10686,#10687));
#10662 = ORIENTED_EDGE('',*,*,#10220,.F.);
#10663 = ORIENTED_EDGE('',*,*,#10637,.T.);
#10664 = ORIENTED_EDGE('',*,*,#9196,.F.);
#10665 = ORIENTED_EDGE('',*,*,#10666,.F.);
#10666 = EDGE_CURVE('',#10462,#9169,#10667,.T.);
#10667 = SURFACE_CURVE('',#10668,(#10672,#10679),.PCURVE_S1.);
#10668 = LINE('',#10669,#10670);
#10669 = CARTESIAN_POINT('',(-15.,24.,82.));
#10670 = VECTOR('',#10671,1.);
#10671 = DIRECTION('',(0.,0.,1.));
#10672 = PCURVE('',#9212,#10673);
#10673 = DEFINITIONAL_REPRESENTATION('',(#10674),#10678);
#10674 = LINE('',#10675,#10676);
#10675 = CARTESIAN_POINT('',(2.5,0.));
#10676 = VECTOR('',#10677,1.);
#10677 = DIRECTION('',(1.,0.));
#10678 = ( GEOMETRIC_REPRESENTATION_CONTEXT(2) 
PARAMETRIC_REPRESENTATION_CONTEXT() REPRESENTATION_CONTEXT('2D SPACE',''
  ) );
#10679 = PCURVE('',#9184,#10680);
#10680 = DEFINITIONAL_REPRESENTATION('',(#10681),#10685);
#10681 = LINE('',#10682,#10683);
#10682 = CARTESIAN_POINT('',(2.5,-12.35));
#10683 = VECTOR('',#10684,1.);
#10684 = DIRECTION('',(-1.,0.));
#10685 = ( GEOMETRIC_REPRESENTATION_CONTEXT(2) 
PARAMETRIC_REPRESENTATION_CONTEXT() REPRESENTATION_CONTEXT('2D SPACE',''
  ) );
#10686 = ORIENTED_EDGE('',*,*,#10529,.F.);
#10687 = ORIENTED_EDGE('',*,*,#10688,.F.);
#10688 = EDGE_CURVE('',#10221,#10507,#10689,.T.);
#10689 = SURFACE_CURVE('',#10690,(#10694,#10701),.PCURVE_S1.);
#10690 = LINE('',#10691,#10692);
#10691 = CARTESIAN_POINT('',(-15.,24.,82.));
#10692 = VECTOR('',#10693,1.);
#10693 = DIRECTION('',(0.,0.,1.));
#10694 = PCURVE('',#9212,#10695);
#10695 = DEFINITIONAL_REPRESENTATION('',(#10696),#10700);
#10696 = LINE('',#10697,#10698);
#10697 = CARTESIAN_POINT('',(2.5,0.));
#10698 = VECTOR('',#10699,1.);
#10699 = DIRECTION('',(1.,0.));
#10700 = ( GEOMETRIC_REPRESENTATION_CONTEXT(2) 
PARAMETRIC_REPRESENTATION_CONTEXT() REPRESENTATION_CONTEXT('2D SPACE',''
  ) );
#10701 = PCURVE('',#9322,#10702);
#10702 = DEFINITIONAL_REPRESENTATION('',(#10703),#10707);
#10703 = LINE('',#10704,#10705);
#10704 = CARTESIAN_POINT('',(2.5,-12.35));
#10705 = VECTOR('',#10706,1.);
#10706 = DIRECTION('',(-1.,0.));
#10707 = ( GEOMETRIC_REPRESENTATION_CONTEXT(2) 
PARAMETRIC_REPRESENTATION_CONTEXT() REPRESENTATION_CONTEXT('2D SPACE',''
  ) );
#10708 = ADVANCED_FACE('',(#10709),#9184,.F.);
#10709 = FACE_BOUND('',#10710,.F.);
#10710 = EDGE_LOOP('',(#10711,#10712,#10713,#10714));
#10711 = ORIENTED_EDGE('',*,*,#10484,.T.);
#10712 = ORIENTED_EDGE('',*,*,#10666,.T.);
#10713 = ORIENTED_EDGE('',*,*,#9168,.T.);
#10714 = ORIENTED_EDGE('',*,*,#9358,.T.);
#10715 = ADVANCED_FACE('',(#10716),#9322,.F.);
#10716 = FACE_BOUND('',#10717,.F.);
#10717 = EDGE_LOOP('',(#10718,#10719,#10720,#10721));
#10718 = ORIENTED_EDGE('',*,*,#10688,.T.);
#10719 = ORIENTED_EDGE('',*,*,#10506,.F.);
#10720 = ORIENTED_EDGE('',*,*,#9304,.T.);
#10721 = ORIENTED_EDGE('',*,*,#10243,.F.);
#10722 = ADVANCED_FACE('',(#10723),#9428,.F.);
#10723 = FACE_BOUND('',#10724,.F.);
#10724 = EDGE_LOOP('',(#10725,#10726,#10749,#10770));
#10725 = ORIENTED_EDGE('',*,*,#9410,.F.);
#10726 = ORIENTED_EDGE('',*,*,#10727,.F.);
#10727 = EDGE_CURVE('',#10728,#9411,#10730,.T.);
#10728 = VERTEX_POINT('',#10729);
#10729 = CARTESIAN_POINT('',(-15.,-24.,77.8));
#10730 = SURFACE_CURVE('',#10731,(#10735,#10742),.PCURVE_S1.);
#10731 = LINE('',#10732,#10733);
#10732 = CARTESIAN_POINT('',(-15.,-36.5,77.8));
#10733 = VECTOR('',#10734,1.);
#10734 = DIRECTION('',(0.,1.,0.));
#10735 = PCURVE('',#9428,#10736);
#10736 = DEFINITIONAL_REPRESENTATION('',(#10737),#10741);
#10737 = LINE('',#10738,#10739);
#10738 = CARTESIAN_POINT('',(6.7,-12.85));
#10739 = VECTOR('',#10740,1.);
#10740 = DIRECTION('',(0.,1.));
#10741 = ( GEOMETRIC_REPRESENTATION_CONTEXT(2) 
PARAMETRIC_REPRESENTATION_CONTEXT() REPRESENTATION_CONTEXT('2D SPACE',''
  ) );
#10742 = PCURVE('',#9533,#10743);
#10743 = DEFINITIONAL_REPRESENTATION('',(#10744),#10748);
#10744 = LINE('',#10745,#10746);
#10745 = CARTESIAN_POINT('',(3.14159265359,0.));
#10746 = VECTOR('',#10747,1.);
#10747 = DIRECTION('',(0.,1.));
#10748 = ( GEOMETRIC_REPRESENTATION_CONTEXT(2) 
PARAMETRIC_REPRESENTATION_CONTEXT() REPRESENTATION_CONTEXT('2D SPACE',''
  ) );
#10749 = ORIENTED_EDGE('',*,*,#10750,.F.);
#10750 = EDGE_CURVE('',#10271,#10728,#10751,.T.);
#10751 = SURFACE_CURVE('',#10752,(#10756,#10763),.PCURVE_S1.);
#10752 = LINE('',#10753,#10754);
#10753 = CARTESIAN_POINT('',(-15.,-24.,82.));
#10754 = VECTOR('',#10755,1.);
#10755 = DIRECTION('',(0.,0.,1.));
#10756 = PCURVE('',#9428,#10757);
#10757 = DEFINITIONAL_REPRESENTATION('',(#10758),#10762);
#10758 = LINE('',#10759,#10760);
#10759 = CARTESIAN_POINT('',(2.5,-0.35));
#10760 = VECTOR('',#10761,1.);
#10761 = DIRECTION('',(-1.,0.));
#10762 = ( GEOMETRIC_REPRESENTATION_CONTEXT(2) 
PARAMETRIC_REPRESENTATION_CONTEXT() REPRESENTATION_CONTEXT('2D SPACE',''
  ) );
#10763 = PCURVE('',#9673,#10764);
#10764 = DEFINITIONAL_REPRESENTATION('',(#10765),#10769);
#10765 = LINE('',#10766,#10767);
#10766 = CARTESIAN_POINT('',(2.5,0.));
#10767 = VECTOR('',#10768,1.);
#10768 = DIRECTION('',(1.,0.));
#10769 = ( GEOMETRIC_REPRESENTATION_CONTEXT(2) 
PARAMETRIC_REPRESENTATION_CONTEXT() REPRESENTATION_CONTEXT('2D SPACE',''
  ) );
#10770 = ORIENTED_EDGE('',*,*,#10270,.F.);
#10771 = ADVANCED_FACE('',(#10772),#9533,.F.);
#10772 = FACE_BOUND('',#10773,.F.);
#10773 = EDGE_LOOP('',(#10774,#10775,#10798,#10821,#10842,#10843,#10866,
    #10888,#10889,#10911));
#10774 = ORIENTED_EDGE('',*,*,#9514,.F.);
#10775 = ORIENTED_EDGE('',*,*,#10776,.F.);
#10776 = EDGE_CURVE('',#10777,#9487,#10779,.T.);
#10777 = VERTEX_POINT('',#10778);
#10778 = CARTESIAN_POINT('',(-15.,-24.,81.2));
#10779 = SURFACE_CURVE('',#10780,(#10784,#10791),.PCURVE_S1.);
#10780 = LINE('',#10781,#10782);
#10781 = CARTESIAN_POINT('',(-15.,-36.5,81.2));
#10782 = VECTOR('',#10783,1.);
#10783 = DIRECTION('',(0.,1.,0.));
#10784 = PCURVE('',#9533,#10785);
#10785 = DEFINITIONAL_REPRESENTATION('',(#10786),#10790);
#10786 = LINE('',#10787,#10788);
#10787 = CARTESIAN_POINT('',(0.,-0.));
#10788 = VECTOR('',#10789,1.);
#10789 = DIRECTION('',(0.,1.));
#10790 = ( GEOMETRIC_REPRESENTATION_CONTEXT(2) 
PARAMETRIC_REPRESENTATION_CONTEXT() REPRESENTATION_CONTEXT('2D SPACE',''
  ) );
#10791 = PCURVE('',#9502,#10792);
#10792 = DEFINITIONAL_REPRESENTATION('',(#10793),#10797);
#10793 = LINE('',#10794,#10795);
#10794 = CARTESIAN_POINT('',(3.3,-12.85));
#10795 = VECTOR('',#10796,1.);
#10796 = DIRECTION('',(0.,1.));
#10797 = ( GEOMETRIC_REPRESENTATION_CONTEXT(2) 
PARAMETRIC_REPRESENTATION_CONTEXT() REPRESENTATION_CONTEXT('2D SPACE',''
  ) );
#10798 = ORIENTED_EDGE('',*,*,#10799,.F.);
#10799 = EDGE_CURVE('',#10800,#10777,#10802,.T.);
#10800 = VERTEX_POINT('',#10801);
#10801 = CARTESIAN_POINT('',(-15.,-36.,81.2));
#10802 = SEAM_CURVE('',#10803,(#10807,#10814),.PCURVE_S1.);
#10803 = LINE('',#10804,#10805);
#10804 = CARTESIAN_POINT('',(-15.,-36.5,81.2));
#10805 = VECTOR('',#10806,1.);
#10806 = DIRECTION('',(0.,1.,0.));
#10807 = PCURVE('',#9533,#10808);
#10808 = DEFINITIONAL_REPRESENTATION('',(#10809),#10813);
#10809 = LINE('',#10810,#10811);
#10810 = CARTESIAN_POINT('',(6.28318530718,-0.));
#10811 = VECTOR('',#10812,1.);
#10812 = DIRECTION('',(0.,1.));
#10813 = ( GEOMETRIC_REPRESENTATION_CONTEXT(2) 
PARAMETRIC_REPRESENTATION_CONTEXT() REPRESENTATION_CONTEXT('2D SPACE',''
  ) );
#10814 = PCURVE('',#9533,#10815);
#10815 = DEFINITIONAL_REPRESENTATION('',(#10816),#10820);
#10816 = LINE('',#10817,#10818);
#10817 = CARTESIAN_POINT('',(0.,-0.));
#10818 = VECTOR('',#10819,1.);
#10819 = DIRECTION('',(0.,1.));
#10820 = ( GEOMETRIC_REPRESENTATION_CONTEXT(2) 
PARAMETRIC_REPRESENTATION_CONTEXT() REPRESENTATION_CONTEXT('2D SPACE',''
  ) );
#10821 = ORIENTED_EDGE('',*,*,#10822,.F.);
#10822 = EDGE_CURVE('',#9764,#10800,#10823,.T.);
#10823 = SURFACE_CURVE('',#10824,(#10828,#10835),.PCURVE_S1.);
#10824 = LINE('',#10825,#10826);
#10825 = CARTESIAN_POINT('',(-15.,-36.5,81.2));
#10826 = VECTOR('',#10827,1.);
#10827 = DIRECTION('',(0.,1.,0.));
#10828 = PCURVE('',#9533,#10829);
#10829 = DEFINITIONAL_REPRESENTATION('',(#10830),#10834);
#10830 = LINE('',#10831,#10832);
#10831 = CARTESIAN_POINT('',(0.,-0.));
#10832 = VECTOR('',#10833,1.);
#10833 = DIRECTION('',(0.,1.));
#10834 = ( GEOMETRIC_REPRESENTATION_CONTEXT(2) 
PARAMETRIC_REPRESENTATION_CONTEXT() REPRESENTATION_CONTEXT('2D SPACE',''
  ) );
#10835 = PCURVE('',#9589,#10836);
#10836 = DEFINITIONAL_REPRESENTATION('',(#10837),#10841);
#10837 = LINE('',#10838,#10839);
#10838 = CARTESIAN_POINT('',(3.3,-12.85));
#10839 = VECTOR('',#10840,1.);
#10840 = DIRECTION('',(0.,1.));
#10841 = ( GEOMETRIC_REPRESENTATION_CONTEXT(2) 
PARAMETRIC_REPRESENTATION_CONTEXT() REPRESENTATION_CONTEXT('2D SPACE',''
  ) );
#10842 = ORIENTED_EDGE('',*,*,#9786,.T.);
#10843 = ORIENTED_EDGE('',*,*,#10844,.T.);
#10844 = EDGE_CURVE('',#9710,#10845,#10847,.T.);
#10845 = VERTEX_POINT('',#10846);
#10846 = CARTESIAN_POINT('',(-15.,-36.,77.8));
#10847 = SURFACE_CURVE('',#10848,(#10852,#10859),.PCURVE_S1.);
#10848 = LINE('',#10849,#10850);
#10849 = CARTESIAN_POINT('',(-15.,-36.5,77.8));
#10850 = VECTOR('',#10851,1.);
#10851 = DIRECTION('',(0.,1.,0.));
#10852 = PCURVE('',#9533,#10853);
#10853 = DEFINITIONAL_REPRESENTATION('',(#10854),#10858);
#10854 = LINE('',#10855,#10856);
#10855 = CARTESIAN_POINT('',(3.14159265359,0.));
#10856 = VECTOR('',#10857,1.);
#10857 = DIRECTION('',(0.,1.));
#10858 = ( GEOMETRIC_REPRESENTATION_CONTEXT(2) 
PARAMETRIC_REPRESENTATION_CONTEXT() REPRESENTATION_CONTEXT('2D SPACE',''
  ) );
#10859 = PCURVE('',#9727,#10860);
#10860 = DEFINITIONAL_REPRESENTATION('',(#10861),#10865);
#10861 = LINE('',#10862,#10863);
#10862 = CARTESIAN_POINT('',(6.7,-12.85));
#10863 = VECTOR('',#10864,1.);
#10864 = DIRECTION('',(0.,1.));
#10865 = ( GEOMETRIC_REPRESENTATION_CONTEXT(2) 
PARAMETRIC_REPRESENTATION_CONTEXT() REPRESENTATION_CONTEXT('2D SPACE',''
  ) );
#10866 = ORIENTED_EDGE('',*,*,#10867,.T.);
#10867 = EDGE_CURVE('',#10845,#10800,#10868,.T.);
#10868 = SURFACE_CURVE('',#10869,(#10874,#10881),.PCURVE_S1.);
#10869 = CIRCLE('',#10870,1.7);
#10870 = AXIS2_PLACEMENT_3D('',#10871,#10872,#10873);
#10871 = CARTESIAN_POINT('',(-15.,-36.,79.5));
#10872 = DIRECTION('',(0.,1.,0.));
#10873 = DIRECTION('',(0.,-0.,1.));
#10874 = PCURVE('',#9533,#10875);
#10875 = DEFINITIONAL_REPRESENTATION('',(#10876),#10880);
#10876 = LINE('',#10877,#10878);
#10877 = CARTESIAN_POINT('',(0.,0.5));
#10878 = VECTOR('',#10879,1.);
#10879 = DIRECTION('',(1.,0.));
#10880 = ( GEOMETRIC_REPRESENTATION_CONTEXT(2) 
PARAMETRIC_REPRESENTATION_CONTEXT() REPRESENTATION_CONTEXT('2D SPACE',''
  ) );
#10881 = PCURVE('',#9617,#10882);
#10882 = DEFINITIONAL_REPRESENTATION('',(#10883),#10887);
#10883 = CIRCLE('',#10884,1.7);
#10884 = AXIS2_PLACEMENT_2D('',#10885,#10886);
#10885 = CARTESIAN_POINT('',(0.,0.));
#10886 = DIRECTION('',(1.,0.));
#10887 = ( GEOMETRIC_REPRESENTATION_CONTEXT(2) 
PARAMETRIC_REPRESENTATION_CONTEXT() REPRESENTATION_CONTEXT('2D SPACE',''
  ) );
#10888 = ORIENTED_EDGE('',*,*,#10799,.T.);
#10889 = ORIENTED_EDGE('',*,*,#10890,.F.);
#10890 = EDGE_CURVE('',#10728,#10777,#10891,.T.);
#10891 = SURFACE_CURVE('',#10892,(#10897,#10904),.PCURVE_S1.);
#10892 = CIRCLE('',#10893,1.7);
#10893 = AXIS2_PLACEMENT_3D('',#10894,#10895,#10896);
#10894 = CARTESIAN_POINT('',(-15.,-24.,79.5));
#10895 = DIRECTION('',(0.,1.,0.));
#10896 = DIRECTION('',(0.,-0.,1.));
#10897 = PCURVE('',#9533,#10898);
#10898 = DEFINITIONAL_REPRESENTATION('',(#10899),#10903);
#10899 = LINE('',#10900,#10901);
#10900 = CARTESIAN_POINT('',(0.,12.5));
#10901 = VECTOR('',#10902,1.);
#10902 = DIRECTION('',(1.,0.));
#10903 = ( GEOMETRIC_REPRESENTATION_CONTEXT(2) 
PARAMETRIC_REPRESENTATION_CONTEXT() REPRESENTATION_CONTEXT('2D SPACE',''
  ) );
#10904 = PCURVE('',#9673,#10905);
#10905 = DEFINITIONAL_REPRESENTATION('',(#10906),#10910);
#10906 = CIRCLE('',#10907,1.7);
#10907 = AXIS2_PLACEMENT_2D('',#10908,#10909);
#10908 = CARTESIAN_POINT('',(0.,0.));
#10909 = DIRECTION('',(1.,0.));
#10910 = ( GEOMETRIC_REPRESENTATION_CONTEXT(2) 
PARAMETRIC_REPRESENTATION_CONTEXT() REPRESENTATION_CONTEXT('2D SPACE',''
  ) );
#10911 = ORIENTED_EDGE('',*,*,#10727,.T.);
#10912 = ADVANCED_FACE('',(#10913),#9502,.F.);
#10913 = FACE_BOUND('',#10914,.F.);
#10914 = EDGE_LOOP('',(#10915,#10916,#10917,#10938));
#10915 = ORIENTED_EDGE('',*,*,#9486,.F.);
#10916 = ORIENTED_EDGE('',*,*,#9685,.T.);
#10917 = ORIENTED_EDGE('',*,*,#10918,.F.);
#10918 = EDGE_CURVE('',#10777,#9658,#10919,.T.);
#10919 = SURFACE_CURVE('',#10920,(#10924,#10931),.PCURVE_S1.);
#10920 = LINE('',#10921,#10922);
#10921 = CARTESIAN_POINT('',(-15.,-24.,82.));
#10922 = VECTOR('',#10923,1.);
#10923 = DIRECTION('',(0.,0.,1.));
#10924 = PCURVE('',#9502,#10925);
#10925 = DEFINITIONAL_REPRESENTATION('',(#10926),#10930);
#10926 = LINE('',#10927,#10928);
#10927 = CARTESIAN_POINT('',(2.5,-0.35));
#10928 = VECTOR('',#10929,1.);
#10929 = DIRECTION('',(-1.,0.));
#10930 = ( GEOMETRIC_REPRESENTATION_CONTEXT(2) 
PARAMETRIC_REPRESENTATION_CONTEXT() REPRESENTATION_CONTEXT('2D SPACE',''
  ) );
#10931 = PCURVE('',#9673,#10932);
#10932 = DEFINITIONAL_REPRESENTATION('',(#10933),#10937);
#10933 = LINE('',#10934,#10935);
#10934 = CARTESIAN_POINT('',(2.5,0.));
#10935 = VECTOR('',#10936,1.);
#10936 = DIRECTION('',(1.,0.));
#10937 = ( GEOMETRIC_REPRESENTATION_CONTEXT(2) 
PARAMETRIC_REPRESENTATION_CONTEXT() REPRESENTATION_CONTEXT('2D SPACE',''
  ) );
#10938 = ORIENTED_EDGE('',*,*,#10776,.T.);
#10939 = ADVANCED_FACE('',(#10940),#9673,.T.);
#10940 = FACE_BOUND('',#10941,.T.);
#10941 = EDGE_LOOP('',(#10942,#10943,#10965,#10966,#10967,#10968));
#10942 = ORIENTED_EDGE('',*,*,#10293,.F.);
#10943 = ORIENTED_EDGE('',*,*,#10944,.T.);
#10944 = EDGE_CURVE('',#10294,#9630,#10945,.T.);
#10945 = SURFACE_CURVE('',#10946,(#10951,#10958),.PCURVE_S1.);
#10946 = CIRCLE('',#10947,6.4);
#10947 = AXIS2_PLACEMENT_3D('',#10948,#10949,#10950);
#10948 = CARTESIAN_POINT('',(-15.,-24.,79.5));
#10949 = DIRECTION('',(0.,1.,0.));
#10950 = DIRECTION('',(0.624218261107,0.,-0.78125));
#10951 = PCURVE('',#9673,#10952);
#10952 = DEFINITIONAL_REPRESENTATION('',(#10953),#10957);
#10953 = CIRCLE('',#10954,6.4);
#10954 = AXIS2_PLACEMENT_2D('',#10955,#10956);
#10955 = CARTESIAN_POINT('',(0.,0.));
#10956 = DIRECTION('',(-0.78125,0.624218261107));
#10957 = ( GEOMETRIC_REPRESENTATION_CONTEXT(2) 
PARAMETRIC_REPRESENTATION_CONTEXT() REPRESENTATION_CONTEXT('2D SPACE',''
  ) );
#10958 = PCURVE('',#9645,#10959);
#10959 = DEFINITIONAL_REPRESENTATION('',(#10960),#10964);
#10960 = LINE('',#10961,#10962);
#10961 = CARTESIAN_POINT('',(2.467462146922,12.));
#10962 = VECTOR('',#10963,1.);
#10963 = DIRECTION('',(1.,0.));
#10964 = ( GEOMETRIC_REPRESENTATION_CONTEXT(2) 
PARAMETRIC_REPRESENTATION_CONTEXT() REPRESENTATION_CONTEXT('2D SPACE',''
  ) );
#10965 = ORIENTED_EDGE('',*,*,#9657,.F.);
#10966 = ORIENTED_EDGE('',*,*,#10918,.F.);
#10967 = ORIENTED_EDGE('',*,*,#10890,.F.);
#10968 = ORIENTED_EDGE('',*,*,#10750,.F.);
#10969 = ADVANCED_FACE('',(#10970),#9645,.T.);
#10970 = FACE_BOUND('',#10971,.T.);
#10971 = EDGE_LOOP('',(#10972,#10973,#10974,#10996));
#10972 = ORIENTED_EDGE('',*,*,#10944,.F.);
#10973 = ORIENTED_EDGE('',*,*,#10316,.F.);
#10974 = ORIENTED_EDGE('',*,*,#10975,.T.);
#10975 = EDGE_CURVE('',#10317,#9602,#10976,.T.);
#10976 = SURFACE_CURVE('',#10977,(#10982,#10989),.PCURVE_S1.);
#10977 = CIRCLE('',#10978,6.4);
#10978 = AXIS2_PLACEMENT_3D('',#10979,#10980,#10981);
#10979 = CARTESIAN_POINT('',(-15.,-36.,79.5));
#10980 = DIRECTION('',(0.,1.,0.));
#10981 = DIRECTION('',(0.624218261107,0.,-0.78125));
#10982 = PCURVE('',#9645,#10983);
#10983 = DEFINITIONAL_REPRESENTATION('',(#10984),#10988);
#10984 = LINE('',#10985,#10986);
#10985 = CARTESIAN_POINT('',(2.467462146922,0.));
#10986 = VECTOR('',#10987,1.);
#10987 = DIRECTION('',(1.,0.));
#10988 = ( GEOMETRIC_REPRESENTATION_CONTEXT(2) 
PARAMETRIC_REPRESENTATION_CONTEXT() REPRESENTATION_CONTEXT('2D SPACE',''
  ) );
#10989 = PCURVE('',#9617,#10990);
#10990 = DEFINITIONAL_REPRESENTATION('',(#10991),#10995);
#10991 = CIRCLE('',#10992,6.4);
#10992 = AXIS2_PLACEMENT_2D('',#10993,#10994);
#10993 = CARTESIAN_POINT('',(0.,0.));
#10994 = DIRECTION('',(-0.78125,0.624218261107));
#10995 = ( GEOMETRIC_REPRESENTATION_CONTEXT(2) 
PARAMETRIC_REPRESENTATION_CONTEXT() REPRESENTATION_CONTEXT('2D SPACE',''
  ) );
#10996 = ORIENTED_EDGE('',*,*,#9629,.T.);
#10997 = ADVANCED_FACE('',(#10998),#9617,.F.);
#10998 = FACE_BOUND('',#10999,.F.);
#10999 = EDGE_LOOP('',(#11000,#11001,#11002,#11003,#11024,#11025));
#11000 = ORIENTED_EDGE('',*,*,#10339,.F.);
#11001 = ORIENTED_EDGE('',*,*,#10975,.T.);
#11002 = ORIENTED_EDGE('',*,*,#9601,.F.);
#11003 = ORIENTED_EDGE('',*,*,#11004,.F.);
#11004 = EDGE_CURVE('',#10800,#9574,#11005,.T.);
#11005 = SURFACE_CURVE('',#11006,(#11010,#11017),.PCURVE_S1.);
#11006 = LINE('',#11007,#11008);
#11007 = CARTESIAN_POINT('',(-15.,-36.,82.));
#11008 = VECTOR('',#11009,1.);
#11009 = DIRECTION('',(0.,0.,1.));
#11010 = PCURVE('',#9617,#11011);
#11011 = DEFINITIONAL_REPRESENTATION('',(#11012),#11016);
#11012 = LINE('',#11013,#11014);
#11013 = CARTESIAN_POINT('',(2.5,0.));
#11014 = VECTOR('',#11015,1.);
#11015 = DIRECTION('',(1.,0.));
#11016 = ( GEOMETRIC_REPRESENTATION_CONTEXT(2) 
PARAMETRIC_REPRESENTATION_CONTEXT() REPRESENTATION_CONTEXT('2D SPACE',''
  ) );
#11017 = PCURVE('',#9589,#11018);
#11018 = DEFINITIONAL_REPRESENTATION('',(#11019),#11023);
#11019 = LINE('',#11020,#11021);
#11020 = CARTESIAN_POINT('',(2.5,-12.35));
#11021 = VECTOR('',#11022,1.);
#11022 = DIRECTION('',(-1.,0.));
#11023 = ( GEOMETRIC_REPRESENTATION_CONTEXT(2) 
PARAMETRIC_REPRESENTATION_CONTEXT() REPRESENTATION_CONTEXT('2D SPACE',''
  ) );
#11024 = ORIENTED_EDGE('',*,*,#10867,.F.);
#11025 = ORIENTED_EDGE('',*,*,#11026,.F.);
#11026 = EDGE_CURVE('',#10340,#10845,#11027,.T.);
#11027 = SURFACE_CURVE('',#11028,(#11032,#11039),.PCURVE_S1.);
#11028 = LINE('',#11029,#11030);
#11029 = CARTESIAN_POINT('',(-15.,-36.,82.));
#11030 = VECTOR('',#11031,1.);
#11031 = DIRECTION('',(0.,0.,1.));
#11032 = PCURVE('',#9617,#11033);
#11033 = DEFINITIONAL_REPRESENTATION('',(#11034),#11038);
#11034 = LINE('',#11035,#11036);
#11035 = CARTESIAN_POINT('',(2.5,0.));
#11036 = VECTOR('',#11037,1.);
#11037 = DIRECTION('',(1.,0.));
#11038 = ( GEOMETRIC_REPRESENTATION_CONTEXT(2) 
PARAMETRIC_REPRESENTATION_CONTEXT() REPRESENTATION_CONTEXT('2D SPACE',''
  ) );
#11039 = PCURVE('',#9727,#11040);
#11040 = DEFINITIONAL_REPRESENTATION('',(#11041),#11045);
#11041 = LINE('',#11042,#11043);
#11042 = CARTESIAN_POINT('',(2.5,-12.35));
#11043 = VECTOR('',#11044,1.);
#11044 = DIRECTION('',(-1.,0.));
#11045 = ( GEOMETRIC_REPRESENTATION_CONTEXT(2) 
PARAMETRIC_REPRESENTATION_CONTEXT() REPRESENTATION_CONTEXT('2D SPACE',''
  ) );
#11046 = ADVANCED_FACE('',(#11047),#9589,.F.);
#11047 = FACE_BOUND('',#11048,.F.);
#11048 = EDGE_LOOP('',(#11049,#11050,#11051,#11052));
#11049 = ORIENTED_EDGE('',*,*,#10822,.T.);
#11050 = ORIENTED_EDGE('',*,*,#11004,.T.);
#11051 = ORIENTED_EDGE('',*,*,#9573,.T.);
#11052 = ORIENTED_EDGE('',*,*,#9763,.T.);
#11053 = ADVANCED_FACE('',(#11054),#9727,.F.);
#11054 = FACE_BOUND('',#11055,.F.);
#11055 = EDGE_LOOP('',(#11056,#11057,#11058,#11059));
#11056 = ORIENTED_EDGE('',*,*,#11026,.T.);
#11057 = ORIENTED_EDGE('',*,*,#10844,.F.);
#11058 = ORIENTED_EDGE('',*,*,#9709,.T.);
#11059 = ORIENTED_EDGE('',*,*,#10362,.F.);
#11060 = ADVANCED_FACE('',(#11061),#9888,.T.);
#11061 = FACE_BOUND('',#11062,.T.);
#11062 = EDGE_LOOP('',(#11063,#11064,#11065,#11066,#11067,#11068));
#11063 = ORIENTED_EDGE('',*,*,#9950,.F.);
#11064 = ORIENTED_EDGE('',*,*,#10000,.T.);
#11065 = ORIENTED_EDGE('',*,*,#10049,.T.);
#11066 = ORIENTED_EDGE('',*,*,#10096,.F.);
#11067 = ORIENTED_EDGE('',*,*,#10124,.T.);
#11068 = ORIENTED_EDGE('',*,*,#9872,.T.);
#11069 = ( GEOMETRIC_REPRESENTATION_CONTEXT(3) 
GLOBAL_UNCERTAINTY_ASSIGNED_CONTEXT((#11073)) 
GLOBAL_UNIT_ASSIGNED_CONTEXT((#11070,#11071,#11072)) 
REPRESENTATION_CONTEXT('Context #1',
  '3D Context with UNIT and UNCERTAINTY') );
#11070 = ( LENGTH_UNIT() NAMED_UNIT(*) SI_UNIT(.MILLI.,.METRE.) );
#11071 = ( NAMED_UNIT(*) PLANE_ANGLE_UNIT() SI_UNIT($,.RADIAN.) );
#11072 = ( NAMED_UNIT(*) SI_UNIT($,.STERADIAN.) SOLID_ANGLE_UNIT() );
#11073 = UNCERTAINTY_MEASURE_WITH_UNIT(LENGTH_MEASURE(1.E-07),#11070,
  'distance_accuracy_value','confusion accuracy');
#11074 = CONTEXT_DEPENDENT_SHAPE_REPRESENTATION(#11075,#11077);
#11075 = ( REPRESENTATION_RELATIONSHIP('','',#7139,#10) 
REPRESENTATION_RELATIONSHIP_WITH_TRANSFORMATION(#11076) 
SHAPE_REPRESENTATION_RELATIONSHIP() );
#11076 = ITEM_DEFINED_TRANSFORMATION('','',#11,#23);
#11077 = PRODUCT_DEFINITION_SHAPE('Placement','Placement of an item',
  #11078);
#11078 = NEXT_ASSEMBLY_USAGE_OCCURRENCE('12','','',#5,#7134,$);
#11079 = PRODUCT_RELATED_PRODUCT_CATEGORY('part',$,(#7136));
ENDSEC;
END-ISO-10303-21;
