ISO-10303-21;
HEADER;
FILE_DESCRIPTION(('Open CASCADE Model'),'2;1');
FILE_NAME('Open CASCADE Shape Model','2026-07-31T00:25:16',('Author'),(
    'Open CASCADE'),'Open CASCADE STEP processor 7.9','Open CASCADE 7.9'
  ,'Unknown');
FILE_SCHEMA(('AUTOMOTIVE_DESIGN { 1 0 10303 214 1 1 1 1 }'));
ENDSEC;
DATA;
#1 = APPLICATION_PROTOCOL_DEFINITION('international standard',
  'automotive_design',2000,#2);
#2 = APPLICATION_CONTEXT(
  'core data for automotive mechanical design processes');
#3 = SHAPE_DEFINITION_REPRESENTATION(#4,#10);
#4 = PRODUCT_DEFINITION_SHAPE('','',#5);
#5 = PRODUCT_DEFINITION('design','',#6,#9);
#6 = PRODUCT_DEFINITION_FORMATION('','',#7);
#7 = PRODUCT('Open CASCADE STEP translator 7.9 4',
  'Open CASCADE STEP translator 7.9 4','',(#8));
#8 = PRODUCT_CONTEXT('',#2,'mechanical');
#9 = PRODUCT_DEFINITION_CONTEXT('part definition',#2,'design');
#10 = SHAPE_REPRESENTATION('',(#11,#15,#19,#23),#27);
#11 = AXIS2_PLACEMENT_3D('',#12,#13,#14);
#12 = CARTESIAN_POINT('',(0.,0.,0.));
#13 = DIRECTION('',(0.,0.,1.));
#14 = DIRECTION('',(1.,0.,-0.));
#15 = AXIS2_PLACEMENT_3D('',#16,#17,#18);
#16 = CARTESIAN_POINT('',(0.,0.,0.));
#17 = DIRECTION('',(0.,0.,1.));
#18 = DIRECTION('',(1.,0.,-0.));
#19 = AXIS2_PLACEMENT_3D('',#20,#21,#22);
#20 = CARTESIAN_POINT('',(0.,0.,0.));
#21 = DIRECTION('',(0.,0.,1.));
#22 = DIRECTION('',(1.,0.,-0.));
#23 = AXIS2_PLACEMENT_3D('',#24,#25,#26);
#24 = CARTESIAN_POINT('',(0.,0.,0.));
#25 = DIRECTION('',(0.,0.,1.));
#26 = DIRECTION('',(1.,0.,-0.));
#27 = ( GEOMETRIC_REPRESENTATION_CONTEXT(3) 
GLOBAL_UNCERTAINTY_ASSIGNED_CONTEXT((#31)) GLOBAL_UNIT_ASSIGNED_CONTEXT(
(#28,#29,#30)) REPRESENTATION_CONTEXT('Context #1',
  '3D Context with UNIT and UNCERTAINTY') );
#28 = ( LENGTH_UNIT() NAMED_UNIT(*) SI_UNIT(.MILLI.,.METRE.) );
#29 = ( NAMED_UNIT(*) PLANE_ANGLE_UNIT() SI_UNIT($,.RADIAN.) );
#30 = ( NAMED_UNIT(*) SI_UNIT($,.STERADIAN.) SOLID_ANGLE_UNIT() );
#31 = UNCERTAINTY_MEASURE_WITH_UNIT(LENGTH_MEASURE(1.E-07),#28,
  'distance_accuracy_value','confusion accuracy');
#32 = PRODUCT_RELATED_PRODUCT_CATEGORY('part',$,(#7));
#33 = SHAPE_DEFINITION_REPRESENTATION(#34,#40);
#34 = PRODUCT_DEFINITION_SHAPE('','',#35);
#35 = PRODUCT_DEFINITION('design','',#36,#39);
#36 = PRODUCT_DEFINITION_FORMATION('','',#37);
#37 = PRODUCT('Open CASCADE STEP translator 7.9 4.1',
  'Open CASCADE STEP translator 7.9 4.1','',(#38));
#38 = PRODUCT_CONTEXT('',#2,'mechanical');
#39 = PRODUCT_DEFINITION_CONTEXT('part definition',#2,'design');
#40 = ADVANCED_BREP_SHAPE_REPRESENTATION('',(#11,#41),#2286);
#41 = MANIFOLD_SOLID_BREP('',#42);
#42 = CLOSED_SHELL('',(#43,#233,#287,#665,#719,#773,#1042,#1096,#1151,
    #1178,#1205,#1232,#1259,#1493,#1520,#1609,#1636,#1663,#1690,#1697,
    #1752,#1791,#1818,#1900,#1949,#1998,#2047,#2094,#2120,#2159,#2214,
    #2223,#2278,#2282));
#43 = ADVANCED_FACE('',(#44,#84,#198),#57,.F.);
#44 = FACE_BOUND('',#45,.F.);
#45 = EDGE_LOOP('',(#46));
#46 = ORIENTED_EDGE('',*,*,#47,.T.);
#47 = EDGE_CURVE('',#48,#48,#50,.T.);
#48 = VERTEX_POINT('',#49);
#49 = CARTESIAN_POINT('',(0.,30.,9.25));
#50 = SURFACE_CURVE('',#51,(#56,#72),.PCURVE_S1.);
#51 = CIRCLE('',#52,6.25);
#52 = AXIS2_PLACEMENT_3D('',#53,#54,#55);
#53 = CARTESIAN_POINT('',(0.,30.,15.5));
#54 = DIRECTION('',(-1.,-0.,-0.));
#55 = DIRECTION('',(0.,0.,-1.));
#56 = PCURVE('',#57,#62);
#57 = PLANE('',#58);
#58 = AXIS2_PLACEMENT_3D('',#59,#60,#61);
#59 = CARTESIAN_POINT('',(0.,48.5,31.));
#60 = DIRECTION('',(1.,0.,0.));
#61 = DIRECTION('',(0.,0.,-1.));
#62 = DEFINITIONAL_REPRESENTATION('',(#63),#71);
#63 = ( BOUNDED_CURVE() B_SPLINE_CURVE(2,(#64,#65,#66,#67,#68,#69,#70),
.UNSPECIFIED.,.T.,.F.) B_SPLINE_CURVE_WITH_KNOTS((1,2,2,2,2,1),(
    -2.094395102393,0.,2.094395102393,4.188790204786,6.28318530718,
8.377580409573),.UNSPECIFIED.) CURVE() GEOMETRIC_REPRESENTATION_ITEM() 
RATIONAL_B_SPLINE_CURVE((1.,0.5,1.,0.5,1.,0.5,1.)) REPRESENTATION_ITEM(
  '') );
#64 = CARTESIAN_POINT('',(21.75,-18.5));
#65 = CARTESIAN_POINT('',(21.75,-29.3253175473));
#66 = CARTESIAN_POINT('',(12.375,-23.91265877365));
#67 = CARTESIAN_POINT('',(3.,-18.5));
#68 = CARTESIAN_POINT('',(12.375,-13.08734122634));
#69 = CARTESIAN_POINT('',(21.75,-7.674682452695));
#70 = CARTESIAN_POINT('',(21.75,-18.5));
#71 = ( GEOMETRIC_REPRESENTATION_CONTEXT(2) 
PARAMETRIC_REPRESENTATION_CONTEXT() REPRESENTATION_CONTEXT('2D SPACE',''
  ) );
#72 = PCURVE('',#73,#78);
#73 = TOROIDAL_SURFACE('',#74,6.25,1.5);
#74 = AXIS2_PLACEMENT_3D('',#75,#76,#77);
#75 = CARTESIAN_POINT('',(-1.5,30.,15.5));
#76 = DIRECTION('',(1.,0.,0.));
#77 = DIRECTION('',(0.,0.,-1.));
#78 = DEFINITIONAL_REPRESENTATION('',(#79),#83);
#79 = LINE('',#80,#81);
#80 = CARTESIAN_POINT('',(-0.,1.570796326795));
#81 = VECTOR('',#82,1.);
#82 = DIRECTION('',(-1.,0.));
#83 = ( GEOMETRIC_REPRESENTATION_CONTEXT(2) 
PARAMETRIC_REPRESENTATION_CONTEXT() REPRESENTATION_CONTEXT('2D SPACE',''
  ) );
#84 = FACE_BOUND('',#85,.F.);
#85 = EDGE_LOOP('',(#86,#116,#144,#172));
#86 = ORIENTED_EDGE('',*,*,#87,.F.);
#87 = EDGE_CURVE('',#88,#90,#92,.T.);
#88 = VERTEX_POINT('',#89);
#89 = CARTESIAN_POINT('',(-8.881784197001E-16,48.5,26.5));
#90 = VERTEX_POINT('',#91);
#91 = CARTESIAN_POINT('',(-8.881784197001E-16,48.5,4.5));
#92 = SURFACE_CURVE('',#93,(#97,#104),.PCURVE_S1.);
#93 = LINE('',#94,#95);
#94 = CARTESIAN_POINT('',(0.,48.5,31.));
#95 = VECTOR('',#96,1.);
#96 = DIRECTION('',(0.,0.,-1.));
#97 = PCURVE('',#57,#98);
#98 = DEFINITIONAL_REPRESENTATION('',(#99),#103);
#99 = LINE('',#100,#101);
#100 = CARTESIAN_POINT('',(0.,0.));
#101 = VECTOR('',#102,1.);
#102 = DIRECTION('',(1.,0.));
#103 = ( GEOMETRIC_REPRESENTATION_CONTEXT(2) 
PARAMETRIC_REPRESENTATION_CONTEXT() REPRESENTATION_CONTEXT('2D SPACE',''
  ) );
#104 = PCURVE('',#105,#110);
#105 = PLANE('',#106);
#106 = AXIS2_PLACEMENT_3D('',#107,#108,#109);
#107 = CARTESIAN_POINT('',(17.,48.5,15.5));
#108 = DIRECTION('',(-0.,-1.,-0.));
#109 = DIRECTION('',(0.,0.,-1.));
#110 = DEFINITIONAL_REPRESENTATION('',(#111),#115);
#111 = LINE('',#112,#113);
#112 = CARTESIAN_POINT('',(-15.5,-17.));
#113 = VECTOR('',#114,1.);
#114 = DIRECTION('',(1.,0.));
#115 = ( GEOMETRIC_REPRESENTATION_CONTEXT(2) 
PARAMETRIC_REPRESENTATION_CONTEXT() REPRESENTATION_CONTEXT('2D SPACE',''
  ) );
#116 = ORIENTED_EDGE('',*,*,#117,.T.);
#117 = EDGE_CURVE('',#88,#118,#120,.T.);
#118 = VERTEX_POINT('',#119);
#119 = CARTESIAN_POINT('',(-8.881784197001E-16,-48.5,26.5));
#120 = SURFACE_CURVE('',#121,(#125,#132),.PCURVE_S1.);
#121 = LINE('',#122,#123);
#122 = CARTESIAN_POINT('',(-8.881784197001E-16,48.5,26.5));
#123 = VECTOR('',#124,1.);
#124 = DIRECTION('',(0.,-1.,0.));
#125 = PCURVE('',#57,#126);
#126 = DEFINITIONAL_REPRESENTATION('',(#127),#131);
#127 = LINE('',#128,#129);
#128 = CARTESIAN_POINT('',(4.5,0.));
#129 = VECTOR('',#130,1.);
#130 = DIRECTION('',(0.,-1.));
#131 = ( GEOMETRIC_REPRESENTATION_CONTEXT(2) 
PARAMETRIC_REPRESENTATION_CONTEXT() REPRESENTATION_CONTEXT('2D SPACE',''
  ) );
#132 = PCURVE('',#133,#138);
#133 = CYLINDRICAL_SURFACE('',#134,4.5);
#134 = AXIS2_PLACEMENT_3D('',#135,#136,#137);
#135 = CARTESIAN_POINT('',(4.5,48.5,26.5));
#136 = DIRECTION('',(0.,-1.,0.));
#137 = DIRECTION('',(-1.,-0.,0.));
#138 = DEFINITIONAL_REPRESENTATION('',(#139),#143);
#139 = LINE('',#140,#141);
#140 = CARTESIAN_POINT('',(-0.,0.));
#141 = VECTOR('',#142,1.);
#142 = DIRECTION('',(-0.,1.));
#143 = ( GEOMETRIC_REPRESENTATION_CONTEXT(2) 
PARAMETRIC_REPRESENTATION_CONTEXT() REPRESENTATION_CONTEXT('2D SPACE',''
  ) );
#144 = ORIENTED_EDGE('',*,*,#145,.T.);
#145 = EDGE_CURVE('',#118,#146,#148,.T.);
#146 = VERTEX_POINT('',#147);
#147 = CARTESIAN_POINT('',(-8.881784197001E-16,-48.5,4.5));
#148 = SURFACE_CURVE('',#149,(#153,#160),.PCURVE_S1.);
#149 = LINE('',#150,#151);
#150 = CARTESIAN_POINT('',(0.,-48.5,31.));
#151 = VECTOR('',#152,1.);
#152 = DIRECTION('',(0.,0.,-1.));
#153 = PCURVE('',#57,#154);
#154 = DEFINITIONAL_REPRESENTATION('',(#155),#159);
#155 = LINE('',#156,#157);
#156 = CARTESIAN_POINT('',(0.,-97.));
#157 = VECTOR('',#158,1.);
#158 = DIRECTION('',(1.,0.));
#159 = ( GEOMETRIC_REPRESENTATION_CONTEXT(2) 
PARAMETRIC_REPRESENTATION_CONTEXT() REPRESENTATION_CONTEXT('2D SPACE',''
  ) );
#160 = PCURVE('',#161,#166);
#161 = PLANE('',#162);
#162 = AXIS2_PLACEMENT_3D('',#163,#164,#165);
#163 = CARTESIAN_POINT('',(17.,-48.5,15.5));
#164 = DIRECTION('',(-0.,-1.,-0.));
#165 = DIRECTION('',(0.,0.,-1.));
#166 = DEFINITIONAL_REPRESENTATION('',(#167),#171);
#167 = LINE('',#168,#169);
#168 = CARTESIAN_POINT('',(-15.5,-17.));
#169 = VECTOR('',#170,1.);
#170 = DIRECTION('',(1.,0.));
#171 = ( GEOMETRIC_REPRESENTATION_CONTEXT(2) 
PARAMETRIC_REPRESENTATION_CONTEXT() REPRESENTATION_CONTEXT('2D SPACE',''
  ) );
#172 = ORIENTED_EDGE('',*,*,#173,.F.);
#173 = EDGE_CURVE('',#90,#146,#174,.T.);
#174 = SURFACE_CURVE('',#175,(#179,#186),.PCURVE_S1.);
#175 = LINE('',#176,#177);
#176 = CARTESIAN_POINT('',(-8.881784197001E-16,48.5,4.5));
#177 = VECTOR('',#178,1.);
#178 = DIRECTION('',(0.,-1.,0.));
#179 = PCURVE('',#57,#180);
#180 = DEFINITIONAL_REPRESENTATION('',(#181),#185);
#181 = LINE('',#182,#183);
#182 = CARTESIAN_POINT('',(26.5,0.));
#183 = VECTOR('',#184,1.);
#184 = DIRECTION('',(0.,-1.));
#185 = ( GEOMETRIC_REPRESENTATION_CONTEXT(2) 
PARAMETRIC_REPRESENTATION_CONTEXT() REPRESENTATION_CONTEXT('2D SPACE',''
  ) );
#186 = PCURVE('',#187,#192);
#187 = CYLINDRICAL_SURFACE('',#188,4.5);
#188 = AXIS2_PLACEMENT_3D('',#189,#190,#191);
#189 = CARTESIAN_POINT('',(4.5,48.5,4.5));
#190 = DIRECTION('',(0.,-1.,0.));
#191 = DIRECTION('',(0.,-0.,-1.));
#192 = DEFINITIONAL_REPRESENTATION('',(#193),#197);
#193 = LINE('',#194,#195);
#194 = CARTESIAN_POINT('',(-1.570796326795,0.));
#195 = VECTOR('',#196,1.);
#196 = DIRECTION('',(-0.,1.));
#197 = ( GEOMETRIC_REPRESENTATION_CONTEXT(2) 
PARAMETRIC_REPRESENTATION_CONTEXT() REPRESENTATION_CONTEXT('2D SPACE',''
  ) );
#198 = FACE_BOUND('',#199,.F.);
#199 = EDGE_LOOP('',(#200));
#200 = ORIENTED_EDGE('',*,*,#201,.T.);
#201 = EDGE_CURVE('',#202,#202,#204,.T.);
#202 = VERTEX_POINT('',#203);
#203 = CARTESIAN_POINT('',(0.,-30.,9.25));
#204 = SURFACE_CURVE('',#205,(#210,#221),.PCURVE_S1.);
#205 = CIRCLE('',#206,6.25);
#206 = AXIS2_PLACEMENT_3D('',#207,#208,#209);
#207 = CARTESIAN_POINT('',(0.,-30.,15.5));
#208 = DIRECTION('',(-1.,-0.,-0.));
#209 = DIRECTION('',(0.,0.,-1.));
#210 = PCURVE('',#57,#211);
#211 = DEFINITIONAL_REPRESENTATION('',(#212),#220);
#212 = ( BOUNDED_CURVE() B_SPLINE_CURVE(2,(#213,#214,#215,#216,#217,#218
,#219),.UNSPECIFIED.,.T.,.F.) B_SPLINE_CURVE_WITH_KNOTS((1,2,2,2,2,1),(
    -2.094395102393,0.,2.094395102393,4.188790204786,6.28318530718,
8.377580409573),.UNSPECIFIED.) CURVE() GEOMETRIC_REPRESENTATION_ITEM() 
RATIONAL_B_SPLINE_CURVE((1.,0.5,1.,0.5,1.,0.5,1.)) REPRESENTATION_ITEM(
  '') );
#213 = CARTESIAN_POINT('',(21.75,-78.5));
#214 = CARTESIAN_POINT('',(21.75,-89.3253175473));
#215 = CARTESIAN_POINT('',(12.375,-83.91265877365));
#216 = CARTESIAN_POINT('',(3.,-78.5));
#217 = CARTESIAN_POINT('',(12.375,-73.08734122634));
#218 = CARTESIAN_POINT('',(21.75,-67.67468245269));
#219 = CARTESIAN_POINT('',(21.75,-78.5));
#220 = ( GEOMETRIC_REPRESENTATION_CONTEXT(2) 
PARAMETRIC_REPRESENTATION_CONTEXT() REPRESENTATION_CONTEXT('2D SPACE',''
  ) );
#221 = PCURVE('',#222,#227);
#222 = TOROIDAL_SURFACE('',#223,6.25,1.5);
#223 = AXIS2_PLACEMENT_3D('',#224,#225,#226);
#224 = CARTESIAN_POINT('',(-1.5,-30.,15.5));
#225 = DIRECTION('',(1.,0.,0.));
#226 = DIRECTION('',(0.,0.,-1.));
#227 = DEFINITIONAL_REPRESENTATION('',(#228),#232);
#228 = LINE('',#229,#230);
#229 = CARTESIAN_POINT('',(-0.,1.570796326795));
#230 = VECTOR('',#231,1.);
#231 = DIRECTION('',(-1.,0.));
#232 = ( GEOMETRIC_REPRESENTATION_CONTEXT(2) 
PARAMETRIC_REPRESENTATION_CONTEXT() REPRESENTATION_CONTEXT('2D SPACE',''
  ) );
#233 = ADVANCED_FACE('',(#234),#73,.F.);
#234 = FACE_BOUND('',#235,.T.);
#235 = EDGE_LOOP('',(#236,#258,#259,#260));
#236 = ORIENTED_EDGE('',*,*,#237,.F.);
#237 = EDGE_CURVE('',#48,#238,#240,.T.);
#238 = VERTEX_POINT('',#239);
#239 = CARTESIAN_POINT('',(-1.5,30.,10.75));
#240 = SEAM_CURVE('',#241,(#246,#252),.PCURVE_S1.);
#241 = CIRCLE('',#242,1.5);
#242 = AXIS2_PLACEMENT_3D('',#243,#244,#245);
#243 = CARTESIAN_POINT('',(-1.5,30.,9.25));
#244 = DIRECTION('',(0.,-1.,0.));
#245 = DIRECTION('',(0.,0.,-1.));
#246 = PCURVE('',#73,#247);
#247 = DEFINITIONAL_REPRESENTATION('',(#248),#251);
#248 = B_SPLINE_CURVE_WITH_KNOTS('',1,(#249,#250),.UNSPECIFIED.,.F.,.F.,
  (2,2),(1.570796326795,3.14159265359),.PIECEWISE_BEZIER_KNOTS.);
#249 = CARTESIAN_POINT('',(0.,1.570796326795));
#250 = CARTESIAN_POINT('',(0.,3.14159265359));
#251 = ( GEOMETRIC_REPRESENTATION_CONTEXT(2) 
PARAMETRIC_REPRESENTATION_CONTEXT() REPRESENTATION_CONTEXT('2D SPACE',''
  ) );
#252 = PCURVE('',#73,#253);
#253 = DEFINITIONAL_REPRESENTATION('',(#254),#257);
#254 = B_SPLINE_CURVE_WITH_KNOTS('',1,(#255,#256),.UNSPECIFIED.,.F.,.F.,
  (2,2),(1.570796326795,3.14159265359),.PIECEWISE_BEZIER_KNOTS.);
#255 = CARTESIAN_POINT('',(-6.28318530718,1.570796326795));
#256 = CARTESIAN_POINT('',(-6.28318530718,3.14159265359));
#257 = ( GEOMETRIC_REPRESENTATION_CONTEXT(2) 
PARAMETRIC_REPRESENTATION_CONTEXT() REPRESENTATION_CONTEXT('2D SPACE',''
  ) );
#258 = ORIENTED_EDGE('',*,*,#47,.F.);
#259 = ORIENTED_EDGE('',*,*,#237,.T.);
#260 = ORIENTED_EDGE('',*,*,#261,.T.);
#261 = EDGE_CURVE('',#238,#238,#262,.T.);
#262 = SURFACE_CURVE('',#263,(#268,#275),.PCURVE_S1.);
#263 = CIRCLE('',#264,4.75);
#264 = AXIS2_PLACEMENT_3D('',#265,#266,#267);
#265 = CARTESIAN_POINT('',(-1.5,30.,15.5));
#266 = DIRECTION('',(-1.,-0.,-0.));
#267 = DIRECTION('',(0.,0.,-1.));
#268 = PCURVE('',#73,#269);
#269 = DEFINITIONAL_REPRESENTATION('',(#270),#274);
#270 = LINE('',#271,#272);
#271 = CARTESIAN_POINT('',(-0.,3.14159265359));
#272 = VECTOR('',#273,1.);
#273 = DIRECTION('',(-1.,0.));
#274 = ( GEOMETRIC_REPRESENTATION_CONTEXT(2) 
PARAMETRIC_REPRESENTATION_CONTEXT() REPRESENTATION_CONTEXT('2D SPACE',''
  ) );
#275 = PCURVE('',#276,#281);
#276 = CYLINDRICAL_SURFACE('',#277,4.75);
#277 = AXIS2_PLACEMENT_3D('',#278,#279,#280);
#278 = CARTESIAN_POINT('',(0.,30.,15.5));
#279 = DIRECTION('',(-1.,0.,0.));
#280 = DIRECTION('',(0.,0.,-1.));
#281 = DEFINITIONAL_REPRESENTATION('',(#282),#286);
#282 = LINE('',#283,#284);
#283 = CARTESIAN_POINT('',(0.,1.5));
#284 = VECTOR('',#285,1.);
#285 = DIRECTION('',(1.,0.));
#286 = ( GEOMETRIC_REPRESENTATION_CONTEXT(2) 
PARAMETRIC_REPRESENTATION_CONTEXT() REPRESENTATION_CONTEXT('2D SPACE',''
  ) );
#287 = ADVANCED_FACE('',(#288),#105,.F.);
#288 = FACE_BOUND('',#289,.F.);
#289 = EDGE_LOOP('',(#290,#320,#346,#347,#375,#403,#432,#460,#489,#517,
    #545,#573,#606,#634));
#290 = ORIENTED_EDGE('',*,*,#291,.T.);
#291 = EDGE_CURVE('',#292,#294,#296,.T.);
#292 = VERTEX_POINT('',#293);
#293 = CARTESIAN_POINT('',(32.2,48.5,31.));
#294 = VERTEX_POINT('',#295);
#295 = CARTESIAN_POINT('',(4.5,48.5,31.));
#296 = SURFACE_CURVE('',#297,(#301,#308),.PCURVE_S1.);
#297 = LINE('',#298,#299);
#298 = CARTESIAN_POINT('',(34.,48.5,31.));
#299 = VECTOR('',#300,1.);
#300 = DIRECTION('',(-1.,0.,0.));
#301 = PCURVE('',#105,#302);
#302 = DEFINITIONAL_REPRESENTATION('',(#303),#307);
#303 = LINE('',#304,#305);
#304 = CARTESIAN_POINT('',(-15.5,17.));
#305 = VECTOR('',#306,1.);
#306 = DIRECTION('',(0.,-1.));
#307 = ( GEOMETRIC_REPRESENTATION_CONTEXT(2) 
PARAMETRIC_REPRESENTATION_CONTEXT() REPRESENTATION_CONTEXT('2D SPACE',''
  ) );
#308 = PCURVE('',#309,#314);
#309 = PLANE('',#310);
#310 = AXIS2_PLACEMENT_3D('',#311,#312,#313);
#311 = CARTESIAN_POINT('',(34.,48.5,31.));
#312 = DIRECTION('',(-0.,-0.,-1.));
#313 = DIRECTION('',(-1.,0.,0.));
#314 = DEFINITIONAL_REPRESENTATION('',(#315),#319);
#315 = LINE('',#316,#317);
#316 = CARTESIAN_POINT('',(0.,0.));
#317 = VECTOR('',#318,1.);
#318 = DIRECTION('',(1.,0.));
#319 = ( GEOMETRIC_REPRESENTATION_CONTEXT(2) 
PARAMETRIC_REPRESENTATION_CONTEXT() REPRESENTATION_CONTEXT('2D SPACE',''
  ) );
#320 = ORIENTED_EDGE('',*,*,#321,.F.);
#321 = EDGE_CURVE('',#88,#294,#322,.T.);
#322 = SURFACE_CURVE('',#323,(#328,#339),.PCURVE_S1.);
#323 = CIRCLE('',#324,4.5);
#324 = AXIS2_PLACEMENT_3D('',#325,#326,#327);
#325 = CARTESIAN_POINT('',(4.5,48.5,26.5));
#326 = DIRECTION('',(-0.,1.,0.));
#327 = DIRECTION('',(0.,0.,-1.));
#328 = PCURVE('',#105,#329);
#329 = DEFINITIONAL_REPRESENTATION('',(#330),#338);
#330 = ( BOUNDED_CURVE() B_SPLINE_CURVE(2,(#331,#332,#333,#334,#335,#336
,#337),.UNSPECIFIED.,.T.,.F.) B_SPLINE_CURVE_WITH_KNOTS((1,2,2,2,2,1),(
    -2.094395102393,0.,2.094395102393,4.188790204786,6.28318530718,
8.377580409573),.UNSPECIFIED.) CURVE() GEOMETRIC_REPRESENTATION_ITEM() 
RATIONAL_B_SPLINE_CURVE((1.,0.5,1.,0.5,1.,0.5,1.)) REPRESENTATION_ITEM(
  '') );
#331 = CARTESIAN_POINT('',(-6.5,-12.5));
#332 = CARTESIAN_POINT('',(-6.5,-20.29422863406));
#333 = CARTESIAN_POINT('',(-13.25,-16.39711431703));
#334 = CARTESIAN_POINT('',(-20.,-12.5));
#335 = CARTESIAN_POINT('',(-13.25,-8.60288568297));
#336 = CARTESIAN_POINT('',(-6.5,-4.70577136594));
#337 = CARTESIAN_POINT('',(-6.5,-12.5));
#338 = ( GEOMETRIC_REPRESENTATION_CONTEXT(2) 
PARAMETRIC_REPRESENTATION_CONTEXT() REPRESENTATION_CONTEXT('2D SPACE',''
  ) );
#339 = PCURVE('',#133,#340);
#340 = DEFINITIONAL_REPRESENTATION('',(#341),#345);
#341 = LINE('',#342,#343);
#342 = CARTESIAN_POINT('',(1.570796326795,-0.));
#343 = VECTOR('',#344,1.);
#344 = DIRECTION('',(-1.,0.));
#345 = ( GEOMETRIC_REPRESENTATION_CONTEXT(2) 
PARAMETRIC_REPRESENTATION_CONTEXT() REPRESENTATION_CONTEXT('2D SPACE',''
  ) );
#346 = ORIENTED_EDGE('',*,*,#87,.T.);
#347 = ORIENTED_EDGE('',*,*,#348,.F.);
#348 = EDGE_CURVE('',#349,#90,#351,.T.);
#349 = VERTEX_POINT('',#350);
#350 = CARTESIAN_POINT('',(4.5,48.5,-8.881784197001E-16));
#351 = SURFACE_CURVE('',#352,(#357,#368),.PCURVE_S1.);
#352 = CIRCLE('',#353,4.5);
#353 = AXIS2_PLACEMENT_3D('',#354,#355,#356);
#354 = CARTESIAN_POINT('',(4.5,48.5,4.5));
#355 = DIRECTION('',(-0.,1.,0.));
#356 = DIRECTION('',(0.,0.,-1.));
#357 = PCURVE('',#105,#358);
#358 = DEFINITIONAL_REPRESENTATION('',(#359),#367);
#359 = ( BOUNDED_CURVE() B_SPLINE_CURVE(2,(#360,#361,#362,#363,#364,#365
,#366),.UNSPECIFIED.,.T.,.F.) B_SPLINE_CURVE_WITH_KNOTS((1,2,2,2,2,1),(
    -2.094395102393,0.,2.094395102393,4.188790204786,6.28318530718,
8.377580409573),.UNSPECIFIED.) CURVE() GEOMETRIC_REPRESENTATION_ITEM() 
RATIONAL_B_SPLINE_CURVE((1.,0.5,1.,0.5,1.,0.5,1.)) REPRESENTATION_ITEM(
  '') );
#360 = CARTESIAN_POINT('',(15.5,-12.5));
#361 = CARTESIAN_POINT('',(15.5,-20.29422863406));
#362 = CARTESIAN_POINT('',(8.75,-16.39711431703));
#363 = CARTESIAN_POINT('',(2.,-12.5));
#364 = CARTESIAN_POINT('',(8.75,-8.60288568297));
#365 = CARTESIAN_POINT('',(15.5,-4.70577136594));
#366 = CARTESIAN_POINT('',(15.5,-12.5));
#367 = ( GEOMETRIC_REPRESENTATION_CONTEXT(2) 
PARAMETRIC_REPRESENTATION_CONTEXT() REPRESENTATION_CONTEXT('2D SPACE',''
  ) );
#368 = PCURVE('',#187,#369);
#369 = DEFINITIONAL_REPRESENTATION('',(#370),#374);
#370 = LINE('',#371,#372);
#371 = CARTESIAN_POINT('',(-0.,0.));
#372 = VECTOR('',#373,1.);
#373 = DIRECTION('',(-1.,0.));
#374 = ( GEOMETRIC_REPRESENTATION_CONTEXT(2) 
PARAMETRIC_REPRESENTATION_CONTEXT() REPRESENTATION_CONTEXT('2D SPACE',''
  ) );
#375 = ORIENTED_EDGE('',*,*,#376,.T.);
#376 = EDGE_CURVE('',#349,#377,#379,.T.);
#377 = VERTEX_POINT('',#378);
#378 = CARTESIAN_POINT('',(32.2,48.5,-4.440892098501E-16));
#379 = SURFACE_CURVE('',#380,(#384,#391),.PCURVE_S1.);
#380 = LINE('',#381,#382);
#381 = CARTESIAN_POINT('',(0.,48.5,0.));
#382 = VECTOR('',#383,1.);
#383 = DIRECTION('',(1.,0.,0.));
#384 = PCURVE('',#105,#385);
#385 = DEFINITIONAL_REPRESENTATION('',(#386),#390);
#386 = LINE('',#387,#388);
#387 = CARTESIAN_POINT('',(15.5,-17.));
#388 = VECTOR('',#389,1.);
#389 = DIRECTION('',(0.,1.));
#390 = ( GEOMETRIC_REPRESENTATION_CONTEXT(2) 
PARAMETRIC_REPRESENTATION_CONTEXT() REPRESENTATION_CONTEXT('2D SPACE',''
  ) );
#391 = PCURVE('',#392,#397);
#392 = PLANE('',#393);
#393 = AXIS2_PLACEMENT_3D('',#394,#395,#396);
#394 = CARTESIAN_POINT('',(0.,48.5,0.));
#395 = DIRECTION('',(-0.,0.,1.));
#396 = DIRECTION('',(1.,0.,0.));
#397 = DEFINITIONAL_REPRESENTATION('',(#398),#402);
#398 = LINE('',#399,#400);
#399 = CARTESIAN_POINT('',(0.,0.));
#400 = VECTOR('',#401,1.);
#401 = DIRECTION('',(1.,0.));
#402 = ( GEOMETRIC_REPRESENTATION_CONTEXT(2) 
PARAMETRIC_REPRESENTATION_CONTEXT() REPRESENTATION_CONTEXT('2D SPACE',''
  ) );
#403 = ORIENTED_EDGE('',*,*,#404,.T.);
#404 = EDGE_CURVE('',#377,#405,#407,.T.);
#405 = VERTEX_POINT('',#406);
#406 = CARTESIAN_POINT('',(34.,48.5,1.8));
#407 = SURFACE_CURVE('',#408,(#413,#420),.PCURVE_S1.);
#408 = CIRCLE('',#409,1.8);
#409 = AXIS2_PLACEMENT_3D('',#410,#411,#412);
#410 = CARTESIAN_POINT('',(32.2,48.5,1.8));
#411 = DIRECTION('',(0.,-1.,0.));
#412 = DIRECTION('',(0.,-0.,-1.));
#413 = PCURVE('',#105,#414);
#414 = DEFINITIONAL_REPRESENTATION('',(#415),#419);
#415 = CIRCLE('',#416,1.8);
#416 = AXIS2_PLACEMENT_2D('',#417,#418);
#417 = CARTESIAN_POINT('',(13.7,15.2));
#418 = DIRECTION('',(1.,0.));
#419 = ( GEOMETRIC_REPRESENTATION_CONTEXT(2) 
PARAMETRIC_REPRESENTATION_CONTEXT() REPRESENTATION_CONTEXT('2D SPACE',''
  ) );
#420 = PCURVE('',#421,#426);
#421 = CYLINDRICAL_SURFACE('',#422,1.8);
#422 = AXIS2_PLACEMENT_3D('',#423,#424,#425);
#423 = CARTESIAN_POINT('',(32.2,48.5,1.8));
#424 = DIRECTION('',(0.,-1.,0.));
#425 = DIRECTION('',(0.,-0.,-1.));
#426 = DEFINITIONAL_REPRESENTATION('',(#427),#431);
#427 = LINE('',#428,#429);
#428 = CARTESIAN_POINT('',(0.,0.));
#429 = VECTOR('',#430,1.);
#430 = DIRECTION('',(1.,0.));
#431 = ( GEOMETRIC_REPRESENTATION_CONTEXT(2) 
PARAMETRIC_REPRESENTATION_CONTEXT() REPRESENTATION_CONTEXT('2D SPACE',''
  ) );
#432 = ORIENTED_EDGE('',*,*,#433,.T.);
#433 = EDGE_CURVE('',#405,#434,#436,.T.);
#434 = VERTEX_POINT('',#435);
#435 = CARTESIAN_POINT('',(34.,48.5,3.2));
#436 = SURFACE_CURVE('',#437,(#441,#448),.PCURVE_S1.);
#437 = LINE('',#438,#439);
#438 = CARTESIAN_POINT('',(34.,48.5,0.));
#439 = VECTOR('',#440,1.);
#440 = DIRECTION('',(0.,0.,1.));
#441 = PCURVE('',#105,#442);
#442 = DEFINITIONAL_REPRESENTATION('',(#443),#447);
#443 = LINE('',#444,#445);
#444 = CARTESIAN_POINT('',(15.5,17.));
#445 = VECTOR('',#446,1.);
#446 = DIRECTION('',(-1.,0.));
#447 = ( GEOMETRIC_REPRESENTATION_CONTEXT(2) 
PARAMETRIC_REPRESENTATION_CONTEXT() REPRESENTATION_CONTEXT('2D SPACE',''
  ) );
#448 = PCURVE('',#449,#454);
#449 = PLANE('',#450);
#450 = AXIS2_PLACEMENT_3D('',#451,#452,#453);
#451 = CARTESIAN_POINT('',(34.,48.5,0.));
#452 = DIRECTION('',(-1.,0.,0.));
#453 = DIRECTION('',(0.,0.,1.));
#454 = DEFINITIONAL_REPRESENTATION('',(#455),#459);
#455 = LINE('',#456,#457);
#456 = CARTESIAN_POINT('',(0.,0.));
#457 = VECTOR('',#458,1.);
#458 = DIRECTION('',(1.,0.));
#459 = ( GEOMETRIC_REPRESENTATION_CONTEXT(2) 
PARAMETRIC_REPRESENTATION_CONTEXT() REPRESENTATION_CONTEXT('2D SPACE',''
  ) );
#460 = ORIENTED_EDGE('',*,*,#461,.T.);
#461 = EDGE_CURVE('',#434,#462,#464,.T.);
#462 = VERTEX_POINT('',#463);
#463 = CARTESIAN_POINT('',(32.2,48.5,5.));
#464 = SURFACE_CURVE('',#465,(#470,#477),.PCURVE_S1.);
#465 = CIRCLE('',#466,1.8);
#466 = AXIS2_PLACEMENT_3D('',#467,#468,#469);
#467 = CARTESIAN_POINT('',(32.2,48.5,3.2));
#468 = DIRECTION('',(-0.,-1.,0.));
#469 = DIRECTION('',(0.,-0.,1.));
#470 = PCURVE('',#105,#471);
#471 = DEFINITIONAL_REPRESENTATION('',(#472),#476);
#472 = CIRCLE('',#473,1.8);
#473 = AXIS2_PLACEMENT_2D('',#474,#475);
#474 = CARTESIAN_POINT('',(12.3,15.2));
#475 = DIRECTION('',(-1.,0.));
#476 = ( GEOMETRIC_REPRESENTATION_CONTEXT(2) 
PARAMETRIC_REPRESENTATION_CONTEXT() REPRESENTATION_CONTEXT('2D SPACE',''
  ) );
#477 = PCURVE('',#478,#483);
#478 = CYLINDRICAL_SURFACE('',#479,1.8);
#479 = AXIS2_PLACEMENT_3D('',#480,#481,#482);
#480 = CARTESIAN_POINT('',(32.2,-48.5,3.2));
#481 = DIRECTION('',(0.,1.,0.));
#482 = DIRECTION('',(1.,0.,-0.));
#483 = DEFINITIONAL_REPRESENTATION('',(#484),#488);
#484 = LINE('',#485,#486);
#485 = CARTESIAN_POINT('',(4.712388980385,97.));
#486 = VECTOR('',#487,1.);
#487 = DIRECTION('',(-1.,0.));
#488 = ( GEOMETRIC_REPRESENTATION_CONTEXT(2) 
PARAMETRIC_REPRESENTATION_CONTEXT() REPRESENTATION_CONTEXT('2D SPACE',''
  ) );
#489 = ORIENTED_EDGE('',*,*,#490,.F.);
#490 = EDGE_CURVE('',#491,#462,#493,.T.);
#491 = VERTEX_POINT('',#492);
#492 = CARTESIAN_POINT('',(5.,48.5,5.));
#493 = SURFACE_CURVE('',#494,(#498,#505),.PCURVE_S1.);
#494 = LINE('',#495,#496);
#495 = CARTESIAN_POINT('',(5.,48.5,5.));
#496 = VECTOR('',#497,1.);
#497 = DIRECTION('',(1.,0.,0.));
#498 = PCURVE('',#105,#499);
#499 = DEFINITIONAL_REPRESENTATION('',(#500),#504);
#500 = LINE('',#501,#502);
#501 = CARTESIAN_POINT('',(10.5,-12.));
#502 = VECTOR('',#503,1.);
#503 = DIRECTION('',(0.,1.));
#504 = ( GEOMETRIC_REPRESENTATION_CONTEXT(2) 
PARAMETRIC_REPRESENTATION_CONTEXT() REPRESENTATION_CONTEXT('2D SPACE',''
  ) );
#505 = PCURVE('',#506,#511);
#506 = PLANE('',#507);
#507 = AXIS2_PLACEMENT_3D('',#508,#509,#510);
#508 = CARTESIAN_POINT('',(5.,48.5,5.));
#509 = DIRECTION('',(-0.,0.,1.));
#510 = DIRECTION('',(1.,0.,0.));
#511 = DEFINITIONAL_REPRESENTATION('',(#512),#516);
#512 = LINE('',#513,#514);
#513 = CARTESIAN_POINT('',(0.,0.));
#514 = VECTOR('',#515,1.);
#515 = DIRECTION('',(1.,0.));
#516 = ( GEOMETRIC_REPRESENTATION_CONTEXT(2) 
PARAMETRIC_REPRESENTATION_CONTEXT() REPRESENTATION_CONTEXT('2D SPACE',''
  ) );
#517 = ORIENTED_EDGE('',*,*,#518,.F.);
#518 = EDGE_CURVE('',#519,#491,#521,.T.);
#519 = VERTEX_POINT('',#520);
#520 = CARTESIAN_POINT('',(5.,48.5,26.));
#521 = SURFACE_CURVE('',#522,(#526,#533),.PCURVE_S1.);
#522 = LINE('',#523,#524);
#523 = CARTESIAN_POINT('',(5.,48.5,26.));
#524 = VECTOR('',#525,1.);
#525 = DIRECTION('',(0.,0.,-1.));
#526 = PCURVE('',#105,#527);
#527 = DEFINITIONAL_REPRESENTATION('',(#528),#532);
#528 = LINE('',#529,#530);
#529 = CARTESIAN_POINT('',(-10.5,-12.));
#530 = VECTOR('',#531,1.);
#531 = DIRECTION('',(1.,0.));
#532 = ( GEOMETRIC_REPRESENTATION_CONTEXT(2) 
PARAMETRIC_REPRESENTATION_CONTEXT() REPRESENTATION_CONTEXT('2D SPACE',''
  ) );
#533 = PCURVE('',#534,#539);
#534 = PLANE('',#535);
#535 = AXIS2_PLACEMENT_3D('',#536,#537,#538);
#536 = CARTESIAN_POINT('',(5.,48.5,26.));
#537 = DIRECTION('',(1.,0.,0.));
#538 = DIRECTION('',(0.,0.,-1.));
#539 = DEFINITIONAL_REPRESENTATION('',(#540),#544);
#540 = LINE('',#541,#542);
#541 = CARTESIAN_POINT('',(0.,0.));
#542 = VECTOR('',#543,1.);
#543 = DIRECTION('',(1.,0.));
#544 = ( GEOMETRIC_REPRESENTATION_CONTEXT(2) 
PARAMETRIC_REPRESENTATION_CONTEXT() REPRESENTATION_CONTEXT('2D SPACE',''
  ) );
#545 = ORIENTED_EDGE('',*,*,#546,.F.);
#546 = EDGE_CURVE('',#547,#519,#549,.T.);
#547 = VERTEX_POINT('',#548);
#548 = CARTESIAN_POINT('',(32.2,48.5,26.));
#549 = SURFACE_CURVE('',#550,(#554,#561),.PCURVE_S1.);
#550 = LINE('',#551,#552);
#551 = CARTESIAN_POINT('',(39.,48.5,26.));
#552 = VECTOR('',#553,1.);
#553 = DIRECTION('',(-1.,0.,0.));
#554 = PCURVE('',#105,#555);
#555 = DEFINITIONAL_REPRESENTATION('',(#556),#560);
#556 = LINE('',#557,#558);
#557 = CARTESIAN_POINT('',(-10.5,22.));
#558 = VECTOR('',#559,1.);
#559 = DIRECTION('',(0.,-1.));
#560 = ( GEOMETRIC_REPRESENTATION_CONTEXT(2) 
PARAMETRIC_REPRESENTATION_CONTEXT() REPRESENTATION_CONTEXT('2D SPACE',''
  ) );
#561 = PCURVE('',#562,#567);
#562 = PLANE('',#563);
#563 = AXIS2_PLACEMENT_3D('',#564,#565,#566);
#564 = CARTESIAN_POINT('',(39.,48.5,26.));
#565 = DIRECTION('',(-0.,-0.,-1.));
#566 = DIRECTION('',(-1.,0.,0.));
#567 = DEFINITIONAL_REPRESENTATION('',(#568),#572);
#568 = LINE('',#569,#570);
#569 = CARTESIAN_POINT('',(0.,0.));
#570 = VECTOR('',#571,1.);
#571 = DIRECTION('',(1.,0.));
#572 = ( GEOMETRIC_REPRESENTATION_CONTEXT(2) 
PARAMETRIC_REPRESENTATION_CONTEXT() REPRESENTATION_CONTEXT('2D SPACE',''
  ) );
#573 = ORIENTED_EDGE('',*,*,#574,.F.);
#574 = EDGE_CURVE('',#575,#547,#577,.T.);
#575 = VERTEX_POINT('',#576);
#576 = CARTESIAN_POINT('',(34.,48.5,27.8));
#577 = SURFACE_CURVE('',#578,(#583,#594),.PCURVE_S1.);
#578 = CIRCLE('',#579,1.8);
#579 = AXIS2_PLACEMENT_3D('',#580,#581,#582);
#580 = CARTESIAN_POINT('',(32.2,48.5,27.8));
#581 = DIRECTION('',(-0.,1.,0.));
#582 = DIRECTION('',(0.,0.,-1.));
#583 = PCURVE('',#105,#584);
#584 = DEFINITIONAL_REPRESENTATION('',(#585),#593);
#585 = ( BOUNDED_CURVE() B_SPLINE_CURVE(2,(#586,#587,#588,#589,#590,#591
,#592),.UNSPECIFIED.,.T.,.F.) B_SPLINE_CURVE_WITH_KNOTS((1,2,2,2,2,1),(
    -2.094395102393,0.,2.094395102393,4.188790204786,6.28318530718,
8.377580409573),.UNSPECIFIED.) CURVE() GEOMETRIC_REPRESENTATION_ITEM() 
RATIONAL_B_SPLINE_CURVE((1.,0.5,1.,0.5,1.,0.5,1.)) REPRESENTATION_ITEM(
  '') );
#586 = CARTESIAN_POINT('',(-10.5,15.2));
#587 = CARTESIAN_POINT('',(-10.5,12.082308546376));
#588 = CARTESIAN_POINT('',(-13.2,13.641154273188));
#589 = CARTESIAN_POINT('',(-15.9,15.2));
#590 = CARTESIAN_POINT('',(-13.2,16.758845726812));
#591 = CARTESIAN_POINT('',(-10.5,18.317691453624));
#592 = CARTESIAN_POINT('',(-10.5,15.2));
#593 = ( GEOMETRIC_REPRESENTATION_CONTEXT(2) 
PARAMETRIC_REPRESENTATION_CONTEXT() REPRESENTATION_CONTEXT('2D SPACE',''
  ) );
#594 = PCURVE('',#595,#600);
#595 = CYLINDRICAL_SURFACE('',#596,1.8);
#596 = AXIS2_PLACEMENT_3D('',#597,#598,#599);
#597 = CARTESIAN_POINT('',(32.2,48.5,27.8));
#598 = DIRECTION('',(0.,-1.,0.));
#599 = DIRECTION('',(1.,0.,-0.));
#600 = DEFINITIONAL_REPRESENTATION('',(#601),#605);
#601 = LINE('',#602,#603);
#602 = CARTESIAN_POINT('',(4.712388980385,-0.));
#603 = VECTOR('',#604,1.);
#604 = DIRECTION('',(-1.,0.));
#605 = ( GEOMETRIC_REPRESENTATION_CONTEXT(2) 
PARAMETRIC_REPRESENTATION_CONTEXT() REPRESENTATION_CONTEXT('2D SPACE',''
  ) );
#606 = ORIENTED_EDGE('',*,*,#607,.T.);
#607 = EDGE_CURVE('',#575,#608,#610,.T.);
#608 = VERTEX_POINT('',#609);
#609 = CARTESIAN_POINT('',(34.,48.5,29.2));
#610 = SURFACE_CURVE('',#611,(#615,#622),.PCURVE_S1.);
#611 = LINE('',#612,#613);
#612 = CARTESIAN_POINT('',(34.,48.5,0.));
#613 = VECTOR('',#614,1.);
#614 = DIRECTION('',(0.,0.,1.));
#615 = PCURVE('',#105,#616);
#616 = DEFINITIONAL_REPRESENTATION('',(#617),#621);
#617 = LINE('',#618,#619);
#618 = CARTESIAN_POINT('',(15.5,17.));
#619 = VECTOR('',#620,1.);
#620 = DIRECTION('',(-1.,0.));
#621 = ( GEOMETRIC_REPRESENTATION_CONTEXT(2) 
PARAMETRIC_REPRESENTATION_CONTEXT() REPRESENTATION_CONTEXT('2D SPACE',''
  ) );
#622 = PCURVE('',#623,#628);
#623 = PLANE('',#624);
#624 = AXIS2_PLACEMENT_3D('',#625,#626,#627);
#625 = CARTESIAN_POINT('',(34.,48.5,0.));
#626 = DIRECTION('',(-1.,0.,0.));
#627 = DIRECTION('',(0.,0.,1.));
#628 = DEFINITIONAL_REPRESENTATION('',(#629),#633);
#629 = LINE('',#630,#631);
#630 = CARTESIAN_POINT('',(0.,0.));
#631 = VECTOR('',#632,1.);
#632 = DIRECTION('',(1.,0.));
#633 = ( GEOMETRIC_REPRESENTATION_CONTEXT(2) 
PARAMETRIC_REPRESENTATION_CONTEXT() REPRESENTATION_CONTEXT('2D SPACE',''
  ) );
#634 = ORIENTED_EDGE('',*,*,#635,.F.);
#635 = EDGE_CURVE('',#292,#608,#636,.T.);
#636 = SURFACE_CURVE('',#637,(#642,#653),.PCURVE_S1.);
#637 = CIRCLE('',#638,1.8);
#638 = AXIS2_PLACEMENT_3D('',#639,#640,#641);
#639 = CARTESIAN_POINT('',(32.2,48.5,29.2));
#640 = DIRECTION('',(-0.,1.,0.));
#641 = DIRECTION('',(0.,0.,-1.));
#642 = PCURVE('',#105,#643);
#643 = DEFINITIONAL_REPRESENTATION('',(#644),#652);
#644 = ( BOUNDED_CURVE() B_SPLINE_CURVE(2,(#645,#646,#647,#648,#649,#650
,#651),.UNSPECIFIED.,.T.,.F.) B_SPLINE_CURVE_WITH_KNOTS((1,2,2,2,2,1),(
    -2.094395102393,0.,2.094395102393,4.188790204786,6.28318530718,
8.377580409573),.UNSPECIFIED.) CURVE() GEOMETRIC_REPRESENTATION_ITEM() 
RATIONAL_B_SPLINE_CURVE((1.,0.5,1.,0.5,1.,0.5,1.)) REPRESENTATION_ITEM(
  '') );
#645 = CARTESIAN_POINT('',(-11.9,15.2));
#646 = CARTESIAN_POINT('',(-11.9,12.082308546376));
#647 = CARTESIAN_POINT('',(-14.6,13.641154273188));
#648 = CARTESIAN_POINT('',(-17.3,15.2));
#649 = CARTESIAN_POINT('',(-14.6,16.758845726812));
#650 = CARTESIAN_POINT('',(-11.9,18.317691453624));
#651 = CARTESIAN_POINT('',(-11.9,15.2));
#652 = ( GEOMETRIC_REPRESENTATION_CONTEXT(2) 
PARAMETRIC_REPRESENTATION_CONTEXT() REPRESENTATION_CONTEXT('2D SPACE',''
  ) );
#653 = PCURVE('',#654,#659);
#654 = CYLINDRICAL_SURFACE('',#655,1.8);
#655 = AXIS2_PLACEMENT_3D('',#656,#657,#658);
#656 = CARTESIAN_POINT('',(32.2,48.5,29.2));
#657 = DIRECTION('',(0.,-1.,0.));
#658 = DIRECTION('',(-0.,0.,1.));
#659 = DEFINITIONAL_REPRESENTATION('',(#660),#664);
#660 = LINE('',#661,#662);
#661 = CARTESIAN_POINT('',(3.14159265359,-0.));
#662 = VECTOR('',#663,1.);
#663 = DIRECTION('',(-1.,0.));
#664 = ( GEOMETRIC_REPRESENTATION_CONTEXT(2) 
PARAMETRIC_REPRESENTATION_CONTEXT() REPRESENTATION_CONTEXT('2D SPACE',''
  ) );
#665 = ADVANCED_FACE('',(#666),#133,.T.);
#666 = FACE_BOUND('',#667,.F.);
#667 = EDGE_LOOP('',(#668,#669,#692,#718));
#668 = ORIENTED_EDGE('',*,*,#321,.T.);
#669 = ORIENTED_EDGE('',*,*,#670,.T.);
#670 = EDGE_CURVE('',#294,#671,#673,.T.);
#671 = VERTEX_POINT('',#672);
#672 = CARTESIAN_POINT('',(4.5,-48.5,31.));
#673 = SURFACE_CURVE('',#674,(#678,#685),.PCURVE_S1.);
#674 = LINE('',#675,#676);
#675 = CARTESIAN_POINT('',(4.5,48.5,31.));
#676 = VECTOR('',#677,1.);
#677 = DIRECTION('',(0.,-1.,0.));
#678 = PCURVE('',#133,#679);
#679 = DEFINITIONAL_REPRESENTATION('',(#680),#684);
#680 = LINE('',#681,#682);
#681 = CARTESIAN_POINT('',(-1.570796326795,0.));
#682 = VECTOR('',#683,1.);
#683 = DIRECTION('',(-0.,1.));
#684 = ( GEOMETRIC_REPRESENTATION_CONTEXT(2) 
PARAMETRIC_REPRESENTATION_CONTEXT() REPRESENTATION_CONTEXT('2D SPACE',''
  ) );
#685 = PCURVE('',#309,#686);
#686 = DEFINITIONAL_REPRESENTATION('',(#687),#691);
#687 = LINE('',#688,#689);
#688 = CARTESIAN_POINT('',(29.5,0.));
#689 = VECTOR('',#690,1.);
#690 = DIRECTION('',(0.,-1.));
#691 = ( GEOMETRIC_REPRESENTATION_CONTEXT(2) 
PARAMETRIC_REPRESENTATION_CONTEXT() REPRESENTATION_CONTEXT('2D SPACE',''
  ) );
#692 = ORIENTED_EDGE('',*,*,#693,.F.);
#693 = EDGE_CURVE('',#118,#671,#694,.T.);
#694 = SURFACE_CURVE('',#695,(#700,#707),.PCURVE_S1.);
#695 = CIRCLE('',#696,4.5);
#696 = AXIS2_PLACEMENT_3D('',#697,#698,#699);
#697 = CARTESIAN_POINT('',(4.5,-48.5,26.5));
#698 = DIRECTION('',(-0.,1.,0.));
#699 = DIRECTION('',(0.,0.,-1.));
#700 = PCURVE('',#133,#701);
#701 = DEFINITIONAL_REPRESENTATION('',(#702),#706);
#702 = LINE('',#703,#704);
#703 = CARTESIAN_POINT('',(1.570796326795,97.));
#704 = VECTOR('',#705,1.);
#705 = DIRECTION('',(-1.,0.));
#706 = ( GEOMETRIC_REPRESENTATION_CONTEXT(2) 
PARAMETRIC_REPRESENTATION_CONTEXT() REPRESENTATION_CONTEXT('2D SPACE',''
  ) );
#707 = PCURVE('',#161,#708);
#708 = DEFINITIONAL_REPRESENTATION('',(#709),#717);
#709 = ( BOUNDED_CURVE() B_SPLINE_CURVE(2,(#710,#711,#712,#713,#714,#715
,#716),.UNSPECIFIED.,.T.,.F.) B_SPLINE_CURVE_WITH_KNOTS((1,2,2,2,2,1),(
    -2.094395102393,0.,2.094395102393,4.188790204786,6.28318530718,
8.377580409573),.UNSPECIFIED.) CURVE() GEOMETRIC_REPRESENTATION_ITEM() 
RATIONAL_B_SPLINE_CURVE((1.,0.5,1.,0.5,1.,0.5,1.)) REPRESENTATION_ITEM(
  '') );
#710 = CARTESIAN_POINT('',(-6.5,-12.5));
#711 = CARTESIAN_POINT('',(-6.5,-20.29422863406));
#712 = CARTESIAN_POINT('',(-13.25,-16.39711431703));
#713 = CARTESIAN_POINT('',(-20.,-12.5));
#714 = CARTESIAN_POINT('',(-13.25,-8.60288568297));
#715 = CARTESIAN_POINT('',(-6.5,-4.70577136594));
#716 = CARTESIAN_POINT('',(-6.5,-12.5));
#717 = ( GEOMETRIC_REPRESENTATION_CONTEXT(2) 
PARAMETRIC_REPRESENTATION_CONTEXT() REPRESENTATION_CONTEXT('2D SPACE',''
  ) );
#718 = ORIENTED_EDGE('',*,*,#117,.F.);
#719 = ADVANCED_FACE('',(#720),#187,.T.);
#720 = FACE_BOUND('',#721,.F.);
#721 = EDGE_LOOP('',(#722,#723,#724,#752));
#722 = ORIENTED_EDGE('',*,*,#348,.T.);
#723 = ORIENTED_EDGE('',*,*,#173,.T.);
#724 = ORIENTED_EDGE('',*,*,#725,.F.);
#725 = EDGE_CURVE('',#726,#146,#728,.T.);
#726 = VERTEX_POINT('',#727);
#727 = CARTESIAN_POINT('',(4.5,-48.5,-8.881784197001E-16));
#728 = SURFACE_CURVE('',#729,(#734,#741),.PCURVE_S1.);
#729 = CIRCLE('',#730,4.5);
#730 = AXIS2_PLACEMENT_3D('',#731,#732,#733);
#731 = CARTESIAN_POINT('',(4.5,-48.5,4.5));
#732 = DIRECTION('',(-0.,1.,0.));
#733 = DIRECTION('',(0.,0.,-1.));
#734 = PCURVE('',#187,#735);
#735 = DEFINITIONAL_REPRESENTATION('',(#736),#740);
#736 = LINE('',#737,#738);
#737 = CARTESIAN_POINT('',(-0.,97.));
#738 = VECTOR('',#739,1.);
#739 = DIRECTION('',(-1.,0.));
#740 = ( GEOMETRIC_REPRESENTATION_CONTEXT(2) 
PARAMETRIC_REPRESENTATION_CONTEXT() REPRESENTATION_CONTEXT('2D SPACE',''
  ) );
#741 = PCURVE('',#161,#742);
#742 = DEFINITIONAL_REPRESENTATION('',(#743),#751);
#743 = ( BOUNDED_CURVE() B_SPLINE_CURVE(2,(#744,#745,#746,#747,#748,#749
,#750),.UNSPECIFIED.,.T.,.F.) B_SPLINE_CURVE_WITH_KNOTS((1,2,2,2,2,1),(
    -2.094395102393,0.,2.094395102393,4.188790204786,6.28318530718,
8.377580409573),.UNSPECIFIED.) CURVE() GEOMETRIC_REPRESENTATION_ITEM() 
RATIONAL_B_SPLINE_CURVE((1.,0.5,1.,0.5,1.,0.5,1.)) REPRESENTATION_ITEM(
  '') );
#744 = CARTESIAN_POINT('',(15.5,-12.5));
#745 = CARTESIAN_POINT('',(15.5,-20.29422863406));
#746 = CARTESIAN_POINT('',(8.75,-16.39711431703));
#747 = CARTESIAN_POINT('',(2.,-12.5));
#748 = CARTESIAN_POINT('',(8.75,-8.60288568297));
#749 = CARTESIAN_POINT('',(15.5,-4.70577136594));
#750 = CARTESIAN_POINT('',(15.5,-12.5));
#751 = ( GEOMETRIC_REPRESENTATION_CONTEXT(2) 
PARAMETRIC_REPRESENTATION_CONTEXT() REPRESENTATION_CONTEXT('2D SPACE',''
  ) );
#752 = ORIENTED_EDGE('',*,*,#753,.F.);
#753 = EDGE_CURVE('',#349,#726,#754,.T.);
#754 = SURFACE_CURVE('',#755,(#759,#766),.PCURVE_S1.);
#755 = LINE('',#756,#757);
#756 = CARTESIAN_POINT('',(4.5,48.5,-8.881784197001E-16));
#757 = VECTOR('',#758,1.);
#758 = DIRECTION('',(0.,-1.,0.));
#759 = PCURVE('',#187,#760);
#760 = DEFINITIONAL_REPRESENTATION('',(#761),#765);
#761 = LINE('',#762,#763);
#762 = CARTESIAN_POINT('',(-0.,0.));
#763 = VECTOR('',#764,1.);
#764 = DIRECTION('',(-0.,1.));
#765 = ( GEOMETRIC_REPRESENTATION_CONTEXT(2) 
PARAMETRIC_REPRESENTATION_CONTEXT() REPRESENTATION_CONTEXT('2D SPACE',''
  ) );
#766 = PCURVE('',#392,#767);
#767 = DEFINITIONAL_REPRESENTATION('',(#768),#772);
#768 = LINE('',#769,#770);
#769 = CARTESIAN_POINT('',(4.5,0.));
#770 = VECTOR('',#771,1.);
#771 = DIRECTION('',(0.,-1.));
#772 = ( GEOMETRIC_REPRESENTATION_CONTEXT(2) 
PARAMETRIC_REPRESENTATION_CONTEXT() REPRESENTATION_CONTEXT('2D SPACE',''
  ) );
#773 = ADVANCED_FACE('',(#774),#161,.T.);
#774 = FACE_BOUND('',#775,.T.);
#775 = EDGE_LOOP('',(#776,#799,#800,#801,#802,#825,#849,#872,#896,#919,
    #942,#965,#993,#1016));
#776 = ORIENTED_EDGE('',*,*,#777,.T.);
#777 = EDGE_CURVE('',#778,#671,#780,.T.);
#778 = VERTEX_POINT('',#779);
#779 = CARTESIAN_POINT('',(32.2,-48.5,31.));
#780 = SURFACE_CURVE('',#781,(#785,#792),.PCURVE_S1.);
#781 = LINE('',#782,#783);
#782 = CARTESIAN_POINT('',(34.,-48.5,31.));
#783 = VECTOR('',#784,1.);
#784 = DIRECTION('',(-1.,0.,0.));
#785 = PCURVE('',#161,#786);
#786 = DEFINITIONAL_REPRESENTATION('',(#787),#791);
#787 = LINE('',#788,#789);
#788 = CARTESIAN_POINT('',(-15.5,17.));
#789 = VECTOR('',#790,1.);
#790 = DIRECTION('',(0.,-1.));
#791 = ( GEOMETRIC_REPRESENTATION_CONTEXT(2) 
PARAMETRIC_REPRESENTATION_CONTEXT() REPRESENTATION_CONTEXT('2D SPACE',''
  ) );
#792 = PCURVE('',#309,#793);
#793 = DEFINITIONAL_REPRESENTATION('',(#794),#798);
#794 = LINE('',#795,#796);
#795 = CARTESIAN_POINT('',(0.,-97.));
#796 = VECTOR('',#797,1.);
#797 = DIRECTION('',(1.,0.));
#798 = ( GEOMETRIC_REPRESENTATION_CONTEXT(2) 
PARAMETRIC_REPRESENTATION_CONTEXT() REPRESENTATION_CONTEXT('2D SPACE',''
  ) );
#799 = ORIENTED_EDGE('',*,*,#693,.F.);
#800 = ORIENTED_EDGE('',*,*,#145,.T.);
#801 = ORIENTED_EDGE('',*,*,#725,.F.);
#802 = ORIENTED_EDGE('',*,*,#803,.T.);
#803 = EDGE_CURVE('',#726,#804,#806,.T.);
#804 = VERTEX_POINT('',#805);
#805 = CARTESIAN_POINT('',(32.2,-48.5,-4.440892098501E-16));
#806 = SURFACE_CURVE('',#807,(#811,#818),.PCURVE_S1.);
#807 = LINE('',#808,#809);
#808 = CARTESIAN_POINT('',(0.,-48.5,0.));
#809 = VECTOR('',#810,1.);
#810 = DIRECTION('',(1.,0.,0.));
#811 = PCURVE('',#161,#812);
#812 = DEFINITIONAL_REPRESENTATION('',(#813),#817);
#813 = LINE('',#814,#815);
#814 = CARTESIAN_POINT('',(15.5,-17.));
#815 = VECTOR('',#816,1.);
#816 = DIRECTION('',(0.,1.));
#817 = ( GEOMETRIC_REPRESENTATION_CONTEXT(2) 
PARAMETRIC_REPRESENTATION_CONTEXT() REPRESENTATION_CONTEXT('2D SPACE',''
  ) );
#818 = PCURVE('',#392,#819);
#819 = DEFINITIONAL_REPRESENTATION('',(#820),#824);
#820 = LINE('',#821,#822);
#821 = CARTESIAN_POINT('',(0.,-97.));
#822 = VECTOR('',#823,1.);
#823 = DIRECTION('',(1.,0.));
#824 = ( GEOMETRIC_REPRESENTATION_CONTEXT(2) 
PARAMETRIC_REPRESENTATION_CONTEXT() REPRESENTATION_CONTEXT('2D SPACE',''
  ) );
#825 = ORIENTED_EDGE('',*,*,#826,.T.);
#826 = EDGE_CURVE('',#804,#827,#829,.T.);
#827 = VERTEX_POINT('',#828);
#828 = CARTESIAN_POINT('',(34.,-48.5,1.8));
#829 = SURFACE_CURVE('',#830,(#835,#842),.PCURVE_S1.);
#830 = CIRCLE('',#831,1.8);
#831 = AXIS2_PLACEMENT_3D('',#832,#833,#834);
#832 = CARTESIAN_POINT('',(32.2,-48.5,1.8));
#833 = DIRECTION('',(0.,-1.,0.));
#834 = DIRECTION('',(0.,-0.,-1.));
#835 = PCURVE('',#161,#836);
#836 = DEFINITIONAL_REPRESENTATION('',(#837),#841);
#837 = CIRCLE('',#838,1.8);
#838 = AXIS2_PLACEMENT_2D('',#839,#840);
#839 = CARTESIAN_POINT('',(13.7,15.2));
#840 = DIRECTION('',(1.,0.));
#841 = ( GEOMETRIC_REPRESENTATION_CONTEXT(2) 
PARAMETRIC_REPRESENTATION_CONTEXT() REPRESENTATION_CONTEXT('2D SPACE',''
  ) );
#842 = PCURVE('',#421,#843);
#843 = DEFINITIONAL_REPRESENTATION('',(#844),#848);
#844 = LINE('',#845,#846);
#845 = CARTESIAN_POINT('',(0.,97.));
#846 = VECTOR('',#847,1.);
#847 = DIRECTION('',(1.,0.));
#848 = ( GEOMETRIC_REPRESENTATION_CONTEXT(2) 
PARAMETRIC_REPRESENTATION_CONTEXT() REPRESENTATION_CONTEXT('2D SPACE',''
  ) );
#849 = ORIENTED_EDGE('',*,*,#850,.T.);
#850 = EDGE_CURVE('',#827,#851,#853,.T.);
#851 = VERTEX_POINT('',#852);
#852 = CARTESIAN_POINT('',(34.,-48.5,3.2));
#853 = SURFACE_CURVE('',#854,(#858,#865),.PCURVE_S1.);
#854 = LINE('',#855,#856);
#855 = CARTESIAN_POINT('',(34.,-48.5,0.));
#856 = VECTOR('',#857,1.);
#857 = DIRECTION('',(0.,0.,1.));
#858 = PCURVE('',#161,#859);
#859 = DEFINITIONAL_REPRESENTATION('',(#860),#864);
#860 = LINE('',#861,#862);
#861 = CARTESIAN_POINT('',(15.5,17.));
#862 = VECTOR('',#863,1.);
#863 = DIRECTION('',(-1.,0.));
#864 = ( GEOMETRIC_REPRESENTATION_CONTEXT(2) 
PARAMETRIC_REPRESENTATION_CONTEXT() REPRESENTATION_CONTEXT('2D SPACE',''
  ) );
#865 = PCURVE('',#449,#866);
#866 = DEFINITIONAL_REPRESENTATION('',(#867),#871);
#867 = LINE('',#868,#869);
#868 = CARTESIAN_POINT('',(0.,-97.));
#869 = VECTOR('',#870,1.);
#870 = DIRECTION('',(1.,0.));
#871 = ( GEOMETRIC_REPRESENTATION_CONTEXT(2) 
PARAMETRIC_REPRESENTATION_CONTEXT() REPRESENTATION_CONTEXT('2D SPACE',''
  ) );
#872 = ORIENTED_EDGE('',*,*,#873,.T.);
#873 = EDGE_CURVE('',#851,#874,#876,.T.);
#874 = VERTEX_POINT('',#875);
#875 = CARTESIAN_POINT('',(32.2,-48.5,5.));
#876 = SURFACE_CURVE('',#877,(#882,#889),.PCURVE_S1.);
#877 = CIRCLE('',#878,1.8);
#878 = AXIS2_PLACEMENT_3D('',#879,#880,#881);
#879 = CARTESIAN_POINT('',(32.2,-48.5,3.2));
#880 = DIRECTION('',(-0.,-1.,0.));
#881 = DIRECTION('',(0.,-0.,1.));
#882 = PCURVE('',#161,#883);
#883 = DEFINITIONAL_REPRESENTATION('',(#884),#888);
#884 = CIRCLE('',#885,1.8);
#885 = AXIS2_PLACEMENT_2D('',#886,#887);
#886 = CARTESIAN_POINT('',(12.3,15.2));
#887 = DIRECTION('',(-1.,0.));
#888 = ( GEOMETRIC_REPRESENTATION_CONTEXT(2) 
PARAMETRIC_REPRESENTATION_CONTEXT() REPRESENTATION_CONTEXT('2D SPACE',''
  ) );
#889 = PCURVE('',#478,#890);
#890 = DEFINITIONAL_REPRESENTATION('',(#891),#895);
#891 = LINE('',#892,#893);
#892 = CARTESIAN_POINT('',(4.712388980385,-0.));
#893 = VECTOR('',#894,1.);
#894 = DIRECTION('',(-1.,0.));
#895 = ( GEOMETRIC_REPRESENTATION_CONTEXT(2) 
PARAMETRIC_REPRESENTATION_CONTEXT() REPRESENTATION_CONTEXT('2D SPACE',''
  ) );
#896 = ORIENTED_EDGE('',*,*,#897,.F.);
#897 = EDGE_CURVE('',#898,#874,#900,.T.);
#898 = VERTEX_POINT('',#899);
#899 = CARTESIAN_POINT('',(5.,-48.5,5.));
#900 = SURFACE_CURVE('',#901,(#905,#912),.PCURVE_S1.);
#901 = LINE('',#902,#903);
#902 = CARTESIAN_POINT('',(5.,-48.5,5.));
#903 = VECTOR('',#904,1.);
#904 = DIRECTION('',(1.,0.,0.));
#905 = PCURVE('',#161,#906);
#906 = DEFINITIONAL_REPRESENTATION('',(#907),#911);
#907 = LINE('',#908,#909);
#908 = CARTESIAN_POINT('',(10.5,-12.));
#909 = VECTOR('',#910,1.);
#910 = DIRECTION('',(0.,1.));
#911 = ( GEOMETRIC_REPRESENTATION_CONTEXT(2) 
PARAMETRIC_REPRESENTATION_CONTEXT() REPRESENTATION_CONTEXT('2D SPACE',''
  ) );
#912 = PCURVE('',#506,#913);
#913 = DEFINITIONAL_REPRESENTATION('',(#914),#918);
#914 = LINE('',#915,#916);
#915 = CARTESIAN_POINT('',(0.,-97.));
#916 = VECTOR('',#917,1.);
#917 = DIRECTION('',(1.,0.));
#918 = ( GEOMETRIC_REPRESENTATION_CONTEXT(2) 
PARAMETRIC_REPRESENTATION_CONTEXT() REPRESENTATION_CONTEXT('2D SPACE',''
  ) );
#919 = ORIENTED_EDGE('',*,*,#920,.F.);
#920 = EDGE_CURVE('',#921,#898,#923,.T.);
#921 = VERTEX_POINT('',#922);
#922 = CARTESIAN_POINT('',(5.,-48.5,26.));
#923 = SURFACE_CURVE('',#924,(#928,#935),.PCURVE_S1.);
#924 = LINE('',#925,#926);
#925 = CARTESIAN_POINT('',(5.,-48.5,26.));
#926 = VECTOR('',#927,1.);
#927 = DIRECTION('',(0.,0.,-1.));
#928 = PCURVE('',#161,#929);
#929 = DEFINITIONAL_REPRESENTATION('',(#930),#934);
#930 = LINE('',#931,#932);
#931 = CARTESIAN_POINT('',(-10.5,-12.));
#932 = VECTOR('',#933,1.);
#933 = DIRECTION('',(1.,0.));
#934 = ( GEOMETRIC_REPRESENTATION_CONTEXT(2) 
PARAMETRIC_REPRESENTATION_CONTEXT() REPRESENTATION_CONTEXT('2D SPACE',''
  ) );
#935 = PCURVE('',#534,#936);
#936 = DEFINITIONAL_REPRESENTATION('',(#937),#941);
#937 = LINE('',#938,#939);
#938 = CARTESIAN_POINT('',(0.,-97.));
#939 = VECTOR('',#940,1.);
#940 = DIRECTION('',(1.,0.));
#941 = ( GEOMETRIC_REPRESENTATION_CONTEXT(2) 
PARAMETRIC_REPRESENTATION_CONTEXT() REPRESENTATION_CONTEXT('2D SPACE',''
  ) );
#942 = ORIENTED_EDGE('',*,*,#943,.F.);
#943 = EDGE_CURVE('',#944,#921,#946,.T.);
#944 = VERTEX_POINT('',#945);
#945 = CARTESIAN_POINT('',(32.2,-48.5,26.));
#946 = SURFACE_CURVE('',#947,(#951,#958),.PCURVE_S1.);
#947 = LINE('',#948,#949);
#948 = CARTESIAN_POINT('',(39.,-48.5,26.));
#949 = VECTOR('',#950,1.);
#950 = DIRECTION('',(-1.,0.,0.));
#951 = PCURVE('',#161,#952);
#952 = DEFINITIONAL_REPRESENTATION('',(#953),#957);
#953 = LINE('',#954,#955);
#954 = CARTESIAN_POINT('',(-10.5,22.));
#955 = VECTOR('',#956,1.);
#956 = DIRECTION('',(0.,-1.));
#957 = ( GEOMETRIC_REPRESENTATION_CONTEXT(2) 
PARAMETRIC_REPRESENTATION_CONTEXT() REPRESENTATION_CONTEXT('2D SPACE',''
  ) );
#958 = PCURVE('',#562,#959);
#959 = DEFINITIONAL_REPRESENTATION('',(#960),#964);
#960 = LINE('',#961,#962);
#961 = CARTESIAN_POINT('',(0.,-97.));
#962 = VECTOR('',#963,1.);
#963 = DIRECTION('',(1.,0.));
#964 = ( GEOMETRIC_REPRESENTATION_CONTEXT(2) 
PARAMETRIC_REPRESENTATION_CONTEXT() REPRESENTATION_CONTEXT('2D SPACE',''
  ) );
#965 = ORIENTED_EDGE('',*,*,#966,.F.);
#966 = EDGE_CURVE('',#967,#944,#969,.T.);
#967 = VERTEX_POINT('',#968);
#968 = CARTESIAN_POINT('',(34.,-48.5,27.8));
#969 = SURFACE_CURVE('',#970,(#975,#986),.PCURVE_S1.);
#970 = CIRCLE('',#971,1.8);
#971 = AXIS2_PLACEMENT_3D('',#972,#973,#974);
#972 = CARTESIAN_POINT('',(32.2,-48.5,27.8));
#973 = DIRECTION('',(-0.,1.,0.));
#974 = DIRECTION('',(0.,0.,-1.));
#975 = PCURVE('',#161,#976);
#976 = DEFINITIONAL_REPRESENTATION('',(#977),#985);
#977 = ( BOUNDED_CURVE() B_SPLINE_CURVE(2,(#978,#979,#980,#981,#982,#983
,#984),.UNSPECIFIED.,.T.,.F.) B_SPLINE_CURVE_WITH_KNOTS((1,2,2,2,2,1),(
    -2.094395102393,0.,2.094395102393,4.188790204786,6.28318530718,
8.377580409573),.UNSPECIFIED.) CURVE() GEOMETRIC_REPRESENTATION_ITEM() 
RATIONAL_B_SPLINE_CURVE((1.,0.5,1.,0.5,1.,0.5,1.)) REPRESENTATION_ITEM(
  '') );
#978 = CARTESIAN_POINT('',(-10.5,15.2));
#979 = CARTESIAN_POINT('',(-10.5,12.082308546376));
#980 = CARTESIAN_POINT('',(-13.2,13.641154273188));
#981 = CARTESIAN_POINT('',(-15.9,15.2));
#982 = CARTESIAN_POINT('',(-13.2,16.758845726812));
#983 = CARTESIAN_POINT('',(-10.5,18.317691453624));
#984 = CARTESIAN_POINT('',(-10.5,15.2));
#985 = ( GEOMETRIC_REPRESENTATION_CONTEXT(2) 
PARAMETRIC_REPRESENTATION_CONTEXT() REPRESENTATION_CONTEXT('2D SPACE',''
  ) );
#986 = PCURVE('',#595,#987);
#987 = DEFINITIONAL_REPRESENTATION('',(#988),#992);
#988 = LINE('',#989,#990);
#989 = CARTESIAN_POINT('',(4.712388980385,97.));
#990 = VECTOR('',#991,1.);
#991 = DIRECTION('',(-1.,0.));
#992 = ( GEOMETRIC_REPRESENTATION_CONTEXT(2) 
PARAMETRIC_REPRESENTATION_CONTEXT() REPRESENTATION_CONTEXT('2D SPACE',''
  ) );
#993 = ORIENTED_EDGE('',*,*,#994,.T.);
#994 = EDGE_CURVE('',#967,#995,#997,.T.);
#995 = VERTEX_POINT('',#996);
#996 = CARTESIAN_POINT('',(34.,-48.5,29.2));
#997 = SURFACE_CURVE('',#998,(#1002,#1009),.PCURVE_S1.);
#998 = LINE('',#999,#1000);
#999 = CARTESIAN_POINT('',(34.,-48.5,0.));
#1000 = VECTOR('',#1001,1.);
#1001 = DIRECTION('',(0.,0.,1.));
#1002 = PCURVE('',#161,#1003);
#1003 = DEFINITIONAL_REPRESENTATION('',(#1004),#1008);
#1004 = LINE('',#1005,#1006);
#1005 = CARTESIAN_POINT('',(15.5,17.));
#1006 = VECTOR('',#1007,1.);
#1007 = DIRECTION('',(-1.,0.));
#1008 = ( GEOMETRIC_REPRESENTATION_CONTEXT(2) 
PARAMETRIC_REPRESENTATION_CONTEXT() REPRESENTATION_CONTEXT('2D SPACE',''
  ) );
#1009 = PCURVE('',#623,#1010);
#1010 = DEFINITIONAL_REPRESENTATION('',(#1011),#1015);
#1011 = LINE('',#1012,#1013);
#1012 = CARTESIAN_POINT('',(0.,-97.));
#1013 = VECTOR('',#1014,1.);
#1014 = DIRECTION('',(1.,0.));
#1015 = ( GEOMETRIC_REPRESENTATION_CONTEXT(2) 
PARAMETRIC_REPRESENTATION_CONTEXT() REPRESENTATION_CONTEXT('2D SPACE',''
  ) );
#1016 = ORIENTED_EDGE('',*,*,#1017,.F.);
#1017 = EDGE_CURVE('',#778,#995,#1018,.T.);
#1018 = SURFACE_CURVE('',#1019,(#1024,#1035),.PCURVE_S1.);
#1019 = CIRCLE('',#1020,1.8);
#1020 = AXIS2_PLACEMENT_3D('',#1021,#1022,#1023);
#1021 = CARTESIAN_POINT('',(32.2,-48.5,29.2));
#1022 = DIRECTION('',(-0.,1.,0.));
#1023 = DIRECTION('',(0.,0.,-1.));
#1024 = PCURVE('',#161,#1025);
#1025 = DEFINITIONAL_REPRESENTATION('',(#1026),#1034);
#1026 = ( BOUNDED_CURVE() B_SPLINE_CURVE(2,(#1027,#1028,#1029,#1030,
#1031,#1032,#1033),.UNSPECIFIED.,.T.,.F.) B_SPLINE_CURVE_WITH_KNOTS((1,2
    ,2,2,2,1),(-2.094395102393,0.,2.094395102393,4.188790204786,
6.28318530718,8.377580409573),.UNSPECIFIED.) CURVE() 
GEOMETRIC_REPRESENTATION_ITEM() RATIONAL_B_SPLINE_CURVE((1.,0.5,1.,0.5,
1.,0.5,1.)) REPRESENTATION_ITEM('') );
#1027 = CARTESIAN_POINT('',(-11.9,15.2));
#1028 = CARTESIAN_POINT('',(-11.9,12.082308546376));
#1029 = CARTESIAN_POINT('',(-14.6,13.641154273188));
#1030 = CARTESIAN_POINT('',(-17.3,15.2));
#1031 = CARTESIAN_POINT('',(-14.6,16.758845726812));
#1032 = CARTESIAN_POINT('',(-11.9,18.317691453624));
#1033 = CARTESIAN_POINT('',(-11.9,15.2));
#1034 = ( GEOMETRIC_REPRESENTATION_CONTEXT(2) 
PARAMETRIC_REPRESENTATION_CONTEXT() REPRESENTATION_CONTEXT('2D SPACE',''
  ) );
#1035 = PCURVE('',#654,#1036);
#1036 = DEFINITIONAL_REPRESENTATION('',(#1037),#1041);
#1037 = LINE('',#1038,#1039);
#1038 = CARTESIAN_POINT('',(3.14159265359,97.));
#1039 = VECTOR('',#1040,1.);
#1040 = DIRECTION('',(-1.,0.));
#1041 = ( GEOMETRIC_REPRESENTATION_CONTEXT(2) 
PARAMETRIC_REPRESENTATION_CONTEXT() REPRESENTATION_CONTEXT('2D SPACE',''
  ) );
#1042 = ADVANCED_FACE('',(#1043),#222,.F.);
#1043 = FACE_BOUND('',#1044,.T.);
#1044 = EDGE_LOOP('',(#1045,#1067,#1068,#1069));
#1045 = ORIENTED_EDGE('',*,*,#1046,.F.);
#1046 = EDGE_CURVE('',#202,#1047,#1049,.T.);
#1047 = VERTEX_POINT('',#1048);
#1048 = CARTESIAN_POINT('',(-1.5,-30.,10.75));
#1049 = SEAM_CURVE('',#1050,(#1055,#1061),.PCURVE_S1.);
#1050 = CIRCLE('',#1051,1.5);
#1051 = AXIS2_PLACEMENT_3D('',#1052,#1053,#1054);
#1052 = CARTESIAN_POINT('',(-1.5,-30.,9.25));
#1053 = DIRECTION('',(0.,-1.,0.));
#1054 = DIRECTION('',(0.,0.,-1.));
#1055 = PCURVE('',#222,#1056);
#1056 = DEFINITIONAL_REPRESENTATION('',(#1057),#1060);
#1057 = B_SPLINE_CURVE_WITH_KNOTS('',1,(#1058,#1059),.UNSPECIFIED.,.F.,
  .F.,(2,2),(1.570796326795,3.14159265359),.PIECEWISE_BEZIER_KNOTS.);
#1058 = CARTESIAN_POINT('',(0.,1.570796326795));
#1059 = CARTESIAN_POINT('',(0.,3.14159265359));
#1060 = ( GEOMETRIC_REPRESENTATION_CONTEXT(2) 
PARAMETRIC_REPRESENTATION_CONTEXT() REPRESENTATION_CONTEXT('2D SPACE',''
  ) );
#1061 = PCURVE('',#222,#1062);
#1062 = DEFINITIONAL_REPRESENTATION('',(#1063),#1066);
#1063 = B_SPLINE_CURVE_WITH_KNOTS('',1,(#1064,#1065),.UNSPECIFIED.,.F.,
  .F.,(2,2),(1.570796326795,3.14159265359),.PIECEWISE_BEZIER_KNOTS.);
#1064 = CARTESIAN_POINT('',(-6.28318530718,1.570796326795));
#1065 = CARTESIAN_POINT('',(-6.28318530718,3.14159265359));
#1066 = ( GEOMETRIC_REPRESENTATION_CONTEXT(2) 
PARAMETRIC_REPRESENTATION_CONTEXT() REPRESENTATION_CONTEXT('2D SPACE',''
  ) );
#1067 = ORIENTED_EDGE('',*,*,#201,.F.);
#1068 = ORIENTED_EDGE('',*,*,#1046,.T.);
#1069 = ORIENTED_EDGE('',*,*,#1070,.T.);
#1070 = EDGE_CURVE('',#1047,#1047,#1071,.T.);
#1071 = SURFACE_CURVE('',#1072,(#1077,#1084),.PCURVE_S1.);
#1072 = CIRCLE('',#1073,4.75);
#1073 = AXIS2_PLACEMENT_3D('',#1074,#1075,#1076);
#1074 = CARTESIAN_POINT('',(-1.5,-30.,15.5));
#1075 = DIRECTION('',(-1.,-0.,-0.));
#1076 = DIRECTION('',(0.,0.,-1.));
#1077 = PCURVE('',#222,#1078);
#1078 = DEFINITIONAL_REPRESENTATION('',(#1079),#1083);
#1079 = LINE('',#1080,#1081);
#1080 = CARTESIAN_POINT('',(-0.,3.14159265359));
#1081 = VECTOR('',#1082,1.);
#1082 = DIRECTION('',(-1.,0.));
#1083 = ( GEOMETRIC_REPRESENTATION_CONTEXT(2) 
PARAMETRIC_REPRESENTATION_CONTEXT() REPRESENTATION_CONTEXT('2D SPACE',''
  ) );
#1084 = PCURVE('',#1085,#1090);
#1085 = CYLINDRICAL_SURFACE('',#1086,4.75);
#1086 = AXIS2_PLACEMENT_3D('',#1087,#1088,#1089);
#1087 = CARTESIAN_POINT('',(0.,-30.,15.5));
#1088 = DIRECTION('',(-1.,0.,0.));
#1089 = DIRECTION('',(0.,0.,-1.));
#1090 = DEFINITIONAL_REPRESENTATION('',(#1091),#1095);
#1091 = LINE('',#1092,#1093);
#1092 = CARTESIAN_POINT('',(0.,1.5));
#1093 = VECTOR('',#1094,1.);
#1094 = DIRECTION('',(1.,0.));
#1095 = ( GEOMETRIC_REPRESENTATION_CONTEXT(2) 
PARAMETRIC_REPRESENTATION_CONTEXT() REPRESENTATION_CONTEXT('2D SPACE',''
  ) );
#1096 = ADVANCED_FACE('',(#1097),#276,.T.);
#1097 = FACE_BOUND('',#1098,.T.);
#1098 = EDGE_LOOP('',(#1099,#1122,#1149,#1150));
#1099 = ORIENTED_EDGE('',*,*,#1100,.T.);
#1100 = EDGE_CURVE('',#238,#1101,#1103,.T.);
#1101 = VERTEX_POINT('',#1102);
#1102 = CARTESIAN_POINT('',(-9.,30.,10.75));
#1103 = SEAM_CURVE('',#1104,(#1108,#1115),.PCURVE_S1.);
#1104 = LINE('',#1105,#1106);
#1105 = CARTESIAN_POINT('',(0.,30.,10.75));
#1106 = VECTOR('',#1107,1.);
#1107 = DIRECTION('',(-1.,0.,0.));
#1108 = PCURVE('',#276,#1109);
#1109 = DEFINITIONAL_REPRESENTATION('',(#1110),#1114);
#1110 = LINE('',#1111,#1112);
#1111 = CARTESIAN_POINT('',(6.28318530718,-0.));
#1112 = VECTOR('',#1113,1.);
#1113 = DIRECTION('',(0.,1.));
#1114 = ( GEOMETRIC_REPRESENTATION_CONTEXT(2) 
PARAMETRIC_REPRESENTATION_CONTEXT() REPRESENTATION_CONTEXT('2D SPACE',''
  ) );
#1115 = PCURVE('',#276,#1116);
#1116 = DEFINITIONAL_REPRESENTATION('',(#1117),#1121);
#1117 = LINE('',#1118,#1119);
#1118 = CARTESIAN_POINT('',(0.,-0.));
#1119 = VECTOR('',#1120,1.);
#1120 = DIRECTION('',(0.,1.));
#1121 = ( GEOMETRIC_REPRESENTATION_CONTEXT(2) 
PARAMETRIC_REPRESENTATION_CONTEXT() REPRESENTATION_CONTEXT('2D SPACE',''
  ) );
#1122 = ORIENTED_EDGE('',*,*,#1123,.F.);
#1123 = EDGE_CURVE('',#1101,#1101,#1124,.T.);
#1124 = SURFACE_CURVE('',#1125,(#1130,#1137),.PCURVE_S1.);
#1125 = CIRCLE('',#1126,4.75);
#1126 = AXIS2_PLACEMENT_3D('',#1127,#1128,#1129);
#1127 = CARTESIAN_POINT('',(-9.,30.,15.5));
#1128 = DIRECTION('',(-1.,0.,0.));
#1129 = DIRECTION('',(0.,0.,-1.));
#1130 = PCURVE('',#276,#1131);
#1131 = DEFINITIONAL_REPRESENTATION('',(#1132),#1136);
#1132 = LINE('',#1133,#1134);
#1133 = CARTESIAN_POINT('',(0.,9.));
#1134 = VECTOR('',#1135,1.);
#1135 = DIRECTION('',(1.,0.));
#1136 = ( GEOMETRIC_REPRESENTATION_CONTEXT(2) 
PARAMETRIC_REPRESENTATION_CONTEXT() REPRESENTATION_CONTEXT('2D SPACE',''
  ) );
#1137 = PCURVE('',#1138,#1143);
#1138 = PLANE('',#1139);
#1139 = AXIS2_PLACEMENT_3D('',#1140,#1141,#1142);
#1140 = CARTESIAN_POINT('',(-9.,30.,15.5));
#1141 = DIRECTION('',(-1.,0.,0.));
#1142 = DIRECTION('',(0.,0.,-1.));
#1143 = DEFINITIONAL_REPRESENTATION('',(#1144),#1148);
#1144 = CIRCLE('',#1145,4.75);
#1145 = AXIS2_PLACEMENT_2D('',#1146,#1147);
#1146 = CARTESIAN_POINT('',(0.,0.));
#1147 = DIRECTION('',(1.,0.));
#1148 = ( GEOMETRIC_REPRESENTATION_CONTEXT(2) 
PARAMETRIC_REPRESENTATION_CONTEXT() REPRESENTATION_CONTEXT('2D SPACE',''
  ) );
#1149 = ORIENTED_EDGE('',*,*,#1100,.F.);
#1150 = ORIENTED_EDGE('',*,*,#261,.T.);
#1151 = ADVANCED_FACE('',(#1152),#309,.F.);
#1152 = FACE_BOUND('',#1153,.F.);
#1153 = EDGE_LOOP('',(#1154,#1155,#1176,#1177));
#1154 = ORIENTED_EDGE('',*,*,#291,.F.);
#1155 = ORIENTED_EDGE('',*,*,#1156,.T.);
#1156 = EDGE_CURVE('',#292,#778,#1157,.T.);
#1157 = SURFACE_CURVE('',#1158,(#1162,#1169),.PCURVE_S1.);
#1158 = LINE('',#1159,#1160);
#1159 = CARTESIAN_POINT('',(32.2,48.5,31.));
#1160 = VECTOR('',#1161,1.);
#1161 = DIRECTION('',(0.,-1.,0.));
#1162 = PCURVE('',#309,#1163);
#1163 = DEFINITIONAL_REPRESENTATION('',(#1164),#1168);
#1164 = LINE('',#1165,#1166);
#1165 = CARTESIAN_POINT('',(1.8,0.));
#1166 = VECTOR('',#1167,1.);
#1167 = DIRECTION('',(0.,-1.));
#1168 = ( GEOMETRIC_REPRESENTATION_CONTEXT(2) 
PARAMETRIC_REPRESENTATION_CONTEXT() REPRESENTATION_CONTEXT('2D SPACE',''
  ) );
#1169 = PCURVE('',#654,#1170);
#1170 = DEFINITIONAL_REPRESENTATION('',(#1171),#1175);
#1171 = LINE('',#1172,#1173);
#1172 = CARTESIAN_POINT('',(-0.,0.));
#1173 = VECTOR('',#1174,1.);
#1174 = DIRECTION('',(-0.,1.));
#1175 = ( GEOMETRIC_REPRESENTATION_CONTEXT(2) 
PARAMETRIC_REPRESENTATION_CONTEXT() REPRESENTATION_CONTEXT('2D SPACE',''
  ) );
#1176 = ORIENTED_EDGE('',*,*,#777,.T.);
#1177 = ORIENTED_EDGE('',*,*,#670,.F.);
#1178 = ADVANCED_FACE('',(#1179),#654,.T.);
#1179 = FACE_BOUND('',#1180,.F.);
#1180 = EDGE_LOOP('',(#1181,#1182,#1203,#1204));
#1181 = ORIENTED_EDGE('',*,*,#635,.T.);
#1182 = ORIENTED_EDGE('',*,*,#1183,.T.);
#1183 = EDGE_CURVE('',#608,#995,#1184,.T.);
#1184 = SURFACE_CURVE('',#1185,(#1189,#1196),.PCURVE_S1.);
#1185 = LINE('',#1186,#1187);
#1186 = CARTESIAN_POINT('',(34.,48.5,29.2));
#1187 = VECTOR('',#1188,1.);
#1188 = DIRECTION('',(0.,-1.,0.));
#1189 = PCURVE('',#654,#1190);
#1190 = DEFINITIONAL_REPRESENTATION('',(#1191),#1195);
#1191 = LINE('',#1192,#1193);
#1192 = CARTESIAN_POINT('',(-1.570796326795,0.));
#1193 = VECTOR('',#1194,1.);
#1194 = DIRECTION('',(-0.,1.));
#1195 = ( GEOMETRIC_REPRESENTATION_CONTEXT(2) 
PARAMETRIC_REPRESENTATION_CONTEXT() REPRESENTATION_CONTEXT('2D SPACE',''
  ) );
#1196 = PCURVE('',#623,#1197);
#1197 = DEFINITIONAL_REPRESENTATION('',(#1198),#1202);
#1198 = LINE('',#1199,#1200);
#1199 = CARTESIAN_POINT('',(29.2,0.));
#1200 = VECTOR('',#1201,1.);
#1201 = DIRECTION('',(0.,-1.));
#1202 = ( GEOMETRIC_REPRESENTATION_CONTEXT(2) 
PARAMETRIC_REPRESENTATION_CONTEXT() REPRESENTATION_CONTEXT('2D SPACE',''
  ) );
#1203 = ORIENTED_EDGE('',*,*,#1017,.F.);
#1204 = ORIENTED_EDGE('',*,*,#1156,.F.);
#1205 = ADVANCED_FACE('',(#1206),#623,.F.);
#1206 = FACE_BOUND('',#1207,.F.);
#1207 = EDGE_LOOP('',(#1208,#1209,#1230,#1231));
#1208 = ORIENTED_EDGE('',*,*,#607,.F.);
#1209 = ORIENTED_EDGE('',*,*,#1210,.T.);
#1210 = EDGE_CURVE('',#575,#967,#1211,.T.);
#1211 = SURFACE_CURVE('',#1212,(#1216,#1223),.PCURVE_S1.);
#1212 = LINE('',#1213,#1214);
#1213 = CARTESIAN_POINT('',(34.,48.5,27.8));
#1214 = VECTOR('',#1215,1.);
#1215 = DIRECTION('',(0.,-1.,0.));
#1216 = PCURVE('',#623,#1217);
#1217 = DEFINITIONAL_REPRESENTATION('',(#1218),#1222);
#1218 = LINE('',#1219,#1220);
#1219 = CARTESIAN_POINT('',(27.8,0.));
#1220 = VECTOR('',#1221,1.);
#1221 = DIRECTION('',(0.,-1.));
#1222 = ( GEOMETRIC_REPRESENTATION_CONTEXT(2) 
PARAMETRIC_REPRESENTATION_CONTEXT() REPRESENTATION_CONTEXT('2D SPACE',''
  ) );
#1223 = PCURVE('',#595,#1224);
#1224 = DEFINITIONAL_REPRESENTATION('',(#1225),#1229);
#1225 = LINE('',#1226,#1227);
#1226 = CARTESIAN_POINT('',(-0.,0.));
#1227 = VECTOR('',#1228,1.);
#1228 = DIRECTION('',(-0.,1.));
#1229 = ( GEOMETRIC_REPRESENTATION_CONTEXT(2) 
PARAMETRIC_REPRESENTATION_CONTEXT() REPRESENTATION_CONTEXT('2D SPACE',''
  ) );
#1230 = ORIENTED_EDGE('',*,*,#994,.T.);
#1231 = ORIENTED_EDGE('',*,*,#1183,.F.);
#1232 = ADVANCED_FACE('',(#1233),#595,.T.);
#1233 = FACE_BOUND('',#1234,.F.);
#1234 = EDGE_LOOP('',(#1235,#1236,#1257,#1258));
#1235 = ORIENTED_EDGE('',*,*,#574,.T.);
#1236 = ORIENTED_EDGE('',*,*,#1237,.T.);
#1237 = EDGE_CURVE('',#547,#944,#1238,.T.);
#1238 = SURFACE_CURVE('',#1239,(#1243,#1250),.PCURVE_S1.);
#1239 = LINE('',#1240,#1241);
#1240 = CARTESIAN_POINT('',(32.2,48.5,26.));
#1241 = VECTOR('',#1242,1.);
#1242 = DIRECTION('',(0.,-1.,0.));
#1243 = PCURVE('',#595,#1244);
#1244 = DEFINITIONAL_REPRESENTATION('',(#1245),#1249);
#1245 = LINE('',#1246,#1247);
#1246 = CARTESIAN_POINT('',(-1.570796326795,0.));
#1247 = VECTOR('',#1248,1.);
#1248 = DIRECTION('',(-0.,1.));
#1249 = ( GEOMETRIC_REPRESENTATION_CONTEXT(2) 
PARAMETRIC_REPRESENTATION_CONTEXT() REPRESENTATION_CONTEXT('2D SPACE',''
  ) );
#1250 = PCURVE('',#562,#1251);
#1251 = DEFINITIONAL_REPRESENTATION('',(#1252),#1256);
#1252 = LINE('',#1253,#1254);
#1253 = CARTESIAN_POINT('',(6.8,0.));
#1254 = VECTOR('',#1255,1.);
#1255 = DIRECTION('',(0.,-1.));
#1256 = ( GEOMETRIC_REPRESENTATION_CONTEXT(2) 
PARAMETRIC_REPRESENTATION_CONTEXT() REPRESENTATION_CONTEXT('2D SPACE',''
  ) );
#1257 = ORIENTED_EDGE('',*,*,#966,.F.);
#1258 = ORIENTED_EDGE('',*,*,#1210,.F.);
#1259 = ADVANCED_FACE('',(#1260),#562,.T.);
#1260 = FACE_BOUND('',#1261,.T.);
#1261 = EDGE_LOOP('',(#1262,#1263,#1264,#1265,#1288,#1314,#1340,#1366,
    #1392,#1418,#1446,#1472));
#1262 = ORIENTED_EDGE('',*,*,#546,.F.);
#1263 = ORIENTED_EDGE('',*,*,#1237,.T.);
#1264 = ORIENTED_EDGE('',*,*,#943,.T.);
#1265 = ORIENTED_EDGE('',*,*,#1266,.F.);
#1266 = EDGE_CURVE('',#1267,#921,#1269,.T.);
#1267 = VERTEX_POINT('',#1268);
#1268 = CARTESIAN_POINT('',(5.,22.16,26.));
#1269 = SURFACE_CURVE('',#1270,(#1274,#1281),.PCURVE_S1.);
#1270 = LINE('',#1271,#1272);
#1271 = CARTESIAN_POINT('',(5.,48.5,26.));
#1272 = VECTOR('',#1273,1.);
#1273 = DIRECTION('',(0.,-1.,0.));
#1274 = PCURVE('',#562,#1275);
#1275 = DEFINITIONAL_REPRESENTATION('',(#1276),#1280);
#1276 = LINE('',#1277,#1278);
#1277 = CARTESIAN_POINT('',(34.,0.));
#1278 = VECTOR('',#1279,1.);
#1279 = DIRECTION('',(0.,-1.));
#1280 = ( GEOMETRIC_REPRESENTATION_CONTEXT(2) 
PARAMETRIC_REPRESENTATION_CONTEXT() REPRESENTATION_CONTEXT('2D SPACE',''
  ) );
#1281 = PCURVE('',#534,#1282);
#1282 = DEFINITIONAL_REPRESENTATION('',(#1283),#1287);
#1283 = LINE('',#1284,#1285);
#1284 = CARTESIAN_POINT('',(0.,0.));
#1285 = VECTOR('',#1286,1.);
#1286 = DIRECTION('',(0.,-1.));
#1287 = ( GEOMETRIC_REPRESENTATION_CONTEXT(2) 
PARAMETRIC_REPRESENTATION_CONTEXT() REPRESENTATION_CONTEXT('2D SPACE',''
  ) );
#1288 = ORIENTED_EDGE('',*,*,#1289,.F.);
#1289 = EDGE_CURVE('',#1290,#1267,#1292,.T.);
#1290 = VERTEX_POINT('',#1291);
#1291 = CARTESIAN_POINT('',(7.,22.16,26.));
#1292 = SURFACE_CURVE('',#1293,(#1297,#1303),.PCURVE_S1.);
#1293 = LINE('',#1294,#1295);
#1294 = CARTESIAN_POINT('',(22.,22.16,26.));
#1295 = VECTOR('',#1296,1.);
#1296 = DIRECTION('',(-1.,0.,0.));
#1297 = PCURVE('',#562,#1298);
#1298 = DEFINITIONAL_REPRESENTATION('',(#1299),#1302);
#1299 = B_SPLINE_CURVE_WITH_KNOTS('',1,(#1300,#1301),.UNSPECIFIED.,.F.,
  .F.,(2,2),(14.,17.),.PIECEWISE_BEZIER_KNOTS.);
#1300 = CARTESIAN_POINT('',(31.,-26.34));
#1301 = CARTESIAN_POINT('',(34.,-26.34));
#1302 = ( GEOMETRIC_REPRESENTATION_CONTEXT(2) 
PARAMETRIC_REPRESENTATION_CONTEXT() REPRESENTATION_CONTEXT('2D SPACE',''
  ) );
#1303 = PCURVE('',#1304,#1309);
#1304 = PLANE('',#1305);
#1305 = AXIS2_PLACEMENT_3D('',#1306,#1307,#1308);
#1306 = CARTESIAN_POINT('',(5.,22.16,26.));
#1307 = DIRECTION('',(-0.,-1.,-0.));
#1308 = DIRECTION('',(0.,0.,-1.));
#1309 = DEFINITIONAL_REPRESENTATION('',(#1310),#1313);
#1310 = B_SPLINE_CURVE_WITH_KNOTS('',1,(#1311,#1312),.UNSPECIFIED.,.F.,
  .F.,(2,2),(14.,17.),.PIECEWISE_BEZIER_KNOTS.);
#1311 = CARTESIAN_POINT('',(0.,3.));
#1312 = CARTESIAN_POINT('',(0.,0.));
#1313 = ( GEOMETRIC_REPRESENTATION_CONTEXT(2) 
PARAMETRIC_REPRESENTATION_CONTEXT() REPRESENTATION_CONTEXT('2D SPACE',''
  ) );
#1314 = ORIENTED_EDGE('',*,*,#1315,.T.);
#1315 = EDGE_CURVE('',#1290,#1316,#1318,.T.);
#1316 = VERTEX_POINT('',#1317);
#1317 = CARTESIAN_POINT('',(7.,-29.1,26.));
#1318 = SURFACE_CURVE('',#1319,(#1323,#1329),.PCURVE_S1.);
#1319 = LINE('',#1320,#1321);
#1320 = CARTESIAN_POINT('',(7.,38.8,26.));
#1321 = VECTOR('',#1322,1.);
#1322 = DIRECTION('',(0.,-1.,0.));
#1323 = PCURVE('',#562,#1324);
#1324 = DEFINITIONAL_REPRESENTATION('',(#1325),#1328);
#1325 = B_SPLINE_CURVE_WITH_KNOTS('',1,(#1326,#1327),.UNSPECIFIED.,.F.,
  .F.,(2,2),(9.7,67.9),.PIECEWISE_BEZIER_KNOTS.);
#1326 = CARTESIAN_POINT('',(32.,-19.4));
#1327 = CARTESIAN_POINT('',(32.,-77.6));
#1328 = ( GEOMETRIC_REPRESENTATION_CONTEXT(2) 
PARAMETRIC_REPRESENTATION_CONTEXT() REPRESENTATION_CONTEXT('2D SPACE',''
  ) );
#1329 = PCURVE('',#1330,#1335);
#1330 = PLANE('',#1331);
#1331 = AXIS2_PLACEMENT_3D('',#1332,#1333,#1334);
#1332 = CARTESIAN_POINT('',(7.,29.1,26.5));
#1333 = DIRECTION('',(1.,0.,0.));
#1334 = DIRECTION('',(0.,0.,-1.));
#1335 = DEFINITIONAL_REPRESENTATION('',(#1336),#1339);
#1336 = B_SPLINE_CURVE_WITH_KNOTS('',1,(#1337,#1338),.UNSPECIFIED.,.F.,
  .F.,(2,2),(9.7,67.9),.PIECEWISE_BEZIER_KNOTS.);
#1337 = CARTESIAN_POINT('',(0.5,0.));
#1338 = CARTESIAN_POINT('',(0.5,-58.2));
#1339 = ( GEOMETRIC_REPRESENTATION_CONTEXT(2) 
PARAMETRIC_REPRESENTATION_CONTEXT() REPRESENTATION_CONTEXT('2D SPACE',''
  ) );
#1340 = ORIENTED_EDGE('',*,*,#1341,.F.);
#1341 = EDGE_CURVE('',#1342,#1316,#1344,.T.);
#1342 = VERTEX_POINT('',#1343);
#1343 = CARTESIAN_POINT('',(32.,-29.1,26.));
#1344 = SURFACE_CURVE('',#1345,(#1349,#1355),.PCURVE_S1.);
#1345 = LINE('',#1346,#1347);
#1346 = CARTESIAN_POINT('',(29.25,-29.1,26.));
#1347 = VECTOR('',#1348,1.);
#1348 = DIRECTION('',(-1.,0.,0.));
#1349 = PCURVE('',#562,#1350);
#1350 = DEFINITIONAL_REPRESENTATION('',(#1351),#1354);
#1351 = B_SPLINE_CURVE_WITH_KNOTS('',1,(#1352,#1353),.UNSPECIFIED.,.F.,
  .F.,(2,2),(-2.75,22.25),.PIECEWISE_BEZIER_KNOTS.);
#1352 = CARTESIAN_POINT('',(7.,-77.6));
#1353 = CARTESIAN_POINT('',(32.,-77.6));
#1354 = ( GEOMETRIC_REPRESENTATION_CONTEXT(2) 
PARAMETRIC_REPRESENTATION_CONTEXT() REPRESENTATION_CONTEXT('2D SPACE',''
  ) );
#1355 = PCURVE('',#1356,#1361);
#1356 = PLANE('',#1357);
#1357 = AXIS2_PLACEMENT_3D('',#1358,#1359,#1360);
#1358 = CARTESIAN_POINT('',(19.5,-29.1,26.));
#1359 = DIRECTION('',(-0.,-1.,-0.));
#1360 = DIRECTION('',(0.,0.,-1.));
#1361 = DEFINITIONAL_REPRESENTATION('',(#1362),#1365);
#1362 = B_SPLINE_CURVE_WITH_KNOTS('',1,(#1363,#1364),.UNSPECIFIED.,.F.,
  .F.,(2,2),(-2.75,22.25),.PIECEWISE_BEZIER_KNOTS.);
#1363 = CARTESIAN_POINT('',(0.,12.5));
#1364 = CARTESIAN_POINT('',(0.,-12.5));
#1365 = ( GEOMETRIC_REPRESENTATION_CONTEXT(2) 
PARAMETRIC_REPRESENTATION_CONTEXT() REPRESENTATION_CONTEXT('2D SPACE',''
  ) );
#1366 = ORIENTED_EDGE('',*,*,#1367,.T.);
#1367 = EDGE_CURVE('',#1342,#1368,#1370,.T.);
#1368 = VERTEX_POINT('',#1369);
#1369 = CARTESIAN_POINT('',(32.,29.1,26.));
#1370 = SURFACE_CURVE('',#1371,(#1375,#1381),.PCURVE_S1.);
#1371 = LINE('',#1372,#1373);
#1372 = CARTESIAN_POINT('',(32.,38.8,26.));
#1373 = VECTOR('',#1374,1.);
#1374 = DIRECTION('',(0.,1.,-0.));
#1375 = PCURVE('',#562,#1376);
#1376 = DEFINITIONAL_REPRESENTATION('',(#1377),#1380);
#1377 = B_SPLINE_CURVE_WITH_KNOTS('',1,(#1378,#1379),.UNSPECIFIED.,.F.,
  .F.,(2,2),(-67.9,-9.7),.PIECEWISE_BEZIER_KNOTS.);
#1378 = CARTESIAN_POINT('',(7.,-77.6));
#1379 = CARTESIAN_POINT('',(7.,-19.4));
#1380 = ( GEOMETRIC_REPRESENTATION_CONTEXT(2) 
PARAMETRIC_REPRESENTATION_CONTEXT() REPRESENTATION_CONTEXT('2D SPACE',''
  ) );
#1381 = PCURVE('',#1382,#1387);
#1382 = PLANE('',#1383);
#1383 = AXIS2_PLACEMENT_3D('',#1384,#1385,#1386);
#1384 = CARTESIAN_POINT('',(32.,29.1,25.5));
#1385 = DIRECTION('',(-1.,0.,0.));
#1386 = DIRECTION('',(0.,0.,1.));
#1387 = DEFINITIONAL_REPRESENTATION('',(#1388),#1391);
#1388 = B_SPLINE_CURVE_WITH_KNOTS('',1,(#1389,#1390),.UNSPECIFIED.,.F.,
  .F.,(2,2),(-67.9,-9.7),.PIECEWISE_BEZIER_KNOTS.);
#1389 = CARTESIAN_POINT('',(0.5,-58.2));
#1390 = CARTESIAN_POINT('',(0.5,0.));
#1391 = ( GEOMETRIC_REPRESENTATION_CONTEXT(2) 
PARAMETRIC_REPRESENTATION_CONTEXT() REPRESENTATION_CONTEXT('2D SPACE',''
  ) );
#1392 = ORIENTED_EDGE('',*,*,#1393,.T.);
#1393 = EDGE_CURVE('',#1368,#1394,#1396,.T.);
#1394 = VERTEX_POINT('',#1395);
#1395 = CARTESIAN_POINT('',(8.,29.1,26.));
#1396 = SURFACE_CURVE('',#1397,(#1401,#1407),.PCURVE_S1.);
#1397 = LINE('',#1398,#1399);
#1398 = CARTESIAN_POINT('',(29.25,29.1,26.));
#1399 = VECTOR('',#1400,1.);
#1400 = DIRECTION('',(-1.,0.,0.));
#1401 = PCURVE('',#562,#1402);
#1402 = DEFINITIONAL_REPRESENTATION('',(#1403),#1406);
#1403 = B_SPLINE_CURVE_WITH_KNOTS('',1,(#1404,#1405),.UNSPECIFIED.,.F.,
  .F.,(2,2),(-2.75,22.25),.PIECEWISE_BEZIER_KNOTS.);
#1404 = CARTESIAN_POINT('',(7.,-19.4));
#1405 = CARTESIAN_POINT('',(32.,-19.4));
#1406 = ( GEOMETRIC_REPRESENTATION_CONTEXT(2) 
PARAMETRIC_REPRESENTATION_CONTEXT() REPRESENTATION_CONTEXT('2D SPACE',''
  ) );
#1407 = PCURVE('',#1408,#1413);
#1408 = PLANE('',#1409);
#1409 = AXIS2_PLACEMENT_3D('',#1410,#1411,#1412);
#1410 = CARTESIAN_POINT('',(19.5,29.1,26.));
#1411 = DIRECTION('',(-0.,-1.,-0.));
#1412 = DIRECTION('',(0.,0.,-1.));
#1413 = DEFINITIONAL_REPRESENTATION('',(#1414),#1417);
#1414 = B_SPLINE_CURVE_WITH_KNOTS('',1,(#1415,#1416),.UNSPECIFIED.,.F.,
  .F.,(2,2),(-2.75,22.25),.PIECEWISE_BEZIER_KNOTS.);
#1415 = CARTESIAN_POINT('',(0.,12.5));
#1416 = CARTESIAN_POINT('',(0.,-12.5));
#1417 = ( GEOMETRIC_REPRESENTATION_CONTEXT(2) 
PARAMETRIC_REPRESENTATION_CONTEXT() REPRESENTATION_CONTEXT('2D SPACE',''
  ) );
#1418 = ORIENTED_EDGE('',*,*,#1419,.F.);
#1419 = EDGE_CURVE('',#1420,#1394,#1422,.T.);
#1420 = VERTEX_POINT('',#1421);
#1421 = CARTESIAN_POINT('',(8.,32.16,26.));
#1422 = SURFACE_CURVE('',#1423,(#1427,#1434),.PCURVE_S1.);
#1423 = LINE('',#1424,#1425);
#1424 = CARTESIAN_POINT('',(8.,32.16,26.));
#1425 = VECTOR('',#1426,1.);
#1426 = DIRECTION('',(0.,-1.,0.));
#1427 = PCURVE('',#562,#1428);
#1428 = DEFINITIONAL_REPRESENTATION('',(#1429),#1433);
#1429 = LINE('',#1430,#1431);
#1430 = CARTESIAN_POINT('',(31.,-16.34));
#1431 = VECTOR('',#1432,1.);
#1432 = DIRECTION('',(0.,-1.));
#1433 = ( GEOMETRIC_REPRESENTATION_CONTEXT(2) 
PARAMETRIC_REPRESENTATION_CONTEXT() REPRESENTATION_CONTEXT('2D SPACE',''
  ) );
#1434 = PCURVE('',#1435,#1440);
#1435 = CYLINDRICAL_SURFACE('',#1436,3.);
#1436 = AXIS2_PLACEMENT_3D('',#1437,#1438,#1439);
#1437 = CARTESIAN_POINT('',(5.,32.16,26.));
#1438 = DIRECTION('',(-0.,1.,-0.));
#1439 = DIRECTION('',(1.,0.,0.));
#1440 = DEFINITIONAL_REPRESENTATION('',(#1441),#1445);
#1441 = LINE('',#1442,#1443);
#1442 = CARTESIAN_POINT('',(-0.,0.));
#1443 = VECTOR('',#1444,1.);
#1444 = DIRECTION('',(-0.,-1.));
#1445 = ( GEOMETRIC_REPRESENTATION_CONTEXT(2) 
PARAMETRIC_REPRESENTATION_CONTEXT() REPRESENTATION_CONTEXT('2D SPACE',''
  ) );
#1446 = ORIENTED_EDGE('',*,*,#1447,.T.);
#1447 = EDGE_CURVE('',#1420,#1448,#1450,.T.);
#1448 = VERTEX_POINT('',#1449);
#1449 = CARTESIAN_POINT('',(5.,32.16,26.));
#1450 = SURFACE_CURVE('',#1451,(#1455,#1461),.PCURVE_S1.);
#1451 = LINE('',#1452,#1453);
#1452 = CARTESIAN_POINT('',(22.,32.16,26.));
#1453 = VECTOR('',#1454,1.);
#1454 = DIRECTION('',(-1.,0.,0.));
#1455 = PCURVE('',#562,#1456);
#1456 = DEFINITIONAL_REPRESENTATION('',(#1457),#1460);
#1457 = B_SPLINE_CURVE_WITH_KNOTS('',1,(#1458,#1459),.UNSPECIFIED.,.F.,
  .F.,(2,2),(14.,17.),.PIECEWISE_BEZIER_KNOTS.);
#1458 = CARTESIAN_POINT('',(31.,-16.34));
#1459 = CARTESIAN_POINT('',(34.,-16.34));
#1460 = ( GEOMETRIC_REPRESENTATION_CONTEXT(2) 
PARAMETRIC_REPRESENTATION_CONTEXT() REPRESENTATION_CONTEXT('2D SPACE',''
  ) );
#1461 = PCURVE('',#1462,#1467);
#1462 = PLANE('',#1463);
#1463 = AXIS2_PLACEMENT_3D('',#1464,#1465,#1466);
#1464 = CARTESIAN_POINT('',(5.,32.16,26.));
#1465 = DIRECTION('',(-0.,-1.,-0.));
#1466 = DIRECTION('',(0.,0.,-1.));
#1467 = DEFINITIONAL_REPRESENTATION('',(#1468),#1471);
#1468 = B_SPLINE_CURVE_WITH_KNOTS('',1,(#1469,#1470),.UNSPECIFIED.,.F.,
  .F.,(2,2),(14.,17.),.PIECEWISE_BEZIER_KNOTS.);
#1469 = CARTESIAN_POINT('',(0.,3.));
#1470 = CARTESIAN_POINT('',(0.,0.));
#1471 = ( GEOMETRIC_REPRESENTATION_CONTEXT(2) 
PARAMETRIC_REPRESENTATION_CONTEXT() REPRESENTATION_CONTEXT('2D SPACE',''
  ) );
#1472 = ORIENTED_EDGE('',*,*,#1473,.F.);
#1473 = EDGE_CURVE('',#519,#1448,#1474,.T.);
#1474 = SURFACE_CURVE('',#1475,(#1479,#1486),.PCURVE_S1.);
#1475 = LINE('',#1476,#1477);
#1476 = CARTESIAN_POINT('',(5.,48.5,26.));
#1477 = VECTOR('',#1478,1.);
#1478 = DIRECTION('',(0.,-1.,0.));
#1479 = PCURVE('',#562,#1480);
#1480 = DEFINITIONAL_REPRESENTATION('',(#1481),#1485);
#1481 = LINE('',#1482,#1483);
#1482 = CARTESIAN_POINT('',(34.,0.));
#1483 = VECTOR('',#1484,1.);
#1484 = DIRECTION('',(0.,-1.));
#1485 = ( GEOMETRIC_REPRESENTATION_CONTEXT(2) 
PARAMETRIC_REPRESENTATION_CONTEXT() REPRESENTATION_CONTEXT('2D SPACE',''
  ) );
#1486 = PCURVE('',#534,#1487);
#1487 = DEFINITIONAL_REPRESENTATION('',(#1488),#1492);
#1488 = LINE('',#1489,#1490);
#1489 = CARTESIAN_POINT('',(0.,0.));
#1490 = VECTOR('',#1491,1.);
#1491 = DIRECTION('',(0.,-1.));
#1492 = ( GEOMETRIC_REPRESENTATION_CONTEXT(2) 
PARAMETRIC_REPRESENTATION_CONTEXT() REPRESENTATION_CONTEXT('2D SPACE',''
  ) );
#1493 = ADVANCED_FACE('',(#1494),#392,.F.);
#1494 = FACE_BOUND('',#1495,.F.);
#1495 = EDGE_LOOP('',(#1496,#1497,#1498,#1499));
#1496 = ORIENTED_EDGE('',*,*,#376,.F.);
#1497 = ORIENTED_EDGE('',*,*,#753,.T.);
#1498 = ORIENTED_EDGE('',*,*,#803,.T.);
#1499 = ORIENTED_EDGE('',*,*,#1500,.F.);
#1500 = EDGE_CURVE('',#377,#804,#1501,.T.);
#1501 = SURFACE_CURVE('',#1502,(#1506,#1513),.PCURVE_S1.);
#1502 = LINE('',#1503,#1504);
#1503 = CARTESIAN_POINT('',(32.2,48.5,-4.440892098501E-16));
#1504 = VECTOR('',#1505,1.);
#1505 = DIRECTION('',(0.,-1.,0.));
#1506 = PCURVE('',#392,#1507);
#1507 = DEFINITIONAL_REPRESENTATION('',(#1508),#1512);
#1508 = LINE('',#1509,#1510);
#1509 = CARTESIAN_POINT('',(32.2,0.));
#1510 = VECTOR('',#1511,1.);
#1511 = DIRECTION('',(0.,-1.));
#1512 = ( GEOMETRIC_REPRESENTATION_CONTEXT(2) 
PARAMETRIC_REPRESENTATION_CONTEXT() REPRESENTATION_CONTEXT('2D SPACE',''
  ) );
#1513 = PCURVE('',#421,#1514);
#1514 = DEFINITIONAL_REPRESENTATION('',(#1515),#1519);
#1515 = LINE('',#1516,#1517);
#1516 = CARTESIAN_POINT('',(0.,0.));
#1517 = VECTOR('',#1518,1.);
#1518 = DIRECTION('',(0.,1.));
#1519 = ( GEOMETRIC_REPRESENTATION_CONTEXT(2) 
PARAMETRIC_REPRESENTATION_CONTEXT() REPRESENTATION_CONTEXT('2D SPACE',''
  ) );
#1520 = ADVANCED_FACE('',(#1521),#534,.T.);
#1521 = FACE_BOUND('',#1522,.T.);
#1522 = EDGE_LOOP('',(#1523,#1524,#1525,#1546,#1567,#1586,#1587,#1588));
#1523 = ORIENTED_EDGE('',*,*,#518,.F.);
#1524 = ORIENTED_EDGE('',*,*,#1473,.T.);
#1525 = ORIENTED_EDGE('',*,*,#1526,.T.);
#1526 = EDGE_CURVE('',#1448,#1527,#1529,.T.);
#1527 = VERTEX_POINT('',#1528);
#1528 = CARTESIAN_POINT('',(5.,32.16,23.));
#1529 = SURFACE_CURVE('',#1530,(#1534,#1540),.PCURVE_S1.);
#1530 = LINE('',#1531,#1532);
#1531 = CARTESIAN_POINT('',(5.,32.16,26.));
#1532 = VECTOR('',#1533,1.);
#1533 = DIRECTION('',(0.,0.,-1.));
#1534 = PCURVE('',#534,#1535);
#1535 = DEFINITIONAL_REPRESENTATION('',(#1536),#1539);
#1536 = B_SPLINE_CURVE_WITH_KNOTS('',1,(#1537,#1538),.UNSPECIFIED.,.F.,
  .F.,(2,2),(0.,3.),.PIECEWISE_BEZIER_KNOTS.);
#1537 = CARTESIAN_POINT('',(0.,-16.34));
#1538 = CARTESIAN_POINT('',(3.,-16.34));
#1539 = ( GEOMETRIC_REPRESENTATION_CONTEXT(2) 
PARAMETRIC_REPRESENTATION_CONTEXT() REPRESENTATION_CONTEXT('2D SPACE',''
  ) );
#1540 = PCURVE('',#1462,#1541);
#1541 = DEFINITIONAL_REPRESENTATION('',(#1542),#1545);
#1542 = B_SPLINE_CURVE_WITH_KNOTS('',1,(#1543,#1544),.UNSPECIFIED.,.F.,
  .F.,(2,2),(0.,3.),.PIECEWISE_BEZIER_KNOTS.);
#1543 = CARTESIAN_POINT('',(0.,0.));
#1544 = CARTESIAN_POINT('',(3.,0.));
#1545 = ( GEOMETRIC_REPRESENTATION_CONTEXT(2) 
PARAMETRIC_REPRESENTATION_CONTEXT() REPRESENTATION_CONTEXT('2D SPACE',''
  ) );
#1546 = ORIENTED_EDGE('',*,*,#1547,.F.);
#1547 = EDGE_CURVE('',#1548,#1527,#1550,.T.);
#1548 = VERTEX_POINT('',#1549);
#1549 = CARTESIAN_POINT('',(5.,22.16,23.));
#1550 = SURFACE_CURVE('',#1551,(#1555,#1561),.PCURVE_S1.);
#1551 = LINE('',#1552,#1553);
#1552 = CARTESIAN_POINT('',(5.,32.16,23.));
#1553 = VECTOR('',#1554,1.);
#1554 = DIRECTION('',(-0.,1.,-0.));
#1555 = PCURVE('',#534,#1556);
#1556 = DEFINITIONAL_REPRESENTATION('',(#1557),#1560);
#1557 = B_SPLINE_CURVE_WITH_KNOTS('',1,(#1558,#1559),.UNSPECIFIED.,.F.,
  .F.,(2,2),(-10.0000006,5.999999999062E-07),.PIECEWISE_BEZIER_KNOTS.);
#1558 = CARTESIAN_POINT('',(3.,-26.3400006));
#1559 = CARTESIAN_POINT('',(3.,-16.3399994));
#1560 = ( GEOMETRIC_REPRESENTATION_CONTEXT(2) 
PARAMETRIC_REPRESENTATION_CONTEXT() REPRESENTATION_CONTEXT('2D SPACE',''
  ) );
#1561 = PCURVE('',#1435,#1562);
#1562 = DEFINITIONAL_REPRESENTATION('',(#1563),#1566);
#1563 = B_SPLINE_CURVE_WITH_KNOTS('',1,(#1564,#1565),.UNSPECIFIED.,.F.,
  .F.,(2,2),(-10.0000006,5.999999999062E-07),.PIECEWISE_BEZIER_KNOTS.);
#1564 = CARTESIAN_POINT('',(-4.712388980385,-10.0000006));
#1565 = CARTESIAN_POINT('',(-4.712388980385,5.999999999062E-07));
#1566 = ( GEOMETRIC_REPRESENTATION_CONTEXT(2) 
PARAMETRIC_REPRESENTATION_CONTEXT() REPRESENTATION_CONTEXT('2D SPACE',''
  ) );
#1567 = ORIENTED_EDGE('',*,*,#1568,.F.);
#1568 = EDGE_CURVE('',#1267,#1548,#1569,.T.);
#1569 = SURFACE_CURVE('',#1570,(#1574,#1580),.PCURVE_S1.);
#1570 = LINE('',#1571,#1572);
#1571 = CARTESIAN_POINT('',(5.,22.16,26.));
#1572 = VECTOR('',#1573,1.);
#1573 = DIRECTION('',(0.,0.,-1.));
#1574 = PCURVE('',#534,#1575);
#1575 = DEFINITIONAL_REPRESENTATION('',(#1576),#1579);
#1576 = B_SPLINE_CURVE_WITH_KNOTS('',1,(#1577,#1578),.UNSPECIFIED.,.F.,
  .F.,(2,2),(0.,3.),.PIECEWISE_BEZIER_KNOTS.);
#1577 = CARTESIAN_POINT('',(0.,-26.34));
#1578 = CARTESIAN_POINT('',(3.,-26.34));
#1579 = ( GEOMETRIC_REPRESENTATION_CONTEXT(2) 
PARAMETRIC_REPRESENTATION_CONTEXT() REPRESENTATION_CONTEXT('2D SPACE',''
  ) );
#1580 = PCURVE('',#1304,#1581);
#1581 = DEFINITIONAL_REPRESENTATION('',(#1582),#1585);
#1582 = B_SPLINE_CURVE_WITH_KNOTS('',1,(#1583,#1584),.UNSPECIFIED.,.F.,
  .F.,(2,2),(0.,3.),.PIECEWISE_BEZIER_KNOTS.);
#1583 = CARTESIAN_POINT('',(0.,0.));
#1584 = CARTESIAN_POINT('',(3.,0.));
#1585 = ( GEOMETRIC_REPRESENTATION_CONTEXT(2) 
PARAMETRIC_REPRESENTATION_CONTEXT() REPRESENTATION_CONTEXT('2D SPACE',''
  ) );
#1586 = ORIENTED_EDGE('',*,*,#1266,.T.);
#1587 = ORIENTED_EDGE('',*,*,#920,.T.);
#1588 = ORIENTED_EDGE('',*,*,#1589,.F.);
#1589 = EDGE_CURVE('',#491,#898,#1590,.T.);
#1590 = SURFACE_CURVE('',#1591,(#1595,#1602),.PCURVE_S1.);
#1591 = LINE('',#1592,#1593);
#1592 = CARTESIAN_POINT('',(5.,48.5,5.));
#1593 = VECTOR('',#1594,1.);
#1594 = DIRECTION('',(0.,-1.,0.));
#1595 = PCURVE('',#534,#1596);
#1596 = DEFINITIONAL_REPRESENTATION('',(#1597),#1601);
#1597 = LINE('',#1598,#1599);
#1598 = CARTESIAN_POINT('',(21.,0.));
#1599 = VECTOR('',#1600,1.);
#1600 = DIRECTION('',(0.,-1.));
#1601 = ( GEOMETRIC_REPRESENTATION_CONTEXT(2) 
PARAMETRIC_REPRESENTATION_CONTEXT() REPRESENTATION_CONTEXT('2D SPACE',''
  ) );
#1602 = PCURVE('',#506,#1603);
#1603 = DEFINITIONAL_REPRESENTATION('',(#1604),#1608);
#1604 = LINE('',#1605,#1606);
#1605 = CARTESIAN_POINT('',(0.,0.));
#1606 = VECTOR('',#1607,1.);
#1607 = DIRECTION('',(0.,-1.));
#1608 = ( GEOMETRIC_REPRESENTATION_CONTEXT(2) 
PARAMETRIC_REPRESENTATION_CONTEXT() REPRESENTATION_CONTEXT('2D SPACE',''
  ) );
#1609 = ADVANCED_FACE('',(#1610),#421,.T.);
#1610 = FACE_BOUND('',#1611,.T.);
#1611 = EDGE_LOOP('',(#1612,#1613,#1634,#1635));
#1612 = ORIENTED_EDGE('',*,*,#404,.T.);
#1613 = ORIENTED_EDGE('',*,*,#1614,.T.);
#1614 = EDGE_CURVE('',#405,#827,#1615,.T.);
#1615 = SURFACE_CURVE('',#1616,(#1620,#1627),.PCURVE_S1.);
#1616 = LINE('',#1617,#1618);
#1617 = CARTESIAN_POINT('',(34.,48.5,1.8));
#1618 = VECTOR('',#1619,1.);
#1619 = DIRECTION('',(0.,-1.,0.));
#1620 = PCURVE('',#421,#1621);
#1621 = DEFINITIONAL_REPRESENTATION('',(#1622),#1626);
#1622 = LINE('',#1623,#1624);
#1623 = CARTESIAN_POINT('',(1.570796326795,0.));
#1624 = VECTOR('',#1625,1.);
#1625 = DIRECTION('',(0.,1.));
#1626 = ( GEOMETRIC_REPRESENTATION_CONTEXT(2) 
PARAMETRIC_REPRESENTATION_CONTEXT() REPRESENTATION_CONTEXT('2D SPACE',''
  ) );
#1627 = PCURVE('',#449,#1628);
#1628 = DEFINITIONAL_REPRESENTATION('',(#1629),#1633);
#1629 = LINE('',#1630,#1631);
#1630 = CARTESIAN_POINT('',(1.8,0.));
#1631 = VECTOR('',#1632,1.);
#1632 = DIRECTION('',(0.,-1.));
#1633 = ( GEOMETRIC_REPRESENTATION_CONTEXT(2) 
PARAMETRIC_REPRESENTATION_CONTEXT() REPRESENTATION_CONTEXT('2D SPACE',''
  ) );
#1634 = ORIENTED_EDGE('',*,*,#826,.F.);
#1635 = ORIENTED_EDGE('',*,*,#1500,.F.);
#1636 = ADVANCED_FACE('',(#1637),#506,.T.);
#1637 = FACE_BOUND('',#1638,.T.);
#1638 = EDGE_LOOP('',(#1639,#1640,#1641,#1642));
#1639 = ORIENTED_EDGE('',*,*,#490,.F.);
#1640 = ORIENTED_EDGE('',*,*,#1589,.T.);
#1641 = ORIENTED_EDGE('',*,*,#897,.T.);
#1642 = ORIENTED_EDGE('',*,*,#1643,.T.);
#1643 = EDGE_CURVE('',#874,#462,#1644,.T.);
#1644 = SURFACE_CURVE('',#1645,(#1649,#1656),.PCURVE_S1.);
#1645 = LINE('',#1646,#1647);
#1646 = CARTESIAN_POINT('',(32.2,-48.5,5.));
#1647 = VECTOR('',#1648,1.);
#1648 = DIRECTION('',(0.,1.,0.));
#1649 = PCURVE('',#506,#1650);
#1650 = DEFINITIONAL_REPRESENTATION('',(#1651),#1655);
#1651 = LINE('',#1652,#1653);
#1652 = CARTESIAN_POINT('',(27.2,-97.));
#1653 = VECTOR('',#1654,1.);
#1654 = DIRECTION('',(0.,1.));
#1655 = ( GEOMETRIC_REPRESENTATION_CONTEXT(2) 
PARAMETRIC_REPRESENTATION_CONTEXT() REPRESENTATION_CONTEXT('2D SPACE',''
  ) );
#1656 = PCURVE('',#478,#1657);
#1657 = DEFINITIONAL_REPRESENTATION('',(#1658),#1662);
#1658 = LINE('',#1659,#1660);
#1659 = CARTESIAN_POINT('',(-1.570796326795,0.));
#1660 = VECTOR('',#1661,1.);
#1661 = DIRECTION('',(-0.,1.));
#1662 = ( GEOMETRIC_REPRESENTATION_CONTEXT(2) 
PARAMETRIC_REPRESENTATION_CONTEXT() REPRESENTATION_CONTEXT('2D SPACE',''
  ) );
#1663 = ADVANCED_FACE('',(#1664),#449,.F.);
#1664 = FACE_BOUND('',#1665,.F.);
#1665 = EDGE_LOOP('',(#1666,#1667,#1668,#1669));
#1666 = ORIENTED_EDGE('',*,*,#433,.F.);
#1667 = ORIENTED_EDGE('',*,*,#1614,.T.);
#1668 = ORIENTED_EDGE('',*,*,#850,.T.);
#1669 = ORIENTED_EDGE('',*,*,#1670,.T.);
#1670 = EDGE_CURVE('',#851,#434,#1671,.T.);
#1671 = SURFACE_CURVE('',#1672,(#1676,#1683),.PCURVE_S1.);
#1672 = LINE('',#1673,#1674);
#1673 = CARTESIAN_POINT('',(34.,-48.5,3.2));
#1674 = VECTOR('',#1675,1.);
#1675 = DIRECTION('',(0.,1.,0.));
#1676 = PCURVE('',#449,#1677);
#1677 = DEFINITIONAL_REPRESENTATION('',(#1678),#1682);
#1678 = LINE('',#1679,#1680);
#1679 = CARTESIAN_POINT('',(3.2,-97.));
#1680 = VECTOR('',#1681,1.);
#1681 = DIRECTION('',(0.,1.));
#1682 = ( GEOMETRIC_REPRESENTATION_CONTEXT(2) 
PARAMETRIC_REPRESENTATION_CONTEXT() REPRESENTATION_CONTEXT('2D SPACE',''
  ) );
#1683 = PCURVE('',#478,#1684);
#1684 = DEFINITIONAL_REPRESENTATION('',(#1685),#1689);
#1685 = LINE('',#1686,#1687);
#1686 = CARTESIAN_POINT('',(-0.,0.));
#1687 = VECTOR('',#1688,1.);
#1688 = DIRECTION('',(-0.,1.));
#1689 = ( GEOMETRIC_REPRESENTATION_CONTEXT(2) 
PARAMETRIC_REPRESENTATION_CONTEXT() REPRESENTATION_CONTEXT('2D SPACE',''
  ) );
#1690 = ADVANCED_FACE('',(#1691),#478,.T.);
#1691 = FACE_BOUND('',#1692,.F.);
#1692 = EDGE_LOOP('',(#1693,#1694,#1695,#1696));
#1693 = ORIENTED_EDGE('',*,*,#873,.T.);
#1694 = ORIENTED_EDGE('',*,*,#1643,.T.);
#1695 = ORIENTED_EDGE('',*,*,#461,.F.);
#1696 = ORIENTED_EDGE('',*,*,#1670,.F.);
#1697 = ADVANCED_FACE('',(#1698),#1085,.T.);
#1698 = FACE_BOUND('',#1699,.T.);
#1699 = EDGE_LOOP('',(#1700,#1723,#1750,#1751));
#1700 = ORIENTED_EDGE('',*,*,#1701,.T.);
#1701 = EDGE_CURVE('',#1047,#1702,#1704,.T.);
#1702 = VERTEX_POINT('',#1703);
#1703 = CARTESIAN_POINT('',(-9.,-30.,10.75));
#1704 = SEAM_CURVE('',#1705,(#1709,#1716),.PCURVE_S1.);
#1705 = LINE('',#1706,#1707);
#1706 = CARTESIAN_POINT('',(0.,-30.,10.75));
#1707 = VECTOR('',#1708,1.);
#1708 = DIRECTION('',(-1.,0.,0.));
#1709 = PCURVE('',#1085,#1710);
#1710 = DEFINITIONAL_REPRESENTATION('',(#1711),#1715);
#1711 = LINE('',#1712,#1713);
#1712 = CARTESIAN_POINT('',(6.28318530718,-0.));
#1713 = VECTOR('',#1714,1.);
#1714 = DIRECTION('',(0.,1.));
#1715 = ( GEOMETRIC_REPRESENTATION_CONTEXT(2) 
PARAMETRIC_REPRESENTATION_CONTEXT() REPRESENTATION_CONTEXT('2D SPACE',''
  ) );
#1716 = PCURVE('',#1085,#1717);
#1717 = DEFINITIONAL_REPRESENTATION('',(#1718),#1722);
#1718 = LINE('',#1719,#1720);
#1719 = CARTESIAN_POINT('',(0.,-0.));
#1720 = VECTOR('',#1721,1.);
#1721 = DIRECTION('',(0.,1.));
#1722 = ( GEOMETRIC_REPRESENTATION_CONTEXT(2) 
PARAMETRIC_REPRESENTATION_CONTEXT() REPRESENTATION_CONTEXT('2D SPACE',''
  ) );
#1723 = ORIENTED_EDGE('',*,*,#1724,.F.);
#1724 = EDGE_CURVE('',#1702,#1702,#1725,.T.);
#1725 = SURFACE_CURVE('',#1726,(#1731,#1738),.PCURVE_S1.);
#1726 = CIRCLE('',#1727,4.75);
#1727 = AXIS2_PLACEMENT_3D('',#1728,#1729,#1730);
#1728 = CARTESIAN_POINT('',(-9.,-30.,15.5));
#1729 = DIRECTION('',(-1.,0.,0.));
#1730 = DIRECTION('',(0.,0.,-1.));
#1731 = PCURVE('',#1085,#1732);
#1732 = DEFINITIONAL_REPRESENTATION('',(#1733),#1737);
#1733 = LINE('',#1734,#1735);
#1734 = CARTESIAN_POINT('',(0.,9.));
#1735 = VECTOR('',#1736,1.);
#1736 = DIRECTION('',(1.,0.));
#1737 = ( GEOMETRIC_REPRESENTATION_CONTEXT(2) 
PARAMETRIC_REPRESENTATION_CONTEXT() REPRESENTATION_CONTEXT('2D SPACE',''
  ) );
#1738 = PCURVE('',#1739,#1744);
#1739 = PLANE('',#1740);
#1740 = AXIS2_PLACEMENT_3D('',#1741,#1742,#1743);
#1741 = CARTESIAN_POINT('',(-9.,-30.,15.5));
#1742 = DIRECTION('',(-1.,0.,0.));
#1743 = DIRECTION('',(0.,0.,-1.));
#1744 = DEFINITIONAL_REPRESENTATION('',(#1745),#1749);
#1745 = CIRCLE('',#1746,4.75);
#1746 = AXIS2_PLACEMENT_2D('',#1747,#1748);
#1747 = CARTESIAN_POINT('',(0.,0.));
#1748 = DIRECTION('',(1.,0.));
#1749 = ( GEOMETRIC_REPRESENTATION_CONTEXT(2) 
PARAMETRIC_REPRESENTATION_CONTEXT() REPRESENTATION_CONTEXT('2D SPACE',''
  ) );
#1750 = ORIENTED_EDGE('',*,*,#1701,.F.);
#1751 = ORIENTED_EDGE('',*,*,#1070,.T.);
#1752 = ADVANCED_FACE('',(#1753,#1756),#1138,.T.);
#1753 = FACE_BOUND('',#1754,.T.);
#1754 = EDGE_LOOP('',(#1755));
#1755 = ORIENTED_EDGE('',*,*,#1123,.T.);
#1756 = FACE_BOUND('',#1757,.T.);
#1757 = EDGE_LOOP('',(#1758));
#1758 = ORIENTED_EDGE('',*,*,#1759,.T.);
#1759 = EDGE_CURVE('',#1760,#1760,#1762,.T.);
#1760 = VERTEX_POINT('',#1761);
#1761 = CARTESIAN_POINT('',(-9.,30.,17.5));
#1762 = SURFACE_CURVE('',#1763,(#1768,#1779),.PCURVE_S1.);
#1763 = CIRCLE('',#1764,2.);
#1764 = AXIS2_PLACEMENT_3D('',#1765,#1766,#1767);
#1765 = CARTESIAN_POINT('',(-9.,30.,15.5));
#1766 = DIRECTION('',(1.,0.,0.));
#1767 = DIRECTION('',(-0.,0.,1.));
#1768 = PCURVE('',#1138,#1769);
#1769 = DEFINITIONAL_REPRESENTATION('',(#1770),#1778);
#1770 = ( BOUNDED_CURVE() B_SPLINE_CURVE(2,(#1771,#1772,#1773,#1774,
#1775,#1776,#1777),.UNSPECIFIED.,.T.,.F.) B_SPLINE_CURVE_WITH_KNOTS((1,2
    ,2,2,2,1),(-2.094395102393,0.,2.094395102393,4.188790204786,
6.28318530718,8.377580409573),.UNSPECIFIED.) CURVE() 
GEOMETRIC_REPRESENTATION_ITEM() RATIONAL_B_SPLINE_CURVE((1.,0.5,1.,0.5,
1.,0.5,1.)) REPRESENTATION_ITEM('') );
#1771 = CARTESIAN_POINT('',(-2.,0.));
#1772 = CARTESIAN_POINT('',(-2.,3.464101615138));
#1773 = CARTESIAN_POINT('',(1.,1.732050807569));
#1774 = CARTESIAN_POINT('',(4.,4.898587196589E-16));
#1775 = CARTESIAN_POINT('',(1.,-1.732050807569));
#1776 = CARTESIAN_POINT('',(-2.,-3.464101615138));
#1777 = CARTESIAN_POINT('',(-2.,0.));
#1778 = ( GEOMETRIC_REPRESENTATION_CONTEXT(2) 
PARAMETRIC_REPRESENTATION_CONTEXT() REPRESENTATION_CONTEXT('2D SPACE',''
  ) );
#1779 = PCURVE('',#1780,#1785);
#1780 = CYLINDRICAL_SURFACE('',#1781,2.);
#1781 = AXIS2_PLACEMENT_3D('',#1782,#1783,#1784);
#1782 = CARTESIAN_POINT('',(-9.,30.,15.5));
#1783 = DIRECTION('',(1.,0.,0.));
#1784 = DIRECTION('',(-0.,0.,1.));
#1785 = DEFINITIONAL_REPRESENTATION('',(#1786),#1790);
#1786 = LINE('',#1787,#1788);
#1787 = CARTESIAN_POINT('',(0.,0.));
#1788 = VECTOR('',#1789,1.);
#1789 = DIRECTION('',(1.,0.));
#1790 = ( GEOMETRIC_REPRESENTATION_CONTEXT(2) 
PARAMETRIC_REPRESENTATION_CONTEXT() REPRESENTATION_CONTEXT('2D SPACE',''
  ) );
#1791 = ADVANCED_FACE('',(#1792),#1462,.T.);
#1792 = FACE_BOUND('',#1793,.T.);
#1793 = EDGE_LOOP('',(#1794,#1795,#1817));
#1794 = ORIENTED_EDGE('',*,*,#1447,.F.);
#1795 = ORIENTED_EDGE('',*,*,#1796,.T.);
#1796 = EDGE_CURVE('',#1420,#1527,#1797,.T.);
#1797 = SURFACE_CURVE('',#1798,(#1803,#1810),.PCURVE_S1.);
#1798 = CIRCLE('',#1799,3.);
#1799 = AXIS2_PLACEMENT_3D('',#1800,#1801,#1802);
#1800 = CARTESIAN_POINT('',(5.,32.16,26.));
#1801 = DIRECTION('',(0.,-1.,0.));
#1802 = DIRECTION('',(1.,0.,0.));
#1803 = PCURVE('',#1462,#1804);
#1804 = DEFINITIONAL_REPRESENTATION('',(#1805),#1809);
#1805 = CIRCLE('',#1806,3.);
#1806 = AXIS2_PLACEMENT_2D('',#1807,#1808);
#1807 = CARTESIAN_POINT('',(0.,0.));
#1808 = DIRECTION('',(0.,1.));
#1809 = ( GEOMETRIC_REPRESENTATION_CONTEXT(2) 
PARAMETRIC_REPRESENTATION_CONTEXT() REPRESENTATION_CONTEXT('2D SPACE',''
  ) );
#1810 = PCURVE('',#1435,#1811);
#1811 = DEFINITIONAL_REPRESENTATION('',(#1812),#1816);
#1812 = LINE('',#1813,#1814);
#1813 = CARTESIAN_POINT('',(-0.,0.));
#1814 = VECTOR('',#1815,1.);
#1815 = DIRECTION('',(-1.,0.));
#1816 = ( GEOMETRIC_REPRESENTATION_CONTEXT(2) 
PARAMETRIC_REPRESENTATION_CONTEXT() REPRESENTATION_CONTEXT('2D SPACE',''
  ) );
#1817 = ORIENTED_EDGE('',*,*,#1526,.F.);
#1818 = ADVANCED_FACE('',(#1819),#1435,.F.);
#1819 = FACE_BOUND('',#1820,.T.);
#1820 = EDGE_LOOP('',(#1821,#1822,#1823,#1851,#1877,#1899));
#1821 = ORIENTED_EDGE('',*,*,#1796,.F.);
#1822 = ORIENTED_EDGE('',*,*,#1419,.T.);
#1823 = ORIENTED_EDGE('',*,*,#1824,.F.);
#1824 = EDGE_CURVE('',#1825,#1394,#1827,.T.);
#1825 = VERTEX_POINT('',#1826);
#1826 = CARTESIAN_POINT('',(7.95803989155,29.1,26.5));
#1827 = SURFACE_CURVE('',#1828,(#1833,#1840),.PCURVE_S1.);
#1828 = CIRCLE('',#1829,3.);
#1829 = AXIS2_PLACEMENT_3D('',#1830,#1831,#1832);
#1830 = CARTESIAN_POINT('',(5.,29.1,26.));
#1831 = DIRECTION('',(-0.,1.,0.));
#1832 = DIRECTION('',(1.,0.,0.));
#1833 = PCURVE('',#1435,#1834);
#1834 = DEFINITIONAL_REPRESENTATION('',(#1835),#1839);
#1835 = LINE('',#1836,#1837);
#1836 = CARTESIAN_POINT('',(-6.28318530718,-3.06));
#1837 = VECTOR('',#1838,1.);
#1838 = DIRECTION('',(1.,-0.));
#1839 = ( GEOMETRIC_REPRESENTATION_CONTEXT(2) 
PARAMETRIC_REPRESENTATION_CONTEXT() REPRESENTATION_CONTEXT('2D SPACE',''
  ) );
#1840 = PCURVE('',#1408,#1841);
#1841 = DEFINITIONAL_REPRESENTATION('',(#1842),#1850);
#1842 = ( BOUNDED_CURVE() B_SPLINE_CURVE(2,(#1843,#1844,#1845,#1846,
#1847,#1848,#1849),.UNSPECIFIED.,.T.,.F.) B_SPLINE_CURVE_WITH_KNOTS((1,2
    ,2,2,2,1),(-2.094395102393,0.,2.094395102393,4.188790204786,
6.28318530718,8.377580409573),.UNSPECIFIED.) CURVE() 
GEOMETRIC_REPRESENTATION_ITEM() RATIONAL_B_SPLINE_CURVE((1.,0.5,1.,0.5,
1.,0.5,1.)) REPRESENTATION_ITEM('') );
#1843 = CARTESIAN_POINT('',(0.,-11.5));
#1844 = CARTESIAN_POINT('',(5.196152422707,-11.5));
#1845 = CARTESIAN_POINT('',(2.598076211353,-16.));
#1846 = CARTESIAN_POINT('',(7.347880794884E-16,-20.5));
#1847 = CARTESIAN_POINT('',(-2.598076211353,-16.));
#1848 = CARTESIAN_POINT('',(-5.196152422707,-11.5));
#1849 = CARTESIAN_POINT('',(0.,-11.5));
#1850 = ( GEOMETRIC_REPRESENTATION_CONTEXT(2) 
PARAMETRIC_REPRESENTATION_CONTEXT() REPRESENTATION_CONTEXT('2D SPACE',''
  ) );
#1851 = ORIENTED_EDGE('',*,*,#1852,.F.);
#1852 = EDGE_CURVE('',#1853,#1825,#1855,.T.);
#1853 = VERTEX_POINT('',#1854);
#1854 = CARTESIAN_POINT('',(7.95803989155,22.16,26.5));
#1855 = SURFACE_CURVE('',#1856,(#1860,#1866),.PCURVE_S1.);
#1856 = LINE('',#1857,#1858);
#1857 = CARTESIAN_POINT('',(7.95803989155,32.16,26.5));
#1858 = VECTOR('',#1859,1.);
#1859 = DIRECTION('',(-0.,1.,-0.));
#1860 = PCURVE('',#1435,#1861);
#1861 = DEFINITIONAL_REPRESENTATION('',(#1862),#1865);
#1862 = B_SPLINE_CURVE_WITH_KNOTS('',1,(#1863,#1864),.UNSPECIFIED.,.F.,
  .F.,(2,2),(-10.0000006,5.999999999062E-07),.PIECEWISE_BEZIER_KNOTS.);
#1863 = CARTESIAN_POINT('',(-0.16744807922,-10.0000006));
#1864 = CARTESIAN_POINT('',(-0.16744807922,5.999999999062E-07));
#1865 = ( GEOMETRIC_REPRESENTATION_CONTEXT(2) 
PARAMETRIC_REPRESENTATION_CONTEXT() REPRESENTATION_CONTEXT('2D SPACE',''
  ) );
#1866 = PCURVE('',#1867,#1872);
#1867 = PLANE('',#1868);
#1868 = AXIS2_PLACEMENT_3D('',#1869,#1870,#1871);
#1869 = CARTESIAN_POINT('',(32.,29.1,26.5));
#1870 = DIRECTION('',(-0.,-0.,-1.));
#1871 = DIRECTION('',(-1.,0.,0.));
#1872 = DEFINITIONAL_REPRESENTATION('',(#1873),#1876);
#1873 = B_SPLINE_CURVE_WITH_KNOTS('',1,(#1874,#1875),.UNSPECIFIED.,.F.,
  .F.,(2,2),(-10.0000006,5.999999999062E-07),.PIECEWISE_BEZIER_KNOTS.);
#1874 = CARTESIAN_POINT('',(24.04196010845,-6.9400006));
#1875 = CARTESIAN_POINT('',(24.04196010845,3.0600006));
#1876 = ( GEOMETRIC_REPRESENTATION_CONTEXT(2) 
PARAMETRIC_REPRESENTATION_CONTEXT() REPRESENTATION_CONTEXT('2D SPACE',''
  ) );
#1877 = ORIENTED_EDGE('',*,*,#1878,.T.);
#1878 = EDGE_CURVE('',#1853,#1548,#1879,.T.);
#1879 = SURFACE_CURVE('',#1880,(#1885,#1892),.PCURVE_S1.);
#1880 = CIRCLE('',#1881,3.);
#1881 = AXIS2_PLACEMENT_3D('',#1882,#1883,#1884);
#1882 = CARTESIAN_POINT('',(5.,22.16,26.));
#1883 = DIRECTION('',(0.,-1.,0.));
#1884 = DIRECTION('',(1.,0.,0.));
#1885 = PCURVE('',#1435,#1886);
#1886 = DEFINITIONAL_REPRESENTATION('',(#1887),#1891);
#1887 = LINE('',#1888,#1889);
#1888 = CARTESIAN_POINT('',(-0.,-10.));
#1889 = VECTOR('',#1890,1.);
#1890 = DIRECTION('',(-1.,0.));
#1891 = ( GEOMETRIC_REPRESENTATION_CONTEXT(2) 
PARAMETRIC_REPRESENTATION_CONTEXT() REPRESENTATION_CONTEXT('2D SPACE',''
  ) );
#1892 = PCURVE('',#1304,#1893);
#1893 = DEFINITIONAL_REPRESENTATION('',(#1894),#1898);
#1894 = CIRCLE('',#1895,3.);
#1895 = AXIS2_PLACEMENT_2D('',#1896,#1897);
#1896 = CARTESIAN_POINT('',(0.,0.));
#1897 = DIRECTION('',(0.,1.));
#1898 = ( GEOMETRIC_REPRESENTATION_CONTEXT(2) 
PARAMETRIC_REPRESENTATION_CONTEXT() REPRESENTATION_CONTEXT('2D SPACE',''
  ) );
#1899 = ORIENTED_EDGE('',*,*,#1547,.T.);
#1900 = ADVANCED_FACE('',(#1901),#1408,.T.);
#1901 = FACE_BOUND('',#1902,.T.);
#1902 = EDGE_LOOP('',(#1903,#1904,#1927,#1948));
#1903 = ORIENTED_EDGE('',*,*,#1393,.F.);
#1904 = ORIENTED_EDGE('',*,*,#1905,.T.);
#1905 = EDGE_CURVE('',#1368,#1906,#1908,.T.);
#1906 = VERTEX_POINT('',#1907);
#1907 = CARTESIAN_POINT('',(32.,29.1,26.5));
#1908 = SURFACE_CURVE('',#1909,(#1913,#1920),.PCURVE_S1.);
#1909 = LINE('',#1910,#1911);
#1910 = CARTESIAN_POINT('',(32.,29.1,25.5));
#1911 = VECTOR('',#1912,1.);
#1912 = DIRECTION('',(0.,0.,1.));
#1913 = PCURVE('',#1408,#1914);
#1914 = DEFINITIONAL_REPRESENTATION('',(#1915),#1919);
#1915 = LINE('',#1916,#1917);
#1916 = CARTESIAN_POINT('',(0.5,12.5));
#1917 = VECTOR('',#1918,1.);
#1918 = DIRECTION('',(-1.,0.));
#1919 = ( GEOMETRIC_REPRESENTATION_CONTEXT(2) 
PARAMETRIC_REPRESENTATION_CONTEXT() REPRESENTATION_CONTEXT('2D SPACE',''
  ) );
#1920 = PCURVE('',#1382,#1921);
#1921 = DEFINITIONAL_REPRESENTATION('',(#1922),#1926);
#1922 = LINE('',#1923,#1924);
#1923 = CARTESIAN_POINT('',(0.,0.));
#1924 = VECTOR('',#1925,1.);
#1925 = DIRECTION('',(1.,0.));
#1926 = ( GEOMETRIC_REPRESENTATION_CONTEXT(2) 
PARAMETRIC_REPRESENTATION_CONTEXT() REPRESENTATION_CONTEXT('2D SPACE',''
  ) );
#1927 = ORIENTED_EDGE('',*,*,#1928,.T.);
#1928 = EDGE_CURVE('',#1906,#1825,#1929,.T.);
#1929 = SURFACE_CURVE('',#1930,(#1934,#1941),.PCURVE_S1.);
#1930 = LINE('',#1931,#1932);
#1931 = CARTESIAN_POINT('',(32.,29.1,26.5));
#1932 = VECTOR('',#1933,1.);
#1933 = DIRECTION('',(-1.,0.,0.));
#1934 = PCURVE('',#1408,#1935);
#1935 = DEFINITIONAL_REPRESENTATION('',(#1936),#1940);
#1936 = LINE('',#1937,#1938);
#1937 = CARTESIAN_POINT('',(-0.5,12.5));
#1938 = VECTOR('',#1939,1.);
#1939 = DIRECTION('',(0.,-1.));
#1940 = ( GEOMETRIC_REPRESENTATION_CONTEXT(2) 
PARAMETRIC_REPRESENTATION_CONTEXT() REPRESENTATION_CONTEXT('2D SPACE',''
  ) );
#1941 = PCURVE('',#1867,#1942);
#1942 = DEFINITIONAL_REPRESENTATION('',(#1943),#1947);
#1943 = LINE('',#1944,#1945);
#1944 = CARTESIAN_POINT('',(0.,0.));
#1945 = VECTOR('',#1946,1.);
#1946 = DIRECTION('',(1.,0.));
#1947 = ( GEOMETRIC_REPRESENTATION_CONTEXT(2) 
PARAMETRIC_REPRESENTATION_CONTEXT() REPRESENTATION_CONTEXT('2D SPACE',''
  ) );
#1948 = ORIENTED_EDGE('',*,*,#1824,.T.);
#1949 = ADVANCED_FACE('',(#1950),#1382,.T.);
#1950 = FACE_BOUND('',#1951,.T.);
#1951 = EDGE_LOOP('',(#1952,#1953,#1954,#1977));
#1952 = ORIENTED_EDGE('',*,*,#1905,.F.);
#1953 = ORIENTED_EDGE('',*,*,#1367,.F.);
#1954 = ORIENTED_EDGE('',*,*,#1955,.T.);
#1955 = EDGE_CURVE('',#1342,#1956,#1958,.T.);
#1956 = VERTEX_POINT('',#1957);
#1957 = CARTESIAN_POINT('',(32.,-29.1,26.5));
#1958 = SURFACE_CURVE('',#1959,(#1963,#1970),.PCURVE_S1.);
#1959 = LINE('',#1960,#1961);
#1960 = CARTESIAN_POINT('',(32.,-29.1,25.5));
#1961 = VECTOR('',#1962,1.);
#1962 = DIRECTION('',(0.,0.,1.));
#1963 = PCURVE('',#1382,#1964);
#1964 = DEFINITIONAL_REPRESENTATION('',(#1965),#1969);
#1965 = LINE('',#1966,#1967);
#1966 = CARTESIAN_POINT('',(0.,-58.2));
#1967 = VECTOR('',#1968,1.);
#1968 = DIRECTION('',(1.,0.));
#1969 = ( GEOMETRIC_REPRESENTATION_CONTEXT(2) 
PARAMETRIC_REPRESENTATION_CONTEXT() REPRESENTATION_CONTEXT('2D SPACE',''
  ) );
#1970 = PCURVE('',#1356,#1971);
#1971 = DEFINITIONAL_REPRESENTATION('',(#1972),#1976);
#1972 = LINE('',#1973,#1974);
#1973 = CARTESIAN_POINT('',(0.5,12.5));
#1974 = VECTOR('',#1975,1.);
#1975 = DIRECTION('',(-1.,0.));
#1976 = ( GEOMETRIC_REPRESENTATION_CONTEXT(2) 
PARAMETRIC_REPRESENTATION_CONTEXT() REPRESENTATION_CONTEXT('2D SPACE',''
  ) );
#1977 = ORIENTED_EDGE('',*,*,#1978,.F.);
#1978 = EDGE_CURVE('',#1906,#1956,#1979,.T.);
#1979 = SURFACE_CURVE('',#1980,(#1984,#1991),.PCURVE_S1.);
#1980 = LINE('',#1981,#1982);
#1981 = CARTESIAN_POINT('',(32.,29.1,26.5));
#1982 = VECTOR('',#1983,1.);
#1983 = DIRECTION('',(0.,-1.,0.));
#1984 = PCURVE('',#1382,#1985);
#1985 = DEFINITIONAL_REPRESENTATION('',(#1986),#1990);
#1986 = LINE('',#1987,#1988);
#1987 = CARTESIAN_POINT('',(1.,0.));
#1988 = VECTOR('',#1989,1.);
#1989 = DIRECTION('',(0.,-1.));
#1990 = ( GEOMETRIC_REPRESENTATION_CONTEXT(2) 
PARAMETRIC_REPRESENTATION_CONTEXT() REPRESENTATION_CONTEXT('2D SPACE',''
  ) );
#1991 = PCURVE('',#1867,#1992);
#1992 = DEFINITIONAL_REPRESENTATION('',(#1993),#1997);
#1993 = LINE('',#1994,#1995);
#1994 = CARTESIAN_POINT('',(0.,0.));
#1995 = VECTOR('',#1996,1.);
#1996 = DIRECTION('',(0.,-1.));
#1997 = ( GEOMETRIC_REPRESENTATION_CONTEXT(2) 
PARAMETRIC_REPRESENTATION_CONTEXT() REPRESENTATION_CONTEXT('2D SPACE',''
  ) );
#1998 = ADVANCED_FACE('',(#1999),#1356,.F.);
#1999 = FACE_BOUND('',#2000,.F.);
#2000 = EDGE_LOOP('',(#2001,#2024,#2025,#2026));
#2001 = ORIENTED_EDGE('',*,*,#2002,.T.);
#2002 = EDGE_CURVE('',#2003,#1316,#2005,.T.);
#2003 = VERTEX_POINT('',#2004);
#2004 = CARTESIAN_POINT('',(7.,-29.1,26.5));
#2005 = SURFACE_CURVE('',#2006,(#2010,#2017),.PCURVE_S1.);
#2006 = LINE('',#2007,#2008);
#2007 = CARTESIAN_POINT('',(7.,-29.1,26.5));
#2008 = VECTOR('',#2009,1.);
#2009 = DIRECTION('',(0.,0.,-1.));
#2010 = PCURVE('',#1356,#2011);
#2011 = DEFINITIONAL_REPRESENTATION('',(#2012),#2016);
#2012 = LINE('',#2013,#2014);
#2013 = CARTESIAN_POINT('',(-0.5,-12.5));
#2014 = VECTOR('',#2015,1.);
#2015 = DIRECTION('',(1.,0.));
#2016 = ( GEOMETRIC_REPRESENTATION_CONTEXT(2) 
PARAMETRIC_REPRESENTATION_CONTEXT() REPRESENTATION_CONTEXT('2D SPACE',''
  ) );
#2017 = PCURVE('',#1330,#2018);
#2018 = DEFINITIONAL_REPRESENTATION('',(#2019),#2023);
#2019 = LINE('',#2020,#2021);
#2020 = CARTESIAN_POINT('',(0.,-58.2));
#2021 = VECTOR('',#2022,1.);
#2022 = DIRECTION('',(1.,0.));
#2023 = ( GEOMETRIC_REPRESENTATION_CONTEXT(2) 
PARAMETRIC_REPRESENTATION_CONTEXT() REPRESENTATION_CONTEXT('2D SPACE',''
  ) );
#2024 = ORIENTED_EDGE('',*,*,#1341,.F.);
#2025 = ORIENTED_EDGE('',*,*,#1955,.T.);
#2026 = ORIENTED_EDGE('',*,*,#2027,.T.);
#2027 = EDGE_CURVE('',#1956,#2003,#2028,.T.);
#2028 = SURFACE_CURVE('',#2029,(#2033,#2040),.PCURVE_S1.);
#2029 = LINE('',#2030,#2031);
#2030 = CARTESIAN_POINT('',(32.,-29.1,26.5));
#2031 = VECTOR('',#2032,1.);
#2032 = DIRECTION('',(-1.,0.,0.));
#2033 = PCURVE('',#1356,#2034);
#2034 = DEFINITIONAL_REPRESENTATION('',(#2035),#2039);
#2035 = LINE('',#2036,#2037);
#2036 = CARTESIAN_POINT('',(-0.5,12.5));
#2037 = VECTOR('',#2038,1.);
#2038 = DIRECTION('',(0.,-1.));
#2039 = ( GEOMETRIC_REPRESENTATION_CONTEXT(2) 
PARAMETRIC_REPRESENTATION_CONTEXT() REPRESENTATION_CONTEXT('2D SPACE',''
  ) );
#2040 = PCURVE('',#1867,#2041);
#2041 = DEFINITIONAL_REPRESENTATION('',(#2042),#2046);
#2042 = LINE('',#2043,#2044);
#2043 = CARTESIAN_POINT('',(0.,-58.2));
#2044 = VECTOR('',#2045,1.);
#2045 = DIRECTION('',(1.,0.));
#2046 = ( GEOMETRIC_REPRESENTATION_CONTEXT(2) 
PARAMETRIC_REPRESENTATION_CONTEXT() REPRESENTATION_CONTEXT('2D SPACE',''
  ) );
#2047 = ADVANCED_FACE('',(#2048),#1330,.T.);
#2048 = FACE_BOUND('',#2049,.T.);
#2049 = EDGE_LOOP('',(#2050,#2071,#2092,#2093));
#2050 = ORIENTED_EDGE('',*,*,#2051,.T.);
#2051 = EDGE_CURVE('',#1290,#2052,#2054,.T.);
#2052 = VERTEX_POINT('',#2053);
#2053 = CARTESIAN_POINT('',(7.,22.16,26.5));
#2054 = SURFACE_CURVE('',#2055,(#2059,#2065),.PCURVE_S1.);
#2055 = LINE('',#2056,#2057);
#2056 = CARTESIAN_POINT('',(7.,22.16,26.25));
#2057 = VECTOR('',#2058,1.);
#2058 = DIRECTION('',(0.,0.,1.));
#2059 = PCURVE('',#1330,#2060);
#2060 = DEFINITIONAL_REPRESENTATION('',(#2061),#2064);
#2061 = B_SPLINE_CURVE_WITH_KNOTS('',1,(#2062,#2063),.UNSPECIFIED.,.F.,
  .F.,(2,2),(-0.75,0.25),.PIECEWISE_BEZIER_KNOTS.);
#2062 = CARTESIAN_POINT('',(1.,-6.94));
#2063 = CARTESIAN_POINT('',(0.,-6.94));
#2064 = ( GEOMETRIC_REPRESENTATION_CONTEXT(2) 
PARAMETRIC_REPRESENTATION_CONTEXT() REPRESENTATION_CONTEXT('2D SPACE',''
  ) );
#2065 = PCURVE('',#1304,#2066);
#2066 = DEFINITIONAL_REPRESENTATION('',(#2067),#2070);
#2067 = B_SPLINE_CURVE_WITH_KNOTS('',1,(#2068,#2069),.UNSPECIFIED.,.F.,
  .F.,(2,2),(-0.75,0.25),.PIECEWISE_BEZIER_KNOTS.);
#2068 = CARTESIAN_POINT('',(0.5,2.));
#2069 = CARTESIAN_POINT('',(-0.5,2.));
#2070 = ( GEOMETRIC_REPRESENTATION_CONTEXT(2) 
PARAMETRIC_REPRESENTATION_CONTEXT() REPRESENTATION_CONTEXT('2D SPACE',''
  ) );
#2071 = ORIENTED_EDGE('',*,*,#2072,.T.);
#2072 = EDGE_CURVE('',#2052,#2003,#2073,.T.);
#2073 = SURFACE_CURVE('',#2074,(#2078,#2085),.PCURVE_S1.);
#2074 = LINE('',#2075,#2076);
#2075 = CARTESIAN_POINT('',(7.,29.1,26.5));
#2076 = VECTOR('',#2077,1.);
#2077 = DIRECTION('',(0.,-1.,0.));
#2078 = PCURVE('',#1330,#2079);
#2079 = DEFINITIONAL_REPRESENTATION('',(#2080),#2084);
#2080 = LINE('',#2081,#2082);
#2081 = CARTESIAN_POINT('',(0.,0.));
#2082 = VECTOR('',#2083,1.);
#2083 = DIRECTION('',(0.,-1.));
#2084 = ( GEOMETRIC_REPRESENTATION_CONTEXT(2) 
PARAMETRIC_REPRESENTATION_CONTEXT() REPRESENTATION_CONTEXT('2D SPACE',''
  ) );
#2085 = PCURVE('',#1867,#2086);
#2086 = DEFINITIONAL_REPRESENTATION('',(#2087),#2091);
#2087 = LINE('',#2088,#2089);
#2088 = CARTESIAN_POINT('',(25.,0.));
#2089 = VECTOR('',#2090,1.);
#2090 = DIRECTION('',(0.,-1.));
#2091 = ( GEOMETRIC_REPRESENTATION_CONTEXT(2) 
PARAMETRIC_REPRESENTATION_CONTEXT() REPRESENTATION_CONTEXT('2D SPACE',''
  ) );
#2092 = ORIENTED_EDGE('',*,*,#2002,.T.);
#2093 = ORIENTED_EDGE('',*,*,#1315,.F.);
#2094 = ADVANCED_FACE('',(#2095),#1304,.F.);
#2095 = FACE_BOUND('',#2096,.F.);
#2096 = EDGE_LOOP('',(#2097,#2098,#2099,#2118,#2119));
#2097 = ORIENTED_EDGE('',*,*,#1289,.F.);
#2098 = ORIENTED_EDGE('',*,*,#2051,.T.);
#2099 = ORIENTED_EDGE('',*,*,#2100,.T.);
#2100 = EDGE_CURVE('',#2052,#1853,#2101,.T.);
#2101 = SURFACE_CURVE('',#2102,(#2106,#2112),.PCURVE_S1.);
#2102 = LINE('',#2103,#2104);
#2103 = CARTESIAN_POINT('',(18.5,22.16,26.5));
#2104 = VECTOR('',#2105,1.);
#2105 = DIRECTION('',(1.,0.,0.));
#2106 = PCURVE('',#1304,#2107);
#2107 = DEFINITIONAL_REPRESENTATION('',(#2108),#2111);
#2108 = B_SPLINE_CURVE_WITH_KNOTS('',1,(#2109,#2110),.UNSPECIFIED.,.F.,
  .F.,(2,2),(-11.5,-10.5),.PIECEWISE_BEZIER_KNOTS.);
#2109 = CARTESIAN_POINT('',(-0.5,2.));
#2110 = CARTESIAN_POINT('',(-0.5,3.));
#2111 = ( GEOMETRIC_REPRESENTATION_CONTEXT(2) 
PARAMETRIC_REPRESENTATION_CONTEXT() REPRESENTATION_CONTEXT('2D SPACE',''
  ) );
#2112 = PCURVE('',#1867,#2113);
#2113 = DEFINITIONAL_REPRESENTATION('',(#2114),#2117);
#2114 = B_SPLINE_CURVE_WITH_KNOTS('',1,(#2115,#2116),.UNSPECIFIED.,.F.,
  .F.,(2,2),(-11.5,-10.5),.PIECEWISE_BEZIER_KNOTS.);
#2115 = CARTESIAN_POINT('',(25.,-6.94));
#2116 = CARTESIAN_POINT('',(24.,-6.94));
#2117 = ( GEOMETRIC_REPRESENTATION_CONTEXT(2) 
PARAMETRIC_REPRESENTATION_CONTEXT() REPRESENTATION_CONTEXT('2D SPACE',''
  ) );
#2118 = ORIENTED_EDGE('',*,*,#1878,.T.);
#2119 = ORIENTED_EDGE('',*,*,#1568,.F.);
#2120 = ADVANCED_FACE('',(#2121,#2124),#1739,.T.);
#2121 = FACE_BOUND('',#2122,.T.);
#2122 = EDGE_LOOP('',(#2123));
#2123 = ORIENTED_EDGE('',*,*,#1724,.T.);
#2124 = FACE_BOUND('',#2125,.T.);
#2125 = EDGE_LOOP('',(#2126));
#2126 = ORIENTED_EDGE('',*,*,#2127,.T.);
#2127 = EDGE_CURVE('',#2128,#2128,#2130,.T.);
#2128 = VERTEX_POINT('',#2129);
#2129 = CARTESIAN_POINT('',(-9.,-30.,17.5));
#2130 = SURFACE_CURVE('',#2131,(#2136,#2147),.PCURVE_S1.);
#2131 = CIRCLE('',#2132,2.);
#2132 = AXIS2_PLACEMENT_3D('',#2133,#2134,#2135);
#2133 = CARTESIAN_POINT('',(-9.,-30.,15.5));
#2134 = DIRECTION('',(1.,0.,0.));
#2135 = DIRECTION('',(-0.,0.,1.));
#2136 = PCURVE('',#1739,#2137);
#2137 = DEFINITIONAL_REPRESENTATION('',(#2138),#2146);
#2138 = ( BOUNDED_CURVE() B_SPLINE_CURVE(2,(#2139,#2140,#2141,#2142,
#2143,#2144,#2145),.UNSPECIFIED.,.T.,.F.) B_SPLINE_CURVE_WITH_KNOTS((1,2
    ,2,2,2,1),(-2.094395102393,0.,2.094395102393,4.188790204786,
6.28318530718,8.377580409573),.UNSPECIFIED.) CURVE() 
GEOMETRIC_REPRESENTATION_ITEM() RATIONAL_B_SPLINE_CURVE((1.,0.5,1.,0.5,
1.,0.5,1.)) REPRESENTATION_ITEM('') );
#2139 = CARTESIAN_POINT('',(-2.,0.));
#2140 = CARTESIAN_POINT('',(-2.,3.464101615138));
#2141 = CARTESIAN_POINT('',(1.,1.732050807569));
#2142 = CARTESIAN_POINT('',(4.,4.898587196589E-16));
#2143 = CARTESIAN_POINT('',(1.,-1.732050807569));
#2144 = CARTESIAN_POINT('',(-2.,-3.464101615138));
#2145 = CARTESIAN_POINT('',(-2.,0.));
#2146 = ( GEOMETRIC_REPRESENTATION_CONTEXT(2) 
PARAMETRIC_REPRESENTATION_CONTEXT() REPRESENTATION_CONTEXT('2D SPACE',''
  ) );
#2147 = PCURVE('',#2148,#2153);
#2148 = CYLINDRICAL_SURFACE('',#2149,2.);
#2149 = AXIS2_PLACEMENT_3D('',#2150,#2151,#2152);
#2150 = CARTESIAN_POINT('',(-9.,-30.,15.5));
#2151 = DIRECTION('',(1.,0.,0.));
#2152 = DIRECTION('',(-0.,0.,1.));
#2153 = DEFINITIONAL_REPRESENTATION('',(#2154),#2158);
#2154 = LINE('',#2155,#2156);
#2155 = CARTESIAN_POINT('',(0.,0.));
#2156 = VECTOR('',#2157,1.);
#2157 = DIRECTION('',(1.,0.));
#2158 = ( GEOMETRIC_REPRESENTATION_CONTEXT(2) 
PARAMETRIC_REPRESENTATION_CONTEXT() REPRESENTATION_CONTEXT('2D SPACE',''
  ) );
#2159 = ADVANCED_FACE('',(#2160),#1780,.F.);
#2160 = FACE_BOUND('',#2161,.F.);
#2161 = EDGE_LOOP('',(#2162,#2191,#2212,#2213));
#2162 = ORIENTED_EDGE('',*,*,#2163,.F.);
#2163 = EDGE_CURVE('',#2164,#2164,#2166,.T.);
#2164 = VERTEX_POINT('',#2165);
#2165 = CARTESIAN_POINT('',(-3.,30.,17.5));
#2166 = SURFACE_CURVE('',#2167,(#2172,#2179),.PCURVE_S1.);
#2167 = CIRCLE('',#2168,2.);
#2168 = AXIS2_PLACEMENT_3D('',#2169,#2170,#2171);
#2169 = CARTESIAN_POINT('',(-3.,30.,15.5));
#2170 = DIRECTION('',(1.,0.,0.));
#2171 = DIRECTION('',(-0.,0.,1.));
#2172 = PCURVE('',#1780,#2173);
#2173 = DEFINITIONAL_REPRESENTATION('',(#2174),#2178);
#2174 = LINE('',#2175,#2176);
#2175 = CARTESIAN_POINT('',(0.,6.));
#2176 = VECTOR('',#2177,1.);
#2177 = DIRECTION('',(1.,0.));
#2178 = ( GEOMETRIC_REPRESENTATION_CONTEXT(2) 
PARAMETRIC_REPRESENTATION_CONTEXT() REPRESENTATION_CONTEXT('2D SPACE',''
  ) );
#2179 = PCURVE('',#2180,#2185);
#2180 = PLANE('',#2181);
#2181 = AXIS2_PLACEMENT_3D('',#2182,#2183,#2184);
#2182 = CARTESIAN_POINT('',(-3.,30.,15.5));
#2183 = DIRECTION('',(1.,0.,0.));
#2184 = DIRECTION('',(-0.,0.,1.));
#2185 = DEFINITIONAL_REPRESENTATION('',(#2186),#2190);
#2186 = CIRCLE('',#2187,2.);
#2187 = AXIS2_PLACEMENT_2D('',#2188,#2189);
#2188 = CARTESIAN_POINT('',(0.,0.));
#2189 = DIRECTION('',(1.,0.));
#2190 = ( GEOMETRIC_REPRESENTATION_CONTEXT(2) 
PARAMETRIC_REPRESENTATION_CONTEXT() REPRESENTATION_CONTEXT('2D SPACE',''
  ) );
#2191 = ORIENTED_EDGE('',*,*,#2192,.F.);
#2192 = EDGE_CURVE('',#1760,#2164,#2193,.T.);
#2193 = SEAM_CURVE('',#2194,(#2198,#2205),.PCURVE_S1.);
#2194 = LINE('',#2195,#2196);
#2195 = CARTESIAN_POINT('',(-9.,30.,17.5));
#2196 = VECTOR('',#2197,1.);
#2197 = DIRECTION('',(1.,0.,0.));
#2198 = PCURVE('',#1780,#2199);
#2199 = DEFINITIONAL_REPRESENTATION('',(#2200),#2204);
#2200 = LINE('',#2201,#2202);
#2201 = CARTESIAN_POINT('',(6.28318530718,-0.));
#2202 = VECTOR('',#2203,1.);
#2203 = DIRECTION('',(0.,1.));
#2204 = ( GEOMETRIC_REPRESENTATION_CONTEXT(2) 
PARAMETRIC_REPRESENTATION_CONTEXT() REPRESENTATION_CONTEXT('2D SPACE',''
  ) );
#2205 = PCURVE('',#1780,#2206);
#2206 = DEFINITIONAL_REPRESENTATION('',(#2207),#2211);
#2207 = LINE('',#2208,#2209);
#2208 = CARTESIAN_POINT('',(0.,-0.));
#2209 = VECTOR('',#2210,1.);
#2210 = DIRECTION('',(0.,1.));
#2211 = ( GEOMETRIC_REPRESENTATION_CONTEXT(2) 
PARAMETRIC_REPRESENTATION_CONTEXT() REPRESENTATION_CONTEXT('2D SPACE',''
  ) );
#2212 = ORIENTED_EDGE('',*,*,#1759,.T.);
#2213 = ORIENTED_EDGE('',*,*,#2192,.T.);
#2214 = ADVANCED_FACE('',(#2215),#1867,.T.);
#2215 = FACE_BOUND('',#2216,.T.);
#2216 = EDGE_LOOP('',(#2217,#2218,#2219,#2220,#2221,#2222));
#2217 = ORIENTED_EDGE('',*,*,#1928,.F.);
#2218 = ORIENTED_EDGE('',*,*,#1978,.T.);
#2219 = ORIENTED_EDGE('',*,*,#2027,.T.);
#2220 = ORIENTED_EDGE('',*,*,#2072,.F.);
#2221 = ORIENTED_EDGE('',*,*,#2100,.T.);
#2222 = ORIENTED_EDGE('',*,*,#1852,.T.);
#2223 = ADVANCED_FACE('',(#2224),#2148,.F.);
#2224 = FACE_BOUND('',#2225,.F.);
#2225 = EDGE_LOOP('',(#2226,#2255,#2276,#2277));
#2226 = ORIENTED_EDGE('',*,*,#2227,.F.);
#2227 = EDGE_CURVE('',#2228,#2228,#2230,.T.);
#2228 = VERTEX_POINT('',#2229);
#2229 = CARTESIAN_POINT('',(-3.,-30.,17.5));
#2230 = SURFACE_CURVE('',#2231,(#2236,#2243),.PCURVE_S1.);
#2231 = CIRCLE('',#2232,2.);
#2232 = AXIS2_PLACEMENT_3D('',#2233,#2234,#2235);
#2233 = CARTESIAN_POINT('',(-3.,-30.,15.5));
#2234 = DIRECTION('',(1.,0.,0.));
#2235 = DIRECTION('',(-0.,0.,1.));
#2236 = PCURVE('',#2148,#2237);
#2237 = DEFINITIONAL_REPRESENTATION('',(#2238),#2242);
#2238 = LINE('',#2239,#2240);
#2239 = CARTESIAN_POINT('',(0.,6.));
#2240 = VECTOR('',#2241,1.);
#2241 = DIRECTION('',(1.,0.));
#2242 = ( GEOMETRIC_REPRESENTATION_CONTEXT(2) 
PARAMETRIC_REPRESENTATION_CONTEXT() REPRESENTATION_CONTEXT('2D SPACE',''
  ) );
#2243 = PCURVE('',#2244,#2249);
#2244 = PLANE('',#2245);
#2245 = AXIS2_PLACEMENT_3D('',#2246,#2247,#2248);
#2246 = CARTESIAN_POINT('',(-3.,-30.,15.5));
#2247 = DIRECTION('',(1.,0.,0.));
#2248 = DIRECTION('',(-0.,0.,1.));
#2249 = DEFINITIONAL_REPRESENTATION('',(#2250),#2254);
#2250 = CIRCLE('',#2251,2.);
#2251 = AXIS2_PLACEMENT_2D('',#2252,#2253);
#2252 = CARTESIAN_POINT('',(0.,0.));
#2253 = DIRECTION('',(1.,0.));
#2254 = ( GEOMETRIC_REPRESENTATION_CONTEXT(2) 
PARAMETRIC_REPRESENTATION_CONTEXT() REPRESENTATION_CONTEXT('2D SPACE',''
  ) );
#2255 = ORIENTED_EDGE('',*,*,#2256,.F.);
#2256 = EDGE_CURVE('',#2128,#2228,#2257,.T.);
#2257 = SEAM_CURVE('',#2258,(#2262,#2269),.PCURVE_S1.);
#2258 = LINE('',#2259,#2260);
#2259 = CARTESIAN_POINT('',(-9.,-30.,17.5));
#2260 = VECTOR('',#2261,1.);
#2261 = DIRECTION('',(1.,0.,0.));
#2262 = PCURVE('',#2148,#2263);
#2263 = DEFINITIONAL_REPRESENTATION('',(#2264),#2268);
#2264 = LINE('',#2265,#2266);
#2265 = CARTESIAN_POINT('',(6.28318530718,-0.));
#2266 = VECTOR('',#2267,1.);
#2267 = DIRECTION('',(0.,1.));
#2268 = ( GEOMETRIC_REPRESENTATION_CONTEXT(2) 
PARAMETRIC_REPRESENTATION_CONTEXT() REPRESENTATION_CONTEXT('2D SPACE',''
  ) );
#2269 = PCURVE('',#2148,#2270);
#2270 = DEFINITIONAL_REPRESENTATION('',(#2271),#2275);
#2271 = LINE('',#2272,#2273);
#2272 = CARTESIAN_POINT('',(0.,-0.));
#2273 = VECTOR('',#2274,1.);
#2274 = DIRECTION('',(0.,1.));
#2275 = ( GEOMETRIC_REPRESENTATION_CONTEXT(2) 
PARAMETRIC_REPRESENTATION_CONTEXT() REPRESENTATION_CONTEXT('2D SPACE',''
  ) );
#2276 = ORIENTED_EDGE('',*,*,#2127,.T.);
#2277 = ORIENTED_EDGE('',*,*,#2256,.T.);
#2278 = ADVANCED_FACE('',(#2279),#2180,.F.);
#2279 = FACE_BOUND('',#2280,.F.);
#2280 = EDGE_LOOP('',(#2281));
#2281 = ORIENTED_EDGE('',*,*,#2163,.T.);
#2282 = ADVANCED_FACE('',(#2283),#2244,.F.);
#2283 = FACE_BOUND('',#2284,.F.);
#2284 = EDGE_LOOP('',(#2285));
#2285 = ORIENTED_EDGE('',*,*,#2227,.T.);
#2286 = ( GEOMETRIC_REPRESENTATION_CONTEXT(3) 
GLOBAL_UNCERTAINTY_ASSIGNED_CONTEXT((#2290)) 
GLOBAL_UNIT_ASSIGNED_CONTEXT((#2287,#2288,#2289)) REPRESENTATION_CONTEXT
('Context #1','3D Context with UNIT and UNCERTAINTY') );
#2287 = ( LENGTH_UNIT() NAMED_UNIT(*) SI_UNIT(.MILLI.,.METRE.) );
#2288 = ( NAMED_UNIT(*) PLANE_ANGLE_UNIT() SI_UNIT($,.RADIAN.) );
#2289 = ( NAMED_UNIT(*) SI_UNIT($,.STERADIAN.) SOLID_ANGLE_UNIT() );
#2290 = UNCERTAINTY_MEASURE_WITH_UNIT(LENGTH_MEASURE(1.E-07),#2287,
  'distance_accuracy_value','confusion accuracy');
#2291 = CONTEXT_DEPENDENT_SHAPE_REPRESENTATION(#2292,#2294);
#2292 = ( REPRESENTATION_RELATIONSHIP('','',#40,#10) 
REPRESENTATION_RELATIONSHIP_WITH_TRANSFORMATION(#2293) 
SHAPE_REPRESENTATION_RELATIONSHIP() );
#2293 = ITEM_DEFINED_TRANSFORMATION('','',#11,#15);
#2294 = PRODUCT_DEFINITION_SHAPE('Placement','Placement of an item',
  #2295);
#2295 = NEXT_ASSEMBLY_USAGE_OCCURRENCE('3','','',#5,#35,$);
#2296 = PRODUCT_RELATED_PRODUCT_CATEGORY('part',$,(#37));
#2297 = SHAPE_DEFINITION_REPRESENTATION(#2298,#2304);
#2298 = PRODUCT_DEFINITION_SHAPE('','',#2299);
#2299 = PRODUCT_DEFINITION('design','',#2300,#2303);
#2300 = PRODUCT_DEFINITION_FORMATION('','',#2301);
#2301 = PRODUCT('Open CASCADE STEP translator 7.9 4.2',
  'Open CASCADE STEP translator 7.9 4.2','',(#2302));
#2302 = PRODUCT_CONTEXT('',#2,'mechanical');
#2303 = PRODUCT_DEFINITION_CONTEXT('part definition',#2,'design');
#2304 = SHAPE_REPRESENTATION('',(#11,#2305,#2309),#2313);
#2305 = AXIS2_PLACEMENT_3D('',#2306,#2307,#2308);
#2306 = CARTESIAN_POINT('',(0.,0.,0.));
#2307 = DIRECTION('',(0.,0.,1.));
#2308 = DIRECTION('',(1.,0.,-0.));
#2309 = AXIS2_PLACEMENT_3D('',#2310,#2311,#2312);
#2310 = CARTESIAN_POINT('',(0.,0.,0.));
#2311 = DIRECTION('',(0.,0.,1.));
#2312 = DIRECTION('',(1.,0.,-0.));
#2313 = ( GEOMETRIC_REPRESENTATION_CONTEXT(3) 
GLOBAL_UNCERTAINTY_ASSIGNED_CONTEXT((#2317)) 
GLOBAL_UNIT_ASSIGNED_CONTEXT((#2314,#2315,#2316)) REPRESENTATION_CONTEXT
('Context #1','3D Context with UNIT and UNCERTAINTY') );
#2314 = ( LENGTH_UNIT() NAMED_UNIT(*) SI_UNIT(.MILLI.,.METRE.) );
#2315 = ( NAMED_UNIT(*) PLANE_ANGLE_UNIT() SI_UNIT($,.RADIAN.) );
#2316 = ( NAMED_UNIT(*) SI_UNIT($,.STERADIAN.) SOLID_ANGLE_UNIT() );
#2317 = UNCERTAINTY_MEASURE_WITH_UNIT(LENGTH_MEASURE(1.E-07),#2314,
  'distance_accuracy_value','confusion accuracy');
#2318 = CONTEXT_DEPENDENT_SHAPE_REPRESENTATION(#2319,#2321);
#2319 = ( REPRESENTATION_RELATIONSHIP('','',#2304,#10) 
REPRESENTATION_RELATIONSHIP_WITH_TRANSFORMATION(#2320) 
SHAPE_REPRESENTATION_RELATIONSHIP() );
#2320 = ITEM_DEFINED_TRANSFORMATION('','',#11,#19);
#2321 = PRODUCT_DEFINITION_SHAPE('Placement','Placement of an item',
  #2322);
#2322 = NEXT_ASSEMBLY_USAGE_OCCURRENCE('6','','',#5,#2299,$);
#2323 = PRODUCT_RELATED_PRODUCT_CATEGORY('part',$,(#2301));
#2324 = SHAPE_DEFINITION_REPRESENTATION(#2325,#2331);
#2325 = PRODUCT_DEFINITION_SHAPE('','',#2326);
#2326 = PRODUCT_DEFINITION('design','',#2327,#2330);
#2327 = PRODUCT_DEFINITION_FORMATION('','',#2328);
#2328 = PRODUCT('Open CASCADE STEP translator 7.9 4.2.1',
  'Open CASCADE STEP translator 7.9 4.2.1','',(#2329));
#2329 = PRODUCT_CONTEXT('',#2,'mechanical');
#2330 = PRODUCT_DEFINITION_CONTEXT('part definition',#2,'design');
#2331 = ADVANCED_BREP_SHAPE_REPRESENTATION('',(#11,#2332),#4703);
#2332 = MANIFOLD_SOLID_BREP('',#2333);
#2333 = CLOSED_SHELL('',(#2334,#2555,#2786,#2922,#3100,#3140,#3190,#3388
    ,#3688,#3865,#3987,#4037,#4091,#4118,#4173,#4228,#4282,#4336,#4363,
    #4413,#4465,#4521,#4571,#4632,#4639,#4669,#4676));
#2334 = ADVANCED_FACE('',(#2335),#2349,.F.);
#2335 = FACE_BOUND('',#2336,.F.);
#2336 = EDGE_LOOP('',(#2337,#2372,#2400,#2428,#2456,#2482,#2508,#2529));
#2337 = ORIENTED_EDGE('',*,*,#2338,.F.);
#2338 = EDGE_CURVE('',#2339,#2341,#2343,.T.);
#2339 = VERTEX_POINT('',#2340);
#2340 = CARTESIAN_POINT('',(-12.,-15.65,11.));
#2341 = VERTEX_POINT('',#2342);
#2342 = CARTESIAN_POINT('',(-6.,-15.65,11.));
#2343 = SURFACE_CURVE('',#2344,(#2348,#2360),.PCURVE_S1.);
#2344 = LINE('',#2345,#2346);
#2345 = CARTESIAN_POINT('',(-18.,-15.65,11.));
#2346 = VECTOR('',#2347,1.);
#2347 = DIRECTION('',(1.,0.,0.));
#2348 = PCURVE('',#2349,#2354);
#2349 = PLANE('',#2350);
#2350 = AXIS2_PLACEMENT_3D('',#2351,#2352,#2353);
#2351 = CARTESIAN_POINT('',(-18.,-15.65,11.));
#2352 = DIRECTION('',(-0.,0.,1.));
#2353 = DIRECTION('',(1.,0.,0.));
#2354 = DEFINITIONAL_REPRESENTATION('',(#2355),#2359);
#2355 = LINE('',#2356,#2357);
#2356 = CARTESIAN_POINT('',(0.,0.));
#2357 = VECTOR('',#2358,1.);
#2358 = DIRECTION('',(1.,0.));
#2359 = ( GEOMETRIC_REPRESENTATION_CONTEXT(2) 
PARAMETRIC_REPRESENTATION_CONTEXT() REPRESENTATION_CONTEXT('2D SPACE',''
  ) );
#2360 = PCURVE('',#2361,#2366);
#2361 = PLANE('',#2362);
#2362 = AXIS2_PLACEMENT_3D('',#2363,#2364,#2365);
#2363 = CARTESIAN_POINT('',(-9.,-15.65,27.5));
#2364 = DIRECTION('',(-0.,-1.,-0.));
#2365 = DIRECTION('',(0.,0.,-1.));
#2366 = DEFINITIONAL_REPRESENTATION('',(#2367),#2371);
#2367 = LINE('',#2368,#2369);
#2368 = CARTESIAN_POINT('',(16.5,-9.));
#2369 = VECTOR('',#2370,1.);
#2370 = DIRECTION('',(0.,1.));
#2371 = ( GEOMETRIC_REPRESENTATION_CONTEXT(2) 
PARAMETRIC_REPRESENTATION_CONTEXT() REPRESENTATION_CONTEXT('2D SPACE',''
  ) );
#2372 = ORIENTED_EDGE('',*,*,#2373,.T.);
#2373 = EDGE_CURVE('',#2339,#2374,#2376,.T.);
#2374 = VERTEX_POINT('',#2375);
#2375 = CARTESIAN_POINT('',(-12.,-44.35,11.));
#2376 = SURFACE_CURVE('',#2377,(#2381,#2388),.PCURVE_S1.);
#2377 = LINE('',#2378,#2379);
#2378 = CARTESIAN_POINT('',(-12.,-15.65,11.));
#2379 = VECTOR('',#2380,1.);
#2380 = DIRECTION('',(0.,-1.,0.));
#2381 = PCURVE('',#2349,#2382);
#2382 = DEFINITIONAL_REPRESENTATION('',(#2383),#2387);
#2383 = LINE('',#2384,#2385);
#2384 = CARTESIAN_POINT('',(6.,0.));
#2385 = VECTOR('',#2386,1.);
#2386 = DIRECTION('',(0.,-1.));
#2387 = ( GEOMETRIC_REPRESENTATION_CONTEXT(2) 
PARAMETRIC_REPRESENTATION_CONTEXT() REPRESENTATION_CONTEXT('2D SPACE',''
  ) );
#2388 = PCURVE('',#2389,#2394);
#2389 = CYLINDRICAL_SURFACE('',#2390,6.);
#2390 = AXIS2_PLACEMENT_3D('',#2391,#2392,#2393);
#2391 = CARTESIAN_POINT('',(-12.,-15.65,17.));
#2392 = DIRECTION('',(0.,-1.,0.));
#2393 = DIRECTION('',(0.,-0.,-1.));
#2394 = DEFINITIONAL_REPRESENTATION('',(#2395),#2399);
#2395 = LINE('',#2396,#2397);
#2396 = CARTESIAN_POINT('',(-0.,0.));
#2397 = VECTOR('',#2398,1.);
#2398 = DIRECTION('',(-0.,1.));
#2399 = ( GEOMETRIC_REPRESENTATION_CONTEXT(2) 
PARAMETRIC_REPRESENTATION_CONTEXT() REPRESENTATION_CONTEXT('2D SPACE',''
  ) );
#2400 = ORIENTED_EDGE('',*,*,#2401,.T.);
#2401 = EDGE_CURVE('',#2374,#2402,#2404,.T.);
#2402 = VERTEX_POINT('',#2403);
#2403 = CARTESIAN_POINT('',(-6.,-44.35,11.));
#2404 = SURFACE_CURVE('',#2405,(#2409,#2416),.PCURVE_S1.);
#2405 = LINE('',#2406,#2407);
#2406 = CARTESIAN_POINT('',(-18.,-44.35,11.));
#2407 = VECTOR('',#2408,1.);
#2408 = DIRECTION('',(1.,0.,0.));
#2409 = PCURVE('',#2349,#2410);
#2410 = DEFINITIONAL_REPRESENTATION('',(#2411),#2415);
#2411 = LINE('',#2412,#2413);
#2412 = CARTESIAN_POINT('',(0.,-28.7));
#2413 = VECTOR('',#2414,1.);
#2414 = DIRECTION('',(1.,0.));
#2415 = ( GEOMETRIC_REPRESENTATION_CONTEXT(2) 
PARAMETRIC_REPRESENTATION_CONTEXT() REPRESENTATION_CONTEXT('2D SPACE',''
  ) );
#2416 = PCURVE('',#2417,#2422);
#2417 = PLANE('',#2418);
#2418 = AXIS2_PLACEMENT_3D('',#2419,#2420,#2421);
#2419 = CARTESIAN_POINT('',(-9.,-44.35,27.5));
#2420 = DIRECTION('',(-0.,-1.,-0.));
#2421 = DIRECTION('',(0.,0.,-1.));
#2422 = DEFINITIONAL_REPRESENTATION('',(#2423),#2427);
#2423 = LINE('',#2424,#2425);
#2424 = CARTESIAN_POINT('',(16.5,-9.));
#2425 = VECTOR('',#2426,1.);
#2426 = DIRECTION('',(0.,1.));
#2427 = ( GEOMETRIC_REPRESENTATION_CONTEXT(2) 
PARAMETRIC_REPRESENTATION_CONTEXT() REPRESENTATION_CONTEXT('2D SPACE',''
  ) );
#2428 = ORIENTED_EDGE('',*,*,#2429,.F.);
#2429 = EDGE_CURVE('',#2430,#2402,#2432,.T.);
#2430 = VERTEX_POINT('',#2431);
#2431 = CARTESIAN_POINT('',(-6.,-33.57945526581,11.));
#2432 = SURFACE_CURVE('',#2433,(#2437,#2444),.PCURVE_S1.);
#2433 = LINE('',#2434,#2435);
#2434 = CARTESIAN_POINT('',(-6.,-15.65,11.));
#2435 = VECTOR('',#2436,1.);
#2436 = DIRECTION('',(0.,-1.,0.));
#2437 = PCURVE('',#2349,#2438);
#2438 = DEFINITIONAL_REPRESENTATION('',(#2439),#2443);
#2439 = LINE('',#2440,#2441);
#2440 = CARTESIAN_POINT('',(12.,0.));
#2441 = VECTOR('',#2442,1.);
#2442 = DIRECTION('',(0.,-1.));
#2443 = ( GEOMETRIC_REPRESENTATION_CONTEXT(2) 
PARAMETRIC_REPRESENTATION_CONTEXT() REPRESENTATION_CONTEXT('2D SPACE',''
  ) );
#2444 = PCURVE('',#2445,#2450);
#2445 = CYLINDRICAL_SURFACE('',#2446,6.);
#2446 = AXIS2_PLACEMENT_3D('',#2447,#2448,#2449);
#2447 = CARTESIAN_POINT('',(-6.,-15.65,17.));
#2448 = DIRECTION('',(0.,-1.,0.));
#2449 = DIRECTION('',(0.,-0.,-1.));
#2450 = DEFINITIONAL_REPRESENTATION('',(#2451),#2455);
#2451 = LINE('',#2452,#2453);
#2452 = CARTESIAN_POINT('',(0.,0.));
#2453 = VECTOR('',#2454,1.);
#2454 = DIRECTION('',(0.,1.));
#2455 = ( GEOMETRIC_REPRESENTATION_CONTEXT(2) 
PARAMETRIC_REPRESENTATION_CONTEXT() REPRESENTATION_CONTEXT('2D SPACE',''
  ) );
#2456 = ORIENTED_EDGE('',*,*,#2457,.T.);
#2457 = EDGE_CURVE('',#2430,#2458,#2460,.T.);
#2458 = VERTEX_POINT('',#2459);
#2459 = CARTESIAN_POINT('',(-9.,-33.57945526581,11.));
#2460 = SURFACE_CURVE('',#2461,(#2465,#2471),.PCURVE_S1.);
#2461 = LINE('',#2462,#2463);
#2462 = CARTESIAN_POINT('',(0.5,-33.57945526581,11.));
#2463 = VECTOR('',#2464,1.);
#2464 = DIRECTION('',(-1.,0.,0.));
#2465 = PCURVE('',#2349,#2466);
#2466 = DEFINITIONAL_REPRESENTATION('',(#2467),#2470);
#2467 = B_SPLINE_CURVE_WITH_KNOTS('',1,(#2468,#2469),.UNSPECIFIED.,.F.,
  .F.,(2,2),(5.9,9.5000006),.PIECEWISE_BEZIER_KNOTS.);
#2468 = CARTESIAN_POINT('',(12.6,-17.92945526581));
#2469 = CARTESIAN_POINT('',(8.9999994,-17.92945526581));
#2470 = ( GEOMETRIC_REPRESENTATION_CONTEXT(2) 
PARAMETRIC_REPRESENTATION_CONTEXT() REPRESENTATION_CONTEXT('2D SPACE',''
  ) );
#2471 = PCURVE('',#2472,#2477);
#2472 = CYLINDRICAL_SURFACE('',#2473,5.75);
#2473 = AXIS2_PLACEMENT_3D('',#2474,#2475,#2476);
#2474 = CARTESIAN_POINT('',(0.5,-30.,15.5));
#2475 = DIRECTION('',(-1.,0.,0.));
#2476 = DIRECTION('',(0.,0.,-1.));
#2477 = DEFINITIONAL_REPRESENTATION('',(#2478),#2481);
#2478 = B_SPLINE_CURVE_WITH_KNOTS('',1,(#2479,#2480),.UNSPECIFIED.,.F.,
  .F.,(2,2),(5.9,9.5000006),.PIECEWISE_BEZIER_KNOTS.);
#2479 = CARTESIAN_POINT('',(0.671950896496,5.9));
#2480 = CARTESIAN_POINT('',(0.671950896496,9.5000006));
#2481 = ( GEOMETRIC_REPRESENTATION_CONTEXT(2) 
PARAMETRIC_REPRESENTATION_CONTEXT() REPRESENTATION_CONTEXT('2D SPACE',''
  ) );
#2482 = ORIENTED_EDGE('',*,*,#2483,.F.);
#2483 = EDGE_CURVE('',#2484,#2458,#2486,.T.);
#2484 = VERTEX_POINT('',#2485);
#2485 = CARTESIAN_POINT('',(-9.,-26.42054473418,11.));
#2486 = SURFACE_CURVE('',#2487,(#2491,#2497),.PCURVE_S1.);
#2487 = LINE('',#2488,#2489);
#2488 = CARTESIAN_POINT('',(-9.,-22.825,11.));
#2489 = VECTOR('',#2490,1.);
#2490 = DIRECTION('',(0.,-1.,0.));
#2491 = PCURVE('',#2349,#2492);
#2492 = DEFINITIONAL_REPRESENTATION('',(#2493),#2496);
#2493 = B_SPLINE_CURVE_WITH_KNOTS('',1,(#2494,#2495),.UNSPECIFIED.,.F.,
  .F.,(2,2),(1.425,12.925),.PIECEWISE_BEZIER_KNOTS.);
#2494 = CARTESIAN_POINT('',(9.,-8.6));
#2495 = CARTESIAN_POINT('',(9.,-20.1));
#2496 = ( GEOMETRIC_REPRESENTATION_CONTEXT(2) 
PARAMETRIC_REPRESENTATION_CONTEXT() REPRESENTATION_CONTEXT('2D SPACE',''
  ) );
#2497 = PCURVE('',#2498,#2503);
#2498 = PLANE('',#2499);
#2499 = AXIS2_PLACEMENT_3D('',#2500,#2501,#2502);
#2500 = CARTESIAN_POINT('',(-9.,-30.,15.5));
#2501 = DIRECTION('',(-1.,0.,0.));
#2502 = DIRECTION('',(0.,0.,-1.));
#2503 = DEFINITIONAL_REPRESENTATION('',(#2504),#2507);
#2504 = B_SPLINE_CURVE_WITH_KNOTS('',1,(#2505,#2506),.UNSPECIFIED.,.F.,
  .F.,(2,2),(1.425,12.925),.PIECEWISE_BEZIER_KNOTS.);
#2505 = CARTESIAN_POINT('',(4.5,-5.75));
#2506 = CARTESIAN_POINT('',(4.5,5.75));
#2507 = ( GEOMETRIC_REPRESENTATION_CONTEXT(2) 
PARAMETRIC_REPRESENTATION_CONTEXT() REPRESENTATION_CONTEXT('2D SPACE',''
  ) );
#2508 = ORIENTED_EDGE('',*,*,#2509,.F.);
#2509 = EDGE_CURVE('',#2510,#2484,#2512,.T.);
#2510 = VERTEX_POINT('',#2511);
#2511 = CARTESIAN_POINT('',(-6.,-26.42054473418,11.));
#2512 = SURFACE_CURVE('',#2513,(#2517,#2523),.PCURVE_S1.);
#2513 = LINE('',#2514,#2515);
#2514 = CARTESIAN_POINT('',(0.5,-26.42054473418,11.));
#2515 = VECTOR('',#2516,1.);
#2516 = DIRECTION('',(-1.,0.,0.));
#2517 = PCURVE('',#2349,#2518);
#2518 = DEFINITIONAL_REPRESENTATION('',(#2519),#2522);
#2519 = B_SPLINE_CURVE_WITH_KNOTS('',1,(#2520,#2521),.UNSPECIFIED.,.F.,
  .F.,(2,2),(5.9,9.5000006),.PIECEWISE_BEZIER_KNOTS.);
#2520 = CARTESIAN_POINT('',(12.6,-10.77054473418));
#2521 = CARTESIAN_POINT('',(8.9999994,-10.77054473418));
#2522 = ( GEOMETRIC_REPRESENTATION_CONTEXT(2) 
PARAMETRIC_REPRESENTATION_CONTEXT() REPRESENTATION_CONTEXT('2D SPACE',''
  ) );
#2523 = PCURVE('',#2472,#2524);
#2524 = DEFINITIONAL_REPRESENTATION('',(#2525),#2528);
#2525 = B_SPLINE_CURVE_WITH_KNOTS('',1,(#2526,#2527),.UNSPECIFIED.,.F.,
  .F.,(2,2),(5.9,9.5000006),.PIECEWISE_BEZIER_KNOTS.);
#2526 = CARTESIAN_POINT('',(5.611234410684,5.9));
#2527 = CARTESIAN_POINT('',(5.611234410684,9.5000006));
#2528 = ( GEOMETRIC_REPRESENTATION_CONTEXT(2) 
PARAMETRIC_REPRESENTATION_CONTEXT() REPRESENTATION_CONTEXT('2D SPACE',''
  ) );
#2529 = ORIENTED_EDGE('',*,*,#2530,.F.);
#2530 = EDGE_CURVE('',#2341,#2510,#2531,.T.);
#2531 = SURFACE_CURVE('',#2532,(#2536,#2543),.PCURVE_S1.);
#2532 = LINE('',#2533,#2534);
#2533 = CARTESIAN_POINT('',(-6.,-15.65,11.));
#2534 = VECTOR('',#2535,1.);
#2535 = DIRECTION('',(0.,-1.,0.));
#2536 = PCURVE('',#2349,#2537);
#2537 = DEFINITIONAL_REPRESENTATION('',(#2538),#2542);
#2538 = LINE('',#2539,#2540);
#2539 = CARTESIAN_POINT('',(12.,0.));
#2540 = VECTOR('',#2541,1.);
#2541 = DIRECTION('',(0.,-1.));
#2542 = ( GEOMETRIC_REPRESENTATION_CONTEXT(2) 
PARAMETRIC_REPRESENTATION_CONTEXT() REPRESENTATION_CONTEXT('2D SPACE',''
  ) );
#2543 = PCURVE('',#2544,#2549);
#2544 = CYLINDRICAL_SURFACE('',#2545,6.);
#2545 = AXIS2_PLACEMENT_3D('',#2546,#2547,#2548);
#2546 = CARTESIAN_POINT('',(-6.,-15.65,17.));
#2547 = DIRECTION('',(0.,-1.,0.));
#2548 = DIRECTION('',(0.,-0.,-1.));
#2549 = DEFINITIONAL_REPRESENTATION('',(#2550),#2554);
#2550 = LINE('',#2551,#2552);
#2551 = CARTESIAN_POINT('',(0.,0.));
#2552 = VECTOR('',#2553,1.);
#2553 = DIRECTION('',(0.,1.));
#2554 = ( GEOMETRIC_REPRESENTATION_CONTEXT(2) 
PARAMETRIC_REPRESENTATION_CONTEXT() REPRESENTATION_CONTEXT('2D SPACE',''
  ) );
#2555 = ADVANCED_FACE('',(#2556,#2751),#2361,.F.);
#2556 = FACE_BOUND('',#2557,.F.);
#2557 = EDGE_LOOP('',(#2558,#2559,#2583,#2611,#2640,#2668,#2697,#2725));
#2558 = ORIENTED_EDGE('',*,*,#2338,.T.);
#2559 = ORIENTED_EDGE('',*,*,#2560,.T.);
#2560 = EDGE_CURVE('',#2341,#2561,#2563,.T.);
#2561 = VERTEX_POINT('',#2562);
#2562 = CARTESIAN_POINT('',(8.881784197001E-16,-15.65,17.));
#2563 = SURFACE_CURVE('',#2564,(#2569,#2576),.PCURVE_S1.);
#2564 = CIRCLE('',#2565,6.);
#2565 = AXIS2_PLACEMENT_3D('',#2566,#2567,#2568);
#2566 = CARTESIAN_POINT('',(-6.,-15.65,17.));
#2567 = DIRECTION('',(0.,-1.,0.));
#2568 = DIRECTION('',(0.,-0.,-1.));
#2569 = PCURVE('',#2361,#2570);
#2570 = DEFINITIONAL_REPRESENTATION('',(#2571),#2575);
#2571 = CIRCLE('',#2572,6.);
#2572 = AXIS2_PLACEMENT_2D('',#2573,#2574);
#2573 = CARTESIAN_POINT('',(10.5,3.));
#2574 = DIRECTION('',(1.,0.));
#2575 = ( GEOMETRIC_REPRESENTATION_CONTEXT(2) 
PARAMETRIC_REPRESENTATION_CONTEXT() REPRESENTATION_CONTEXT('2D SPACE',''
  ) );
#2576 = PCURVE('',#2544,#2577);
#2577 = DEFINITIONAL_REPRESENTATION('',(#2578),#2582);
#2578 = LINE('',#2579,#2580);
#2579 = CARTESIAN_POINT('',(0.,0.));
#2580 = VECTOR('',#2581,1.);
#2581 = DIRECTION('',(1.,0.));
#2582 = ( GEOMETRIC_REPRESENTATION_CONTEXT(2) 
PARAMETRIC_REPRESENTATION_CONTEXT() REPRESENTATION_CONTEXT('2D SPACE',''
  ) );
#2583 = ORIENTED_EDGE('',*,*,#2584,.T.);
#2584 = EDGE_CURVE('',#2561,#2585,#2587,.T.);
#2585 = VERTEX_POINT('',#2586);
#2586 = CARTESIAN_POINT('',(8.881784197001E-16,-15.65,38.));
#2587 = SURFACE_CURVE('',#2588,(#2592,#2599),.PCURVE_S1.);
#2588 = LINE('',#2589,#2590);
#2589 = CARTESIAN_POINT('',(0.,-15.65,11.));
#2590 = VECTOR('',#2591,1.);
#2591 = DIRECTION('',(0.,0.,1.));
#2592 = PCURVE('',#2361,#2593);
#2593 = DEFINITIONAL_REPRESENTATION('',(#2594),#2598);
#2594 = LINE('',#2595,#2596);
#2595 = CARTESIAN_POINT('',(16.5,9.));
#2596 = VECTOR('',#2597,1.);
#2597 = DIRECTION('',(-1.,0.));
#2598 = ( GEOMETRIC_REPRESENTATION_CONTEXT(2) 
PARAMETRIC_REPRESENTATION_CONTEXT() REPRESENTATION_CONTEXT('2D SPACE',''
  ) );
#2599 = PCURVE('',#2600,#2605);
#2600 = PLANE('',#2601);
#2601 = AXIS2_PLACEMENT_3D('',#2602,#2603,#2604);
#2602 = CARTESIAN_POINT('',(0.,-15.65,11.));
#2603 = DIRECTION('',(-1.,0.,0.));
#2604 = DIRECTION('',(0.,0.,1.));
#2605 = DEFINITIONAL_REPRESENTATION('',(#2606),#2610);
#2606 = LINE('',#2607,#2608);
#2607 = CARTESIAN_POINT('',(0.,0.));
#2608 = VECTOR('',#2609,1.);
#2609 = DIRECTION('',(1.,0.));
#2610 = ( GEOMETRIC_REPRESENTATION_CONTEXT(2) 
PARAMETRIC_REPRESENTATION_CONTEXT() REPRESENTATION_CONTEXT('2D SPACE',''
  ) );
#2611 = ORIENTED_EDGE('',*,*,#2612,.T.);
#2612 = EDGE_CURVE('',#2585,#2613,#2615,.T.);
#2613 = VERTEX_POINT('',#2614);
#2614 = CARTESIAN_POINT('',(-6.,-15.65,44.));
#2615 = SURFACE_CURVE('',#2616,(#2621,#2628),.PCURVE_S1.);
#2616 = CIRCLE('',#2617,6.);
#2617 = AXIS2_PLACEMENT_3D('',#2618,#2619,#2620);
#2618 = CARTESIAN_POINT('',(-6.,-15.65,38.));
#2619 = DIRECTION('',(0.,-1.,0.));
#2620 = DIRECTION('',(0.,-0.,-1.));
#2621 = PCURVE('',#2361,#2622);
#2622 = DEFINITIONAL_REPRESENTATION('',(#2623),#2627);
#2623 = CIRCLE('',#2624,6.);
#2624 = AXIS2_PLACEMENT_2D('',#2625,#2626);
#2625 = CARTESIAN_POINT('',(-10.5,3.));
#2626 = DIRECTION('',(1.,0.));
#2627 = ( GEOMETRIC_REPRESENTATION_CONTEXT(2) 
PARAMETRIC_REPRESENTATION_CONTEXT() REPRESENTATION_CONTEXT('2D SPACE',''
  ) );
#2628 = PCURVE('',#2629,#2634);
#2629 = CYLINDRICAL_SURFACE('',#2630,6.);
#2630 = AXIS2_PLACEMENT_3D('',#2631,#2632,#2633);
#2631 = CARTESIAN_POINT('',(-6.,-15.65,38.));
#2632 = DIRECTION('',(0.,-1.,0.));
#2633 = DIRECTION('',(1.,0.,-0.));
#2634 = DEFINITIONAL_REPRESENTATION('',(#2635),#2639);
#2635 = LINE('',#2636,#2637);
#2636 = CARTESIAN_POINT('',(-1.570796326795,0.));
#2637 = VECTOR('',#2638,1.);
#2638 = DIRECTION('',(1.,0.));
#2639 = ( GEOMETRIC_REPRESENTATION_CONTEXT(2) 
PARAMETRIC_REPRESENTATION_CONTEXT() REPRESENTATION_CONTEXT('2D SPACE',''
  ) );
#2640 = ORIENTED_EDGE('',*,*,#2641,.T.);
#2641 = EDGE_CURVE('',#2613,#2642,#2644,.T.);
#2642 = VERTEX_POINT('',#2643);
#2643 = CARTESIAN_POINT('',(-12.,-15.65,44.));
#2644 = SURFACE_CURVE('',#2645,(#2649,#2656),.PCURVE_S1.);
#2645 = LINE('',#2646,#2647);
#2646 = CARTESIAN_POINT('',(0.,-15.65,44.));
#2647 = VECTOR('',#2648,1.);
#2648 = DIRECTION('',(-1.,0.,0.));
#2649 = PCURVE('',#2361,#2650);
#2650 = DEFINITIONAL_REPRESENTATION('',(#2651),#2655);
#2651 = LINE('',#2652,#2653);
#2652 = CARTESIAN_POINT('',(-16.5,9.));
#2653 = VECTOR('',#2654,1.);
#2654 = DIRECTION('',(0.,-1.));
#2655 = ( GEOMETRIC_REPRESENTATION_CONTEXT(2) 
PARAMETRIC_REPRESENTATION_CONTEXT() REPRESENTATION_CONTEXT('2D SPACE',''
  ) );
#2656 = PCURVE('',#2657,#2662);
#2657 = PLANE('',#2658);
#2658 = AXIS2_PLACEMENT_3D('',#2659,#2660,#2661);
#2659 = CARTESIAN_POINT('',(0.,-15.65,44.));
#2660 = DIRECTION('',(-0.,-0.,-1.));
#2661 = DIRECTION('',(-1.,0.,0.));
#2662 = DEFINITIONAL_REPRESENTATION('',(#2663),#2667);
#2663 = LINE('',#2664,#2665);
#2664 = CARTESIAN_POINT('',(0.,0.));
#2665 = VECTOR('',#2666,1.);
#2666 = DIRECTION('',(1.,0.));
#2667 = ( GEOMETRIC_REPRESENTATION_CONTEXT(2) 
PARAMETRIC_REPRESENTATION_CONTEXT() REPRESENTATION_CONTEXT('2D SPACE',''
  ) );
#2668 = ORIENTED_EDGE('',*,*,#2669,.T.);
#2669 = EDGE_CURVE('',#2642,#2670,#2672,.T.);
#2670 = VERTEX_POINT('',#2671);
#2671 = CARTESIAN_POINT('',(-18.,-15.65,38.));
#2672 = SURFACE_CURVE('',#2673,(#2678,#2685),.PCURVE_S1.);
#2673 = CIRCLE('',#2674,6.);
#2674 = AXIS2_PLACEMENT_3D('',#2675,#2676,#2677);
#2675 = CARTESIAN_POINT('',(-12.,-15.65,38.));
#2676 = DIRECTION('',(0.,-1.,0.));
#2677 = DIRECTION('',(0.,-0.,-1.));
#2678 = PCURVE('',#2361,#2679);
#2679 = DEFINITIONAL_REPRESENTATION('',(#2680),#2684);
#2680 = CIRCLE('',#2681,6.);
#2681 = AXIS2_PLACEMENT_2D('',#2682,#2683);
#2682 = CARTESIAN_POINT('',(-10.5,-3.));
#2683 = DIRECTION('',(1.,0.));
#2684 = ( GEOMETRIC_REPRESENTATION_CONTEXT(2) 
PARAMETRIC_REPRESENTATION_CONTEXT() REPRESENTATION_CONTEXT('2D SPACE',''
  ) );
#2685 = PCURVE('',#2686,#2691);
#2686 = CYLINDRICAL_SURFACE('',#2687,6.);
#2687 = AXIS2_PLACEMENT_3D('',#2688,#2689,#2690);
#2688 = CARTESIAN_POINT('',(-12.,-15.65,38.));
#2689 = DIRECTION('',(0.,-1.,0.));
#2690 = DIRECTION('',(-0.,0.,1.));
#2691 = DEFINITIONAL_REPRESENTATION('',(#2692),#2696);
#2692 = LINE('',#2693,#2694);
#2693 = CARTESIAN_POINT('',(-3.14159265359,0.));
#2694 = VECTOR('',#2695,1.);
#2695 = DIRECTION('',(1.,0.));
#2696 = ( GEOMETRIC_REPRESENTATION_CONTEXT(2) 
PARAMETRIC_REPRESENTATION_CONTEXT() REPRESENTATION_CONTEXT('2D SPACE',''
  ) );
#2697 = ORIENTED_EDGE('',*,*,#2698,.T.);
#2698 = EDGE_CURVE('',#2670,#2699,#2701,.T.);
#2699 = VERTEX_POINT('',#2700);
#2700 = CARTESIAN_POINT('',(-18.,-15.65,17.));
#2701 = SURFACE_CURVE('',#2702,(#2706,#2713),.PCURVE_S1.);
#2702 = LINE('',#2703,#2704);
#2703 = CARTESIAN_POINT('',(-18.,-15.65,44.));
#2704 = VECTOR('',#2705,1.);
#2705 = DIRECTION('',(0.,0.,-1.));
#2706 = PCURVE('',#2361,#2707);
#2707 = DEFINITIONAL_REPRESENTATION('',(#2708),#2712);
#2708 = LINE('',#2709,#2710);
#2709 = CARTESIAN_POINT('',(-16.5,-9.));
#2710 = VECTOR('',#2711,1.);
#2711 = DIRECTION('',(1.,0.));
#2712 = ( GEOMETRIC_REPRESENTATION_CONTEXT(2) 
PARAMETRIC_REPRESENTATION_CONTEXT() REPRESENTATION_CONTEXT('2D SPACE',''
  ) );
#2713 = PCURVE('',#2714,#2719);
#2714 = PLANE('',#2715);
#2715 = AXIS2_PLACEMENT_3D('',#2716,#2717,#2718);
#2716 = CARTESIAN_POINT('',(-18.,-15.65,44.));
#2717 = DIRECTION('',(1.,0.,0.));
#2718 = DIRECTION('',(0.,0.,-1.));
#2719 = DEFINITIONAL_REPRESENTATION('',(#2720),#2724);
#2720 = LINE('',#2721,#2722);
#2721 = CARTESIAN_POINT('',(0.,0.));
#2722 = VECTOR('',#2723,1.);
#2723 = DIRECTION('',(1.,0.));
#2724 = ( GEOMETRIC_REPRESENTATION_CONTEXT(2) 
PARAMETRIC_REPRESENTATION_CONTEXT() REPRESENTATION_CONTEXT('2D SPACE',''
  ) );
#2725 = ORIENTED_EDGE('',*,*,#2726,.F.);
#2726 = EDGE_CURVE('',#2339,#2699,#2727,.T.);
#2727 = SURFACE_CURVE('',#2728,(#2733,#2744),.PCURVE_S1.);
#2728 = CIRCLE('',#2729,6.);
#2729 = AXIS2_PLACEMENT_3D('',#2730,#2731,#2732);
#2730 = CARTESIAN_POINT('',(-12.,-15.65,17.));
#2731 = DIRECTION('',(-0.,1.,0.));
#2732 = DIRECTION('',(0.,0.,-1.));
#2733 = PCURVE('',#2361,#2734);
#2734 = DEFINITIONAL_REPRESENTATION('',(#2735),#2743);
#2735 = ( BOUNDED_CURVE() B_SPLINE_CURVE(2,(#2736,#2737,#2738,#2739,
#2740,#2741,#2742),.UNSPECIFIED.,.T.,.F.) B_SPLINE_CURVE_WITH_KNOTS((1,2
    ,2,2,2,1),(-2.094395102393,0.,2.094395102393,4.188790204786,
6.28318530718,8.377580409573),.UNSPECIFIED.) CURVE() 
GEOMETRIC_REPRESENTATION_ITEM() RATIONAL_B_SPLINE_CURVE((1.,0.5,1.,0.5,
1.,0.5,1.)) REPRESENTATION_ITEM('') );
#2736 = CARTESIAN_POINT('',(16.5,-3.));
#2737 = CARTESIAN_POINT('',(16.5,-13.39230484541));
#2738 = CARTESIAN_POINT('',(7.5,-8.196152422707));
#2739 = CARTESIAN_POINT('',(-1.5,-3.));
#2740 = CARTESIAN_POINT('',(7.5,2.196152422707));
#2741 = CARTESIAN_POINT('',(16.5,7.392304845413));
#2742 = CARTESIAN_POINT('',(16.5,-3.));
#2743 = ( GEOMETRIC_REPRESENTATION_CONTEXT(2) 
PARAMETRIC_REPRESENTATION_CONTEXT() REPRESENTATION_CONTEXT('2D SPACE',''
  ) );
#2744 = PCURVE('',#2389,#2745);
#2745 = DEFINITIONAL_REPRESENTATION('',(#2746),#2750);
#2746 = LINE('',#2747,#2748);
#2747 = CARTESIAN_POINT('',(-0.,0.));
#2748 = VECTOR('',#2749,1.);
#2749 = DIRECTION('',(-1.,0.));
#2750 = ( GEOMETRIC_REPRESENTATION_CONTEXT(2) 
PARAMETRIC_REPRESENTATION_CONTEXT() REPRESENTATION_CONTEXT('2D SPACE',''
  ) );
#2751 = FACE_BOUND('',#2752,.F.);
#2752 = EDGE_LOOP('',(#2753));
#2753 = ORIENTED_EDGE('',*,*,#2754,.T.);
#2754 = EDGE_CURVE('',#2755,#2755,#2757,.T.);
#2755 = VERTEX_POINT('',#2756);
#2756 = CARTESIAN_POINT('',(-15.,-15.65,41.5));
#2757 = SURFACE_CURVE('',#2758,(#2763,#2774),.PCURVE_S1.);
#2758 = CIRCLE('',#2759,2.);
#2759 = AXIS2_PLACEMENT_3D('',#2760,#2761,#2762);
#2760 = CARTESIAN_POINT('',(-15.,-15.65,39.5));
#2761 = DIRECTION('',(0.,1.,0.));
#2762 = DIRECTION('',(0.,-0.,1.));
#2763 = PCURVE('',#2361,#2764);
#2764 = DEFINITIONAL_REPRESENTATION('',(#2765),#2773);
#2765 = ( BOUNDED_CURVE() B_SPLINE_CURVE(2,(#2766,#2767,#2768,#2769,
#2770,#2771,#2772),.UNSPECIFIED.,.T.,.F.) B_SPLINE_CURVE_WITH_KNOTS((1,2
    ,2,2,2,1),(-2.094395102393,0.,2.094395102393,4.188790204786,
6.28318530718,8.377580409573),.UNSPECIFIED.) CURVE() 
GEOMETRIC_REPRESENTATION_ITEM() RATIONAL_B_SPLINE_CURVE((1.,0.5,1.,0.5,
1.,0.5,1.)) REPRESENTATION_ITEM('') );
#2766 = CARTESIAN_POINT('',(-14.,-6.));
#2767 = CARTESIAN_POINT('',(-14.,-2.535898384862));
#2768 = CARTESIAN_POINT('',(-11.,-4.267949192431));
#2769 = CARTESIAN_POINT('',(-8.,-6.));
#2770 = CARTESIAN_POINT('',(-11.,-7.732050807569));
#2771 = CARTESIAN_POINT('',(-14.,-9.464101615138));
#2772 = CARTESIAN_POINT('',(-14.,-6.));
#2773 = ( GEOMETRIC_REPRESENTATION_CONTEXT(2) 
PARAMETRIC_REPRESENTATION_CONTEXT() REPRESENTATION_CONTEXT('2D SPACE',''
  ) );
#2774 = PCURVE('',#2775,#2780);
#2775 = CYLINDRICAL_SURFACE('',#2776,2.);
#2776 = AXIS2_PLACEMENT_3D('',#2777,#2778,#2779);
#2777 = CARTESIAN_POINT('',(-15.,-21.65,39.5));
#2778 = DIRECTION('',(0.,1.,0.));
#2779 = DIRECTION('',(0.,-0.,1.));
#2780 = DEFINITIONAL_REPRESENTATION('',(#2781),#2785);
#2781 = LINE('',#2782,#2783);
#2782 = CARTESIAN_POINT('',(0.,6.));
#2783 = VECTOR('',#2784,1.);
#2784 = DIRECTION('',(1.,0.));
#2785 = ( GEOMETRIC_REPRESENTATION_CONTEXT(2) 
PARAMETRIC_REPRESENTATION_CONTEXT() REPRESENTATION_CONTEXT('2D SPACE',''
  ) );
#2786 = ADVANCED_FACE('',(#2787),#2544,.T.);
#2787 = FACE_BOUND('',#2788,.T.);
#2788 = EDGE_LOOP('',(#2789,#2790,#2791,#2814));
#2789 = ORIENTED_EDGE('',*,*,#2530,.F.);
#2790 = ORIENTED_EDGE('',*,*,#2560,.T.);
#2791 = ORIENTED_EDGE('',*,*,#2792,.T.);
#2792 = EDGE_CURVE('',#2561,#2793,#2795,.T.);
#2793 = VERTEX_POINT('',#2794);
#2794 = CARTESIAN_POINT('',(8.881784197001E-16,-24.4490991722,17.));
#2795 = SURFACE_CURVE('',#2796,(#2800,#2807),.PCURVE_S1.);
#2796 = LINE('',#2797,#2798);
#2797 = CARTESIAN_POINT('',(8.881784197001E-16,-15.65,17.));
#2798 = VECTOR('',#2799,1.);
#2799 = DIRECTION('',(0.,-1.,0.));
#2800 = PCURVE('',#2544,#2801);
#2801 = DEFINITIONAL_REPRESENTATION('',(#2802),#2806);
#2802 = LINE('',#2803,#2804);
#2803 = CARTESIAN_POINT('',(1.570796326795,0.));
#2804 = VECTOR('',#2805,1.);
#2805 = DIRECTION('',(0.,1.));
#2806 = ( GEOMETRIC_REPRESENTATION_CONTEXT(2) 
PARAMETRIC_REPRESENTATION_CONTEXT() REPRESENTATION_CONTEXT('2D SPACE',''
  ) );
#2807 = PCURVE('',#2600,#2808);
#2808 = DEFINITIONAL_REPRESENTATION('',(#2809),#2813);
#2809 = LINE('',#2810,#2811);
#2810 = CARTESIAN_POINT('',(6.,0.));
#2811 = VECTOR('',#2812,1.);
#2812 = DIRECTION('',(0.,-1.));
#2813 = ( GEOMETRIC_REPRESENTATION_CONTEXT(2) 
PARAMETRIC_REPRESENTATION_CONTEXT() REPRESENTATION_CONTEXT('2D SPACE',''
  ) );
#2814 = ORIENTED_EDGE('',*,*,#2815,.T.);
#2815 = EDGE_CURVE('',#2793,#2510,#2816,.T.);
#2816 = SURFACE_CURVE('',#2817,(#2850,#2886),.PCURVE_S1.);
#2817 = B_SPLINE_CURVE_WITH_KNOTS('',7,(#2818,#2819,#2820,#2821,#2822,
    #2823,#2824,#2825,#2826,#2827,#2828,#2829,#2830,#2831,#2832,#2833,
    #2834,#2835,#2836,#2837,#2838,#2839,#2840,#2841,#2842,#2843,#2844,
    #2845,#2846,#2847,#2848,#2849),.UNSPECIFIED.,.F.,.F.,(8,6,6,6,6,8),(
    0.,0.179827366231,0.351516487445,0.609183124931,0.8265418779,1.),
  .UNSPECIFIED.);
#2818 = CARTESIAN_POINT('',(8.881784197001E-16,-24.4490991722,17.));
#2819 = CARTESIAN_POINT('',(8.881784197001E-16,-24.37151809738,
    16.712903431699));
#2820 = CARTESIAN_POINT('',(-1.60263440447E-02,-24.31024335909,
    16.417360042257));
#2821 = CARTESIAN_POINT('',(-4.9780410216E-02,-24.26733057701,
    16.117732081325));
#2822 = CARTESIAN_POINT('',(-0.101832367966,-24.24347507821,
    15.818517223981));
#2823 = CARTESIAN_POINT('',(-0.17153539009,-24.23810046372,
    15.524208297973));
#2824 = CARTESIAN_POINT('',(-0.256932679241,-24.24945108343,
    15.239198742947));
#2825 = CARTESIAN_POINT('',(-0.447959324983,-24.29878361776,
    14.70855424411));
#2826 = CARTESIAN_POINT('',(-0.552760664503,-24.33560529958,
    14.460991409969));
#2827 = CARTESIAN_POINT('',(-0.667527088334,-24.3831466392,
    14.22530210578));
#2828 = CARTESIAN_POINT('',(-0.790825031444,-24.4396003167,
    14.001569763865));
#2829 = CARTESIAN_POINT('',(-0.921329328504,-24.50332687587,
    13.789741410182));
#2830 = CARTESIAN_POINT('',(-1.057822480276,-24.57283460563,
    13.589659169548));
#2831 = CARTESIAN_POINT('',(-1.41133940293,-24.75773271038,
    13.118080985835));
#2832 = CARTESIAN_POINT('',(-1.635567431355,-24.87924716335,
    12.859523373604));
#2833 = CARTESIAN_POINT('',(-1.869289061294,-25.00744903374,
    12.623772551339));
#2834 = CARTESIAN_POINT('',(-2.110842650358,-25.13938610089,
    12.409093161293));
#2835 = CARTESIAN_POINT('',(-2.35940289388,-25.2727228285,
    12.213824805083));
#2836 = CARTESIAN_POINT('',(-2.614871330579,-25.40547276421,
    12.036560645134));
#2837 = CARTESIAN_POINT('',(-3.099661450227,-25.64525001794,
    11.741148887686));
#2838 = CARTESIAN_POINT('',(-3.326581016176,-25.75293420406,
    11.618237603438));
#2839 = CARTESIAN_POINT('',(-3.558534244602,-25.85713673004,
    11.507193977726));
#2840 = CARTESIAN_POINT('',(-3.795468362049,-25.95625288047,
    11.40788116832));
#2841 = CARTESIAN_POINT('',(-4.03738533591,-26.04845970997,
    11.320310539471));
#2842 = CARTESIAN_POINT('',(-4.284382184081,-26.13172863479,
    11.244625380046));
#2843 = CARTESIAN_POINT('',(-4.738026105216,-26.26152057824,
    11.130543070797));
#2844 = CARTESIAN_POINT('',(-4.943384178035,-26.31225090972,
    11.08754184684));
#2845 = CARTESIAN_POINT('',(-5.151628960735,-26.35457205884,
    11.052760638067));
#2846 = CARTESIAN_POINT('',(-5.361938926861,-26.38724969065,
    11.026483822465));
#2847 = CARTESIAN_POINT('',(-5.573721682261,-26.40940595116,
    11.008860262359));
#2848 = CARTESIAN_POINT('',(-5.786534050848,-26.42054473418,11.));
#2849 = CARTESIAN_POINT('',(-6.,-26.42054473418,11.));
#2850 = PCURVE('',#2544,#2851);
#2851 = DEFINITIONAL_REPRESENTATION('',(#2852),#2885);
#2852 = B_SPLINE_CURVE_WITH_KNOTS('',7,(#2853,#2854,#2855,#2856,#2857,
    #2858,#2859,#2860,#2861,#2862,#2863,#2864,#2865,#2866,#2867,#2868,
    #2869,#2870,#2871,#2872,#2873,#2874,#2875,#2876,#2877,#2878,#2879,
    #2880,#2881,#2882,#2883,#2884),.UNSPECIFIED.,.F.,.F.,(8,6,6,6,6,8),(
    0.,0.179827366231,0.351516487445,0.609183124931,0.8265418779,1.),
  .UNSPECIFIED.);
#2853 = CARTESIAN_POINT('',(1.570796326795,8.799099172206));
#2854 = CARTESIAN_POINT('',(1.522946898745,8.721518097384));
#2855 = CARTESIAN_POINT('',(1.473689584554,8.660243359095));
#2856 = CARTESIAN_POINT('',(1.423572945395,8.617330577013));
#2857 = CARTESIAN_POINT('',(1.373119150635,8.593475078217));
#2858 = CARTESIAN_POINT('',(1.322850974933,8.588100463724));
#2859 = CARTESIAN_POINT('',(1.273336241478,8.599451083435));
#2860 = CARTESIAN_POINT('',(1.179339379307,8.648783617761));
#2861 = CARTESIAN_POINT('',(1.134601567888,8.685605299582));
#2862 = CARTESIAN_POINT('',(1.09100509809,8.733146639201));
#2863 = CARTESIAN_POINT('',(1.0485222698,8.789600316706));
#2864 = CARTESIAN_POINT('',(1.007128214308,8.853326875875));
#2865 = CARTESIAN_POINT('',(0.966800860255,8.922834605632));
#2866 = CARTESIAN_POINT('',(0.868572074313,9.10773271038));
#2867 = CARTESIAN_POINT('',(0.811675841711,9.229247163352));
#2868 = CARTESIAN_POINT('',(0.756537355432,9.357449033748));
#2869 = CARTESIAN_POINT('',(0.702861612359,9.489386100892));
#2870 = CARTESIAN_POINT('',(0.650329609259,9.622722828507));
#2871 = CARTESIAN_POINT('',(0.59859666049,9.755472764211));
#2872 = CARTESIAN_POINT('',(0.503979072487,9.995250017943));
#2873 = CARTESIAN_POINT('',(0.461023104401,10.102934204063));
#2874 = CARTESIAN_POINT('',(0.418247754901,10.207136730046));
#2875 = CARTESIAN_POINT('',(0.375524424569,10.30625288047));
#2876 = CARTESIAN_POINT('',(0.332730033374,10.398459709972));
#2877 = CARTESIAN_POINT('',(0.289730435014,10.48172863479));
#2878 = CARTESIAN_POINT('',(0.21176898078,10.611520578241));
#2879 = CARTESIAN_POINT('',(0.176828282219,10.662250909729));
#2880 = CARTESIAN_POINT('',(0.141687251654,10.704572058846));
#2881 = CARTESIAN_POINT('',(0.106417180927,10.737249690655));
#2882 = CARTESIAN_POINT('',(7.104634184571E-02,10.759405951166));
#2883 = CARTESIAN_POINT('',(3.557765819194E-02,10.770544734181));
#2884 = CARTESIAN_POINT('',(0.,10.770544734181));
#2885 = ( GEOMETRIC_REPRESENTATION_CONTEXT(2) 
PARAMETRIC_REPRESENTATION_CONTEXT() REPRESENTATION_CONTEXT('2D SPACE',''
  ) );
#2886 = PCURVE('',#2472,#2887);
#2887 = DEFINITIONAL_REPRESENTATION('',(#2888),#2921);
#2888 = B_SPLINE_CURVE_WITH_KNOTS('',7,(#2889,#2890,#2891,#2892,#2893,
    #2894,#2895,#2896,#2897,#2898,#2899,#2900,#2901,#2902,#2903,#2904,
    #2905,#2906,#2907,#2908,#2909,#2910,#2911,#2912,#2913,#2914,#2915,
    #2916,#2917,#2918,#2919,#2920),.UNSPECIFIED.,.F.,.F.,(8,6,6,6,6,8),(
    0.,0.179827366231,0.351516487445,0.609183124931,0.8265418779,1.),
  .UNSPECIFIED.);
#2889 = CARTESIAN_POINT('',(4.448466132255,0.5));
#2890 = CARTESIAN_POINT('',(4.500186848803,0.5));
#2891 = CARTESIAN_POINT('',(4.552586004067,0.516026344045));
#2892 = CARTESIAN_POINT('',(4.605063457717,0.549780410216));
#2893 = CARTESIAN_POINT('',(4.657086293021,0.601832367966));
#2894 = CARTESIAN_POINT('',(4.708137987655,0.67153539009));
#2895 = CARTESIAN_POINT('',(4.757674850923,0.756932679241));
#2896 = CARTESIAN_POINT('',(4.850358802071,0.947959324983));
#2897 = CARTESIAN_POINT('',(4.893821163013,1.052760664503));
#2898 = CARTESIAN_POINT('',(4.935551383075,1.167527088334));
#2899 = CARTESIAN_POINT('',(4.975603453323,1.290825031444));
#2900 = CARTESIAN_POINT('',(5.014017959246,1.421329328504));
#2901 = CARTESIAN_POINT('',(5.050826358681,1.557822480276));
#2902 = CARTESIAN_POINT('',(5.138918644453,1.91133940293));
#2903 = CARTESIAN_POINT('',(5.18849647611,2.135567431355));
#2904 = CARTESIAN_POINT('',(5.23504735347,2.369289061293));
#2905 = CARTESIAN_POINT('',(5.278771618768,2.610842650359));
#2906 = CARTESIAN_POINT('',(5.31982834988,2.85940289388));
#2907 = CARTESIAN_POINT('',(5.358314014447,3.114871330579));
#2908 = CARTESIAN_POINT('',(5.424483582458,3.599661450227));
#2909 = CARTESIAN_POINT('',(5.452882782128,3.826581016176));
#2910 = CARTESIAN_POINT('',(5.47934287201,4.058534244602));
#2911 = CARTESIAN_POINT('',(5.50372752746,4.295468362049));
#2912 = CARTESIAN_POINT('',(5.525834008509,4.53738533591));
#2913 = CARTESIAN_POINT('',(5.545400988476,4.784382184081));
#2914 = CARTESIAN_POINT('',(5.575453606161,5.238026105216));
#2915 = CARTESIAN_POINT('',(5.587017463673,5.443384178035));
#2916 = CARTESIAN_POINT('',(5.596543178186,5.651628960734));
#2917 = CARTESIAN_POINT('',(5.603835437825,5.861938926861));
#2918 = CARTESIAN_POINT('',(5.608759154984,6.073721682261));
#2919 = CARTESIAN_POINT('',(5.611234410684,6.286534050848));
#2920 = CARTESIAN_POINT('',(5.611234410684,6.5));
#2921 = ( GEOMETRIC_REPRESENTATION_CONTEXT(2) 
PARAMETRIC_REPRESENTATION_CONTEXT() REPRESENTATION_CONTEXT('2D SPACE',''
  ) );
#2922 = ADVANCED_FACE('',(#2923),#2472,.F.);
#2923 = FACE_BOUND('',#2924,.F.);
#2924 = EDGE_LOOP('',(#2925,#2947,#2948,#3076,#3098,#3099));
#2925 = ORIENTED_EDGE('',*,*,#2926,.F.);
#2926 = EDGE_CURVE('',#2458,#2484,#2927,.T.);
#2927 = SURFACE_CURVE('',#2928,(#2933,#2940),.PCURVE_S1.);
#2928 = CIRCLE('',#2929,5.75);
#2929 = AXIS2_PLACEMENT_3D('',#2930,#2931,#2932);
#2930 = CARTESIAN_POINT('',(-9.,-30.,15.5));
#2931 = DIRECTION('',(-1.,0.,0.));
#2932 = DIRECTION('',(0.,0.,-1.));
#2933 = PCURVE('',#2472,#2934);
#2934 = DEFINITIONAL_REPRESENTATION('',(#2935),#2939);
#2935 = LINE('',#2936,#2937);
#2936 = CARTESIAN_POINT('',(0.,9.5));
#2937 = VECTOR('',#2938,1.);
#2938 = DIRECTION('',(1.,0.));
#2939 = ( GEOMETRIC_REPRESENTATION_CONTEXT(2) 
PARAMETRIC_REPRESENTATION_CONTEXT() REPRESENTATION_CONTEXT('2D SPACE',''
  ) );
#2940 = PCURVE('',#2498,#2941);
#2941 = DEFINITIONAL_REPRESENTATION('',(#2942),#2946);
#2942 = CIRCLE('',#2943,5.75);
#2943 = AXIS2_PLACEMENT_2D('',#2944,#2945);
#2944 = CARTESIAN_POINT('',(0.,0.));
#2945 = DIRECTION('',(1.,0.));
#2946 = ( GEOMETRIC_REPRESENTATION_CONTEXT(2) 
PARAMETRIC_REPRESENTATION_CONTEXT() REPRESENTATION_CONTEXT('2D SPACE',''
  ) );
#2947 = ORIENTED_EDGE('',*,*,#2457,.F.);
#2948 = ORIENTED_EDGE('',*,*,#2949,.T.);
#2949 = EDGE_CURVE('',#2430,#2950,#2952,.T.);
#2950 = VERTEX_POINT('',#2951);
#2951 = CARTESIAN_POINT('',(8.881784197001E-16,-35.55090082779,17.));
#2952 = SURFACE_CURVE('',#2953,(#2992,#3034),.PCURVE_S1.);
#2953 = B_SPLINE_CURVE_WITH_KNOTS('',7,(#2954,#2955,#2956,#2957,#2958,
    #2959,#2960,#2961,#2962,#2963,#2964,#2965,#2966,#2967,#2968,#2969,
    #2970,#2971,#2972,#2973,#2974,#2975,#2976,#2977,#2978,#2979,#2980,
    #2981,#2982,#2983,#2984,#2985,#2986,#2987,#2988,#2989,#2990,#2991),
  .UNSPECIFIED.,.F.,.F.,(8,6,6,6,6,6,8),(0.,0.170268649693,
    0.392056660368,0.64928749123,0.744809017791,0.930344395883,1.),
  .UNSPECIFIED.);
#2954 = CARTESIAN_POINT('',(-6.,-33.57945526581,11.));
#2955 = CARTESIAN_POINT('',(-5.790552216594,-33.57945526581,11.));
#2956 = CARTESIAN_POINT('',(-5.581731785286,-33.59017866639,
    11.008529853139));
#2957 = CARTESIAN_POINT('',(-5.373902408035,-33.61151117735,
    11.02549817362));
#2958 = CARTESIAN_POINT('',(-5.167486146957,-33.64298861549,
    11.050799573314));
#2959 = CARTESIAN_POINT('',(-4.963038890234,-33.68379255557,
    11.084292421651));
#2960 = CARTESIAN_POINT('',(-4.761323558912,-33.73277437443,
    11.125713254181));
#2961 = CARTESIAN_POINT('',(-4.305545719986,-33.86110461594,
    11.238112568635));
#2962 = CARTESIAN_POINT('',(-4.053231236343,-33.94540505192,
    11.314459661817));
#2963 = CARTESIAN_POINT('',(-3.806193622576,-34.03912814286,
    11.403185952827));
#2964 = CARTESIAN_POINT('',(-3.564331957669,-34.14011076431,
    11.504134898019));
#2965 = CARTESIAN_POINT('',(-3.327651273404,-34.24640970705,
    11.617289133911));
#2966 = CARTESIAN_POINT('',(-3.096216311752,-34.3563180013,
    11.742787261247));
#2967 = CARTESIAN_POINT('',(-2.607840862256,-34.59816729457,
    12.041396675686));
#2968 = CARTESIAN_POINT('',(-2.353050814482,-34.73066685865,
    12.218719285988));
#2969 = CARTESIAN_POINT('',(-2.10514576443,-34.86371007914,
    12.413995093697));
#2970 = CARTESIAN_POINT('',(-1.864229523076,-34.99532136333,
    12.6286291786));
#2971 = CARTESIAN_POINT('',(-1.631130145986,-35.12317413504,
    12.864276458293));
#2972 = CARTESIAN_POINT('',(-1.407507951132,-35.24432651789,
    13.122664286708));
#2973 = CARTESIAN_POINT('',(-1.117370726548,-35.39599907175,
    13.510425623358));
#2974 = CARTESIAN_POINT('',(-1.040414646228,-35.43564252015,
    13.618857284813));
#2975 = CARTESIAN_POINT('',(-0.96521099099,-35.47365385053,
    13.730801970408));
#2976 = CARTESIAN_POINT('',(-0.891922492336,-35.50980969411,
    13.846335164676));
#2977 = CARTESIAN_POINT('',(-0.820731290955,-35.54386637624,
    13.96552438415));
#2978 = CARTESIAN_POINT('',(-0.751838094602,-35.5755587014,
    14.088428667358));
#2979 = CARTESIAN_POINT('',(-0.556535035798,-35.66100439269,
    14.461133229805));
#2980 = CARTESIAN_POINT('',(-0.435759868443,-35.70799128356,
    14.723935708174));
#2981 = CARTESIAN_POINT('',(-0.326790143817,-35.74232878003,
    15.001168342212));
#2982 = CARTESIAN_POINT('',(-0.232417716181,-35.7612763526,
    15.290294443004));
#2983 = CARTESIAN_POINT('',(-0.154665551997,-35.76266014998,
    15.588560179884));
#2984 = CARTESIAN_POINT('',(-9.483009740333E-02,-35.74492201552,
    15.89303985604));
#2985 = CARTESIAN_POINT('',(-3.794552923782E-02,-35.69295678387,
    16.316265558166));
#2986 = CARTESIAN_POINT('',(-2.508535384076E-02,-35.67600451078,
    16.431778107161));
#2987 = CARTESIAN_POINT('',(-1.489743161443E-02,-35.65628850653,
    16.547017580746));
#2988 = CARTESIAN_POINT('',(-7.358728948647E-03,-35.6338419298,
    16.661720599146));
#2989 = CARTESIAN_POINT('',(-2.418646570884E-03,-35.60872761233,
    16.775625088064));
#2990 = CARTESIAN_POINT('',(8.881784197001E-16,-35.58103895565,
    16.888470827403));
#2991 = CARTESIAN_POINT('',(8.881784197001E-16,-35.55090082779,17.));
#2992 = PCURVE('',#2472,#2993);
#2993 = DEFINITIONAL_REPRESENTATION('',(#2994),#3033);
#2994 = B_SPLINE_CURVE_WITH_KNOTS('',7,(#2995,#2996,#2997,#2998,#2999,
    #3000,#3001,#3002,#3003,#3004,#3005,#3006,#3007,#3008,#3009,#3010,
    #3011,#3012,#3013,#3014,#3015,#3016,#3017,#3018,#3019,#3020,#3021,
    #3022,#3023,#3024,#3025,#3026,#3027,#3028,#3029,#3030,#3031,#3032),
  .UNSPECIFIED.,.F.,.F.,(8,6,6,6,6,6,8),(0.,0.170268649693,
    0.392056660368,0.64928749123,0.744809017791,0.930344395883,1.),
  .UNSPECIFIED.);
#2995 = CARTESIAN_POINT('',(0.671950896496,6.5));
#2996 = CARTESIAN_POINT('',(0.671950896496,6.290552216594));
#2997 = CARTESIAN_POINT('',(0.674333849268,6.081731785286));
#2998 = CARTESIAN_POINT('',(0.679074494187,5.873902408035));
#2999 = CARTESIAN_POINT('',(0.686097822061,5.667486146957));
#3000 = CARTESIAN_POINT('',(0.695277548238,5.463038890234));
#3001 = CARTESIAN_POINT('',(0.706431915077,5.261323558912));
#3002 = CARTESIAN_POINT('',(0.736100408241,4.805545719986));
#3003 = CARTESIAN_POINT('',(0.755877591216,4.553231236343));
#3004 = CARTESIAN_POINT('',(0.778313407595,4.306193622576));
#3005 = CARTESIAN_POINT('',(0.803127893391,4.064331957669));
#3006 = CARTESIAN_POINT('',(0.830103678478,3.827651273404));
#3007 = CARTESIAN_POINT('',(0.859094795261,3.596216311752));
#3008 = CARTESIAN_POINT('',(0.925923281098,3.107840862256));
#3009 = CARTESIAN_POINT('',(0.964391007923,2.853050814482));
#3010 = CARTESIAN_POINT('',(1.005420153268,2.60514576443));
#3011 = CARTESIAN_POINT('',(1.049108300365,2.364229523076));
#3012 = CARTESIAN_POINT('',(1.095614728291,2.131130145986));
#3013 = CARTESIAN_POINT('',(1.1451394652,1.907507951132));
#3014 = CARTESIAN_POINT('',(1.217551522347,1.617370726548));
#3015 = CARTESIAN_POINT('',(1.237625006152,1.540414646228));
#3016 = CARTESIAN_POINT('',(1.258176419796,1.46521099099));
#3017 = CARTESIAN_POINT('',(1.279218733121,1.391922492336));
#3018 = CARTESIAN_POINT('',(1.300765499296,1.320731290955));
#3019 = CARTESIAN_POINT('',(1.322831316934,1.251838094602));
#3020 = CARTESIAN_POINT('',(1.389331093252,1.056535035798));
#3021 = CARTESIAN_POINT('',(1.435706221757,0.935759868443));
#3022 = CARTESIAN_POINT('',(1.484173814406,0.826790143817));
#3023 = CARTESIAN_POINT('',(1.53440648913,0.732417716181));
#3024 = CARTESIAN_POINT('',(1.586118605446,0.654665551997));
#3025 = CARTESIAN_POINT('',(1.639052908801,0.594830097403));
#3026 = CARTESIAN_POINT('',(1.713210128033,0.537945529238));
#3027 = CARTESIAN_POINT('',(1.733508826607,0.525085353841));
#3028 = CARTESIAN_POINT('',(1.753832500664,0.514897431614));
#3029 = CARTESIAN_POINT('',(1.774148886816,0.507358728949));
#3030 = CARTESIAN_POINT('',(1.794425094743,0.502418646571));
#3031 = CARTESIAN_POINT('',(1.814627089684,0.5));
#3032 = CARTESIAN_POINT('',(1.834719174925,0.5));
#3033 = ( GEOMETRIC_REPRESENTATION_CONTEXT(2) 
PARAMETRIC_REPRESENTATION_CONTEXT() REPRESENTATION_CONTEXT('2D SPACE',''
  ) );
#3034 = PCURVE('',#2445,#3035);
#3035 = DEFINITIONAL_REPRESENTATION('',(#3036),#3075);
#3036 = B_SPLINE_CURVE_WITH_KNOTS('',7,(#3037,#3038,#3039,#3040,#3041,
    #3042,#3043,#3044,#3045,#3046,#3047,#3048,#3049,#3050,#3051,#3052,
    #3053,#3054,#3055,#3056,#3057,#3058,#3059,#3060,#3061,#3062,#3063,
    #3064,#3065,#3066,#3067,#3068,#3069,#3070,#3071,#3072,#3073,#3074),
  .UNSPECIFIED.,.F.,.F.,(8,6,6,6,6,6,8),(0.,0.170268649693,
    0.392056660368,0.64928749123,0.744809017791,0.930344395883,1.),
  .UNSPECIFIED.);
#3037 = CARTESIAN_POINT('',(0.,17.929455265819));
#3038 = CARTESIAN_POINT('',(3.490796390099E-02,17.929455265819));
#3039 = CARTESIAN_POINT('',(6.971132899437E-02,17.940178666392));
#3040 = CARTESIAN_POINT('',(0.104419177944,17.96151117735));
#3041 = CARTESIAN_POINT('',(0.139028251646,17.992988615497));
#3042 = CARTESIAN_POINT('',(0.17351241468,18.033792555576));
#3043 = CARTESIAN_POINT('',(0.207806626444,18.082774374433));
#3044 = CARTESIAN_POINT('',(0.286045407029,18.211104615946));
#3045 = CARTESIAN_POINT('',(0.329921413767,18.295405051922));
#3046 = CARTESIAN_POINT('',(0.373578704331,18.389128142865));
#3047 = CARTESIAN_POINT('',(0.417159162108,18.490110764311));
#3048 = CARTESIAN_POINT('',(0.46079184838,18.596409707052));
#3049 = CARTESIAN_POINT('',(0.50461144085,18.706318001307));
#3050 = CARTESIAN_POINT('',(0.600016740328,18.948167294575));
#3051 = CARTESIAN_POINT('',(0.651662893056,19.080666858653));
#3052 = CARTESIAN_POINT('',(0.704110568853,19.213710079143));
#3053 = CARTESIAN_POINT('',(0.757702788443,19.345321363334));
#3054 = CARTESIAN_POINT('',(0.812756892068,19.473174135048));
#3055 = CARTESIAN_POINT('',(0.869566290476,19.594326517891));
#3056 = CARTESIAN_POINT('',(0.950281575978,19.74599907175));
#3057 = CARTESIAN_POINT('',(0.972435379975,19.785642520158));
#3058 = CARTESIAN_POINT('',(0.994900066188,19.823653850534));
#3059 = CARTESIAN_POINT('',(1.017688590479,19.859809694116));
#3060 = CARTESIAN_POINT('',(1.040813374295,19.893866376247));
#3061 = CARTESIAN_POINT('',(1.064286719726,19.925558701409));
#3062 = CARTESIAN_POINT('',(1.134415960664,20.01100439269));
#3063 = CARTESIAN_POINT('',(1.18255544813,20.057991283569));
#3064 = CARTESIAN_POINT('',(1.232073919879,20.092328780035));
#3065 = CARTESIAN_POINT('',(1.28260142445,20.111276352605));
#3066 = CARTESIAN_POINT('',(1.33382187683,20.112660149981));
#3067 = CARTESIAN_POINT('',(1.385444672586,20.094922015523));
#3068 = CARTESIAN_POINT('',(1.456616578919,20.042956783878));
#3069 = CARTESIAN_POINT('',(1.47598260413,20.026004510789));
#3070 = CARTESIAN_POINT('',(1.495256183994,20.006288506533));
#3071 = CARTESIAN_POINT('',(1.51440594196,19.983841929803));
#3072 = CARTESIAN_POINT('',(1.533400505768,19.958727612337));
#3073 = CARTESIAN_POINT('',(1.552208131362,19.931038955655));
#3074 = CARTESIAN_POINT('',(1.570796326795,19.900900827794));
#3075 = ( GEOMETRIC_REPRESENTATION_CONTEXT(2) 
PARAMETRIC_REPRESENTATION_CONTEXT() REPRESENTATION_CONTEXT('2D SPACE',''
  ) );
#3076 = ORIENTED_EDGE('',*,*,#3077,.T.);
#3077 = EDGE_CURVE('',#2950,#2793,#3078,.T.);
#3078 = SURFACE_CURVE('',#3079,(#3084,#3091),.PCURVE_S1.);
#3079 = CIRCLE('',#3080,5.75);
#3080 = AXIS2_PLACEMENT_3D('',#3081,#3082,#3083);
#3081 = CARTESIAN_POINT('',(0.,-30.,15.5));
#3082 = DIRECTION('',(-1.,0.,0.));
#3083 = DIRECTION('',(0.,0.,-1.));
#3084 = PCURVE('',#2472,#3085);
#3085 = DEFINITIONAL_REPRESENTATION('',(#3086),#3090);
#3086 = LINE('',#3087,#3088);
#3087 = CARTESIAN_POINT('',(0.,0.5));
#3088 = VECTOR('',#3089,1.);
#3089 = DIRECTION('',(1.,0.));
#3090 = ( GEOMETRIC_REPRESENTATION_CONTEXT(2) 
PARAMETRIC_REPRESENTATION_CONTEXT() REPRESENTATION_CONTEXT('2D SPACE',''
  ) );
#3091 = PCURVE('',#2600,#3092);
#3092 = DEFINITIONAL_REPRESENTATION('',(#3093),#3097);
#3093 = CIRCLE('',#3094,5.75);
#3094 = AXIS2_PLACEMENT_2D('',#3095,#3096);
#3095 = CARTESIAN_POINT('',(4.5,-14.35));
#3096 = DIRECTION('',(-1.,0.));
#3097 = ( GEOMETRIC_REPRESENTATION_CONTEXT(2) 
PARAMETRIC_REPRESENTATION_CONTEXT() REPRESENTATION_CONTEXT('2D SPACE',''
  ) );
#3098 = ORIENTED_EDGE('',*,*,#2815,.T.);
#3099 = ORIENTED_EDGE('',*,*,#2509,.T.);
#3100 = ADVANCED_FACE('',(#3101,#3105),#2498,.F.);
#3101 = FACE_BOUND('',#3102,.F.);
#3102 = EDGE_LOOP('',(#3103,#3104));
#3103 = ORIENTED_EDGE('',*,*,#2483,.T.);
#3104 = ORIENTED_EDGE('',*,*,#2926,.T.);
#3105 = FACE_BOUND('',#3106,.F.);
#3106 = EDGE_LOOP('',(#3107));
#3107 = ORIENTED_EDGE('',*,*,#3108,.T.);
#3108 = EDGE_CURVE('',#3109,#3109,#3111,.T.);
#3109 = VERTEX_POINT('',#3110);
#3110 = CARTESIAN_POINT('',(-9.,-30.,17.2));
#3111 = SURFACE_CURVE('',#3112,(#3117,#3128),.PCURVE_S1.);
#3112 = CIRCLE('',#3113,1.7);
#3113 = AXIS2_PLACEMENT_3D('',#3114,#3115,#3116);
#3114 = CARTESIAN_POINT('',(-9.,-30.,15.5));
#3115 = DIRECTION('',(1.,0.,0.));
#3116 = DIRECTION('',(-0.,0.,1.));
#3117 = PCURVE('',#2498,#3118);
#3118 = DEFINITIONAL_REPRESENTATION('',(#3119),#3127);
#3119 = ( BOUNDED_CURVE() B_SPLINE_CURVE(2,(#3120,#3121,#3122,#3123,
#3124,#3125,#3126),.UNSPECIFIED.,.T.,.F.) B_SPLINE_CURVE_WITH_KNOTS((1,2
    ,2,2,2,1),(-2.094395102393,0.,2.094395102393,4.188790204786,
6.28318530718,8.377580409573),.UNSPECIFIED.) CURVE() 
GEOMETRIC_REPRESENTATION_ITEM() RATIONAL_B_SPLINE_CURVE((1.,0.5,1.,0.5,
1.,0.5,1.)) REPRESENTATION_ITEM('') );
#3120 = CARTESIAN_POINT('',(-1.7,0.));
#3121 = CARTESIAN_POINT('',(-1.7,2.944486372867));
#3122 = CARTESIAN_POINT('',(0.85,1.472243186434));
#3123 = CARTESIAN_POINT('',(3.4,4.163799117101E-16));
#3124 = CARTESIAN_POINT('',(0.85,-1.472243186434));
#3125 = CARTESIAN_POINT('',(-1.7,-2.944486372867));
#3126 = CARTESIAN_POINT('',(-1.7,0.));
#3127 = ( GEOMETRIC_REPRESENTATION_CONTEXT(2) 
PARAMETRIC_REPRESENTATION_CONTEXT() REPRESENTATION_CONTEXT('2D SPACE',''
  ) );
#3128 = PCURVE('',#3129,#3134);
#3129 = CYLINDRICAL_SURFACE('',#3130,1.7);
#3130 = AXIS2_PLACEMENT_3D('',#3131,#3132,#3133);
#3131 = CARTESIAN_POINT('',(-19.,-30.,15.5));
#3132 = DIRECTION('',(1.,0.,0.));
#3133 = DIRECTION('',(-0.,0.,1.));
#3134 = DEFINITIONAL_REPRESENTATION('',(#3135),#3139);
#3135 = LINE('',#3136,#3137);
#3136 = CARTESIAN_POINT('',(0.,10.));
#3137 = VECTOR('',#3138,1.);
#3138 = DIRECTION('',(1.,0.));
#3139 = ( GEOMETRIC_REPRESENTATION_CONTEXT(2) 
PARAMETRIC_REPRESENTATION_CONTEXT() REPRESENTATION_CONTEXT('2D SPACE',''
  ) );
#3140 = ADVANCED_FACE('',(#3141),#2445,.T.);
#3141 = FACE_BOUND('',#3142,.T.);
#3142 = EDGE_LOOP('',(#3143,#3144,#3145,#3168));
#3143 = ORIENTED_EDGE('',*,*,#2429,.F.);
#3144 = ORIENTED_EDGE('',*,*,#2949,.T.);
#3145 = ORIENTED_EDGE('',*,*,#3146,.T.);
#3146 = EDGE_CURVE('',#2950,#3147,#3149,.T.);
#3147 = VERTEX_POINT('',#3148);
#3148 = CARTESIAN_POINT('',(8.881784197001E-16,-44.35,17.));
#3149 = SURFACE_CURVE('',#3150,(#3154,#3161),.PCURVE_S1.);
#3150 = LINE('',#3151,#3152);
#3151 = CARTESIAN_POINT('',(8.881784197001E-16,-15.65,17.));
#3152 = VECTOR('',#3153,1.);
#3153 = DIRECTION('',(0.,-1.,0.));
#3154 = PCURVE('',#2445,#3155);
#3155 = DEFINITIONAL_REPRESENTATION('',(#3156),#3160);
#3156 = LINE('',#3157,#3158);
#3157 = CARTESIAN_POINT('',(1.570796326795,0.));
#3158 = VECTOR('',#3159,1.);
#3159 = DIRECTION('',(0.,1.));
#3160 = ( GEOMETRIC_REPRESENTATION_CONTEXT(2) 
PARAMETRIC_REPRESENTATION_CONTEXT() REPRESENTATION_CONTEXT('2D SPACE',''
  ) );
#3161 = PCURVE('',#2600,#3162);
#3162 = DEFINITIONAL_REPRESENTATION('',(#3163),#3167);
#3163 = LINE('',#3164,#3165);
#3164 = CARTESIAN_POINT('',(6.,0.));
#3165 = VECTOR('',#3166,1.);
#3166 = DIRECTION('',(0.,-1.));
#3167 = ( GEOMETRIC_REPRESENTATION_CONTEXT(2) 
PARAMETRIC_REPRESENTATION_CONTEXT() REPRESENTATION_CONTEXT('2D SPACE',''
  ) );
#3168 = ORIENTED_EDGE('',*,*,#3169,.F.);
#3169 = EDGE_CURVE('',#2402,#3147,#3170,.T.);
#3170 = SURFACE_CURVE('',#3171,(#3176,#3183),.PCURVE_S1.);
#3171 = CIRCLE('',#3172,6.);
#3172 = AXIS2_PLACEMENT_3D('',#3173,#3174,#3175);
#3173 = CARTESIAN_POINT('',(-6.,-44.35,17.));
#3174 = DIRECTION('',(0.,-1.,0.));
#3175 = DIRECTION('',(0.,-0.,-1.));
#3176 = PCURVE('',#2445,#3177);
#3177 = DEFINITIONAL_REPRESENTATION('',(#3178),#3182);
#3178 = LINE('',#3179,#3180);
#3179 = CARTESIAN_POINT('',(0.,28.7));
#3180 = VECTOR('',#3181,1.);
#3181 = DIRECTION('',(1.,0.));
#3182 = ( GEOMETRIC_REPRESENTATION_CONTEXT(2) 
PARAMETRIC_REPRESENTATION_CONTEXT() REPRESENTATION_CONTEXT('2D SPACE',''
  ) );
#3183 = PCURVE('',#2417,#3184);
#3184 = DEFINITIONAL_REPRESENTATION('',(#3185),#3189);
#3185 = CIRCLE('',#3186,6.);
#3186 = AXIS2_PLACEMENT_2D('',#3187,#3188);
#3187 = CARTESIAN_POINT('',(10.5,3.));
#3188 = DIRECTION('',(1.,0.));
#3189 = ( GEOMETRIC_REPRESENTATION_CONTEXT(2) 
PARAMETRIC_REPRESENTATION_CONTEXT() REPRESENTATION_CONTEXT('2D SPACE',''
  ) );
#3190 = ADVANCED_FACE('',(#3191,#3353),#2417,.T.);
#3191 = FACE_BOUND('',#3192,.T.);
#3192 = EDGE_LOOP('',(#3193,#3194,#3195,#3218,#3247,#3275,#3304,#3327));
#3193 = ORIENTED_EDGE('',*,*,#2401,.T.);
#3194 = ORIENTED_EDGE('',*,*,#3169,.T.);
#3195 = ORIENTED_EDGE('',*,*,#3196,.T.);
#3196 = EDGE_CURVE('',#3147,#3197,#3199,.T.);
#3197 = VERTEX_POINT('',#3198);
#3198 = CARTESIAN_POINT('',(8.881784197001E-16,-44.35,38.));
#3199 = SURFACE_CURVE('',#3200,(#3204,#3211),.PCURVE_S1.);
#3200 = LINE('',#3201,#3202);
#3201 = CARTESIAN_POINT('',(0.,-44.35,11.));
#3202 = VECTOR('',#3203,1.);
#3203 = DIRECTION('',(0.,0.,1.));
#3204 = PCURVE('',#2417,#3205);
#3205 = DEFINITIONAL_REPRESENTATION('',(#3206),#3210);
#3206 = LINE('',#3207,#3208);
#3207 = CARTESIAN_POINT('',(16.5,9.));
#3208 = VECTOR('',#3209,1.);
#3209 = DIRECTION('',(-1.,0.));
#3210 = ( GEOMETRIC_REPRESENTATION_CONTEXT(2) 
PARAMETRIC_REPRESENTATION_CONTEXT() REPRESENTATION_CONTEXT('2D SPACE',''
  ) );
#3211 = PCURVE('',#2600,#3212);
#3212 = DEFINITIONAL_REPRESENTATION('',(#3213),#3217);
#3213 = LINE('',#3214,#3215);
#3214 = CARTESIAN_POINT('',(0.,-28.7));
#3215 = VECTOR('',#3216,1.);
#3216 = DIRECTION('',(1.,0.));
#3217 = ( GEOMETRIC_REPRESENTATION_CONTEXT(2) 
PARAMETRIC_REPRESENTATION_CONTEXT() REPRESENTATION_CONTEXT('2D SPACE',''
  ) );
#3218 = ORIENTED_EDGE('',*,*,#3219,.T.);
#3219 = EDGE_CURVE('',#3197,#3220,#3222,.T.);
#3220 = VERTEX_POINT('',#3221);
#3221 = CARTESIAN_POINT('',(-6.,-44.35,44.));
#3222 = SURFACE_CURVE('',#3223,(#3228,#3235),.PCURVE_S1.);
#3223 = CIRCLE('',#3224,6.);
#3224 = AXIS2_PLACEMENT_3D('',#3225,#3226,#3227);
#3225 = CARTESIAN_POINT('',(-6.,-44.35,38.));
#3226 = DIRECTION('',(0.,-1.,0.));
#3227 = DIRECTION('',(0.,-0.,-1.));
#3228 = PCURVE('',#2417,#3229);
#3229 = DEFINITIONAL_REPRESENTATION('',(#3230),#3234);
#3230 = CIRCLE('',#3231,6.);
#3231 = AXIS2_PLACEMENT_2D('',#3232,#3233);
#3232 = CARTESIAN_POINT('',(-10.5,3.));
#3233 = DIRECTION('',(1.,0.));
#3234 = ( GEOMETRIC_REPRESENTATION_CONTEXT(2) 
PARAMETRIC_REPRESENTATION_CONTEXT() REPRESENTATION_CONTEXT('2D SPACE',''
  ) );
#3235 = PCURVE('',#3236,#3241);
#3236 = CYLINDRICAL_SURFACE('',#3237,6.);
#3237 = AXIS2_PLACEMENT_3D('',#3238,#3239,#3240);
#3238 = CARTESIAN_POINT('',(-6.,-15.65,38.));
#3239 = DIRECTION('',(0.,-1.,0.));
#3240 = DIRECTION('',(1.,0.,-0.));
#3241 = DEFINITIONAL_REPRESENTATION('',(#3242),#3246);
#3242 = LINE('',#3243,#3244);
#3243 = CARTESIAN_POINT('',(-1.570796326795,28.7));
#3244 = VECTOR('',#3245,1.);
#3245 = DIRECTION('',(1.,0.));
#3246 = ( GEOMETRIC_REPRESENTATION_CONTEXT(2) 
PARAMETRIC_REPRESENTATION_CONTEXT() REPRESENTATION_CONTEXT('2D SPACE',''
  ) );
#3247 = ORIENTED_EDGE('',*,*,#3248,.T.);
#3248 = EDGE_CURVE('',#3220,#3249,#3251,.T.);
#3249 = VERTEX_POINT('',#3250);
#3250 = CARTESIAN_POINT('',(-12.,-44.35,44.));
#3251 = SURFACE_CURVE('',#3252,(#3256,#3263),.PCURVE_S1.);
#3252 = LINE('',#3253,#3254);
#3253 = CARTESIAN_POINT('',(0.,-44.35,44.));
#3254 = VECTOR('',#3255,1.);
#3255 = DIRECTION('',(-1.,0.,0.));
#3256 = PCURVE('',#2417,#3257);
#3257 = DEFINITIONAL_REPRESENTATION('',(#3258),#3262);
#3258 = LINE('',#3259,#3260);
#3259 = CARTESIAN_POINT('',(-16.5,9.));
#3260 = VECTOR('',#3261,1.);
#3261 = DIRECTION('',(0.,-1.));
#3262 = ( GEOMETRIC_REPRESENTATION_CONTEXT(2) 
PARAMETRIC_REPRESENTATION_CONTEXT() REPRESENTATION_CONTEXT('2D SPACE',''
  ) );
#3263 = PCURVE('',#3264,#3269);
#3264 = PLANE('',#3265);
#3265 = AXIS2_PLACEMENT_3D('',#3266,#3267,#3268);
#3266 = CARTESIAN_POINT('',(0.,-15.65,44.));
#3267 = DIRECTION('',(-0.,-0.,-1.));
#3268 = DIRECTION('',(-1.,0.,0.));
#3269 = DEFINITIONAL_REPRESENTATION('',(#3270),#3274);
#3270 = LINE('',#3271,#3272);
#3271 = CARTESIAN_POINT('',(0.,-28.7));
#3272 = VECTOR('',#3273,1.);
#3273 = DIRECTION('',(1.,0.));
#3274 = ( GEOMETRIC_REPRESENTATION_CONTEXT(2) 
PARAMETRIC_REPRESENTATION_CONTEXT() REPRESENTATION_CONTEXT('2D SPACE',''
  ) );
#3275 = ORIENTED_EDGE('',*,*,#3276,.T.);
#3276 = EDGE_CURVE('',#3249,#3277,#3279,.T.);
#3277 = VERTEX_POINT('',#3278);
#3278 = CARTESIAN_POINT('',(-18.,-44.35,38.));
#3279 = SURFACE_CURVE('',#3280,(#3285,#3292),.PCURVE_S1.);
#3280 = CIRCLE('',#3281,6.);
#3281 = AXIS2_PLACEMENT_3D('',#3282,#3283,#3284);
#3282 = CARTESIAN_POINT('',(-12.,-44.35,38.));
#3283 = DIRECTION('',(0.,-1.,0.));
#3284 = DIRECTION('',(0.,-0.,-1.));
#3285 = PCURVE('',#2417,#3286);
#3286 = DEFINITIONAL_REPRESENTATION('',(#3287),#3291);
#3287 = CIRCLE('',#3288,6.);
#3288 = AXIS2_PLACEMENT_2D('',#3289,#3290);
#3289 = CARTESIAN_POINT('',(-10.5,-3.));
#3290 = DIRECTION('',(1.,0.));
#3291 = ( GEOMETRIC_REPRESENTATION_CONTEXT(2) 
PARAMETRIC_REPRESENTATION_CONTEXT() REPRESENTATION_CONTEXT('2D SPACE',''
  ) );
#3292 = PCURVE('',#3293,#3298);
#3293 = CYLINDRICAL_SURFACE('',#3294,6.);
#3294 = AXIS2_PLACEMENT_3D('',#3295,#3296,#3297);
#3295 = CARTESIAN_POINT('',(-12.,-15.65,38.));
#3296 = DIRECTION('',(0.,-1.,0.));
#3297 = DIRECTION('',(-0.,0.,1.));
#3298 = DEFINITIONAL_REPRESENTATION('',(#3299),#3303);
#3299 = LINE('',#3300,#3301);
#3300 = CARTESIAN_POINT('',(-3.14159265359,28.7));
#3301 = VECTOR('',#3302,1.);
#3302 = DIRECTION('',(1.,0.));
#3303 = ( GEOMETRIC_REPRESENTATION_CONTEXT(2) 
PARAMETRIC_REPRESENTATION_CONTEXT() REPRESENTATION_CONTEXT('2D SPACE',''
  ) );
#3304 = ORIENTED_EDGE('',*,*,#3305,.T.);
#3305 = EDGE_CURVE('',#3277,#3306,#3308,.T.);
#3306 = VERTEX_POINT('',#3307);
#3307 = CARTESIAN_POINT('',(-18.,-44.35,17.));
#3308 = SURFACE_CURVE('',#3309,(#3313,#3320),.PCURVE_S1.);
#3309 = LINE('',#3310,#3311);
#3310 = CARTESIAN_POINT('',(-18.,-44.35,44.));
#3311 = VECTOR('',#3312,1.);
#3312 = DIRECTION('',(0.,0.,-1.));
#3313 = PCURVE('',#2417,#3314);
#3314 = DEFINITIONAL_REPRESENTATION('',(#3315),#3319);
#3315 = LINE('',#3316,#3317);
#3316 = CARTESIAN_POINT('',(-16.5,-9.));
#3317 = VECTOR('',#3318,1.);
#3318 = DIRECTION('',(1.,0.));
#3319 = ( GEOMETRIC_REPRESENTATION_CONTEXT(2) 
PARAMETRIC_REPRESENTATION_CONTEXT() REPRESENTATION_CONTEXT('2D SPACE',''
  ) );
#3320 = PCURVE('',#2714,#3321);
#3321 = DEFINITIONAL_REPRESENTATION('',(#3322),#3326);
#3322 = LINE('',#3323,#3324);
#3323 = CARTESIAN_POINT('',(0.,-28.7));
#3324 = VECTOR('',#3325,1.);
#3325 = DIRECTION('',(1.,0.));
#3326 = ( GEOMETRIC_REPRESENTATION_CONTEXT(2) 
PARAMETRIC_REPRESENTATION_CONTEXT() REPRESENTATION_CONTEXT('2D SPACE',''
  ) );
#3327 = ORIENTED_EDGE('',*,*,#3328,.F.);
#3328 = EDGE_CURVE('',#2374,#3306,#3329,.T.);
#3329 = SURFACE_CURVE('',#3330,(#3335,#3346),.PCURVE_S1.);
#3330 = CIRCLE('',#3331,6.);
#3331 = AXIS2_PLACEMENT_3D('',#3332,#3333,#3334);
#3332 = CARTESIAN_POINT('',(-12.,-44.35,17.));
#3333 = DIRECTION('',(-0.,1.,0.));
#3334 = DIRECTION('',(0.,0.,-1.));
#3335 = PCURVE('',#2417,#3336);
#3336 = DEFINITIONAL_REPRESENTATION('',(#3337),#3345);
#3337 = ( BOUNDED_CURVE() B_SPLINE_CURVE(2,(#3338,#3339,#3340,#3341,
#3342,#3343,#3344),.UNSPECIFIED.,.T.,.F.) B_SPLINE_CURVE_WITH_KNOTS((1,2
    ,2,2,2,1),(-2.094395102393,0.,2.094395102393,4.188790204786,
6.28318530718,8.377580409573),.UNSPECIFIED.) CURVE() 
GEOMETRIC_REPRESENTATION_ITEM() RATIONAL_B_SPLINE_CURVE((1.,0.5,1.,0.5,
1.,0.5,1.)) REPRESENTATION_ITEM('') );
#3338 = CARTESIAN_POINT('',(16.5,-3.));
#3339 = CARTESIAN_POINT('',(16.5,-13.39230484541));
#3340 = CARTESIAN_POINT('',(7.5,-8.196152422707));
#3341 = CARTESIAN_POINT('',(-1.5,-3.));
#3342 = CARTESIAN_POINT('',(7.5,2.196152422707));
#3343 = CARTESIAN_POINT('',(16.5,7.392304845413));
#3344 = CARTESIAN_POINT('',(16.5,-3.));
#3345 = ( GEOMETRIC_REPRESENTATION_CONTEXT(2) 
PARAMETRIC_REPRESENTATION_CONTEXT() REPRESENTATION_CONTEXT('2D SPACE',''
  ) );
#3346 = PCURVE('',#2389,#3347);
#3347 = DEFINITIONAL_REPRESENTATION('',(#3348),#3352);
#3348 = LINE('',#3349,#3350);
#3349 = CARTESIAN_POINT('',(-0.,28.7));
#3350 = VECTOR('',#3351,1.);
#3351 = DIRECTION('',(-1.,0.));
#3352 = ( GEOMETRIC_REPRESENTATION_CONTEXT(2) 
PARAMETRIC_REPRESENTATION_CONTEXT() REPRESENTATION_CONTEXT('2D SPACE',''
  ) );
#3353 = FACE_BOUND('',#3354,.T.);
#3354 = EDGE_LOOP('',(#3355));
#3355 = ORIENTED_EDGE('',*,*,#3356,.T.);
#3356 = EDGE_CURVE('',#3357,#3357,#3359,.T.);
#3357 = VERTEX_POINT('',#3358);
#3358 = CARTESIAN_POINT('',(-15.,-44.35,41.2));
#3359 = SURFACE_CURVE('',#3360,(#3365,#3376),.PCURVE_S1.);
#3360 = CIRCLE('',#3361,1.7);
#3361 = AXIS2_PLACEMENT_3D('',#3362,#3363,#3364);
#3362 = CARTESIAN_POINT('',(-15.,-44.35,39.5));
#3363 = DIRECTION('',(0.,1.,0.));
#3364 = DIRECTION('',(0.,-0.,1.));
#3365 = PCURVE('',#2417,#3366);
#3366 = DEFINITIONAL_REPRESENTATION('',(#3367),#3375);
#3367 = ( BOUNDED_CURVE() B_SPLINE_CURVE(2,(#3368,#3369,#3370,#3371,
#3372,#3373,#3374),.UNSPECIFIED.,.T.,.F.) B_SPLINE_CURVE_WITH_KNOTS((1,2
    ,2,2,2,1),(-2.094395102393,0.,2.094395102393,4.188790204786,
6.28318530718,8.377580409573),.UNSPECIFIED.) CURVE() 
GEOMETRIC_REPRESENTATION_ITEM() RATIONAL_B_SPLINE_CURVE((1.,0.5,1.,0.5,
1.,0.5,1.)) REPRESENTATION_ITEM('') );
#3368 = CARTESIAN_POINT('',(-13.7,-6.));
#3369 = CARTESIAN_POINT('',(-13.7,-3.055513627133));
#3370 = CARTESIAN_POINT('',(-11.15,-4.527756813566));
#3371 = CARTESIAN_POINT('',(-8.6,-6.));
#3372 = CARTESIAN_POINT('',(-11.15,-7.472243186434));
#3373 = CARTESIAN_POINT('',(-13.7,-8.944486372867));
#3374 = CARTESIAN_POINT('',(-13.7,-6.));
#3375 = ( GEOMETRIC_REPRESENTATION_CONTEXT(2) 
PARAMETRIC_REPRESENTATION_CONTEXT() REPRESENTATION_CONTEXT('2D SPACE',''
  ) );
#3376 = PCURVE('',#3377,#3382);
#3377 = CYLINDRICAL_SURFACE('',#3378,1.7);
#3378 = AXIS2_PLACEMENT_3D('',#3379,#3380,#3381);
#3379 = CARTESIAN_POINT('',(-15.,-44.35,39.5));
#3380 = DIRECTION('',(0.,1.,0.));
#3381 = DIRECTION('',(0.,-0.,1.));
#3382 = DEFINITIONAL_REPRESENTATION('',(#3383),#3387);
#3383 = LINE('',#3384,#3385);
#3384 = CARTESIAN_POINT('',(0.,0.));
#3385 = VECTOR('',#3386,1.);
#3386 = DIRECTION('',(1.,0.));
#3387 = ( GEOMETRIC_REPRESENTATION_CONTEXT(2) 
PARAMETRIC_REPRESENTATION_CONTEXT() REPRESENTATION_CONTEXT('2D SPACE',''
  ) );
#3388 = ADVANCED_FACE('',(#3389),#2389,.T.);
#3389 = FACE_BOUND('',#3390,.F.);
#3390 = EDGE_LOOP('',(#3391,#3392,#3393,#3416,#3666,#3687));
#3391 = ORIENTED_EDGE('',*,*,#2373,.F.);
#3392 = ORIENTED_EDGE('',*,*,#2726,.T.);
#3393 = ORIENTED_EDGE('',*,*,#3394,.T.);
#3394 = EDGE_CURVE('',#2699,#3395,#3397,.T.);
#3395 = VERTEX_POINT('',#3396);
#3396 = CARTESIAN_POINT('',(-18.,-27.57667583679,17.));
#3397 = SURFACE_CURVE('',#3398,(#3402,#3409),.PCURVE_S1.);
#3398 = LINE('',#3399,#3400);
#3399 = CARTESIAN_POINT('',(-18.,-15.65,17.));
#3400 = VECTOR('',#3401,1.);
#3401 = DIRECTION('',(0.,-1.,0.));
#3402 = PCURVE('',#2389,#3403);
#3403 = DEFINITIONAL_REPRESENTATION('',(#3404),#3408);
#3404 = LINE('',#3405,#3406);
#3405 = CARTESIAN_POINT('',(-1.570796326795,0.));
#3406 = VECTOR('',#3407,1.);
#3407 = DIRECTION('',(-0.,1.));
#3408 = ( GEOMETRIC_REPRESENTATION_CONTEXT(2) 
PARAMETRIC_REPRESENTATION_CONTEXT() REPRESENTATION_CONTEXT('2D SPACE',''
  ) );
#3409 = PCURVE('',#2714,#3410);
#3410 = DEFINITIONAL_REPRESENTATION('',(#3411),#3415);
#3411 = LINE('',#3412,#3413);
#3412 = CARTESIAN_POINT('',(27.,0.));
#3413 = VECTOR('',#3414,1.);
#3414 = DIRECTION('',(0.,-1.));
#3415 = ( GEOMETRIC_REPRESENTATION_CONTEXT(2) 
PARAMETRIC_REPRESENTATION_CONTEXT() REPRESENTATION_CONTEXT('2D SPACE',''
  ) );
#3416 = ORIENTED_EDGE('',*,*,#3417,.F.);
#3417 = EDGE_CURVE('',#3418,#3395,#3420,.T.);
#3418 = VERTEX_POINT('',#3419);
#3419 = CARTESIAN_POINT('',(-18.,-32.42332416321,17.));
#3420 = SURFACE_CURVE('',#3421,(#3499,#3580),.PCURVE_S1.);
#3421 = B_SPLINE_CURVE_WITH_KNOTS('',6,(#3422,#3423,#3424,#3425,#3426,
    #3427,#3428,#3429,#3430,#3431,#3432,#3433,#3434,#3435,#3436,#3437,
    #3438,#3439,#3440,#3441,#3442,#3443,#3444,#3445,#3446,#3447,#3448,
    #3449,#3450,#3451,#3452,#3453,#3454,#3455,#3456,#3457,#3458,#3459,
    #3460,#3461,#3462,#3463,#3464,#3465,#3466,#3467,#3468,#3469,#3470,
    #3471,#3472,#3473,#3474,#3475,#3476,#3477,#3478,#3479,#3480,#3481,
    #3482,#3483,#3484,#3485,#3486,#3487,#3488,#3489,#3490,#3491,#3492,
    #3493,#3494,#3495,#3496,#3497,#3498),.UNSPECIFIED.,.F.,.F.,(7,5,5,5,
    5,5,5,5,5,5,5,5,5,5,5,7),(0.,8.460773702904E-02,0.140331781158,
    0.173904707533,0.213893961546,0.317043884578,0.417328619702,
    0.499373521622,0.554545677581,0.684892224871,0.757056241234,
    0.825169146012,0.859547835668,0.91653357536,0.968546147946,1.),
  .UNSPECIFIED.);
#3422 = CARTESIAN_POINT('',(-18.,-32.42332416321,17.));
#3423 = CARTESIAN_POINT('',(-18.,-32.52289967531,16.839130836974));
#3424 = CARTESIAN_POINT('',(-17.9948242171,-32.61288702127,
    16.665117005634));
#3425 = CARTESIAN_POINT('',(-17.98288682619,-32.68985954158,
    16.480011204995));
#3426 = CARTESIAN_POINT('',(-17.96279190143,-32.75146388102,
    16.286407936223));
#3427 = CARTESIAN_POINT('',(-17.93371459072,-32.79628933874,
    16.087178863273));
#3428 = CARTESIAN_POINT('',(-17.8704054799,-32.84197655199,
    15.752342306449));
#3429 = CARTESIAN_POINT('',(-17.84146334405,-32.85252097137,
    15.618978636448));
#3430 = CARTESIAN_POINT('',(-17.80878871344,-32.85546858429,
    15.486197806691));
#3431 = CARTESIAN_POINT('',(-17.77262041792,-32.85103406941,
    15.354987117569));
#3432 = CARTESIAN_POINT('',(-17.73336338153,-32.83964572173,
    15.226311942188));
#3433 = CARTESIAN_POINT('',(-17.66641613557,-32.81128057473,
    15.0256511823));
#3434 = CARTESIAN_POINT('',(-17.64030891993,-32.7983156852,
    14.951397875573));
#3435 = CARTESIAN_POINT('',(-17.61334604776,-32.78316605786,
    14.87841896668));
#3436 = CARTESIAN_POINT('',(-17.58561458353,-32.76595090134,
    14.806793369256));
#3437 = CARTESIAN_POINT('',(-17.55720721151,-32.74679290779,
    14.736593506911));
#3438 = CARTESIAN_POINT('',(-17.49369776367,-32.70083500329,
    14.586045875723));
#3439 = CARTESIAN_POINT('',(-17.45834803131,-32.67327054769,
    14.506309835809));
#3440 = CARTESIAN_POINT('',(-17.42230036683,-32.64331000231,
    14.428701781099));
#3441 = CARTESIAN_POINT('',(-17.38568010446,-32.61112472994,
    14.353236187754));
#3442 = CARTESIAN_POINT('',(-17.34860924012,-32.57687308424,
    14.279918416378));
#3443 = CARTESIAN_POINT('',(-17.21472327954,-32.44739779202,
    14.025159902633));
#3444 = CARTESIAN_POINT('',(-17.11597527678,-32.3412707391,
    13.855754183723));
#3445 = CARTESIAN_POINT('',(-17.016723625,-32.22456070038,13.70003425335
    ));
#3446 = CARTESIAN_POINT('',(-16.91845252821,-32.09870661203,
    13.557319441379));
#3447 = CARTESIAN_POINT('',(-16.82248435278,-31.96454818776,
    13.42702999059));
#3448 = CARTESIAN_POINT('',(-16.64061146229,-31.68432427712,
    13.193956868651));
#3449 = CARTESIAN_POINT('',(-16.55440407296,-31.53854402739,
    13.090385740909));
#3450 = CARTESIAN_POINT('',(-16.47320575284,-31.38576961562,
    12.998174434118));
#3451 = CARTESIAN_POINT('',(-16.39871208677,-31.22648043107,
    12.917509644549));
#3452 = CARTESIAN_POINT('',(-16.33278996736,-31.06101083277,
    12.848714306617));
#3453 = CARTESIAN_POINT('',(-16.23205929431,-30.74933410744,
    12.746313140966));
#3454 = CARTESIAN_POINT('',(-16.19370090188,-30.60487540602,
    12.708510018624));
#3455 = CARTESIAN_POINT('',(-16.16374414588,-30.45731887517,
    12.679694283903));
#3456 = CARTESIAN_POINT('',(-16.14324824907,-30.30763572986,
    12.660217426264));
#3457 = CARTESIAN_POINT('',(-16.13279720681,-30.15669936946,
    12.650288812213));
#3458 = CARTESIAN_POINT('',(-16.13229757723,-29.90356302503,
    12.649814163745));
#3459 = CARTESIAN_POINT('',(-16.1366877691,-29.80183303747,
    12.653985405755));
#3460 = CARTESIAN_POINT('',(-16.14566360612,-29.70046187122,
    12.662509173058));
#3461 = CARTESIAN_POINT('',(-16.15910085196,-29.59977306708,
    12.675339884649));
#3462 = CARTESIAN_POINT('',(-16.17676271894,-29.50010593879,
    12.692383197141));
#3463 = CARTESIAN_POINT('',(-16.24920329952,-29.16960085481,
    12.763333050123));
#3464 = CARTESIAN_POINT('',(-16.32147788095,-28.94639460139,
    12.835540491586));
#3465 = CARTESIAN_POINT('',(-16.41104849783,-28.73269387683,
    12.928425267958));
#3466 = CARTESIAN_POINT('',(-16.51359930921,-28.52940113136,
    13.041186199147));
#3467 = CARTESIAN_POINT('',(-16.62511862035,-28.33782718626,
    13.17316909206));
#3468 = CARTESIAN_POINT('',(-16.80662118073,-28.06098630408,
    13.40729397739));
#3469 = CARTESIAN_POINT('',(-16.87307775079,-27.96620454545,
    13.496656106681));
#3470 = CARTESIAN_POINT('',(-16.94081618584,-27.87544578286,
    13.592054567786));
#3471 = CARTESIAN_POINT('',(-17.00936537852,-27.7889639494,
    13.693658959563));
#3472 = CARTESIAN_POINT('',(-17.07824290974,-27.70714391574,
    13.801671721659));
#3473 = CARTESIAN_POINT('',(-17.21173787387,-27.55822060352,
    14.024484116004));
#3474 = CARTESIAN_POINT('',(-17.2764260046,-27.49049456311,
    14.138643734357));
#3475 = CARTESIAN_POINT('',(-17.34049825139,-27.42787160398,
    14.258892738089));
#3476 = CARTESIAN_POINT('',(-17.40342715208,-27.3709820674,
    14.385325901739));
#3477 = CARTESIAN_POINT('',(-17.4646433116,-27.32058551732,
    14.517981647793));
#3478 = CARTESIAN_POINT('',(-17.55326212343,-27.25588506234,
    14.726880273213));
#3479 = CARTESIAN_POINT('',(-17.58239285385,-27.23606965184,
    14.798516306435));
#3480 = CARTESIAN_POINT('',(-17.61082468223,-27.21827625341,
    14.871648508726));
#3481 = CARTESIAN_POINT('',(-17.63845820286,-27.20263570853,
    14.94620111168));
#3482 = CARTESIAN_POINT('',(-17.665199988,-27.18927528598,15.02209125077
    ));
#3483 = CARTESIAN_POINT('',(-17.73366932125,-27.16015866632,
    15.227090373739));
#3484 = CARTESIAN_POINT('',(-17.77375222973,-27.1485768824,
    15.358572390513));
#3485 = CARTESIAN_POINT('',(-17.8106059759,-27.14426148574,
    15.492689624094));
#3486 = CARTESIAN_POINT('',(-17.84379619992,-27.14766377046,
    15.628411714127));
#3487 = CARTESIAN_POINT('',(-17.87307896118,-27.15900604718,
    15.76468017779));
#3488 = CARTESIAN_POINT('',(-17.92148658577,-27.19585729467,
    16.024354239117));
#3489 = CARTESIAN_POINT('',(-17.94121288004,-27.21999645364,
    16.147510451134));
#3490 = CARTESIAN_POINT('',(-17.95753875131,-27.25060299714,
    16.269067367659));
#3491 = CARTESIAN_POINT('',(-17.97057135703,-27.28741278442,
    16.388202218042));
#3492 = CARTESIAN_POINT('',(-17.98052717804,-27.32997425843,
    16.504129393738));
#3493 = CARTESIAN_POINT('',(-17.99204882022,-27.40646248939,
    16.68384140844));
#3494 = CARTESIAN_POINT('',(-17.99537770504,-27.43716795018,
    16.75016061596));
#3495 = CARTESIAN_POINT('',(-17.99776363301,-27.46965308568,
    16.815001615615));
#3496 = CARTESIAN_POINT('',(-17.99927953678,-27.50381013317,
    16.878295833512));
#3497 = CARTESIAN_POINT('',(-18.,-27.53952479458,16.939980654489));
#3498 = CARTESIAN_POINT('',(-18.,-27.57667583678,17.));
#3499 = PCURVE('',#2389,#3500);
#3500 = DEFINITIONAL_REPRESENTATION('',(#3501),#3579);
#3501 = B_SPLINE_CURVE_WITH_KNOTS('',6,(#3502,#3503,#3504,#3505,#3506,
    #3507,#3508,#3509,#3510,#3511,#3512,#3513,#3514,#3515,#3516,#3517,
    #3518,#3519,#3520,#3521,#3522,#3523,#3524,#3525,#3526,#3527,#3528,
    #3529,#3530,#3531,#3532,#3533,#3534,#3535,#3536,#3537,#3538,#3539,
    #3540,#3541,#3542,#3543,#3544,#3545,#3546,#3547,#3548,#3549,#3550,
    #3551,#3552,#3553,#3554,#3555,#3556,#3557,#3558,#3559,#3560,#3561,
    #3562,#3563,#3564,#3565,#3566,#3567,#3568,#3569,#3570,#3571,#3572,
    #3573,#3574,#3575,#3576,#3577,#3578),.UNSPECIFIED.,.F.,.F.,(7,5,5,5,
    5,5,5,5,5,5,5,5,5,5,5,7),(0.,8.460773702904E-02,0.140331781158,
    0.173904707533,0.213893961546,0.317043884578,0.417328619702,
    0.499373521622,0.554545677581,0.684892224871,0.757056241234,
    0.825169146012,0.859547835668,0.91653357536,0.968546147946,1.),
  .UNSPECIFIED.);
#3502 = CARTESIAN_POINT('',(-1.570796326795,16.773324163211));
#3503 = CARTESIAN_POINT('',(-1.543984799624,16.872899675311));
#3504 = CARTESIAN_POINT('',(-1.514982476834,16.962887021279));
#3505 = CARTESIAN_POINT('',(-1.484096899735,17.039859541587));
#3506 = CARTESIAN_POINT('',(-1.451697071048,17.101463881021));
#3507 = CARTESIAN_POINT('',(-1.418169926208,17.146289338742));
#3508 = CARTESIAN_POINT('',(-1.361375080174,17.191976551998));
#3509 = CARTESIAN_POINT('',(-1.338638604282,17.202520971374));
#3510 = CARTESIAN_POINT('',(-1.315861355915,17.205468584293));
#3511 = CARTESIAN_POINT('',(-1.293190052341,17.201034069413));
#3512 = CARTESIAN_POINT('',(-1.270775849452,17.189645721738));
#3513 = CARTESIAN_POINT('',(-1.235520166576,17.161280574739));
#3514 = CARTESIAN_POINT('',(-1.22240367815,17.148315685205));
#3515 = CARTESIAN_POINT('',(-1.209439306769,17.133166057864));
#3516 = CARTESIAN_POINT('',(-1.196640411429,17.115950901342));
#3517 = CARTESIAN_POINT('',(-1.184020161778,17.096792907799));
#3518 = CARTESIAN_POINT('',(-1.156787604046,17.050835003293));
#3519 = CARTESIAN_POINT('',(-1.14225321112,17.023270547694));
#3520 = CARTESIAN_POINT('',(-1.127994538983,16.993310002312));
#3521 = CARTESIAN_POINT('',(-1.114017162965,16.961124729949));
#3522 = CARTESIAN_POINT('',(-1.10032605268,16.926873084241));
#3523 = CARTESIAN_POINT('',(-1.052359817227,16.797397792028));
#3524 = CARTESIAN_POINT('',(-1.019710403004,16.691270739103));
#3525 = CARTESIAN_POINT('',(-0.988966642041,16.574560700379));
#3526 = CARTESIAN_POINT('',(-0.960110393525,16.448706612039));
#3527 = CARTESIAN_POINT('',(-0.933151055791,16.314548187766));
#3528 = CARTESIAN_POINT('',(-0.883878337267,16.034324277123));
#3529 = CARTESIAN_POINT('',(-0.861430453944,15.888544027397));
#3530 = CARTESIAN_POINT('',(-0.840963081796,15.73576961562));
#3531 = CARTESIAN_POINT('',(-0.822668044699,15.576480431071));
#3532 = CARTESIAN_POINT('',(-0.806789185139,15.411010832778));
#3533 = CARTESIAN_POINT('',(-0.782849058887,15.099334107442));
#3534 = CARTESIAN_POINT('',(-0.773874197455,14.954875406025));
#3535 = CARTESIAN_POINT('',(-0.766946795014,14.807318875178));
#3536 = CARTESIAN_POINT('',(-0.762234360276,14.65763572986));
#3537 = CARTESIAN_POINT('',(-0.759831820547,14.506699369467));
#3538 = CARTESIAN_POINT('',(-0.759716963041,14.253563025031));
#3539 = CARTESIAN_POINT('',(-0.76072626084,14.151833037475));
#3540 = CARTESIAN_POINT('',(-0.76278931737,14.050461871229));
#3541 = CARTESIAN_POINT('',(-0.765885815404,13.949773067084));
#3542 = CARTESIAN_POINT('',(-0.76997640288,13.850105938792));
#3543 = CARTESIAN_POINT('',(-0.78687604074,13.51960085481));
#3544 = CARTESIAN_POINT('',(-0.803902561394,13.296394601392));
#3545 = CARTESIAN_POINT('',(-0.825403012503,13.08269387683));
#3546 = CARTESIAN_POINT('',(-0.850785559754,12.879401131362));
#3547 = CARTESIAN_POINT('',(-0.8795582355,12.687827186269));
#3548 = CARTESIAN_POINT('',(-0.928931429238,12.410986304084));
#3549 = CARTESIAN_POINT('',(-0.947488456134,12.316204545453));
#3550 = CARTESIAN_POINT('',(-0.966981351962,12.225445782866));
#3551 = CARTESIAN_POINT('',(-0.987399371444,12.138963949407));
#3552 = CARTESIAN_POINT('',(-1.008741913623,12.057143915744));
#3553 = CARTESIAN_POINT('',(-1.052032363083,11.908220603528));
#3554 = CARTESIAN_POINT('',(-1.073894858612,11.840494563112));
#3555 = CARTESIAN_POINT('',(-1.096591863697,11.777871603981));
#3556 = CARTESIAN_POINT('',(-1.120115269242,11.720982067403));
#3557 = CARTESIAN_POINT('',(-1.14445331631,11.670585517322));
#3558 = CARTESIAN_POINT('',(-1.182273038352,11.605885062348));
#3559 = CARTESIAN_POINT('',(-1.195160348086,11.58606965184));
#3560 = CARTESIAN_POINT('',(-1.20823539767,11.568276253411));
#3561 = CARTESIAN_POINT('',(-1.221484359756,11.552635708538));
#3562 = CARTESIAN_POINT('',(-1.234893193401,11.539275285986));
#3563 = CARTESIAN_POINT('',(-1.270915057908,11.510158666329));
#3564 = CARTESIAN_POINT('',(-1.293816390798,11.4985768824));
#3565 = CARTESIAN_POINT('',(-1.316984196774,11.494261485747));
#3566 = CARTESIAN_POINT('',(-1.340257122398,11.497663770467));
#3567 = CARTESIAN_POINT('',(-1.363478301514,11.509006047189));
#3568 = CARTESIAN_POINT('',(-1.407502889418,11.545857294677));
#3569 = CARTESIAN_POINT('',(-1.428283773832,11.569996453646));
#3570 = CARTESIAN_POINT('',(-1.44871559516,11.600602997143));
#3571 = CARTESIAN_POINT('',(-1.468681366576,11.637412784424));
#3572 = CARTESIAN_POINT('',(-1.488069175095,11.679974258434));
#3573 = CARTESIAN_POINT('',(-1.518082670424,11.756462489393));
#3574 = CARTESIAN_POINT('',(-1.529148721622,11.787167950185));
#3575 = CARTESIAN_POINT('',(-1.539961462304,11.819653085683));
#3576 = CARTESIAN_POINT('',(-1.550512298601,11.853810133175));
#3577 = CARTESIAN_POINT('',(-1.560793102543,11.889524794584));
#3578 = CARTESIAN_POINT('',(-1.570796326795,11.926675836789));
#3579 = ( GEOMETRIC_REPRESENTATION_CONTEXT(2) 
PARAMETRIC_REPRESENTATION_CONTEXT() REPRESENTATION_CONTEXT('2D SPACE',''
  ) );
#3580 = PCURVE('',#3581,#3586);
#3581 = CYLINDRICAL_SURFACE('',#3582,2.85);
#3582 = AXIS2_PLACEMENT_3D('',#3583,#3584,#3585);
#3583 = CARTESIAN_POINT('',(-18.5,-30.,15.5));
#3584 = DIRECTION('',(1.,0.,0.));
#3585 = DIRECTION('',(-0.,0.,1.));
#3586 = DEFINITIONAL_REPRESENTATION('',(#3587),#3665);
#3587 = B_SPLINE_CURVE_WITH_KNOTS('',6,(#3588,#3589,#3590,#3591,#3592,
    #3593,#3594,#3595,#3596,#3597,#3598,#3599,#3600,#3601,#3602,#3603,
    #3604,#3605,#3606,#3607,#3608,#3609,#3610,#3611,#3612,#3613,#3614,
    #3615,#3616,#3617,#3618,#3619,#3620,#3621,#3622,#3623,#3624,#3625,
    #3626,#3627,#3628,#3629,#3630,#3631,#3632,#3633,#3634,#3635,#3636,
    #3637,#3638,#3639,#3640,#3641,#3642,#3643,#3644,#3645,#3646,#3647,
    #3648,#3649,#3650,#3651,#3652,#3653,#3654,#3655,#3656,#3657,#3658,
    #3659,#3660,#3661,#3662,#3663,#3664),.UNSPECIFIED.,.F.,.F.,(7,5,5,5,
    5,5,5,5,5,5,5,5,5,5,5,7),(0.,8.460773702904E-02,0.140331781158,
    0.173904707533,0.213893961546,0.317043884578,0.417328619702,
    0.499373521622,0.554545677581,0.684892224871,0.757056241234,
    0.825169146012,0.859547835668,0.91653357536,0.968546147946,1.),
  .UNSPECIFIED.);
#3588 = CARTESIAN_POINT('',(1.016534492343,0.5));
#3589 = CARTESIAN_POINT('',(1.082918167077,0.5));
#3590 = CARTESIAN_POINT('',(1.15145279547,0.505175782891));
#3591 = CARTESIAN_POINT('',(1.221420045878,0.517113173809));
#3592 = CARTESIAN_POINT('',(1.292307601583,0.537208098563));
#3593 = CARTESIAN_POINT('',(1.363697062451,0.566285409278));
#3594 = CARTESIAN_POINT('',(1.482272188338,0.629594520094));
#3595 = CARTESIAN_POINT('',(1.529137017394,0.65853665595));
#3596 = CARTESIAN_POINT('',(1.575626836736,0.691211286554));
#3597 = CARTESIAN_POINT('',(1.62158744023,0.72737958208));
#3598 = CARTESIAN_POINT('',(1.666851510219,0.766636618461));
#3599 = CARTESIAN_POINT('',(1.737958764184,0.833583864428));
#3600 = CARTESIAN_POINT('',(1.764392808837,0.859691080061));
#3601 = CARTESIAN_POINT('',(1.790525781351,0.886653952238));
#3602 = CARTESIAN_POINT('',(1.816354964102,0.914385416466));
#3603 = CARTESIAN_POINT('',(1.841875888662,0.942792788482));
#3604 = CARTESIAN_POINT('',(1.897106141459,1.006302236327));
#3605 = CARTESIAN_POINT('',(1.926688511428,1.041651968683));
#3606 = CARTESIAN_POINT('',(1.9558509091,1.077699633161));
#3607 = CARTESIAN_POINT('',(1.984612554673,1.114319895533));
#3608 = CARTESIAN_POINT('',(2.012991263016,1.151390759876));
#3609 = CARTESIAN_POINT('',(2.113262211199,1.28527672046));
#3610 = CARTESIAN_POINT('',(2.183123390768,1.384024723213));
#3611 = CARTESIAN_POINT('',(2.251064357616,1.483276374992));
#3612 = CARTESIAN_POINT('',(2.317526572412,1.581547471787));
#3613 = CARTESIAN_POINT('',(2.382950958729,1.677515647212));
#3614 = CARTESIAN_POINT('',(2.510840049773,1.859388537706));
#3615 = CARTESIAN_POINT('',(2.573404710564,1.945595927035));
#3616 = CARTESIAN_POINT('',(2.635757739159,2.026794247151));
#3617 = CARTESIAN_POINT('',(2.69814707935,2.101287913227));
#3618 = CARTESIAN_POINT('',(2.760840434805,2.167210032635));
#3619 = CARTESIAN_POINT('',(2.87595188927,2.267940705686));
#3620 = CARTESIAN_POINT('',(2.928246880141,2.306299098117));
#3621 = CARTESIAN_POINT('',(2.980840752699,2.336255854119));
#3622 = CARTESIAN_POINT('',(3.033643830325,2.35675175093));
#3623 = CARTESIAN_POINT('',(3.086610324231,2.367202793188));
#3624 = CARTESIAN_POINT('',(3.175430250349,2.367702422765));
#3625 = CARTESIAN_POINT('',(3.211122221674,2.363312230897));
#3626 = CARTESIAN_POINT('',(3.246767243741,2.354336393875));
#3627 = CARTESIAN_POINT('',(3.282333730686,2.340899148039));
#3628 = CARTESIAN_POINT('',(3.31778080184,2.323237281059));
#3629 = CARTESIAN_POINT('',(3.436389486034,2.250796700475));
#3630 = CARTESIAN_POINT('',(3.518281301332,2.178522119042));
#3631 = CARTESIAN_POINT('',(3.59947308508,2.088951502161));
#3632 = CARTESIAN_POINT('',(3.680472600594,1.986400690787));
#3633 = CARTESIAN_POINT('',(3.761702760406,1.874881379648));
#3634 = CARTESIAN_POINT('',(3.888919496714,1.693378819266));
#3635 = CARTESIAN_POINT('',(3.934560118845,1.626922249205));
#3636 = CARTESIAN_POINT('',(3.980658619178,1.559183814158));
#3637 = CARTESIAN_POINT('',(4.027363761708,1.490634621475));
#3638 = CARTESIAN_POINT('',(4.074826053458,1.421757090253));
#3639 = CARTESIAN_POINT('',(4.168860824337,1.288262126124));
#3640 = CARTESIAN_POINT('',(4.215367968107,1.223573995394));
#3641 = CARTESIAN_POINT('',(4.262828436342,1.159501748602));
#3642 = CARTESIAN_POINT('',(4.311348801601,1.096572847918));
#3643 = CARTESIAN_POINT('',(4.361042716449,1.035356688392));
#3644 = CARTESIAN_POINT('',(4.437775623379,0.946737876561));
#3645 = CARTESIAN_POINT('',(4.46384284098,0.917607146149));
#3646 = CARTESIAN_POINT('',(4.490232327362,0.889175317768));
#3647 = CARTESIAN_POINT('',(4.516939690106,0.861541797139));
#3648 = CARTESIAN_POINT('',(4.543962435106,0.834800011995));
#3649 = CARTESIAN_POINT('',(4.616613858751,0.766330678748));
#3650 = CARTESIAN_POINT('',(4.662860936658,0.726247770267));
#3651 = CARTESIAN_POINT('',(4.709832441207,0.689394024098));
#3652 = CARTESIAN_POINT('',(4.757350045458,0.656203800077));
#3653 = CARTESIAN_POINT('',(4.805248396774,0.626921038816));
#3654 = CARTESIAN_POINT('',(4.897275018217,0.578513414223));
#3655 = CARTESIAN_POINT('',(4.941249172789,0.558787119953));
#3656 = CARTESIAN_POINT('',(4.985138807653,0.542461248681));
#3657 = CARTESIAN_POINT('',(5.028800046566,0.52942864297));
#3658 = CARTESIAN_POINT('',(5.072075674291,0.51947282196));
#3659 = CARTESIAN_POINT('',(5.14060627279,0.50795117978));
#3660 = CARTESIAN_POINT('',(5.166236791156,0.504622294956));
#3661 = CARTESIAN_POINT('',(5.191665608613,0.502236366983));
#3662 = CARTESIAN_POINT('',(5.216884462954,0.500720463217));
#3663 = CARTESIAN_POINT('',(5.241883453366,0.5));
#3664 = CARTESIAN_POINT('',(5.266650814837,0.5));
#3665 = ( GEOMETRIC_REPRESENTATION_CONTEXT(2) 
PARAMETRIC_REPRESENTATION_CONTEXT() REPRESENTATION_CONTEXT('2D SPACE',''
  ) );
#3666 = ORIENTED_EDGE('',*,*,#3667,.T.);
#3667 = EDGE_CURVE('',#3418,#3306,#3668,.T.);
#3668 = SURFACE_CURVE('',#3669,(#3673,#3680),.PCURVE_S1.);
#3669 = LINE('',#3670,#3671);
#3670 = CARTESIAN_POINT('',(-18.,-15.65,17.));
#3671 = VECTOR('',#3672,1.);
#3672 = DIRECTION('',(0.,-1.,0.));
#3673 = PCURVE('',#2389,#3674);
#3674 = DEFINITIONAL_REPRESENTATION('',(#3675),#3679);
#3675 = LINE('',#3676,#3677);
#3676 = CARTESIAN_POINT('',(-1.570796326795,0.));
#3677 = VECTOR('',#3678,1.);
#3678 = DIRECTION('',(-0.,1.));
#3679 = ( GEOMETRIC_REPRESENTATION_CONTEXT(2) 
PARAMETRIC_REPRESENTATION_CONTEXT() REPRESENTATION_CONTEXT('2D SPACE',''
  ) );
#3680 = PCURVE('',#2714,#3681);
#3681 = DEFINITIONAL_REPRESENTATION('',(#3682),#3686);
#3682 = LINE('',#3683,#3684);
#3683 = CARTESIAN_POINT('',(27.,0.));
#3684 = VECTOR('',#3685,1.);
#3685 = DIRECTION('',(0.,-1.));
#3686 = ( GEOMETRIC_REPRESENTATION_CONTEXT(2) 
PARAMETRIC_REPRESENTATION_CONTEXT() REPRESENTATION_CONTEXT('2D SPACE',''
  ) );
#3687 = ORIENTED_EDGE('',*,*,#3328,.F.);
#3688 = ADVANCED_FACE('',(#3689),#2714,.F.);
#3689 = FACE_BOUND('',#3690,.F.);
#3690 = EDGE_LOOP('',(#3691,#3692,#3715,#3742,#3768,#3795,#3816,#3817,
    #3818,#3842,#3864));
#3691 = ORIENTED_EDGE('',*,*,#2698,.F.);
#3692 = ORIENTED_EDGE('',*,*,#3693,.T.);
#3693 = EDGE_CURVE('',#2670,#3694,#3696,.T.);
#3694 = VERTEX_POINT('',#3695);
#3695 = CARTESIAN_POINT('',(-18.,-23.65,38.));
#3696 = SURFACE_CURVE('',#3697,(#3701,#3708),.PCURVE_S1.);
#3697 = LINE('',#3698,#3699);
#3698 = CARTESIAN_POINT('',(-18.,-15.65,38.));
#3699 = VECTOR('',#3700,1.);
#3700 = DIRECTION('',(0.,-1.,0.));
#3701 = PCURVE('',#2714,#3702);
#3702 = DEFINITIONAL_REPRESENTATION('',(#3703),#3707);
#3703 = LINE('',#3704,#3705);
#3704 = CARTESIAN_POINT('',(6.,0.));
#3705 = VECTOR('',#3706,1.);
#3706 = DIRECTION('',(0.,-1.));
#3707 = ( GEOMETRIC_REPRESENTATION_CONTEXT(2) 
PARAMETRIC_REPRESENTATION_CONTEXT() REPRESENTATION_CONTEXT('2D SPACE',''
  ) );
#3708 = PCURVE('',#2686,#3709);
#3709 = DEFINITIONAL_REPRESENTATION('',(#3710),#3714);
#3710 = LINE('',#3711,#3712);
#3711 = CARTESIAN_POINT('',(1.570796326795,0.));
#3712 = VECTOR('',#3713,1.);
#3713 = DIRECTION('',(0.,1.));
#3714 = ( GEOMETRIC_REPRESENTATION_CONTEXT(2) 
PARAMETRIC_REPRESENTATION_CONTEXT() REPRESENTATION_CONTEXT('2D SPACE',''
  ) );
#3715 = ORIENTED_EDGE('',*,*,#3716,.F.);
#3716 = EDGE_CURVE('',#3717,#3694,#3719,.T.);
#3717 = VERTEX_POINT('',#3718);
#3718 = CARTESIAN_POINT('',(-18.,-23.65,33.453306688776));
#3719 = SURFACE_CURVE('',#3720,(#3724,#3730),.PCURVE_S1.);
#3720 = LINE('',#3721,#3722);
#3721 = CARTESIAN_POINT('',(-18.,-23.65,41.75));
#3722 = VECTOR('',#3723,1.);
#3723 = DIRECTION('',(0.,0.,1.));
#3724 = PCURVE('',#2714,#3725);
#3725 = DEFINITIONAL_REPRESENTATION('',(#3726),#3729);
#3726 = B_SPLINE_CURVE_WITH_KNOTS('',1,(#3727,#3728),.UNSPECIFIED.,.F.,
  .F.,(2,2),(-9.,-3.75),.PIECEWISE_BEZIER_KNOTS.);
#3727 = CARTESIAN_POINT('',(11.25,-8.));
#3728 = CARTESIAN_POINT('',(6.,-8.));
#3729 = ( GEOMETRIC_REPRESENTATION_CONTEXT(2) 
PARAMETRIC_REPRESENTATION_CONTEXT() REPRESENTATION_CONTEXT('2D SPACE',''
  ) );
#3730 = PCURVE('',#3731,#3736);
#3731 = PLANE('',#3732);
#3732 = AXIS2_PLACEMENT_3D('',#3733,#3734,#3735);
#3733 = CARTESIAN_POINT('',(-15.,-23.65,39.5));
#3734 = DIRECTION('',(0.,1.,0.));
#3735 = DIRECTION('',(0.,-0.,1.));
#3736 = DEFINITIONAL_REPRESENTATION('',(#3737),#3741);
#3737 = LINE('',#3738,#3739);
#3738 = CARTESIAN_POINT('',(2.25,-3.));
#3739 = VECTOR('',#3740,1.);
#3740 = DIRECTION('',(1.,0.));
#3741 = ( GEOMETRIC_REPRESENTATION_CONTEXT(2) 
PARAMETRIC_REPRESENTATION_CONTEXT() REPRESENTATION_CONTEXT('2D SPACE',''
  ) );
#3742 = ORIENTED_EDGE('',*,*,#3743,.F.);
#3743 = EDGE_CURVE('',#3744,#3717,#3746,.T.);
#3744 = VERTEX_POINT('',#3745);
#3745 = CARTESIAN_POINT('',(-18.,-36.35,33.453306688776));
#3746 = SURFACE_CURVE('',#3747,(#3751,#3757),.PCURVE_S1.);
#3747 = LINE('',#3748,#3749);
#3748 = CARTESIAN_POINT('',(-18.,-36.35,33.453306688776));
#3749 = VECTOR('',#3750,1.);
#3750 = DIRECTION('',(0.,1.,0.));
#3751 = PCURVE('',#2714,#3752);
#3752 = DEFINITIONAL_REPRESENTATION('',(#3753),#3756);
#3753 = B_SPLINE_CURVE_WITH_KNOTS('',1,(#3754,#3755),.UNSPECIFIED.,.F.,
  .F.,(2,2),(-5.999999999062E-07,12.7000006),.PIECEWISE_BEZIER_KNOTS.);
#3754 = CARTESIAN_POINT('',(10.546693311224,-20.7000006));
#3755 = CARTESIAN_POINT('',(10.546693311224,-7.9999994));
#3756 = ( GEOMETRIC_REPRESENTATION_CONTEXT(2) 
PARAMETRIC_REPRESENTATION_CONTEXT() REPRESENTATION_CONTEXT('2D SPACE',''
  ) );
#3757 = PCURVE('',#3758,#3763);
#3758 = CYLINDRICAL_SURFACE('',#3759,6.75);
#3759 = AXIS2_PLACEMENT_3D('',#3760,#3761,#3762);
#3760 = CARTESIAN_POINT('',(-15.,-36.35,39.5));
#3761 = DIRECTION('',(0.,1.,0.));
#3762 = DIRECTION('',(0.,-0.,1.));
#3763 = DEFINITIONAL_REPRESENTATION('',(#3764),#3767);
#3764 = B_SPLINE_CURVE_WITH_KNOTS('',1,(#3765,#3766),.UNSPECIFIED.,.F.,
  .F.,(2,2),(-5.999999999062E-07,12.7000006),.PIECEWISE_BEZIER_KNOTS.);
#3765 = CARTESIAN_POINT('',(3.602146645271,-5.999999999062E-07));
#3766 = CARTESIAN_POINT('',(3.602146645271,12.7000006));
#3767 = ( GEOMETRIC_REPRESENTATION_CONTEXT(2) 
PARAMETRIC_REPRESENTATION_CONTEXT() REPRESENTATION_CONTEXT('2D SPACE',''
  ) );
#3768 = ORIENTED_EDGE('',*,*,#3769,.T.);
#3769 = EDGE_CURVE('',#3744,#3770,#3772,.T.);
#3770 = VERTEX_POINT('',#3771);
#3771 = CARTESIAN_POINT('',(-18.,-36.35,38.));
#3772 = SURFACE_CURVE('',#3773,(#3777,#3783),.PCURVE_S1.);
#3773 = LINE('',#3774,#3775);
#3774 = CARTESIAN_POINT('',(-18.,-36.35,41.75));
#3775 = VECTOR('',#3776,1.);
#3776 = DIRECTION('',(0.,0.,1.));
#3777 = PCURVE('',#2714,#3778);
#3778 = DEFINITIONAL_REPRESENTATION('',(#3779),#3782);
#3779 = B_SPLINE_CURVE_WITH_KNOTS('',1,(#3780,#3781),.UNSPECIFIED.,.F.,
  .F.,(2,2),(-9.,-3.75),.PIECEWISE_BEZIER_KNOTS.);
#3780 = CARTESIAN_POINT('',(11.25,-20.7));
#3781 = CARTESIAN_POINT('',(6.,-20.7));
#3782 = ( GEOMETRIC_REPRESENTATION_CONTEXT(2) 
PARAMETRIC_REPRESENTATION_CONTEXT() REPRESENTATION_CONTEXT('2D SPACE',''
  ) );
#3783 = PCURVE('',#3784,#3789);
#3784 = PLANE('',#3785);
#3785 = AXIS2_PLACEMENT_3D('',#3786,#3787,#3788);
#3786 = CARTESIAN_POINT('',(-15.,-36.35,39.5));
#3787 = DIRECTION('',(0.,1.,0.));
#3788 = DIRECTION('',(0.,-0.,1.));
#3789 = DEFINITIONAL_REPRESENTATION('',(#3790),#3794);
#3790 = LINE('',#3791,#3792);
#3791 = CARTESIAN_POINT('',(2.25,-3.));
#3792 = VECTOR('',#3793,1.);
#3793 = DIRECTION('',(1.,0.));
#3794 = ( GEOMETRIC_REPRESENTATION_CONTEXT(2) 
PARAMETRIC_REPRESENTATION_CONTEXT() REPRESENTATION_CONTEXT('2D SPACE',''
  ) );
#3795 = ORIENTED_EDGE('',*,*,#3796,.T.);
#3796 = EDGE_CURVE('',#3770,#3277,#3797,.T.);
#3797 = SURFACE_CURVE('',#3798,(#3802,#3809),.PCURVE_S1.);
#3798 = LINE('',#3799,#3800);
#3799 = CARTESIAN_POINT('',(-18.,-15.65,38.));
#3800 = VECTOR('',#3801,1.);
#3801 = DIRECTION('',(0.,-1.,0.));
#3802 = PCURVE('',#2714,#3803);
#3803 = DEFINITIONAL_REPRESENTATION('',(#3804),#3808);
#3804 = LINE('',#3805,#3806);
#3805 = CARTESIAN_POINT('',(6.,0.));
#3806 = VECTOR('',#3807,1.);
#3807 = DIRECTION('',(0.,-1.));
#3808 = ( GEOMETRIC_REPRESENTATION_CONTEXT(2) 
PARAMETRIC_REPRESENTATION_CONTEXT() REPRESENTATION_CONTEXT('2D SPACE',''
  ) );
#3809 = PCURVE('',#3293,#3810);
#3810 = DEFINITIONAL_REPRESENTATION('',(#3811),#3815);
#3811 = LINE('',#3812,#3813);
#3812 = CARTESIAN_POINT('',(1.570796326795,0.));
#3813 = VECTOR('',#3814,1.);
#3814 = DIRECTION('',(0.,1.));
#3815 = ( GEOMETRIC_REPRESENTATION_CONTEXT(2) 
PARAMETRIC_REPRESENTATION_CONTEXT() REPRESENTATION_CONTEXT('2D SPACE',''
  ) );
#3816 = ORIENTED_EDGE('',*,*,#3305,.T.);
#3817 = ORIENTED_EDGE('',*,*,#3667,.F.);
#3818 = ORIENTED_EDGE('',*,*,#3819,.F.);
#3819 = EDGE_CURVE('',#3820,#3418,#3822,.T.);
#3820 = VERTEX_POINT('',#3821);
#3821 = CARTESIAN_POINT('',(-18.,-30.,18.35));
#3822 = SURFACE_CURVE('',#3823,(#3828,#3835),.PCURVE_S1.);
#3823 = CIRCLE('',#3824,2.85);
#3824 = AXIS2_PLACEMENT_3D('',#3825,#3826,#3827);
#3825 = CARTESIAN_POINT('',(-18.,-30.,15.5));
#3826 = DIRECTION('',(1.,0.,0.));
#3827 = DIRECTION('',(-0.,0.,1.));
#3828 = PCURVE('',#2714,#3829);
#3829 = DEFINITIONAL_REPRESENTATION('',(#3830),#3834);
#3830 = CIRCLE('',#3831,2.85);
#3831 = AXIS2_PLACEMENT_2D('',#3832,#3833);
#3832 = CARTESIAN_POINT('',(28.5,-14.35));
#3833 = DIRECTION('',(-1.,0.));
#3834 = ( GEOMETRIC_REPRESENTATION_CONTEXT(2) 
PARAMETRIC_REPRESENTATION_CONTEXT() REPRESENTATION_CONTEXT('2D SPACE',''
  ) );
#3835 = PCURVE('',#3581,#3836);
#3836 = DEFINITIONAL_REPRESENTATION('',(#3837),#3841);
#3837 = LINE('',#3838,#3839);
#3838 = CARTESIAN_POINT('',(0.,0.5));
#3839 = VECTOR('',#3840,1.);
#3840 = DIRECTION('',(1.,0.));
#3841 = ( GEOMETRIC_REPRESENTATION_CONTEXT(2) 
PARAMETRIC_REPRESENTATION_CONTEXT() REPRESENTATION_CONTEXT('2D SPACE',''
  ) );
#3842 = ORIENTED_EDGE('',*,*,#3843,.F.);
#3843 = EDGE_CURVE('',#3395,#3820,#3844,.T.);
#3844 = SURFACE_CURVE('',#3845,(#3850,#3857),.PCURVE_S1.);
#3845 = CIRCLE('',#3846,2.85);
#3846 = AXIS2_PLACEMENT_3D('',#3847,#3848,#3849);
#3847 = CARTESIAN_POINT('',(-18.,-30.,15.5));
#3848 = DIRECTION('',(1.,0.,0.));
#3849 = DIRECTION('',(-0.,0.,1.));
#3850 = PCURVE('',#2714,#3851);
#3851 = DEFINITIONAL_REPRESENTATION('',(#3852),#3856);
#3852 = CIRCLE('',#3853,2.85);
#3853 = AXIS2_PLACEMENT_2D('',#3854,#3855);
#3854 = CARTESIAN_POINT('',(28.5,-14.35));
#3855 = DIRECTION('',(-1.,0.));
#3856 = ( GEOMETRIC_REPRESENTATION_CONTEXT(2) 
PARAMETRIC_REPRESENTATION_CONTEXT() REPRESENTATION_CONTEXT('2D SPACE',''
  ) );
#3857 = PCURVE('',#3581,#3858);
#3858 = DEFINITIONAL_REPRESENTATION('',(#3859),#3863);
#3859 = LINE('',#3860,#3861);
#3860 = CARTESIAN_POINT('',(0.,0.5));
#3861 = VECTOR('',#3862,1.);
#3862 = DIRECTION('',(1.,0.));
#3863 = ( GEOMETRIC_REPRESENTATION_CONTEXT(2) 
PARAMETRIC_REPRESENTATION_CONTEXT() REPRESENTATION_CONTEXT('2D SPACE',''
  ) );
#3864 = ORIENTED_EDGE('',*,*,#3394,.F.);
#3865 = ADVANCED_FACE('',(#3866),#2600,.F.);
#3866 = FACE_BOUND('',#3867,.F.);
#3867 = EDGE_LOOP('',(#3868,#3869,#3870,#3871,#3872,#3873,#3896,#3918,
    #3944,#3966));
#3868 = ORIENTED_EDGE('',*,*,#2584,.F.);
#3869 = ORIENTED_EDGE('',*,*,#2792,.T.);
#3870 = ORIENTED_EDGE('',*,*,#3077,.F.);
#3871 = ORIENTED_EDGE('',*,*,#3146,.T.);
#3872 = ORIENTED_EDGE('',*,*,#3196,.T.);
#3873 = ORIENTED_EDGE('',*,*,#3874,.F.);
#3874 = EDGE_CURVE('',#3875,#3197,#3877,.T.);
#3875 = VERTEX_POINT('',#3876);
#3876 = CARTESIAN_POINT('',(8.881784197001E-16,-36.35,38.));
#3877 = SURFACE_CURVE('',#3878,(#3882,#3889),.PCURVE_S1.);
#3878 = LINE('',#3879,#3880);
#3879 = CARTESIAN_POINT('',(8.881784197001E-16,-15.65,38.));
#3880 = VECTOR('',#3881,1.);
#3881 = DIRECTION('',(0.,-1.,0.));
#3882 = PCURVE('',#2600,#3883);
#3883 = DEFINITIONAL_REPRESENTATION('',(#3884),#3888);
#3884 = LINE('',#3885,#3886);
#3885 = CARTESIAN_POINT('',(27.,0.));
#3886 = VECTOR('',#3887,1.);
#3887 = DIRECTION('',(0.,-1.));
#3888 = ( GEOMETRIC_REPRESENTATION_CONTEXT(2) 
PARAMETRIC_REPRESENTATION_CONTEXT() REPRESENTATION_CONTEXT('2D SPACE',''
  ) );
#3889 = PCURVE('',#3236,#3890);
#3890 = DEFINITIONAL_REPRESENTATION('',(#3891),#3895);
#3891 = LINE('',#3892,#3893);
#3892 = CARTESIAN_POINT('',(0.,0.));
#3893 = VECTOR('',#3894,1.);
#3894 = DIRECTION('',(0.,1.));
#3895 = ( GEOMETRIC_REPRESENTATION_CONTEXT(2) 
PARAMETRIC_REPRESENTATION_CONTEXT() REPRESENTATION_CONTEXT('2D SPACE',''
  ) );
#3896 = ORIENTED_EDGE('',*,*,#3897,.F.);
#3897 = EDGE_CURVE('',#3898,#3875,#3900,.T.);
#3898 = VERTEX_POINT('',#3899);
#3899 = CARTESIAN_POINT('',(0.,-36.35,32.75));
#3900 = SURFACE_CURVE('',#3901,(#3905,#3911),.PCURVE_S1.);
#3901 = LINE('',#3902,#3903);
#3902 = CARTESIAN_POINT('',(0.,-36.35,25.25));
#3903 = VECTOR('',#3904,1.);
#3904 = DIRECTION('',(0.,-0.,1.));
#3905 = PCURVE('',#2600,#3906);
#3906 = DEFINITIONAL_REPRESENTATION('',(#3907),#3910);
#3907 = B_SPLINE_CURVE_WITH_KNOTS('',1,(#3908,#3909),.UNSPECIFIED.,.F.,
  .F.,(2,2),(7.5,12.75),.PIECEWISE_BEZIER_KNOTS.);
#3908 = CARTESIAN_POINT('',(21.75,-20.7));
#3909 = CARTESIAN_POINT('',(27.,-20.7));
#3910 = ( GEOMETRIC_REPRESENTATION_CONTEXT(2) 
PARAMETRIC_REPRESENTATION_CONTEXT() REPRESENTATION_CONTEXT('2D SPACE',''
  ) );
#3911 = PCURVE('',#3784,#3912);
#3912 = DEFINITIONAL_REPRESENTATION('',(#3913),#3917);
#3913 = LINE('',#3914,#3915);
#3914 = CARTESIAN_POINT('',(-14.25,15.));
#3915 = VECTOR('',#3916,1.);
#3916 = DIRECTION('',(1.,0.));
#3917 = ( GEOMETRIC_REPRESENTATION_CONTEXT(2) 
PARAMETRIC_REPRESENTATION_CONTEXT() REPRESENTATION_CONTEXT('2D SPACE',''
  ) );
#3918 = ORIENTED_EDGE('',*,*,#3919,.T.);
#3919 = EDGE_CURVE('',#3898,#3920,#3922,.T.);
#3920 = VERTEX_POINT('',#3921);
#3921 = CARTESIAN_POINT('',(0.,-23.65,32.75));
#3922 = SURFACE_CURVE('',#3923,(#3927,#3933),.PCURVE_S1.);
#3923 = LINE('',#3924,#3925);
#3924 = CARTESIAN_POINT('',(0.,-19.65,32.75));
#3925 = VECTOR('',#3926,1.);
#3926 = DIRECTION('',(0.,1.,0.));
#3927 = PCURVE('',#2600,#3928);
#3928 = DEFINITIONAL_REPRESENTATION('',(#3929),#3932);
#3929 = B_SPLINE_CURVE_WITH_KNOTS('',1,(#3930,#3931),.UNSPECIFIED.,.F.,
  .F.,(2,2),(-16.7,-4.),.PIECEWISE_BEZIER_KNOTS.);
#3930 = CARTESIAN_POINT('',(21.75,-20.7));
#3931 = CARTESIAN_POINT('',(21.75,-8.));
#3932 = ( GEOMETRIC_REPRESENTATION_CONTEXT(2) 
PARAMETRIC_REPRESENTATION_CONTEXT() REPRESENTATION_CONTEXT('2D SPACE',''
  ) );
#3933 = PCURVE('',#3934,#3939);
#3934 = PLANE('',#3935);
#3935 = AXIS2_PLACEMENT_3D('',#3936,#3937,#3938);
#3936 = CARTESIAN_POINT('',(-15.,-23.65,32.75));
#3937 = DIRECTION('',(-0.,0.,1.));
#3938 = DIRECTION('',(1.,0.,0.));
#3939 = DEFINITIONAL_REPRESENTATION('',(#3940),#3943);
#3940 = B_SPLINE_CURVE_WITH_KNOTS('',1,(#3941,#3942),.UNSPECIFIED.,.F.,
  .F.,(2,2),(-16.7,-4.),.PIECEWISE_BEZIER_KNOTS.);
#3941 = CARTESIAN_POINT('',(15.,-12.7));
#3942 = CARTESIAN_POINT('',(15.,0.));
#3943 = ( GEOMETRIC_REPRESENTATION_CONTEXT(2) 
PARAMETRIC_REPRESENTATION_CONTEXT() REPRESENTATION_CONTEXT('2D SPACE',''
  ) );
#3944 = ORIENTED_EDGE('',*,*,#3945,.T.);
#3945 = EDGE_CURVE('',#3920,#3946,#3948,.T.);
#3946 = VERTEX_POINT('',#3947);
#3947 = CARTESIAN_POINT('',(8.881784197001E-16,-23.65,38.));
#3948 = SURFACE_CURVE('',#3949,(#3953,#3959),.PCURVE_S1.);
#3949 = LINE('',#3950,#3951);
#3950 = CARTESIAN_POINT('',(0.,-23.65,25.25));
#3951 = VECTOR('',#3952,1.);
#3952 = DIRECTION('',(0.,-0.,1.));
#3953 = PCURVE('',#2600,#3954);
#3954 = DEFINITIONAL_REPRESENTATION('',(#3955),#3958);
#3955 = B_SPLINE_CURVE_WITH_KNOTS('',1,(#3956,#3957),.UNSPECIFIED.,.F.,
  .F.,(2,2),(7.5,12.75),.PIECEWISE_BEZIER_KNOTS.);
#3956 = CARTESIAN_POINT('',(21.75,-8.));
#3957 = CARTESIAN_POINT('',(27.,-8.));
#3958 = ( GEOMETRIC_REPRESENTATION_CONTEXT(2) 
PARAMETRIC_REPRESENTATION_CONTEXT() REPRESENTATION_CONTEXT('2D SPACE',''
  ) );
#3959 = PCURVE('',#3731,#3960);
#3960 = DEFINITIONAL_REPRESENTATION('',(#3961),#3965);
#3961 = LINE('',#3962,#3963);
#3962 = CARTESIAN_POINT('',(-14.25,15.));
#3963 = VECTOR('',#3964,1.);
#3964 = DIRECTION('',(1.,0.));
#3965 = ( GEOMETRIC_REPRESENTATION_CONTEXT(2) 
PARAMETRIC_REPRESENTATION_CONTEXT() REPRESENTATION_CONTEXT('2D SPACE',''
  ) );
#3966 = ORIENTED_EDGE('',*,*,#3967,.F.);
#3967 = EDGE_CURVE('',#2585,#3946,#3968,.T.);
#3968 = SURFACE_CURVE('',#3969,(#3973,#3980),.PCURVE_S1.);
#3969 = LINE('',#3970,#3971);
#3970 = CARTESIAN_POINT('',(8.881784197001E-16,-15.65,38.));
#3971 = VECTOR('',#3972,1.);
#3972 = DIRECTION('',(0.,-1.,0.));
#3973 = PCURVE('',#2600,#3974);
#3974 = DEFINITIONAL_REPRESENTATION('',(#3975),#3979);
#3975 = LINE('',#3976,#3977);
#3976 = CARTESIAN_POINT('',(27.,0.));
#3977 = VECTOR('',#3978,1.);
#3978 = DIRECTION('',(0.,-1.));
#3979 = ( GEOMETRIC_REPRESENTATION_CONTEXT(2) 
PARAMETRIC_REPRESENTATION_CONTEXT() REPRESENTATION_CONTEXT('2D SPACE',''
  ) );
#3980 = PCURVE('',#2629,#3981);
#3981 = DEFINITIONAL_REPRESENTATION('',(#3982),#3986);
#3982 = LINE('',#3983,#3984);
#3983 = CARTESIAN_POINT('',(0.,0.));
#3984 = VECTOR('',#3985,1.);
#3985 = DIRECTION('',(0.,1.));
#3986 = ( GEOMETRIC_REPRESENTATION_CONTEXT(2) 
PARAMETRIC_REPRESENTATION_CONTEXT() REPRESENTATION_CONTEXT('2D SPACE',''
  ) );
#3987 = ADVANCED_FACE('',(#3988),#2686,.T.);
#3988 = FACE_BOUND('',#3989,.T.);
#3989 = EDGE_LOOP('',(#3990,#4013,#4014,#4015));
#3990 = ORIENTED_EDGE('',*,*,#3991,.F.);
#3991 = EDGE_CURVE('',#2642,#3992,#3994,.T.);
#3992 = VERTEX_POINT('',#3993);
#3993 = CARTESIAN_POINT('',(-12.,-23.65,44.));
#3994 = SURFACE_CURVE('',#3995,(#3999,#4006),.PCURVE_S1.);
#3995 = LINE('',#3996,#3997);
#3996 = CARTESIAN_POINT('',(-12.,-15.65,44.));
#3997 = VECTOR('',#3998,1.);
#3998 = DIRECTION('',(0.,-1.,0.));
#3999 = PCURVE('',#2686,#4000);
#4000 = DEFINITIONAL_REPRESENTATION('',(#4001),#4005);
#4001 = LINE('',#4002,#4003);
#4002 = CARTESIAN_POINT('',(0.,0.));
#4003 = VECTOR('',#4004,1.);
#4004 = DIRECTION('',(0.,1.));
#4005 = ( GEOMETRIC_REPRESENTATION_CONTEXT(2) 
PARAMETRIC_REPRESENTATION_CONTEXT() REPRESENTATION_CONTEXT('2D SPACE',''
  ) );
#4006 = PCURVE('',#2657,#4007);
#4007 = DEFINITIONAL_REPRESENTATION('',(#4008),#4012);
#4008 = LINE('',#4009,#4010);
#4009 = CARTESIAN_POINT('',(12.,0.));
#4010 = VECTOR('',#4011,1.);
#4011 = DIRECTION('',(0.,-1.));
#4012 = ( GEOMETRIC_REPRESENTATION_CONTEXT(2) 
PARAMETRIC_REPRESENTATION_CONTEXT() REPRESENTATION_CONTEXT('2D SPACE',''
  ) );
#4013 = ORIENTED_EDGE('',*,*,#2669,.T.);
#4014 = ORIENTED_EDGE('',*,*,#3693,.T.);
#4015 = ORIENTED_EDGE('',*,*,#4016,.T.);
#4016 = EDGE_CURVE('',#3694,#3992,#4017,.T.);
#4017 = SURFACE_CURVE('',#4018,(#4023,#4030),.PCURVE_S1.);
#4018 = CIRCLE('',#4019,6.);
#4019 = AXIS2_PLACEMENT_3D('',#4020,#4021,#4022);
#4020 = CARTESIAN_POINT('',(-12.,-23.65,38.));
#4021 = DIRECTION('',(0.,1.,0.));
#4022 = DIRECTION('',(-1.,0.,0.));
#4023 = PCURVE('',#2686,#4024);
#4024 = DEFINITIONAL_REPRESENTATION('',(#4025),#4029);
#4025 = LINE('',#4026,#4027);
#4026 = CARTESIAN_POINT('',(1.570796326795,8.));
#4027 = VECTOR('',#4028,1.);
#4028 = DIRECTION('',(-1.,-0.));
#4029 = ( GEOMETRIC_REPRESENTATION_CONTEXT(2) 
PARAMETRIC_REPRESENTATION_CONTEXT() REPRESENTATION_CONTEXT('2D SPACE',''
  ) );
#4030 = PCURVE('',#3731,#4031);
#4031 = DEFINITIONAL_REPRESENTATION('',(#4032),#4036);
#4032 = CIRCLE('',#4033,6.);
#4033 = AXIS2_PLACEMENT_2D('',#4034,#4035);
#4034 = CARTESIAN_POINT('',(-1.5,3.));
#4035 = DIRECTION('',(0.,-1.));
#4036 = ( GEOMETRIC_REPRESENTATION_CONTEXT(2) 
PARAMETRIC_REPRESENTATION_CONTEXT() REPRESENTATION_CONTEXT('2D SPACE',''
  ) );
#4037 = ADVANCED_FACE('',(#4038),#2629,.T.);
#4038 = FACE_BOUND('',#4039,.T.);
#4039 = EDGE_LOOP('',(#4040,#4041,#4042,#4065));
#4040 = ORIENTED_EDGE('',*,*,#3967,.F.);
#4041 = ORIENTED_EDGE('',*,*,#2612,.T.);
#4042 = ORIENTED_EDGE('',*,*,#4043,.T.);
#4043 = EDGE_CURVE('',#2613,#4044,#4046,.T.);
#4044 = VERTEX_POINT('',#4045);
#4045 = CARTESIAN_POINT('',(-6.,-23.65,44.));
#4046 = SURFACE_CURVE('',#4047,(#4051,#4058),.PCURVE_S1.);
#4047 = LINE('',#4048,#4049);
#4048 = CARTESIAN_POINT('',(-6.,-15.65,44.));
#4049 = VECTOR('',#4050,1.);
#4050 = DIRECTION('',(0.,-1.,0.));
#4051 = PCURVE('',#2629,#4052);
#4052 = DEFINITIONAL_REPRESENTATION('',(#4053),#4057);
#4053 = LINE('',#4054,#4055);
#4054 = CARTESIAN_POINT('',(1.570796326795,0.));
#4055 = VECTOR('',#4056,1.);
#4056 = DIRECTION('',(0.,1.));
#4057 = ( GEOMETRIC_REPRESENTATION_CONTEXT(2) 
PARAMETRIC_REPRESENTATION_CONTEXT() REPRESENTATION_CONTEXT('2D SPACE',''
  ) );
#4058 = PCURVE('',#2657,#4059);
#4059 = DEFINITIONAL_REPRESENTATION('',(#4060),#4064);
#4060 = LINE('',#4061,#4062);
#4061 = CARTESIAN_POINT('',(6.,0.));
#4062 = VECTOR('',#4063,1.);
#4063 = DIRECTION('',(0.,-1.));
#4064 = ( GEOMETRIC_REPRESENTATION_CONTEXT(2) 
PARAMETRIC_REPRESENTATION_CONTEXT() REPRESENTATION_CONTEXT('2D SPACE',''
  ) );
#4065 = ORIENTED_EDGE('',*,*,#4066,.F.);
#4066 = EDGE_CURVE('',#3946,#4044,#4067,.T.);
#4067 = SURFACE_CURVE('',#4068,(#4073,#4080),.PCURVE_S1.);
#4068 = CIRCLE('',#4069,6.);
#4069 = AXIS2_PLACEMENT_3D('',#4070,#4071,#4072);
#4070 = CARTESIAN_POINT('',(-6.,-23.65,38.));
#4071 = DIRECTION('',(0.,-1.,0.));
#4072 = DIRECTION('',(1.,0.,0.));
#4073 = PCURVE('',#2629,#4074);
#4074 = DEFINITIONAL_REPRESENTATION('',(#4075),#4079);
#4075 = LINE('',#4076,#4077);
#4076 = CARTESIAN_POINT('',(0.,8.));
#4077 = VECTOR('',#4078,1.);
#4078 = DIRECTION('',(1.,0.));
#4079 = ( GEOMETRIC_REPRESENTATION_CONTEXT(2) 
PARAMETRIC_REPRESENTATION_CONTEXT() REPRESENTATION_CONTEXT('2D SPACE',''
  ) );
#4080 = PCURVE('',#3731,#4081);
#4081 = DEFINITIONAL_REPRESENTATION('',(#4082),#4090);
#4082 = ( BOUNDED_CURVE() B_SPLINE_CURVE(2,(#4083,#4084,#4085,#4086,
#4087,#4088,#4089),.UNSPECIFIED.,.T.,.F.) B_SPLINE_CURVE_WITH_KNOTS((1,2
    ,2,2,2,1),(-2.094395102393,0.,2.094395102393,4.188790204786,
6.28318530718,8.377580409573),.UNSPECIFIED.) CURVE() 
GEOMETRIC_REPRESENTATION_ITEM() RATIONAL_B_SPLINE_CURVE((1.,0.5,1.,0.5,
1.,0.5,1.)) REPRESENTATION_ITEM('') );
#4083 = CARTESIAN_POINT('',(-1.5,15.));
#4084 = CARTESIAN_POINT('',(8.892304845413,15.));
#4085 = CARTESIAN_POINT('',(3.696152422707,6.));
#4086 = CARTESIAN_POINT('',(-1.5,-3.));
#4087 = CARTESIAN_POINT('',(-6.696152422707,6.));
#4088 = CARTESIAN_POINT('',(-11.89230484541,15.));
#4089 = CARTESIAN_POINT('',(-1.5,15.));
#4090 = ( GEOMETRIC_REPRESENTATION_CONTEXT(2) 
PARAMETRIC_REPRESENTATION_CONTEXT() REPRESENTATION_CONTEXT('2D SPACE',''
  ) );
#4091 = ADVANCED_FACE('',(#4092),#2657,.F.);
#4092 = FACE_BOUND('',#4093,.F.);
#4093 = EDGE_LOOP('',(#4094,#4095,#4096,#4117));
#4094 = ORIENTED_EDGE('',*,*,#2641,.F.);
#4095 = ORIENTED_EDGE('',*,*,#4043,.T.);
#4096 = ORIENTED_EDGE('',*,*,#4097,.F.);
#4097 = EDGE_CURVE('',#3992,#4044,#4098,.T.);
#4098 = SURFACE_CURVE('',#4099,(#4103,#4110),.PCURVE_S1.);
#4099 = LINE('',#4100,#4101);
#4100 = CARTESIAN_POINT('',(-12.,-23.65,44.));
#4101 = VECTOR('',#4102,1.);
#4102 = DIRECTION('',(1.,5.921189464668E-16,0.));
#4103 = PCURVE('',#2657,#4104);
#4104 = DEFINITIONAL_REPRESENTATION('',(#4105),#4109);
#4105 = LINE('',#4106,#4107);
#4106 = CARTESIAN_POINT('',(12.,-8.));
#4107 = VECTOR('',#4108,1.);
#4108 = DIRECTION('',(-1.,5.921189464668E-16));
#4109 = ( GEOMETRIC_REPRESENTATION_CONTEXT(2) 
PARAMETRIC_REPRESENTATION_CONTEXT() REPRESENTATION_CONTEXT('2D SPACE',''
  ) );
#4110 = PCURVE('',#3731,#4111);
#4111 = DEFINITIONAL_REPRESENTATION('',(#4112),#4116);
#4112 = LINE('',#4113,#4114);
#4113 = CARTESIAN_POINT('',(4.5,3.));
#4114 = VECTOR('',#4115,1.);
#4115 = DIRECTION('',(0.,1.));
#4116 = ( GEOMETRIC_REPRESENTATION_CONTEXT(2) 
PARAMETRIC_REPRESENTATION_CONTEXT() REPRESENTATION_CONTEXT('2D SPACE',''
  ) );
#4117 = ORIENTED_EDGE('',*,*,#3991,.F.);
#4118 = ADVANCED_FACE('',(#4119),#2775,.F.);
#4119 = FACE_BOUND('',#4120,.F.);
#4120 = EDGE_LOOP('',(#4121,#4122,#4145,#4172));
#4121 = ORIENTED_EDGE('',*,*,#2754,.F.);
#4122 = ORIENTED_EDGE('',*,*,#4123,.F.);
#4123 = EDGE_CURVE('',#4124,#2755,#4126,.T.);
#4124 = VERTEX_POINT('',#4125);
#4125 = CARTESIAN_POINT('',(-15.,-21.65,41.5));
#4126 = SEAM_CURVE('',#4127,(#4131,#4138),.PCURVE_S1.);
#4127 = LINE('',#4128,#4129);
#4128 = CARTESIAN_POINT('',(-15.,-21.65,41.5));
#4129 = VECTOR('',#4130,1.);
#4130 = DIRECTION('',(0.,1.,0.));
#4131 = PCURVE('',#2775,#4132);
#4132 = DEFINITIONAL_REPRESENTATION('',(#4133),#4137);
#4133 = LINE('',#4134,#4135);
#4134 = CARTESIAN_POINT('',(6.28318530718,-0.));
#4135 = VECTOR('',#4136,1.);
#4136 = DIRECTION('',(0.,1.));
#4137 = ( GEOMETRIC_REPRESENTATION_CONTEXT(2) 
PARAMETRIC_REPRESENTATION_CONTEXT() REPRESENTATION_CONTEXT('2D SPACE',''
  ) );
#4138 = PCURVE('',#2775,#4139);
#4139 = DEFINITIONAL_REPRESENTATION('',(#4140),#4144);
#4140 = LINE('',#4141,#4142);
#4141 = CARTESIAN_POINT('',(0.,-0.));
#4142 = VECTOR('',#4143,1.);
#4143 = DIRECTION('',(0.,1.));
#4144 = ( GEOMETRIC_REPRESENTATION_CONTEXT(2) 
PARAMETRIC_REPRESENTATION_CONTEXT() REPRESENTATION_CONTEXT('2D SPACE',''
  ) );
#4145 = ORIENTED_EDGE('',*,*,#4146,.T.);
#4146 = EDGE_CURVE('',#4124,#4124,#4147,.T.);
#4147 = SURFACE_CURVE('',#4148,(#4153,#4160),.PCURVE_S1.);
#4148 = CIRCLE('',#4149,2.);
#4149 = AXIS2_PLACEMENT_3D('',#4150,#4151,#4152);
#4150 = CARTESIAN_POINT('',(-15.,-21.65,39.5));
#4151 = DIRECTION('',(0.,1.,0.));
#4152 = DIRECTION('',(0.,-0.,1.));
#4153 = PCURVE('',#2775,#4154);
#4154 = DEFINITIONAL_REPRESENTATION('',(#4155),#4159);
#4155 = LINE('',#4156,#4157);
#4156 = CARTESIAN_POINT('',(0.,0.));
#4157 = VECTOR('',#4158,1.);
#4158 = DIRECTION('',(1.,0.));
#4159 = ( GEOMETRIC_REPRESENTATION_CONTEXT(2) 
PARAMETRIC_REPRESENTATION_CONTEXT() REPRESENTATION_CONTEXT('2D SPACE',''
  ) );
#4160 = PCURVE('',#4161,#4166);
#4161 = PLANE('',#4162);
#4162 = AXIS2_PLACEMENT_3D('',#4163,#4164,#4165);
#4163 = CARTESIAN_POINT('',(-15.,-21.65,39.5));
#4164 = DIRECTION('',(0.,1.,0.));
#4165 = DIRECTION('',(0.,-0.,1.));
#4166 = DEFINITIONAL_REPRESENTATION('',(#4167),#4171);
#4167 = CIRCLE('',#4168,2.);
#4168 = AXIS2_PLACEMENT_2D('',#4169,#4170);
#4169 = CARTESIAN_POINT('',(0.,0.));
#4170 = DIRECTION('',(1.,0.));
#4171 = ( GEOMETRIC_REPRESENTATION_CONTEXT(2) 
PARAMETRIC_REPRESENTATION_CONTEXT() REPRESENTATION_CONTEXT('2D SPACE',''
  ) );
#4172 = ORIENTED_EDGE('',*,*,#4123,.T.);
#4173 = ADVANCED_FACE('',(#4174),#3129,.F.);
#4174 = FACE_BOUND('',#4175,.F.);
#4175 = EDGE_LOOP('',(#4176,#4199,#4200,#4201));
#4176 = ORIENTED_EDGE('',*,*,#4177,.T.);
#4177 = EDGE_CURVE('',#4178,#3109,#4180,.T.);
#4178 = VERTEX_POINT('',#4179);
#4179 = CARTESIAN_POINT('',(-15.3,-30.,17.2));
#4180 = SEAM_CURVE('',#4181,(#4185,#4192),.PCURVE_S1.);
#4181 = LINE('',#4182,#4183);
#4182 = CARTESIAN_POINT('',(-19.,-30.,17.2));
#4183 = VECTOR('',#4184,1.);
#4184 = DIRECTION('',(1.,0.,0.));
#4185 = PCURVE('',#3129,#4186);
#4186 = DEFINITIONAL_REPRESENTATION('',(#4187),#4191);
#4187 = LINE('',#4188,#4189);
#4188 = CARTESIAN_POINT('',(6.28318530718,-0.));
#4189 = VECTOR('',#4190,1.);
#4190 = DIRECTION('',(0.,1.));
#4191 = ( GEOMETRIC_REPRESENTATION_CONTEXT(2) 
PARAMETRIC_REPRESENTATION_CONTEXT() REPRESENTATION_CONTEXT('2D SPACE',''
  ) );
#4192 = PCURVE('',#3129,#4193);
#4193 = DEFINITIONAL_REPRESENTATION('',(#4194),#4198);
#4194 = LINE('',#4195,#4196);
#4195 = CARTESIAN_POINT('',(0.,-0.));
#4196 = VECTOR('',#4197,1.);
#4197 = DIRECTION('',(0.,1.));
#4198 = ( GEOMETRIC_REPRESENTATION_CONTEXT(2) 
PARAMETRIC_REPRESENTATION_CONTEXT() REPRESENTATION_CONTEXT('2D SPACE',''
  ) );
#4199 = ORIENTED_EDGE('',*,*,#3108,.F.);
#4200 = ORIENTED_EDGE('',*,*,#4177,.F.);
#4201 = ORIENTED_EDGE('',*,*,#4202,.T.);
#4202 = EDGE_CURVE('',#4178,#4178,#4203,.T.);
#4203 = SURFACE_CURVE('',#4204,(#4209,#4216),.PCURVE_S1.);
#4204 = CIRCLE('',#4205,1.7);
#4205 = AXIS2_PLACEMENT_3D('',#4206,#4207,#4208);
#4206 = CARTESIAN_POINT('',(-15.3,-30.,15.5));
#4207 = DIRECTION('',(1.,0.,0.));
#4208 = DIRECTION('',(-0.,0.,1.));
#4209 = PCURVE('',#3129,#4210);
#4210 = DEFINITIONAL_REPRESENTATION('',(#4211),#4215);
#4211 = LINE('',#4212,#4213);
#4212 = CARTESIAN_POINT('',(0.,3.7));
#4213 = VECTOR('',#4214,1.);
#4214 = DIRECTION('',(1.,0.));
#4215 = ( GEOMETRIC_REPRESENTATION_CONTEXT(2) 
PARAMETRIC_REPRESENTATION_CONTEXT() REPRESENTATION_CONTEXT('2D SPACE',''
  ) );
#4216 = PCURVE('',#4217,#4222);
#4217 = PLANE('',#4218);
#4218 = AXIS2_PLACEMENT_3D('',#4219,#4220,#4221);
#4219 = CARTESIAN_POINT('',(-15.3,-30.,15.5));
#4220 = DIRECTION('',(1.,0.,0.));
#4221 = DIRECTION('',(-0.,0.,1.));
#4222 = DEFINITIONAL_REPRESENTATION('',(#4223),#4227);
#4223 = CIRCLE('',#4224,1.7);
#4224 = AXIS2_PLACEMENT_2D('',#4225,#4226);
#4225 = CARTESIAN_POINT('',(0.,0.));
#4226 = DIRECTION('',(1.,0.));
#4227 = ( GEOMETRIC_REPRESENTATION_CONTEXT(2) 
PARAMETRIC_REPRESENTATION_CONTEXT() REPRESENTATION_CONTEXT('2D SPACE',''
  ) );
#4228 = ADVANCED_FACE('',(#4229),#3293,.T.);
#4229 = FACE_BOUND('',#4230,.T.);
#4230 = EDGE_LOOP('',(#4231,#4254,#4280,#4281));
#4231 = ORIENTED_EDGE('',*,*,#4232,.F.);
#4232 = EDGE_CURVE('',#4233,#3249,#4235,.T.);
#4233 = VERTEX_POINT('',#4234);
#4234 = CARTESIAN_POINT('',(-12.,-36.35,44.));
#4235 = SURFACE_CURVE('',#4236,(#4240,#4247),.PCURVE_S1.);
#4236 = LINE('',#4237,#4238);
#4237 = CARTESIAN_POINT('',(-12.,-15.65,44.));
#4238 = VECTOR('',#4239,1.);
#4239 = DIRECTION('',(0.,-1.,0.));
#4240 = PCURVE('',#3293,#4241);
#4241 = DEFINITIONAL_REPRESENTATION('',(#4242),#4246);
#4242 = LINE('',#4243,#4244);
#4243 = CARTESIAN_POINT('',(0.,0.));
#4244 = VECTOR('',#4245,1.);
#4245 = DIRECTION('',(0.,1.));
#4246 = ( GEOMETRIC_REPRESENTATION_CONTEXT(2) 
PARAMETRIC_REPRESENTATION_CONTEXT() REPRESENTATION_CONTEXT('2D SPACE',''
  ) );
#4247 = PCURVE('',#3264,#4248);
#4248 = DEFINITIONAL_REPRESENTATION('',(#4249),#4253);
#4249 = LINE('',#4250,#4251);
#4250 = CARTESIAN_POINT('',(12.,0.));
#4251 = VECTOR('',#4252,1.);
#4252 = DIRECTION('',(0.,-1.));
#4253 = ( GEOMETRIC_REPRESENTATION_CONTEXT(2) 
PARAMETRIC_REPRESENTATION_CONTEXT() REPRESENTATION_CONTEXT('2D SPACE',''
  ) );
#4254 = ORIENTED_EDGE('',*,*,#4255,.T.);
#4255 = EDGE_CURVE('',#4233,#3770,#4256,.T.);
#4256 = SURFACE_CURVE('',#4257,(#4262,#4269),.PCURVE_S1.);
#4257 = CIRCLE('',#4258,6.);
#4258 = AXIS2_PLACEMENT_3D('',#4259,#4260,#4261);
#4259 = CARTESIAN_POINT('',(-12.,-36.35,38.));
#4260 = DIRECTION('',(0.,-1.,0.));
#4261 = DIRECTION('',(0.,0.,1.));
#4262 = PCURVE('',#3293,#4263);
#4263 = DEFINITIONAL_REPRESENTATION('',(#4264),#4268);
#4264 = LINE('',#4265,#4266);
#4265 = CARTESIAN_POINT('',(0.,20.7));
#4266 = VECTOR('',#4267,1.);
#4267 = DIRECTION('',(1.,0.));
#4268 = ( GEOMETRIC_REPRESENTATION_CONTEXT(2) 
PARAMETRIC_REPRESENTATION_CONTEXT() REPRESENTATION_CONTEXT('2D SPACE',''
  ) );
#4269 = PCURVE('',#3784,#4270);
#4270 = DEFINITIONAL_REPRESENTATION('',(#4271),#4279);
#4271 = ( BOUNDED_CURVE() B_SPLINE_CURVE(2,(#4272,#4273,#4274,#4275,
#4276,#4277,#4278),.UNSPECIFIED.,.T.,.F.) B_SPLINE_CURVE_WITH_KNOTS((1,2
    ,2,2,2,1),(-2.094395102393,0.,2.094395102393,4.188790204786,
6.28318530718,8.377580409573),.UNSPECIFIED.) CURVE() 
GEOMETRIC_REPRESENTATION_ITEM() RATIONAL_B_SPLINE_CURVE((1.,0.5,1.,0.5,
1.,0.5,1.)) REPRESENTATION_ITEM('') );
#4272 = CARTESIAN_POINT('',(4.5,3.));
#4273 = CARTESIAN_POINT('',(4.5,-7.392304845413));
#4274 = CARTESIAN_POINT('',(-4.5,-2.196152422707));
#4275 = CARTESIAN_POINT('',(-13.5,3.));
#4276 = CARTESIAN_POINT('',(-4.5,8.196152422707));
#4277 = CARTESIAN_POINT('',(4.5,13.392304845413));
#4278 = CARTESIAN_POINT('',(4.5,3.));
#4279 = ( GEOMETRIC_REPRESENTATION_CONTEXT(2) 
PARAMETRIC_REPRESENTATION_CONTEXT() REPRESENTATION_CONTEXT('2D SPACE',''
  ) );
#4280 = ORIENTED_EDGE('',*,*,#3796,.T.);
#4281 = ORIENTED_EDGE('',*,*,#3276,.F.);
#4282 = ADVANCED_FACE('',(#4283),#3236,.T.);
#4283 = FACE_BOUND('',#4284,.T.);
#4284 = EDGE_LOOP('',(#4285,#4286,#4314,#4335));
#4285 = ORIENTED_EDGE('',*,*,#3874,.F.);
#4286 = ORIENTED_EDGE('',*,*,#4287,.T.);
#4287 = EDGE_CURVE('',#3875,#4288,#4290,.T.);
#4288 = VERTEX_POINT('',#4289);
#4289 = CARTESIAN_POINT('',(-6.,-36.35,44.));
#4290 = SURFACE_CURVE('',#4291,(#4296,#4303),.PCURVE_S1.);
#4291 = CIRCLE('',#4292,6.);
#4292 = AXIS2_PLACEMENT_3D('',#4293,#4294,#4295);
#4293 = CARTESIAN_POINT('',(-6.,-36.35,38.));
#4294 = DIRECTION('',(0.,-1.,0.));
#4295 = DIRECTION('',(1.,0.,0.));
#4296 = PCURVE('',#3236,#4297);
#4297 = DEFINITIONAL_REPRESENTATION('',(#4298),#4302);
#4298 = LINE('',#4299,#4300);
#4299 = CARTESIAN_POINT('',(0.,20.7));
#4300 = VECTOR('',#4301,1.);
#4301 = DIRECTION('',(1.,0.));
#4302 = ( GEOMETRIC_REPRESENTATION_CONTEXT(2) 
PARAMETRIC_REPRESENTATION_CONTEXT() REPRESENTATION_CONTEXT('2D SPACE',''
  ) );
#4303 = PCURVE('',#3784,#4304);
#4304 = DEFINITIONAL_REPRESENTATION('',(#4305),#4313);
#4305 = ( BOUNDED_CURVE() B_SPLINE_CURVE(2,(#4306,#4307,#4308,#4309,
#4310,#4311,#4312),.UNSPECIFIED.,.T.,.F.) B_SPLINE_CURVE_WITH_KNOTS((1,2
    ,2,2,2,1),(-2.094395102393,0.,2.094395102393,4.188790204786,
6.28318530718,8.377580409573),.UNSPECIFIED.) CURVE() 
GEOMETRIC_REPRESENTATION_ITEM() RATIONAL_B_SPLINE_CURVE((1.,0.5,1.,0.5,
1.,0.5,1.)) REPRESENTATION_ITEM('') );
#4306 = CARTESIAN_POINT('',(-1.5,15.));
#4307 = CARTESIAN_POINT('',(8.892304845413,15.));
#4308 = CARTESIAN_POINT('',(3.696152422707,6.));
#4309 = CARTESIAN_POINT('',(-1.5,-3.));
#4310 = CARTESIAN_POINT('',(-6.696152422707,6.));
#4311 = CARTESIAN_POINT('',(-11.89230484541,15.));
#4312 = CARTESIAN_POINT('',(-1.5,15.));
#4313 = ( GEOMETRIC_REPRESENTATION_CONTEXT(2) 
PARAMETRIC_REPRESENTATION_CONTEXT() REPRESENTATION_CONTEXT('2D SPACE',''
  ) );
#4314 = ORIENTED_EDGE('',*,*,#4315,.T.);
#4315 = EDGE_CURVE('',#4288,#3220,#4316,.T.);
#4316 = SURFACE_CURVE('',#4317,(#4321,#4328),.PCURVE_S1.);
#4317 = LINE('',#4318,#4319);
#4318 = CARTESIAN_POINT('',(-6.,-15.65,44.));
#4319 = VECTOR('',#4320,1.);
#4320 = DIRECTION('',(0.,-1.,0.));
#4321 = PCURVE('',#3236,#4322);
#4322 = DEFINITIONAL_REPRESENTATION('',(#4323),#4327);
#4323 = LINE('',#4324,#4325);
#4324 = CARTESIAN_POINT('',(1.570796326795,0.));
#4325 = VECTOR('',#4326,1.);
#4326 = DIRECTION('',(0.,1.));
#4327 = ( GEOMETRIC_REPRESENTATION_CONTEXT(2) 
PARAMETRIC_REPRESENTATION_CONTEXT() REPRESENTATION_CONTEXT('2D SPACE',''
  ) );
#4328 = PCURVE('',#3264,#4329);
#4329 = DEFINITIONAL_REPRESENTATION('',(#4330),#4334);
#4330 = LINE('',#4331,#4332);
#4331 = CARTESIAN_POINT('',(6.,0.));
#4332 = VECTOR('',#4333,1.);
#4333 = DIRECTION('',(0.,-1.));
#4334 = ( GEOMETRIC_REPRESENTATION_CONTEXT(2) 
PARAMETRIC_REPRESENTATION_CONTEXT() REPRESENTATION_CONTEXT('2D SPACE',''
  ) );
#4335 = ORIENTED_EDGE('',*,*,#3219,.F.);
#4336 = ADVANCED_FACE('',(#4337),#3264,.F.);
#4337 = FACE_BOUND('',#4338,.F.);
#4338 = EDGE_LOOP('',(#4339,#4360,#4361,#4362));
#4339 = ORIENTED_EDGE('',*,*,#4340,.F.);
#4340 = EDGE_CURVE('',#4288,#4233,#4341,.T.);
#4341 = SURFACE_CURVE('',#4342,(#4346,#4353),.PCURVE_S1.);
#4342 = LINE('',#4343,#4344);
#4343 = CARTESIAN_POINT('',(-6.,-36.35,44.));
#4344 = VECTOR('',#4345,1.);
#4345 = DIRECTION('',(-1.,-1.184237892934E-15,0.));
#4346 = PCURVE('',#3264,#4347);
#4347 = DEFINITIONAL_REPRESENTATION('',(#4348),#4352);
#4348 = LINE('',#4349,#4350);
#4349 = CARTESIAN_POINT('',(6.,-20.7));
#4350 = VECTOR('',#4351,1.);
#4351 = DIRECTION('',(1.,-1.184237892934E-15));
#4352 = ( GEOMETRIC_REPRESENTATION_CONTEXT(2) 
PARAMETRIC_REPRESENTATION_CONTEXT() REPRESENTATION_CONTEXT('2D SPACE',''
  ) );
#4353 = PCURVE('',#3784,#4354);
#4354 = DEFINITIONAL_REPRESENTATION('',(#4355),#4359);
#4355 = LINE('',#4356,#4357);
#4356 = CARTESIAN_POINT('',(4.5,9.));
#4357 = VECTOR('',#4358,1.);
#4358 = DIRECTION('',(0.,-1.));
#4359 = ( GEOMETRIC_REPRESENTATION_CONTEXT(2) 
PARAMETRIC_REPRESENTATION_CONTEXT() REPRESENTATION_CONTEXT('2D SPACE',''
  ) );
#4360 = ORIENTED_EDGE('',*,*,#4315,.T.);
#4361 = ORIENTED_EDGE('',*,*,#3248,.T.);
#4362 = ORIENTED_EDGE('',*,*,#4232,.F.);
#4363 = ADVANCED_FACE('',(#4364),#3377,.F.);
#4364 = FACE_BOUND('',#4365,.F.);
#4365 = EDGE_LOOP('',(#4366,#4390,#4411,#4412));
#4366 = ORIENTED_EDGE('',*,*,#4367,.F.);
#4367 = EDGE_CURVE('',#4368,#4368,#4370,.T.);
#4368 = VERTEX_POINT('',#4369);
#4369 = CARTESIAN_POINT('',(-15.,-36.35,41.2));
#4370 = SURFACE_CURVE('',#4371,(#4376,#4383),.PCURVE_S1.);
#4371 = CIRCLE('',#4372,1.7);
#4372 = AXIS2_PLACEMENT_3D('',#4373,#4374,#4375);
#4373 = CARTESIAN_POINT('',(-15.,-36.35,39.5));
#4374 = DIRECTION('',(0.,1.,0.));
#4375 = DIRECTION('',(0.,-0.,1.));
#4376 = PCURVE('',#3377,#4377);
#4377 = DEFINITIONAL_REPRESENTATION('',(#4378),#4382);
#4378 = LINE('',#4379,#4380);
#4379 = CARTESIAN_POINT('',(0.,8.));
#4380 = VECTOR('',#4381,1.);
#4381 = DIRECTION('',(1.,0.));
#4382 = ( GEOMETRIC_REPRESENTATION_CONTEXT(2) 
PARAMETRIC_REPRESENTATION_CONTEXT() REPRESENTATION_CONTEXT('2D SPACE',''
  ) );
#4383 = PCURVE('',#3784,#4384);
#4384 = DEFINITIONAL_REPRESENTATION('',(#4385),#4389);
#4385 = CIRCLE('',#4386,1.7);
#4386 = AXIS2_PLACEMENT_2D('',#4387,#4388);
#4387 = CARTESIAN_POINT('',(0.,0.));
#4388 = DIRECTION('',(1.,0.));
#4389 = ( GEOMETRIC_REPRESENTATION_CONTEXT(2) 
PARAMETRIC_REPRESENTATION_CONTEXT() REPRESENTATION_CONTEXT('2D SPACE',''
  ) );
#4390 = ORIENTED_EDGE('',*,*,#4391,.F.);
#4391 = EDGE_CURVE('',#3357,#4368,#4392,.T.);
#4392 = SEAM_CURVE('',#4393,(#4397,#4404),.PCURVE_S1.);
#4393 = LINE('',#4394,#4395);
#4394 = CARTESIAN_POINT('',(-15.,-44.35,41.2));
#4395 = VECTOR('',#4396,1.);
#4396 = DIRECTION('',(0.,1.,0.));
#4397 = PCURVE('',#3377,#4398);
#4398 = DEFINITIONAL_REPRESENTATION('',(#4399),#4403);
#4399 = LINE('',#4400,#4401);
#4400 = CARTESIAN_POINT('',(6.28318530718,-0.));
#4401 = VECTOR('',#4402,1.);
#4402 = DIRECTION('',(0.,1.));
#4403 = ( GEOMETRIC_REPRESENTATION_CONTEXT(2) 
PARAMETRIC_REPRESENTATION_CONTEXT() REPRESENTATION_CONTEXT('2D SPACE',''
  ) );
#4404 = PCURVE('',#3377,#4405);
#4405 = DEFINITIONAL_REPRESENTATION('',(#4406),#4410);
#4406 = LINE('',#4407,#4408);
#4407 = CARTESIAN_POINT('',(0.,-0.));
#4408 = VECTOR('',#4409,1.);
#4409 = DIRECTION('',(0.,1.));
#4410 = ( GEOMETRIC_REPRESENTATION_CONTEXT(2) 
PARAMETRIC_REPRESENTATION_CONTEXT() REPRESENTATION_CONTEXT('2D SPACE',''
  ) );
#4411 = ORIENTED_EDGE('',*,*,#3356,.T.);
#4412 = ORIENTED_EDGE('',*,*,#4391,.T.);
#4413 = ADVANCED_FACE('',(#4414),#3581,.F.);
#4414 = FACE_BOUND('',#4415,.F.);
#4415 = EDGE_LOOP('',(#4416,#4439,#4461,#4462,#4463,#4464));
#4416 = ORIENTED_EDGE('',*,*,#4417,.T.);
#4417 = EDGE_CURVE('',#3820,#4418,#4420,.T.);
#4418 = VERTEX_POINT('',#4419);
#4419 = CARTESIAN_POINT('',(-15.3,-30.,18.35));
#4420 = SEAM_CURVE('',#4421,(#4425,#4432),.PCURVE_S1.);
#4421 = LINE('',#4422,#4423);
#4422 = CARTESIAN_POINT('',(-18.5,-30.,18.35));
#4423 = VECTOR('',#4424,1.);
#4424 = DIRECTION('',(1.,0.,0.));
#4425 = PCURVE('',#3581,#4426);
#4426 = DEFINITIONAL_REPRESENTATION('',(#4427),#4431);
#4427 = LINE('',#4428,#4429);
#4428 = CARTESIAN_POINT('',(6.28318530718,-0.));
#4429 = VECTOR('',#4430,1.);
#4430 = DIRECTION('',(0.,1.));
#4431 = ( GEOMETRIC_REPRESENTATION_CONTEXT(2) 
PARAMETRIC_REPRESENTATION_CONTEXT() REPRESENTATION_CONTEXT('2D SPACE',''
  ) );
#4432 = PCURVE('',#3581,#4433);
#4433 = DEFINITIONAL_REPRESENTATION('',(#4434),#4438);
#4434 = LINE('',#4435,#4436);
#4435 = CARTESIAN_POINT('',(0.,-0.));
#4436 = VECTOR('',#4437,1.);
#4437 = DIRECTION('',(0.,1.));
#4438 = ( GEOMETRIC_REPRESENTATION_CONTEXT(2) 
PARAMETRIC_REPRESENTATION_CONTEXT() REPRESENTATION_CONTEXT('2D SPACE',''
  ) );
#4439 = ORIENTED_EDGE('',*,*,#4440,.F.);
#4440 = EDGE_CURVE('',#4418,#4418,#4441,.T.);
#4441 = SURFACE_CURVE('',#4442,(#4447,#4454),.PCURVE_S1.);
#4442 = CIRCLE('',#4443,2.85);
#4443 = AXIS2_PLACEMENT_3D('',#4444,#4445,#4446);
#4444 = CARTESIAN_POINT('',(-15.3,-30.,15.5));
#4445 = DIRECTION('',(1.,0.,0.));
#4446 = DIRECTION('',(-0.,0.,1.));
#4447 = PCURVE('',#3581,#4448);
#4448 = DEFINITIONAL_REPRESENTATION('',(#4449),#4453);
#4449 = LINE('',#4450,#4451);
#4450 = CARTESIAN_POINT('',(0.,3.2));
#4451 = VECTOR('',#4452,1.);
#4452 = DIRECTION('',(1.,0.));
#4453 = ( GEOMETRIC_REPRESENTATION_CONTEXT(2) 
PARAMETRIC_REPRESENTATION_CONTEXT() REPRESENTATION_CONTEXT('2D SPACE',''
  ) );
#4454 = PCURVE('',#4217,#4455);
#4455 = DEFINITIONAL_REPRESENTATION('',(#4456),#4460);
#4456 = CIRCLE('',#4457,2.85);
#4457 = AXIS2_PLACEMENT_2D('',#4458,#4459);
#4458 = CARTESIAN_POINT('',(0.,0.));
#4459 = DIRECTION('',(1.,0.));
#4460 = ( GEOMETRIC_REPRESENTATION_CONTEXT(2) 
PARAMETRIC_REPRESENTATION_CONTEXT() REPRESENTATION_CONTEXT('2D SPACE',''
  ) );
#4461 = ORIENTED_EDGE('',*,*,#4417,.F.);
#4462 = ORIENTED_EDGE('',*,*,#3819,.T.);
#4463 = ORIENTED_EDGE('',*,*,#3417,.T.);
#4464 = ORIENTED_EDGE('',*,*,#3843,.T.);
#4465 = ADVANCED_FACE('',(#4466,#4518),#3784,.T.);
#4466 = FACE_BOUND('',#4467,.T.);
#4467 = EDGE_LOOP('',(#4468,#4469,#4470,#4471,#4472,#4495,#4517));
#4468 = ORIENTED_EDGE('',*,*,#4255,.F.);
#4469 = ORIENTED_EDGE('',*,*,#4340,.F.);
#4470 = ORIENTED_EDGE('',*,*,#4287,.F.);
#4471 = ORIENTED_EDGE('',*,*,#3897,.F.);
#4472 = ORIENTED_EDGE('',*,*,#4473,.F.);
#4473 = EDGE_CURVE('',#4474,#3898,#4476,.T.);
#4474 = VERTEX_POINT('',#4475);
#4475 = CARTESIAN_POINT('',(-15.,-36.35,32.75));
#4476 = SURFACE_CURVE('',#4477,(#4481,#4488),.PCURVE_S1.);
#4477 = LINE('',#4478,#4479);
#4478 = CARTESIAN_POINT('',(-15.,-36.35,32.75));
#4479 = VECTOR('',#4480,1.);
#4480 = DIRECTION('',(1.,0.,0.));
#4481 = PCURVE('',#3784,#4482);
#4482 = DEFINITIONAL_REPRESENTATION('',(#4483),#4487);
#4483 = LINE('',#4484,#4485);
#4484 = CARTESIAN_POINT('',(-6.75,0.));
#4485 = VECTOR('',#4486,1.);
#4486 = DIRECTION('',(0.,1.));
#4487 = ( GEOMETRIC_REPRESENTATION_CONTEXT(2) 
PARAMETRIC_REPRESENTATION_CONTEXT() REPRESENTATION_CONTEXT('2D SPACE',''
  ) );
#4488 = PCURVE('',#3934,#4489);
#4489 = DEFINITIONAL_REPRESENTATION('',(#4490),#4494);
#4490 = LINE('',#4491,#4492);
#4491 = CARTESIAN_POINT('',(0.,-12.7));
#4492 = VECTOR('',#4493,1.);
#4493 = DIRECTION('',(1.,0.));
#4494 = ( GEOMETRIC_REPRESENTATION_CONTEXT(2) 
PARAMETRIC_REPRESENTATION_CONTEXT() REPRESENTATION_CONTEXT('2D SPACE',''
  ) );
#4495 = ORIENTED_EDGE('',*,*,#4496,.T.);
#4496 = EDGE_CURVE('',#4474,#3744,#4497,.T.);
#4497 = SURFACE_CURVE('',#4498,(#4503,#4510),.PCURVE_S1.);
#4498 = CIRCLE('',#4499,6.75);
#4499 = AXIS2_PLACEMENT_3D('',#4500,#4501,#4502);
#4500 = CARTESIAN_POINT('',(-15.,-36.35,39.5));
#4501 = DIRECTION('',(0.,1.,0.));
#4502 = DIRECTION('',(0.,-0.,1.));
#4503 = PCURVE('',#3784,#4504);
#4504 = DEFINITIONAL_REPRESENTATION('',(#4505),#4509);
#4505 = CIRCLE('',#4506,6.75);
#4506 = AXIS2_PLACEMENT_2D('',#4507,#4508);
#4507 = CARTESIAN_POINT('',(0.,0.));
#4508 = DIRECTION('',(1.,0.));
#4509 = ( GEOMETRIC_REPRESENTATION_CONTEXT(2) 
PARAMETRIC_REPRESENTATION_CONTEXT() REPRESENTATION_CONTEXT('2D SPACE',''
  ) );
#4510 = PCURVE('',#3758,#4511);
#4511 = DEFINITIONAL_REPRESENTATION('',(#4512),#4516);
#4512 = LINE('',#4513,#4514);
#4513 = CARTESIAN_POINT('',(0.,0.));
#4514 = VECTOR('',#4515,1.);
#4515 = DIRECTION('',(1.,0.));
#4516 = ( GEOMETRIC_REPRESENTATION_CONTEXT(2) 
PARAMETRIC_REPRESENTATION_CONTEXT() REPRESENTATION_CONTEXT('2D SPACE',''
  ) );
#4517 = ORIENTED_EDGE('',*,*,#3769,.T.);
#4518 = FACE_BOUND('',#4519,.T.);
#4519 = EDGE_LOOP('',(#4520));
#4520 = ORIENTED_EDGE('',*,*,#4367,.F.);
#4521 = ADVANCED_FACE('',(#4522),#3758,.F.);
#4522 = FACE_BOUND('',#4523,.F.);
#4523 = EDGE_LOOP('',(#4524,#4548,#4569,#4570));
#4524 = ORIENTED_EDGE('',*,*,#4525,.F.);
#4525 = EDGE_CURVE('',#4526,#3717,#4528,.T.);
#4526 = VERTEX_POINT('',#4527);
#4527 = CARTESIAN_POINT('',(-15.,-23.65,32.75));
#4528 = SURFACE_CURVE('',#4529,(#4534,#4541),.PCURVE_S1.);
#4529 = CIRCLE('',#4530,6.75);
#4530 = AXIS2_PLACEMENT_3D('',#4531,#4532,#4533);
#4531 = CARTESIAN_POINT('',(-15.,-23.65,39.5));
#4532 = DIRECTION('',(0.,1.,0.));
#4533 = DIRECTION('',(0.,-0.,1.));
#4534 = PCURVE('',#3758,#4535);
#4535 = DEFINITIONAL_REPRESENTATION('',(#4536),#4540);
#4536 = LINE('',#4537,#4538);
#4537 = CARTESIAN_POINT('',(0.,12.7));
#4538 = VECTOR('',#4539,1.);
#4539 = DIRECTION('',(1.,0.));
#4540 = ( GEOMETRIC_REPRESENTATION_CONTEXT(2) 
PARAMETRIC_REPRESENTATION_CONTEXT() REPRESENTATION_CONTEXT('2D SPACE',''
  ) );
#4541 = PCURVE('',#3731,#4542);
#4542 = DEFINITIONAL_REPRESENTATION('',(#4543),#4547);
#4543 = CIRCLE('',#4544,6.75);
#4544 = AXIS2_PLACEMENT_2D('',#4545,#4546);
#4545 = CARTESIAN_POINT('',(0.,0.));
#4546 = DIRECTION('',(1.,0.));
#4547 = ( GEOMETRIC_REPRESENTATION_CONTEXT(2) 
PARAMETRIC_REPRESENTATION_CONTEXT() REPRESENTATION_CONTEXT('2D SPACE',''
  ) );
#4548 = ORIENTED_EDGE('',*,*,#4549,.T.);
#4549 = EDGE_CURVE('',#4526,#4474,#4550,.T.);
#4550 = SURFACE_CURVE('',#4551,(#4555,#4562),.PCURVE_S1.);
#4551 = LINE('',#4552,#4553);
#4552 = CARTESIAN_POINT('',(-15.,-23.65,32.75));
#4553 = VECTOR('',#4554,1.);
#4554 = DIRECTION('',(0.,-1.,0.));
#4555 = PCURVE('',#3758,#4556);
#4556 = DEFINITIONAL_REPRESENTATION('',(#4557),#4561);
#4557 = LINE('',#4558,#4559);
#4558 = CARTESIAN_POINT('',(3.14159265359,12.7));
#4559 = VECTOR('',#4560,1.);
#4560 = DIRECTION('',(0.,-1.));
#4561 = ( GEOMETRIC_REPRESENTATION_CONTEXT(2) 
PARAMETRIC_REPRESENTATION_CONTEXT() REPRESENTATION_CONTEXT('2D SPACE',''
  ) );
#4562 = PCURVE('',#3934,#4563);
#4563 = DEFINITIONAL_REPRESENTATION('',(#4564),#4568);
#4564 = LINE('',#4565,#4566);
#4565 = CARTESIAN_POINT('',(0.,0.));
#4566 = VECTOR('',#4567,1.);
#4567 = DIRECTION('',(0.,-1.));
#4568 = ( GEOMETRIC_REPRESENTATION_CONTEXT(2) 
PARAMETRIC_REPRESENTATION_CONTEXT() REPRESENTATION_CONTEXT('2D SPACE',''
  ) );
#4569 = ORIENTED_EDGE('',*,*,#4496,.T.);
#4570 = ORIENTED_EDGE('',*,*,#3743,.T.);
#4571 = ADVANCED_FACE('',(#4572,#4601),#3731,.F.);
#4572 = FACE_BOUND('',#4573,.F.);
#4573 = EDGE_LOOP('',(#4574,#4575,#4576,#4577,#4578,#4599,#4600));
#4574 = ORIENTED_EDGE('',*,*,#4016,.T.);
#4575 = ORIENTED_EDGE('',*,*,#4097,.T.);
#4576 = ORIENTED_EDGE('',*,*,#4066,.F.);
#4577 = ORIENTED_EDGE('',*,*,#3945,.F.);
#4578 = ORIENTED_EDGE('',*,*,#4579,.F.);
#4579 = EDGE_CURVE('',#4526,#3920,#4580,.T.);
#4580 = SURFACE_CURVE('',#4581,(#4585,#4592),.PCURVE_S1.);
#4581 = LINE('',#4582,#4583);
#4582 = CARTESIAN_POINT('',(-15.,-23.65,32.75));
#4583 = VECTOR('',#4584,1.);
#4584 = DIRECTION('',(1.,0.,0.));
#4585 = PCURVE('',#3731,#4586);
#4586 = DEFINITIONAL_REPRESENTATION('',(#4587),#4591);
#4587 = LINE('',#4588,#4589);
#4588 = CARTESIAN_POINT('',(-6.75,0.));
#4589 = VECTOR('',#4590,1.);
#4590 = DIRECTION('',(0.,1.));
#4591 = ( GEOMETRIC_REPRESENTATION_CONTEXT(2) 
PARAMETRIC_REPRESENTATION_CONTEXT() REPRESENTATION_CONTEXT('2D SPACE',''
  ) );
#4592 = PCURVE('',#3934,#4593);
#4593 = DEFINITIONAL_REPRESENTATION('',(#4594),#4598);
#4594 = LINE('',#4595,#4596);
#4595 = CARTESIAN_POINT('',(0.,0.));
#4596 = VECTOR('',#4597,1.);
#4597 = DIRECTION('',(1.,0.));
#4598 = ( GEOMETRIC_REPRESENTATION_CONTEXT(2) 
PARAMETRIC_REPRESENTATION_CONTEXT() REPRESENTATION_CONTEXT('2D SPACE',''
  ) );
#4599 = ORIENTED_EDGE('',*,*,#4525,.T.);
#4600 = ORIENTED_EDGE('',*,*,#3716,.T.);
#4601 = FACE_BOUND('',#4602,.F.);
#4602 = EDGE_LOOP('',(#4603));
#4603 = ORIENTED_EDGE('',*,*,#4604,.F.);
#4604 = EDGE_CURVE('',#4605,#4605,#4607,.T.);
#4605 = VERTEX_POINT('',#4606);
#4606 = CARTESIAN_POINT('',(-15.,-23.65,41.2));
#4607 = SURFACE_CURVE('',#4608,(#4613,#4620),.PCURVE_S1.);
#4608 = CIRCLE('',#4609,1.7);
#4609 = AXIS2_PLACEMENT_3D('',#4610,#4611,#4612);
#4610 = CARTESIAN_POINT('',(-15.,-23.65,39.5));
#4611 = DIRECTION('',(0.,1.,0.));
#4612 = DIRECTION('',(0.,-0.,1.));
#4613 = PCURVE('',#3731,#4614);
#4614 = DEFINITIONAL_REPRESENTATION('',(#4615),#4619);
#4615 = CIRCLE('',#4616,1.7);
#4616 = AXIS2_PLACEMENT_2D('',#4617,#4618);
#4617 = CARTESIAN_POINT('',(0.,0.));
#4618 = DIRECTION('',(1.,0.));
#4619 = ( GEOMETRIC_REPRESENTATION_CONTEXT(2) 
PARAMETRIC_REPRESENTATION_CONTEXT() REPRESENTATION_CONTEXT('2D SPACE',''
  ) );
#4620 = PCURVE('',#4621,#4626);
#4621 = CYLINDRICAL_SURFACE('',#4622,1.7);
#4622 = AXIS2_PLACEMENT_3D('',#4623,#4624,#4625);
#4623 = CARTESIAN_POINT('',(-15.,-44.35,39.5));
#4624 = DIRECTION('',(0.,1.,0.));
#4625 = DIRECTION('',(0.,-0.,1.));
#4626 = DEFINITIONAL_REPRESENTATION('',(#4627),#4631);
#4627 = LINE('',#4628,#4629);
#4628 = CARTESIAN_POINT('',(0.,20.7));
#4629 = VECTOR('',#4630,1.);
#4630 = DIRECTION('',(1.,0.));
#4631 = ( GEOMETRIC_REPRESENTATION_CONTEXT(2) 
PARAMETRIC_REPRESENTATION_CONTEXT() REPRESENTATION_CONTEXT('2D SPACE',''
  ) );
#4632 = ADVANCED_FACE('',(#4633),#3934,.T.);
#4633 = FACE_BOUND('',#4634,.T.);
#4634 = EDGE_LOOP('',(#4635,#4636,#4637,#4638));
#4635 = ORIENTED_EDGE('',*,*,#4579,.F.);
#4636 = ORIENTED_EDGE('',*,*,#4549,.T.);
#4637 = ORIENTED_EDGE('',*,*,#4473,.T.);
#4638 = ORIENTED_EDGE('',*,*,#3919,.T.);
#4639 = ADVANCED_FACE('',(#4640,#4643),#4161,.T.);
#4640 = FACE_BOUND('',#4641,.T.);
#4641 = EDGE_LOOP('',(#4642));
#4642 = ORIENTED_EDGE('',*,*,#4146,.T.);
#4643 = FACE_BOUND('',#4644,.T.);
#4644 = EDGE_LOOP('',(#4645));
#4645 = ORIENTED_EDGE('',*,*,#4646,.F.);
#4646 = EDGE_CURVE('',#4647,#4647,#4649,.T.);
#4647 = VERTEX_POINT('',#4648);
#4648 = CARTESIAN_POINT('',(-15.,-21.65,41.2));
#4649 = SURFACE_CURVE('',#4650,(#4655,#4662),.PCURVE_S1.);
#4650 = CIRCLE('',#4651,1.7);
#4651 = AXIS2_PLACEMENT_3D('',#4652,#4653,#4654);
#4652 = CARTESIAN_POINT('',(-15.,-21.65,39.5));
#4653 = DIRECTION('',(0.,1.,0.));
#4654 = DIRECTION('',(0.,-0.,1.));
#4655 = PCURVE('',#4161,#4656);
#4656 = DEFINITIONAL_REPRESENTATION('',(#4657),#4661);
#4657 = CIRCLE('',#4658,1.7);
#4658 = AXIS2_PLACEMENT_2D('',#4659,#4660);
#4659 = CARTESIAN_POINT('',(0.,0.));
#4660 = DIRECTION('',(1.,0.));
#4661 = ( GEOMETRIC_REPRESENTATION_CONTEXT(2) 
PARAMETRIC_REPRESENTATION_CONTEXT() REPRESENTATION_CONTEXT('2D SPACE',''
  ) );
#4662 = PCURVE('',#4621,#4663);
#4663 = DEFINITIONAL_REPRESENTATION('',(#4664),#4668);
#4664 = LINE('',#4665,#4666);
#4665 = CARTESIAN_POINT('',(0.,22.7));
#4666 = VECTOR('',#4667,1.);
#4667 = DIRECTION('',(1.,0.));
#4668 = ( GEOMETRIC_REPRESENTATION_CONTEXT(2) 
PARAMETRIC_REPRESENTATION_CONTEXT() REPRESENTATION_CONTEXT('2D SPACE',''
  ) );
#4669 = ADVANCED_FACE('',(#4670,#4673),#4217,.F.);
#4670 = FACE_BOUND('',#4671,.F.);
#4671 = EDGE_LOOP('',(#4672));
#4672 = ORIENTED_EDGE('',*,*,#4440,.T.);
#4673 = FACE_BOUND('',#4674,.F.);
#4674 = EDGE_LOOP('',(#4675));
#4675 = ORIENTED_EDGE('',*,*,#4202,.F.);
#4676 = ADVANCED_FACE('',(#4677),#4621,.F.);
#4677 = FACE_BOUND('',#4678,.F.);
#4678 = EDGE_LOOP('',(#4679,#4680,#4701,#4702));
#4679 = ORIENTED_EDGE('',*,*,#4604,.T.);
#4680 = ORIENTED_EDGE('',*,*,#4681,.T.);
#4681 = EDGE_CURVE('',#4605,#4647,#4682,.T.);
#4682 = SEAM_CURVE('',#4683,(#4687,#4694),.PCURVE_S1.);
#4683 = LINE('',#4684,#4685);
#4684 = CARTESIAN_POINT('',(-15.,-44.35,41.2));
#4685 = VECTOR('',#4686,1.);
#4686 = DIRECTION('',(0.,1.,0.));
#4687 = PCURVE('',#4621,#4688);
#4688 = DEFINITIONAL_REPRESENTATION('',(#4689),#4693);
#4689 = LINE('',#4690,#4691);
#4690 = CARTESIAN_POINT('',(0.,-0.));
#4691 = VECTOR('',#4692,1.);
#4692 = DIRECTION('',(0.,1.));
#4693 = ( GEOMETRIC_REPRESENTATION_CONTEXT(2) 
PARAMETRIC_REPRESENTATION_CONTEXT() REPRESENTATION_CONTEXT('2D SPACE',''
  ) );
#4694 = PCURVE('',#4621,#4695);
#4695 = DEFINITIONAL_REPRESENTATION('',(#4696),#4700);
#4696 = LINE('',#4697,#4698);
#4697 = CARTESIAN_POINT('',(6.28318530718,-0.));
#4698 = VECTOR('',#4699,1.);
#4699 = DIRECTION('',(0.,1.));
#4700 = ( GEOMETRIC_REPRESENTATION_CONTEXT(2) 
PARAMETRIC_REPRESENTATION_CONTEXT() REPRESENTATION_CONTEXT('2D SPACE',''
  ) );
#4701 = ORIENTED_EDGE('',*,*,#4646,.F.);
#4702 = ORIENTED_EDGE('',*,*,#4681,.F.);
#4703 = ( GEOMETRIC_REPRESENTATION_CONTEXT(3) 
GLOBAL_UNCERTAINTY_ASSIGNED_CONTEXT((#4707)) 
GLOBAL_UNIT_ASSIGNED_CONTEXT((#4704,#4705,#4706)) REPRESENTATION_CONTEXT
('Context #1','3D Context with UNIT and UNCERTAINTY') );
#4704 = ( LENGTH_UNIT() NAMED_UNIT(*) SI_UNIT(.MILLI.,.METRE.) );
#4705 = ( NAMED_UNIT(*) PLANE_ANGLE_UNIT() SI_UNIT($,.RADIAN.) );
#4706 = ( NAMED_UNIT(*) SI_UNIT($,.STERADIAN.) SOLID_ANGLE_UNIT() );
#4707 = UNCERTAINTY_MEASURE_WITH_UNIT(LENGTH_MEASURE(1.E-07),#4704,
  'distance_accuracy_value','confusion accuracy');
#4708 = CONTEXT_DEPENDENT_SHAPE_REPRESENTATION(#4709,#4711);
#4709 = ( REPRESENTATION_RELATIONSHIP('','',#2331,#2304) 
REPRESENTATION_RELATIONSHIP_WITH_TRANSFORMATION(#4710) 
SHAPE_REPRESENTATION_RELATIONSHIP() );
#4710 = ITEM_DEFINED_TRANSFORMATION('','',#11,#2305);
#4711 = PRODUCT_DEFINITION_SHAPE('Placement','Placement of an item',
  #4712);
#4712 = NEXT_ASSEMBLY_USAGE_OCCURRENCE('4','','',#2299,#2326,$);
#4713 = PRODUCT_RELATED_PRODUCT_CATEGORY('part',$,(#2328));
#4714 = SHAPE_DEFINITION_REPRESENTATION(#4715,#4721);
#4715 = PRODUCT_DEFINITION_SHAPE('','',#4716);
#4716 = PRODUCT_DEFINITION('design','',#4717,#4720);
#4717 = PRODUCT_DEFINITION_FORMATION('','',#4718);
#4718 = PRODUCT('Open CASCADE STEP translator 7.9 4.2.2',
  'Open CASCADE STEP translator 7.9 4.2.2','',(#4719));
#4719 = PRODUCT_CONTEXT('',#2,'mechanical');
#4720 = PRODUCT_DEFINITION_CONTEXT('part definition',#2,'design');
#4721 = ADVANCED_BREP_SHAPE_REPRESENTATION('',(#11,#4722),#7093);
#4722 = MANIFOLD_SOLID_BREP('',#4723);
#4723 = CLOSED_SHELL('',(#4724,#4945,#5176,#5312,#5490,#5530,#5580,#5778
    ,#6078,#6255,#6377,#6427,#6481,#6508,#6563,#6618,#6672,#6726,#6753,
    #6803,#6855,#6911,#6961,#7022,#7029,#7059,#7066));
#4724 = ADVANCED_FACE('',(#4725),#4739,.F.);
#4725 = FACE_BOUND('',#4726,.F.);
#4726 = EDGE_LOOP('',(#4727,#4762,#4790,#4818,#4846,#4872,#4898,#4919));
#4727 = ORIENTED_EDGE('',*,*,#4728,.F.);
#4728 = EDGE_CURVE('',#4729,#4731,#4733,.T.);
#4729 = VERTEX_POINT('',#4730);
#4730 = CARTESIAN_POINT('',(-12.,44.35,11.));
#4731 = VERTEX_POINT('',#4732);
#4732 = CARTESIAN_POINT('',(-6.,44.35,11.));
#4733 = SURFACE_CURVE('',#4734,(#4738,#4750),.PCURVE_S1.);
#4734 = LINE('',#4735,#4736);
#4735 = CARTESIAN_POINT('',(-18.,44.35,11.));
#4736 = VECTOR('',#4737,1.);
#4737 = DIRECTION('',(1.,0.,0.));
#4738 = PCURVE('',#4739,#4744);
#4739 = PLANE('',#4740);
#4740 = AXIS2_PLACEMENT_3D('',#4741,#4742,#4743);
#4741 = CARTESIAN_POINT('',(-18.,44.35,11.));
#4742 = DIRECTION('',(-0.,0.,1.));
#4743 = DIRECTION('',(1.,0.,0.));
#4744 = DEFINITIONAL_REPRESENTATION('',(#4745),#4749);
#4745 = LINE('',#4746,#4747);
#4746 = CARTESIAN_POINT('',(0.,0.));
#4747 = VECTOR('',#4748,1.);
#4748 = DIRECTION('',(1.,0.));
#4749 = ( GEOMETRIC_REPRESENTATION_CONTEXT(2) 
PARAMETRIC_REPRESENTATION_CONTEXT() REPRESENTATION_CONTEXT('2D SPACE',''
  ) );
#4750 = PCURVE('',#4751,#4756);
#4751 = PLANE('',#4752);
#4752 = AXIS2_PLACEMENT_3D('',#4753,#4754,#4755);
#4753 = CARTESIAN_POINT('',(-9.,44.35,27.5));
#4754 = DIRECTION('',(-0.,-1.,-0.));
#4755 = DIRECTION('',(0.,0.,-1.));
#4756 = DEFINITIONAL_REPRESENTATION('',(#4757),#4761);
#4757 = LINE('',#4758,#4759);
#4758 = CARTESIAN_POINT('',(16.5,-9.));
#4759 = VECTOR('',#4760,1.);
#4760 = DIRECTION('',(0.,1.));
#4761 = ( GEOMETRIC_REPRESENTATION_CONTEXT(2) 
PARAMETRIC_REPRESENTATION_CONTEXT() REPRESENTATION_CONTEXT('2D SPACE',''
  ) );
#4762 = ORIENTED_EDGE('',*,*,#4763,.T.);
#4763 = EDGE_CURVE('',#4729,#4764,#4766,.T.);
#4764 = VERTEX_POINT('',#4765);
#4765 = CARTESIAN_POINT('',(-12.,15.65,11.));
#4766 = SURFACE_CURVE('',#4767,(#4771,#4778),.PCURVE_S1.);
#4767 = LINE('',#4768,#4769);
#4768 = CARTESIAN_POINT('',(-12.,44.35,11.));
#4769 = VECTOR('',#4770,1.);
#4770 = DIRECTION('',(0.,-1.,0.));
#4771 = PCURVE('',#4739,#4772);
#4772 = DEFINITIONAL_REPRESENTATION('',(#4773),#4777);
#4773 = LINE('',#4774,#4775);
#4774 = CARTESIAN_POINT('',(6.,0.));
#4775 = VECTOR('',#4776,1.);
#4776 = DIRECTION('',(0.,-1.));
#4777 = ( GEOMETRIC_REPRESENTATION_CONTEXT(2) 
PARAMETRIC_REPRESENTATION_CONTEXT() REPRESENTATION_CONTEXT('2D SPACE',''
  ) );
#4778 = PCURVE('',#4779,#4784);
#4779 = CYLINDRICAL_SURFACE('',#4780,6.);
#4780 = AXIS2_PLACEMENT_3D('',#4781,#4782,#4783);
#4781 = CARTESIAN_POINT('',(-12.,44.35,17.));
#4782 = DIRECTION('',(0.,-1.,0.));
#4783 = DIRECTION('',(0.,-0.,-1.));
#4784 = DEFINITIONAL_REPRESENTATION('',(#4785),#4789);
#4785 = LINE('',#4786,#4787);
#4786 = CARTESIAN_POINT('',(-0.,0.));
#4787 = VECTOR('',#4788,1.);
#4788 = DIRECTION('',(-0.,1.));
#4789 = ( GEOMETRIC_REPRESENTATION_CONTEXT(2) 
PARAMETRIC_REPRESENTATION_CONTEXT() REPRESENTATION_CONTEXT('2D SPACE',''
  ) );
#4790 = ORIENTED_EDGE('',*,*,#4791,.T.);
#4791 = EDGE_CURVE('',#4764,#4792,#4794,.T.);
#4792 = VERTEX_POINT('',#4793);
#4793 = CARTESIAN_POINT('',(-6.,15.65,11.));
#4794 = SURFACE_CURVE('',#4795,(#4799,#4806),.PCURVE_S1.);
#4795 = LINE('',#4796,#4797);
#4796 = CARTESIAN_POINT('',(-18.,15.65,11.));
#4797 = VECTOR('',#4798,1.);
#4798 = DIRECTION('',(1.,0.,0.));
#4799 = PCURVE('',#4739,#4800);
#4800 = DEFINITIONAL_REPRESENTATION('',(#4801),#4805);
#4801 = LINE('',#4802,#4803);
#4802 = CARTESIAN_POINT('',(0.,-28.7));
#4803 = VECTOR('',#4804,1.);
#4804 = DIRECTION('',(1.,0.));
#4805 = ( GEOMETRIC_REPRESENTATION_CONTEXT(2) 
PARAMETRIC_REPRESENTATION_CONTEXT() REPRESENTATION_CONTEXT('2D SPACE',''
  ) );
#4806 = PCURVE('',#4807,#4812);
#4807 = PLANE('',#4808);
#4808 = AXIS2_PLACEMENT_3D('',#4809,#4810,#4811);
#4809 = CARTESIAN_POINT('',(-9.,15.65,27.5));
#4810 = DIRECTION('',(-0.,-1.,-0.));
#4811 = DIRECTION('',(0.,0.,-1.));
#4812 = DEFINITIONAL_REPRESENTATION('',(#4813),#4817);
#4813 = LINE('',#4814,#4815);
#4814 = CARTESIAN_POINT('',(16.5,-9.));
#4815 = VECTOR('',#4816,1.);
#4816 = DIRECTION('',(0.,1.));
#4817 = ( GEOMETRIC_REPRESENTATION_CONTEXT(2) 
PARAMETRIC_REPRESENTATION_CONTEXT() REPRESENTATION_CONTEXT('2D SPACE',''
  ) );
#4818 = ORIENTED_EDGE('',*,*,#4819,.F.);
#4819 = EDGE_CURVE('',#4820,#4792,#4822,.T.);
#4820 = VERTEX_POINT('',#4821);
#4821 = CARTESIAN_POINT('',(-6.,26.420544734181,11.));
#4822 = SURFACE_CURVE('',#4823,(#4827,#4834),.PCURVE_S1.);
#4823 = LINE('',#4824,#4825);
#4824 = CARTESIAN_POINT('',(-6.,44.35,11.));
#4825 = VECTOR('',#4826,1.);
#4826 = DIRECTION('',(0.,-1.,0.));
#4827 = PCURVE('',#4739,#4828);
#4828 = DEFINITIONAL_REPRESENTATION('',(#4829),#4833);
#4829 = LINE('',#4830,#4831);
#4830 = CARTESIAN_POINT('',(12.,0.));
#4831 = VECTOR('',#4832,1.);
#4832 = DIRECTION('',(0.,-1.));
#4833 = ( GEOMETRIC_REPRESENTATION_CONTEXT(2) 
PARAMETRIC_REPRESENTATION_CONTEXT() REPRESENTATION_CONTEXT('2D SPACE',''
  ) );
#4834 = PCURVE('',#4835,#4840);
#4835 = CYLINDRICAL_SURFACE('',#4836,6.);
#4836 = AXIS2_PLACEMENT_3D('',#4837,#4838,#4839);
#4837 = CARTESIAN_POINT('',(-6.,44.35,17.));
#4838 = DIRECTION('',(0.,-1.,0.));
#4839 = DIRECTION('',(0.,-0.,-1.));
#4840 = DEFINITIONAL_REPRESENTATION('',(#4841),#4845);
#4841 = LINE('',#4842,#4843);
#4842 = CARTESIAN_POINT('',(0.,0.));
#4843 = VECTOR('',#4844,1.);
#4844 = DIRECTION('',(0.,1.));
#4845 = ( GEOMETRIC_REPRESENTATION_CONTEXT(2) 
PARAMETRIC_REPRESENTATION_CONTEXT() REPRESENTATION_CONTEXT('2D SPACE',''
  ) );
#4846 = ORIENTED_EDGE('',*,*,#4847,.T.);
#4847 = EDGE_CURVE('',#4820,#4848,#4850,.T.);
#4848 = VERTEX_POINT('',#4849);
#4849 = CARTESIAN_POINT('',(-9.,26.420544734181,11.));
#4850 = SURFACE_CURVE('',#4851,(#4855,#4861),.PCURVE_S1.);
#4851 = LINE('',#4852,#4853);
#4852 = CARTESIAN_POINT('',(0.5,26.420544734181,11.));
#4853 = VECTOR('',#4854,1.);
#4854 = DIRECTION('',(-1.,0.,0.));
#4855 = PCURVE('',#4739,#4856);
#4856 = DEFINITIONAL_REPRESENTATION('',(#4857),#4860);
#4857 = B_SPLINE_CURVE_WITH_KNOTS('',1,(#4858,#4859),.UNSPECIFIED.,.F.,
  .F.,(2,2),(5.9,9.5000006),.PIECEWISE_BEZIER_KNOTS.);
#4858 = CARTESIAN_POINT('',(12.6,-17.92945526581));
#4859 = CARTESIAN_POINT('',(8.9999994,-17.92945526581));
#4860 = ( GEOMETRIC_REPRESENTATION_CONTEXT(2) 
PARAMETRIC_REPRESENTATION_CONTEXT() REPRESENTATION_CONTEXT('2D SPACE',''
  ) );
#4861 = PCURVE('',#4862,#4867);
#4862 = CYLINDRICAL_SURFACE('',#4863,5.75);
#4863 = AXIS2_PLACEMENT_3D('',#4864,#4865,#4866);
#4864 = CARTESIAN_POINT('',(0.5,30.,15.5));
#4865 = DIRECTION('',(-1.,0.,0.));
#4866 = DIRECTION('',(0.,0.,-1.));
#4867 = DEFINITIONAL_REPRESENTATION('',(#4868),#4871);
#4868 = B_SPLINE_CURVE_WITH_KNOTS('',1,(#4869,#4870),.UNSPECIFIED.,.F.,
  .F.,(2,2),(5.9,9.5000006),.PIECEWISE_BEZIER_KNOTS.);
#4869 = CARTESIAN_POINT('',(0.671950896496,5.9));
#4870 = CARTESIAN_POINT('',(0.671950896496,9.5000006));
#4871 = ( GEOMETRIC_REPRESENTATION_CONTEXT(2) 
PARAMETRIC_REPRESENTATION_CONTEXT() REPRESENTATION_CONTEXT('2D SPACE',''
  ) );
#4872 = ORIENTED_EDGE('',*,*,#4873,.F.);
#4873 = EDGE_CURVE('',#4874,#4848,#4876,.T.);
#4874 = VERTEX_POINT('',#4875);
#4875 = CARTESIAN_POINT('',(-9.,33.579455265819,11.));
#4876 = SURFACE_CURVE('',#4877,(#4881,#4887),.PCURVE_S1.);
#4877 = LINE('',#4878,#4879);
#4878 = CARTESIAN_POINT('',(-9.,37.175,11.));
#4879 = VECTOR('',#4880,1.);
#4880 = DIRECTION('',(0.,-1.,0.));
#4881 = PCURVE('',#4739,#4882);
#4882 = DEFINITIONAL_REPRESENTATION('',(#4883),#4886);
#4883 = B_SPLINE_CURVE_WITH_KNOTS('',1,(#4884,#4885),.UNSPECIFIED.,.F.,
  .F.,(2,2),(1.425,12.925),.PIECEWISE_BEZIER_KNOTS.);
#4884 = CARTESIAN_POINT('',(9.,-8.6));
#4885 = CARTESIAN_POINT('',(9.,-20.1));
#4886 = ( GEOMETRIC_REPRESENTATION_CONTEXT(2) 
PARAMETRIC_REPRESENTATION_CONTEXT() REPRESENTATION_CONTEXT('2D SPACE',''
  ) );
#4887 = PCURVE('',#4888,#4893);
#4888 = PLANE('',#4889);
#4889 = AXIS2_PLACEMENT_3D('',#4890,#4891,#4892);
#4890 = CARTESIAN_POINT('',(-9.,30.,15.5));
#4891 = DIRECTION('',(-1.,0.,0.));
#4892 = DIRECTION('',(0.,0.,-1.));
#4893 = DEFINITIONAL_REPRESENTATION('',(#4894),#4897);
#4894 = B_SPLINE_CURVE_WITH_KNOTS('',1,(#4895,#4896),.UNSPECIFIED.,.F.,
  .F.,(2,2),(1.425,12.925),.PIECEWISE_BEZIER_KNOTS.);
#4895 = CARTESIAN_POINT('',(4.5,-5.75));
#4896 = CARTESIAN_POINT('',(4.5,5.75));
#4897 = ( GEOMETRIC_REPRESENTATION_CONTEXT(2) 
PARAMETRIC_REPRESENTATION_CONTEXT() REPRESENTATION_CONTEXT('2D SPACE',''
  ) );
#4898 = ORIENTED_EDGE('',*,*,#4899,.F.);
#4899 = EDGE_CURVE('',#4900,#4874,#4902,.T.);
#4900 = VERTEX_POINT('',#4901);
#4901 = CARTESIAN_POINT('',(-6.,33.579455265819,11.));
#4902 = SURFACE_CURVE('',#4903,(#4907,#4913),.PCURVE_S1.);
#4903 = LINE('',#4904,#4905);
#4904 = CARTESIAN_POINT('',(0.5,33.579455265819,11.));
#4905 = VECTOR('',#4906,1.);
#4906 = DIRECTION('',(-1.,0.,0.));
#4907 = PCURVE('',#4739,#4908);
#4908 = DEFINITIONAL_REPRESENTATION('',(#4909),#4912);
#4909 = B_SPLINE_CURVE_WITH_KNOTS('',1,(#4910,#4911),.UNSPECIFIED.,.F.,
  .F.,(2,2),(5.9,9.5000006),.PIECEWISE_BEZIER_KNOTS.);
#4910 = CARTESIAN_POINT('',(12.6,-10.77054473418));
#4911 = CARTESIAN_POINT('',(8.9999994,-10.77054473418));
#4912 = ( GEOMETRIC_REPRESENTATION_CONTEXT(2) 
PARAMETRIC_REPRESENTATION_CONTEXT() REPRESENTATION_CONTEXT('2D SPACE',''
  ) );
#4913 = PCURVE('',#4862,#4914);
#4914 = DEFINITIONAL_REPRESENTATION('',(#4915),#4918);
#4915 = B_SPLINE_CURVE_WITH_KNOTS('',1,(#4916,#4917),.UNSPECIFIED.,.F.,
  .F.,(2,2),(5.9,9.5000006),.PIECEWISE_BEZIER_KNOTS.);
#4916 = CARTESIAN_POINT('',(5.611234410684,5.9));
#4917 = CARTESIAN_POINT('',(5.611234410684,9.5000006));
#4918 = ( GEOMETRIC_REPRESENTATION_CONTEXT(2) 
PARAMETRIC_REPRESENTATION_CONTEXT() REPRESENTATION_CONTEXT('2D SPACE',''
  ) );
#4919 = ORIENTED_EDGE('',*,*,#4920,.F.);
#4920 = EDGE_CURVE('',#4731,#4900,#4921,.T.);
#4921 = SURFACE_CURVE('',#4922,(#4926,#4933),.PCURVE_S1.);
#4922 = LINE('',#4923,#4924);
#4923 = CARTESIAN_POINT('',(-6.,44.35,11.));
#4924 = VECTOR('',#4925,1.);
#4925 = DIRECTION('',(0.,-1.,0.));
#4926 = PCURVE('',#4739,#4927);
#4927 = DEFINITIONAL_REPRESENTATION('',(#4928),#4932);
#4928 = LINE('',#4929,#4930);
#4929 = CARTESIAN_POINT('',(12.,0.));
#4930 = VECTOR('',#4931,1.);
#4931 = DIRECTION('',(0.,-1.));
#4932 = ( GEOMETRIC_REPRESENTATION_CONTEXT(2) 
PARAMETRIC_REPRESENTATION_CONTEXT() REPRESENTATION_CONTEXT('2D SPACE',''
  ) );
#4933 = PCURVE('',#4934,#4939);
#4934 = CYLINDRICAL_SURFACE('',#4935,6.);
#4935 = AXIS2_PLACEMENT_3D('',#4936,#4937,#4938);
#4936 = CARTESIAN_POINT('',(-6.,44.35,17.));
#4937 = DIRECTION('',(0.,-1.,0.));
#4938 = DIRECTION('',(0.,-0.,-1.));
#4939 = DEFINITIONAL_REPRESENTATION('',(#4940),#4944);
#4940 = LINE('',#4941,#4942);
#4941 = CARTESIAN_POINT('',(0.,0.));
#4942 = VECTOR('',#4943,1.);
#4943 = DIRECTION('',(0.,1.));
#4944 = ( GEOMETRIC_REPRESENTATION_CONTEXT(2) 
PARAMETRIC_REPRESENTATION_CONTEXT() REPRESENTATION_CONTEXT('2D SPACE',''
  ) );
#4945 = ADVANCED_FACE('',(#4946,#5141),#4751,.F.);
#4946 = FACE_BOUND('',#4947,.F.);
#4947 = EDGE_LOOP('',(#4948,#4949,#4973,#5001,#5030,#5058,#5087,#5115));
#4948 = ORIENTED_EDGE('',*,*,#4728,.T.);
#4949 = ORIENTED_EDGE('',*,*,#4950,.T.);
#4950 = EDGE_CURVE('',#4731,#4951,#4953,.T.);
#4951 = VERTEX_POINT('',#4952);
#4952 = CARTESIAN_POINT('',(8.881784197001E-16,44.35,17.));
#4953 = SURFACE_CURVE('',#4954,(#4959,#4966),.PCURVE_S1.);
#4954 = CIRCLE('',#4955,6.);
#4955 = AXIS2_PLACEMENT_3D('',#4956,#4957,#4958);
#4956 = CARTESIAN_POINT('',(-6.,44.35,17.));
#4957 = DIRECTION('',(0.,-1.,0.));
#4958 = DIRECTION('',(0.,-0.,-1.));
#4959 = PCURVE('',#4751,#4960);
#4960 = DEFINITIONAL_REPRESENTATION('',(#4961),#4965);
#4961 = CIRCLE('',#4962,6.);
#4962 = AXIS2_PLACEMENT_2D('',#4963,#4964);
#4963 = CARTESIAN_POINT('',(10.5,3.));
#4964 = DIRECTION('',(1.,0.));
#4965 = ( GEOMETRIC_REPRESENTATION_CONTEXT(2) 
PARAMETRIC_REPRESENTATION_CONTEXT() REPRESENTATION_CONTEXT('2D SPACE',''
  ) );
#4966 = PCURVE('',#4934,#4967);
#4967 = DEFINITIONAL_REPRESENTATION('',(#4968),#4972);
#4968 = LINE('',#4969,#4970);
#4969 = CARTESIAN_POINT('',(0.,0.));
#4970 = VECTOR('',#4971,1.);
#4971 = DIRECTION('',(1.,0.));
#4972 = ( GEOMETRIC_REPRESENTATION_CONTEXT(2) 
PARAMETRIC_REPRESENTATION_CONTEXT() REPRESENTATION_CONTEXT('2D SPACE',''
  ) );
#4973 = ORIENTED_EDGE('',*,*,#4974,.T.);
#4974 = EDGE_CURVE('',#4951,#4975,#4977,.T.);
#4975 = VERTEX_POINT('',#4976);
#4976 = CARTESIAN_POINT('',(8.881784197001E-16,44.35,38.));
#4977 = SURFACE_CURVE('',#4978,(#4982,#4989),.PCURVE_S1.);
#4978 = LINE('',#4979,#4980);
#4979 = CARTESIAN_POINT('',(0.,44.35,11.));
#4980 = VECTOR('',#4981,1.);
#4981 = DIRECTION('',(0.,0.,1.));
#4982 = PCURVE('',#4751,#4983);
#4983 = DEFINITIONAL_REPRESENTATION('',(#4984),#4988);
#4984 = LINE('',#4985,#4986);
#4985 = CARTESIAN_POINT('',(16.5,9.));
#4986 = VECTOR('',#4987,1.);
#4987 = DIRECTION('',(-1.,0.));
#4988 = ( GEOMETRIC_REPRESENTATION_CONTEXT(2) 
PARAMETRIC_REPRESENTATION_CONTEXT() REPRESENTATION_CONTEXT('2D SPACE',''
  ) );
#4989 = PCURVE('',#4990,#4995);
#4990 = PLANE('',#4991);
#4991 = AXIS2_PLACEMENT_3D('',#4992,#4993,#4994);
#4992 = CARTESIAN_POINT('',(0.,44.35,11.));
#4993 = DIRECTION('',(-1.,0.,0.));
#4994 = DIRECTION('',(0.,0.,1.));
#4995 = DEFINITIONAL_REPRESENTATION('',(#4996),#5000);
#4996 = LINE('',#4997,#4998);
#4997 = CARTESIAN_POINT('',(0.,0.));
#4998 = VECTOR('',#4999,1.);
#4999 = DIRECTION('',(1.,0.));
#5000 = ( GEOMETRIC_REPRESENTATION_CONTEXT(2) 
PARAMETRIC_REPRESENTATION_CONTEXT() REPRESENTATION_CONTEXT('2D SPACE',''
  ) );
#5001 = ORIENTED_EDGE('',*,*,#5002,.T.);
#5002 = EDGE_CURVE('',#4975,#5003,#5005,.T.);
#5003 = VERTEX_POINT('',#5004);
#5004 = CARTESIAN_POINT('',(-6.,44.35,44.));
#5005 = SURFACE_CURVE('',#5006,(#5011,#5018),.PCURVE_S1.);
#5006 = CIRCLE('',#5007,6.);
#5007 = AXIS2_PLACEMENT_3D('',#5008,#5009,#5010);
#5008 = CARTESIAN_POINT('',(-6.,44.35,38.));
#5009 = DIRECTION('',(0.,-1.,0.));
#5010 = DIRECTION('',(0.,-0.,-1.));
#5011 = PCURVE('',#4751,#5012);
#5012 = DEFINITIONAL_REPRESENTATION('',(#5013),#5017);
#5013 = CIRCLE('',#5014,6.);
#5014 = AXIS2_PLACEMENT_2D('',#5015,#5016);
#5015 = CARTESIAN_POINT('',(-10.5,3.));
#5016 = DIRECTION('',(1.,0.));
#5017 = ( GEOMETRIC_REPRESENTATION_CONTEXT(2) 
PARAMETRIC_REPRESENTATION_CONTEXT() REPRESENTATION_CONTEXT('2D SPACE',''
  ) );
#5018 = PCURVE('',#5019,#5024);
#5019 = CYLINDRICAL_SURFACE('',#5020,6.);
#5020 = AXIS2_PLACEMENT_3D('',#5021,#5022,#5023);
#5021 = CARTESIAN_POINT('',(-6.,44.35,38.));
#5022 = DIRECTION('',(0.,-1.,0.));
#5023 = DIRECTION('',(1.,0.,-0.));
#5024 = DEFINITIONAL_REPRESENTATION('',(#5025),#5029);
#5025 = LINE('',#5026,#5027);
#5026 = CARTESIAN_POINT('',(-1.570796326795,0.));
#5027 = VECTOR('',#5028,1.);
#5028 = DIRECTION('',(1.,0.));
#5029 = ( GEOMETRIC_REPRESENTATION_CONTEXT(2) 
PARAMETRIC_REPRESENTATION_CONTEXT() REPRESENTATION_CONTEXT('2D SPACE',''
  ) );
#5030 = ORIENTED_EDGE('',*,*,#5031,.T.);
#5031 = EDGE_CURVE('',#5003,#5032,#5034,.T.);
#5032 = VERTEX_POINT('',#5033);
#5033 = CARTESIAN_POINT('',(-12.,44.35,44.));
#5034 = SURFACE_CURVE('',#5035,(#5039,#5046),.PCURVE_S1.);
#5035 = LINE('',#5036,#5037);
#5036 = CARTESIAN_POINT('',(0.,44.35,44.));
#5037 = VECTOR('',#5038,1.);
#5038 = DIRECTION('',(-1.,0.,0.));
#5039 = PCURVE('',#4751,#5040);
#5040 = DEFINITIONAL_REPRESENTATION('',(#5041),#5045);
#5041 = LINE('',#5042,#5043);
#5042 = CARTESIAN_POINT('',(-16.5,9.));
#5043 = VECTOR('',#5044,1.);
#5044 = DIRECTION('',(0.,-1.));
#5045 = ( GEOMETRIC_REPRESENTATION_CONTEXT(2) 
PARAMETRIC_REPRESENTATION_CONTEXT() REPRESENTATION_CONTEXT('2D SPACE',''
  ) );
#5046 = PCURVE('',#5047,#5052);
#5047 = PLANE('',#5048);
#5048 = AXIS2_PLACEMENT_3D('',#5049,#5050,#5051);
#5049 = CARTESIAN_POINT('',(0.,44.35,44.));
#5050 = DIRECTION('',(-0.,-0.,-1.));
#5051 = DIRECTION('',(-1.,0.,0.));
#5052 = DEFINITIONAL_REPRESENTATION('',(#5053),#5057);
#5053 = LINE('',#5054,#5055);
#5054 = CARTESIAN_POINT('',(0.,0.));
#5055 = VECTOR('',#5056,1.);
#5056 = DIRECTION('',(1.,0.));
#5057 = ( GEOMETRIC_REPRESENTATION_CONTEXT(2) 
PARAMETRIC_REPRESENTATION_CONTEXT() REPRESENTATION_CONTEXT('2D SPACE',''
  ) );
#5058 = ORIENTED_EDGE('',*,*,#5059,.T.);
#5059 = EDGE_CURVE('',#5032,#5060,#5062,.T.);
#5060 = VERTEX_POINT('',#5061);
#5061 = CARTESIAN_POINT('',(-18.,44.35,38.));
#5062 = SURFACE_CURVE('',#5063,(#5068,#5075),.PCURVE_S1.);
#5063 = CIRCLE('',#5064,6.);
#5064 = AXIS2_PLACEMENT_3D('',#5065,#5066,#5067);
#5065 = CARTESIAN_POINT('',(-12.,44.35,38.));
#5066 = DIRECTION('',(0.,-1.,0.));
#5067 = DIRECTION('',(0.,-0.,-1.));
#5068 = PCURVE('',#4751,#5069);
#5069 = DEFINITIONAL_REPRESENTATION('',(#5070),#5074);
#5070 = CIRCLE('',#5071,6.);
#5071 = AXIS2_PLACEMENT_2D('',#5072,#5073);
#5072 = CARTESIAN_POINT('',(-10.5,-3.));
#5073 = DIRECTION('',(1.,0.));
#5074 = ( GEOMETRIC_REPRESENTATION_CONTEXT(2) 
PARAMETRIC_REPRESENTATION_CONTEXT() REPRESENTATION_CONTEXT('2D SPACE',''
  ) );
#5075 = PCURVE('',#5076,#5081);
#5076 = CYLINDRICAL_SURFACE('',#5077,6.);
#5077 = AXIS2_PLACEMENT_3D('',#5078,#5079,#5080);
#5078 = CARTESIAN_POINT('',(-12.,44.35,38.));
#5079 = DIRECTION('',(0.,-1.,0.));
#5080 = DIRECTION('',(-0.,0.,1.));
#5081 = DEFINITIONAL_REPRESENTATION('',(#5082),#5086);
#5082 = LINE('',#5083,#5084);
#5083 = CARTESIAN_POINT('',(-3.14159265359,0.));
#5084 = VECTOR('',#5085,1.);
#5085 = DIRECTION('',(1.,0.));
#5086 = ( GEOMETRIC_REPRESENTATION_CONTEXT(2) 
PARAMETRIC_REPRESENTATION_CONTEXT() REPRESENTATION_CONTEXT('2D SPACE',''
  ) );
#5087 = ORIENTED_EDGE('',*,*,#5088,.T.);
#5088 = EDGE_CURVE('',#5060,#5089,#5091,.T.);
#5089 = VERTEX_POINT('',#5090);
#5090 = CARTESIAN_POINT('',(-18.,44.35,17.));
#5091 = SURFACE_CURVE('',#5092,(#5096,#5103),.PCURVE_S1.);
#5092 = LINE('',#5093,#5094);
#5093 = CARTESIAN_POINT('',(-18.,44.35,44.));
#5094 = VECTOR('',#5095,1.);
#5095 = DIRECTION('',(0.,0.,-1.));
#5096 = PCURVE('',#4751,#5097);
#5097 = DEFINITIONAL_REPRESENTATION('',(#5098),#5102);
#5098 = LINE('',#5099,#5100);
#5099 = CARTESIAN_POINT('',(-16.5,-9.));
#5100 = VECTOR('',#5101,1.);
#5101 = DIRECTION('',(1.,0.));
#5102 = ( GEOMETRIC_REPRESENTATION_CONTEXT(2) 
PARAMETRIC_REPRESENTATION_CONTEXT() REPRESENTATION_CONTEXT('2D SPACE',''
  ) );
#5103 = PCURVE('',#5104,#5109);
#5104 = PLANE('',#5105);
#5105 = AXIS2_PLACEMENT_3D('',#5106,#5107,#5108);
#5106 = CARTESIAN_POINT('',(-18.,44.35,44.));
#5107 = DIRECTION('',(1.,0.,0.));
#5108 = DIRECTION('',(0.,0.,-1.));
#5109 = DEFINITIONAL_REPRESENTATION('',(#5110),#5114);
#5110 = LINE('',#5111,#5112);
#5111 = CARTESIAN_POINT('',(0.,0.));
#5112 = VECTOR('',#5113,1.);
#5113 = DIRECTION('',(1.,0.));
#5114 = ( GEOMETRIC_REPRESENTATION_CONTEXT(2) 
PARAMETRIC_REPRESENTATION_CONTEXT() REPRESENTATION_CONTEXT('2D SPACE',''
  ) );
#5115 = ORIENTED_EDGE('',*,*,#5116,.F.);
#5116 = EDGE_CURVE('',#4729,#5089,#5117,.T.);
#5117 = SURFACE_CURVE('',#5118,(#5123,#5134),.PCURVE_S1.);
#5118 = CIRCLE('',#5119,6.);
#5119 = AXIS2_PLACEMENT_3D('',#5120,#5121,#5122);
#5120 = CARTESIAN_POINT('',(-12.,44.35,17.));
#5121 = DIRECTION('',(-0.,1.,0.));
#5122 = DIRECTION('',(0.,0.,-1.));
#5123 = PCURVE('',#4751,#5124);
#5124 = DEFINITIONAL_REPRESENTATION('',(#5125),#5133);
#5125 = ( BOUNDED_CURVE() B_SPLINE_CURVE(2,(#5126,#5127,#5128,#5129,
#5130,#5131,#5132),.UNSPECIFIED.,.T.,.F.) B_SPLINE_CURVE_WITH_KNOTS((1,2
    ,2,2,2,1),(-2.094395102393,0.,2.094395102393,4.188790204786,
6.28318530718,8.377580409573),.UNSPECIFIED.) CURVE() 
GEOMETRIC_REPRESENTATION_ITEM() RATIONAL_B_SPLINE_CURVE((1.,0.5,1.,0.5,
1.,0.5,1.)) REPRESENTATION_ITEM('') );
#5126 = CARTESIAN_POINT('',(16.5,-3.));
#5127 = CARTESIAN_POINT('',(16.5,-13.39230484541));
#5128 = CARTESIAN_POINT('',(7.5,-8.196152422707));
#5129 = CARTESIAN_POINT('',(-1.5,-3.));
#5130 = CARTESIAN_POINT('',(7.5,2.196152422707));
#5131 = CARTESIAN_POINT('',(16.5,7.392304845413));
#5132 = CARTESIAN_POINT('',(16.5,-3.));
#5133 = ( GEOMETRIC_REPRESENTATION_CONTEXT(2) 
PARAMETRIC_REPRESENTATION_CONTEXT() REPRESENTATION_CONTEXT('2D SPACE',''
  ) );
#5134 = PCURVE('',#4779,#5135);
#5135 = DEFINITIONAL_REPRESENTATION('',(#5136),#5140);
#5136 = LINE('',#5137,#5138);
#5137 = CARTESIAN_POINT('',(-0.,0.));
#5138 = VECTOR('',#5139,1.);
#5139 = DIRECTION('',(-1.,0.));
#5140 = ( GEOMETRIC_REPRESENTATION_CONTEXT(2) 
PARAMETRIC_REPRESENTATION_CONTEXT() REPRESENTATION_CONTEXT('2D SPACE',''
  ) );
#5141 = FACE_BOUND('',#5142,.F.);
#5142 = EDGE_LOOP('',(#5143));
#5143 = ORIENTED_EDGE('',*,*,#5144,.T.);
#5144 = EDGE_CURVE('',#5145,#5145,#5147,.T.);
#5145 = VERTEX_POINT('',#5146);
#5146 = CARTESIAN_POINT('',(-15.,44.35,41.5));
#5147 = SURFACE_CURVE('',#5148,(#5153,#5164),.PCURVE_S1.);
#5148 = CIRCLE('',#5149,2.);
#5149 = AXIS2_PLACEMENT_3D('',#5150,#5151,#5152);
#5150 = CARTESIAN_POINT('',(-15.,44.35,39.5));
#5151 = DIRECTION('',(0.,1.,0.));
#5152 = DIRECTION('',(0.,-0.,1.));
#5153 = PCURVE('',#4751,#5154);
#5154 = DEFINITIONAL_REPRESENTATION('',(#5155),#5163);
#5155 = ( BOUNDED_CURVE() B_SPLINE_CURVE(2,(#5156,#5157,#5158,#5159,
#5160,#5161,#5162),.UNSPECIFIED.,.T.,.F.) B_SPLINE_CURVE_WITH_KNOTS((1,2
    ,2,2,2,1),(-2.094395102393,0.,2.094395102393,4.188790204786,
6.28318530718,8.377580409573),.UNSPECIFIED.) CURVE() 
GEOMETRIC_REPRESENTATION_ITEM() RATIONAL_B_SPLINE_CURVE((1.,0.5,1.,0.5,
1.,0.5,1.)) REPRESENTATION_ITEM('') );
#5156 = CARTESIAN_POINT('',(-14.,-6.));
#5157 = CARTESIAN_POINT('',(-14.,-2.535898384862));
#5158 = CARTESIAN_POINT('',(-11.,-4.267949192431));
#5159 = CARTESIAN_POINT('',(-8.,-6.));
#5160 = CARTESIAN_POINT('',(-11.,-7.732050807569));
#5161 = CARTESIAN_POINT('',(-14.,-9.464101615138));
#5162 = CARTESIAN_POINT('',(-14.,-6.));
#5163 = ( GEOMETRIC_REPRESENTATION_CONTEXT(2) 
PARAMETRIC_REPRESENTATION_CONTEXT() REPRESENTATION_CONTEXT('2D SPACE',''
  ) );
#5164 = PCURVE('',#5165,#5170);
#5165 = CYLINDRICAL_SURFACE('',#5166,2.);
#5166 = AXIS2_PLACEMENT_3D('',#5167,#5168,#5169);
#5167 = CARTESIAN_POINT('',(-15.,38.35,39.5));
#5168 = DIRECTION('',(0.,1.,0.));
#5169 = DIRECTION('',(0.,-0.,1.));
#5170 = DEFINITIONAL_REPRESENTATION('',(#5171),#5175);
#5171 = LINE('',#5172,#5173);
#5172 = CARTESIAN_POINT('',(0.,6.));
#5173 = VECTOR('',#5174,1.);
#5174 = DIRECTION('',(1.,0.));
#5175 = ( GEOMETRIC_REPRESENTATION_CONTEXT(2) 
PARAMETRIC_REPRESENTATION_CONTEXT() REPRESENTATION_CONTEXT('2D SPACE',''
  ) );
#5176 = ADVANCED_FACE('',(#5177),#4934,.T.);
#5177 = FACE_BOUND('',#5178,.T.);
#5178 = EDGE_LOOP('',(#5179,#5180,#5181,#5204));
#5179 = ORIENTED_EDGE('',*,*,#4920,.F.);
#5180 = ORIENTED_EDGE('',*,*,#4950,.T.);
#5181 = ORIENTED_EDGE('',*,*,#5182,.T.);
#5182 = EDGE_CURVE('',#4951,#5183,#5185,.T.);
#5183 = VERTEX_POINT('',#5184);
#5184 = CARTESIAN_POINT('',(8.881784197001E-16,35.550900827794,17.));
#5185 = SURFACE_CURVE('',#5186,(#5190,#5197),.PCURVE_S1.);
#5186 = LINE('',#5187,#5188);
#5187 = CARTESIAN_POINT('',(8.881784197001E-16,44.35,17.));
#5188 = VECTOR('',#5189,1.);
#5189 = DIRECTION('',(0.,-1.,0.));
#5190 = PCURVE('',#4934,#5191);
#5191 = DEFINITIONAL_REPRESENTATION('',(#5192),#5196);
#5192 = LINE('',#5193,#5194);
#5193 = CARTESIAN_POINT('',(1.570796326795,0.));
#5194 = VECTOR('',#5195,1.);
#5195 = DIRECTION('',(0.,1.));
#5196 = ( GEOMETRIC_REPRESENTATION_CONTEXT(2) 
PARAMETRIC_REPRESENTATION_CONTEXT() REPRESENTATION_CONTEXT('2D SPACE',''
  ) );
#5197 = PCURVE('',#4990,#5198);
#5198 = DEFINITIONAL_REPRESENTATION('',(#5199),#5203);
#5199 = LINE('',#5200,#5201);
#5200 = CARTESIAN_POINT('',(6.,0.));
#5201 = VECTOR('',#5202,1.);
#5202 = DIRECTION('',(0.,-1.));
#5203 = ( GEOMETRIC_REPRESENTATION_CONTEXT(2) 
PARAMETRIC_REPRESENTATION_CONTEXT() REPRESENTATION_CONTEXT('2D SPACE',''
  ) );
#5204 = ORIENTED_EDGE('',*,*,#5205,.T.);
#5205 = EDGE_CURVE('',#5183,#4900,#5206,.T.);
#5206 = SURFACE_CURVE('',#5207,(#5240,#5276),.PCURVE_S1.);
#5207 = B_SPLINE_CURVE_WITH_KNOTS('',7,(#5208,#5209,#5210,#5211,#5212,
    #5213,#5214,#5215,#5216,#5217,#5218,#5219,#5220,#5221,#5222,#5223,
    #5224,#5225,#5226,#5227,#5228,#5229,#5230,#5231,#5232,#5233,#5234,
    #5235,#5236,#5237,#5238,#5239),.UNSPECIFIED.,.F.,.F.,(8,6,6,6,6,8),(
    0.,0.179827365184,0.351516486621,0.609183124435,0.82654187768,1.),
  .UNSPECIFIED.);
#5208 = CARTESIAN_POINT('',(8.881784197001E-16,35.550900827794,17.));
#5209 = CARTESIAN_POINT('',(8.881784197001E-16,35.628481903186,
    16.712903429589));
#5210 = CARTESIAN_POINT('',(-1.602634350306E-02,35.689756640118,
    16.417360047235));
#5211 = CARTESIAN_POINT('',(-4.978041100046E-02,35.732669422976,
    16.117732078402));
#5212 = CARTESIAN_POINT('',(-0.101832368231,35.75652492233,
    15.818517220932));
#5213 = CARTESIAN_POINT('',(-0.171535388915,35.761899536168,
    15.524208302798));
#5214 = CARTESIAN_POINT('',(-0.256932679939,35.750548916385,
    15.239198741007));
#5215 = CARTESIAN_POINT('',(-0.44795932498,35.701216382239,
    14.708554244116));
#5216 = CARTESIAN_POINT('',(-0.552760664502,35.664394700419,
    14.460991409971));
#5217 = CARTESIAN_POINT('',(-0.667527088335,35.616853360799,
    14.225302105776));
#5218 = CARTESIAN_POINT('',(-0.790825031447,35.560399683292,
    14.001569763861));
#5219 = CARTESIAN_POINT('',(-0.921329328505,35.496673124124,
    13.789741410182));
#5220 = CARTESIAN_POINT('',(-1.057822480272,35.42716539437,
    13.589659169553));
#5221 = CARTESIAN_POINT('',(-1.411339402931,35.24226728962,
    13.118080985835));
#5222 = CARTESIAN_POINT('',(-1.635567431355,35.120752836648,
    12.859523373605));
#5223 = CARTESIAN_POINT('',(-1.869289061294,34.992550966252,
    12.623772551339));
#5224 = CARTESIAN_POINT('',(-2.110842650357,34.860613899109,
    12.409093161294));
#5225 = CARTESIAN_POINT('',(-2.359402893882,34.727277171492,
    12.213824805081));
#5226 = CARTESIAN_POINT('',(-2.614871330578,34.59452723579,
    12.036560645135));
#5227 = CARTESIAN_POINT('',(-3.099661450227,34.354749982057,
    11.741148887686));
#5228 = CARTESIAN_POINT('',(-3.326581016177,34.247065795937,
    11.618237603438));
#5229 = CARTESIAN_POINT('',(-3.558534244602,34.142863269954,
    11.507193977726));
#5230 = CARTESIAN_POINT('',(-3.795468362049,34.04374711953,
    11.40788116832));
#5231 = CARTESIAN_POINT('',(-4.03738533591,33.951540290028,
    11.320310539471));
#5232 = CARTESIAN_POINT('',(-4.284382184081,33.86827136521,
    11.244625380046));
#5233 = CARTESIAN_POINT('',(-4.738026105216,33.738479421759,
    11.130543070797));
#5234 = CARTESIAN_POINT('',(-4.943384178035,33.687749090271,
    11.087541846841));
#5235 = CARTESIAN_POINT('',(-5.151628960735,33.645427941154,
    11.052760638067));
#5236 = CARTESIAN_POINT('',(-5.361938926861,33.612750309345,
    11.026483822465));
#5237 = CARTESIAN_POINT('',(-5.573721682261,33.590594048834,
    11.008860262359));
#5238 = CARTESIAN_POINT('',(-5.786534050848,33.579455265819,11.));
#5239 = CARTESIAN_POINT('',(-6.,33.579455265819,11.));
#5240 = PCURVE('',#4934,#5241);
#5241 = DEFINITIONAL_REPRESENTATION('',(#5242),#5275);
#5242 = B_SPLINE_CURVE_WITH_KNOTS('',7,(#5243,#5244,#5245,#5246,#5247,
    #5248,#5249,#5250,#5251,#5252,#5253,#5254,#5255,#5256,#5257,#5258,
    #5259,#5260,#5261,#5262,#5263,#5264,#5265,#5266,#5267,#5268,#5269,
    #5270,#5271,#5272,#5273,#5274),.UNSPECIFIED.,.F.,.F.,(8,6,6,6,6,8),(
    0.,0.179827365184,0.351516486621,0.609183124435,0.82654187768,1.),
  .UNSPECIFIED.);
#5243 = CARTESIAN_POINT('',(1.570796326795,8.799099172206));
#5244 = CARTESIAN_POINT('',(1.522946898393,8.721518096814));
#5245 = CARTESIAN_POINT('',(1.473689585397,8.660243359882));
#5246 = CARTESIAN_POINT('',(1.423572944887,8.617330577024));
#5247 = CARTESIAN_POINT('',(1.373119150121,8.59347507767));
#5248 = CARTESIAN_POINT('',(1.322850975769,8.588100463832));
#5249 = CARTESIAN_POINT('',(1.273336241135,8.599451083615));
#5250 = CARTESIAN_POINT('',(1.179339379308,8.648783617761));
#5251 = CARTESIAN_POINT('',(1.134601567889,8.685605299581));
#5252 = CARTESIAN_POINT('',(1.091005098089,8.733146639201));
#5253 = CARTESIAN_POINT('',(1.048522269799,8.789600316708));
#5254 = CARTESIAN_POINT('',(1.007128214308,8.853326875876));
#5255 = CARTESIAN_POINT('',(0.966800860256,8.92283460563));
#5256 = CARTESIAN_POINT('',(0.868572074312,9.10773271038));
#5257 = CARTESIAN_POINT('',(0.811675841711,9.229247163352));
#5258 = CARTESIAN_POINT('',(0.756537355432,9.357449033748));
#5259 = CARTESIAN_POINT('',(0.702861612359,9.489386100891));
#5260 = CARTESIAN_POINT('',(0.650329609258,9.622722828508));
#5261 = CARTESIAN_POINT('',(0.598596660491,9.75547276421));
#5262 = CARTESIAN_POINT('',(0.503979072487,9.995250017943));
#5263 = CARTESIAN_POINT('',(0.461023104401,10.102934204063));
#5264 = CARTESIAN_POINT('',(0.418247754901,10.207136730046));
#5265 = CARTESIAN_POINT('',(0.375524424569,10.30625288047));
#5266 = CARTESIAN_POINT('',(0.332730033374,10.398459709972));
#5267 = CARTESIAN_POINT('',(0.289730435014,10.48172863479));
#5268 = CARTESIAN_POINT('',(0.21176898078,10.611520578241));
#5269 = CARTESIAN_POINT('',(0.176828282219,10.662250909729));
#5270 = CARTESIAN_POINT('',(0.141687251654,10.704572058846));
#5271 = CARTESIAN_POINT('',(0.106417180927,10.737249690655));
#5272 = CARTESIAN_POINT('',(7.104634184572E-02,10.759405951166));
#5273 = CARTESIAN_POINT('',(3.557765819197E-02,10.770544734181));
#5274 = CARTESIAN_POINT('',(0.,10.770544734181));
#5275 = ( GEOMETRIC_REPRESENTATION_CONTEXT(2) 
PARAMETRIC_REPRESENTATION_CONTEXT() REPRESENTATION_CONTEXT('2D SPACE',''
  ) );
#5276 = PCURVE('',#4862,#5277);
#5277 = DEFINITIONAL_REPRESENTATION('',(#5278),#5311);
#5278 = B_SPLINE_CURVE_WITH_KNOTS('',7,(#5279,#5280,#5281,#5282,#5283,
    #5284,#5285,#5286,#5287,#5288,#5289,#5290,#5291,#5292,#5293,#5294,
    #5295,#5296,#5297,#5298,#5299,#5300,#5301,#5302,#5303,#5304,#5305,
    #5306,#5307,#5308,#5309,#5310),.UNSPECIFIED.,.F.,.F.,(8,6,6,6,6,8),(
    0.,0.179827365184,0.351516486621,0.609183124435,0.82654187768,1.),
  .UNSPECIFIED.);
#5279 = CARTESIAN_POINT('',(4.448466132255,0.5));
#5280 = CARTESIAN_POINT('',(4.500186849183,0.5));
#5281 = CARTESIAN_POINT('',(4.552586003181,0.516026343503));
#5282 = CARTESIAN_POINT('',(4.605063458229,0.549780411));
#5283 = CARTESIAN_POINT('',(4.657086293563,0.601832368231));
#5284 = CARTESIAN_POINT('',(4.708137986806,0.671535388915));
#5285 = CARTESIAN_POINT('',(4.757674851262,0.756932679939));
#5286 = CARTESIAN_POINT('',(4.85035880207,0.94795932498));
#5287 = CARTESIAN_POINT('',(4.893821163012,1.052760664502));
#5288 = CARTESIAN_POINT('',(4.935551383076,1.167527088335));
#5289 = CARTESIAN_POINT('',(4.975603453323,1.290825031447));
#5290 = CARTESIAN_POINT('',(5.014017959246,1.421329328505));
#5291 = CARTESIAN_POINT('',(5.05082635868,1.557822480272));
#5292 = CARTESIAN_POINT('',(5.138918644453,1.911339402931));
#5293 = CARTESIAN_POINT('',(5.18849647611,2.135567431355));
#5294 = CARTESIAN_POINT('',(5.23504735347,2.369289061294));
#5295 = CARTESIAN_POINT('',(5.278771618767,2.610842650357));
#5296 = CARTESIAN_POINT('',(5.31982834988,2.859402893882));
#5297 = CARTESIAN_POINT('',(5.358314014447,3.114871330578));
#5298 = CARTESIAN_POINT('',(5.424483582458,3.599661450227));
#5299 = CARTESIAN_POINT('',(5.452882782128,3.826581016177));
#5300 = CARTESIAN_POINT('',(5.47934287201,4.058534244602));
#5301 = CARTESIAN_POINT('',(5.50372752746,4.295468362049));
#5302 = CARTESIAN_POINT('',(5.525834008509,4.53738533591));
#5303 = CARTESIAN_POINT('',(5.545400988476,4.784382184081));
#5304 = CARTESIAN_POINT('',(5.575453606161,5.238026105216));
#5305 = CARTESIAN_POINT('',(5.587017463673,5.443384178035));
#5306 = CARTESIAN_POINT('',(5.596543178186,5.651628960735));
#5307 = CARTESIAN_POINT('',(5.603835437825,5.861938926861));
#5308 = CARTESIAN_POINT('',(5.608759154984,6.073721682261));
#5309 = CARTESIAN_POINT('',(5.611234410684,6.286534050848));
#5310 = CARTESIAN_POINT('',(5.611234410684,6.5));
#5311 = ( GEOMETRIC_REPRESENTATION_CONTEXT(2) 
PARAMETRIC_REPRESENTATION_CONTEXT() REPRESENTATION_CONTEXT('2D SPACE',''
  ) );
#5312 = ADVANCED_FACE('',(#5313),#4862,.F.);
#5313 = FACE_BOUND('',#5314,.F.);
#5314 = EDGE_LOOP('',(#5315,#5337,#5338,#5466,#5488,#5489));
#5315 = ORIENTED_EDGE('',*,*,#5316,.F.);
#5316 = EDGE_CURVE('',#4848,#4874,#5317,.T.);
#5317 = SURFACE_CURVE('',#5318,(#5323,#5330),.PCURVE_S1.);
#5318 = CIRCLE('',#5319,5.75);
#5319 = AXIS2_PLACEMENT_3D('',#5320,#5321,#5322);
#5320 = CARTESIAN_POINT('',(-9.,30.,15.5));
#5321 = DIRECTION('',(-1.,0.,0.));
#5322 = DIRECTION('',(0.,0.,-1.));
#5323 = PCURVE('',#4862,#5324);
#5324 = DEFINITIONAL_REPRESENTATION('',(#5325),#5329);
#5325 = LINE('',#5326,#5327);
#5326 = CARTESIAN_POINT('',(0.,9.5));
#5327 = VECTOR('',#5328,1.);
#5328 = DIRECTION('',(1.,0.));
#5329 = ( GEOMETRIC_REPRESENTATION_CONTEXT(2) 
PARAMETRIC_REPRESENTATION_CONTEXT() REPRESENTATION_CONTEXT('2D SPACE',''
  ) );
#5330 = PCURVE('',#4888,#5331);
#5331 = DEFINITIONAL_REPRESENTATION('',(#5332),#5336);
#5332 = CIRCLE('',#5333,5.75);
#5333 = AXIS2_PLACEMENT_2D('',#5334,#5335);
#5334 = CARTESIAN_POINT('',(0.,0.));
#5335 = DIRECTION('',(1.,0.));
#5336 = ( GEOMETRIC_REPRESENTATION_CONTEXT(2) 
PARAMETRIC_REPRESENTATION_CONTEXT() REPRESENTATION_CONTEXT('2D SPACE',''
  ) );
#5337 = ORIENTED_EDGE('',*,*,#4847,.F.);
#5338 = ORIENTED_EDGE('',*,*,#5339,.T.);
#5339 = EDGE_CURVE('',#4820,#5340,#5342,.T.);
#5340 = VERTEX_POINT('',#5341);
#5341 = CARTESIAN_POINT('',(8.881784197001E-16,24.449099172206,17.));
#5342 = SURFACE_CURVE('',#5343,(#5382,#5424),.PCURVE_S1.);
#5343 = B_SPLINE_CURVE_WITH_KNOTS('',7,(#5344,#5345,#5346,#5347,#5348,
    #5349,#5350,#5351,#5352,#5353,#5354,#5355,#5356,#5357,#5358,#5359,
    #5360,#5361,#5362,#5363,#5364,#5365,#5366,#5367,#5368,#5369,#5370,
    #5371,#5372,#5373,#5374,#5375,#5376,#5377,#5378,#5379,#5380,#5381),
  .UNSPECIFIED.,.F.,.F.,(8,6,6,6,6,6,8),(0.,0.170268649692,
    0.392056660366,0.649287491224,0.744809017784,0.930344395873,1.),
  .UNSPECIFIED.);
#5344 = CARTESIAN_POINT('',(-6.,26.420544734181,11.));
#5345 = CARTESIAN_POINT('',(-5.790552216594,26.420544734181,11.));
#5346 = CARTESIAN_POINT('',(-5.581731785285,26.409821333608,
    11.008529853139));
#5347 = CARTESIAN_POINT('',(-5.373902408035,26.38848882265,
    11.02549817362));
#5348 = CARTESIAN_POINT('',(-5.167486146957,26.357011384503,
    11.050799573314));
#5349 = CARTESIAN_POINT('',(-4.963038890234,26.316207444424,
    11.084292421651));
#5350 = CARTESIAN_POINT('',(-4.761323558912,26.267225625567,
    11.125713254181));
#5351 = CARTESIAN_POINT('',(-4.305545719987,26.138895384054,
    11.238112568635));
#5352 = CARTESIAN_POINT('',(-4.053231236343,26.054594948078,
    11.314459661817));
#5353 = CARTESIAN_POINT('',(-3.806193622575,25.960871857134,
    11.403185952828));
#5354 = CARTESIAN_POINT('',(-3.564331957668,25.859889235688,
    11.504134898019));
#5355 = CARTESIAN_POINT('',(-3.327651273404,25.753590292948,
    11.617289133911));
#5356 = CARTESIAN_POINT('',(-3.096216311753,25.643681998693,
    11.742787261247));
#5357 = CARTESIAN_POINT('',(-2.607840862256,25.401832705425,
    12.041396675686));
#5358 = CARTESIAN_POINT('',(-2.353050814483,25.269333141347,
    12.218719285987));
#5359 = CARTESIAN_POINT('',(-2.105145764429,25.136289920856,
    12.413995093698));
#5360 = CARTESIAN_POINT('',(-1.864229523077,25.004678636667,
    12.628629178599));
#5361 = CARTESIAN_POINT('',(-1.631130145986,24.876825864952,
    12.864276458293));
#5362 = CARTESIAN_POINT('',(-1.407507951132,24.755673482109,
    13.122664286708));
#5363 = CARTESIAN_POINT('',(-1.117370726548,24.60400092825,
    13.510425623358));
#5364 = CARTESIAN_POINT('',(-1.040414646228,24.564357479842,
    13.618857284813));
#5365 = CARTESIAN_POINT('',(-0.96521099099,24.526346149466,
    13.730801970408));
#5366 = CARTESIAN_POINT('',(-0.891922492336,24.490190305884,
    13.846335164676));
#5367 = CARTESIAN_POINT('',(-0.820731290955,24.456133623753,
    13.96552438415));
#5368 = CARTESIAN_POINT('',(-0.751838094602,24.424441298591,
    14.088428667358));
#5369 = CARTESIAN_POINT('',(-0.556535035798,24.33899560731,
    14.461133229805));
#5370 = CARTESIAN_POINT('',(-0.435759868443,24.292008716431,
    14.723935708174));
#5371 = CARTESIAN_POINT('',(-0.326790143817,24.257671219965,
    15.001168342212));
#5372 = CARTESIAN_POINT('',(-0.232417716181,24.238723647395,
    15.290294443005));
#5373 = CARTESIAN_POINT('',(-0.154665551997,24.237339850019,
    15.588560179884));
#5374 = CARTESIAN_POINT('',(-9.483009740337E-02,24.255077984477,
    15.89303985604));
#5375 = CARTESIAN_POINT('',(-3.794552923553E-02,24.307043216125,
    16.316265558183));
#5376 = CARTESIAN_POINT('',(-2.508535384065E-02,24.323995489213,
    16.431778107167));
#5377 = CARTESIAN_POINT('',(-1.489743161553E-02,24.343711493466,
    16.547017580738));
#5378 = CARTESIAN_POINT('',(-7.358728949208E-03,24.366158070194,
    16.661720599134));
#5379 = CARTESIAN_POINT('',(-2.418646570638E-03,24.391272387661,
    16.775625088059));
#5380 = CARTESIAN_POINT('',(8.881784197001E-16,24.418961044346,
    16.888470827409));
#5381 = CARTESIAN_POINT('',(8.881784197001E-16,24.449099172206,17.));
#5382 = PCURVE('',#4862,#5383);
#5383 = DEFINITIONAL_REPRESENTATION('',(#5384),#5423);
#5384 = B_SPLINE_CURVE_WITH_KNOTS('',7,(#5385,#5386,#5387,#5388,#5389,
    #5390,#5391,#5392,#5393,#5394,#5395,#5396,#5397,#5398,#5399,#5400,
    #5401,#5402,#5403,#5404,#5405,#5406,#5407,#5408,#5409,#5410,#5411,
    #5412,#5413,#5414,#5415,#5416,#5417,#5418,#5419,#5420,#5421,#5422),
  .UNSPECIFIED.,.F.,.F.,(8,6,6,6,6,6,8),(0.,0.170268649692,
    0.392056660366,0.649287491224,0.744809017784,0.930344395873,1.),
  .UNSPECIFIED.);
#5385 = CARTESIAN_POINT('',(0.671950896496,6.5));
#5386 = CARTESIAN_POINT('',(0.671950896496,6.290552216594));
#5387 = CARTESIAN_POINT('',(0.674333849268,6.081731785285));
#5388 = CARTESIAN_POINT('',(0.679074494187,5.873902408035));
#5389 = CARTESIAN_POINT('',(0.686097822061,5.667486146957));
#5390 = CARTESIAN_POINT('',(0.695277548238,5.463038890234));
#5391 = CARTESIAN_POINT('',(0.706431915077,5.261323558912));
#5392 = CARTESIAN_POINT('',(0.736100408241,4.805545719987));
#5393 = CARTESIAN_POINT('',(0.755877591216,4.553231236343));
#5394 = CARTESIAN_POINT('',(0.778313407595,4.306193622575));
#5395 = CARTESIAN_POINT('',(0.803127893391,4.064331957668));
#5396 = CARTESIAN_POINT('',(0.830103678478,3.827651273404));
#5397 = CARTESIAN_POINT('',(0.859094795261,3.596216311753));
#5398 = CARTESIAN_POINT('',(0.925923281098,3.107840862256));
#5399 = CARTESIAN_POINT('',(0.964391007922,2.853050814482));
#5400 = CARTESIAN_POINT('',(1.005420153268,2.605145764429));
#5401 = CARTESIAN_POINT('',(1.049108300365,2.364229523076));
#5402 = CARTESIAN_POINT('',(1.095614728291,2.131130145986));
#5403 = CARTESIAN_POINT('',(1.1451394652,1.907507951132));
#5404 = CARTESIAN_POINT('',(1.217551522347,1.617370726548));
#5405 = CARTESIAN_POINT('',(1.237625006152,1.540414646228));
#5406 = CARTESIAN_POINT('',(1.258176419796,1.46521099099));
#5407 = CARTESIAN_POINT('',(1.279218733121,1.391922492336));
#5408 = CARTESIAN_POINT('',(1.300765499296,1.320731290955));
#5409 = CARTESIAN_POINT('',(1.322831316934,1.251838094602));
#5410 = CARTESIAN_POINT('',(1.389331093252,1.056535035798));
#5411 = CARTESIAN_POINT('',(1.435706221757,0.935759868443));
#5412 = CARTESIAN_POINT('',(1.484173814406,0.826790143817));
#5413 = CARTESIAN_POINT('',(1.53440648913,0.732417716181));
#5414 = CARTESIAN_POINT('',(1.586118605446,0.654665551997));
#5415 = CARTESIAN_POINT('',(1.639052908801,0.594830097403));
#5416 = CARTESIAN_POINT('',(1.713210128036,0.537945529236));
#5417 = CARTESIAN_POINT('',(1.733508826608,0.525085353841));
#5418 = CARTESIAN_POINT('',(1.753832500663,0.514897431616));
#5419 = CARTESIAN_POINT('',(1.774148886814,0.507358728949));
#5420 = CARTESIAN_POINT('',(1.794425094742,0.502418646571));
#5421 = CARTESIAN_POINT('',(1.814627089685,0.5));
#5422 = CARTESIAN_POINT('',(1.834719174925,0.5));
#5423 = ( GEOMETRIC_REPRESENTATION_CONTEXT(2) 
PARAMETRIC_REPRESENTATION_CONTEXT() REPRESENTATION_CONTEXT('2D SPACE',''
  ) );
#5424 = PCURVE('',#4835,#5425);
#5425 = DEFINITIONAL_REPRESENTATION('',(#5426),#5465);
#5426 = B_SPLINE_CURVE_WITH_KNOTS('',7,(#5427,#5428,#5429,#5430,#5431,
    #5432,#5433,#5434,#5435,#5436,#5437,#5438,#5439,#5440,#5441,#5442,
    #5443,#5444,#5445,#5446,#5447,#5448,#5449,#5450,#5451,#5452,#5453,
    #5454,#5455,#5456,#5457,#5458,#5459,#5460,#5461,#5462,#5463,#5464),
  .UNSPECIFIED.,.F.,.F.,(8,6,6,6,6,6,8),(0.,0.170268649692,
    0.392056660366,0.649287491224,0.744809017784,0.930344395873,1.),
  .UNSPECIFIED.);
#5427 = CARTESIAN_POINT('',(0.,17.929455265819));
#5428 = CARTESIAN_POINT('',(3.490796390097E-02,17.929455265819));
#5429 = CARTESIAN_POINT('',(6.97113289944E-02,17.940178666392));
#5430 = CARTESIAN_POINT('',(0.104419177944,17.96151117735));
#5431 = CARTESIAN_POINT('',(0.139028251646,17.992988615497));
#5432 = CARTESIAN_POINT('',(0.17351241468,18.033792555576));
#5433 = CARTESIAN_POINT('',(0.207806626444,18.082774374433));
#5434 = CARTESIAN_POINT('',(0.286045407028,18.211104615946));
#5435 = CARTESIAN_POINT('',(0.329921413767,18.295405051922));
#5436 = CARTESIAN_POINT('',(0.373578704331,18.389128142866));
#5437 = CARTESIAN_POINT('',(0.417159162108,18.490110764312));
#5438 = CARTESIAN_POINT('',(0.46079184838,18.596409707052));
#5439 = CARTESIAN_POINT('',(0.50461144085,18.706318001307));
#5440 = CARTESIAN_POINT('',(0.600016740328,18.948167294575));
#5441 = CARTESIAN_POINT('',(0.651662893056,19.080666858653));
#5442 = CARTESIAN_POINT('',(0.704110568854,19.213710079144));
#5443 = CARTESIAN_POINT('',(0.757702788443,19.345321363333));
#5444 = CARTESIAN_POINT('',(0.812756892068,19.473174135048));
#5445 = CARTESIAN_POINT('',(0.869566290476,19.594326517891));
#5446 = CARTESIAN_POINT('',(0.950281575978,19.74599907175));
#5447 = CARTESIAN_POINT('',(0.972435379975,19.785642520158));
#5448 = CARTESIAN_POINT('',(0.994900066188,19.823653850534));
#5449 = CARTESIAN_POINT('',(1.017688590479,19.859809694116));
#5450 = CARTESIAN_POINT('',(1.040813374295,19.893866376247));
#5451 = CARTESIAN_POINT('',(1.064286719726,19.925558701409));
#5452 = CARTESIAN_POINT('',(1.134415960664,20.01100439269));
#5453 = CARTESIAN_POINT('',(1.18255544813,20.057991283569));
#5454 = CARTESIAN_POINT('',(1.232073919879,20.092328780035));
#5455 = CARTESIAN_POINT('',(1.28260142445,20.111276352605));
#5456 = CARTESIAN_POINT('',(1.33382187683,20.112660149981));
#5457 = CARTESIAN_POINT('',(1.385444672586,20.094922015523));
#5458 = CARTESIAN_POINT('',(1.456616578921,20.042956783875));
#5459 = CARTESIAN_POINT('',(1.475982604131,20.026004510787));
#5460 = CARTESIAN_POINT('',(1.495256183993,20.006288506534));
#5461 = CARTESIAN_POINT('',(1.514405941958,19.983841929806));
#5462 = CARTESIAN_POINT('',(1.533400505768,19.958727612339));
#5463 = CARTESIAN_POINT('',(1.552208131363,19.931038955654));
#5464 = CARTESIAN_POINT('',(1.570796326795,19.900900827794));
#5465 = ( GEOMETRIC_REPRESENTATION_CONTEXT(2) 
PARAMETRIC_REPRESENTATION_CONTEXT() REPRESENTATION_CONTEXT('2D SPACE',''
  ) );
#5466 = ORIENTED_EDGE('',*,*,#5467,.T.);
#5467 = EDGE_CURVE('',#5340,#5183,#5468,.T.);
#5468 = SURFACE_CURVE('',#5469,(#5474,#5481),.PCURVE_S1.);
#5469 = CIRCLE('',#5470,5.75);
#5470 = AXIS2_PLACEMENT_3D('',#5471,#5472,#5473);
#5471 = CARTESIAN_POINT('',(0.,30.,15.5));
#5472 = DIRECTION('',(-1.,0.,0.));
#5473 = DIRECTION('',(0.,0.,-1.));
#5474 = PCURVE('',#4862,#5475);
#5475 = DEFINITIONAL_REPRESENTATION('',(#5476),#5480);
#5476 = LINE('',#5477,#5478);
#5477 = CARTESIAN_POINT('',(0.,0.5));
#5478 = VECTOR('',#5479,1.);
#5479 = DIRECTION('',(1.,0.));
#5480 = ( GEOMETRIC_REPRESENTATION_CONTEXT(2) 
PARAMETRIC_REPRESENTATION_CONTEXT() REPRESENTATION_CONTEXT('2D SPACE',''
  ) );
#5481 = PCURVE('',#4990,#5482);
#5482 = DEFINITIONAL_REPRESENTATION('',(#5483),#5487);
#5483 = CIRCLE('',#5484,5.75);
#5484 = AXIS2_PLACEMENT_2D('',#5485,#5486);
#5485 = CARTESIAN_POINT('',(4.5,-14.35));
#5486 = DIRECTION('',(-1.,0.));
#5487 = ( GEOMETRIC_REPRESENTATION_CONTEXT(2) 
PARAMETRIC_REPRESENTATION_CONTEXT() REPRESENTATION_CONTEXT('2D SPACE',''
  ) );
#5488 = ORIENTED_EDGE('',*,*,#5205,.T.);
#5489 = ORIENTED_EDGE('',*,*,#4899,.T.);
#5490 = ADVANCED_FACE('',(#5491,#5495),#4888,.F.);
#5491 = FACE_BOUND('',#5492,.F.);
#5492 = EDGE_LOOP('',(#5493,#5494));
#5493 = ORIENTED_EDGE('',*,*,#4873,.T.);
#5494 = ORIENTED_EDGE('',*,*,#5316,.T.);
#5495 = FACE_BOUND('',#5496,.F.);
#5496 = EDGE_LOOP('',(#5497));
#5497 = ORIENTED_EDGE('',*,*,#5498,.T.);
#5498 = EDGE_CURVE('',#5499,#5499,#5501,.T.);
#5499 = VERTEX_POINT('',#5500);
#5500 = CARTESIAN_POINT('',(-9.,30.,17.2));
#5501 = SURFACE_CURVE('',#5502,(#5507,#5518),.PCURVE_S1.);
#5502 = CIRCLE('',#5503,1.7);
#5503 = AXIS2_PLACEMENT_3D('',#5504,#5505,#5506);
#5504 = CARTESIAN_POINT('',(-9.,30.,15.5));
#5505 = DIRECTION('',(1.,0.,0.));
#5506 = DIRECTION('',(-0.,0.,1.));
#5507 = PCURVE('',#4888,#5508);
#5508 = DEFINITIONAL_REPRESENTATION('',(#5509),#5517);
#5509 = ( BOUNDED_CURVE() B_SPLINE_CURVE(2,(#5510,#5511,#5512,#5513,
#5514,#5515,#5516),.UNSPECIFIED.,.T.,.F.) B_SPLINE_CURVE_WITH_KNOTS((1,2
    ,2,2,2,1),(-2.094395102393,0.,2.094395102393,4.188790204786,
6.28318530718,8.377580409573),.UNSPECIFIED.) CURVE() 
GEOMETRIC_REPRESENTATION_ITEM() RATIONAL_B_SPLINE_CURVE((1.,0.5,1.,0.5,
1.,0.5,1.)) REPRESENTATION_ITEM('') );
#5510 = CARTESIAN_POINT('',(-1.7,0.));
#5511 = CARTESIAN_POINT('',(-1.7,2.944486372867));
#5512 = CARTESIAN_POINT('',(0.85,1.472243186434));
#5513 = CARTESIAN_POINT('',(3.4,4.163799117101E-16));
#5514 = CARTESIAN_POINT('',(0.85,-1.472243186434));
#5515 = CARTESIAN_POINT('',(-1.7,-2.944486372867));
#5516 = CARTESIAN_POINT('',(-1.7,0.));
#5517 = ( GEOMETRIC_REPRESENTATION_CONTEXT(2) 
PARAMETRIC_REPRESENTATION_CONTEXT() REPRESENTATION_CONTEXT('2D SPACE',''
  ) );
#5518 = PCURVE('',#5519,#5524);
#5519 = CYLINDRICAL_SURFACE('',#5520,1.7);
#5520 = AXIS2_PLACEMENT_3D('',#5521,#5522,#5523);
#5521 = CARTESIAN_POINT('',(-19.,30.,15.5));
#5522 = DIRECTION('',(1.,0.,0.));
#5523 = DIRECTION('',(-0.,0.,1.));
#5524 = DEFINITIONAL_REPRESENTATION('',(#5525),#5529);
#5525 = LINE('',#5526,#5527);
#5526 = CARTESIAN_POINT('',(0.,10.));
#5527 = VECTOR('',#5528,1.);
#5528 = DIRECTION('',(1.,0.));
#5529 = ( GEOMETRIC_REPRESENTATION_CONTEXT(2) 
PARAMETRIC_REPRESENTATION_CONTEXT() REPRESENTATION_CONTEXT('2D SPACE',''
  ) );
#5530 = ADVANCED_FACE('',(#5531),#4835,.T.);
#5531 = FACE_BOUND('',#5532,.T.);
#5532 = EDGE_LOOP('',(#5533,#5534,#5535,#5558));
#5533 = ORIENTED_EDGE('',*,*,#4819,.F.);
#5534 = ORIENTED_EDGE('',*,*,#5339,.T.);
#5535 = ORIENTED_EDGE('',*,*,#5536,.T.);
#5536 = EDGE_CURVE('',#5340,#5537,#5539,.T.);
#5537 = VERTEX_POINT('',#5538);
#5538 = CARTESIAN_POINT('',(8.881784197001E-16,15.65,17.));
#5539 = SURFACE_CURVE('',#5540,(#5544,#5551),.PCURVE_S1.);
#5540 = LINE('',#5541,#5542);
#5541 = CARTESIAN_POINT('',(8.881784197001E-16,44.35,17.));
#5542 = VECTOR('',#5543,1.);
#5543 = DIRECTION('',(0.,-1.,0.));
#5544 = PCURVE('',#4835,#5545);
#5545 = DEFINITIONAL_REPRESENTATION('',(#5546),#5550);
#5546 = LINE('',#5547,#5548);
#5547 = CARTESIAN_POINT('',(1.570796326795,0.));
#5548 = VECTOR('',#5549,1.);
#5549 = DIRECTION('',(0.,1.));
#5550 = ( GEOMETRIC_REPRESENTATION_CONTEXT(2) 
PARAMETRIC_REPRESENTATION_CONTEXT() REPRESENTATION_CONTEXT('2D SPACE',''
  ) );
#5551 = PCURVE('',#4990,#5552);
#5552 = DEFINITIONAL_REPRESENTATION('',(#5553),#5557);
#5553 = LINE('',#5554,#5555);
#5554 = CARTESIAN_POINT('',(6.,0.));
#5555 = VECTOR('',#5556,1.);
#5556 = DIRECTION('',(0.,-1.));
#5557 = ( GEOMETRIC_REPRESENTATION_CONTEXT(2) 
PARAMETRIC_REPRESENTATION_CONTEXT() REPRESENTATION_CONTEXT('2D SPACE',''
  ) );
#5558 = ORIENTED_EDGE('',*,*,#5559,.F.);
#5559 = EDGE_CURVE('',#4792,#5537,#5560,.T.);
#5560 = SURFACE_CURVE('',#5561,(#5566,#5573),.PCURVE_S1.);
#5561 = CIRCLE('',#5562,6.);
#5562 = AXIS2_PLACEMENT_3D('',#5563,#5564,#5565);
#5563 = CARTESIAN_POINT('',(-6.,15.65,17.));
#5564 = DIRECTION('',(0.,-1.,0.));
#5565 = DIRECTION('',(0.,-0.,-1.));
#5566 = PCURVE('',#4835,#5567);
#5567 = DEFINITIONAL_REPRESENTATION('',(#5568),#5572);
#5568 = LINE('',#5569,#5570);
#5569 = CARTESIAN_POINT('',(0.,28.7));
#5570 = VECTOR('',#5571,1.);
#5571 = DIRECTION('',(1.,0.));
#5572 = ( GEOMETRIC_REPRESENTATION_CONTEXT(2) 
PARAMETRIC_REPRESENTATION_CONTEXT() REPRESENTATION_CONTEXT('2D SPACE',''
  ) );
#5573 = PCURVE('',#4807,#5574);
#5574 = DEFINITIONAL_REPRESENTATION('',(#5575),#5579);
#5575 = CIRCLE('',#5576,6.);
#5576 = AXIS2_PLACEMENT_2D('',#5577,#5578);
#5577 = CARTESIAN_POINT('',(10.5,3.));
#5578 = DIRECTION('',(1.,0.));
#5579 = ( GEOMETRIC_REPRESENTATION_CONTEXT(2) 
PARAMETRIC_REPRESENTATION_CONTEXT() REPRESENTATION_CONTEXT('2D SPACE',''
  ) );
#5580 = ADVANCED_FACE('',(#5581,#5743),#4807,.T.);
#5581 = FACE_BOUND('',#5582,.T.);
#5582 = EDGE_LOOP('',(#5583,#5584,#5585,#5608,#5637,#5665,#5694,#5717));
#5583 = ORIENTED_EDGE('',*,*,#4791,.T.);
#5584 = ORIENTED_EDGE('',*,*,#5559,.T.);
#5585 = ORIENTED_EDGE('',*,*,#5586,.T.);
#5586 = EDGE_CURVE('',#5537,#5587,#5589,.T.);
#5587 = VERTEX_POINT('',#5588);
#5588 = CARTESIAN_POINT('',(8.881784197001E-16,15.65,38.));
#5589 = SURFACE_CURVE('',#5590,(#5594,#5601),.PCURVE_S1.);
#5590 = LINE('',#5591,#5592);
#5591 = CARTESIAN_POINT('',(0.,15.65,11.));
#5592 = VECTOR('',#5593,1.);
#5593 = DIRECTION('',(0.,0.,1.));
#5594 = PCURVE('',#4807,#5595);
#5595 = DEFINITIONAL_REPRESENTATION('',(#5596),#5600);
#5596 = LINE('',#5597,#5598);
#5597 = CARTESIAN_POINT('',(16.5,9.));
#5598 = VECTOR('',#5599,1.);
#5599 = DIRECTION('',(-1.,0.));
#5600 = ( GEOMETRIC_REPRESENTATION_CONTEXT(2) 
PARAMETRIC_REPRESENTATION_CONTEXT() REPRESENTATION_CONTEXT('2D SPACE',''
  ) );
#5601 = PCURVE('',#4990,#5602);
#5602 = DEFINITIONAL_REPRESENTATION('',(#5603),#5607);
#5603 = LINE('',#5604,#5605);
#5604 = CARTESIAN_POINT('',(0.,-28.7));
#5605 = VECTOR('',#5606,1.);
#5606 = DIRECTION('',(1.,0.));
#5607 = ( GEOMETRIC_REPRESENTATION_CONTEXT(2) 
PARAMETRIC_REPRESENTATION_CONTEXT() REPRESENTATION_CONTEXT('2D SPACE',''
  ) );
#5608 = ORIENTED_EDGE('',*,*,#5609,.T.);
#5609 = EDGE_CURVE('',#5587,#5610,#5612,.T.);
#5610 = VERTEX_POINT('',#5611);
#5611 = CARTESIAN_POINT('',(-6.,15.65,44.));
#5612 = SURFACE_CURVE('',#5613,(#5618,#5625),.PCURVE_S1.);
#5613 = CIRCLE('',#5614,6.);
#5614 = AXIS2_PLACEMENT_3D('',#5615,#5616,#5617);
#5615 = CARTESIAN_POINT('',(-6.,15.65,38.));
#5616 = DIRECTION('',(0.,-1.,0.));
#5617 = DIRECTION('',(0.,-0.,-1.));
#5618 = PCURVE('',#4807,#5619);
#5619 = DEFINITIONAL_REPRESENTATION('',(#5620),#5624);
#5620 = CIRCLE('',#5621,6.);
#5621 = AXIS2_PLACEMENT_2D('',#5622,#5623);
#5622 = CARTESIAN_POINT('',(-10.5,3.));
#5623 = DIRECTION('',(1.,0.));
#5624 = ( GEOMETRIC_REPRESENTATION_CONTEXT(2) 
PARAMETRIC_REPRESENTATION_CONTEXT() REPRESENTATION_CONTEXT('2D SPACE',''
  ) );
#5625 = PCURVE('',#5626,#5631);
#5626 = CYLINDRICAL_SURFACE('',#5627,6.);
#5627 = AXIS2_PLACEMENT_3D('',#5628,#5629,#5630);
#5628 = CARTESIAN_POINT('',(-6.,44.35,38.));
#5629 = DIRECTION('',(0.,-1.,0.));
#5630 = DIRECTION('',(1.,0.,-0.));
#5631 = DEFINITIONAL_REPRESENTATION('',(#5632),#5636);
#5632 = LINE('',#5633,#5634);
#5633 = CARTESIAN_POINT('',(-1.570796326795,28.7));
#5634 = VECTOR('',#5635,1.);
#5635 = DIRECTION('',(1.,0.));
#5636 = ( GEOMETRIC_REPRESENTATION_CONTEXT(2) 
PARAMETRIC_REPRESENTATION_CONTEXT() REPRESENTATION_CONTEXT('2D SPACE',''
  ) );
#5637 = ORIENTED_EDGE('',*,*,#5638,.T.);
#5638 = EDGE_CURVE('',#5610,#5639,#5641,.T.);
#5639 = VERTEX_POINT('',#5640);
#5640 = CARTESIAN_POINT('',(-12.,15.65,44.));
#5641 = SURFACE_CURVE('',#5642,(#5646,#5653),.PCURVE_S1.);
#5642 = LINE('',#5643,#5644);
#5643 = CARTESIAN_POINT('',(0.,15.65,44.));
#5644 = VECTOR('',#5645,1.);
#5645 = DIRECTION('',(-1.,0.,0.));
#5646 = PCURVE('',#4807,#5647);
#5647 = DEFINITIONAL_REPRESENTATION('',(#5648),#5652);
#5648 = LINE('',#5649,#5650);
#5649 = CARTESIAN_POINT('',(-16.5,9.));
#5650 = VECTOR('',#5651,1.);
#5651 = DIRECTION('',(0.,-1.));
#5652 = ( GEOMETRIC_REPRESENTATION_CONTEXT(2) 
PARAMETRIC_REPRESENTATION_CONTEXT() REPRESENTATION_CONTEXT('2D SPACE',''
  ) );
#5653 = PCURVE('',#5654,#5659);
#5654 = PLANE('',#5655);
#5655 = AXIS2_PLACEMENT_3D('',#5656,#5657,#5658);
#5656 = CARTESIAN_POINT('',(0.,44.35,44.));
#5657 = DIRECTION('',(-0.,-0.,-1.));
#5658 = DIRECTION('',(-1.,0.,0.));
#5659 = DEFINITIONAL_REPRESENTATION('',(#5660),#5664);
#5660 = LINE('',#5661,#5662);
#5661 = CARTESIAN_POINT('',(0.,-28.7));
#5662 = VECTOR('',#5663,1.);
#5663 = DIRECTION('',(1.,0.));
#5664 = ( GEOMETRIC_REPRESENTATION_CONTEXT(2) 
PARAMETRIC_REPRESENTATION_CONTEXT() REPRESENTATION_CONTEXT('2D SPACE',''
  ) );
#5665 = ORIENTED_EDGE('',*,*,#5666,.T.);
#5666 = EDGE_CURVE('',#5639,#5667,#5669,.T.);
#5667 = VERTEX_POINT('',#5668);
#5668 = CARTESIAN_POINT('',(-18.,15.65,38.));
#5669 = SURFACE_CURVE('',#5670,(#5675,#5682),.PCURVE_S1.);
#5670 = CIRCLE('',#5671,6.);
#5671 = AXIS2_PLACEMENT_3D('',#5672,#5673,#5674);
#5672 = CARTESIAN_POINT('',(-12.,15.65,38.));
#5673 = DIRECTION('',(0.,-1.,0.));
#5674 = DIRECTION('',(0.,-0.,-1.));
#5675 = PCURVE('',#4807,#5676);
#5676 = DEFINITIONAL_REPRESENTATION('',(#5677),#5681);
#5677 = CIRCLE('',#5678,6.);
#5678 = AXIS2_PLACEMENT_2D('',#5679,#5680);
#5679 = CARTESIAN_POINT('',(-10.5,-3.));
#5680 = DIRECTION('',(1.,0.));
#5681 = ( GEOMETRIC_REPRESENTATION_CONTEXT(2) 
PARAMETRIC_REPRESENTATION_CONTEXT() REPRESENTATION_CONTEXT('2D SPACE',''
  ) );
#5682 = PCURVE('',#5683,#5688);
#5683 = CYLINDRICAL_SURFACE('',#5684,6.);
#5684 = AXIS2_PLACEMENT_3D('',#5685,#5686,#5687);
#5685 = CARTESIAN_POINT('',(-12.,44.35,38.));
#5686 = DIRECTION('',(0.,-1.,0.));
#5687 = DIRECTION('',(-0.,0.,1.));
#5688 = DEFINITIONAL_REPRESENTATION('',(#5689),#5693);
#5689 = LINE('',#5690,#5691);
#5690 = CARTESIAN_POINT('',(-3.14159265359,28.7));
#5691 = VECTOR('',#5692,1.);
#5692 = DIRECTION('',(1.,0.));
#5693 = ( GEOMETRIC_REPRESENTATION_CONTEXT(2) 
PARAMETRIC_REPRESENTATION_CONTEXT() REPRESENTATION_CONTEXT('2D SPACE',''
  ) );
#5694 = ORIENTED_EDGE('',*,*,#5695,.T.);
#5695 = EDGE_CURVE('',#5667,#5696,#5698,.T.);
#5696 = VERTEX_POINT('',#5697);
#5697 = CARTESIAN_POINT('',(-18.,15.65,17.));
#5698 = SURFACE_CURVE('',#5699,(#5703,#5710),.PCURVE_S1.);
#5699 = LINE('',#5700,#5701);
#5700 = CARTESIAN_POINT('',(-18.,15.65,44.));
#5701 = VECTOR('',#5702,1.);
#5702 = DIRECTION('',(0.,0.,-1.));
#5703 = PCURVE('',#4807,#5704);
#5704 = DEFINITIONAL_REPRESENTATION('',(#5705),#5709);
#5705 = LINE('',#5706,#5707);
#5706 = CARTESIAN_POINT('',(-16.5,-9.));
#5707 = VECTOR('',#5708,1.);
#5708 = DIRECTION('',(1.,0.));
#5709 = ( GEOMETRIC_REPRESENTATION_CONTEXT(2) 
PARAMETRIC_REPRESENTATION_CONTEXT() REPRESENTATION_CONTEXT('2D SPACE',''
  ) );
#5710 = PCURVE('',#5104,#5711);
#5711 = DEFINITIONAL_REPRESENTATION('',(#5712),#5716);
#5712 = LINE('',#5713,#5714);
#5713 = CARTESIAN_POINT('',(0.,-28.7));
#5714 = VECTOR('',#5715,1.);
#5715 = DIRECTION('',(1.,0.));
#5716 = ( GEOMETRIC_REPRESENTATION_CONTEXT(2) 
PARAMETRIC_REPRESENTATION_CONTEXT() REPRESENTATION_CONTEXT('2D SPACE',''
  ) );
#5717 = ORIENTED_EDGE('',*,*,#5718,.F.);
#5718 = EDGE_CURVE('',#4764,#5696,#5719,.T.);
#5719 = SURFACE_CURVE('',#5720,(#5725,#5736),.PCURVE_S1.);
#5720 = CIRCLE('',#5721,6.);
#5721 = AXIS2_PLACEMENT_3D('',#5722,#5723,#5724);
#5722 = CARTESIAN_POINT('',(-12.,15.65,17.));
#5723 = DIRECTION('',(-0.,1.,0.));
#5724 = DIRECTION('',(0.,0.,-1.));
#5725 = PCURVE('',#4807,#5726);
#5726 = DEFINITIONAL_REPRESENTATION('',(#5727),#5735);
#5727 = ( BOUNDED_CURVE() B_SPLINE_CURVE(2,(#5728,#5729,#5730,#5731,
#5732,#5733,#5734),.UNSPECIFIED.,.T.,.F.) B_SPLINE_CURVE_WITH_KNOTS((1,2
    ,2,2,2,1),(-2.094395102393,0.,2.094395102393,4.188790204786,
6.28318530718,8.377580409573),.UNSPECIFIED.) CURVE() 
GEOMETRIC_REPRESENTATION_ITEM() RATIONAL_B_SPLINE_CURVE((1.,0.5,1.,0.5,
1.,0.5,1.)) REPRESENTATION_ITEM('') );
#5728 = CARTESIAN_POINT('',(16.5,-3.));
#5729 = CARTESIAN_POINT('',(16.5,-13.39230484541));
#5730 = CARTESIAN_POINT('',(7.5,-8.196152422707));
#5731 = CARTESIAN_POINT('',(-1.5,-3.));
#5732 = CARTESIAN_POINT('',(7.5,2.196152422707));
#5733 = CARTESIAN_POINT('',(16.5,7.392304845413));
#5734 = CARTESIAN_POINT('',(16.5,-3.));
#5735 = ( GEOMETRIC_REPRESENTATION_CONTEXT(2) 
PARAMETRIC_REPRESENTATION_CONTEXT() REPRESENTATION_CONTEXT('2D SPACE',''
  ) );
#5736 = PCURVE('',#4779,#5737);
#5737 = DEFINITIONAL_REPRESENTATION('',(#5738),#5742);
#5738 = LINE('',#5739,#5740);
#5739 = CARTESIAN_POINT('',(-0.,28.7));
#5740 = VECTOR('',#5741,1.);
#5741 = DIRECTION('',(-1.,0.));
#5742 = ( GEOMETRIC_REPRESENTATION_CONTEXT(2) 
PARAMETRIC_REPRESENTATION_CONTEXT() REPRESENTATION_CONTEXT('2D SPACE',''
  ) );
#5743 = FACE_BOUND('',#5744,.T.);
#5744 = EDGE_LOOP('',(#5745));
#5745 = ORIENTED_EDGE('',*,*,#5746,.T.);
#5746 = EDGE_CURVE('',#5747,#5747,#5749,.T.);
#5747 = VERTEX_POINT('',#5748);
#5748 = CARTESIAN_POINT('',(-15.,15.65,41.2));
#5749 = SURFACE_CURVE('',#5750,(#5755,#5766),.PCURVE_S1.);
#5750 = CIRCLE('',#5751,1.7);
#5751 = AXIS2_PLACEMENT_3D('',#5752,#5753,#5754);
#5752 = CARTESIAN_POINT('',(-15.,15.65,39.5));
#5753 = DIRECTION('',(0.,1.,0.));
#5754 = DIRECTION('',(0.,-0.,1.));
#5755 = PCURVE('',#4807,#5756);
#5756 = DEFINITIONAL_REPRESENTATION('',(#5757),#5765);
#5757 = ( BOUNDED_CURVE() B_SPLINE_CURVE(2,(#5758,#5759,#5760,#5761,
#5762,#5763,#5764),.UNSPECIFIED.,.T.,.F.) B_SPLINE_CURVE_WITH_KNOTS((1,2
    ,2,2,2,1),(-2.094395102393,0.,2.094395102393,4.188790204786,
6.28318530718,8.377580409573),.UNSPECIFIED.) CURVE() 
GEOMETRIC_REPRESENTATION_ITEM() RATIONAL_B_SPLINE_CURVE((1.,0.5,1.,0.5,
1.,0.5,1.)) REPRESENTATION_ITEM('') );
#5758 = CARTESIAN_POINT('',(-13.7,-6.));
#5759 = CARTESIAN_POINT('',(-13.7,-3.055513627133));
#5760 = CARTESIAN_POINT('',(-11.15,-4.527756813566));
#5761 = CARTESIAN_POINT('',(-8.6,-6.));
#5762 = CARTESIAN_POINT('',(-11.15,-7.472243186434));
#5763 = CARTESIAN_POINT('',(-13.7,-8.944486372867));
#5764 = CARTESIAN_POINT('',(-13.7,-6.));
#5765 = ( GEOMETRIC_REPRESENTATION_CONTEXT(2) 
PARAMETRIC_REPRESENTATION_CONTEXT() REPRESENTATION_CONTEXT('2D SPACE',''
  ) );
#5766 = PCURVE('',#5767,#5772);
#5767 = CYLINDRICAL_SURFACE('',#5768,1.7);
#5768 = AXIS2_PLACEMENT_3D('',#5769,#5770,#5771);
#5769 = CARTESIAN_POINT('',(-15.,15.65,39.5));
#5770 = DIRECTION('',(0.,1.,0.));
#5771 = DIRECTION('',(0.,-0.,1.));
#5772 = DEFINITIONAL_REPRESENTATION('',(#5773),#5777);
#5773 = LINE('',#5774,#5775);
#5774 = CARTESIAN_POINT('',(0.,0.));
#5775 = VECTOR('',#5776,1.);
#5776 = DIRECTION('',(1.,0.));
#5777 = ( GEOMETRIC_REPRESENTATION_CONTEXT(2) 
PARAMETRIC_REPRESENTATION_CONTEXT() REPRESENTATION_CONTEXT('2D SPACE',''
  ) );
#5778 = ADVANCED_FACE('',(#5779),#4779,.T.);
#5779 = FACE_BOUND('',#5780,.F.);
#5780 = EDGE_LOOP('',(#5781,#5782,#5783,#5806,#6056,#6077));
#5781 = ORIENTED_EDGE('',*,*,#4763,.F.);
#5782 = ORIENTED_EDGE('',*,*,#5116,.T.);
#5783 = ORIENTED_EDGE('',*,*,#5784,.T.);
#5784 = EDGE_CURVE('',#5089,#5785,#5787,.T.);
#5785 = VERTEX_POINT('',#5786);
#5786 = CARTESIAN_POINT('',(-18.,32.42332416321,17.));
#5787 = SURFACE_CURVE('',#5788,(#5792,#5799),.PCURVE_S1.);
#5788 = LINE('',#5789,#5790);
#5789 = CARTESIAN_POINT('',(-18.,44.35,17.));
#5790 = VECTOR('',#5791,1.);
#5791 = DIRECTION('',(0.,-1.,0.));
#5792 = PCURVE('',#4779,#5793);
#5793 = DEFINITIONAL_REPRESENTATION('',(#5794),#5798);
#5794 = LINE('',#5795,#5796);
#5795 = CARTESIAN_POINT('',(-1.570796326795,0.));
#5796 = VECTOR('',#5797,1.);
#5797 = DIRECTION('',(-0.,1.));
#5798 = ( GEOMETRIC_REPRESENTATION_CONTEXT(2) 
PARAMETRIC_REPRESENTATION_CONTEXT() REPRESENTATION_CONTEXT('2D SPACE',''
  ) );
#5799 = PCURVE('',#5104,#5800);
#5800 = DEFINITIONAL_REPRESENTATION('',(#5801),#5805);
#5801 = LINE('',#5802,#5803);
#5802 = CARTESIAN_POINT('',(27.,0.));
#5803 = VECTOR('',#5804,1.);
#5804 = DIRECTION('',(0.,-1.));
#5805 = ( GEOMETRIC_REPRESENTATION_CONTEXT(2) 
PARAMETRIC_REPRESENTATION_CONTEXT() REPRESENTATION_CONTEXT('2D SPACE',''
  ) );
#5806 = ORIENTED_EDGE('',*,*,#5807,.F.);
#5807 = EDGE_CURVE('',#5808,#5785,#5810,.T.);
#5808 = VERTEX_POINT('',#5809);
#5809 = CARTESIAN_POINT('',(-18.,27.57667583679,17.));
#5810 = SURFACE_CURVE('',#5811,(#5889,#5970),.PCURVE_S1.);
#5811 = B_SPLINE_CURVE_WITH_KNOTS('',6,(#5812,#5813,#5814,#5815,#5816,
    #5817,#5818,#5819,#5820,#5821,#5822,#5823,#5824,#5825,#5826,#5827,
    #5828,#5829,#5830,#5831,#5832,#5833,#5834,#5835,#5836,#5837,#5838,
    #5839,#5840,#5841,#5842,#5843,#5844,#5845,#5846,#5847,#5848,#5849,
    #5850,#5851,#5852,#5853,#5854,#5855,#5856,#5857,#5858,#5859,#5860,
    #5861,#5862,#5863,#5864,#5865,#5866,#5867,#5868,#5869,#5870,#5871,
    #5872,#5873,#5874,#5875,#5876,#5877,#5878,#5879,#5880,#5881,#5882,
    #5883,#5884,#5885,#5886,#5887,#5888),.UNSPECIFIED.,.F.,.F.,(7,5,5,5,
    5,5,5,5,5,5,5,5,5,5,5,7),(0.,8.460777365918E-02,0.140331841902,
    0.173904773962,0.213894024761,0.317043939496,0.417328666553,
    0.499373561874,0.554545713397,0.684892250215,0.75705626078,
    0.825169160087,0.859547846981,0.916533582094,0.968546150501,1.),
  .UNSPECIFIED.);
#5812 = CARTESIAN_POINT('',(-18.,27.576675836789,17.));
#5813 = CARTESIAN_POINT('',(-18.,27.477100324689,16.839130836975));
#5814 = CARTESIAN_POINT('',(-17.9948242171,27.38711297872,
    16.665117005634));
#5815 = CARTESIAN_POINT('',(-17.98288682619,27.310140458413,
    16.480011204995));
#5816 = CARTESIAN_POINT('',(-17.96279190143,27.248536118978,
    16.286407936223));
#5817 = CARTESIAN_POINT('',(-17.93371459072,27.203710661258,
    16.087178863273));
#5818 = CARTESIAN_POINT('',(-17.87040547991,27.158023448006,
    15.752342306475));
#5819 = CARTESIAN_POINT('',(-17.84146334405,27.147479028623,
    15.618978636444));
#5820 = CARTESIAN_POINT('',(-17.80878871344,27.144531415707,
    15.486197806667));
#5821 = CARTESIAN_POINT('',(-17.77262041791,27.14896593059,
    15.35498711756));
#5822 = CARTESIAN_POINT('',(-17.73336338154,27.160354278259,
    15.22631194221));
#5823 = CARTESIAN_POINT('',(-17.66641614219,27.188719422453,
    15.025651202159));
#5824 = CARTESIAN_POINT('',(-17.64030891782,27.201684316876,
    14.95139787172));
#5825 = CARTESIAN_POINT('',(-17.6133460408,27.216833946212,
    14.878418948172));
#5826 = CARTESIAN_POINT('',(-17.58561458191,27.234049098796,
    14.806793363236));
#5827 = CARTESIAN_POINT('',(-17.55720721875,27.253207086965,
    14.736593524063));
#5828 = CARTESIAN_POINT('',(-17.49369776367,27.299164996706,
    14.586045875729));
#5829 = CARTESIAN_POINT('',(-17.45834803131,27.326729452306,
    14.506309835807));
#5830 = CARTESIAN_POINT('',(-17.42230036683,27.35668999769,
    14.428701781094));
#5831 = CARTESIAN_POINT('',(-17.38568010446,27.388875270052,
    14.353236187754));
#5832 = CARTESIAN_POINT('',(-17.34860924012,27.423126915756,
    14.279918416384));
#5833 = CARTESIAN_POINT('',(-17.21472327954,27.552602207972,
    14.025159902633));
#5834 = CARTESIAN_POINT('',(-17.11597527678,27.658729260897,
    13.855754183723));
#5835 = CARTESIAN_POINT('',(-17.016723625,27.77543929962,13.70003425335)
  );
#5836 = CARTESIAN_POINT('',(-16.91845252821,27.901293387961,
    13.557319441379));
#5837 = CARTESIAN_POINT('',(-16.82248435278,28.035451812234,
    13.42702999059));
#5838 = CARTESIAN_POINT('',(-16.64061146229,28.315675722877,
    13.193956868651));
#5839 = CARTESIAN_POINT('',(-16.55440407296,28.461455972603,
    13.090385740909));
#5840 = CARTESIAN_POINT('',(-16.47320575284,28.61423038438,
    12.998174434118));
#5841 = CARTESIAN_POINT('',(-16.39871208677,28.773519568929,
    12.917509644549));
#5842 = CARTESIAN_POINT('',(-16.33278996736,28.938989167222,
    12.848714306617));
#5843 = CARTESIAN_POINT('',(-16.23205929431,29.250665892558,
    12.746313140966));
#5844 = CARTESIAN_POINT('',(-16.19370090188,29.395124593975,
    12.708510018624));
#5845 = CARTESIAN_POINT('',(-16.16374414588,29.542681124822,
    12.679694283903));
#5846 = CARTESIAN_POINT('',(-16.14324824907,29.69236427014,
    12.660217426264));
#5847 = CARTESIAN_POINT('',(-16.13279720681,29.843300630533,
    12.650288812213));
#5848 = CARTESIAN_POINT('',(-16.13229757723,30.096436974974,
    12.649814163745));
#5849 = CARTESIAN_POINT('',(-16.1366877691,30.198166962524,
    12.653985405755));
#5850 = CARTESIAN_POINT('',(-16.14566360612,30.299538128766,
    12.662509173057));
#5851 = CARTESIAN_POINT('',(-16.15910085196,30.400226932915,
    12.675339884648));
#5852 = CARTESIAN_POINT('',(-16.17676271894,30.499894061213,
    12.692383197142));
#5853 = CARTESIAN_POINT('',(-16.24920329952,30.83039914519,
    12.763333050123));
#5854 = CARTESIAN_POINT('',(-16.32147788095,31.053605398608,
    12.835540491586));
#5855 = CARTESIAN_POINT('',(-16.41104849783,31.26730612317,
    12.928425267958));
#5856 = CARTESIAN_POINT('',(-16.51359930921,31.470598868639,
    13.041186199147));
#5857 = CARTESIAN_POINT('',(-16.62511862035,31.662172813731,
    13.17316909206));
#5858 = CARTESIAN_POINT('',(-16.80662118073,31.939013695916,
    13.40729397739));
#5859 = CARTESIAN_POINT('',(-16.87307775079,32.033795454548,
    13.496656106681));
#5860 = CARTESIAN_POINT('',(-16.94081618584,32.124554217134,
    13.592054567786));
#5861 = CARTESIAN_POINT('',(-17.00936537852,32.211036050593,
    13.693658959563));
#5862 = CARTESIAN_POINT('',(-17.07824290974,32.292856084256,
    13.801671721659));
#5863 = CARTESIAN_POINT('',(-17.21173787387,32.441779396472,
    14.024484116004));
#5864 = CARTESIAN_POINT('',(-17.2764260046,32.509505436888,
    14.138643734357));
#5865 = CARTESIAN_POINT('',(-17.34049825139,32.572128396019,
    14.258892738089));
#5866 = CARTESIAN_POINT('',(-17.40342715208,32.629017932597,
    14.385325901739));
#5867 = CARTESIAN_POINT('',(-17.4646433116,32.679414482678,
    14.517981647793));
#5868 = CARTESIAN_POINT('',(-17.55326212343,32.744114937652,
    14.726880273213));
#5869 = CARTESIAN_POINT('',(-17.58239285385,32.76393034816,
    14.798516306435));
#5870 = CARTESIAN_POINT('',(-17.61082468223,32.781723746589,
    14.871648508726));
#5871 = CARTESIAN_POINT('',(-17.63845820286,32.797364291462,
    14.94620111168));
#5872 = CARTESIAN_POINT('',(-17.665199988,32.810724714014,15.02209125077
    ));
#5873 = CARTESIAN_POINT('',(-17.73366932125,32.839841333671,
    15.227090373738));
#5874 = CARTESIAN_POINT('',(-17.77375222973,32.8514231176,
    15.358572390513));
#5875 = CARTESIAN_POINT('',(-17.8106059759,32.855738514253,
    15.492689624094));
#5876 = CARTESIAN_POINT('',(-17.84379619992,32.852336229533,
    15.628411714127));
#5877 = CARTESIAN_POINT('',(-17.87307896118,32.840993952811,
    15.76468017779));
#5878 = CARTESIAN_POINT('',(-17.92148658577,32.804142705323,
    16.024354239117));
#5879 = CARTESIAN_POINT('',(-17.94121288004,32.780003546354,
    16.147510451134));
#5880 = CARTESIAN_POINT('',(-17.95753875131,32.749397002857,
    16.269067367659));
#5881 = CARTESIAN_POINT('',(-17.97057135703,32.712587215576,
    16.388202218042));
#5882 = CARTESIAN_POINT('',(-17.98052717804,32.670025741566,
    16.504129393738));
#5883 = CARTESIAN_POINT('',(-17.99204882021,32.593537510633,
    16.68384140838));
#5884 = CARTESIAN_POINT('',(-17.99537770504,32.562832049819,
    16.750160615959));
#5885 = CARTESIAN_POINT('',(-17.99776363301,32.530346914297,
    16.815001615657));
#5886 = CARTESIAN_POINT('',(-17.99927953678,32.496189866807,
    16.878295833539));
#5887 = CARTESIAN_POINT('',(-18.,32.460475205425,16.939980654475));
#5888 = CARTESIAN_POINT('',(-18.,32.423324163211,17.));
#5889 = PCURVE('',#4779,#5890);
#5890 = DEFINITIONAL_REPRESENTATION('',(#5891),#5969);
#5891 = B_SPLINE_CURVE_WITH_KNOTS('',6,(#5892,#5893,#5894,#5895,#5896,
    #5897,#5898,#5899,#5900,#5901,#5902,#5903,#5904,#5905,#5906,#5907,
    #5908,#5909,#5910,#5911,#5912,#5913,#5914,#5915,#5916,#5917,#5918,
    #5919,#5920,#5921,#5922,#5923,#5924,#5925,#5926,#5927,#5928,#5929,
    #5930,#5931,#5932,#5933,#5934,#5935,#5936,#5937,#5938,#5939,#5940,
    #5941,#5942,#5943,#5944,#5945,#5946,#5947,#5948,#5949,#5950,#5951,
    #5952,#5953,#5954,#5955,#5956,#5957,#5958,#5959,#5960,#5961,#5962,
    #5963,#5964,#5965,#5966,#5967,#5968),.UNSPECIFIED.,.F.,.F.,(7,5,5,5,
    5,5,5,5,5,5,5,5,5,5,5,7),(0.,8.460777365918E-02,0.140331841902,
    0.173904773962,0.213894024761,0.317043939496,0.417328666553,
    0.499373561874,0.554545713397,0.684892250215,0.75705626078,
    0.825169160087,0.859547846981,0.916533582094,0.968546150501,1.),
  .UNSPECIFIED.);
#5892 = CARTESIAN_POINT('',(-1.570796326795,16.773324163211));
#5893 = CARTESIAN_POINT('',(-1.543984799624,16.872899675311));
#5894 = CARTESIAN_POINT('',(-1.514982476834,16.96288702128));
#5895 = CARTESIAN_POINT('',(-1.484096899735,17.039859541587));
#5896 = CARTESIAN_POINT('',(-1.451697071048,17.101463881022));
#5897 = CARTESIAN_POINT('',(-1.418169926208,17.146289338742));
#5898 = CARTESIAN_POINT('',(-1.361375080178,17.191976551994));
#5899 = CARTESIAN_POINT('',(-1.338638604281,17.202520971377));
#5900 = CARTESIAN_POINT('',(-1.315861355911,17.205468584293));
#5901 = CARTESIAN_POINT('',(-1.293190052339,17.20103406941));
#5902 = CARTESIAN_POINT('',(-1.270775849456,17.189645721741));
#5903 = CARTESIAN_POINT('',(-1.235520170065,17.161280577547));
#5904 = CARTESIAN_POINT('',(-1.222403677424,17.148315683124));
#5905 = CARTESIAN_POINT('',(-1.209439303471,17.133166053788));
#5906 = CARTESIAN_POINT('',(-1.196640410394,17.115950901204));
#5907 = CARTESIAN_POINT('',(-1.184020164881,17.096792913035));
#5908 = CARTESIAN_POINT('',(-1.156787604047,17.050835003294));
#5909 = CARTESIAN_POINT('',(-1.14225321112,17.023270547694));
#5910 = CARTESIAN_POINT('',(-1.127994538982,16.99331000231));
#5911 = CARTESIAN_POINT('',(-1.114017162965,16.961124729948));
#5912 = CARTESIAN_POINT('',(-1.100326052681,16.926873084244));
#5913 = CARTESIAN_POINT('',(-1.052359817227,16.797397792028));
#5914 = CARTESIAN_POINT('',(-1.019710403004,16.691270739103));
#5915 = CARTESIAN_POINT('',(-0.988966642041,16.574560700379));
#5916 = CARTESIAN_POINT('',(-0.960110393525,16.448706612039));
#5917 = CARTESIAN_POINT('',(-0.933151055791,16.314548187766));
#5918 = CARTESIAN_POINT('',(-0.883878337267,16.034324277123));
#5919 = CARTESIAN_POINT('',(-0.861430453944,15.888544027397));
#5920 = CARTESIAN_POINT('',(-0.840963081796,15.73576961562));
#5921 = CARTESIAN_POINT('',(-0.822668044699,15.576480431071));
#5922 = CARTESIAN_POINT('',(-0.806789185139,15.411010832778));
#5923 = CARTESIAN_POINT('',(-0.782849058887,15.099334107442));
#5924 = CARTESIAN_POINT('',(-0.773874197455,14.954875406025));
#5925 = CARTESIAN_POINT('',(-0.766946795014,14.807318875178));
#5926 = CARTESIAN_POINT('',(-0.762234360276,14.65763572986));
#5927 = CARTESIAN_POINT('',(-0.759831820547,14.506699369467));
#5928 = CARTESIAN_POINT('',(-0.759716963041,14.253563025026));
#5929 = CARTESIAN_POINT('',(-0.76072626084,14.151833037476));
#5930 = CARTESIAN_POINT('',(-0.76278931737,14.050461871234));
#5931 = CARTESIAN_POINT('',(-0.765885815404,13.949773067085));
#5932 = CARTESIAN_POINT('',(-0.76997640288,13.850105938787));
#5933 = CARTESIAN_POINT('',(-0.78687604074,13.51960085481));
#5934 = CARTESIAN_POINT('',(-0.803902561394,13.296394601392));
#5935 = CARTESIAN_POINT('',(-0.825403012503,13.08269387683));
#5936 = CARTESIAN_POINT('',(-0.850785559754,12.879401131362));
#5937 = CARTESIAN_POINT('',(-0.8795582355,12.687827186269));
#5938 = CARTESIAN_POINT('',(-0.928931429238,12.410986304084));
#5939 = CARTESIAN_POINT('',(-0.947488456134,12.316204545452));
#5940 = CARTESIAN_POINT('',(-0.966981351962,12.225445782866));
#5941 = CARTESIAN_POINT('',(-0.987399371444,12.138963949407));
#5942 = CARTESIAN_POINT('',(-1.008741913623,12.057143915744));
#5943 = CARTESIAN_POINT('',(-1.052032363083,11.908220603528));
#5944 = CARTESIAN_POINT('',(-1.073894858612,11.840494563112));
#5945 = CARTESIAN_POINT('',(-1.096591863697,11.777871603981));
#5946 = CARTESIAN_POINT('',(-1.120115269242,11.720982067403));
#5947 = CARTESIAN_POINT('',(-1.14445331631,11.670585517322));
#5948 = CARTESIAN_POINT('',(-1.182273038352,11.605885062348));
#5949 = CARTESIAN_POINT('',(-1.195160348086,11.58606965184));
#5950 = CARTESIAN_POINT('',(-1.20823539767,11.568276253411));
#5951 = CARTESIAN_POINT('',(-1.221484359756,11.552635708538));
#5952 = CARTESIAN_POINT('',(-1.234893193401,11.539275285986));
#5953 = CARTESIAN_POINT('',(-1.270915057908,11.510158666329));
#5954 = CARTESIAN_POINT('',(-1.293816390798,11.4985768824));
#5955 = CARTESIAN_POINT('',(-1.316984196774,11.494261485747));
#5956 = CARTESIAN_POINT('',(-1.340257122398,11.497663770467));
#5957 = CARTESIAN_POINT('',(-1.363478301514,11.509006047189));
#5958 = CARTESIAN_POINT('',(-1.407502889418,11.545857294677));
#5959 = CARTESIAN_POINT('',(-1.428283773832,11.569996453646));
#5960 = CARTESIAN_POINT('',(-1.44871559516,11.600602997143));
#5961 = CARTESIAN_POINT('',(-1.468681366576,11.637412784424));
#5962 = CARTESIAN_POINT('',(-1.488069175095,11.679974258434));
#5963 = CARTESIAN_POINT('',(-1.518082670413,11.756462489367));
#5964 = CARTESIAN_POINT('',(-1.529148721622,11.787167950181));
#5965 = CARTESIAN_POINT('',(-1.539961462311,11.819653085703));
#5966 = CARTESIAN_POINT('',(-1.550512298606,11.853810133193));
#5967 = CARTESIAN_POINT('',(-1.560793102541,11.889524794575));
#5968 = CARTESIAN_POINT('',(-1.570796326795,11.926675836789));
#5969 = ( GEOMETRIC_REPRESENTATION_CONTEXT(2) 
PARAMETRIC_REPRESENTATION_CONTEXT() REPRESENTATION_CONTEXT('2D SPACE',''
  ) );
#5970 = PCURVE('',#5971,#5976);
#5971 = CYLINDRICAL_SURFACE('',#5972,2.85);
#5972 = AXIS2_PLACEMENT_3D('',#5973,#5974,#5975);
#5973 = CARTESIAN_POINT('',(-18.5,30.,15.5));
#5974 = DIRECTION('',(1.,0.,0.));
#5975 = DIRECTION('',(-0.,0.,1.));
#5976 = DEFINITIONAL_REPRESENTATION('',(#5977),#6055);
#5977 = B_SPLINE_CURVE_WITH_KNOTS('',6,(#5978,#5979,#5980,#5981,#5982,
    #5983,#5984,#5985,#5986,#5987,#5988,#5989,#5990,#5991,#5992,#5993,
    #5994,#5995,#5996,#5997,#5998,#5999,#6000,#6001,#6002,#6003,#6004,
    #6005,#6006,#6007,#6008,#6009,#6010,#6011,#6012,#6013,#6014,#6015,
    #6016,#6017,#6018,#6019,#6020,#6021,#6022,#6023,#6024,#6025,#6026,
    #6027,#6028,#6029,#6030,#6031,#6032,#6033,#6034,#6035,#6036,#6037,
    #6038,#6039,#6040,#6041,#6042,#6043,#6044,#6045,#6046,#6047,#6048,
    #6049,#6050,#6051,#6052,#6053,#6054),.UNSPECIFIED.,.F.,.F.,(7,5,5,5,
    5,5,5,5,5,5,5,5,5,5,5,7),(0.,8.460777365918E-02,0.140331841902,
    0.173904773962,0.213894024761,0.317043939496,0.417328666553,
    0.499373561874,0.554545713397,0.684892250215,0.75705626078,
    0.825169160087,0.859547846981,0.916533582094,0.968546150501,1.),
  .UNSPECIFIED.);
#5978 = CARTESIAN_POINT('',(1.016534492343,0.5));
#5979 = CARTESIAN_POINT('',(1.082918167077,0.5));
#5980 = CARTESIAN_POINT('',(1.15145279547,0.505175782891));
#5981 = CARTESIAN_POINT('',(1.221420045878,0.517113173809));
#5982 = CARTESIAN_POINT('',(1.292307601584,0.537208098563));
#5983 = CARTESIAN_POINT('',(1.363697062451,0.566285409278));
#5984 = CARTESIAN_POINT('',(1.482272188328,0.629594520089));
#5985 = CARTESIAN_POINT('',(1.529137017396,0.658536655949));
#5986 = CARTESIAN_POINT('',(1.575626836745,0.69121128656));
#5987 = CARTESIAN_POINT('',(1.621587440233,0.727379582084));
#5988 = CARTESIAN_POINT('',(1.666851510211,0.766636618454));
#5989 = CARTESIAN_POINT('',(1.737958757146,0.833583857803));
#5990 = CARTESIAN_POINT('',(1.764392810318,0.859691082174));
#5991 = CARTESIAN_POINT('',(1.790525788018,0.886653959199));
#5992 = CARTESIAN_POINT('',(1.816354966179,0.91438541809));
#5993 = CARTESIAN_POINT('',(1.84187588237,0.942792781247));
#5994 = CARTESIAN_POINT('',(1.897106141457,1.006302236324));
#5995 = CARTESIAN_POINT('',(1.926688511429,1.041651968683));
#5996 = CARTESIAN_POINT('',(1.955850909102,1.077699633163));
#5997 = CARTESIAN_POINT('',(1.984612554673,1.114319895534));
#5998 = CARTESIAN_POINT('',(2.012991263014,1.151390759873));
#5999 = CARTESIAN_POINT('',(2.113262211199,1.28527672046));
#6000 = CARTESIAN_POINT('',(2.183123390768,1.384024723213));
#6001 = CARTESIAN_POINT('',(2.251064357617,1.483276374992));
#6002 = CARTESIAN_POINT('',(2.317526572412,1.581547471787));
#6003 = CARTESIAN_POINT('',(2.382950958729,1.677515647212));
#6004 = CARTESIAN_POINT('',(2.510840049773,1.859388537706));
#6005 = CARTESIAN_POINT('',(2.573404710564,1.945595927035));
#6006 = CARTESIAN_POINT('',(2.635757739159,2.026794247151));
#6007 = CARTESIAN_POINT('',(2.69814707935,2.101287913227));
#6008 = CARTESIAN_POINT('',(2.760840434805,2.167210032634));
#6009 = CARTESIAN_POINT('',(2.87595188927,2.267940705686));
#6010 = CARTESIAN_POINT('',(2.928246880141,2.306299098117));
#6011 = CARTESIAN_POINT('',(2.980840752699,2.336255854119));
#6012 = CARTESIAN_POINT('',(3.033643830325,2.35675175093));
#6013 = CARTESIAN_POINT('',(3.086610324231,2.367202793188));
#6014 = CARTESIAN_POINT('',(3.17543025035,2.367702422765));
#6015 = CARTESIAN_POINT('',(3.211122221674,2.363312230897));
#6016 = CARTESIAN_POINT('',(3.246767243739,2.354336393875));
#6017 = CARTESIAN_POINT('',(3.282333730686,2.340899148039));
#6018 = CARTESIAN_POINT('',(3.317780801842,2.323237281058));
#6019 = CARTESIAN_POINT('',(3.436389486034,2.250796700475));
#6020 = CARTESIAN_POINT('',(3.518281301332,2.178522119042));
#6021 = CARTESIAN_POINT('',(3.599473085079,2.088951502161));
#6022 = CARTESIAN_POINT('',(3.680472600594,1.986400690787));
#6023 = CARTESIAN_POINT('',(3.761702760406,1.874881379648));
#6024 = CARTESIAN_POINT('',(3.888919496714,1.693378819266));
#6025 = CARTESIAN_POINT('',(3.934560118846,1.626922249205));
#6026 = CARTESIAN_POINT('',(3.980658619178,1.559183814158));
#6027 = CARTESIAN_POINT('',(4.027363761708,1.490634621475));
#6028 = CARTESIAN_POINT('',(4.074826053458,1.421757090253));
#6029 = CARTESIAN_POINT('',(4.168860824337,1.288262126124));
#6030 = CARTESIAN_POINT('',(4.215367968107,1.223573995394));
#6031 = CARTESIAN_POINT('',(4.262828436342,1.159501748602));
#6032 = CARTESIAN_POINT('',(4.311348801601,1.096572847918));
#6033 = CARTESIAN_POINT('',(4.361042716449,1.035356688392));
#6034 = CARTESIAN_POINT('',(4.437775623379,0.946737876561));
#6035 = CARTESIAN_POINT('',(4.46384284098,0.917607146149));
#6036 = CARTESIAN_POINT('',(4.490232327362,0.889175317768));
#6037 = CARTESIAN_POINT('',(4.516939690106,0.861541797139));
#6038 = CARTESIAN_POINT('',(4.543962435106,0.834800011995));
#6039 = CARTESIAN_POINT('',(4.616613858751,0.766330678748));
#6040 = CARTESIAN_POINT('',(4.662860936658,0.726247770267));
#6041 = CARTESIAN_POINT('',(4.709832441207,0.689394024098));
#6042 = CARTESIAN_POINT('',(4.757350045458,0.656203800077));
#6043 = CARTESIAN_POINT('',(4.805248396774,0.626921038816));
#6044 = CARTESIAN_POINT('',(4.897275018217,0.578513414223));
#6045 = CARTESIAN_POINT('',(4.941249172789,0.558787119953));
#6046 = CARTESIAN_POINT('',(4.985138807653,0.542461248681));
#6047 = CARTESIAN_POINT('',(5.028800046566,0.52942864297));
#6048 = CARTESIAN_POINT('',(5.072075674291,0.51947282196));
#6049 = CARTESIAN_POINT('',(5.140606272767,0.507951179784));
#6050 = CARTESIAN_POINT('',(5.166236791155,0.504622294955));
#6051 = CARTESIAN_POINT('',(5.191665608629,0.502236366981));
#6052 = CARTESIAN_POINT('',(5.216884462966,0.500720463217));
#6053 = CARTESIAN_POINT('',(5.241883453361,0.5));
#6054 = CARTESIAN_POINT('',(5.266650814837,0.5));
#6055 = ( GEOMETRIC_REPRESENTATION_CONTEXT(2) 
PARAMETRIC_REPRESENTATION_CONTEXT() REPRESENTATION_CONTEXT('2D SPACE',''
  ) );
#6056 = ORIENTED_EDGE('',*,*,#6057,.T.);
#6057 = EDGE_CURVE('',#5808,#5696,#6058,.T.);
#6058 = SURFACE_CURVE('',#6059,(#6063,#6070),.PCURVE_S1.);
#6059 = LINE('',#6060,#6061);
#6060 = CARTESIAN_POINT('',(-18.,44.35,17.));
#6061 = VECTOR('',#6062,1.);
#6062 = DIRECTION('',(0.,-1.,0.));
#6063 = PCURVE('',#4779,#6064);
#6064 = DEFINITIONAL_REPRESENTATION('',(#6065),#6069);
#6065 = LINE('',#6066,#6067);
#6066 = CARTESIAN_POINT('',(-1.570796326795,0.));
#6067 = VECTOR('',#6068,1.);
#6068 = DIRECTION('',(-0.,1.));
#6069 = ( GEOMETRIC_REPRESENTATION_CONTEXT(2) 
PARAMETRIC_REPRESENTATION_CONTEXT() REPRESENTATION_CONTEXT('2D SPACE',''
  ) );
#6070 = PCURVE('',#5104,#6071);
#6071 = DEFINITIONAL_REPRESENTATION('',(#6072),#6076);
#6072 = LINE('',#6073,#6074);
#6073 = CARTESIAN_POINT('',(27.,0.));
#6074 = VECTOR('',#6075,1.);
#6075 = DIRECTION('',(0.,-1.));
#6076 = ( GEOMETRIC_REPRESENTATION_CONTEXT(2) 
PARAMETRIC_REPRESENTATION_CONTEXT() REPRESENTATION_CONTEXT('2D SPACE',''
  ) );
#6077 = ORIENTED_EDGE('',*,*,#5718,.F.);
#6078 = ADVANCED_FACE('',(#6079),#5104,.F.);
#6079 = FACE_BOUND('',#6080,.F.);
#6080 = EDGE_LOOP('',(#6081,#6082,#6105,#6132,#6158,#6185,#6206,#6207,
    #6208,#6232,#6254));
#6081 = ORIENTED_EDGE('',*,*,#5088,.F.);
#6082 = ORIENTED_EDGE('',*,*,#6083,.T.);
#6083 = EDGE_CURVE('',#5060,#6084,#6086,.T.);
#6084 = VERTEX_POINT('',#6085);
#6085 = CARTESIAN_POINT('',(-18.,36.35,38.));
#6086 = SURFACE_CURVE('',#6087,(#6091,#6098),.PCURVE_S1.);
#6087 = LINE('',#6088,#6089);
#6088 = CARTESIAN_POINT('',(-18.,44.35,38.));
#6089 = VECTOR('',#6090,1.);
#6090 = DIRECTION('',(0.,-1.,0.));
#6091 = PCURVE('',#5104,#6092);
#6092 = DEFINITIONAL_REPRESENTATION('',(#6093),#6097);
#6093 = LINE('',#6094,#6095);
#6094 = CARTESIAN_POINT('',(6.,0.));
#6095 = VECTOR('',#6096,1.);
#6096 = DIRECTION('',(0.,-1.));
#6097 = ( GEOMETRIC_REPRESENTATION_CONTEXT(2) 
PARAMETRIC_REPRESENTATION_CONTEXT() REPRESENTATION_CONTEXT('2D SPACE',''
  ) );
#6098 = PCURVE('',#5076,#6099);
#6099 = DEFINITIONAL_REPRESENTATION('',(#6100),#6104);
#6100 = LINE('',#6101,#6102);
#6101 = CARTESIAN_POINT('',(1.570796326795,0.));
#6102 = VECTOR('',#6103,1.);
#6103 = DIRECTION('',(0.,1.));
#6104 = ( GEOMETRIC_REPRESENTATION_CONTEXT(2) 
PARAMETRIC_REPRESENTATION_CONTEXT() REPRESENTATION_CONTEXT('2D SPACE',''
  ) );
#6105 = ORIENTED_EDGE('',*,*,#6106,.F.);
#6106 = EDGE_CURVE('',#6107,#6084,#6109,.T.);
#6107 = VERTEX_POINT('',#6108);
#6108 = CARTESIAN_POINT('',(-18.,36.35,33.453306688776));
#6109 = SURFACE_CURVE('',#6110,(#6114,#6120),.PCURVE_S1.);
#6110 = LINE('',#6111,#6112);
#6111 = CARTESIAN_POINT('',(-18.,36.35,41.75));
#6112 = VECTOR('',#6113,1.);
#6113 = DIRECTION('',(0.,0.,1.));
#6114 = PCURVE('',#5104,#6115);
#6115 = DEFINITIONAL_REPRESENTATION('',(#6116),#6119);
#6116 = B_SPLINE_CURVE_WITH_KNOTS('',1,(#6117,#6118),.UNSPECIFIED.,.F.,
  .F.,(2,2),(-9.,-3.75),.PIECEWISE_BEZIER_KNOTS.);
#6117 = CARTESIAN_POINT('',(11.25,-8.));
#6118 = CARTESIAN_POINT('',(6.,-8.));
#6119 = ( GEOMETRIC_REPRESENTATION_CONTEXT(2) 
PARAMETRIC_REPRESENTATION_CONTEXT() REPRESENTATION_CONTEXT('2D SPACE',''
  ) );
#6120 = PCURVE('',#6121,#6126);
#6121 = PLANE('',#6122);
#6122 = AXIS2_PLACEMENT_3D('',#6123,#6124,#6125);
#6123 = CARTESIAN_POINT('',(-15.,36.35,39.5));
#6124 = DIRECTION('',(0.,1.,0.));
#6125 = DIRECTION('',(0.,-0.,1.));
#6126 = DEFINITIONAL_REPRESENTATION('',(#6127),#6131);
#6127 = LINE('',#6128,#6129);
#6128 = CARTESIAN_POINT('',(2.25,-3.));
#6129 = VECTOR('',#6130,1.);
#6130 = DIRECTION('',(1.,0.));
#6131 = ( GEOMETRIC_REPRESENTATION_CONTEXT(2) 
PARAMETRIC_REPRESENTATION_CONTEXT() REPRESENTATION_CONTEXT('2D SPACE',''
  ) );
#6132 = ORIENTED_EDGE('',*,*,#6133,.F.);
#6133 = EDGE_CURVE('',#6134,#6107,#6136,.T.);
#6134 = VERTEX_POINT('',#6135);
#6135 = CARTESIAN_POINT('',(-18.,23.65,33.453306688776));
#6136 = SURFACE_CURVE('',#6137,(#6141,#6147),.PCURVE_S1.);
#6137 = LINE('',#6138,#6139);
#6138 = CARTESIAN_POINT('',(-18.,23.65,33.453306688776));
#6139 = VECTOR('',#6140,1.);
#6140 = DIRECTION('',(0.,1.,0.));
#6141 = PCURVE('',#5104,#6142);
#6142 = DEFINITIONAL_REPRESENTATION('',(#6143),#6146);
#6143 = B_SPLINE_CURVE_WITH_KNOTS('',1,(#6144,#6145),.UNSPECIFIED.,.F.,
  .F.,(2,2),(-5.999999999062E-07,12.7000006),.PIECEWISE_BEZIER_KNOTS.);
#6144 = CARTESIAN_POINT('',(10.546693311224,-20.7000006));
#6145 = CARTESIAN_POINT('',(10.546693311224,-7.9999994));
#6146 = ( GEOMETRIC_REPRESENTATION_CONTEXT(2) 
PARAMETRIC_REPRESENTATION_CONTEXT() REPRESENTATION_CONTEXT('2D SPACE',''
  ) );
#6147 = PCURVE('',#6148,#6153);
#6148 = CYLINDRICAL_SURFACE('',#6149,6.75);
#6149 = AXIS2_PLACEMENT_3D('',#6150,#6151,#6152);
#6150 = CARTESIAN_POINT('',(-15.,23.65,39.5));
#6151 = DIRECTION('',(0.,1.,0.));
#6152 = DIRECTION('',(0.,-0.,1.));
#6153 = DEFINITIONAL_REPRESENTATION('',(#6154),#6157);
#6154 = B_SPLINE_CURVE_WITH_KNOTS('',1,(#6155,#6156),.UNSPECIFIED.,.F.,
  .F.,(2,2),(-5.999999999062E-07,12.7000006),.PIECEWISE_BEZIER_KNOTS.);
#6155 = CARTESIAN_POINT('',(3.602146645271,-5.999999999062E-07));
#6156 = CARTESIAN_POINT('',(3.602146645271,12.7000006));
#6157 = ( GEOMETRIC_REPRESENTATION_CONTEXT(2) 
PARAMETRIC_REPRESENTATION_CONTEXT() REPRESENTATION_CONTEXT('2D SPACE',''
  ) );
#6158 = ORIENTED_EDGE('',*,*,#6159,.T.);
#6159 = EDGE_CURVE('',#6134,#6160,#6162,.T.);
#6160 = VERTEX_POINT('',#6161);
#6161 = CARTESIAN_POINT('',(-18.,23.65,38.));
#6162 = SURFACE_CURVE('',#6163,(#6167,#6173),.PCURVE_S1.);
#6163 = LINE('',#6164,#6165);
#6164 = CARTESIAN_POINT('',(-18.,23.65,41.75));
#6165 = VECTOR('',#6166,1.);
#6166 = DIRECTION('',(0.,0.,1.));
#6167 = PCURVE('',#5104,#6168);
#6168 = DEFINITIONAL_REPRESENTATION('',(#6169),#6172);
#6169 = B_SPLINE_CURVE_WITH_KNOTS('',1,(#6170,#6171),.UNSPECIFIED.,.F.,
  .F.,(2,2),(-9.,-3.75),.PIECEWISE_BEZIER_KNOTS.);
#6170 = CARTESIAN_POINT('',(11.25,-20.7));
#6171 = CARTESIAN_POINT('',(6.,-20.7));
#6172 = ( GEOMETRIC_REPRESENTATION_CONTEXT(2) 
PARAMETRIC_REPRESENTATION_CONTEXT() REPRESENTATION_CONTEXT('2D SPACE',''
  ) );
#6173 = PCURVE('',#6174,#6179);
#6174 = PLANE('',#6175);
#6175 = AXIS2_PLACEMENT_3D('',#6176,#6177,#6178);
#6176 = CARTESIAN_POINT('',(-15.,23.65,39.5));
#6177 = DIRECTION('',(0.,1.,0.));
#6178 = DIRECTION('',(0.,-0.,1.));
#6179 = DEFINITIONAL_REPRESENTATION('',(#6180),#6184);
#6180 = LINE('',#6181,#6182);
#6181 = CARTESIAN_POINT('',(2.25,-3.));
#6182 = VECTOR('',#6183,1.);
#6183 = DIRECTION('',(1.,0.));
#6184 = ( GEOMETRIC_REPRESENTATION_CONTEXT(2) 
PARAMETRIC_REPRESENTATION_CONTEXT() REPRESENTATION_CONTEXT('2D SPACE',''
  ) );
#6185 = ORIENTED_EDGE('',*,*,#6186,.T.);
#6186 = EDGE_CURVE('',#6160,#5667,#6187,.T.);
#6187 = SURFACE_CURVE('',#6188,(#6192,#6199),.PCURVE_S1.);
#6188 = LINE('',#6189,#6190);
#6189 = CARTESIAN_POINT('',(-18.,44.35,38.));
#6190 = VECTOR('',#6191,1.);
#6191 = DIRECTION('',(0.,-1.,0.));
#6192 = PCURVE('',#5104,#6193);
#6193 = DEFINITIONAL_REPRESENTATION('',(#6194),#6198);
#6194 = LINE('',#6195,#6196);
#6195 = CARTESIAN_POINT('',(6.,0.));
#6196 = VECTOR('',#6197,1.);
#6197 = DIRECTION('',(0.,-1.));
#6198 = ( GEOMETRIC_REPRESENTATION_CONTEXT(2) 
PARAMETRIC_REPRESENTATION_CONTEXT() REPRESENTATION_CONTEXT('2D SPACE',''
  ) );
#6199 = PCURVE('',#5683,#6200);
#6200 = DEFINITIONAL_REPRESENTATION('',(#6201),#6205);
#6201 = LINE('',#6202,#6203);
#6202 = CARTESIAN_POINT('',(1.570796326795,0.));
#6203 = VECTOR('',#6204,1.);
#6204 = DIRECTION('',(0.,1.));
#6205 = ( GEOMETRIC_REPRESENTATION_CONTEXT(2) 
PARAMETRIC_REPRESENTATION_CONTEXT() REPRESENTATION_CONTEXT('2D SPACE',''
  ) );
#6206 = ORIENTED_EDGE('',*,*,#5695,.T.);
#6207 = ORIENTED_EDGE('',*,*,#6057,.F.);
#6208 = ORIENTED_EDGE('',*,*,#6209,.F.);
#6209 = EDGE_CURVE('',#6210,#5808,#6212,.T.);
#6210 = VERTEX_POINT('',#6211);
#6211 = CARTESIAN_POINT('',(-18.,30.,18.35));
#6212 = SURFACE_CURVE('',#6213,(#6218,#6225),.PCURVE_S1.);
#6213 = CIRCLE('',#6214,2.85);
#6214 = AXIS2_PLACEMENT_3D('',#6215,#6216,#6217);
#6215 = CARTESIAN_POINT('',(-18.,30.,15.5));
#6216 = DIRECTION('',(1.,0.,0.));
#6217 = DIRECTION('',(-0.,0.,1.));
#6218 = PCURVE('',#5104,#6219);
#6219 = DEFINITIONAL_REPRESENTATION('',(#6220),#6224);
#6220 = CIRCLE('',#6221,2.85);
#6221 = AXIS2_PLACEMENT_2D('',#6222,#6223);
#6222 = CARTESIAN_POINT('',(28.5,-14.35));
#6223 = DIRECTION('',(-1.,0.));
#6224 = ( GEOMETRIC_REPRESENTATION_CONTEXT(2) 
PARAMETRIC_REPRESENTATION_CONTEXT() REPRESENTATION_CONTEXT('2D SPACE',''
  ) );
#6225 = PCURVE('',#5971,#6226);
#6226 = DEFINITIONAL_REPRESENTATION('',(#6227),#6231);
#6227 = LINE('',#6228,#6229);
#6228 = CARTESIAN_POINT('',(0.,0.5));
#6229 = VECTOR('',#6230,1.);
#6230 = DIRECTION('',(1.,0.));
#6231 = ( GEOMETRIC_REPRESENTATION_CONTEXT(2) 
PARAMETRIC_REPRESENTATION_CONTEXT() REPRESENTATION_CONTEXT('2D SPACE',''
  ) );
#6232 = ORIENTED_EDGE('',*,*,#6233,.F.);
#6233 = EDGE_CURVE('',#5785,#6210,#6234,.T.);
#6234 = SURFACE_CURVE('',#6235,(#6240,#6247),.PCURVE_S1.);
#6235 = CIRCLE('',#6236,2.85);
#6236 = AXIS2_PLACEMENT_3D('',#6237,#6238,#6239);
#6237 = CARTESIAN_POINT('',(-18.,30.,15.5));
#6238 = DIRECTION('',(1.,0.,0.));
#6239 = DIRECTION('',(-0.,0.,1.));
#6240 = PCURVE('',#5104,#6241);
#6241 = DEFINITIONAL_REPRESENTATION('',(#6242),#6246);
#6242 = CIRCLE('',#6243,2.85);
#6243 = AXIS2_PLACEMENT_2D('',#6244,#6245);
#6244 = CARTESIAN_POINT('',(28.5,-14.35));
#6245 = DIRECTION('',(-1.,0.));
#6246 = ( GEOMETRIC_REPRESENTATION_CONTEXT(2) 
PARAMETRIC_REPRESENTATION_CONTEXT() REPRESENTATION_CONTEXT('2D SPACE',''
  ) );
#6247 = PCURVE('',#5971,#6248);
#6248 = DEFINITIONAL_REPRESENTATION('',(#6249),#6253);
#6249 = LINE('',#6250,#6251);
#6250 = CARTESIAN_POINT('',(0.,0.5));
#6251 = VECTOR('',#6252,1.);
#6252 = DIRECTION('',(1.,0.));
#6253 = ( GEOMETRIC_REPRESENTATION_CONTEXT(2) 
PARAMETRIC_REPRESENTATION_CONTEXT() REPRESENTATION_CONTEXT('2D SPACE',''
  ) );
#6254 = ORIENTED_EDGE('',*,*,#5784,.F.);
#6255 = ADVANCED_FACE('',(#6256),#4990,.F.);
#6256 = FACE_BOUND('',#6257,.F.);
#6257 = EDGE_LOOP('',(#6258,#6259,#6260,#6261,#6262,#6263,#6286,#6308,
    #6334,#6356));
#6258 = ORIENTED_EDGE('',*,*,#4974,.F.);
#6259 = ORIENTED_EDGE('',*,*,#5182,.T.);
#6260 = ORIENTED_EDGE('',*,*,#5467,.F.);
#6261 = ORIENTED_EDGE('',*,*,#5536,.T.);
#6262 = ORIENTED_EDGE('',*,*,#5586,.T.);
#6263 = ORIENTED_EDGE('',*,*,#6264,.F.);
#6264 = EDGE_CURVE('',#6265,#5587,#6267,.T.);
#6265 = VERTEX_POINT('',#6266);
#6266 = CARTESIAN_POINT('',(8.881784197001E-16,23.65,38.));
#6267 = SURFACE_CURVE('',#6268,(#6272,#6279),.PCURVE_S1.);
#6268 = LINE('',#6269,#6270);
#6269 = CARTESIAN_POINT('',(8.881784197001E-16,44.35,38.));
#6270 = VECTOR('',#6271,1.);
#6271 = DIRECTION('',(0.,-1.,0.));
#6272 = PCURVE('',#4990,#6273);
#6273 = DEFINITIONAL_REPRESENTATION('',(#6274),#6278);
#6274 = LINE('',#6275,#6276);
#6275 = CARTESIAN_POINT('',(27.,0.));
#6276 = VECTOR('',#6277,1.);
#6277 = DIRECTION('',(0.,-1.));
#6278 = ( GEOMETRIC_REPRESENTATION_CONTEXT(2) 
PARAMETRIC_REPRESENTATION_CONTEXT() REPRESENTATION_CONTEXT('2D SPACE',''
  ) );
#6279 = PCURVE('',#5626,#6280);
#6280 = DEFINITIONAL_REPRESENTATION('',(#6281),#6285);
#6281 = LINE('',#6282,#6283);
#6282 = CARTESIAN_POINT('',(0.,0.));
#6283 = VECTOR('',#6284,1.);
#6284 = DIRECTION('',(0.,1.));
#6285 = ( GEOMETRIC_REPRESENTATION_CONTEXT(2) 
PARAMETRIC_REPRESENTATION_CONTEXT() REPRESENTATION_CONTEXT('2D SPACE',''
  ) );
#6286 = ORIENTED_EDGE('',*,*,#6287,.F.);
#6287 = EDGE_CURVE('',#6288,#6265,#6290,.T.);
#6288 = VERTEX_POINT('',#6289);
#6289 = CARTESIAN_POINT('',(0.,23.65,32.75));
#6290 = SURFACE_CURVE('',#6291,(#6295,#6301),.PCURVE_S1.);
#6291 = LINE('',#6292,#6293);
#6292 = CARTESIAN_POINT('',(0.,23.65,25.25));
#6293 = VECTOR('',#6294,1.);
#6294 = DIRECTION('',(0.,-0.,1.));
#6295 = PCURVE('',#4990,#6296);
#6296 = DEFINITIONAL_REPRESENTATION('',(#6297),#6300);
#6297 = B_SPLINE_CURVE_WITH_KNOTS('',1,(#6298,#6299),.UNSPECIFIED.,.F.,
  .F.,(2,2),(7.5,12.75),.PIECEWISE_BEZIER_KNOTS.);
#6298 = CARTESIAN_POINT('',(21.75,-20.7));
#6299 = CARTESIAN_POINT('',(27.,-20.7));
#6300 = ( GEOMETRIC_REPRESENTATION_CONTEXT(2) 
PARAMETRIC_REPRESENTATION_CONTEXT() REPRESENTATION_CONTEXT('2D SPACE',''
  ) );
#6301 = PCURVE('',#6174,#6302);
#6302 = DEFINITIONAL_REPRESENTATION('',(#6303),#6307);
#6303 = LINE('',#6304,#6305);
#6304 = CARTESIAN_POINT('',(-14.25,15.));
#6305 = VECTOR('',#6306,1.);
#6306 = DIRECTION('',(1.,0.));
#6307 = ( GEOMETRIC_REPRESENTATION_CONTEXT(2) 
PARAMETRIC_REPRESENTATION_CONTEXT() REPRESENTATION_CONTEXT('2D SPACE',''
  ) );
#6308 = ORIENTED_EDGE('',*,*,#6309,.T.);
#6309 = EDGE_CURVE('',#6288,#6310,#6312,.T.);
#6310 = VERTEX_POINT('',#6311);
#6311 = CARTESIAN_POINT('',(0.,36.35,32.75));
#6312 = SURFACE_CURVE('',#6313,(#6317,#6323),.PCURVE_S1.);
#6313 = LINE('',#6314,#6315);
#6314 = CARTESIAN_POINT('',(0.,40.35,32.75));
#6315 = VECTOR('',#6316,1.);
#6316 = DIRECTION('',(0.,1.,0.));
#6317 = PCURVE('',#4990,#6318);
#6318 = DEFINITIONAL_REPRESENTATION('',(#6319),#6322);
#6319 = B_SPLINE_CURVE_WITH_KNOTS('',1,(#6320,#6321),.UNSPECIFIED.,.F.,
  .F.,(2,2),(-16.7,-4.),.PIECEWISE_BEZIER_KNOTS.);
#6320 = CARTESIAN_POINT('',(21.75,-20.7));
#6321 = CARTESIAN_POINT('',(21.75,-8.));
#6322 = ( GEOMETRIC_REPRESENTATION_CONTEXT(2) 
PARAMETRIC_REPRESENTATION_CONTEXT() REPRESENTATION_CONTEXT('2D SPACE',''
  ) );
#6323 = PCURVE('',#6324,#6329);
#6324 = PLANE('',#6325);
#6325 = AXIS2_PLACEMENT_3D('',#6326,#6327,#6328);
#6326 = CARTESIAN_POINT('',(-15.,36.35,32.75));
#6327 = DIRECTION('',(-0.,0.,1.));
#6328 = DIRECTION('',(1.,0.,0.));
#6329 = DEFINITIONAL_REPRESENTATION('',(#6330),#6333);
#6330 = B_SPLINE_CURVE_WITH_KNOTS('',1,(#6331,#6332),.UNSPECIFIED.,.F.,
  .F.,(2,2),(-16.7,-4.),.PIECEWISE_BEZIER_KNOTS.);
#6331 = CARTESIAN_POINT('',(15.,-12.7));
#6332 = CARTESIAN_POINT('',(15.,0.));
#6333 = ( GEOMETRIC_REPRESENTATION_CONTEXT(2) 
PARAMETRIC_REPRESENTATION_CONTEXT() REPRESENTATION_CONTEXT('2D SPACE',''
  ) );
#6334 = ORIENTED_EDGE('',*,*,#6335,.T.);
#6335 = EDGE_CURVE('',#6310,#6336,#6338,.T.);
#6336 = VERTEX_POINT('',#6337);
#6337 = CARTESIAN_POINT('',(8.881784197001E-16,36.35,38.));
#6338 = SURFACE_CURVE('',#6339,(#6343,#6349),.PCURVE_S1.);
#6339 = LINE('',#6340,#6341);
#6340 = CARTESIAN_POINT('',(0.,36.35,25.25));
#6341 = VECTOR('',#6342,1.);
#6342 = DIRECTION('',(0.,-0.,1.));
#6343 = PCURVE('',#4990,#6344);
#6344 = DEFINITIONAL_REPRESENTATION('',(#6345),#6348);
#6345 = B_SPLINE_CURVE_WITH_KNOTS('',1,(#6346,#6347),.UNSPECIFIED.,.F.,
  .F.,(2,2),(7.5,12.75),.PIECEWISE_BEZIER_KNOTS.);
#6346 = CARTESIAN_POINT('',(21.75,-8.));
#6347 = CARTESIAN_POINT('',(27.,-8.));
#6348 = ( GEOMETRIC_REPRESENTATION_CONTEXT(2) 
PARAMETRIC_REPRESENTATION_CONTEXT() REPRESENTATION_CONTEXT('2D SPACE',''
  ) );
#6349 = PCURVE('',#6121,#6350);
#6350 = DEFINITIONAL_REPRESENTATION('',(#6351),#6355);
#6351 = LINE('',#6352,#6353);
#6352 = CARTESIAN_POINT('',(-14.25,15.));
#6353 = VECTOR('',#6354,1.);
#6354 = DIRECTION('',(1.,0.));
#6355 = ( GEOMETRIC_REPRESENTATION_CONTEXT(2) 
PARAMETRIC_REPRESENTATION_CONTEXT() REPRESENTATION_CONTEXT('2D SPACE',''
  ) );
#6356 = ORIENTED_EDGE('',*,*,#6357,.F.);
#6357 = EDGE_CURVE('',#4975,#6336,#6358,.T.);
#6358 = SURFACE_CURVE('',#6359,(#6363,#6370),.PCURVE_S1.);
#6359 = LINE('',#6360,#6361);
#6360 = CARTESIAN_POINT('',(8.881784197001E-16,44.35,38.));
#6361 = VECTOR('',#6362,1.);
#6362 = DIRECTION('',(0.,-1.,0.));
#6363 = PCURVE('',#4990,#6364);
#6364 = DEFINITIONAL_REPRESENTATION('',(#6365),#6369);
#6365 = LINE('',#6366,#6367);
#6366 = CARTESIAN_POINT('',(27.,0.));
#6367 = VECTOR('',#6368,1.);
#6368 = DIRECTION('',(0.,-1.));
#6369 = ( GEOMETRIC_REPRESENTATION_CONTEXT(2) 
PARAMETRIC_REPRESENTATION_CONTEXT() REPRESENTATION_CONTEXT('2D SPACE',''
  ) );
#6370 = PCURVE('',#5019,#6371);
#6371 = DEFINITIONAL_REPRESENTATION('',(#6372),#6376);
#6372 = LINE('',#6373,#6374);
#6373 = CARTESIAN_POINT('',(0.,0.));
#6374 = VECTOR('',#6375,1.);
#6375 = DIRECTION('',(0.,1.));
#6376 = ( GEOMETRIC_REPRESENTATION_CONTEXT(2) 
PARAMETRIC_REPRESENTATION_CONTEXT() REPRESENTATION_CONTEXT('2D SPACE',''
  ) );
#6377 = ADVANCED_FACE('',(#6378),#5076,.T.);
#6378 = FACE_BOUND('',#6379,.T.);
#6379 = EDGE_LOOP('',(#6380,#6403,#6404,#6405));
#6380 = ORIENTED_EDGE('',*,*,#6381,.F.);
#6381 = EDGE_CURVE('',#5032,#6382,#6384,.T.);
#6382 = VERTEX_POINT('',#6383);
#6383 = CARTESIAN_POINT('',(-12.,36.35,44.));
#6384 = SURFACE_CURVE('',#6385,(#6389,#6396),.PCURVE_S1.);
#6385 = LINE('',#6386,#6387);
#6386 = CARTESIAN_POINT('',(-12.,44.35,44.));
#6387 = VECTOR('',#6388,1.);
#6388 = DIRECTION('',(0.,-1.,0.));
#6389 = PCURVE('',#5076,#6390);
#6390 = DEFINITIONAL_REPRESENTATION('',(#6391),#6395);
#6391 = LINE('',#6392,#6393);
#6392 = CARTESIAN_POINT('',(0.,0.));
#6393 = VECTOR('',#6394,1.);
#6394 = DIRECTION('',(0.,1.));
#6395 = ( GEOMETRIC_REPRESENTATION_CONTEXT(2) 
PARAMETRIC_REPRESENTATION_CONTEXT() REPRESENTATION_CONTEXT('2D SPACE',''
  ) );
#6396 = PCURVE('',#5047,#6397);
#6397 = DEFINITIONAL_REPRESENTATION('',(#6398),#6402);
#6398 = LINE('',#6399,#6400);
#6399 = CARTESIAN_POINT('',(12.,0.));
#6400 = VECTOR('',#6401,1.);
#6401 = DIRECTION('',(0.,-1.));
#6402 = ( GEOMETRIC_REPRESENTATION_CONTEXT(2) 
PARAMETRIC_REPRESENTATION_CONTEXT() REPRESENTATION_CONTEXT('2D SPACE',''
  ) );
#6403 = ORIENTED_EDGE('',*,*,#5059,.T.);
#6404 = ORIENTED_EDGE('',*,*,#6083,.T.);
#6405 = ORIENTED_EDGE('',*,*,#6406,.T.);
#6406 = EDGE_CURVE('',#6084,#6382,#6407,.T.);
#6407 = SURFACE_CURVE('',#6408,(#6413,#6420),.PCURVE_S1.);
#6408 = CIRCLE('',#6409,6.);
#6409 = AXIS2_PLACEMENT_3D('',#6410,#6411,#6412);
#6410 = CARTESIAN_POINT('',(-12.,36.35,38.));
#6411 = DIRECTION('',(0.,1.,0.));
#6412 = DIRECTION('',(-1.,0.,0.));
#6413 = PCURVE('',#5076,#6414);
#6414 = DEFINITIONAL_REPRESENTATION('',(#6415),#6419);
#6415 = LINE('',#6416,#6417);
#6416 = CARTESIAN_POINT('',(1.570796326795,8.));
#6417 = VECTOR('',#6418,1.);
#6418 = DIRECTION('',(-1.,-0.));
#6419 = ( GEOMETRIC_REPRESENTATION_CONTEXT(2) 
PARAMETRIC_REPRESENTATION_CONTEXT() REPRESENTATION_CONTEXT('2D SPACE',''
  ) );
#6420 = PCURVE('',#6121,#6421);
#6421 = DEFINITIONAL_REPRESENTATION('',(#6422),#6426);
#6422 = CIRCLE('',#6423,6.);
#6423 = AXIS2_PLACEMENT_2D('',#6424,#6425);
#6424 = CARTESIAN_POINT('',(-1.5,3.));
#6425 = DIRECTION('',(0.,-1.));
#6426 = ( GEOMETRIC_REPRESENTATION_CONTEXT(2) 
PARAMETRIC_REPRESENTATION_CONTEXT() REPRESENTATION_CONTEXT('2D SPACE',''
  ) );
#6427 = ADVANCED_FACE('',(#6428),#5019,.T.);
#6428 = FACE_BOUND('',#6429,.T.);
#6429 = EDGE_LOOP('',(#6430,#6431,#6432,#6455));
#6430 = ORIENTED_EDGE('',*,*,#6357,.F.);
#6431 = ORIENTED_EDGE('',*,*,#5002,.T.);
#6432 = ORIENTED_EDGE('',*,*,#6433,.T.);
#6433 = EDGE_CURVE('',#5003,#6434,#6436,.T.);
#6434 = VERTEX_POINT('',#6435);
#6435 = CARTESIAN_POINT('',(-6.,36.35,44.));
#6436 = SURFACE_CURVE('',#6437,(#6441,#6448),.PCURVE_S1.);
#6437 = LINE('',#6438,#6439);
#6438 = CARTESIAN_POINT('',(-6.,44.35,44.));
#6439 = VECTOR('',#6440,1.);
#6440 = DIRECTION('',(0.,-1.,0.));
#6441 = PCURVE('',#5019,#6442);
#6442 = DEFINITIONAL_REPRESENTATION('',(#6443),#6447);
#6443 = LINE('',#6444,#6445);
#6444 = CARTESIAN_POINT('',(1.570796326795,0.));
#6445 = VECTOR('',#6446,1.);
#6446 = DIRECTION('',(0.,1.));
#6447 = ( GEOMETRIC_REPRESENTATION_CONTEXT(2) 
PARAMETRIC_REPRESENTATION_CONTEXT() REPRESENTATION_CONTEXT('2D SPACE',''
  ) );
#6448 = PCURVE('',#5047,#6449);
#6449 = DEFINITIONAL_REPRESENTATION('',(#6450),#6454);
#6450 = LINE('',#6451,#6452);
#6451 = CARTESIAN_POINT('',(6.,0.));
#6452 = VECTOR('',#6453,1.);
#6453 = DIRECTION('',(0.,-1.));
#6454 = ( GEOMETRIC_REPRESENTATION_CONTEXT(2) 
PARAMETRIC_REPRESENTATION_CONTEXT() REPRESENTATION_CONTEXT('2D SPACE',''
  ) );
#6455 = ORIENTED_EDGE('',*,*,#6456,.F.);
#6456 = EDGE_CURVE('',#6336,#6434,#6457,.T.);
#6457 = SURFACE_CURVE('',#6458,(#6463,#6470),.PCURVE_S1.);
#6458 = CIRCLE('',#6459,6.);
#6459 = AXIS2_PLACEMENT_3D('',#6460,#6461,#6462);
#6460 = CARTESIAN_POINT('',(-6.,36.35,38.));
#6461 = DIRECTION('',(0.,-1.,0.));
#6462 = DIRECTION('',(1.,0.,0.));
#6463 = PCURVE('',#5019,#6464);
#6464 = DEFINITIONAL_REPRESENTATION('',(#6465),#6469);
#6465 = LINE('',#6466,#6467);
#6466 = CARTESIAN_POINT('',(0.,8.));
#6467 = VECTOR('',#6468,1.);
#6468 = DIRECTION('',(1.,0.));
#6469 = ( GEOMETRIC_REPRESENTATION_CONTEXT(2) 
PARAMETRIC_REPRESENTATION_CONTEXT() REPRESENTATION_CONTEXT('2D SPACE',''
  ) );
#6470 = PCURVE('',#6121,#6471);
#6471 = DEFINITIONAL_REPRESENTATION('',(#6472),#6480);
#6472 = ( BOUNDED_CURVE() B_SPLINE_CURVE(2,(#6473,#6474,#6475,#6476,
#6477,#6478,#6479),.UNSPECIFIED.,.T.,.F.) B_SPLINE_CURVE_WITH_KNOTS((1,2
    ,2,2,2,1),(-2.094395102393,0.,2.094395102393,4.188790204786,
6.28318530718,8.377580409573),.UNSPECIFIED.) CURVE() 
GEOMETRIC_REPRESENTATION_ITEM() RATIONAL_B_SPLINE_CURVE((1.,0.5,1.,0.5,
1.,0.5,1.)) REPRESENTATION_ITEM('') );
#6473 = CARTESIAN_POINT('',(-1.5,15.));
#6474 = CARTESIAN_POINT('',(8.892304845413,15.));
#6475 = CARTESIAN_POINT('',(3.696152422707,6.));
#6476 = CARTESIAN_POINT('',(-1.5,-3.));
#6477 = CARTESIAN_POINT('',(-6.696152422707,6.));
#6478 = CARTESIAN_POINT('',(-11.89230484541,15.));
#6479 = CARTESIAN_POINT('',(-1.5,15.));
#6480 = ( GEOMETRIC_REPRESENTATION_CONTEXT(2) 
PARAMETRIC_REPRESENTATION_CONTEXT() REPRESENTATION_CONTEXT('2D SPACE',''
  ) );
#6481 = ADVANCED_FACE('',(#6482),#5047,.F.);
#6482 = FACE_BOUND('',#6483,.F.);
#6483 = EDGE_LOOP('',(#6484,#6485,#6486,#6507));
#6484 = ORIENTED_EDGE('',*,*,#5031,.F.);
#6485 = ORIENTED_EDGE('',*,*,#6433,.T.);
#6486 = ORIENTED_EDGE('',*,*,#6487,.F.);
#6487 = EDGE_CURVE('',#6382,#6434,#6488,.T.);
#6488 = SURFACE_CURVE('',#6489,(#6493,#6500),.PCURVE_S1.);
#6489 = LINE('',#6490,#6491);
#6490 = CARTESIAN_POINT('',(-12.,36.35,44.));
#6491 = VECTOR('',#6492,1.);
#6492 = DIRECTION('',(1.,1.184237892934E-15,0.));
#6493 = PCURVE('',#5047,#6494);
#6494 = DEFINITIONAL_REPRESENTATION('',(#6495),#6499);
#6495 = LINE('',#6496,#6497);
#6496 = CARTESIAN_POINT('',(12.,-8.));
#6497 = VECTOR('',#6498,1.);
#6498 = DIRECTION('',(-1.,1.184237892934E-15));
#6499 = ( GEOMETRIC_REPRESENTATION_CONTEXT(2) 
PARAMETRIC_REPRESENTATION_CONTEXT() REPRESENTATION_CONTEXT('2D SPACE',''
  ) );
#6500 = PCURVE('',#6121,#6501);
#6501 = DEFINITIONAL_REPRESENTATION('',(#6502),#6506);
#6502 = LINE('',#6503,#6504);
#6503 = CARTESIAN_POINT('',(4.5,3.));
#6504 = VECTOR('',#6505,1.);
#6505 = DIRECTION('',(0.,1.));
#6506 = ( GEOMETRIC_REPRESENTATION_CONTEXT(2) 
PARAMETRIC_REPRESENTATION_CONTEXT() REPRESENTATION_CONTEXT('2D SPACE',''
  ) );
#6507 = ORIENTED_EDGE('',*,*,#6381,.F.);
#6508 = ADVANCED_FACE('',(#6509),#5165,.F.);
#6509 = FACE_BOUND('',#6510,.F.);
#6510 = EDGE_LOOP('',(#6511,#6512,#6535,#6562));
#6511 = ORIENTED_EDGE('',*,*,#5144,.F.);
#6512 = ORIENTED_EDGE('',*,*,#6513,.F.);
#6513 = EDGE_CURVE('',#6514,#5145,#6516,.T.);
#6514 = VERTEX_POINT('',#6515);
#6515 = CARTESIAN_POINT('',(-15.,38.35,41.5));
#6516 = SEAM_CURVE('',#6517,(#6521,#6528),.PCURVE_S1.);
#6517 = LINE('',#6518,#6519);
#6518 = CARTESIAN_POINT('',(-15.,38.35,41.5));
#6519 = VECTOR('',#6520,1.);
#6520 = DIRECTION('',(0.,1.,0.));
#6521 = PCURVE('',#5165,#6522);
#6522 = DEFINITIONAL_REPRESENTATION('',(#6523),#6527);
#6523 = LINE('',#6524,#6525);
#6524 = CARTESIAN_POINT('',(6.28318530718,-0.));
#6525 = VECTOR('',#6526,1.);
#6526 = DIRECTION('',(0.,1.));
#6527 = ( GEOMETRIC_REPRESENTATION_CONTEXT(2) 
PARAMETRIC_REPRESENTATION_CONTEXT() REPRESENTATION_CONTEXT('2D SPACE',''
  ) );
#6528 = PCURVE('',#5165,#6529);
#6529 = DEFINITIONAL_REPRESENTATION('',(#6530),#6534);
#6530 = LINE('',#6531,#6532);
#6531 = CARTESIAN_POINT('',(0.,-0.));
#6532 = VECTOR('',#6533,1.);
#6533 = DIRECTION('',(0.,1.));
#6534 = ( GEOMETRIC_REPRESENTATION_CONTEXT(2) 
PARAMETRIC_REPRESENTATION_CONTEXT() REPRESENTATION_CONTEXT('2D SPACE',''
  ) );
#6535 = ORIENTED_EDGE('',*,*,#6536,.T.);
#6536 = EDGE_CURVE('',#6514,#6514,#6537,.T.);
#6537 = SURFACE_CURVE('',#6538,(#6543,#6550),.PCURVE_S1.);
#6538 = CIRCLE('',#6539,2.);
#6539 = AXIS2_PLACEMENT_3D('',#6540,#6541,#6542);
#6540 = CARTESIAN_POINT('',(-15.,38.35,39.5));
#6541 = DIRECTION('',(0.,1.,0.));
#6542 = DIRECTION('',(0.,-0.,1.));
#6543 = PCURVE('',#5165,#6544);
#6544 = DEFINITIONAL_REPRESENTATION('',(#6545),#6549);
#6545 = LINE('',#6546,#6547);
#6546 = CARTESIAN_POINT('',(0.,0.));
#6547 = VECTOR('',#6548,1.);
#6548 = DIRECTION('',(1.,0.));
#6549 = ( GEOMETRIC_REPRESENTATION_CONTEXT(2) 
PARAMETRIC_REPRESENTATION_CONTEXT() REPRESENTATION_CONTEXT('2D SPACE',''
  ) );
#6550 = PCURVE('',#6551,#6556);
#6551 = PLANE('',#6552);
#6552 = AXIS2_PLACEMENT_3D('',#6553,#6554,#6555);
#6553 = CARTESIAN_POINT('',(-15.,38.35,39.5));
#6554 = DIRECTION('',(0.,1.,0.));
#6555 = DIRECTION('',(0.,-0.,1.));
#6556 = DEFINITIONAL_REPRESENTATION('',(#6557),#6561);
#6557 = CIRCLE('',#6558,2.);
#6558 = AXIS2_PLACEMENT_2D('',#6559,#6560);
#6559 = CARTESIAN_POINT('',(0.,0.));
#6560 = DIRECTION('',(1.,0.));
#6561 = ( GEOMETRIC_REPRESENTATION_CONTEXT(2) 
PARAMETRIC_REPRESENTATION_CONTEXT() REPRESENTATION_CONTEXT('2D SPACE',''
  ) );
#6562 = ORIENTED_EDGE('',*,*,#6513,.T.);
#6563 = ADVANCED_FACE('',(#6564),#5519,.F.);
#6564 = FACE_BOUND('',#6565,.F.);
#6565 = EDGE_LOOP('',(#6566,#6589,#6590,#6591));
#6566 = ORIENTED_EDGE('',*,*,#6567,.T.);
#6567 = EDGE_CURVE('',#6568,#5499,#6570,.T.);
#6568 = VERTEX_POINT('',#6569);
#6569 = CARTESIAN_POINT('',(-15.3,30.,17.2));
#6570 = SEAM_CURVE('',#6571,(#6575,#6582),.PCURVE_S1.);
#6571 = LINE('',#6572,#6573);
#6572 = CARTESIAN_POINT('',(-19.,30.,17.2));
#6573 = VECTOR('',#6574,1.);
#6574 = DIRECTION('',(1.,0.,0.));
#6575 = PCURVE('',#5519,#6576);
#6576 = DEFINITIONAL_REPRESENTATION('',(#6577),#6581);
#6577 = LINE('',#6578,#6579);
#6578 = CARTESIAN_POINT('',(6.28318530718,-0.));
#6579 = VECTOR('',#6580,1.);
#6580 = DIRECTION('',(0.,1.));
#6581 = ( GEOMETRIC_REPRESENTATION_CONTEXT(2) 
PARAMETRIC_REPRESENTATION_CONTEXT() REPRESENTATION_CONTEXT('2D SPACE',''
  ) );
#6582 = PCURVE('',#5519,#6583);
#6583 = DEFINITIONAL_REPRESENTATION('',(#6584),#6588);
#6584 = LINE('',#6585,#6586);
#6585 = CARTESIAN_POINT('',(0.,-0.));
#6586 = VECTOR('',#6587,1.);
#6587 = DIRECTION('',(0.,1.));
#6588 = ( GEOMETRIC_REPRESENTATION_CONTEXT(2) 
PARAMETRIC_REPRESENTATION_CONTEXT() REPRESENTATION_CONTEXT('2D SPACE',''
  ) );
#6589 = ORIENTED_EDGE('',*,*,#5498,.F.);
#6590 = ORIENTED_EDGE('',*,*,#6567,.F.);
#6591 = ORIENTED_EDGE('',*,*,#6592,.T.);
#6592 = EDGE_CURVE('',#6568,#6568,#6593,.T.);
#6593 = SURFACE_CURVE('',#6594,(#6599,#6606),.PCURVE_S1.);
#6594 = CIRCLE('',#6595,1.7);
#6595 = AXIS2_PLACEMENT_3D('',#6596,#6597,#6598);
#6596 = CARTESIAN_POINT('',(-15.3,30.,15.5));
#6597 = DIRECTION('',(1.,0.,0.));
#6598 = DIRECTION('',(-0.,0.,1.));
#6599 = PCURVE('',#5519,#6600);
#6600 = DEFINITIONAL_REPRESENTATION('',(#6601),#6605);
#6601 = LINE('',#6602,#6603);
#6602 = CARTESIAN_POINT('',(0.,3.7));
#6603 = VECTOR('',#6604,1.);
#6604 = DIRECTION('',(1.,0.));
#6605 = ( GEOMETRIC_REPRESENTATION_CONTEXT(2) 
PARAMETRIC_REPRESENTATION_CONTEXT() REPRESENTATION_CONTEXT('2D SPACE',''
  ) );
#6606 = PCURVE('',#6607,#6612);
#6607 = PLANE('',#6608);
#6608 = AXIS2_PLACEMENT_3D('',#6609,#6610,#6611);
#6609 = CARTESIAN_POINT('',(-15.3,30.,15.5));
#6610 = DIRECTION('',(1.,0.,0.));
#6611 = DIRECTION('',(-0.,0.,1.));
#6612 = DEFINITIONAL_REPRESENTATION('',(#6613),#6617);
#6613 = CIRCLE('',#6614,1.7);
#6614 = AXIS2_PLACEMENT_2D('',#6615,#6616);
#6615 = CARTESIAN_POINT('',(0.,0.));
#6616 = DIRECTION('',(1.,0.));
#6617 = ( GEOMETRIC_REPRESENTATION_CONTEXT(2) 
PARAMETRIC_REPRESENTATION_CONTEXT() REPRESENTATION_CONTEXT('2D SPACE',''
  ) );
#6618 = ADVANCED_FACE('',(#6619),#5683,.T.);
#6619 = FACE_BOUND('',#6620,.T.);
#6620 = EDGE_LOOP('',(#6621,#6644,#6670,#6671));
#6621 = ORIENTED_EDGE('',*,*,#6622,.F.);
#6622 = EDGE_CURVE('',#6623,#5639,#6625,.T.);
#6623 = VERTEX_POINT('',#6624);
#6624 = CARTESIAN_POINT('',(-12.,23.65,44.));
#6625 = SURFACE_CURVE('',#6626,(#6630,#6637),.PCURVE_S1.);
#6626 = LINE('',#6627,#6628);
#6627 = CARTESIAN_POINT('',(-12.,44.35,44.));
#6628 = VECTOR('',#6629,1.);
#6629 = DIRECTION('',(0.,-1.,0.));
#6630 = PCURVE('',#5683,#6631);
#6631 = DEFINITIONAL_REPRESENTATION('',(#6632),#6636);
#6632 = LINE('',#6633,#6634);
#6633 = CARTESIAN_POINT('',(0.,0.));
#6634 = VECTOR('',#6635,1.);
#6635 = DIRECTION('',(0.,1.));
#6636 = ( GEOMETRIC_REPRESENTATION_CONTEXT(2) 
PARAMETRIC_REPRESENTATION_CONTEXT() REPRESENTATION_CONTEXT('2D SPACE',''
  ) );
#6637 = PCURVE('',#5654,#6638);
#6638 = DEFINITIONAL_REPRESENTATION('',(#6639),#6643);
#6639 = LINE('',#6640,#6641);
#6640 = CARTESIAN_POINT('',(12.,0.));
#6641 = VECTOR('',#6642,1.);
#6642 = DIRECTION('',(0.,-1.));
#6643 = ( GEOMETRIC_REPRESENTATION_CONTEXT(2) 
PARAMETRIC_REPRESENTATION_CONTEXT() REPRESENTATION_CONTEXT('2D SPACE',''
  ) );
#6644 = ORIENTED_EDGE('',*,*,#6645,.T.);
#6645 = EDGE_CURVE('',#6623,#6160,#6646,.T.);
#6646 = SURFACE_CURVE('',#6647,(#6652,#6659),.PCURVE_S1.);
#6647 = CIRCLE('',#6648,6.);
#6648 = AXIS2_PLACEMENT_3D('',#6649,#6650,#6651);
#6649 = CARTESIAN_POINT('',(-12.,23.65,38.));
#6650 = DIRECTION('',(0.,-1.,0.));
#6651 = DIRECTION('',(0.,0.,1.));
#6652 = PCURVE('',#5683,#6653);
#6653 = DEFINITIONAL_REPRESENTATION('',(#6654),#6658);
#6654 = LINE('',#6655,#6656);
#6655 = CARTESIAN_POINT('',(0.,20.7));
#6656 = VECTOR('',#6657,1.);
#6657 = DIRECTION('',(1.,0.));
#6658 = ( GEOMETRIC_REPRESENTATION_CONTEXT(2) 
PARAMETRIC_REPRESENTATION_CONTEXT() REPRESENTATION_CONTEXT('2D SPACE',''
  ) );
#6659 = PCURVE('',#6174,#6660);
#6660 = DEFINITIONAL_REPRESENTATION('',(#6661),#6669);
#6661 = ( BOUNDED_CURVE() B_SPLINE_CURVE(2,(#6662,#6663,#6664,#6665,
#6666,#6667,#6668),.UNSPECIFIED.,.T.,.F.) B_SPLINE_CURVE_WITH_KNOTS((1,2
    ,2,2,2,1),(-2.094395102393,0.,2.094395102393,4.188790204786,
6.28318530718,8.377580409573),.UNSPECIFIED.) CURVE() 
GEOMETRIC_REPRESENTATION_ITEM() RATIONAL_B_SPLINE_CURVE((1.,0.5,1.,0.5,
1.,0.5,1.)) REPRESENTATION_ITEM('') );
#6662 = CARTESIAN_POINT('',(4.5,3.));
#6663 = CARTESIAN_POINT('',(4.5,-7.392304845413));
#6664 = CARTESIAN_POINT('',(-4.5,-2.196152422707));
#6665 = CARTESIAN_POINT('',(-13.5,3.));
#6666 = CARTESIAN_POINT('',(-4.5,8.196152422707));
#6667 = CARTESIAN_POINT('',(4.5,13.392304845413));
#6668 = CARTESIAN_POINT('',(4.5,3.));
#6669 = ( GEOMETRIC_REPRESENTATION_CONTEXT(2) 
PARAMETRIC_REPRESENTATION_CONTEXT() REPRESENTATION_CONTEXT('2D SPACE',''
  ) );
#6670 = ORIENTED_EDGE('',*,*,#6186,.T.);
#6671 = ORIENTED_EDGE('',*,*,#5666,.F.);
#6672 = ADVANCED_FACE('',(#6673),#5626,.T.);
#6673 = FACE_BOUND('',#6674,.T.);
#6674 = EDGE_LOOP('',(#6675,#6676,#6704,#6725));
#6675 = ORIENTED_EDGE('',*,*,#6264,.F.);
#6676 = ORIENTED_EDGE('',*,*,#6677,.T.);
#6677 = EDGE_CURVE('',#6265,#6678,#6680,.T.);
#6678 = VERTEX_POINT('',#6679);
#6679 = CARTESIAN_POINT('',(-6.,23.65,44.));
#6680 = SURFACE_CURVE('',#6681,(#6686,#6693),.PCURVE_S1.);
#6681 = CIRCLE('',#6682,6.);
#6682 = AXIS2_PLACEMENT_3D('',#6683,#6684,#6685);
#6683 = CARTESIAN_POINT('',(-6.,23.65,38.));
#6684 = DIRECTION('',(0.,-1.,0.));
#6685 = DIRECTION('',(1.,0.,0.));
#6686 = PCURVE('',#5626,#6687);
#6687 = DEFINITIONAL_REPRESENTATION('',(#6688),#6692);
#6688 = LINE('',#6689,#6690);
#6689 = CARTESIAN_POINT('',(0.,20.7));
#6690 = VECTOR('',#6691,1.);
#6691 = DIRECTION('',(1.,0.));
#6692 = ( GEOMETRIC_REPRESENTATION_CONTEXT(2) 
PARAMETRIC_REPRESENTATION_CONTEXT() REPRESENTATION_CONTEXT('2D SPACE',''
  ) );
#6693 = PCURVE('',#6174,#6694);
#6694 = DEFINITIONAL_REPRESENTATION('',(#6695),#6703);
#6695 = ( BOUNDED_CURVE() B_SPLINE_CURVE(2,(#6696,#6697,#6698,#6699,
#6700,#6701,#6702),.UNSPECIFIED.,.T.,.F.) B_SPLINE_CURVE_WITH_KNOTS((1,2
    ,2,2,2,1),(-2.094395102393,0.,2.094395102393,4.188790204786,
6.28318530718,8.377580409573),.UNSPECIFIED.) CURVE() 
GEOMETRIC_REPRESENTATION_ITEM() RATIONAL_B_SPLINE_CURVE((1.,0.5,1.,0.5,
1.,0.5,1.)) REPRESENTATION_ITEM('') );
#6696 = CARTESIAN_POINT('',(-1.5,15.));
#6697 = CARTESIAN_POINT('',(8.892304845413,15.));
#6698 = CARTESIAN_POINT('',(3.696152422707,6.));
#6699 = CARTESIAN_POINT('',(-1.5,-3.));
#6700 = CARTESIAN_POINT('',(-6.696152422707,6.));
#6701 = CARTESIAN_POINT('',(-11.89230484541,15.));
#6702 = CARTESIAN_POINT('',(-1.5,15.));
#6703 = ( GEOMETRIC_REPRESENTATION_CONTEXT(2) 
PARAMETRIC_REPRESENTATION_CONTEXT() REPRESENTATION_CONTEXT('2D SPACE',''
  ) );
#6704 = ORIENTED_EDGE('',*,*,#6705,.T.);
#6705 = EDGE_CURVE('',#6678,#5610,#6706,.T.);
#6706 = SURFACE_CURVE('',#6707,(#6711,#6718),.PCURVE_S1.);
#6707 = LINE('',#6708,#6709);
#6708 = CARTESIAN_POINT('',(-6.,44.35,44.));
#6709 = VECTOR('',#6710,1.);
#6710 = DIRECTION('',(0.,-1.,0.));
#6711 = PCURVE('',#5626,#6712);
#6712 = DEFINITIONAL_REPRESENTATION('',(#6713),#6717);
#6713 = LINE('',#6714,#6715);
#6714 = CARTESIAN_POINT('',(1.570796326795,0.));
#6715 = VECTOR('',#6716,1.);
#6716 = DIRECTION('',(0.,1.));
#6717 = ( GEOMETRIC_REPRESENTATION_CONTEXT(2) 
PARAMETRIC_REPRESENTATION_CONTEXT() REPRESENTATION_CONTEXT('2D SPACE',''
  ) );
#6718 = PCURVE('',#5654,#6719);
#6719 = DEFINITIONAL_REPRESENTATION('',(#6720),#6724);
#6720 = LINE('',#6721,#6722);
#6721 = CARTESIAN_POINT('',(6.,0.));
#6722 = VECTOR('',#6723,1.);
#6723 = DIRECTION('',(0.,-1.));
#6724 = ( GEOMETRIC_REPRESENTATION_CONTEXT(2) 
PARAMETRIC_REPRESENTATION_CONTEXT() REPRESENTATION_CONTEXT('2D SPACE',''
  ) );
#6725 = ORIENTED_EDGE('',*,*,#5609,.F.);
#6726 = ADVANCED_FACE('',(#6727),#5654,.F.);
#6727 = FACE_BOUND('',#6728,.F.);
#6728 = EDGE_LOOP('',(#6729,#6750,#6751,#6752));
#6729 = ORIENTED_EDGE('',*,*,#6730,.F.);
#6730 = EDGE_CURVE('',#6678,#6623,#6731,.T.);
#6731 = SURFACE_CURVE('',#6732,(#6736,#6743),.PCURVE_S1.);
#6732 = LINE('',#6733,#6734);
#6733 = CARTESIAN_POINT('',(-6.,23.65,44.));
#6734 = VECTOR('',#6735,1.);
#6735 = DIRECTION('',(-1.,-5.921189464668E-16,0.));
#6736 = PCURVE('',#5654,#6737);
#6737 = DEFINITIONAL_REPRESENTATION('',(#6738),#6742);
#6738 = LINE('',#6739,#6740);
#6739 = CARTESIAN_POINT('',(6.,-20.7));
#6740 = VECTOR('',#6741,1.);
#6741 = DIRECTION('',(1.,-5.921189464668E-16));
#6742 = ( GEOMETRIC_REPRESENTATION_CONTEXT(2) 
PARAMETRIC_REPRESENTATION_CONTEXT() REPRESENTATION_CONTEXT('2D SPACE',''
  ) );
#6743 = PCURVE('',#6174,#6744);
#6744 = DEFINITIONAL_REPRESENTATION('',(#6745),#6749);
#6745 = LINE('',#6746,#6747);
#6746 = CARTESIAN_POINT('',(4.5,9.));
#6747 = VECTOR('',#6748,1.);
#6748 = DIRECTION('',(0.,-1.));
#6749 = ( GEOMETRIC_REPRESENTATION_CONTEXT(2) 
PARAMETRIC_REPRESENTATION_CONTEXT() REPRESENTATION_CONTEXT('2D SPACE',''
  ) );
#6750 = ORIENTED_EDGE('',*,*,#6705,.T.);
#6751 = ORIENTED_EDGE('',*,*,#5638,.T.);
#6752 = ORIENTED_EDGE('',*,*,#6622,.F.);
#6753 = ADVANCED_FACE('',(#6754),#5767,.F.);
#6754 = FACE_BOUND('',#6755,.F.);
#6755 = EDGE_LOOP('',(#6756,#6780,#6801,#6802));
#6756 = ORIENTED_EDGE('',*,*,#6757,.F.);
#6757 = EDGE_CURVE('',#6758,#6758,#6760,.T.);
#6758 = VERTEX_POINT('',#6759);
#6759 = CARTESIAN_POINT('',(-15.,23.65,41.2));
#6760 = SURFACE_CURVE('',#6761,(#6766,#6773),.PCURVE_S1.);
#6761 = CIRCLE('',#6762,1.7);
#6762 = AXIS2_PLACEMENT_3D('',#6763,#6764,#6765);
#6763 = CARTESIAN_POINT('',(-15.,23.65,39.5));
#6764 = DIRECTION('',(0.,1.,0.));
#6765 = DIRECTION('',(0.,-0.,1.));
#6766 = PCURVE('',#5767,#6767);
#6767 = DEFINITIONAL_REPRESENTATION('',(#6768),#6772);
#6768 = LINE('',#6769,#6770);
#6769 = CARTESIAN_POINT('',(0.,8.));
#6770 = VECTOR('',#6771,1.);
#6771 = DIRECTION('',(1.,0.));
#6772 = ( GEOMETRIC_REPRESENTATION_CONTEXT(2) 
PARAMETRIC_REPRESENTATION_CONTEXT() REPRESENTATION_CONTEXT('2D SPACE',''
  ) );
#6773 = PCURVE('',#6174,#6774);
#6774 = DEFINITIONAL_REPRESENTATION('',(#6775),#6779);
#6775 = CIRCLE('',#6776,1.7);
#6776 = AXIS2_PLACEMENT_2D('',#6777,#6778);
#6777 = CARTESIAN_POINT('',(0.,0.));
#6778 = DIRECTION('',(1.,0.));
#6779 = ( GEOMETRIC_REPRESENTATION_CONTEXT(2) 
PARAMETRIC_REPRESENTATION_CONTEXT() REPRESENTATION_CONTEXT('2D SPACE',''
  ) );
#6780 = ORIENTED_EDGE('',*,*,#6781,.F.);
#6781 = EDGE_CURVE('',#5747,#6758,#6782,.T.);
#6782 = SEAM_CURVE('',#6783,(#6787,#6794),.PCURVE_S1.);
#6783 = LINE('',#6784,#6785);
#6784 = CARTESIAN_POINT('',(-15.,15.65,41.2));
#6785 = VECTOR('',#6786,1.);
#6786 = DIRECTION('',(0.,1.,0.));
#6787 = PCURVE('',#5767,#6788);
#6788 = DEFINITIONAL_REPRESENTATION('',(#6789),#6793);
#6789 = LINE('',#6790,#6791);
#6790 = CARTESIAN_POINT('',(6.28318530718,-0.));
#6791 = VECTOR('',#6792,1.);
#6792 = DIRECTION('',(0.,1.));
#6793 = ( GEOMETRIC_REPRESENTATION_CONTEXT(2) 
PARAMETRIC_REPRESENTATION_CONTEXT() REPRESENTATION_CONTEXT('2D SPACE',''
  ) );
#6794 = PCURVE('',#5767,#6795);
#6795 = DEFINITIONAL_REPRESENTATION('',(#6796),#6800);
#6796 = LINE('',#6797,#6798);
#6797 = CARTESIAN_POINT('',(0.,-0.));
#6798 = VECTOR('',#6799,1.);
#6799 = DIRECTION('',(0.,1.));
#6800 = ( GEOMETRIC_REPRESENTATION_CONTEXT(2) 
PARAMETRIC_REPRESENTATION_CONTEXT() REPRESENTATION_CONTEXT('2D SPACE',''
  ) );
#6801 = ORIENTED_EDGE('',*,*,#5746,.T.);
#6802 = ORIENTED_EDGE('',*,*,#6781,.T.);
#6803 = ADVANCED_FACE('',(#6804),#5971,.F.);
#6804 = FACE_BOUND('',#6805,.F.);
#6805 = EDGE_LOOP('',(#6806,#6829,#6851,#6852,#6853,#6854));
#6806 = ORIENTED_EDGE('',*,*,#6807,.T.);
#6807 = EDGE_CURVE('',#6210,#6808,#6810,.T.);
#6808 = VERTEX_POINT('',#6809);
#6809 = CARTESIAN_POINT('',(-15.3,30.,18.35));
#6810 = SEAM_CURVE('',#6811,(#6815,#6822),.PCURVE_S1.);
#6811 = LINE('',#6812,#6813);
#6812 = CARTESIAN_POINT('',(-18.5,30.,18.35));
#6813 = VECTOR('',#6814,1.);
#6814 = DIRECTION('',(1.,0.,0.));
#6815 = PCURVE('',#5971,#6816);
#6816 = DEFINITIONAL_REPRESENTATION('',(#6817),#6821);
#6817 = LINE('',#6818,#6819);
#6818 = CARTESIAN_POINT('',(6.28318530718,-0.));
#6819 = VECTOR('',#6820,1.);
#6820 = DIRECTION('',(0.,1.));
#6821 = ( GEOMETRIC_REPRESENTATION_CONTEXT(2) 
PARAMETRIC_REPRESENTATION_CONTEXT() REPRESENTATION_CONTEXT('2D SPACE',''
  ) );
#6822 = PCURVE('',#5971,#6823);
#6823 = DEFINITIONAL_REPRESENTATION('',(#6824),#6828);
#6824 = LINE('',#6825,#6826);
#6825 = CARTESIAN_POINT('',(0.,-0.));
#6826 = VECTOR('',#6827,1.);
#6827 = DIRECTION('',(0.,1.));
#6828 = ( GEOMETRIC_REPRESENTATION_CONTEXT(2) 
PARAMETRIC_REPRESENTATION_CONTEXT() REPRESENTATION_CONTEXT('2D SPACE',''
  ) );
#6829 = ORIENTED_EDGE('',*,*,#6830,.F.);
#6830 = EDGE_CURVE('',#6808,#6808,#6831,.T.);
#6831 = SURFACE_CURVE('',#6832,(#6837,#6844),.PCURVE_S1.);
#6832 = CIRCLE('',#6833,2.85);
#6833 = AXIS2_PLACEMENT_3D('',#6834,#6835,#6836);
#6834 = CARTESIAN_POINT('',(-15.3,30.,15.5));
#6835 = DIRECTION('',(1.,0.,0.));
#6836 = DIRECTION('',(-0.,0.,1.));
#6837 = PCURVE('',#5971,#6838);
#6838 = DEFINITIONAL_REPRESENTATION('',(#6839),#6843);
#6839 = LINE('',#6840,#6841);
#6840 = CARTESIAN_POINT('',(0.,3.2));
#6841 = VECTOR('',#6842,1.);
#6842 = DIRECTION('',(1.,0.));
#6843 = ( GEOMETRIC_REPRESENTATION_CONTEXT(2) 
PARAMETRIC_REPRESENTATION_CONTEXT() REPRESENTATION_CONTEXT('2D SPACE',''
  ) );
#6844 = PCURVE('',#6607,#6845);
#6845 = DEFINITIONAL_REPRESENTATION('',(#6846),#6850);
#6846 = CIRCLE('',#6847,2.85);
#6847 = AXIS2_PLACEMENT_2D('',#6848,#6849);
#6848 = CARTESIAN_POINT('',(0.,0.));
#6849 = DIRECTION('',(1.,0.));
#6850 = ( GEOMETRIC_REPRESENTATION_CONTEXT(2) 
PARAMETRIC_REPRESENTATION_CONTEXT() REPRESENTATION_CONTEXT('2D SPACE',''
  ) );
#6851 = ORIENTED_EDGE('',*,*,#6807,.F.);
#6852 = ORIENTED_EDGE('',*,*,#6209,.T.);
#6853 = ORIENTED_EDGE('',*,*,#5807,.T.);
#6854 = ORIENTED_EDGE('',*,*,#6233,.T.);
#6855 = ADVANCED_FACE('',(#6856,#6908),#6174,.T.);
#6856 = FACE_BOUND('',#6857,.T.);
#6857 = EDGE_LOOP('',(#6858,#6859,#6860,#6861,#6862,#6885,#6907));
#6858 = ORIENTED_EDGE('',*,*,#6645,.F.);
#6859 = ORIENTED_EDGE('',*,*,#6730,.F.);
#6860 = ORIENTED_EDGE('',*,*,#6677,.F.);
#6861 = ORIENTED_EDGE('',*,*,#6287,.F.);
#6862 = ORIENTED_EDGE('',*,*,#6863,.F.);
#6863 = EDGE_CURVE('',#6864,#6288,#6866,.T.);
#6864 = VERTEX_POINT('',#6865);
#6865 = CARTESIAN_POINT('',(-15.,23.65,32.75));
#6866 = SURFACE_CURVE('',#6867,(#6871,#6878),.PCURVE_S1.);
#6867 = LINE('',#6868,#6869);
#6868 = CARTESIAN_POINT('',(-15.,23.65,32.75));
#6869 = VECTOR('',#6870,1.);
#6870 = DIRECTION('',(1.,0.,0.));
#6871 = PCURVE('',#6174,#6872);
#6872 = DEFINITIONAL_REPRESENTATION('',(#6873),#6877);
#6873 = LINE('',#6874,#6875);
#6874 = CARTESIAN_POINT('',(-6.75,0.));
#6875 = VECTOR('',#6876,1.);
#6876 = DIRECTION('',(0.,1.));
#6877 = ( GEOMETRIC_REPRESENTATION_CONTEXT(2) 
PARAMETRIC_REPRESENTATION_CONTEXT() REPRESENTATION_CONTEXT('2D SPACE',''
  ) );
#6878 = PCURVE('',#6324,#6879);
#6879 = DEFINITIONAL_REPRESENTATION('',(#6880),#6884);
#6880 = LINE('',#6881,#6882);
#6881 = CARTESIAN_POINT('',(0.,-12.7));
#6882 = VECTOR('',#6883,1.);
#6883 = DIRECTION('',(1.,0.));
#6884 = ( GEOMETRIC_REPRESENTATION_CONTEXT(2) 
PARAMETRIC_REPRESENTATION_CONTEXT() REPRESENTATION_CONTEXT('2D SPACE',''
  ) );
#6885 = ORIENTED_EDGE('',*,*,#6886,.T.);
#6886 = EDGE_CURVE('',#6864,#6134,#6887,.T.);
#6887 = SURFACE_CURVE('',#6888,(#6893,#6900),.PCURVE_S1.);
#6888 = CIRCLE('',#6889,6.75);
#6889 = AXIS2_PLACEMENT_3D('',#6890,#6891,#6892);
#6890 = CARTESIAN_POINT('',(-15.,23.65,39.5));
#6891 = DIRECTION('',(0.,1.,0.));
#6892 = DIRECTION('',(0.,-0.,1.));
#6893 = PCURVE('',#6174,#6894);
#6894 = DEFINITIONAL_REPRESENTATION('',(#6895),#6899);
#6895 = CIRCLE('',#6896,6.75);
#6896 = AXIS2_PLACEMENT_2D('',#6897,#6898);
#6897 = CARTESIAN_POINT('',(0.,0.));
#6898 = DIRECTION('',(1.,0.));
#6899 = ( GEOMETRIC_REPRESENTATION_CONTEXT(2) 
PARAMETRIC_REPRESENTATION_CONTEXT() REPRESENTATION_CONTEXT('2D SPACE',''
  ) );
#6900 = PCURVE('',#6148,#6901);
#6901 = DEFINITIONAL_REPRESENTATION('',(#6902),#6906);
#6902 = LINE('',#6903,#6904);
#6903 = CARTESIAN_POINT('',(0.,0.));
#6904 = VECTOR('',#6905,1.);
#6905 = DIRECTION('',(1.,0.));
#6906 = ( GEOMETRIC_REPRESENTATION_CONTEXT(2) 
PARAMETRIC_REPRESENTATION_CONTEXT() REPRESENTATION_CONTEXT('2D SPACE',''
  ) );
#6907 = ORIENTED_EDGE('',*,*,#6159,.T.);
#6908 = FACE_BOUND('',#6909,.T.);
#6909 = EDGE_LOOP('',(#6910));
#6910 = ORIENTED_EDGE('',*,*,#6757,.F.);
#6911 = ADVANCED_FACE('',(#6912),#6148,.F.);
#6912 = FACE_BOUND('',#6913,.F.);
#6913 = EDGE_LOOP('',(#6914,#6938,#6959,#6960));
#6914 = ORIENTED_EDGE('',*,*,#6915,.F.);
#6915 = EDGE_CURVE('',#6916,#6107,#6918,.T.);
#6916 = VERTEX_POINT('',#6917);
#6917 = CARTESIAN_POINT('',(-15.,36.35,32.75));
#6918 = SURFACE_CURVE('',#6919,(#6924,#6931),.PCURVE_S1.);
#6919 = CIRCLE('',#6920,6.75);
#6920 = AXIS2_PLACEMENT_3D('',#6921,#6922,#6923);
#6921 = CARTESIAN_POINT('',(-15.,36.35,39.5));
#6922 = DIRECTION('',(0.,1.,0.));
#6923 = DIRECTION('',(0.,-0.,1.));
#6924 = PCURVE('',#6148,#6925);
#6925 = DEFINITIONAL_REPRESENTATION('',(#6926),#6930);
#6926 = LINE('',#6927,#6928);
#6927 = CARTESIAN_POINT('',(0.,12.7));
#6928 = VECTOR('',#6929,1.);
#6929 = DIRECTION('',(1.,0.));
#6930 = ( GEOMETRIC_REPRESENTATION_CONTEXT(2) 
PARAMETRIC_REPRESENTATION_CONTEXT() REPRESENTATION_CONTEXT('2D SPACE',''
  ) );
#6931 = PCURVE('',#6121,#6932);
#6932 = DEFINITIONAL_REPRESENTATION('',(#6933),#6937);
#6933 = CIRCLE('',#6934,6.75);
#6934 = AXIS2_PLACEMENT_2D('',#6935,#6936);
#6935 = CARTESIAN_POINT('',(0.,0.));
#6936 = DIRECTION('',(1.,0.));
#6937 = ( GEOMETRIC_REPRESENTATION_CONTEXT(2) 
PARAMETRIC_REPRESENTATION_CONTEXT() REPRESENTATION_CONTEXT('2D SPACE',''
  ) );
#6938 = ORIENTED_EDGE('',*,*,#6939,.T.);
#6939 = EDGE_CURVE('',#6916,#6864,#6940,.T.);
#6940 = SURFACE_CURVE('',#6941,(#6945,#6952),.PCURVE_S1.);
#6941 = LINE('',#6942,#6943);
#6942 = CARTESIAN_POINT('',(-15.,36.35,32.75));
#6943 = VECTOR('',#6944,1.);
#6944 = DIRECTION('',(0.,-1.,0.));
#6945 = PCURVE('',#6148,#6946);
#6946 = DEFINITIONAL_REPRESENTATION('',(#6947),#6951);
#6947 = LINE('',#6948,#6949);
#6948 = CARTESIAN_POINT('',(3.14159265359,12.7));
#6949 = VECTOR('',#6950,1.);
#6950 = DIRECTION('',(0.,-1.));
#6951 = ( GEOMETRIC_REPRESENTATION_CONTEXT(2) 
PARAMETRIC_REPRESENTATION_CONTEXT() REPRESENTATION_CONTEXT('2D SPACE',''
  ) );
#6952 = PCURVE('',#6324,#6953);
#6953 = DEFINITIONAL_REPRESENTATION('',(#6954),#6958);
#6954 = LINE('',#6955,#6956);
#6955 = CARTESIAN_POINT('',(0.,0.));
#6956 = VECTOR('',#6957,1.);
#6957 = DIRECTION('',(0.,-1.));
#6958 = ( GEOMETRIC_REPRESENTATION_CONTEXT(2) 
PARAMETRIC_REPRESENTATION_CONTEXT() REPRESENTATION_CONTEXT('2D SPACE',''
  ) );
#6959 = ORIENTED_EDGE('',*,*,#6886,.T.);
#6960 = ORIENTED_EDGE('',*,*,#6133,.T.);
#6961 = ADVANCED_FACE('',(#6962,#6991),#6121,.F.);
#6962 = FACE_BOUND('',#6963,.F.);
#6963 = EDGE_LOOP('',(#6964,#6965,#6966,#6967,#6968,#6989,#6990));
#6964 = ORIENTED_EDGE('',*,*,#6406,.T.);
#6965 = ORIENTED_EDGE('',*,*,#6487,.T.);
#6966 = ORIENTED_EDGE('',*,*,#6456,.F.);
#6967 = ORIENTED_EDGE('',*,*,#6335,.F.);
#6968 = ORIENTED_EDGE('',*,*,#6969,.F.);
#6969 = EDGE_CURVE('',#6916,#6310,#6970,.T.);
#6970 = SURFACE_CURVE('',#6971,(#6975,#6982),.PCURVE_S1.);
#6971 = LINE('',#6972,#6973);
#6972 = CARTESIAN_POINT('',(-15.,36.35,32.75));
#6973 = VECTOR('',#6974,1.);
#6974 = DIRECTION('',(1.,0.,0.));
#6975 = PCURVE('',#6121,#6976);
#6976 = DEFINITIONAL_REPRESENTATION('',(#6977),#6981);
#6977 = LINE('',#6978,#6979);
#6978 = CARTESIAN_POINT('',(-6.75,0.));
#6979 = VECTOR('',#6980,1.);
#6980 = DIRECTION('',(0.,1.));
#6981 = ( GEOMETRIC_REPRESENTATION_CONTEXT(2) 
PARAMETRIC_REPRESENTATION_CONTEXT() REPRESENTATION_CONTEXT('2D SPACE',''
  ) );
#6982 = PCURVE('',#6324,#6983);
#6983 = DEFINITIONAL_REPRESENTATION('',(#6984),#6988);
#6984 = LINE('',#6985,#6986);
#6985 = CARTESIAN_POINT('',(0.,0.));
#6986 = VECTOR('',#6987,1.);
#6987 = DIRECTION('',(1.,0.));
#6988 = ( GEOMETRIC_REPRESENTATION_CONTEXT(2) 
PARAMETRIC_REPRESENTATION_CONTEXT() REPRESENTATION_CONTEXT('2D SPACE',''
  ) );
#6989 = ORIENTED_EDGE('',*,*,#6915,.T.);
#6990 = ORIENTED_EDGE('',*,*,#6106,.T.);
#6991 = FACE_BOUND('',#6992,.F.);
#6992 = EDGE_LOOP('',(#6993));
#6993 = ORIENTED_EDGE('',*,*,#6994,.F.);
#6994 = EDGE_CURVE('',#6995,#6995,#6997,.T.);
#6995 = VERTEX_POINT('',#6996);
#6996 = CARTESIAN_POINT('',(-15.,36.35,41.2));
#6997 = SURFACE_CURVE('',#6998,(#7003,#7010),.PCURVE_S1.);
#6998 = CIRCLE('',#6999,1.7);
#6999 = AXIS2_PLACEMENT_3D('',#7000,#7001,#7002);
#7000 = CARTESIAN_POINT('',(-15.,36.35,39.5));
#7001 = DIRECTION('',(0.,1.,0.));
#7002 = DIRECTION('',(0.,-0.,1.));
#7003 = PCURVE('',#6121,#7004);
#7004 = DEFINITIONAL_REPRESENTATION('',(#7005),#7009);
#7005 = CIRCLE('',#7006,1.7);
#7006 = AXIS2_PLACEMENT_2D('',#7007,#7008);
#7007 = CARTESIAN_POINT('',(0.,0.));
#7008 = DIRECTION('',(1.,0.));
#7009 = ( GEOMETRIC_REPRESENTATION_CONTEXT(2) 
PARAMETRIC_REPRESENTATION_CONTEXT() REPRESENTATION_CONTEXT('2D SPACE',''
  ) );
#7010 = PCURVE('',#7011,#7016);
#7011 = CYLINDRICAL_SURFACE('',#7012,1.7);
#7012 = AXIS2_PLACEMENT_3D('',#7013,#7014,#7015);
#7013 = CARTESIAN_POINT('',(-15.,15.65,39.5));
#7014 = DIRECTION('',(0.,1.,0.));
#7015 = DIRECTION('',(0.,-0.,1.));
#7016 = DEFINITIONAL_REPRESENTATION('',(#7017),#7021);
#7017 = LINE('',#7018,#7019);
#7018 = CARTESIAN_POINT('',(0.,20.7));
#7019 = VECTOR('',#7020,1.);
#7020 = DIRECTION('',(1.,0.));
#7021 = ( GEOMETRIC_REPRESENTATION_CONTEXT(2) 
PARAMETRIC_REPRESENTATION_CONTEXT() REPRESENTATION_CONTEXT('2D SPACE',''
  ) );
#7022 = ADVANCED_FACE('',(#7023),#6324,.T.);
#7023 = FACE_BOUND('',#7024,.T.);
#7024 = EDGE_LOOP('',(#7025,#7026,#7027,#7028));
#7025 = ORIENTED_EDGE('',*,*,#6969,.F.);
#7026 = ORIENTED_EDGE('',*,*,#6939,.T.);
#7027 = ORIENTED_EDGE('',*,*,#6863,.T.);
#7028 = ORIENTED_EDGE('',*,*,#6309,.T.);
#7029 = ADVANCED_FACE('',(#7030,#7033),#6551,.T.);
#7030 = FACE_BOUND('',#7031,.T.);
#7031 = EDGE_LOOP('',(#7032));
#7032 = ORIENTED_EDGE('',*,*,#6536,.T.);
#7033 = FACE_BOUND('',#7034,.T.);
#7034 = EDGE_LOOP('',(#7035));
#7035 = ORIENTED_EDGE('',*,*,#7036,.F.);
#7036 = EDGE_CURVE('',#7037,#7037,#7039,.T.);
#7037 = VERTEX_POINT('',#7038);
#7038 = CARTESIAN_POINT('',(-15.,38.35,41.2));
#7039 = SURFACE_CURVE('',#7040,(#7045,#7052),.PCURVE_S1.);
#7040 = CIRCLE('',#7041,1.7);
#7041 = AXIS2_PLACEMENT_3D('',#7042,#7043,#7044);
#7042 = CARTESIAN_POINT('',(-15.,38.35,39.5));
#7043 = DIRECTION('',(0.,1.,0.));
#7044 = DIRECTION('',(0.,-0.,1.));
#7045 = PCURVE('',#6551,#7046);
#7046 = DEFINITIONAL_REPRESENTATION('',(#7047),#7051);
#7047 = CIRCLE('',#7048,1.7);
#7048 = AXIS2_PLACEMENT_2D('',#7049,#7050);
#7049 = CARTESIAN_POINT('',(0.,0.));
#7050 = DIRECTION('',(1.,0.));
#7051 = ( GEOMETRIC_REPRESENTATION_CONTEXT(2) 
PARAMETRIC_REPRESENTATION_CONTEXT() REPRESENTATION_CONTEXT('2D SPACE',''
  ) );
#7052 = PCURVE('',#7011,#7053);
#7053 = DEFINITIONAL_REPRESENTATION('',(#7054),#7058);
#7054 = LINE('',#7055,#7056);
#7055 = CARTESIAN_POINT('',(0.,22.7));
#7056 = VECTOR('',#7057,1.);
#7057 = DIRECTION('',(1.,0.));
#7058 = ( GEOMETRIC_REPRESENTATION_CONTEXT(2) 
PARAMETRIC_REPRESENTATION_CONTEXT() REPRESENTATION_CONTEXT('2D SPACE',''
  ) );
#7059 = ADVANCED_FACE('',(#7060,#7063),#6607,.F.);
#7060 = FACE_BOUND('',#7061,.F.);
#7061 = EDGE_LOOP('',(#7062));
#7062 = ORIENTED_EDGE('',*,*,#6830,.T.);
#7063 = FACE_BOUND('',#7064,.F.);
#7064 = EDGE_LOOP('',(#7065));
#7065 = ORIENTED_EDGE('',*,*,#6592,.F.);
#7066 = ADVANCED_FACE('',(#7067),#7011,.F.);
#7067 = FACE_BOUND('',#7068,.F.);
#7068 = EDGE_LOOP('',(#7069,#7070,#7091,#7092));
#7069 = ORIENTED_EDGE('',*,*,#6994,.T.);
#7070 = ORIENTED_EDGE('',*,*,#7071,.T.);
#7071 = EDGE_CURVE('',#6995,#7037,#7072,.T.);
#7072 = SEAM_CURVE('',#7073,(#7077,#7084),.PCURVE_S1.);
#7073 = LINE('',#7074,#7075);
#7074 = CARTESIAN_POINT('',(-15.,15.65,41.2));
#7075 = VECTOR('',#7076,1.);
#7076 = DIRECTION('',(0.,1.,0.));
#7077 = PCURVE('',#7011,#7078);
#7078 = DEFINITIONAL_REPRESENTATION('',(#7079),#7083);
#7079 = LINE('',#7080,#7081);
#7080 = CARTESIAN_POINT('',(0.,-0.));
#7081 = VECTOR('',#7082,1.);
#7082 = DIRECTION('',(0.,1.));
#7083 = ( GEOMETRIC_REPRESENTATION_CONTEXT(2) 
PARAMETRIC_REPRESENTATION_CONTEXT() REPRESENTATION_CONTEXT('2D SPACE',''
  ) );
#7084 = PCURVE('',#7011,#7085);
#7085 = DEFINITIONAL_REPRESENTATION('',(#7086),#7090);
#7086 = LINE('',#7087,#7088);
#7087 = CARTESIAN_POINT('',(6.28318530718,-0.));
#7088 = VECTOR('',#7089,1.);
#7089 = DIRECTION('',(0.,1.));
#7090 = ( GEOMETRIC_REPRESENTATION_CONTEXT(2) 
PARAMETRIC_REPRESENTATION_CONTEXT() REPRESENTATION_CONTEXT('2D SPACE',''
  ) );
#7091 = ORIENTED_EDGE('',*,*,#7036,.F.);
#7092 = ORIENTED_EDGE('',*,*,#7071,.F.);
#7093 = ( GEOMETRIC_REPRESENTATION_CONTEXT(3) 
GLOBAL_UNCERTAINTY_ASSIGNED_CONTEXT((#7097)) 
GLOBAL_UNIT_ASSIGNED_CONTEXT((#7094,#7095,#7096)) REPRESENTATION_CONTEXT
('Context #1','3D Context with UNIT and UNCERTAINTY') );
#7094 = ( LENGTH_UNIT() NAMED_UNIT(*) SI_UNIT(.MILLI.,.METRE.) );
#7095 = ( NAMED_UNIT(*) PLANE_ANGLE_UNIT() SI_UNIT($,.RADIAN.) );
#7096 = ( NAMED_UNIT(*) SI_UNIT($,.STERADIAN.) SOLID_ANGLE_UNIT() );
#7097 = UNCERTAINTY_MEASURE_WITH_UNIT(LENGTH_MEASURE(1.E-07),#7094,
  'distance_accuracy_value','confusion accuracy');
#7098 = CONTEXT_DEPENDENT_SHAPE_REPRESENTATION(#7099,#7101);
#7099 = ( REPRESENTATION_RELATIONSHIP('','',#4721,#2304) 
REPRESENTATION_RELATIONSHIP_WITH_TRANSFORMATION(#7100) 
SHAPE_REPRESENTATION_RELATIONSHIP() );
#7100 = ITEM_DEFINED_TRANSFORMATION('','',#11,#2309);
#7101 = PRODUCT_DEFINITION_SHAPE('Placement','Placement of an item',
  #7102);
#7102 = NEXT_ASSEMBLY_USAGE_OCCURRENCE('5','','',#2299,#4716,$);
#7103 = PRODUCT_RELATED_PRODUCT_CATEGORY('part',$,(#4718));
#7104 = SHAPE_DEFINITION_REPRESENTATION(#7105,#7111);
#7105 = PRODUCT_DEFINITION_SHAPE('','',#7106);
#7106 = PRODUCT_DEFINITION('design','',#7107,#7110);
#7107 = PRODUCT_DEFINITION_FORMATION('','',#7108);
#7108 = PRODUCT('Open CASCADE STEP translator 7.9 4.3',
  'Open CASCADE STEP translator 7.9 4.3','',(#7109));
#7109 = PRODUCT_CONTEXT('',#2,'mechanical');
#7110 = PRODUCT_DEFINITION_CONTEXT('part definition',#2,'design');
#7111 = ADVANCED_BREP_SHAPE_REPRESENTATION('',(#11,#7112),#10969);
#7112 = MANIFOLD_SOLID_BREP('',#7113);
#7113 = CLOSED_SHELL('',(#7114,#7234,#7612,#7662,#7818,#8091,#8138,#8165
    ,#8192,#8219,#8392,#8419,#8653,#8742,#8769,#8796,#8803,#8879,#8955,
    #9093,#9248,#9354,#9492,#9647,#9753,#9780,#9862,#9911,#9960,#10009,
    #10056,#10082,#10195,#10308,#10353,#10492,#10517,#10547,#10575,
    #10620,#10627,#10634,#10679,#10818,#10843,#10873,#10901,#10946,
    #10953,#10960));
#7114 = ADVANCED_FACE('',(#7115),#7129,.F.);
#7115 = FACE_BOUND('',#7116,.F.);
#7116 = EDGE_LOOP('',(#7117,#7152,#7180,#7208));
#7117 = ORIENTED_EDGE('',*,*,#7118,.F.);
#7118 = EDGE_CURVE('',#7119,#7121,#7123,.T.);
#7119 = VERTEX_POINT('',#7120);
#7120 = CARTESIAN_POINT('',(4.5,48.5,37.));
#7121 = VERTEX_POINT('',#7122);
#7122 = CARTESIAN_POINT('',(12.2,48.5,37.));
#7123 = SURFACE_CURVE('',#7124,(#7128,#7140),.PCURVE_S1.);
#7124 = LINE('',#7125,#7126);
#7125 = CARTESIAN_POINT('',(0.,48.5,37.));
#7126 = VECTOR('',#7127,1.);
#7127 = DIRECTION('',(1.,0.,0.));
#7128 = PCURVE('',#7129,#7134);
#7129 = PLANE('',#7130);
#7130 = AXIS2_PLACEMENT_3D('',#7131,#7132,#7133);
#7131 = CARTESIAN_POINT('',(0.,48.5,37.));
#7132 = DIRECTION('',(-0.,0.,1.));
#7133 = DIRECTION('',(1.,0.,0.));
#7134 = DEFINITIONAL_REPRESENTATION('',(#7135),#7139);
#7135 = LINE('',#7136,#7137);
#7136 = CARTESIAN_POINT('',(0.,0.));
#7137 = VECTOR('',#7138,1.);
#7138 = DIRECTION('',(1.,0.));
#7139 = ( GEOMETRIC_REPRESENTATION_CONTEXT(2) 
PARAMETRIC_REPRESENTATION_CONTEXT() REPRESENTATION_CONTEXT('2D SPACE',''
  ) );
#7140 = PCURVE('',#7141,#7146);
#7141 = PLANE('',#7142);
#7142 = AXIS2_PLACEMENT_3D('',#7143,#7144,#7145);
#7143 = CARTESIAN_POINT('',(7.,48.5,45.8));
#7144 = DIRECTION('',(-0.,-1.,-0.));
#7145 = DIRECTION('',(0.,0.,-1.));
#7146 = DEFINITIONAL_REPRESENTATION('',(#7147),#7151);
#7147 = LINE('',#7148,#7149);
#7148 = CARTESIAN_POINT('',(8.8,-7.));
#7149 = VECTOR('',#7150,1.);
#7150 = DIRECTION('',(0.,1.));
#7151 = ( GEOMETRIC_REPRESENTATION_CONTEXT(2) 
PARAMETRIC_REPRESENTATION_CONTEXT() REPRESENTATION_CONTEXT('2D SPACE',''
  ) );
#7152 = ORIENTED_EDGE('',*,*,#7153,.T.);
#7153 = EDGE_CURVE('',#7119,#7154,#7156,.T.);
#7154 = VERTEX_POINT('',#7155);
#7155 = CARTESIAN_POINT('',(4.5,-48.5,37.));
#7156 = SURFACE_CURVE('',#7157,(#7161,#7168),.PCURVE_S1.);
#7157 = LINE('',#7158,#7159);
#7158 = CARTESIAN_POINT('',(4.5,48.5,37.));
#7159 = VECTOR('',#7160,1.);
#7160 = DIRECTION('',(0.,-1.,0.));
#7161 = PCURVE('',#7129,#7162);
#7162 = DEFINITIONAL_REPRESENTATION('',(#7163),#7167);
#7163 = LINE('',#7164,#7165);
#7164 = CARTESIAN_POINT('',(4.5,0.));
#7165 = VECTOR('',#7166,1.);
#7166 = DIRECTION('',(0.,-1.));
#7167 = ( GEOMETRIC_REPRESENTATION_CONTEXT(2) 
PARAMETRIC_REPRESENTATION_CONTEXT() REPRESENTATION_CONTEXT('2D SPACE',''
  ) );
#7168 = PCURVE('',#7169,#7174);
#7169 = CYLINDRICAL_SURFACE('',#7170,4.5);
#7170 = AXIS2_PLACEMENT_3D('',#7171,#7172,#7173);
#7171 = CARTESIAN_POINT('',(4.5,48.5,41.5));
#7172 = DIRECTION('',(0.,-1.,0.));
#7173 = DIRECTION('',(0.,-0.,-1.));
#7174 = DEFINITIONAL_REPRESENTATION('',(#7175),#7179);
#7175 = LINE('',#7176,#7177);
#7176 = CARTESIAN_POINT('',(-0.,0.));
#7177 = VECTOR('',#7178,1.);
#7178 = DIRECTION('',(-0.,1.));
#7179 = ( GEOMETRIC_REPRESENTATION_CONTEXT(2) 
PARAMETRIC_REPRESENTATION_CONTEXT() REPRESENTATION_CONTEXT('2D SPACE',''
  ) );
#7180 = ORIENTED_EDGE('',*,*,#7181,.T.);
#7181 = EDGE_CURVE('',#7154,#7182,#7184,.T.);
#7182 = VERTEX_POINT('',#7183);
#7183 = CARTESIAN_POINT('',(12.2,-48.5,37.));
#7184 = SURFACE_CURVE('',#7185,(#7189,#7196),.PCURVE_S1.);
#7185 = LINE('',#7186,#7187);
#7186 = CARTESIAN_POINT('',(0.,-48.5,37.));
#7187 = VECTOR('',#7188,1.);
#7188 = DIRECTION('',(1.,0.,0.));
#7189 = PCURVE('',#7129,#7190);
#7190 = DEFINITIONAL_REPRESENTATION('',(#7191),#7195);
#7191 = LINE('',#7192,#7193);
#7192 = CARTESIAN_POINT('',(0.,-97.));
#7193 = VECTOR('',#7194,1.);
#7194 = DIRECTION('',(1.,0.));
#7195 = ( GEOMETRIC_REPRESENTATION_CONTEXT(2) 
PARAMETRIC_REPRESENTATION_CONTEXT() REPRESENTATION_CONTEXT('2D SPACE',''
  ) );
#7196 = PCURVE('',#7197,#7202);
#7197 = PLANE('',#7198);
#7198 = AXIS2_PLACEMENT_3D('',#7199,#7200,#7201);
#7199 = CARTESIAN_POINT('',(7.,-48.5,45.8));
#7200 = DIRECTION('',(-0.,-1.,-0.));
#7201 = DIRECTION('',(0.,0.,-1.));
#7202 = DEFINITIONAL_REPRESENTATION('',(#7203),#7207);
#7203 = LINE('',#7204,#7205);
#7204 = CARTESIAN_POINT('',(8.8,-7.));
#7205 = VECTOR('',#7206,1.);
#7206 = DIRECTION('',(0.,1.));
#7207 = ( GEOMETRIC_REPRESENTATION_CONTEXT(2) 
PARAMETRIC_REPRESENTATION_CONTEXT() REPRESENTATION_CONTEXT('2D SPACE',''
  ) );
#7208 = ORIENTED_EDGE('',*,*,#7209,.F.);
#7209 = EDGE_CURVE('',#7121,#7182,#7210,.T.);
#7210 = SURFACE_CURVE('',#7211,(#7215,#7222),.PCURVE_S1.);
#7211 = LINE('',#7212,#7213);
#7212 = CARTESIAN_POINT('',(12.2,48.5,37.));
#7213 = VECTOR('',#7214,1.);
#7214 = DIRECTION('',(0.,-1.,0.));
#7215 = PCURVE('',#7129,#7216);
#7216 = DEFINITIONAL_REPRESENTATION('',(#7217),#7221);
#7217 = LINE('',#7218,#7219);
#7218 = CARTESIAN_POINT('',(12.2,0.));
#7219 = VECTOR('',#7220,1.);
#7220 = DIRECTION('',(0.,-1.));
#7221 = ( GEOMETRIC_REPRESENTATION_CONTEXT(2) 
PARAMETRIC_REPRESENTATION_CONTEXT() REPRESENTATION_CONTEXT('2D SPACE',''
  ) );
#7222 = PCURVE('',#7223,#7228);
#7223 = CYLINDRICAL_SURFACE('',#7224,1.8);
#7224 = AXIS2_PLACEMENT_3D('',#7225,#7226,#7227);
#7225 = CARTESIAN_POINT('',(12.2,48.5,38.8));
#7226 = DIRECTION('',(0.,-1.,0.));
#7227 = DIRECTION('',(0.,-0.,-1.));
#7228 = DEFINITIONAL_REPRESENTATION('',(#7229),#7233);
#7229 = LINE('',#7230,#7231);
#7230 = CARTESIAN_POINT('',(0.,0.));
#7231 = VECTOR('',#7232,1.);
#7232 = DIRECTION('',(0.,1.));
#7233 = ( GEOMETRIC_REPRESENTATION_CONTEXT(2) 
PARAMETRIC_REPRESENTATION_CONTEXT() REPRESENTATION_CONTEXT('2D SPACE',''
  ) );
#7234 = ADVANCED_FACE('',(#7235),#7141,.F.);
#7235 = FACE_BOUND('',#7236,.F.);
#7236 = EDGE_LOOP('',(#7237,#7267,#7300,#7328,#7354,#7355,#7379,#7407,
    #7436,#7464,#7492,#7520,#7553,#7581));
#7237 = ORIENTED_EDGE('',*,*,#7238,.T.);
#7238 = EDGE_CURVE('',#7239,#7241,#7243,.T.);
#7239 = VERTEX_POINT('',#7240);
#7240 = CARTESIAN_POINT('',(12.2,48.5,54.6));
#7241 = VERTEX_POINT('',#7242);
#7242 = CARTESIAN_POINT('',(4.5,48.5,54.6));
#7243 = SURFACE_CURVE('',#7244,(#7248,#7255),.PCURVE_S1.);
#7244 = LINE('',#7245,#7246);
#7245 = CARTESIAN_POINT('',(14.,48.5,54.6));
#7246 = VECTOR('',#7247,1.);
#7247 = DIRECTION('',(-1.,0.,0.));
#7248 = PCURVE('',#7141,#7249);
#7249 = DEFINITIONAL_REPRESENTATION('',(#7250),#7254);
#7250 = LINE('',#7251,#7252);
#7251 = CARTESIAN_POINT('',(-8.8,7.));
#7252 = VECTOR('',#7253,1.);
#7253 = DIRECTION('',(0.,-1.));
#7254 = ( GEOMETRIC_REPRESENTATION_CONTEXT(2) 
PARAMETRIC_REPRESENTATION_CONTEXT() REPRESENTATION_CONTEXT('2D SPACE',''
  ) );
#7255 = PCURVE('',#7256,#7261);
#7256 = PLANE('',#7257);
#7257 = AXIS2_PLACEMENT_3D('',#7258,#7259,#7260);
#7258 = CARTESIAN_POINT('',(14.,48.5,54.6));
#7259 = DIRECTION('',(-0.,-0.,-1.));
#7260 = DIRECTION('',(-1.,0.,0.));
#7261 = DEFINITIONAL_REPRESENTATION('',(#7262),#7266);
#7262 = LINE('',#7263,#7264);
#7263 = CARTESIAN_POINT('',(0.,0.));
#7264 = VECTOR('',#7265,1.);
#7265 = DIRECTION('',(1.,0.));
#7266 = ( GEOMETRIC_REPRESENTATION_CONTEXT(2) 
PARAMETRIC_REPRESENTATION_CONTEXT() REPRESENTATION_CONTEXT('2D SPACE',''
  ) );
#7267 = ORIENTED_EDGE('',*,*,#7268,.F.);
#7268 = EDGE_CURVE('',#7269,#7241,#7271,.T.);
#7269 = VERTEX_POINT('',#7270);
#7270 = CARTESIAN_POINT('',(-8.881784197001E-16,48.5,50.1));
#7271 = SURFACE_CURVE('',#7272,(#7277,#7288),.PCURVE_S1.);
#7272 = CIRCLE('',#7273,4.5);
#7273 = AXIS2_PLACEMENT_3D('',#7274,#7275,#7276);
#7274 = CARTESIAN_POINT('',(4.5,48.5,50.1));
#7275 = DIRECTION('',(-0.,1.,0.));
#7276 = DIRECTION('',(0.,0.,-1.));
#7277 = PCURVE('',#7141,#7278);
#7278 = DEFINITIONAL_REPRESENTATION('',(#7279),#7287);
#7279 = ( BOUNDED_CURVE() B_SPLINE_CURVE(2,(#7280,#7281,#7282,#7283,
#7284,#7285,#7286),.UNSPECIFIED.,.T.,.F.) B_SPLINE_CURVE_WITH_KNOTS((1,2
    ,2,2,2,1),(-2.094395102393,0.,2.094395102393,4.188790204786,
6.28318530718,8.377580409573),.UNSPECIFIED.) CURVE() 
GEOMETRIC_REPRESENTATION_ITEM() RATIONAL_B_SPLINE_CURVE((1.,0.5,1.,0.5,
1.,0.5,1.)) REPRESENTATION_ITEM('') );
#7280 = CARTESIAN_POINT('',(0.2,-2.5));
#7281 = CARTESIAN_POINT('',(0.2,-10.29422863406));
#7282 = CARTESIAN_POINT('',(-6.55,-6.39711431703));
#7283 = CARTESIAN_POINT('',(-13.3,-2.5));
#7284 = CARTESIAN_POINT('',(-6.55,1.39711431703));
#7285 = CARTESIAN_POINT('',(0.2,5.29422863406));
#7286 = CARTESIAN_POINT('',(0.2,-2.5));
#7287 = ( GEOMETRIC_REPRESENTATION_CONTEXT(2) 
PARAMETRIC_REPRESENTATION_CONTEXT() REPRESENTATION_CONTEXT('2D SPACE',''
  ) );
#7288 = PCURVE('',#7289,#7294);
#7289 = CYLINDRICAL_SURFACE('',#7290,4.5);
#7290 = AXIS2_PLACEMENT_3D('',#7291,#7292,#7293);
#7291 = CARTESIAN_POINT('',(4.5,48.5,50.1));
#7292 = DIRECTION('',(0.,-1.,0.));
#7293 = DIRECTION('',(-1.,-0.,0.));
#7294 = DEFINITIONAL_REPRESENTATION('',(#7295),#7299);
#7295 = LINE('',#7296,#7297);
#7296 = CARTESIAN_POINT('',(1.570796326795,-0.));
#7297 = VECTOR('',#7298,1.);
#7298 = DIRECTION('',(-1.,0.));
#7299 = ( GEOMETRIC_REPRESENTATION_CONTEXT(2) 
PARAMETRIC_REPRESENTATION_CONTEXT() REPRESENTATION_CONTEXT('2D SPACE',''
  ) );
#7300 = ORIENTED_EDGE('',*,*,#7301,.T.);
#7301 = EDGE_CURVE('',#7269,#7302,#7304,.T.);
#7302 = VERTEX_POINT('',#7303);
#7303 = CARTESIAN_POINT('',(-8.881784197001E-16,48.5,41.5));
#7304 = SURFACE_CURVE('',#7305,(#7309,#7316),.PCURVE_S1.);
#7305 = LINE('',#7306,#7307);
#7306 = CARTESIAN_POINT('',(0.,48.5,54.6));
#7307 = VECTOR('',#7308,1.);
#7308 = DIRECTION('',(0.,0.,-1.));
#7309 = PCURVE('',#7141,#7310);
#7310 = DEFINITIONAL_REPRESENTATION('',(#7311),#7315);
#7311 = LINE('',#7312,#7313);
#7312 = CARTESIAN_POINT('',(-8.8,-7.));
#7313 = VECTOR('',#7314,1.);
#7314 = DIRECTION('',(1.,0.));
#7315 = ( GEOMETRIC_REPRESENTATION_CONTEXT(2) 
PARAMETRIC_REPRESENTATION_CONTEXT() REPRESENTATION_CONTEXT('2D SPACE',''
  ) );
#7316 = PCURVE('',#7317,#7322);
#7317 = PLANE('',#7318);
#7318 = AXIS2_PLACEMENT_3D('',#7319,#7320,#7321);
#7319 = CARTESIAN_POINT('',(0.,48.5,54.6));
#7320 = DIRECTION('',(1.,0.,0.));
#7321 = DIRECTION('',(0.,0.,-1.));
#7322 = DEFINITIONAL_REPRESENTATION('',(#7323),#7327);
#7323 = LINE('',#7324,#7325);
#7324 = CARTESIAN_POINT('',(0.,0.));
#7325 = VECTOR('',#7326,1.);
#7326 = DIRECTION('',(1.,0.));
#7327 = ( GEOMETRIC_REPRESENTATION_CONTEXT(2) 
PARAMETRIC_REPRESENTATION_CONTEXT() REPRESENTATION_CONTEXT('2D SPACE',''
  ) );
#7328 = ORIENTED_EDGE('',*,*,#7329,.F.);
#7329 = EDGE_CURVE('',#7119,#7302,#7330,.T.);
#7330 = SURFACE_CURVE('',#7331,(#7336,#7347),.PCURVE_S1.);
#7331 = CIRCLE('',#7332,4.5);
#7332 = AXIS2_PLACEMENT_3D('',#7333,#7334,#7335);
#7333 = CARTESIAN_POINT('',(4.5,48.5,41.5));
#7334 = DIRECTION('',(-0.,1.,0.));
#7335 = DIRECTION('',(0.,0.,-1.));
#7336 = PCURVE('',#7141,#7337);
#7337 = DEFINITIONAL_REPRESENTATION('',(#7338),#7346);
#7338 = ( BOUNDED_CURVE() B_SPLINE_CURVE(2,(#7339,#7340,#7341,#7342,
#7343,#7344,#7345),.UNSPECIFIED.,.T.,.F.) B_SPLINE_CURVE_WITH_KNOTS((1,2
    ,2,2,2,1),(-2.094395102393,0.,2.094395102393,4.188790204786,
6.28318530718,8.377580409573),.UNSPECIFIED.) CURVE() 
GEOMETRIC_REPRESENTATION_ITEM() RATIONAL_B_SPLINE_CURVE((1.,0.5,1.,0.5,
1.,0.5,1.)) REPRESENTATION_ITEM('') );
#7339 = CARTESIAN_POINT('',(8.8,-2.5));
#7340 = CARTESIAN_POINT('',(8.8,-10.29422863406));
#7341 = CARTESIAN_POINT('',(2.05,-6.39711431703));
#7342 = CARTESIAN_POINT('',(-4.7,-2.5));
#7343 = CARTESIAN_POINT('',(2.05,1.39711431703));
#7344 = CARTESIAN_POINT('',(8.8,5.29422863406));
#7345 = CARTESIAN_POINT('',(8.8,-2.5));
#7346 = ( GEOMETRIC_REPRESENTATION_CONTEXT(2) 
PARAMETRIC_REPRESENTATION_CONTEXT() REPRESENTATION_CONTEXT('2D SPACE',''
  ) );
#7347 = PCURVE('',#7169,#7348);
#7348 = DEFINITIONAL_REPRESENTATION('',(#7349),#7353);
#7349 = LINE('',#7350,#7351);
#7350 = CARTESIAN_POINT('',(-0.,0.));
#7351 = VECTOR('',#7352,1.);
#7352 = DIRECTION('',(-1.,0.));
#7353 = ( GEOMETRIC_REPRESENTATION_CONTEXT(2) 
PARAMETRIC_REPRESENTATION_CONTEXT() REPRESENTATION_CONTEXT('2D SPACE',''
  ) );
#7354 = ORIENTED_EDGE('',*,*,#7118,.T.);
#7355 = ORIENTED_EDGE('',*,*,#7356,.T.);
#7356 = EDGE_CURVE('',#7121,#7357,#7359,.T.);
#7357 = VERTEX_POINT('',#7358);
#7358 = CARTESIAN_POINT('',(14.,48.5,38.8));
#7359 = SURFACE_CURVE('',#7360,(#7365,#7372),.PCURVE_S1.);
#7360 = CIRCLE('',#7361,1.8);
#7361 = AXIS2_PLACEMENT_3D('',#7362,#7363,#7364);
#7362 = CARTESIAN_POINT('',(12.2,48.5,38.8));
#7363 = DIRECTION('',(0.,-1.,0.));
#7364 = DIRECTION('',(0.,-0.,-1.));
#7365 = PCURVE('',#7141,#7366);
#7366 = DEFINITIONAL_REPRESENTATION('',(#7367),#7371);
#7367 = CIRCLE('',#7368,1.8);
#7368 = AXIS2_PLACEMENT_2D('',#7369,#7370);
#7369 = CARTESIAN_POINT('',(7.,5.2));
#7370 = DIRECTION('',(1.,0.));
#7371 = ( GEOMETRIC_REPRESENTATION_CONTEXT(2) 
PARAMETRIC_REPRESENTATION_CONTEXT() REPRESENTATION_CONTEXT('2D SPACE',''
  ) );
#7372 = PCURVE('',#7223,#7373);
#7373 = DEFINITIONAL_REPRESENTATION('',(#7374),#7378);
#7374 = LINE('',#7375,#7376);
#7375 = CARTESIAN_POINT('',(0.,0.));
#7376 = VECTOR('',#7377,1.);
#7377 = DIRECTION('',(1.,0.));
#7378 = ( GEOMETRIC_REPRESENTATION_CONTEXT(2) 
PARAMETRIC_REPRESENTATION_CONTEXT() REPRESENTATION_CONTEXT('2D SPACE',''
  ) );
#7379 = ORIENTED_EDGE('',*,*,#7380,.T.);
#7380 = EDGE_CURVE('',#7357,#7381,#7383,.T.);
#7381 = VERTEX_POINT('',#7382);
#7382 = CARTESIAN_POINT('',(14.,48.5,40.2));
#7383 = SURFACE_CURVE('',#7384,(#7388,#7395),.PCURVE_S1.);
#7384 = LINE('',#7385,#7386);
#7385 = CARTESIAN_POINT('',(14.,48.5,37.));
#7386 = VECTOR('',#7387,1.);
#7387 = DIRECTION('',(0.,0.,1.));
#7388 = PCURVE('',#7141,#7389);
#7389 = DEFINITIONAL_REPRESENTATION('',(#7390),#7394);
#7390 = LINE('',#7391,#7392);
#7391 = CARTESIAN_POINT('',(8.8,7.));
#7392 = VECTOR('',#7393,1.);
#7393 = DIRECTION('',(-1.,0.));
#7394 = ( GEOMETRIC_REPRESENTATION_CONTEXT(2) 
PARAMETRIC_REPRESENTATION_CONTEXT() REPRESENTATION_CONTEXT('2D SPACE',''
  ) );
#7395 = PCURVE('',#7396,#7401);
#7396 = PLANE('',#7397);
#7397 = AXIS2_PLACEMENT_3D('',#7398,#7399,#7400);
#7398 = CARTESIAN_POINT('',(14.,48.5,37.));
#7399 = DIRECTION('',(-1.,0.,0.));
#7400 = DIRECTION('',(0.,0.,1.));
#7401 = DEFINITIONAL_REPRESENTATION('',(#7402),#7406);
#7402 = LINE('',#7403,#7404);
#7403 = CARTESIAN_POINT('',(0.,0.));
#7404 = VECTOR('',#7405,1.);
#7405 = DIRECTION('',(1.,0.));
#7406 = ( GEOMETRIC_REPRESENTATION_CONTEXT(2) 
PARAMETRIC_REPRESENTATION_CONTEXT() REPRESENTATION_CONTEXT('2D SPACE',''
  ) );
#7407 = ORIENTED_EDGE('',*,*,#7408,.T.);
#7408 = EDGE_CURVE('',#7381,#7409,#7411,.T.);
#7409 = VERTEX_POINT('',#7410);
#7410 = CARTESIAN_POINT('',(12.2,48.5,42.));
#7411 = SURFACE_CURVE('',#7412,(#7417,#7424),.PCURVE_S1.);
#7412 = CIRCLE('',#7413,1.8);
#7413 = AXIS2_PLACEMENT_3D('',#7414,#7415,#7416);
#7414 = CARTESIAN_POINT('',(12.2,48.5,40.2));
#7415 = DIRECTION('',(-0.,-1.,0.));
#7416 = DIRECTION('',(0.,-0.,1.));
#7417 = PCURVE('',#7141,#7418);
#7418 = DEFINITIONAL_REPRESENTATION('',(#7419),#7423);
#7419 = CIRCLE('',#7420,1.8);
#7420 = AXIS2_PLACEMENT_2D('',#7421,#7422);
#7421 = CARTESIAN_POINT('',(5.6,5.2));
#7422 = DIRECTION('',(-1.,0.));
#7423 = ( GEOMETRIC_REPRESENTATION_CONTEXT(2) 
PARAMETRIC_REPRESENTATION_CONTEXT() REPRESENTATION_CONTEXT('2D SPACE',''
  ) );
#7424 = PCURVE('',#7425,#7430);
#7425 = CYLINDRICAL_SURFACE('',#7426,1.8);
#7426 = AXIS2_PLACEMENT_3D('',#7427,#7428,#7429);
#7427 = CARTESIAN_POINT('',(12.2,-48.5,40.2));
#7428 = DIRECTION('',(0.,1.,0.));
#7429 = DIRECTION('',(1.,0.,-0.));
#7430 = DEFINITIONAL_REPRESENTATION('',(#7431),#7435);
#7431 = LINE('',#7432,#7433);
#7432 = CARTESIAN_POINT('',(4.712388980385,97.));
#7433 = VECTOR('',#7434,1.);
#7434 = DIRECTION('',(-1.,0.));
#7435 = ( GEOMETRIC_REPRESENTATION_CONTEXT(2) 
PARAMETRIC_REPRESENTATION_CONTEXT() REPRESENTATION_CONTEXT('2D SPACE',''
  ) );
#7436 = ORIENTED_EDGE('',*,*,#7437,.F.);
#7437 = EDGE_CURVE('',#7438,#7409,#7440,.T.);
#7438 = VERTEX_POINT('',#7439);
#7439 = CARTESIAN_POINT('',(5.,48.5,42.));
#7440 = SURFACE_CURVE('',#7441,(#7445,#7452),.PCURVE_S1.);
#7441 = LINE('',#7442,#7443);
#7442 = CARTESIAN_POINT('',(5.,48.5,42.));
#7443 = VECTOR('',#7444,1.);
#7444 = DIRECTION('',(1.,0.,0.));
#7445 = PCURVE('',#7141,#7446);
#7446 = DEFINITIONAL_REPRESENTATION('',(#7447),#7451);
#7447 = LINE('',#7448,#7449);
#7448 = CARTESIAN_POINT('',(3.8,-2.));
#7449 = VECTOR('',#7450,1.);
#7450 = DIRECTION('',(0.,1.));
#7451 = ( GEOMETRIC_REPRESENTATION_CONTEXT(2) 
PARAMETRIC_REPRESENTATION_CONTEXT() REPRESENTATION_CONTEXT('2D SPACE',''
  ) );
#7452 = PCURVE('',#7453,#7458);
#7453 = PLANE('',#7454);
#7454 = AXIS2_PLACEMENT_3D('',#7455,#7456,#7457);
#7455 = CARTESIAN_POINT('',(5.,48.5,42.));
#7456 = DIRECTION('',(-0.,0.,1.));
#7457 = DIRECTION('',(1.,0.,0.));
#7458 = DEFINITIONAL_REPRESENTATION('',(#7459),#7463);
#7459 = LINE('',#7460,#7461);
#7460 = CARTESIAN_POINT('',(0.,0.));
#7461 = VECTOR('',#7462,1.);
#7462 = DIRECTION('',(1.,0.));
#7463 = ( GEOMETRIC_REPRESENTATION_CONTEXT(2) 
PARAMETRIC_REPRESENTATION_CONTEXT() REPRESENTATION_CONTEXT('2D SPACE',''
  ) );
#7464 = ORIENTED_EDGE('',*,*,#7465,.F.);
#7465 = EDGE_CURVE('',#7466,#7438,#7468,.T.);
#7466 = VERTEX_POINT('',#7467);
#7467 = CARTESIAN_POINT('',(5.,48.5,49.6));
#7468 = SURFACE_CURVE('',#7469,(#7473,#7480),.PCURVE_S1.);
#7469 = LINE('',#7470,#7471);
#7470 = CARTESIAN_POINT('',(5.,48.5,49.6));
#7471 = VECTOR('',#7472,1.);
#7472 = DIRECTION('',(0.,0.,-1.));
#7473 = PCURVE('',#7141,#7474);
#7474 = DEFINITIONAL_REPRESENTATION('',(#7475),#7479);
#7475 = LINE('',#7476,#7477);
#7476 = CARTESIAN_POINT('',(-3.8,-2.));
#7477 = VECTOR('',#7478,1.);
#7478 = DIRECTION('',(1.,0.));
#7479 = ( GEOMETRIC_REPRESENTATION_CONTEXT(2) 
PARAMETRIC_REPRESENTATION_CONTEXT() REPRESENTATION_CONTEXT('2D SPACE',''
  ) );
#7480 = PCURVE('',#7481,#7486);
#7481 = PLANE('',#7482);
#7482 = AXIS2_PLACEMENT_3D('',#7483,#7484,#7485);
#7483 = CARTESIAN_POINT('',(5.,48.5,49.6));
#7484 = DIRECTION('',(1.,0.,0.));
#7485 = DIRECTION('',(0.,0.,-1.));
#7486 = DEFINITIONAL_REPRESENTATION('',(#7487),#7491);
#7487 = LINE('',#7488,#7489);
#7488 = CARTESIAN_POINT('',(0.,0.));
#7489 = VECTOR('',#7490,1.);
#7490 = DIRECTION('',(1.,0.));
#7491 = ( GEOMETRIC_REPRESENTATION_CONTEXT(2) 
PARAMETRIC_REPRESENTATION_CONTEXT() REPRESENTATION_CONTEXT('2D SPACE',''
  ) );
#7492 = ORIENTED_EDGE('',*,*,#7493,.F.);
#7493 = EDGE_CURVE('',#7494,#7466,#7496,.T.);
#7494 = VERTEX_POINT('',#7495);
#7495 = CARTESIAN_POINT('',(12.2,48.5,49.6));
#7496 = SURFACE_CURVE('',#7497,(#7501,#7508),.PCURVE_S1.);
#7497 = LINE('',#7498,#7499);
#7498 = CARTESIAN_POINT('',(19.,48.5,49.6));
#7499 = VECTOR('',#7500,1.);
#7500 = DIRECTION('',(-1.,0.,0.));
#7501 = PCURVE('',#7141,#7502);
#7502 = DEFINITIONAL_REPRESENTATION('',(#7503),#7507);
#7503 = LINE('',#7504,#7505);
#7504 = CARTESIAN_POINT('',(-3.8,12.));
#7505 = VECTOR('',#7506,1.);
#7506 = DIRECTION('',(0.,-1.));
#7507 = ( GEOMETRIC_REPRESENTATION_CONTEXT(2) 
PARAMETRIC_REPRESENTATION_CONTEXT() REPRESENTATION_CONTEXT('2D SPACE',''
  ) );
#7508 = PCURVE('',#7509,#7514);
#7509 = PLANE('',#7510);
#7510 = AXIS2_PLACEMENT_3D('',#7511,#7512,#7513);
#7511 = CARTESIAN_POINT('',(19.,48.5,49.6));
#7512 = DIRECTION('',(-0.,-0.,-1.));
#7513 = DIRECTION('',(-1.,0.,0.));
#7514 = DEFINITIONAL_REPRESENTATION('',(#7515),#7519);
#7515 = LINE('',#7516,#7517);
#7516 = CARTESIAN_POINT('',(0.,0.));
#7517 = VECTOR('',#7518,1.);
#7518 = DIRECTION('',(1.,0.));
#7519 = ( GEOMETRIC_REPRESENTATION_CONTEXT(2) 
PARAMETRIC_REPRESENTATION_CONTEXT() REPRESENTATION_CONTEXT('2D SPACE',''
  ) );
#7520 = ORIENTED_EDGE('',*,*,#7521,.F.);
#7521 = EDGE_CURVE('',#7522,#7494,#7524,.T.);
#7522 = VERTEX_POINT('',#7523);
#7523 = CARTESIAN_POINT('',(14.,48.5,51.4));
#7524 = SURFACE_CURVE('',#7525,(#7530,#7541),.PCURVE_S1.);
#7525 = CIRCLE('',#7526,1.8);
#7526 = AXIS2_PLACEMENT_3D('',#7527,#7528,#7529);
#7527 = CARTESIAN_POINT('',(12.2,48.5,51.4));
#7528 = DIRECTION('',(-0.,1.,0.));
#7529 = DIRECTION('',(0.,0.,-1.));
#7530 = PCURVE('',#7141,#7531);
#7531 = DEFINITIONAL_REPRESENTATION('',(#7532),#7540);
#7532 = ( BOUNDED_CURVE() B_SPLINE_CURVE(2,(#7533,#7534,#7535,#7536,
#7537,#7538,#7539),.UNSPECIFIED.,.T.,.F.) B_SPLINE_CURVE_WITH_KNOTS((1,2
    ,2,2,2,1),(-2.094395102393,0.,2.094395102393,4.188790204786,
6.28318530718,8.377580409573),.UNSPECIFIED.) CURVE() 
GEOMETRIC_REPRESENTATION_ITEM() RATIONAL_B_SPLINE_CURVE((1.,0.5,1.,0.5,
1.,0.5,1.)) REPRESENTATION_ITEM('') );
#7533 = CARTESIAN_POINT('',(-3.8,5.2));
#7534 = CARTESIAN_POINT('',(-3.8,2.082308546376));
#7535 = CARTESIAN_POINT('',(-6.5,3.641154273188));
#7536 = CARTESIAN_POINT('',(-9.2,5.2));
#7537 = CARTESIAN_POINT('',(-6.5,6.758845726812));
#7538 = CARTESIAN_POINT('',(-3.8,8.317691453624));
#7539 = CARTESIAN_POINT('',(-3.8,5.2));
#7540 = ( GEOMETRIC_REPRESENTATION_CONTEXT(2) 
PARAMETRIC_REPRESENTATION_CONTEXT() REPRESENTATION_CONTEXT('2D SPACE',''
  ) );
#7541 = PCURVE('',#7542,#7547);
#7542 = CYLINDRICAL_SURFACE('',#7543,1.8);
#7543 = AXIS2_PLACEMENT_3D('',#7544,#7545,#7546);
#7544 = CARTESIAN_POINT('',(12.2,48.5,51.4));
#7545 = DIRECTION('',(0.,-1.,0.));
#7546 = DIRECTION('',(1.,0.,-0.));
#7547 = DEFINITIONAL_REPRESENTATION('',(#7548),#7552);
#7548 = LINE('',#7549,#7550);
#7549 = CARTESIAN_POINT('',(4.712388980385,-0.));
#7550 = VECTOR('',#7551,1.);
#7551 = DIRECTION('',(-1.,0.));
#7552 = ( GEOMETRIC_REPRESENTATION_CONTEXT(2) 
PARAMETRIC_REPRESENTATION_CONTEXT() REPRESENTATION_CONTEXT('2D SPACE',''
  ) );
#7553 = ORIENTED_EDGE('',*,*,#7554,.T.);
#7554 = EDGE_CURVE('',#7522,#7555,#7557,.T.);
#7555 = VERTEX_POINT('',#7556);
#7556 = CARTESIAN_POINT('',(14.,48.5,52.8));
#7557 = SURFACE_CURVE('',#7558,(#7562,#7569),.PCURVE_S1.);
#7558 = LINE('',#7559,#7560);
#7559 = CARTESIAN_POINT('',(14.,48.5,37.));
#7560 = VECTOR('',#7561,1.);
#7561 = DIRECTION('',(0.,0.,1.));
#7562 = PCURVE('',#7141,#7563);
#7563 = DEFINITIONAL_REPRESENTATION('',(#7564),#7568);
#7564 = LINE('',#7565,#7566);
#7565 = CARTESIAN_POINT('',(8.8,7.));
#7566 = VECTOR('',#7567,1.);
#7567 = DIRECTION('',(-1.,0.));
#7568 = ( GEOMETRIC_REPRESENTATION_CONTEXT(2) 
PARAMETRIC_REPRESENTATION_CONTEXT() REPRESENTATION_CONTEXT('2D SPACE',''
  ) );
#7569 = PCURVE('',#7570,#7575);
#7570 = PLANE('',#7571);
#7571 = AXIS2_PLACEMENT_3D('',#7572,#7573,#7574);
#7572 = CARTESIAN_POINT('',(14.,48.5,37.));
#7573 = DIRECTION('',(-1.,0.,0.));
#7574 = DIRECTION('',(0.,0.,1.));
#7575 = DEFINITIONAL_REPRESENTATION('',(#7576),#7580);
#7576 = LINE('',#7577,#7578);
#7577 = CARTESIAN_POINT('',(0.,0.));
#7578 = VECTOR('',#7579,1.);
#7579 = DIRECTION('',(1.,0.));
#7580 = ( GEOMETRIC_REPRESENTATION_CONTEXT(2) 
PARAMETRIC_REPRESENTATION_CONTEXT() REPRESENTATION_CONTEXT('2D SPACE',''
  ) );
#7581 = ORIENTED_EDGE('',*,*,#7582,.F.);
#7582 = EDGE_CURVE('',#7239,#7555,#7583,.T.);
#7583 = SURFACE_CURVE('',#7584,(#7589,#7600),.PCURVE_S1.);
#7584 = CIRCLE('',#7585,1.8);
#7585 = AXIS2_PLACEMENT_3D('',#7586,#7587,#7588);
#7586 = CARTESIAN_POINT('',(12.2,48.5,52.8));
#7587 = DIRECTION('',(-0.,1.,0.));
#7588 = DIRECTION('',(0.,0.,-1.));
#7589 = PCURVE('',#7141,#7590);
#7590 = DEFINITIONAL_REPRESENTATION('',(#7591),#7599);
#7591 = ( BOUNDED_CURVE() B_SPLINE_CURVE(2,(#7592,#7593,#7594,#7595,
#7596,#7597,#7598),.UNSPECIFIED.,.T.,.F.) B_SPLINE_CURVE_WITH_KNOTS((1,2
    ,2,2,2,1),(-2.094395102393,0.,2.094395102393,4.188790204786,
6.28318530718,8.377580409573),.UNSPECIFIED.) CURVE() 
GEOMETRIC_REPRESENTATION_ITEM() RATIONAL_B_SPLINE_CURVE((1.,0.5,1.,0.5,
1.,0.5,1.)) REPRESENTATION_ITEM('') );
#7592 = CARTESIAN_POINT('',(-5.2,5.2));
#7593 = CARTESIAN_POINT('',(-5.2,2.082308546376));
#7594 = CARTESIAN_POINT('',(-7.9,3.641154273188));
#7595 = CARTESIAN_POINT('',(-10.6,5.2));
#7596 = CARTESIAN_POINT('',(-7.9,6.758845726812));
#7597 = CARTESIAN_POINT('',(-5.2,8.317691453624));
#7598 = CARTESIAN_POINT('',(-5.2,5.2));
#7599 = ( GEOMETRIC_REPRESENTATION_CONTEXT(2) 
PARAMETRIC_REPRESENTATION_CONTEXT() REPRESENTATION_CONTEXT('2D SPACE',''
  ) );
#7600 = PCURVE('',#7601,#7606);
#7601 = CYLINDRICAL_SURFACE('',#7602,1.8);
#7602 = AXIS2_PLACEMENT_3D('',#7603,#7604,#7605);
#7603 = CARTESIAN_POINT('',(12.2,48.5,52.8));
#7604 = DIRECTION('',(0.,-1.,0.));
#7605 = DIRECTION('',(-0.,0.,1.));
#7606 = DEFINITIONAL_REPRESENTATION('',(#7607),#7611);
#7607 = LINE('',#7608,#7609);
#7608 = CARTESIAN_POINT('',(3.14159265359,-0.));
#7609 = VECTOR('',#7610,1.);
#7610 = DIRECTION('',(-1.,0.));
#7611 = ( GEOMETRIC_REPRESENTATION_CONTEXT(2) 
PARAMETRIC_REPRESENTATION_CONTEXT() REPRESENTATION_CONTEXT('2D SPACE',''
  ) );
#7612 = ADVANCED_FACE('',(#7613),#7223,.T.);
#7613 = FACE_BOUND('',#7614,.T.);
#7614 = EDGE_LOOP('',(#7615,#7616,#7639,#7661));
#7615 = ORIENTED_EDGE('',*,*,#7356,.T.);
#7616 = ORIENTED_EDGE('',*,*,#7617,.T.);
#7617 = EDGE_CURVE('',#7357,#7618,#7620,.T.);
#7618 = VERTEX_POINT('',#7619);
#7619 = CARTESIAN_POINT('',(14.,-48.5,38.8));
#7620 = SURFACE_CURVE('',#7621,(#7625,#7632),.PCURVE_S1.);
#7621 = LINE('',#7622,#7623);
#7622 = CARTESIAN_POINT('',(14.,48.5,38.8));
#7623 = VECTOR('',#7624,1.);
#7624 = DIRECTION('',(0.,-1.,0.));
#7625 = PCURVE('',#7223,#7626);
#7626 = DEFINITIONAL_REPRESENTATION('',(#7627),#7631);
#7627 = LINE('',#7628,#7629);
#7628 = CARTESIAN_POINT('',(1.570796326795,0.));
#7629 = VECTOR('',#7630,1.);
#7630 = DIRECTION('',(0.,1.));
#7631 = ( GEOMETRIC_REPRESENTATION_CONTEXT(2) 
PARAMETRIC_REPRESENTATION_CONTEXT() REPRESENTATION_CONTEXT('2D SPACE',''
  ) );
#7632 = PCURVE('',#7396,#7633);
#7633 = DEFINITIONAL_REPRESENTATION('',(#7634),#7638);
#7634 = LINE('',#7635,#7636);
#7635 = CARTESIAN_POINT('',(1.8,0.));
#7636 = VECTOR('',#7637,1.);
#7637 = DIRECTION('',(0.,-1.));
#7638 = ( GEOMETRIC_REPRESENTATION_CONTEXT(2) 
PARAMETRIC_REPRESENTATION_CONTEXT() REPRESENTATION_CONTEXT('2D SPACE',''
  ) );
#7639 = ORIENTED_EDGE('',*,*,#7640,.F.);
#7640 = EDGE_CURVE('',#7182,#7618,#7641,.T.);
#7641 = SURFACE_CURVE('',#7642,(#7647,#7654),.PCURVE_S1.);
#7642 = CIRCLE('',#7643,1.8);
#7643 = AXIS2_PLACEMENT_3D('',#7644,#7645,#7646);
#7644 = CARTESIAN_POINT('',(12.2,-48.5,38.8));
#7645 = DIRECTION('',(0.,-1.,0.));
#7646 = DIRECTION('',(0.,-0.,-1.));
#7647 = PCURVE('',#7223,#7648);
#7648 = DEFINITIONAL_REPRESENTATION('',(#7649),#7653);
#7649 = LINE('',#7650,#7651);
#7650 = CARTESIAN_POINT('',(0.,97.));
#7651 = VECTOR('',#7652,1.);
#7652 = DIRECTION('',(1.,0.));
#7653 = ( GEOMETRIC_REPRESENTATION_CONTEXT(2) 
PARAMETRIC_REPRESENTATION_CONTEXT() REPRESENTATION_CONTEXT('2D SPACE',''
  ) );
#7654 = PCURVE('',#7197,#7655);
#7655 = DEFINITIONAL_REPRESENTATION('',(#7656),#7660);
#7656 = CIRCLE('',#7657,1.8);
#7657 = AXIS2_PLACEMENT_2D('',#7658,#7659);
#7658 = CARTESIAN_POINT('',(7.,5.2));
#7659 = DIRECTION('',(1.,0.));
#7660 = ( GEOMETRIC_REPRESENTATION_CONTEXT(2) 
PARAMETRIC_REPRESENTATION_CONTEXT() REPRESENTATION_CONTEXT('2D SPACE',''
  ) );
#7661 = ORIENTED_EDGE('',*,*,#7209,.F.);
#7662 = ADVANCED_FACE('',(#7663),#7169,.T.);
#7663 = FACE_BOUND('',#7664,.F.);
#7664 = EDGE_LOOP('',(#7665,#7666,#7689,#7717,#7740,#7768,#7791,#7817));
#7665 = ORIENTED_EDGE('',*,*,#7329,.T.);
#7666 = ORIENTED_EDGE('',*,*,#7667,.T.);
#7667 = EDGE_CURVE('',#7302,#7668,#7670,.T.);
#7668 = VERTEX_POINT('',#7669);
#7669 = CARTESIAN_POINT('',(-4.440892098501E-16,36.35,41.5));
#7670 = SURFACE_CURVE('',#7671,(#7675,#7682),.PCURVE_S1.);
#7671 = LINE('',#7672,#7673);
#7672 = CARTESIAN_POINT('',(-8.881784197001E-16,48.5,41.5));
#7673 = VECTOR('',#7674,1.);
#7674 = DIRECTION('',(0.,-1.,0.));
#7675 = PCURVE('',#7169,#7676);
#7676 = DEFINITIONAL_REPRESENTATION('',(#7677),#7681);
#7677 = LINE('',#7678,#7679);
#7678 = CARTESIAN_POINT('',(-1.570796326795,0.));
#7679 = VECTOR('',#7680,1.);
#7680 = DIRECTION('',(-0.,1.));
#7681 = ( GEOMETRIC_REPRESENTATION_CONTEXT(2) 
PARAMETRIC_REPRESENTATION_CONTEXT() REPRESENTATION_CONTEXT('2D SPACE',''
  ) );
#7682 = PCURVE('',#7317,#7683);
#7683 = DEFINITIONAL_REPRESENTATION('',(#7684),#7688);
#7684 = LINE('',#7685,#7686);
#7685 = CARTESIAN_POINT('',(13.1,0.));
#7686 = VECTOR('',#7687,1.);
#7687 = DIRECTION('',(0.,-1.));
#7688 = ( GEOMETRIC_REPRESENTATION_CONTEXT(2) 
PARAMETRIC_REPRESENTATION_CONTEXT() REPRESENTATION_CONTEXT('2D SPACE',''
  ) );
#7689 = ORIENTED_EDGE('',*,*,#7690,.T.);
#7690 = EDGE_CURVE('',#7668,#7691,#7693,.T.);
#7691 = VERTEX_POINT('',#7692);
#7692 = CARTESIAN_POINT('',(-4.440892098501E-16,23.65,41.5));
#7693 = SURFACE_CURVE('',#7694,(#7698,#7705),.PCURVE_S1.);
#7694 = LINE('',#7695,#7696);
#7695 = CARTESIAN_POINT('',(-8.881784197001E-16,48.5,41.5));
#7696 = VECTOR('',#7697,1.);
#7697 = DIRECTION('',(0.,-1.,0.));
#7698 = PCURVE('',#7169,#7699);
#7699 = DEFINITIONAL_REPRESENTATION('',(#7700),#7704);
#7700 = LINE('',#7701,#7702);
#7701 = CARTESIAN_POINT('',(-1.570796326795,0.));
#7702 = VECTOR('',#7703,1.);
#7703 = DIRECTION('',(-0.,1.));
#7704 = ( GEOMETRIC_REPRESENTATION_CONTEXT(2) 
PARAMETRIC_REPRESENTATION_CONTEXT() REPRESENTATION_CONTEXT('2D SPACE',''
  ) );
#7705 = PCURVE('',#7706,#7711);
#7706 = PLANE('',#7707);
#7707 = AXIS2_PLACEMENT_3D('',#7708,#7709,#7710);
#7708 = CARTESIAN_POINT('',(0.,36.35,34.5));
#7709 = DIRECTION('',(-1.,0.,0.));
#7710 = DIRECTION('',(0.,0.,1.));
#7711 = DEFINITIONAL_REPRESENTATION('',(#7712),#7716);
#7712 = LINE('',#7713,#7714);
#7713 = CARTESIAN_POINT('',(7.,12.15));
#7714 = VECTOR('',#7715,1.);
#7715 = DIRECTION('',(0.,-1.));
#7716 = ( GEOMETRIC_REPRESENTATION_CONTEXT(2) 
PARAMETRIC_REPRESENTATION_CONTEXT() REPRESENTATION_CONTEXT('2D SPACE',''
  ) );
#7717 = ORIENTED_EDGE('',*,*,#7718,.T.);
#7718 = EDGE_CURVE('',#7691,#7719,#7721,.T.);
#7719 = VERTEX_POINT('',#7720);
#7720 = CARTESIAN_POINT('',(-4.440892098501E-16,-23.65,41.5));
#7721 = SURFACE_CURVE('',#7722,(#7726,#7733),.PCURVE_S1.);
#7722 = LINE('',#7723,#7724);
#7723 = CARTESIAN_POINT('',(-8.881784197001E-16,48.5,41.5));
#7724 = VECTOR('',#7725,1.);
#7725 = DIRECTION('',(0.,-1.,0.));
#7726 = PCURVE('',#7169,#7727);
#7727 = DEFINITIONAL_REPRESENTATION('',(#7728),#7732);
#7728 = LINE('',#7729,#7730);
#7729 = CARTESIAN_POINT('',(-1.570796326795,0.));
#7730 = VECTOR('',#7731,1.);
#7731 = DIRECTION('',(-0.,1.));
#7732 = ( GEOMETRIC_REPRESENTATION_CONTEXT(2) 
PARAMETRIC_REPRESENTATION_CONTEXT() REPRESENTATION_CONTEXT('2D SPACE',''
  ) );
#7733 = PCURVE('',#7317,#7734);
#7734 = DEFINITIONAL_REPRESENTATION('',(#7735),#7739);
#7735 = LINE('',#7736,#7737);
#7736 = CARTESIAN_POINT('',(13.1,0.));
#7737 = VECTOR('',#7738,1.);
#7738 = DIRECTION('',(0.,-1.));
#7739 = ( GEOMETRIC_REPRESENTATION_CONTEXT(2) 
PARAMETRIC_REPRESENTATION_CONTEXT() REPRESENTATION_CONTEXT('2D SPACE',''
  ) );
#7740 = ORIENTED_EDGE('',*,*,#7741,.T.);
#7741 = EDGE_CURVE('',#7719,#7742,#7744,.T.);
#7742 = VERTEX_POINT('',#7743);
#7743 = CARTESIAN_POINT('',(-4.440892098501E-16,-36.35,41.5));
#7744 = SURFACE_CURVE('',#7745,(#7749,#7756),.PCURVE_S1.);
#7745 = LINE('',#7746,#7747);
#7746 = CARTESIAN_POINT('',(-8.881784197001E-16,48.5,41.5));
#7747 = VECTOR('',#7748,1.);
#7748 = DIRECTION('',(0.,-1.,0.));
#7749 = PCURVE('',#7169,#7750);
#7750 = DEFINITIONAL_REPRESENTATION('',(#7751),#7755);
#7751 = LINE('',#7752,#7753);
#7752 = CARTESIAN_POINT('',(-1.570796326795,0.));
#7753 = VECTOR('',#7754,1.);
#7754 = DIRECTION('',(-0.,1.));
#7755 = ( GEOMETRIC_REPRESENTATION_CONTEXT(2) 
PARAMETRIC_REPRESENTATION_CONTEXT() REPRESENTATION_CONTEXT('2D SPACE',''
  ) );
#7756 = PCURVE('',#7757,#7762);
#7757 = PLANE('',#7758);
#7758 = AXIS2_PLACEMENT_3D('',#7759,#7760,#7761);
#7759 = CARTESIAN_POINT('',(0.,-23.65,34.5));
#7760 = DIRECTION('',(-1.,0.,0.));
#7761 = DIRECTION('',(0.,0.,1.));
#7762 = DEFINITIONAL_REPRESENTATION('',(#7763),#7767);
#7763 = LINE('',#7764,#7765);
#7764 = CARTESIAN_POINT('',(7.,72.15));
#7765 = VECTOR('',#7766,1.);
#7766 = DIRECTION('',(0.,-1.));
#7767 = ( GEOMETRIC_REPRESENTATION_CONTEXT(2) 
PARAMETRIC_REPRESENTATION_CONTEXT() REPRESENTATION_CONTEXT('2D SPACE',''
  ) );
#7768 = ORIENTED_EDGE('',*,*,#7769,.T.);
#7769 = EDGE_CURVE('',#7742,#7770,#7772,.T.);
#7770 = VERTEX_POINT('',#7771);
#7771 = CARTESIAN_POINT('',(-8.881784197001E-16,-48.5,41.5));
#7772 = SURFACE_CURVE('',#7773,(#7777,#7784),.PCURVE_S1.);
#7773 = LINE('',#7774,#7775);
#7774 = CARTESIAN_POINT('',(-8.881784197001E-16,48.5,41.5));
#7775 = VECTOR('',#7776,1.);
#7776 = DIRECTION('',(0.,-1.,0.));
#7777 = PCURVE('',#7169,#7778);
#7778 = DEFINITIONAL_REPRESENTATION('',(#7779),#7783);
#7779 = LINE('',#7780,#7781);
#7780 = CARTESIAN_POINT('',(-1.570796326795,0.));
#7781 = VECTOR('',#7782,1.);
#7782 = DIRECTION('',(-0.,1.));
#7783 = ( GEOMETRIC_REPRESENTATION_CONTEXT(2) 
PARAMETRIC_REPRESENTATION_CONTEXT() REPRESENTATION_CONTEXT('2D SPACE',''
  ) );
#7784 = PCURVE('',#7317,#7785);
#7785 = DEFINITIONAL_REPRESENTATION('',(#7786),#7790);
#7786 = LINE('',#7787,#7788);
#7787 = CARTESIAN_POINT('',(13.1,0.));
#7788 = VECTOR('',#7789,1.);
#7789 = DIRECTION('',(0.,-1.));
#7790 = ( GEOMETRIC_REPRESENTATION_CONTEXT(2) 
PARAMETRIC_REPRESENTATION_CONTEXT() REPRESENTATION_CONTEXT('2D SPACE',''
  ) );
#7791 = ORIENTED_EDGE('',*,*,#7792,.F.);
#7792 = EDGE_CURVE('',#7154,#7770,#7793,.T.);
#7793 = SURFACE_CURVE('',#7794,(#7799,#7806),.PCURVE_S1.);
#7794 = CIRCLE('',#7795,4.5);
#7795 = AXIS2_PLACEMENT_3D('',#7796,#7797,#7798);
#7796 = CARTESIAN_POINT('',(4.5,-48.5,41.5));
#7797 = DIRECTION('',(-0.,1.,0.));
#7798 = DIRECTION('',(0.,0.,-1.));
#7799 = PCURVE('',#7169,#7800);
#7800 = DEFINITIONAL_REPRESENTATION('',(#7801),#7805);
#7801 = LINE('',#7802,#7803);
#7802 = CARTESIAN_POINT('',(-0.,97.));
#7803 = VECTOR('',#7804,1.);
#7804 = DIRECTION('',(-1.,0.));
#7805 = ( GEOMETRIC_REPRESENTATION_CONTEXT(2) 
PARAMETRIC_REPRESENTATION_CONTEXT() REPRESENTATION_CONTEXT('2D SPACE',''
  ) );
#7806 = PCURVE('',#7197,#7807);
#7807 = DEFINITIONAL_REPRESENTATION('',(#7808),#7816);
#7808 = ( BOUNDED_CURVE() B_SPLINE_CURVE(2,(#7809,#7810,#7811,#7812,
#7813,#7814,#7815),.UNSPECIFIED.,.T.,.F.) B_SPLINE_CURVE_WITH_KNOTS((1,2
    ,2,2,2,1),(-2.094395102393,0.,2.094395102393,4.188790204786,
6.28318530718,8.377580409573),.UNSPECIFIED.) CURVE() 
GEOMETRIC_REPRESENTATION_ITEM() RATIONAL_B_SPLINE_CURVE((1.,0.5,1.,0.5,
1.,0.5,1.)) REPRESENTATION_ITEM('') );
#7809 = CARTESIAN_POINT('',(8.8,-2.5));
#7810 = CARTESIAN_POINT('',(8.8,-10.29422863406));
#7811 = CARTESIAN_POINT('',(2.05,-6.39711431703));
#7812 = CARTESIAN_POINT('',(-4.7,-2.5));
#7813 = CARTESIAN_POINT('',(2.05,1.39711431703));
#7814 = CARTESIAN_POINT('',(8.8,5.29422863406));
#7815 = CARTESIAN_POINT('',(8.8,-2.5));
#7816 = ( GEOMETRIC_REPRESENTATION_CONTEXT(2) 
PARAMETRIC_REPRESENTATION_CONTEXT() REPRESENTATION_CONTEXT('2D SPACE',''
  ) );
#7817 = ORIENTED_EDGE('',*,*,#7153,.F.);
#7818 = ADVANCED_FACE('',(#7819),#7197,.T.);
#7819 = FACE_BOUND('',#7820,.T.);
#7820 = EDGE_LOOP('',(#7821,#7846,#7874,#7895,#7896,#7897,#7898,#7921,
    #7945,#7968,#7991,#8014,#8042,#8065));
#7821 = ORIENTED_EDGE('',*,*,#7822,.T.);
#7822 = EDGE_CURVE('',#7823,#7825,#7827,.T.);
#7823 = VERTEX_POINT('',#7824);
#7824 = CARTESIAN_POINT('',(12.2,-48.5,54.6));
#7825 = VERTEX_POINT('',#7826);
#7826 = CARTESIAN_POINT('',(4.5,-48.5,54.6));
#7827 = SURFACE_CURVE('',#7828,(#7832,#7839),.PCURVE_S1.);
#7828 = LINE('',#7829,#7830);
#7829 = CARTESIAN_POINT('',(14.,-48.5,54.6));
#7830 = VECTOR('',#7831,1.);
#7831 = DIRECTION('',(-1.,0.,0.));
#7832 = PCURVE('',#7197,#7833);
#7833 = DEFINITIONAL_REPRESENTATION('',(#7834),#7838);
#7834 = LINE('',#7835,#7836);
#7835 = CARTESIAN_POINT('',(-8.8,7.));
#7836 = VECTOR('',#7837,1.);
#7837 = DIRECTION('',(0.,-1.));
#7838 = ( GEOMETRIC_REPRESENTATION_CONTEXT(2) 
PARAMETRIC_REPRESENTATION_CONTEXT() REPRESENTATION_CONTEXT('2D SPACE',''
  ) );
#7839 = PCURVE('',#7256,#7840);
#7840 = DEFINITIONAL_REPRESENTATION('',(#7841),#7845);
#7841 = LINE('',#7842,#7843);
#7842 = CARTESIAN_POINT('',(0.,-97.));
#7843 = VECTOR('',#7844,1.);
#7844 = DIRECTION('',(1.,0.));
#7845 = ( GEOMETRIC_REPRESENTATION_CONTEXT(2) 
PARAMETRIC_REPRESENTATION_CONTEXT() REPRESENTATION_CONTEXT('2D SPACE',''
  ) );
#7846 = ORIENTED_EDGE('',*,*,#7847,.F.);
#7847 = EDGE_CURVE('',#7848,#7825,#7850,.T.);
#7848 = VERTEX_POINT('',#7849);
#7849 = CARTESIAN_POINT('',(-8.881784197001E-16,-48.5,50.1));
#7850 = SURFACE_CURVE('',#7851,(#7856,#7867),.PCURVE_S1.);
#7851 = CIRCLE('',#7852,4.5);
#7852 = AXIS2_PLACEMENT_3D('',#7853,#7854,#7855);
#7853 = CARTESIAN_POINT('',(4.5,-48.5,50.1));
#7854 = DIRECTION('',(-0.,1.,0.));
#7855 = DIRECTION('',(0.,0.,-1.));
#7856 = PCURVE('',#7197,#7857);
#7857 = DEFINITIONAL_REPRESENTATION('',(#7858),#7866);
#7858 = ( BOUNDED_CURVE() B_SPLINE_CURVE(2,(#7859,#7860,#7861,#7862,
#7863,#7864,#7865),.UNSPECIFIED.,.T.,.F.) B_SPLINE_CURVE_WITH_KNOTS((1,2
    ,2,2,2,1),(-2.094395102393,0.,2.094395102393,4.188790204786,
6.28318530718,8.377580409573),.UNSPECIFIED.) CURVE() 
GEOMETRIC_REPRESENTATION_ITEM() RATIONAL_B_SPLINE_CURVE((1.,0.5,1.,0.5,
1.,0.5,1.)) REPRESENTATION_ITEM('') );
#7859 = CARTESIAN_POINT('',(0.2,-2.5));
#7860 = CARTESIAN_POINT('',(0.2,-10.29422863406));
#7861 = CARTESIAN_POINT('',(-6.55,-6.39711431703));
#7862 = CARTESIAN_POINT('',(-13.3,-2.5));
#7863 = CARTESIAN_POINT('',(-6.55,1.39711431703));
#7864 = CARTESIAN_POINT('',(0.2,5.29422863406));
#7865 = CARTESIAN_POINT('',(0.2,-2.5));
#7866 = ( GEOMETRIC_REPRESENTATION_CONTEXT(2) 
PARAMETRIC_REPRESENTATION_CONTEXT() REPRESENTATION_CONTEXT('2D SPACE',''
  ) );
#7867 = PCURVE('',#7289,#7868);
#7868 = DEFINITIONAL_REPRESENTATION('',(#7869),#7873);
#7869 = LINE('',#7870,#7871);
#7870 = CARTESIAN_POINT('',(1.570796326795,97.));
#7871 = VECTOR('',#7872,1.);
#7872 = DIRECTION('',(-1.,0.));
#7873 = ( GEOMETRIC_REPRESENTATION_CONTEXT(2) 
PARAMETRIC_REPRESENTATION_CONTEXT() REPRESENTATION_CONTEXT('2D SPACE',''
  ) );
#7874 = ORIENTED_EDGE('',*,*,#7875,.T.);
#7875 = EDGE_CURVE('',#7848,#7770,#7876,.T.);
#7876 = SURFACE_CURVE('',#7877,(#7881,#7888),.PCURVE_S1.);
#7877 = LINE('',#7878,#7879);
#7878 = CARTESIAN_POINT('',(0.,-48.5,54.6));
#7879 = VECTOR('',#7880,1.);
#7880 = DIRECTION('',(0.,0.,-1.));
#7881 = PCURVE('',#7197,#7882);
#7882 = DEFINITIONAL_REPRESENTATION('',(#7883),#7887);
#7883 = LINE('',#7884,#7885);
#7884 = CARTESIAN_POINT('',(-8.8,-7.));
#7885 = VECTOR('',#7886,1.);
#7886 = DIRECTION('',(1.,0.));
#7887 = ( GEOMETRIC_REPRESENTATION_CONTEXT(2) 
PARAMETRIC_REPRESENTATION_CONTEXT() REPRESENTATION_CONTEXT('2D SPACE',''
  ) );
#7888 = PCURVE('',#7317,#7889);
#7889 = DEFINITIONAL_REPRESENTATION('',(#7890),#7894);
#7890 = LINE('',#7891,#7892);
#7891 = CARTESIAN_POINT('',(0.,-97.));
#7892 = VECTOR('',#7893,1.);
#7893 = DIRECTION('',(1.,0.));
#7894 = ( GEOMETRIC_REPRESENTATION_CONTEXT(2) 
PARAMETRIC_REPRESENTATION_CONTEXT() REPRESENTATION_CONTEXT('2D SPACE',''
  ) );
#7895 = ORIENTED_EDGE('',*,*,#7792,.F.);
#7896 = ORIENTED_EDGE('',*,*,#7181,.T.);
#7897 = ORIENTED_EDGE('',*,*,#7640,.T.);
#7898 = ORIENTED_EDGE('',*,*,#7899,.T.);
#7899 = EDGE_CURVE('',#7618,#7900,#7902,.T.);
#7900 = VERTEX_POINT('',#7901);
#7901 = CARTESIAN_POINT('',(14.,-48.5,40.2));
#7902 = SURFACE_CURVE('',#7903,(#7907,#7914),.PCURVE_S1.);
#7903 = LINE('',#7904,#7905);
#7904 = CARTESIAN_POINT('',(14.,-48.5,37.));
#7905 = VECTOR('',#7906,1.);
#7906 = DIRECTION('',(0.,0.,1.));
#7907 = PCURVE('',#7197,#7908);
#7908 = DEFINITIONAL_REPRESENTATION('',(#7909),#7913);
#7909 = LINE('',#7910,#7911);
#7910 = CARTESIAN_POINT('',(8.8,7.));
#7911 = VECTOR('',#7912,1.);
#7912 = DIRECTION('',(-1.,0.));
#7913 = ( GEOMETRIC_REPRESENTATION_CONTEXT(2) 
PARAMETRIC_REPRESENTATION_CONTEXT() REPRESENTATION_CONTEXT('2D SPACE',''
  ) );
#7914 = PCURVE('',#7396,#7915);
#7915 = DEFINITIONAL_REPRESENTATION('',(#7916),#7920);
#7916 = LINE('',#7917,#7918);
#7917 = CARTESIAN_POINT('',(0.,-97.));
#7918 = VECTOR('',#7919,1.);
#7919 = DIRECTION('',(1.,0.));
#7920 = ( GEOMETRIC_REPRESENTATION_CONTEXT(2) 
PARAMETRIC_REPRESENTATION_CONTEXT() REPRESENTATION_CONTEXT('2D SPACE',''
  ) );
#7921 = ORIENTED_EDGE('',*,*,#7922,.T.);
#7922 = EDGE_CURVE('',#7900,#7923,#7925,.T.);
#7923 = VERTEX_POINT('',#7924);
#7924 = CARTESIAN_POINT('',(12.2,-48.5,42.));
#7925 = SURFACE_CURVE('',#7926,(#7931,#7938),.PCURVE_S1.);
#7926 = CIRCLE('',#7927,1.8);
#7927 = AXIS2_PLACEMENT_3D('',#7928,#7929,#7930);
#7928 = CARTESIAN_POINT('',(12.2,-48.5,40.2));
#7929 = DIRECTION('',(-0.,-1.,0.));
#7930 = DIRECTION('',(0.,-0.,1.));
#7931 = PCURVE('',#7197,#7932);
#7932 = DEFINITIONAL_REPRESENTATION('',(#7933),#7937);
#7933 = CIRCLE('',#7934,1.8);
#7934 = AXIS2_PLACEMENT_2D('',#7935,#7936);
#7935 = CARTESIAN_POINT('',(5.6,5.2));
#7936 = DIRECTION('',(-1.,0.));
#7937 = ( GEOMETRIC_REPRESENTATION_CONTEXT(2) 
PARAMETRIC_REPRESENTATION_CONTEXT() REPRESENTATION_CONTEXT('2D SPACE',''
  ) );
#7938 = PCURVE('',#7425,#7939);
#7939 = DEFINITIONAL_REPRESENTATION('',(#7940),#7944);
#7940 = LINE('',#7941,#7942);
#7941 = CARTESIAN_POINT('',(4.712388980385,-0.));
#7942 = VECTOR('',#7943,1.);
#7943 = DIRECTION('',(-1.,0.));
#7944 = ( GEOMETRIC_REPRESENTATION_CONTEXT(2) 
PARAMETRIC_REPRESENTATION_CONTEXT() REPRESENTATION_CONTEXT('2D SPACE',''
  ) );
#7945 = ORIENTED_EDGE('',*,*,#7946,.F.);
#7946 = EDGE_CURVE('',#7947,#7923,#7949,.T.);
#7947 = VERTEX_POINT('',#7948);
#7948 = CARTESIAN_POINT('',(5.,-48.5,42.));
#7949 = SURFACE_CURVE('',#7950,(#7954,#7961),.PCURVE_S1.);
#7950 = LINE('',#7951,#7952);
#7951 = CARTESIAN_POINT('',(5.,-48.5,42.));
#7952 = VECTOR('',#7953,1.);
#7953 = DIRECTION('',(1.,0.,0.));
#7954 = PCURVE('',#7197,#7955);
#7955 = DEFINITIONAL_REPRESENTATION('',(#7956),#7960);
#7956 = LINE('',#7957,#7958);
#7957 = CARTESIAN_POINT('',(3.8,-2.));
#7958 = VECTOR('',#7959,1.);
#7959 = DIRECTION('',(0.,1.));
#7960 = ( GEOMETRIC_REPRESENTATION_CONTEXT(2) 
PARAMETRIC_REPRESENTATION_CONTEXT() REPRESENTATION_CONTEXT('2D SPACE',''
  ) );
#7961 = PCURVE('',#7453,#7962);
#7962 = DEFINITIONAL_REPRESENTATION('',(#7963),#7967);
#7963 = LINE('',#7964,#7965);
#7964 = CARTESIAN_POINT('',(0.,-97.));
#7965 = VECTOR('',#7966,1.);
#7966 = DIRECTION('',(1.,0.));
#7967 = ( GEOMETRIC_REPRESENTATION_CONTEXT(2) 
PARAMETRIC_REPRESENTATION_CONTEXT() REPRESENTATION_CONTEXT('2D SPACE',''
  ) );
#7968 = ORIENTED_EDGE('',*,*,#7969,.F.);
#7969 = EDGE_CURVE('',#7970,#7947,#7972,.T.);
#7970 = VERTEX_POINT('',#7971);
#7971 = CARTESIAN_POINT('',(5.,-48.5,49.6));
#7972 = SURFACE_CURVE('',#7973,(#7977,#7984),.PCURVE_S1.);
#7973 = LINE('',#7974,#7975);
#7974 = CARTESIAN_POINT('',(5.,-48.5,49.6));
#7975 = VECTOR('',#7976,1.);
#7976 = DIRECTION('',(0.,0.,-1.));
#7977 = PCURVE('',#7197,#7978);
#7978 = DEFINITIONAL_REPRESENTATION('',(#7979),#7983);
#7979 = LINE('',#7980,#7981);
#7980 = CARTESIAN_POINT('',(-3.8,-2.));
#7981 = VECTOR('',#7982,1.);
#7982 = DIRECTION('',(1.,0.));
#7983 = ( GEOMETRIC_REPRESENTATION_CONTEXT(2) 
PARAMETRIC_REPRESENTATION_CONTEXT() REPRESENTATION_CONTEXT('2D SPACE',''
  ) );
#7984 = PCURVE('',#7481,#7985);
#7985 = DEFINITIONAL_REPRESENTATION('',(#7986),#7990);
#7986 = LINE('',#7987,#7988);
#7987 = CARTESIAN_POINT('',(0.,-97.));
#7988 = VECTOR('',#7989,1.);
#7989 = DIRECTION('',(1.,0.));
#7990 = ( GEOMETRIC_REPRESENTATION_CONTEXT(2) 
PARAMETRIC_REPRESENTATION_CONTEXT() REPRESENTATION_CONTEXT('2D SPACE',''
  ) );
#7991 = ORIENTED_EDGE('',*,*,#7992,.F.);
#7992 = EDGE_CURVE('',#7993,#7970,#7995,.T.);
#7993 = VERTEX_POINT('',#7994);
#7994 = CARTESIAN_POINT('',(12.2,-48.5,49.6));
#7995 = SURFACE_CURVE('',#7996,(#8000,#8007),.PCURVE_S1.);
#7996 = LINE('',#7997,#7998);
#7997 = CARTESIAN_POINT('',(19.,-48.5,49.6));
#7998 = VECTOR('',#7999,1.);
#7999 = DIRECTION('',(-1.,0.,0.));
#8000 = PCURVE('',#7197,#8001);
#8001 = DEFINITIONAL_REPRESENTATION('',(#8002),#8006);
#8002 = LINE('',#8003,#8004);
#8003 = CARTESIAN_POINT('',(-3.8,12.));
#8004 = VECTOR('',#8005,1.);
#8005 = DIRECTION('',(0.,-1.));
#8006 = ( GEOMETRIC_REPRESENTATION_CONTEXT(2) 
PARAMETRIC_REPRESENTATION_CONTEXT() REPRESENTATION_CONTEXT('2D SPACE',''
  ) );
#8007 = PCURVE('',#7509,#8008);
#8008 = DEFINITIONAL_REPRESENTATION('',(#8009),#8013);
#8009 = LINE('',#8010,#8011);
#8010 = CARTESIAN_POINT('',(0.,-97.));
#8011 = VECTOR('',#8012,1.);
#8012 = DIRECTION('',(1.,0.));
#8013 = ( GEOMETRIC_REPRESENTATION_CONTEXT(2) 
PARAMETRIC_REPRESENTATION_CONTEXT() REPRESENTATION_CONTEXT('2D SPACE',''
  ) );
#8014 = ORIENTED_EDGE('',*,*,#8015,.F.);
#8015 = EDGE_CURVE('',#8016,#7993,#8018,.T.);
#8016 = VERTEX_POINT('',#8017);
#8017 = CARTESIAN_POINT('',(14.,-48.5,51.4));
#8018 = SURFACE_CURVE('',#8019,(#8024,#8035),.PCURVE_S1.);
#8019 = CIRCLE('',#8020,1.8);
#8020 = AXIS2_PLACEMENT_3D('',#8021,#8022,#8023);
#8021 = CARTESIAN_POINT('',(12.2,-48.5,51.4));
#8022 = DIRECTION('',(-0.,1.,0.));
#8023 = DIRECTION('',(0.,0.,-1.));
#8024 = PCURVE('',#7197,#8025);
#8025 = DEFINITIONAL_REPRESENTATION('',(#8026),#8034);
#8026 = ( BOUNDED_CURVE() B_SPLINE_CURVE(2,(#8027,#8028,#8029,#8030,
#8031,#8032,#8033),.UNSPECIFIED.,.T.,.F.) B_SPLINE_CURVE_WITH_KNOTS((1,2
    ,2,2,2,1),(-2.094395102393,0.,2.094395102393,4.188790204786,
6.28318530718,8.377580409573),.UNSPECIFIED.) CURVE() 
GEOMETRIC_REPRESENTATION_ITEM() RATIONAL_B_SPLINE_CURVE((1.,0.5,1.,0.5,
1.,0.5,1.)) REPRESENTATION_ITEM('') );
#8027 = CARTESIAN_POINT('',(-3.8,5.2));
#8028 = CARTESIAN_POINT('',(-3.8,2.082308546376));
#8029 = CARTESIAN_POINT('',(-6.5,3.641154273188));
#8030 = CARTESIAN_POINT('',(-9.2,5.2));
#8031 = CARTESIAN_POINT('',(-6.5,6.758845726812));
#8032 = CARTESIAN_POINT('',(-3.8,8.317691453624));
#8033 = CARTESIAN_POINT('',(-3.8,5.2));
#8034 = ( GEOMETRIC_REPRESENTATION_CONTEXT(2) 
PARAMETRIC_REPRESENTATION_CONTEXT() REPRESENTATION_CONTEXT('2D SPACE',''
  ) );
#8035 = PCURVE('',#7542,#8036);
#8036 = DEFINITIONAL_REPRESENTATION('',(#8037),#8041);
#8037 = LINE('',#8038,#8039);
#8038 = CARTESIAN_POINT('',(4.712388980385,97.));
#8039 = VECTOR('',#8040,1.);
#8040 = DIRECTION('',(-1.,0.));
#8041 = ( GEOMETRIC_REPRESENTATION_CONTEXT(2) 
PARAMETRIC_REPRESENTATION_CONTEXT() REPRESENTATION_CONTEXT('2D SPACE',''
  ) );
#8042 = ORIENTED_EDGE('',*,*,#8043,.T.);
#8043 = EDGE_CURVE('',#8016,#8044,#8046,.T.);
#8044 = VERTEX_POINT('',#8045);
#8045 = CARTESIAN_POINT('',(14.,-48.5,52.8));
#8046 = SURFACE_CURVE('',#8047,(#8051,#8058),.PCURVE_S1.);
#8047 = LINE('',#8048,#8049);
#8048 = CARTESIAN_POINT('',(14.,-48.5,37.));
#8049 = VECTOR('',#8050,1.);
#8050 = DIRECTION('',(0.,0.,1.));
#8051 = PCURVE('',#7197,#8052);
#8052 = DEFINITIONAL_REPRESENTATION('',(#8053),#8057);
#8053 = LINE('',#8054,#8055);
#8054 = CARTESIAN_POINT('',(8.8,7.));
#8055 = VECTOR('',#8056,1.);
#8056 = DIRECTION('',(-1.,0.));
#8057 = ( GEOMETRIC_REPRESENTATION_CONTEXT(2) 
PARAMETRIC_REPRESENTATION_CONTEXT() REPRESENTATION_CONTEXT('2D SPACE',''
  ) );
#8058 = PCURVE('',#7570,#8059);
#8059 = DEFINITIONAL_REPRESENTATION('',(#8060),#8064);
#8060 = LINE('',#8061,#8062);
#8061 = CARTESIAN_POINT('',(0.,-97.));
#8062 = VECTOR('',#8063,1.);
#8063 = DIRECTION('',(1.,0.));
#8064 = ( GEOMETRIC_REPRESENTATION_CONTEXT(2) 
PARAMETRIC_REPRESENTATION_CONTEXT() REPRESENTATION_CONTEXT('2D SPACE',''
  ) );
#8065 = ORIENTED_EDGE('',*,*,#8066,.F.);
#8066 = EDGE_CURVE('',#7823,#8044,#8067,.T.);
#8067 = SURFACE_CURVE('',#8068,(#8073,#8084),.PCURVE_S1.);
#8068 = CIRCLE('',#8069,1.8);
#8069 = AXIS2_PLACEMENT_3D('',#8070,#8071,#8072);
#8070 = CARTESIAN_POINT('',(12.2,-48.5,52.8));
#8071 = DIRECTION('',(-0.,1.,0.));
#8072 = DIRECTION('',(0.,0.,-1.));
#8073 = PCURVE('',#7197,#8074);
#8074 = DEFINITIONAL_REPRESENTATION('',(#8075),#8083);
#8075 = ( BOUNDED_CURVE() B_SPLINE_CURVE(2,(#8076,#8077,#8078,#8079,
#8080,#8081,#8082),.UNSPECIFIED.,.T.,.F.) B_SPLINE_CURVE_WITH_KNOTS((1,2
    ,2,2,2,1),(-2.094395102393,0.,2.094395102393,4.188790204786,
6.28318530718,8.377580409573),.UNSPECIFIED.) CURVE() 
GEOMETRIC_REPRESENTATION_ITEM() RATIONAL_B_SPLINE_CURVE((1.,0.5,1.,0.5,
1.,0.5,1.)) REPRESENTATION_ITEM('') );
#8076 = CARTESIAN_POINT('',(-5.2,5.2));
#8077 = CARTESIAN_POINT('',(-5.2,2.082308546376));
#8078 = CARTESIAN_POINT('',(-7.9,3.641154273188));
#8079 = CARTESIAN_POINT('',(-10.6,5.2));
#8080 = CARTESIAN_POINT('',(-7.9,6.758845726812));
#8081 = CARTESIAN_POINT('',(-5.2,8.317691453624));
#8082 = CARTESIAN_POINT('',(-5.2,5.2));
#8083 = ( GEOMETRIC_REPRESENTATION_CONTEXT(2) 
PARAMETRIC_REPRESENTATION_CONTEXT() REPRESENTATION_CONTEXT('2D SPACE',''
  ) );
#8084 = PCURVE('',#7601,#8085);
#8085 = DEFINITIONAL_REPRESENTATION('',(#8086),#8090);
#8086 = LINE('',#8087,#8088);
#8087 = CARTESIAN_POINT('',(3.14159265359,97.));
#8088 = VECTOR('',#8089,1.);
#8089 = DIRECTION('',(-1.,0.));
#8090 = ( GEOMETRIC_REPRESENTATION_CONTEXT(2) 
PARAMETRIC_REPRESENTATION_CONTEXT() REPRESENTATION_CONTEXT('2D SPACE',''
  ) );
#8091 = ADVANCED_FACE('',(#8092),#7256,.F.);
#8092 = FACE_BOUND('',#8093,.F.);
#8093 = EDGE_LOOP('',(#8094,#8095,#8116,#8117));
#8094 = ORIENTED_EDGE('',*,*,#7238,.F.);
#8095 = ORIENTED_EDGE('',*,*,#8096,.T.);
#8096 = EDGE_CURVE('',#7239,#7823,#8097,.T.);
#8097 = SURFACE_CURVE('',#8098,(#8102,#8109),.PCURVE_S1.);
#8098 = LINE('',#8099,#8100);
#8099 = CARTESIAN_POINT('',(12.2,48.5,54.6));
#8100 = VECTOR('',#8101,1.);
#8101 = DIRECTION('',(0.,-1.,0.));
#8102 = PCURVE('',#7256,#8103);
#8103 = DEFINITIONAL_REPRESENTATION('',(#8104),#8108);
#8104 = LINE('',#8105,#8106);
#8105 = CARTESIAN_POINT('',(1.8,0.));
#8106 = VECTOR('',#8107,1.);
#8107 = DIRECTION('',(0.,-1.));
#8108 = ( GEOMETRIC_REPRESENTATION_CONTEXT(2) 
PARAMETRIC_REPRESENTATION_CONTEXT() REPRESENTATION_CONTEXT('2D SPACE',''
  ) );
#8109 = PCURVE('',#7601,#8110);
#8110 = DEFINITIONAL_REPRESENTATION('',(#8111),#8115);
#8111 = LINE('',#8112,#8113);
#8112 = CARTESIAN_POINT('',(-0.,0.));
#8113 = VECTOR('',#8114,1.);
#8114 = DIRECTION('',(-0.,1.));
#8115 = ( GEOMETRIC_REPRESENTATION_CONTEXT(2) 
PARAMETRIC_REPRESENTATION_CONTEXT() REPRESENTATION_CONTEXT('2D SPACE',''
  ) );
#8116 = ORIENTED_EDGE('',*,*,#7822,.T.);
#8117 = ORIENTED_EDGE('',*,*,#8118,.F.);
#8118 = EDGE_CURVE('',#7241,#7825,#8119,.T.);
#8119 = SURFACE_CURVE('',#8120,(#8124,#8131),.PCURVE_S1.);
#8120 = LINE('',#8121,#8122);
#8121 = CARTESIAN_POINT('',(4.5,48.5,54.6));
#8122 = VECTOR('',#8123,1.);
#8123 = DIRECTION('',(0.,-1.,0.));
#8124 = PCURVE('',#7256,#8125);
#8125 = DEFINITIONAL_REPRESENTATION('',(#8126),#8130);
#8126 = LINE('',#8127,#8128);
#8127 = CARTESIAN_POINT('',(9.5,0.));
#8128 = VECTOR('',#8129,1.);
#8129 = DIRECTION('',(0.,-1.));
#8130 = ( GEOMETRIC_REPRESENTATION_CONTEXT(2) 
PARAMETRIC_REPRESENTATION_CONTEXT() REPRESENTATION_CONTEXT('2D SPACE',''
  ) );
#8131 = PCURVE('',#7289,#8132);
#8132 = DEFINITIONAL_REPRESENTATION('',(#8133),#8137);
#8133 = LINE('',#8134,#8135);
#8134 = CARTESIAN_POINT('',(-1.570796326795,0.));
#8135 = VECTOR('',#8136,1.);
#8136 = DIRECTION('',(-0.,1.));
#8137 = ( GEOMETRIC_REPRESENTATION_CONTEXT(2) 
PARAMETRIC_REPRESENTATION_CONTEXT() REPRESENTATION_CONTEXT('2D SPACE',''
  ) );
#8138 = ADVANCED_FACE('',(#8139),#7601,.T.);
#8139 = FACE_BOUND('',#8140,.F.);
#8140 = EDGE_LOOP('',(#8141,#8142,#8163,#8164));
#8141 = ORIENTED_EDGE('',*,*,#7582,.T.);
#8142 = ORIENTED_EDGE('',*,*,#8143,.T.);
#8143 = EDGE_CURVE('',#7555,#8044,#8144,.T.);
#8144 = SURFACE_CURVE('',#8145,(#8149,#8156),.PCURVE_S1.);
#8145 = LINE('',#8146,#8147);
#8146 = CARTESIAN_POINT('',(14.,48.5,52.8));
#8147 = VECTOR('',#8148,1.);
#8148 = DIRECTION('',(0.,-1.,0.));
#8149 = PCURVE('',#7601,#8150);
#8150 = DEFINITIONAL_REPRESENTATION('',(#8151),#8155);
#8151 = LINE('',#8152,#8153);
#8152 = CARTESIAN_POINT('',(-1.570796326795,0.));
#8153 = VECTOR('',#8154,1.);
#8154 = DIRECTION('',(-0.,1.));
#8155 = ( GEOMETRIC_REPRESENTATION_CONTEXT(2) 
PARAMETRIC_REPRESENTATION_CONTEXT() REPRESENTATION_CONTEXT('2D SPACE',''
  ) );
#8156 = PCURVE('',#7570,#8157);
#8157 = DEFINITIONAL_REPRESENTATION('',(#8158),#8162);
#8158 = LINE('',#8159,#8160);
#8159 = CARTESIAN_POINT('',(15.8,0.));
#8160 = VECTOR('',#8161,1.);
#8161 = DIRECTION('',(0.,-1.));
#8162 = ( GEOMETRIC_REPRESENTATION_CONTEXT(2) 
PARAMETRIC_REPRESENTATION_CONTEXT() REPRESENTATION_CONTEXT('2D SPACE',''
  ) );
#8163 = ORIENTED_EDGE('',*,*,#8066,.F.);
#8164 = ORIENTED_EDGE('',*,*,#8096,.F.);
#8165 = ADVANCED_FACE('',(#8166),#7289,.T.);
#8166 = FACE_BOUND('',#8167,.F.);
#8167 = EDGE_LOOP('',(#8168,#8169,#8170,#8171));
#8168 = ORIENTED_EDGE('',*,*,#7268,.T.);
#8169 = ORIENTED_EDGE('',*,*,#8118,.T.);
#8170 = ORIENTED_EDGE('',*,*,#7847,.F.);
#8171 = ORIENTED_EDGE('',*,*,#8172,.F.);
#8172 = EDGE_CURVE('',#7269,#7848,#8173,.T.);
#8173 = SURFACE_CURVE('',#8174,(#8178,#8185),.PCURVE_S1.);
#8174 = LINE('',#8175,#8176);
#8175 = CARTESIAN_POINT('',(-8.881784197001E-16,48.5,50.1));
#8176 = VECTOR('',#8177,1.);
#8177 = DIRECTION('',(0.,-1.,0.));
#8178 = PCURVE('',#7289,#8179);
#8179 = DEFINITIONAL_REPRESENTATION('',(#8180),#8184);
#8180 = LINE('',#8181,#8182);
#8181 = CARTESIAN_POINT('',(-0.,0.));
#8182 = VECTOR('',#8183,1.);
#8183 = DIRECTION('',(-0.,1.));
#8184 = ( GEOMETRIC_REPRESENTATION_CONTEXT(2) 
PARAMETRIC_REPRESENTATION_CONTEXT() REPRESENTATION_CONTEXT('2D SPACE',''
  ) );
#8185 = PCURVE('',#7317,#8186);
#8186 = DEFINITIONAL_REPRESENTATION('',(#8187),#8191);
#8187 = LINE('',#8188,#8189);
#8188 = CARTESIAN_POINT('',(4.5,0.));
#8189 = VECTOR('',#8190,1.);
#8190 = DIRECTION('',(0.,-1.));
#8191 = ( GEOMETRIC_REPRESENTATION_CONTEXT(2) 
PARAMETRIC_REPRESENTATION_CONTEXT() REPRESENTATION_CONTEXT('2D SPACE',''
  ) );
#8192 = ADVANCED_FACE('',(#8193),#7570,.F.);
#8193 = FACE_BOUND('',#8194,.F.);
#8194 = EDGE_LOOP('',(#8195,#8196,#8217,#8218));
#8195 = ORIENTED_EDGE('',*,*,#7554,.F.);
#8196 = ORIENTED_EDGE('',*,*,#8197,.T.);
#8197 = EDGE_CURVE('',#7522,#8016,#8198,.T.);
#8198 = SURFACE_CURVE('',#8199,(#8203,#8210),.PCURVE_S1.);
#8199 = LINE('',#8200,#8201);
#8200 = CARTESIAN_POINT('',(14.,48.5,51.4));
#8201 = VECTOR('',#8202,1.);
#8202 = DIRECTION('',(0.,-1.,0.));
#8203 = PCURVE('',#7570,#8204);
#8204 = DEFINITIONAL_REPRESENTATION('',(#8205),#8209);
#8205 = LINE('',#8206,#8207);
#8206 = CARTESIAN_POINT('',(14.4,0.));
#8207 = VECTOR('',#8208,1.);
#8208 = DIRECTION('',(0.,-1.));
#8209 = ( GEOMETRIC_REPRESENTATION_CONTEXT(2) 
PARAMETRIC_REPRESENTATION_CONTEXT() REPRESENTATION_CONTEXT('2D SPACE',''
  ) );
#8210 = PCURVE('',#7542,#8211);
#8211 = DEFINITIONAL_REPRESENTATION('',(#8212),#8216);
#8212 = LINE('',#8213,#8214);
#8213 = CARTESIAN_POINT('',(-0.,0.));
#8214 = VECTOR('',#8215,1.);
#8215 = DIRECTION('',(-0.,1.));
#8216 = ( GEOMETRIC_REPRESENTATION_CONTEXT(2) 
PARAMETRIC_REPRESENTATION_CONTEXT() REPRESENTATION_CONTEXT('2D SPACE',''
  ) );
#8217 = ORIENTED_EDGE('',*,*,#8043,.T.);
#8218 = ORIENTED_EDGE('',*,*,#8143,.F.);
#8219 = ADVANCED_FACE('',(#8220),#7317,.F.);
#8220 = FACE_BOUND('',#8221,.F.);
#8221 = EDGE_LOOP('',(#8222,#8223,#8224,#8225,#8226,#8254,#8282,#8308,
    #8309,#8337,#8365,#8391));
#8222 = ORIENTED_EDGE('',*,*,#7301,.F.);
#8223 = ORIENTED_EDGE('',*,*,#8172,.T.);
#8224 = ORIENTED_EDGE('',*,*,#7875,.T.);
#8225 = ORIENTED_EDGE('',*,*,#7769,.F.);
#8226 = ORIENTED_EDGE('',*,*,#8227,.T.);
#8227 = EDGE_CURVE('',#7742,#8228,#8230,.T.);
#8228 = VERTEX_POINT('',#8229);
#8229 = CARTESIAN_POINT('',(0.,-36.35,44.5));
#8230 = SURFACE_CURVE('',#8231,(#8235,#8242),.PCURVE_S1.);
#8231 = LINE('',#8232,#8233);
#8232 = CARTESIAN_POINT('',(0.,-36.35,34.5));
#8233 = VECTOR('',#8234,1.);
#8234 = DIRECTION('',(0.,0.,1.));
#8235 = PCURVE('',#7317,#8236);
#8236 = DEFINITIONAL_REPRESENTATION('',(#8237),#8241);
#8237 = LINE('',#8238,#8239);
#8238 = CARTESIAN_POINT('',(20.1,-84.85));
#8239 = VECTOR('',#8240,1.);
#8240 = DIRECTION('',(-1.,0.));
#8241 = ( GEOMETRIC_REPRESENTATION_CONTEXT(2) 
PARAMETRIC_REPRESENTATION_CONTEXT() REPRESENTATION_CONTEXT('2D SPACE',''
  ) );
#8242 = PCURVE('',#8243,#8248);
#8243 = PLANE('',#8244);
#8244 = AXIS2_PLACEMENT_3D('',#8245,#8246,#8247);
#8245 = CARTESIAN_POINT('',(-7.5,-36.35,39.5));
#8246 = DIRECTION('',(-0.,-1.,-0.));
#8247 = DIRECTION('',(0.,0.,-1.));
#8248 = DEFINITIONAL_REPRESENTATION('',(#8249),#8253);
#8249 = LINE('',#8250,#8251);
#8250 = CARTESIAN_POINT('',(5.,7.5));
#8251 = VECTOR('',#8252,1.);
#8252 = DIRECTION('',(-1.,0.));
#8253 = ( GEOMETRIC_REPRESENTATION_CONTEXT(2) 
PARAMETRIC_REPRESENTATION_CONTEXT() REPRESENTATION_CONTEXT('2D SPACE',''
  ) );
#8254 = ORIENTED_EDGE('',*,*,#8255,.F.);
#8255 = EDGE_CURVE('',#8256,#8228,#8258,.T.);
#8256 = VERTEX_POINT('',#8257);
#8257 = CARTESIAN_POINT('',(0.,-23.65,44.5));
#8258 = SURFACE_CURVE('',#8259,(#8263,#8270),.PCURVE_S1.);
#8259 = LINE('',#8260,#8261);
#8260 = CARTESIAN_POINT('',(0.,-23.65,44.5));
#8261 = VECTOR('',#8262,1.);
#8262 = DIRECTION('',(0.,-1.,0.));
#8263 = PCURVE('',#7317,#8264);
#8264 = DEFINITIONAL_REPRESENTATION('',(#8265),#8269);
#8265 = LINE('',#8266,#8267);
#8266 = CARTESIAN_POINT('',(10.1,-72.15));
#8267 = VECTOR('',#8268,1.);
#8268 = DIRECTION('',(0.,-1.));
#8269 = ( GEOMETRIC_REPRESENTATION_CONTEXT(2) 
PARAMETRIC_REPRESENTATION_CONTEXT() REPRESENTATION_CONTEXT('2D SPACE',''
  ) );
#8270 = PCURVE('',#8271,#8276);
#8271 = PLANE('',#8272);
#8272 = AXIS2_PLACEMENT_3D('',#8273,#8274,#8275);
#8273 = CARTESIAN_POINT('',(0.,-23.65,44.5));
#8274 = DIRECTION('',(-0.,-0.,-1.));
#8275 = DIRECTION('',(-1.,0.,0.));
#8276 = DEFINITIONAL_REPRESENTATION('',(#8277),#8281);
#8277 = LINE('',#8278,#8279);
#8278 = CARTESIAN_POINT('',(0.,0.));
#8279 = VECTOR('',#8280,1.);
#8280 = DIRECTION('',(0.,-1.));
#8281 = ( GEOMETRIC_REPRESENTATION_CONTEXT(2) 
PARAMETRIC_REPRESENTATION_CONTEXT() REPRESENTATION_CONTEXT('2D SPACE',''
  ) );
#8282 = ORIENTED_EDGE('',*,*,#8283,.F.);
#8283 = EDGE_CURVE('',#7719,#8256,#8284,.T.);
#8284 = SURFACE_CURVE('',#8285,(#8289,#8296),.PCURVE_S1.);
#8285 = LINE('',#8286,#8287);
#8286 = CARTESIAN_POINT('',(0.,-23.65,34.5));
#8287 = VECTOR('',#8288,1.);
#8288 = DIRECTION('',(0.,0.,1.));
#8289 = PCURVE('',#7317,#8290);
#8290 = DEFINITIONAL_REPRESENTATION('',(#8291),#8295);
#8291 = LINE('',#8292,#8293);
#8292 = CARTESIAN_POINT('',(20.1,-72.15));
#8293 = VECTOR('',#8294,1.);
#8294 = DIRECTION('',(-1.,0.));
#8295 = ( GEOMETRIC_REPRESENTATION_CONTEXT(2) 
PARAMETRIC_REPRESENTATION_CONTEXT() REPRESENTATION_CONTEXT('2D SPACE',''
  ) );
#8296 = PCURVE('',#8297,#8302);
#8297 = PLANE('',#8298);
#8298 = AXIS2_PLACEMENT_3D('',#8299,#8300,#8301);
#8299 = CARTESIAN_POINT('',(-7.5,-23.65,39.5));
#8300 = DIRECTION('',(-0.,-1.,-0.));
#8301 = DIRECTION('',(0.,0.,-1.));
#8302 = DEFINITIONAL_REPRESENTATION('',(#8303),#8307);
#8303 = LINE('',#8304,#8305);
#8304 = CARTESIAN_POINT('',(5.,7.5));
#8305 = VECTOR('',#8306,1.);
#8306 = DIRECTION('',(-1.,0.));
#8307 = ( GEOMETRIC_REPRESENTATION_CONTEXT(2) 
PARAMETRIC_REPRESENTATION_CONTEXT() REPRESENTATION_CONTEXT('2D SPACE',''
  ) );
#8308 = ORIENTED_EDGE('',*,*,#7718,.F.);
#8309 = ORIENTED_EDGE('',*,*,#8310,.T.);
#8310 = EDGE_CURVE('',#7691,#8311,#8313,.T.);
#8311 = VERTEX_POINT('',#8312);
#8312 = CARTESIAN_POINT('',(0.,23.65,44.5));
#8313 = SURFACE_CURVE('',#8314,(#8318,#8325),.PCURVE_S1.);
#8314 = LINE('',#8315,#8316);
#8315 = CARTESIAN_POINT('',(0.,23.65,34.5));
#8316 = VECTOR('',#8317,1.);
#8317 = DIRECTION('',(0.,0.,1.));
#8318 = PCURVE('',#7317,#8319);
#8319 = DEFINITIONAL_REPRESENTATION('',(#8320),#8324);
#8320 = LINE('',#8321,#8322);
#8321 = CARTESIAN_POINT('',(20.1,-24.85));
#8322 = VECTOR('',#8323,1.);
#8323 = DIRECTION('',(-1.,0.));
#8324 = ( GEOMETRIC_REPRESENTATION_CONTEXT(2) 
PARAMETRIC_REPRESENTATION_CONTEXT() REPRESENTATION_CONTEXT('2D SPACE',''
  ) );
#8325 = PCURVE('',#8326,#8331);
#8326 = PLANE('',#8327);
#8327 = AXIS2_PLACEMENT_3D('',#8328,#8329,#8330);
#8328 = CARTESIAN_POINT('',(-7.5,23.65,39.5));
#8329 = DIRECTION('',(-0.,-1.,-0.));
#8330 = DIRECTION('',(0.,0.,-1.));
#8331 = DEFINITIONAL_REPRESENTATION('',(#8332),#8336);
#8332 = LINE('',#8333,#8334);
#8333 = CARTESIAN_POINT('',(5.,7.5));
#8334 = VECTOR('',#8335,1.);
#8335 = DIRECTION('',(-1.,0.));
#8336 = ( GEOMETRIC_REPRESENTATION_CONTEXT(2) 
PARAMETRIC_REPRESENTATION_CONTEXT() REPRESENTATION_CONTEXT('2D SPACE',''
  ) );
#8337 = ORIENTED_EDGE('',*,*,#8338,.F.);
#8338 = EDGE_CURVE('',#8339,#8311,#8341,.T.);
#8339 = VERTEX_POINT('',#8340);
#8340 = CARTESIAN_POINT('',(0.,36.35,44.5));
#8341 = SURFACE_CURVE('',#8342,(#8346,#8353),.PCURVE_S1.);
#8342 = LINE('',#8343,#8344);
#8343 = CARTESIAN_POINT('',(0.,36.35,44.5));
#8344 = VECTOR('',#8345,1.);
#8345 = DIRECTION('',(0.,-1.,0.));
#8346 = PCURVE('',#7317,#8347);
#8347 = DEFINITIONAL_REPRESENTATION('',(#8348),#8352);
#8348 = LINE('',#8349,#8350);
#8349 = CARTESIAN_POINT('',(10.1,-12.15));
#8350 = VECTOR('',#8351,1.);
#8351 = DIRECTION('',(0.,-1.));
#8352 = ( GEOMETRIC_REPRESENTATION_CONTEXT(2) 
PARAMETRIC_REPRESENTATION_CONTEXT() REPRESENTATION_CONTEXT('2D SPACE',''
  ) );
#8353 = PCURVE('',#8354,#8359);
#8354 = PLANE('',#8355);
#8355 = AXIS2_PLACEMENT_3D('',#8356,#8357,#8358);
#8356 = CARTESIAN_POINT('',(0.,36.35,44.5));
#8357 = DIRECTION('',(-0.,-0.,-1.));
#8358 = DIRECTION('',(-1.,0.,0.));
#8359 = DEFINITIONAL_REPRESENTATION('',(#8360),#8364);
#8360 = LINE('',#8361,#8362);
#8361 = CARTESIAN_POINT('',(0.,0.));
#8362 = VECTOR('',#8363,1.);
#8363 = DIRECTION('',(0.,-1.));
#8364 = ( GEOMETRIC_REPRESENTATION_CONTEXT(2) 
PARAMETRIC_REPRESENTATION_CONTEXT() REPRESENTATION_CONTEXT('2D SPACE',''
  ) );
#8365 = ORIENTED_EDGE('',*,*,#8366,.F.);
#8366 = EDGE_CURVE('',#7668,#8339,#8367,.T.);
#8367 = SURFACE_CURVE('',#8368,(#8372,#8379),.PCURVE_S1.);
#8368 = LINE('',#8369,#8370);
#8369 = CARTESIAN_POINT('',(0.,36.35,34.5));
#8370 = VECTOR('',#8371,1.);
#8371 = DIRECTION('',(0.,0.,1.));
#8372 = PCURVE('',#7317,#8373);
#8373 = DEFINITIONAL_REPRESENTATION('',(#8374),#8378);
#8374 = LINE('',#8375,#8376);
#8375 = CARTESIAN_POINT('',(20.1,-12.15));
#8376 = VECTOR('',#8377,1.);
#8377 = DIRECTION('',(-1.,0.));
#8378 = ( GEOMETRIC_REPRESENTATION_CONTEXT(2) 
PARAMETRIC_REPRESENTATION_CONTEXT() REPRESENTATION_CONTEXT('2D SPACE',''
  ) );
#8379 = PCURVE('',#8380,#8385);
#8380 = PLANE('',#8381);
#8381 = AXIS2_PLACEMENT_3D('',#8382,#8383,#8384);
#8382 = CARTESIAN_POINT('',(-7.5,36.35,39.5));
#8383 = DIRECTION('',(-0.,-1.,-0.));
#8384 = DIRECTION('',(0.,0.,-1.));
#8385 = DEFINITIONAL_REPRESENTATION('',(#8386),#8390);
#8386 = LINE('',#8387,#8388);
#8387 = CARTESIAN_POINT('',(5.,7.5));
#8388 = VECTOR('',#8389,1.);
#8389 = DIRECTION('',(-1.,0.));
#8390 = ( GEOMETRIC_REPRESENTATION_CONTEXT(2) 
PARAMETRIC_REPRESENTATION_CONTEXT() REPRESENTATION_CONTEXT('2D SPACE',''
  ) );
#8391 = ORIENTED_EDGE('',*,*,#7667,.F.);
#8392 = ADVANCED_FACE('',(#8393),#7542,.T.);
#8393 = FACE_BOUND('',#8394,.F.);
#8394 = EDGE_LOOP('',(#8395,#8396,#8417,#8418));
#8395 = ORIENTED_EDGE('',*,*,#7521,.T.);
#8396 = ORIENTED_EDGE('',*,*,#8397,.T.);
#8397 = EDGE_CURVE('',#7494,#7993,#8398,.T.);
#8398 = SURFACE_CURVE('',#8399,(#8403,#8410),.PCURVE_S1.);
#8399 = LINE('',#8400,#8401);
#8400 = CARTESIAN_POINT('',(12.2,48.5,49.6));
#8401 = VECTOR('',#8402,1.);
#8402 = DIRECTION('',(0.,-1.,0.));
#8403 = PCURVE('',#7542,#8404);
#8404 = DEFINITIONAL_REPRESENTATION('',(#8405),#8409);
#8405 = LINE('',#8406,#8407);
#8406 = CARTESIAN_POINT('',(-1.570796326795,0.));
#8407 = VECTOR('',#8408,1.);
#8408 = DIRECTION('',(-0.,1.));
#8409 = ( GEOMETRIC_REPRESENTATION_CONTEXT(2) 
PARAMETRIC_REPRESENTATION_CONTEXT() REPRESENTATION_CONTEXT('2D SPACE',''
  ) );
#8410 = PCURVE('',#7509,#8411);
#8411 = DEFINITIONAL_REPRESENTATION('',(#8412),#8416);
#8412 = LINE('',#8413,#8414);
#8413 = CARTESIAN_POINT('',(6.8,0.));
#8414 = VECTOR('',#8415,1.);
#8415 = DIRECTION('',(0.,-1.));
#8416 = ( GEOMETRIC_REPRESENTATION_CONTEXT(2) 
PARAMETRIC_REPRESENTATION_CONTEXT() REPRESENTATION_CONTEXT('2D SPACE',''
  ) );
#8417 = ORIENTED_EDGE('',*,*,#8015,.F.);
#8418 = ORIENTED_EDGE('',*,*,#8197,.F.);
#8419 = ADVANCED_FACE('',(#8420),#7509,.T.);
#8420 = FACE_BOUND('',#8421,.T.);
#8421 = EDGE_LOOP('',(#8422,#8423,#8424,#8425,#8448,#8474,#8500,#8526,
    #8552,#8578,#8606,#8632));
#8422 = ORIENTED_EDGE('',*,*,#7493,.F.);
#8423 = ORIENTED_EDGE('',*,*,#8397,.T.);
#8424 = ORIENTED_EDGE('',*,*,#7992,.T.);
#8425 = ORIENTED_EDGE('',*,*,#8426,.F.);
#8426 = EDGE_CURVE('',#8427,#7970,#8429,.T.);
#8427 = VERTEX_POINT('',#8428);
#8428 = CARTESIAN_POINT('',(5.,22.16,49.6));
#8429 = SURFACE_CURVE('',#8430,(#8434,#8441),.PCURVE_S1.);
#8430 = LINE('',#8431,#8432);
#8431 = CARTESIAN_POINT('',(5.,48.5,49.6));
#8432 = VECTOR('',#8433,1.);
#8433 = DIRECTION('',(0.,-1.,0.));
#8434 = PCURVE('',#7509,#8435);
#8435 = DEFINITIONAL_REPRESENTATION('',(#8436),#8440);
#8436 = LINE('',#8437,#8438);
#8437 = CARTESIAN_POINT('',(14.,0.));
#8438 = VECTOR('',#8439,1.);
#8439 = DIRECTION('',(0.,-1.));
#8440 = ( GEOMETRIC_REPRESENTATION_CONTEXT(2) 
PARAMETRIC_REPRESENTATION_CONTEXT() REPRESENTATION_CONTEXT('2D SPACE',''
  ) );
#8441 = PCURVE('',#7481,#8442);
#8442 = DEFINITIONAL_REPRESENTATION('',(#8443),#8447);
#8443 = LINE('',#8444,#8445);
#8444 = CARTESIAN_POINT('',(0.,0.));
#8445 = VECTOR('',#8446,1.);
#8446 = DIRECTION('',(0.,-1.));
#8447 = ( GEOMETRIC_REPRESENTATION_CONTEXT(2) 
PARAMETRIC_REPRESENTATION_CONTEXT() REPRESENTATION_CONTEXT('2D SPACE',''
  ) );
#8448 = ORIENTED_EDGE('',*,*,#8449,.F.);
#8449 = EDGE_CURVE('',#8450,#8427,#8452,.T.);
#8450 = VERTEX_POINT('',#8451);
#8451 = CARTESIAN_POINT('',(7.,22.16,49.6));
#8452 = SURFACE_CURVE('',#8453,(#8457,#8463),.PCURVE_S1.);
#8453 = LINE('',#8454,#8455);
#8454 = CARTESIAN_POINT('',(12.,22.16,49.6));
#8455 = VECTOR('',#8456,1.);
#8456 = DIRECTION('',(-1.,0.,0.));
#8457 = PCURVE('',#7509,#8458);
#8458 = DEFINITIONAL_REPRESENTATION('',(#8459),#8462);
#8459 = B_SPLINE_CURVE_WITH_KNOTS('',1,(#8460,#8461),.UNSPECIFIED.,.F.,
  .F.,(2,2),(4.,7.),.PIECEWISE_BEZIER_KNOTS.);
#8460 = CARTESIAN_POINT('',(11.,-26.34));
#8461 = CARTESIAN_POINT('',(14.,-26.34));
#8462 = ( GEOMETRIC_REPRESENTATION_CONTEXT(2) 
PARAMETRIC_REPRESENTATION_CONTEXT() REPRESENTATION_CONTEXT('2D SPACE',''
  ) );
#8463 = PCURVE('',#8464,#8469);
#8464 = PLANE('',#8465);
#8465 = AXIS2_PLACEMENT_3D('',#8466,#8467,#8468);
#8466 = CARTESIAN_POINT('',(5.,22.16,49.6));
#8467 = DIRECTION('',(-0.,-1.,-0.));
#8468 = DIRECTION('',(0.,0.,-1.));
#8469 = DEFINITIONAL_REPRESENTATION('',(#8470),#8473);
#8470 = B_SPLINE_CURVE_WITH_KNOTS('',1,(#8471,#8472),.UNSPECIFIED.,.F.,
  .F.,(2,2),(4.,7.),.PIECEWISE_BEZIER_KNOTS.);
#8471 = CARTESIAN_POINT('',(0.,3.));
#8472 = CARTESIAN_POINT('',(0.,0.));
#8473 = ( GEOMETRIC_REPRESENTATION_CONTEXT(2) 
PARAMETRIC_REPRESENTATION_CONTEXT() REPRESENTATION_CONTEXT('2D SPACE',''
  ) );
#8474 = ORIENTED_EDGE('',*,*,#8475,.T.);
#8475 = EDGE_CURVE('',#8450,#8476,#8478,.T.);
#8476 = VERTEX_POINT('',#8477);
#8477 = CARTESIAN_POINT('',(7.,-29.1,49.6));
#8478 = SURFACE_CURVE('',#8479,(#8483,#8489),.PCURVE_S1.);
#8479 = LINE('',#8480,#8481);
#8480 = CARTESIAN_POINT('',(7.,38.8,49.6));
#8481 = VECTOR('',#8482,1.);
#8482 = DIRECTION('',(0.,-1.,0.));
#8483 = PCURVE('',#7509,#8484);
#8484 = DEFINITIONAL_REPRESENTATION('',(#8485),#8488);
#8485 = B_SPLINE_CURVE_WITH_KNOTS('',1,(#8486,#8487),.UNSPECIFIED.,.F.,
  .F.,(2,2),(9.7,67.9),.PIECEWISE_BEZIER_KNOTS.);
#8486 = CARTESIAN_POINT('',(12.,-19.4));
#8487 = CARTESIAN_POINT('',(12.,-77.6));
#8488 = ( GEOMETRIC_REPRESENTATION_CONTEXT(2) 
PARAMETRIC_REPRESENTATION_CONTEXT() REPRESENTATION_CONTEXT('2D SPACE',''
  ) );
#8489 = PCURVE('',#8490,#8495);
#8490 = PLANE('',#8491);
#8491 = AXIS2_PLACEMENT_3D('',#8492,#8493,#8494);
#8492 = CARTESIAN_POINT('',(7.,29.1,50.1));
#8493 = DIRECTION('',(1.,0.,0.));
#8494 = DIRECTION('',(0.,0.,-1.));
#8495 = DEFINITIONAL_REPRESENTATION('',(#8496),#8499);
#8496 = B_SPLINE_CURVE_WITH_KNOTS('',1,(#8497,#8498),.UNSPECIFIED.,.F.,
  .F.,(2,2),(9.7,67.9),.PIECEWISE_BEZIER_KNOTS.);
#8497 = CARTESIAN_POINT('',(0.5,0.));
#8498 = CARTESIAN_POINT('',(0.5,-58.2));
#8499 = ( GEOMETRIC_REPRESENTATION_CONTEXT(2) 
PARAMETRIC_REPRESENTATION_CONTEXT() REPRESENTATION_CONTEXT('2D SPACE',''
  ) );
#8500 = ORIENTED_EDGE('',*,*,#8501,.F.);
#8501 = EDGE_CURVE('',#8502,#8476,#8504,.T.);
#8502 = VERTEX_POINT('',#8503);
#8503 = CARTESIAN_POINT('',(12.,-29.1,49.6));
#8504 = SURFACE_CURVE('',#8505,(#8509,#8515),.PCURVE_S1.);
#8505 = LINE('',#8506,#8507);
#8506 = CARTESIAN_POINT('',(14.25,-29.1,49.6));
#8507 = VECTOR('',#8508,1.);
#8508 = DIRECTION('',(-1.,0.,0.));
#8509 = PCURVE('',#7509,#8510);
#8510 = DEFINITIONAL_REPRESENTATION('',(#8511),#8514);
#8511 = B_SPLINE_CURVE_WITH_KNOTS('',1,(#8512,#8513),.UNSPECIFIED.,.F.,
  .F.,(2,2),(2.25,7.25),.PIECEWISE_BEZIER_KNOTS.);
#8512 = CARTESIAN_POINT('',(7.,-77.6));
#8513 = CARTESIAN_POINT('',(12.,-77.6));
#8514 = ( GEOMETRIC_REPRESENTATION_CONTEXT(2) 
PARAMETRIC_REPRESENTATION_CONTEXT() REPRESENTATION_CONTEXT('2D SPACE',''
  ) );
#8515 = PCURVE('',#8516,#8521);
#8516 = PLANE('',#8517);
#8517 = AXIS2_PLACEMENT_3D('',#8518,#8519,#8520);
#8518 = CARTESIAN_POINT('',(9.5,-29.1,49.6));
#8519 = DIRECTION('',(-0.,-1.,-0.));
#8520 = DIRECTION('',(0.,0.,-1.));
#8521 = DEFINITIONAL_REPRESENTATION('',(#8522),#8525);
#8522 = B_SPLINE_CURVE_WITH_KNOTS('',1,(#8523,#8524),.UNSPECIFIED.,.F.,
  .F.,(2,2),(2.25,7.25),.PIECEWISE_BEZIER_KNOTS.);
#8523 = CARTESIAN_POINT('',(0.,2.5));
#8524 = CARTESIAN_POINT('',(0.,-2.5));
#8525 = ( GEOMETRIC_REPRESENTATION_CONTEXT(2) 
PARAMETRIC_REPRESENTATION_CONTEXT() REPRESENTATION_CONTEXT('2D SPACE',''
  ) );
#8526 = ORIENTED_EDGE('',*,*,#8527,.T.);
#8527 = EDGE_CURVE('',#8502,#8528,#8530,.T.);
#8528 = VERTEX_POINT('',#8529);
#8529 = CARTESIAN_POINT('',(12.,29.1,49.6));
#8530 = SURFACE_CURVE('',#8531,(#8535,#8541),.PCURVE_S1.);
#8531 = LINE('',#8532,#8533);
#8532 = CARTESIAN_POINT('',(12.,38.8,49.6));
#8533 = VECTOR('',#8534,1.);
#8534 = DIRECTION('',(0.,1.,-0.));
#8535 = PCURVE('',#7509,#8536);
#8536 = DEFINITIONAL_REPRESENTATION('',(#8537),#8540);
#8537 = B_SPLINE_CURVE_WITH_KNOTS('',1,(#8538,#8539),.UNSPECIFIED.,.F.,
  .F.,(2,2),(-67.9,-9.7),.PIECEWISE_BEZIER_KNOTS.);
#8538 = CARTESIAN_POINT('',(7.,-77.6));
#8539 = CARTESIAN_POINT('',(7.,-19.4));
#8540 = ( GEOMETRIC_REPRESENTATION_CONTEXT(2) 
PARAMETRIC_REPRESENTATION_CONTEXT() REPRESENTATION_CONTEXT('2D SPACE',''
  ) );
#8541 = PCURVE('',#8542,#8547);
#8542 = PLANE('',#8543);
#8543 = AXIS2_PLACEMENT_3D('',#8544,#8545,#8546);
#8544 = CARTESIAN_POINT('',(12.,29.1,49.1));
#8545 = DIRECTION('',(-1.,0.,0.));
#8546 = DIRECTION('',(0.,0.,1.));
#8547 = DEFINITIONAL_REPRESENTATION('',(#8548),#8551);
#8548 = B_SPLINE_CURVE_WITH_KNOTS('',1,(#8549,#8550),.UNSPECIFIED.,.F.,
  .F.,(2,2),(-67.9,-9.7),.PIECEWISE_BEZIER_KNOTS.);
#8549 = CARTESIAN_POINT('',(0.5,-58.2));
#8550 = CARTESIAN_POINT('',(0.5,0.));
#8551 = ( GEOMETRIC_REPRESENTATION_CONTEXT(2) 
PARAMETRIC_REPRESENTATION_CONTEXT() REPRESENTATION_CONTEXT('2D SPACE',''
  ) );
#8552 = ORIENTED_EDGE('',*,*,#8553,.T.);
#8553 = EDGE_CURVE('',#8528,#8554,#8556,.T.);
#8554 = VERTEX_POINT('',#8555);
#8555 = CARTESIAN_POINT('',(8.,29.1,49.6));
#8556 = SURFACE_CURVE('',#8557,(#8561,#8567),.PCURVE_S1.);
#8557 = LINE('',#8558,#8559);
#8558 = CARTESIAN_POINT('',(14.25,29.1,49.6));
#8559 = VECTOR('',#8560,1.);
#8560 = DIRECTION('',(-1.,0.,0.));
#8561 = PCURVE('',#7509,#8562);
#8562 = DEFINITIONAL_REPRESENTATION('',(#8563),#8566);
#8563 = B_SPLINE_CURVE_WITH_KNOTS('',1,(#8564,#8565),.UNSPECIFIED.,.F.,
  .F.,(2,2),(2.25,7.25),.PIECEWISE_BEZIER_KNOTS.);
#8564 = CARTESIAN_POINT('',(7.,-19.4));
#8565 = CARTESIAN_POINT('',(12.,-19.4));
#8566 = ( GEOMETRIC_REPRESENTATION_CONTEXT(2) 
PARAMETRIC_REPRESENTATION_CONTEXT() REPRESENTATION_CONTEXT('2D SPACE',''
  ) );
#8567 = PCURVE('',#8568,#8573);
#8568 = PLANE('',#8569);
#8569 = AXIS2_PLACEMENT_3D('',#8570,#8571,#8572);
#8570 = CARTESIAN_POINT('',(9.5,29.1,49.6));
#8571 = DIRECTION('',(-0.,-1.,-0.));
#8572 = DIRECTION('',(0.,0.,-1.));
#8573 = DEFINITIONAL_REPRESENTATION('',(#8574),#8577);
#8574 = B_SPLINE_CURVE_WITH_KNOTS('',1,(#8575,#8576),.UNSPECIFIED.,.F.,
  .F.,(2,2),(2.25,7.25),.PIECEWISE_BEZIER_KNOTS.);
#8575 = CARTESIAN_POINT('',(0.,2.5));
#8576 = CARTESIAN_POINT('',(0.,-2.5));
#8577 = ( GEOMETRIC_REPRESENTATION_CONTEXT(2) 
PARAMETRIC_REPRESENTATION_CONTEXT() REPRESENTATION_CONTEXT('2D SPACE',''
  ) );
#8578 = ORIENTED_EDGE('',*,*,#8579,.F.);
#8579 = EDGE_CURVE('',#8580,#8554,#8582,.T.);
#8580 = VERTEX_POINT('',#8581);
#8581 = CARTESIAN_POINT('',(8.,32.16,49.6));
#8582 = SURFACE_CURVE('',#8583,(#8587,#8594),.PCURVE_S1.);
#8583 = LINE('',#8584,#8585);
#8584 = CARTESIAN_POINT('',(8.,32.16,49.6));
#8585 = VECTOR('',#8586,1.);
#8586 = DIRECTION('',(0.,-1.,0.));
#8587 = PCURVE('',#7509,#8588);
#8588 = DEFINITIONAL_REPRESENTATION('',(#8589),#8593);
#8589 = LINE('',#8590,#8591);
#8590 = CARTESIAN_POINT('',(11.,-16.34));
#8591 = VECTOR('',#8592,1.);
#8592 = DIRECTION('',(0.,-1.));
#8593 = ( GEOMETRIC_REPRESENTATION_CONTEXT(2) 
PARAMETRIC_REPRESENTATION_CONTEXT() REPRESENTATION_CONTEXT('2D SPACE',''
  ) );
#8594 = PCURVE('',#8595,#8600);
#8595 = CYLINDRICAL_SURFACE('',#8596,3.);
#8596 = AXIS2_PLACEMENT_3D('',#8597,#8598,#8599);
#8597 = CARTESIAN_POINT('',(5.,32.16,49.6));
#8598 = DIRECTION('',(-0.,1.,-0.));
#8599 = DIRECTION('',(1.,0.,0.));
#8600 = DEFINITIONAL_REPRESENTATION('',(#8601),#8605);
#8601 = LINE('',#8602,#8603);
#8602 = CARTESIAN_POINT('',(-0.,0.));
#8603 = VECTOR('',#8604,1.);
#8604 = DIRECTION('',(-0.,-1.));
#8605 = ( GEOMETRIC_REPRESENTATION_CONTEXT(2) 
PARAMETRIC_REPRESENTATION_CONTEXT() REPRESENTATION_CONTEXT('2D SPACE',''
  ) );
#8606 = ORIENTED_EDGE('',*,*,#8607,.T.);
#8607 = EDGE_CURVE('',#8580,#8608,#8610,.T.);
#8608 = VERTEX_POINT('',#8609);
#8609 = CARTESIAN_POINT('',(5.,32.16,49.6));
#8610 = SURFACE_CURVE('',#8611,(#8615,#8621),.PCURVE_S1.);
#8611 = LINE('',#8612,#8613);
#8612 = CARTESIAN_POINT('',(12.,32.16,49.6));
#8613 = VECTOR('',#8614,1.);
#8614 = DIRECTION('',(-1.,0.,0.));
#8615 = PCURVE('',#7509,#8616);
#8616 = DEFINITIONAL_REPRESENTATION('',(#8617),#8620);
#8617 = B_SPLINE_CURVE_WITH_KNOTS('',1,(#8618,#8619),.UNSPECIFIED.,.F.,
  .F.,(2,2),(4.,7.),.PIECEWISE_BEZIER_KNOTS.);
#8618 = CARTESIAN_POINT('',(11.,-16.34));
#8619 = CARTESIAN_POINT('',(14.,-16.34));
#8620 = ( GEOMETRIC_REPRESENTATION_CONTEXT(2) 
PARAMETRIC_REPRESENTATION_CONTEXT() REPRESENTATION_CONTEXT('2D SPACE',''
  ) );
#8621 = PCURVE('',#8622,#8627);
#8622 = PLANE('',#8623);
#8623 = AXIS2_PLACEMENT_3D('',#8624,#8625,#8626);
#8624 = CARTESIAN_POINT('',(5.,32.16,49.6));
#8625 = DIRECTION('',(-0.,-1.,-0.));
#8626 = DIRECTION('',(0.,0.,-1.));
#8627 = DEFINITIONAL_REPRESENTATION('',(#8628),#8631);
#8628 = B_SPLINE_CURVE_WITH_KNOTS('',1,(#8629,#8630),.UNSPECIFIED.,.F.,
  .F.,(2,2),(4.,7.),.PIECEWISE_BEZIER_KNOTS.);
#8629 = CARTESIAN_POINT('',(0.,3.));
#8630 = CARTESIAN_POINT('',(0.,0.));
#8631 = ( GEOMETRIC_REPRESENTATION_CONTEXT(2) 
PARAMETRIC_REPRESENTATION_CONTEXT() REPRESENTATION_CONTEXT('2D SPACE',''
  ) );
#8632 = ORIENTED_EDGE('',*,*,#8633,.F.);
#8633 = EDGE_CURVE('',#7466,#8608,#8634,.T.);
#8634 = SURFACE_CURVE('',#8635,(#8639,#8646),.PCURVE_S1.);
#8635 = LINE('',#8636,#8637);
#8636 = CARTESIAN_POINT('',(5.,48.5,49.6));
#8637 = VECTOR('',#8638,1.);
#8638 = DIRECTION('',(0.,-1.,0.));
#8639 = PCURVE('',#7509,#8640);
#8640 = DEFINITIONAL_REPRESENTATION('',(#8641),#8645);
#8641 = LINE('',#8642,#8643);
#8642 = CARTESIAN_POINT('',(14.,0.));
#8643 = VECTOR('',#8644,1.);
#8644 = DIRECTION('',(0.,-1.));
#8645 = ( GEOMETRIC_REPRESENTATION_CONTEXT(2) 
PARAMETRIC_REPRESENTATION_CONTEXT() REPRESENTATION_CONTEXT('2D SPACE',''
  ) );
#8646 = PCURVE('',#7481,#8647);
#8647 = DEFINITIONAL_REPRESENTATION('',(#8648),#8652);
#8648 = LINE('',#8649,#8650);
#8649 = CARTESIAN_POINT('',(0.,0.));
#8650 = VECTOR('',#8651,1.);
#8651 = DIRECTION('',(0.,-1.));
#8652 = ( GEOMETRIC_REPRESENTATION_CONTEXT(2) 
PARAMETRIC_REPRESENTATION_CONTEXT() REPRESENTATION_CONTEXT('2D SPACE',''
  ) );
#8653 = ADVANCED_FACE('',(#8654),#7481,.T.);
#8654 = FACE_BOUND('',#8655,.T.);
#8655 = EDGE_LOOP('',(#8656,#8657,#8658,#8679,#8700,#8719,#8720,#8721));
#8656 = ORIENTED_EDGE('',*,*,#7465,.F.);
#8657 = ORIENTED_EDGE('',*,*,#8633,.T.);
#8658 = ORIENTED_EDGE('',*,*,#8659,.T.);
#8659 = EDGE_CURVE('',#8608,#8660,#8662,.T.);
#8660 = VERTEX_POINT('',#8661);
#8661 = CARTESIAN_POINT('',(5.,32.16,46.6));
#8662 = SURFACE_CURVE('',#8663,(#8667,#8673),.PCURVE_S1.);
#8663 = LINE('',#8664,#8665);
#8664 = CARTESIAN_POINT('',(5.,32.16,49.6));
#8665 = VECTOR('',#8666,1.);
#8666 = DIRECTION('',(0.,0.,-1.));
#8667 = PCURVE('',#7481,#8668);
#8668 = DEFINITIONAL_REPRESENTATION('',(#8669),#8672);
#8669 = B_SPLINE_CURVE_WITH_KNOTS('',1,(#8670,#8671),.UNSPECIFIED.,.F.,
  .F.,(2,2),(0.,3.),.PIECEWISE_BEZIER_KNOTS.);
#8670 = CARTESIAN_POINT('',(0.,-16.34));
#8671 = CARTESIAN_POINT('',(3.,-16.34));
#8672 = ( GEOMETRIC_REPRESENTATION_CONTEXT(2) 
PARAMETRIC_REPRESENTATION_CONTEXT() REPRESENTATION_CONTEXT('2D SPACE',''
  ) );
#8673 = PCURVE('',#8622,#8674);
#8674 = DEFINITIONAL_REPRESENTATION('',(#8675),#8678);
#8675 = B_SPLINE_CURVE_WITH_KNOTS('',1,(#8676,#8677),.UNSPECIFIED.,.F.,
  .F.,(2,2),(0.,3.),.PIECEWISE_BEZIER_KNOTS.);
#8676 = CARTESIAN_POINT('',(0.,0.));
#8677 = CARTESIAN_POINT('',(3.,0.));
#8678 = ( GEOMETRIC_REPRESENTATION_CONTEXT(2) 
PARAMETRIC_REPRESENTATION_CONTEXT() REPRESENTATION_CONTEXT('2D SPACE',''
  ) );
#8679 = ORIENTED_EDGE('',*,*,#8680,.F.);
#8680 = EDGE_CURVE('',#8681,#8660,#8683,.T.);
#8681 = VERTEX_POINT('',#8682);
#8682 = CARTESIAN_POINT('',(5.,22.16,46.6));
#8683 = SURFACE_CURVE('',#8684,(#8688,#8694),.PCURVE_S1.);
#8684 = LINE('',#8685,#8686);
#8685 = CARTESIAN_POINT('',(5.,32.16,46.6));
#8686 = VECTOR('',#8687,1.);
#8687 = DIRECTION('',(-0.,1.,-0.));
#8688 = PCURVE('',#7481,#8689);
#8689 = DEFINITIONAL_REPRESENTATION('',(#8690),#8693);
#8690 = B_SPLINE_CURVE_WITH_KNOTS('',1,(#8691,#8692),.UNSPECIFIED.,.F.,
  .F.,(2,2),(-10.0000006,5.999999999062E-07),.PIECEWISE_BEZIER_KNOTS.);
#8691 = CARTESIAN_POINT('',(3.,-26.3400006));
#8692 = CARTESIAN_POINT('',(3.,-16.3399994));
#8693 = ( GEOMETRIC_REPRESENTATION_CONTEXT(2) 
PARAMETRIC_REPRESENTATION_CONTEXT() REPRESENTATION_CONTEXT('2D SPACE',''
  ) );
#8694 = PCURVE('',#8595,#8695);
#8695 = DEFINITIONAL_REPRESENTATION('',(#8696),#8699);
#8696 = B_SPLINE_CURVE_WITH_KNOTS('',1,(#8697,#8698),.UNSPECIFIED.,.F.,
  .F.,(2,2),(-10.0000006,5.999999999062E-07),.PIECEWISE_BEZIER_KNOTS.);
#8697 = CARTESIAN_POINT('',(-4.712388980385,-10.0000006));
#8698 = CARTESIAN_POINT('',(-4.712388980385,5.999999999062E-07));
#8699 = ( GEOMETRIC_REPRESENTATION_CONTEXT(2) 
PARAMETRIC_REPRESENTATION_CONTEXT() REPRESENTATION_CONTEXT('2D SPACE',''
  ) );
#8700 = ORIENTED_EDGE('',*,*,#8701,.F.);
#8701 = EDGE_CURVE('',#8427,#8681,#8702,.T.);
#8702 = SURFACE_CURVE('',#8703,(#8707,#8713),.PCURVE_S1.);
#8703 = LINE('',#8704,#8705);
#8704 = CARTESIAN_POINT('',(5.,22.16,49.6));
#8705 = VECTOR('',#8706,1.);
#8706 = DIRECTION('',(0.,0.,-1.));
#8707 = PCURVE('',#7481,#8708);
#8708 = DEFINITIONAL_REPRESENTATION('',(#8709),#8712);
#8709 = B_SPLINE_CURVE_WITH_KNOTS('',1,(#8710,#8711),.UNSPECIFIED.,.F.,
  .F.,(2,2),(0.,3.),.PIECEWISE_BEZIER_KNOTS.);
#8710 = CARTESIAN_POINT('',(0.,-26.34));
#8711 = CARTESIAN_POINT('',(3.,-26.34));
#8712 = ( GEOMETRIC_REPRESENTATION_CONTEXT(2) 
PARAMETRIC_REPRESENTATION_CONTEXT() REPRESENTATION_CONTEXT('2D SPACE',''
  ) );
#8713 = PCURVE('',#8464,#8714);
#8714 = DEFINITIONAL_REPRESENTATION('',(#8715),#8718);
#8715 = B_SPLINE_CURVE_WITH_KNOTS('',1,(#8716,#8717),.UNSPECIFIED.,.F.,
  .F.,(2,2),(0.,3.),.PIECEWISE_BEZIER_KNOTS.);
#8716 = CARTESIAN_POINT('',(0.,0.));
#8717 = CARTESIAN_POINT('',(3.,0.));
#8718 = ( GEOMETRIC_REPRESENTATION_CONTEXT(2) 
PARAMETRIC_REPRESENTATION_CONTEXT() REPRESENTATION_CONTEXT('2D SPACE',''
  ) );
#8719 = ORIENTED_EDGE('',*,*,#8426,.T.);
#8720 = ORIENTED_EDGE('',*,*,#7969,.T.);
#8721 = ORIENTED_EDGE('',*,*,#8722,.F.);
#8722 = EDGE_CURVE('',#7438,#7947,#8723,.T.);
#8723 = SURFACE_CURVE('',#8724,(#8728,#8735),.PCURVE_S1.);
#8724 = LINE('',#8725,#8726);
#8725 = CARTESIAN_POINT('',(5.,48.5,42.));
#8726 = VECTOR('',#8727,1.);
#8727 = DIRECTION('',(0.,-1.,0.));
#8728 = PCURVE('',#7481,#8729);
#8729 = DEFINITIONAL_REPRESENTATION('',(#8730),#8734);
#8730 = LINE('',#8731,#8732);
#8731 = CARTESIAN_POINT('',(7.6,0.));
#8732 = VECTOR('',#8733,1.);
#8733 = DIRECTION('',(0.,-1.));
#8734 = ( GEOMETRIC_REPRESENTATION_CONTEXT(2) 
PARAMETRIC_REPRESENTATION_CONTEXT() REPRESENTATION_CONTEXT('2D SPACE',''
  ) );
#8735 = PCURVE('',#7453,#8736);
#8736 = DEFINITIONAL_REPRESENTATION('',(#8737),#8741);
#8737 = LINE('',#8738,#8739);
#8738 = CARTESIAN_POINT('',(0.,0.));
#8739 = VECTOR('',#8740,1.);
#8740 = DIRECTION('',(0.,-1.));
#8741 = ( GEOMETRIC_REPRESENTATION_CONTEXT(2) 
PARAMETRIC_REPRESENTATION_CONTEXT() REPRESENTATION_CONTEXT('2D SPACE',''
  ) );
#8742 = ADVANCED_FACE('',(#8743),#7453,.T.);
#8743 = FACE_BOUND('',#8744,.T.);
#8744 = EDGE_LOOP('',(#8745,#8746,#8747,#8748));
#8745 = ORIENTED_EDGE('',*,*,#7437,.F.);
#8746 = ORIENTED_EDGE('',*,*,#8722,.T.);
#8747 = ORIENTED_EDGE('',*,*,#7946,.T.);
#8748 = ORIENTED_EDGE('',*,*,#8749,.T.);
#8749 = EDGE_CURVE('',#7923,#7409,#8750,.T.);
#8750 = SURFACE_CURVE('',#8751,(#8755,#8762),.PCURVE_S1.);
#8751 = LINE('',#8752,#8753);
#8752 = CARTESIAN_POINT('',(12.2,-48.5,42.));
#8753 = VECTOR('',#8754,1.);
#8754 = DIRECTION('',(0.,1.,0.));
#8755 = PCURVE('',#7453,#8756);
#8756 = DEFINITIONAL_REPRESENTATION('',(#8757),#8761);
#8757 = LINE('',#8758,#8759);
#8758 = CARTESIAN_POINT('',(7.2,-97.));
#8759 = VECTOR('',#8760,1.);
#8760 = DIRECTION('',(0.,1.));
#8761 = ( GEOMETRIC_REPRESENTATION_CONTEXT(2) 
PARAMETRIC_REPRESENTATION_CONTEXT() REPRESENTATION_CONTEXT('2D SPACE',''
  ) );
#8762 = PCURVE('',#7425,#8763);
#8763 = DEFINITIONAL_REPRESENTATION('',(#8764),#8768);
#8764 = LINE('',#8765,#8766);
#8765 = CARTESIAN_POINT('',(-1.570796326795,0.));
#8766 = VECTOR('',#8767,1.);
#8767 = DIRECTION('',(-0.,1.));
#8768 = ( GEOMETRIC_REPRESENTATION_CONTEXT(2) 
PARAMETRIC_REPRESENTATION_CONTEXT() REPRESENTATION_CONTEXT('2D SPACE',''
  ) );
#8769 = ADVANCED_FACE('',(#8770),#7396,.F.);
#8770 = FACE_BOUND('',#8771,.F.);
#8771 = EDGE_LOOP('',(#8772,#8773,#8774,#8775));
#8772 = ORIENTED_EDGE('',*,*,#7380,.F.);
#8773 = ORIENTED_EDGE('',*,*,#7617,.T.);
#8774 = ORIENTED_EDGE('',*,*,#7899,.T.);
#8775 = ORIENTED_EDGE('',*,*,#8776,.T.);
#8776 = EDGE_CURVE('',#7900,#7381,#8777,.T.);
#8777 = SURFACE_CURVE('',#8778,(#8782,#8789),.PCURVE_S1.);
#8778 = LINE('',#8779,#8780);
#8779 = CARTESIAN_POINT('',(14.,-48.5,40.2));
#8780 = VECTOR('',#8781,1.);
#8781 = DIRECTION('',(0.,1.,0.));
#8782 = PCURVE('',#7396,#8783);
#8783 = DEFINITIONAL_REPRESENTATION('',(#8784),#8788);
#8784 = LINE('',#8785,#8786);
#8785 = CARTESIAN_POINT('',(3.2,-97.));
#8786 = VECTOR('',#8787,1.);
#8787 = DIRECTION('',(0.,1.));
#8788 = ( GEOMETRIC_REPRESENTATION_CONTEXT(2) 
PARAMETRIC_REPRESENTATION_CONTEXT() REPRESENTATION_CONTEXT('2D SPACE',''
  ) );
#8789 = PCURVE('',#7425,#8790);
#8790 = DEFINITIONAL_REPRESENTATION('',(#8791),#8795);
#8791 = LINE('',#8792,#8793);
#8792 = CARTESIAN_POINT('',(-0.,0.));
#8793 = VECTOR('',#8794,1.);
#8794 = DIRECTION('',(-0.,1.));
#8795 = ( GEOMETRIC_REPRESENTATION_CONTEXT(2) 
PARAMETRIC_REPRESENTATION_CONTEXT() REPRESENTATION_CONTEXT('2D SPACE',''
  ) );
#8796 = ADVANCED_FACE('',(#8797),#7425,.T.);
#8797 = FACE_BOUND('',#8798,.F.);
#8798 = EDGE_LOOP('',(#8799,#8800,#8801,#8802));
#8799 = ORIENTED_EDGE('',*,*,#7922,.T.);
#8800 = ORIENTED_EDGE('',*,*,#8749,.T.);
#8801 = ORIENTED_EDGE('',*,*,#7408,.F.);
#8802 = ORIENTED_EDGE('',*,*,#8776,.F.);
#8803 = ADVANCED_FACE('',(#8804),#7706,.F.);
#8804 = FACE_BOUND('',#8805,.F.);
#8805 = EDGE_LOOP('',(#8806,#8829,#8857,#8878));
#8806 = ORIENTED_EDGE('',*,*,#8807,.F.);
#8807 = EDGE_CURVE('',#8808,#7668,#8810,.T.);
#8808 = VERTEX_POINT('',#8809);
#8809 = CARTESIAN_POINT('',(0.,36.35,34.5));
#8810 = SURFACE_CURVE('',#8811,(#8815,#8822),.PCURVE_S1.);
#8811 = LINE('',#8812,#8813);
#8812 = CARTESIAN_POINT('',(0.,36.35,34.5));
#8813 = VECTOR('',#8814,1.);
#8814 = DIRECTION('',(0.,0.,1.));
#8815 = PCURVE('',#7706,#8816);
#8816 = DEFINITIONAL_REPRESENTATION('',(#8817),#8821);
#8817 = LINE('',#8818,#8819);
#8818 = CARTESIAN_POINT('',(0.,0.));
#8819 = VECTOR('',#8820,1.);
#8820 = DIRECTION('',(1.,0.));
#8821 = ( GEOMETRIC_REPRESENTATION_CONTEXT(2) 
PARAMETRIC_REPRESENTATION_CONTEXT() REPRESENTATION_CONTEXT('2D SPACE',''
  ) );
#8822 = PCURVE('',#8380,#8823);
#8823 = DEFINITIONAL_REPRESENTATION('',(#8824),#8828);
#8824 = LINE('',#8825,#8826);
#8825 = CARTESIAN_POINT('',(5.,7.5));
#8826 = VECTOR('',#8827,1.);
#8827 = DIRECTION('',(-1.,0.));
#8828 = ( GEOMETRIC_REPRESENTATION_CONTEXT(2) 
PARAMETRIC_REPRESENTATION_CONTEXT() REPRESENTATION_CONTEXT('2D SPACE',''
  ) );
#8829 = ORIENTED_EDGE('',*,*,#8830,.T.);
#8830 = EDGE_CURVE('',#8808,#8831,#8833,.T.);
#8831 = VERTEX_POINT('',#8832);
#8832 = CARTESIAN_POINT('',(0.,23.65,34.5));
#8833 = SURFACE_CURVE('',#8834,(#8838,#8845),.PCURVE_S1.);
#8834 = LINE('',#8835,#8836);
#8835 = CARTESIAN_POINT('',(0.,36.35,34.5));
#8836 = VECTOR('',#8837,1.);
#8837 = DIRECTION('',(0.,-1.,0.));
#8838 = PCURVE('',#7706,#8839);
#8839 = DEFINITIONAL_REPRESENTATION('',(#8840),#8844);
#8840 = LINE('',#8841,#8842);
#8841 = CARTESIAN_POINT('',(0.,0.));
#8842 = VECTOR('',#8843,1.);
#8843 = DIRECTION('',(0.,-1.));
#8844 = ( GEOMETRIC_REPRESENTATION_CONTEXT(2) 
PARAMETRIC_REPRESENTATION_CONTEXT() REPRESENTATION_CONTEXT('2D SPACE',''
  ) );
#8845 = PCURVE('',#8846,#8851);
#8846 = PLANE('',#8847);
#8847 = AXIS2_PLACEMENT_3D('',#8848,#8849,#8850);
#8848 = CARTESIAN_POINT('',(-15.,36.35,34.5));
#8849 = DIRECTION('',(-0.,0.,1.));
#8850 = DIRECTION('',(1.,0.,0.));
#8851 = DEFINITIONAL_REPRESENTATION('',(#8852),#8856);
#8852 = LINE('',#8853,#8854);
#8853 = CARTESIAN_POINT('',(15.,0.));
#8854 = VECTOR('',#8855,1.);
#8855 = DIRECTION('',(0.,-1.));
#8856 = ( GEOMETRIC_REPRESENTATION_CONTEXT(2) 
PARAMETRIC_REPRESENTATION_CONTEXT() REPRESENTATION_CONTEXT('2D SPACE',''
  ) );
#8857 = ORIENTED_EDGE('',*,*,#8858,.T.);
#8858 = EDGE_CURVE('',#8831,#7691,#8859,.T.);
#8859 = SURFACE_CURVE('',#8860,(#8864,#8871),.PCURVE_S1.);
#8860 = LINE('',#8861,#8862);
#8861 = CARTESIAN_POINT('',(0.,23.65,34.5));
#8862 = VECTOR('',#8863,1.);
#8863 = DIRECTION('',(0.,0.,1.));
#8864 = PCURVE('',#7706,#8865);
#8865 = DEFINITIONAL_REPRESENTATION('',(#8866),#8870);
#8866 = LINE('',#8867,#8868);
#8867 = CARTESIAN_POINT('',(0.,-12.7));
#8868 = VECTOR('',#8869,1.);
#8869 = DIRECTION('',(1.,0.));
#8870 = ( GEOMETRIC_REPRESENTATION_CONTEXT(2) 
PARAMETRIC_REPRESENTATION_CONTEXT() REPRESENTATION_CONTEXT('2D SPACE',''
  ) );
#8871 = PCURVE('',#8326,#8872);
#8872 = DEFINITIONAL_REPRESENTATION('',(#8873),#8877);
#8873 = LINE('',#8874,#8875);
#8874 = CARTESIAN_POINT('',(5.,7.5));
#8875 = VECTOR('',#8876,1.);
#8876 = DIRECTION('',(-1.,0.));
#8877 = ( GEOMETRIC_REPRESENTATION_CONTEXT(2) 
PARAMETRIC_REPRESENTATION_CONTEXT() REPRESENTATION_CONTEXT('2D SPACE',''
  ) );
#8878 = ORIENTED_EDGE('',*,*,#7690,.F.);
#8879 = ADVANCED_FACE('',(#8880),#7757,.F.);
#8880 = FACE_BOUND('',#8881,.F.);
#8881 = EDGE_LOOP('',(#8882,#8905,#8933,#8954));
#8882 = ORIENTED_EDGE('',*,*,#8883,.F.);
#8883 = EDGE_CURVE('',#8884,#7719,#8886,.T.);
#8884 = VERTEX_POINT('',#8885);
#8885 = CARTESIAN_POINT('',(0.,-23.65,34.5));
#8886 = SURFACE_CURVE('',#8887,(#8891,#8898),.PCURVE_S1.);
#8887 = LINE('',#8888,#8889);
#8888 = CARTESIAN_POINT('',(0.,-23.65,34.5));
#8889 = VECTOR('',#8890,1.);
#8890 = DIRECTION('',(0.,0.,1.));
#8891 = PCURVE('',#7757,#8892);
#8892 = DEFINITIONAL_REPRESENTATION('',(#8893),#8897);
#8893 = LINE('',#8894,#8895);
#8894 = CARTESIAN_POINT('',(0.,0.));
#8895 = VECTOR('',#8896,1.);
#8896 = DIRECTION('',(1.,0.));
#8897 = ( GEOMETRIC_REPRESENTATION_CONTEXT(2) 
PARAMETRIC_REPRESENTATION_CONTEXT() REPRESENTATION_CONTEXT('2D SPACE',''
  ) );
#8898 = PCURVE('',#8297,#8899);
#8899 = DEFINITIONAL_REPRESENTATION('',(#8900),#8904);
#8900 = LINE('',#8901,#8902);
#8901 = CARTESIAN_POINT('',(5.,7.5));
#8902 = VECTOR('',#8903,1.);
#8903 = DIRECTION('',(-1.,0.));
#8904 = ( GEOMETRIC_REPRESENTATION_CONTEXT(2) 
PARAMETRIC_REPRESENTATION_CONTEXT() REPRESENTATION_CONTEXT('2D SPACE',''
  ) );
#8905 = ORIENTED_EDGE('',*,*,#8906,.T.);
#8906 = EDGE_CURVE('',#8884,#8907,#8909,.T.);
#8907 = VERTEX_POINT('',#8908);
#8908 = CARTESIAN_POINT('',(0.,-36.35,34.5));
#8909 = SURFACE_CURVE('',#8910,(#8914,#8921),.PCURVE_S1.);
#8910 = LINE('',#8911,#8912);
#8911 = CARTESIAN_POINT('',(0.,-23.65,34.5));
#8912 = VECTOR('',#8913,1.);
#8913 = DIRECTION('',(0.,-1.,0.));
#8914 = PCURVE('',#7757,#8915);
#8915 = DEFINITIONAL_REPRESENTATION('',(#8916),#8920);
#8916 = LINE('',#8917,#8918);
#8917 = CARTESIAN_POINT('',(0.,0.));
#8918 = VECTOR('',#8919,1.);
#8919 = DIRECTION('',(0.,-1.));
#8920 = ( GEOMETRIC_REPRESENTATION_CONTEXT(2) 
PARAMETRIC_REPRESENTATION_CONTEXT() REPRESENTATION_CONTEXT('2D SPACE',''
  ) );
#8921 = PCURVE('',#8922,#8927);
#8922 = PLANE('',#8923);
#8923 = AXIS2_PLACEMENT_3D('',#8924,#8925,#8926);
#8924 = CARTESIAN_POINT('',(-15.,-23.65,34.5));
#8925 = DIRECTION('',(-0.,0.,1.));
#8926 = DIRECTION('',(1.,0.,0.));
#8927 = DEFINITIONAL_REPRESENTATION('',(#8928),#8932);
#8928 = LINE('',#8929,#8930);
#8929 = CARTESIAN_POINT('',(15.,0.));
#8930 = VECTOR('',#8931,1.);
#8931 = DIRECTION('',(0.,-1.));
#8932 = ( GEOMETRIC_REPRESENTATION_CONTEXT(2) 
PARAMETRIC_REPRESENTATION_CONTEXT() REPRESENTATION_CONTEXT('2D SPACE',''
  ) );
#8933 = ORIENTED_EDGE('',*,*,#8934,.T.);
#8934 = EDGE_CURVE('',#8907,#7742,#8935,.T.);
#8935 = SURFACE_CURVE('',#8936,(#8940,#8947),.PCURVE_S1.);
#8936 = LINE('',#8937,#8938);
#8937 = CARTESIAN_POINT('',(0.,-36.35,34.5));
#8938 = VECTOR('',#8939,1.);
#8939 = DIRECTION('',(0.,0.,1.));
#8940 = PCURVE('',#7757,#8941);
#8941 = DEFINITIONAL_REPRESENTATION('',(#8942),#8946);
#8942 = LINE('',#8943,#8944);
#8943 = CARTESIAN_POINT('',(0.,-12.7));
#8944 = VECTOR('',#8945,1.);
#8945 = DIRECTION('',(1.,0.));
#8946 = ( GEOMETRIC_REPRESENTATION_CONTEXT(2) 
PARAMETRIC_REPRESENTATION_CONTEXT() REPRESENTATION_CONTEXT('2D SPACE',''
  ) );
#8947 = PCURVE('',#8243,#8948);
#8948 = DEFINITIONAL_REPRESENTATION('',(#8949),#8953);
#8949 = LINE('',#8950,#8951);
#8950 = CARTESIAN_POINT('',(5.,7.5));
#8951 = VECTOR('',#8952,1.);
#8952 = DIRECTION('',(-1.,0.));
#8953 = ( GEOMETRIC_REPRESENTATION_CONTEXT(2) 
PARAMETRIC_REPRESENTATION_CONTEXT() REPRESENTATION_CONTEXT('2D SPACE',''
  ) );
#8954 = ORIENTED_EDGE('',*,*,#7741,.F.);
#8955 = ADVANCED_FACE('',(#8956),#8380,.F.);
#8956 = FACE_BOUND('',#8957,.F.);
#8957 = EDGE_LOOP('',(#8958,#8988,#9009,#9010,#9011,#9034,#9062));
#8958 = ORIENTED_EDGE('',*,*,#8959,.T.);
#8959 = EDGE_CURVE('',#8960,#8962,#8964,.T.);
#8960 = VERTEX_POINT('',#8961);
#8961 = CARTESIAN_POINT('',(-15.,36.35,37.8));
#8962 = VERTEX_POINT('',#8963);
#8963 = CARTESIAN_POINT('',(-15.,36.35,34.5));
#8964 = SURFACE_CURVE('',#8965,(#8969,#8976),.PCURVE_S1.);
#8965 = LINE('',#8966,#8967);
#8966 = CARTESIAN_POINT('',(-15.,36.35,44.5));
#8967 = VECTOR('',#8968,1.);
#8968 = DIRECTION('',(0.,0.,-1.));
#8969 = PCURVE('',#8380,#8970);
#8970 = DEFINITIONAL_REPRESENTATION('',(#8971),#8975);
#8971 = LINE('',#8972,#8973);
#8972 = CARTESIAN_POINT('',(-5.,-7.5));
#8973 = VECTOR('',#8974,1.);
#8974 = DIRECTION('',(1.,0.));
#8975 = ( GEOMETRIC_REPRESENTATION_CONTEXT(2) 
PARAMETRIC_REPRESENTATION_CONTEXT() REPRESENTATION_CONTEXT('2D SPACE',''
  ) );
#8976 = PCURVE('',#8977,#8982);
#8977 = PLANE('',#8978);
#8978 = AXIS2_PLACEMENT_3D('',#8979,#8980,#8981);
#8979 = CARTESIAN_POINT('',(-15.,36.35,44.5));
#8980 = DIRECTION('',(1.,0.,0.));
#8981 = DIRECTION('',(0.,0.,-1.));
#8982 = DEFINITIONAL_REPRESENTATION('',(#8983),#8987);
#8983 = LINE('',#8984,#8985);
#8984 = CARTESIAN_POINT('',(0.,0.));
#8985 = VECTOR('',#8986,1.);
#8986 = DIRECTION('',(1.,0.));
#8987 = ( GEOMETRIC_REPRESENTATION_CONTEXT(2) 
PARAMETRIC_REPRESENTATION_CONTEXT() REPRESENTATION_CONTEXT('2D SPACE',''
  ) );
#8988 = ORIENTED_EDGE('',*,*,#8989,.T.);
#8989 = EDGE_CURVE('',#8962,#8808,#8990,.T.);
#8990 = SURFACE_CURVE('',#8991,(#8995,#9002),.PCURVE_S1.);
#8991 = LINE('',#8992,#8993);
#8992 = CARTESIAN_POINT('',(-15.,36.35,34.5));
#8993 = VECTOR('',#8994,1.);
#8994 = DIRECTION('',(1.,0.,0.));
#8995 = PCURVE('',#8380,#8996);
#8996 = DEFINITIONAL_REPRESENTATION('',(#8997),#9001);
#8997 = LINE('',#8998,#8999);
#8998 = CARTESIAN_POINT('',(5.,-7.5));
#8999 = VECTOR('',#9000,1.);
#9000 = DIRECTION('',(0.,1.));
#9001 = ( GEOMETRIC_REPRESENTATION_CONTEXT(2) 
PARAMETRIC_REPRESENTATION_CONTEXT() REPRESENTATION_CONTEXT('2D SPACE',''
  ) );
#9002 = PCURVE('',#8846,#9003);
#9003 = DEFINITIONAL_REPRESENTATION('',(#9004),#9008);
#9004 = LINE('',#9005,#9006);
#9005 = CARTESIAN_POINT('',(0.,0.));
#9006 = VECTOR('',#9007,1.);
#9007 = DIRECTION('',(1.,0.));
#9008 = ( GEOMETRIC_REPRESENTATION_CONTEXT(2) 
PARAMETRIC_REPRESENTATION_CONTEXT() REPRESENTATION_CONTEXT('2D SPACE',''
  ) );
#9009 = ORIENTED_EDGE('',*,*,#8807,.T.);
#9010 = ORIENTED_EDGE('',*,*,#8366,.T.);
#9011 = ORIENTED_EDGE('',*,*,#9012,.T.);
#9012 = EDGE_CURVE('',#8339,#9013,#9015,.T.);
#9013 = VERTEX_POINT('',#9014);
#9014 = CARTESIAN_POINT('',(-15.,36.35,44.5));
#9015 = SURFACE_CURVE('',#9016,(#9020,#9027),.PCURVE_S1.);
#9016 = LINE('',#9017,#9018);
#9017 = CARTESIAN_POINT('',(0.,36.35,44.5));
#9018 = VECTOR('',#9019,1.);
#9019 = DIRECTION('',(-1.,0.,0.));
#9020 = PCURVE('',#8380,#9021);
#9021 = DEFINITIONAL_REPRESENTATION('',(#9022),#9026);
#9022 = LINE('',#9023,#9024);
#9023 = CARTESIAN_POINT('',(-5.,7.5));
#9024 = VECTOR('',#9025,1.);
#9025 = DIRECTION('',(0.,-1.));
#9026 = ( GEOMETRIC_REPRESENTATION_CONTEXT(2) 
PARAMETRIC_REPRESENTATION_CONTEXT() REPRESENTATION_CONTEXT('2D SPACE',''
  ) );
#9027 = PCURVE('',#8354,#9028);
#9028 = DEFINITIONAL_REPRESENTATION('',(#9029),#9033);
#9029 = LINE('',#9030,#9031);
#9030 = CARTESIAN_POINT('',(0.,0.));
#9031 = VECTOR('',#9032,1.);
#9032 = DIRECTION('',(1.,0.));
#9033 = ( GEOMETRIC_REPRESENTATION_CONTEXT(2) 
PARAMETRIC_REPRESENTATION_CONTEXT() REPRESENTATION_CONTEXT('2D SPACE',''
  ) );
#9034 = ORIENTED_EDGE('',*,*,#9035,.T.);
#9035 = EDGE_CURVE('',#9013,#9036,#9038,.T.);
#9036 = VERTEX_POINT('',#9037);
#9037 = CARTESIAN_POINT('',(-15.,36.35,41.2));
#9038 = SURFACE_CURVE('',#9039,(#9043,#9050),.PCURVE_S1.);
#9039 = LINE('',#9040,#9041);
#9040 = CARTESIAN_POINT('',(-15.,36.35,44.5));
#9041 = VECTOR('',#9042,1.);
#9042 = DIRECTION('',(0.,0.,-1.));
#9043 = PCURVE('',#8380,#9044);
#9044 = DEFINITIONAL_REPRESENTATION('',(#9045),#9049);
#9045 = LINE('',#9046,#9047);
#9046 = CARTESIAN_POINT('',(-5.,-7.5));
#9047 = VECTOR('',#9048,1.);
#9048 = DIRECTION('',(1.,0.));
#9049 = ( GEOMETRIC_REPRESENTATION_CONTEXT(2) 
PARAMETRIC_REPRESENTATION_CONTEXT() REPRESENTATION_CONTEXT('2D SPACE',''
  ) );
#9050 = PCURVE('',#9051,#9056);
#9051 = PLANE('',#9052);
#9052 = AXIS2_PLACEMENT_3D('',#9053,#9054,#9055);
#9053 = CARTESIAN_POINT('',(-15.,36.35,44.5));
#9054 = DIRECTION('',(1.,0.,0.));
#9055 = DIRECTION('',(0.,0.,-1.));
#9056 = DEFINITIONAL_REPRESENTATION('',(#9057),#9061);
#9057 = LINE('',#9058,#9059);
#9058 = CARTESIAN_POINT('',(0.,0.));
#9059 = VECTOR('',#9060,1.);
#9060 = DIRECTION('',(1.,0.));
#9061 = ( GEOMETRIC_REPRESENTATION_CONTEXT(2) 
PARAMETRIC_REPRESENTATION_CONTEXT() REPRESENTATION_CONTEXT('2D SPACE',''
  ) );
#9062 = ORIENTED_EDGE('',*,*,#9063,.T.);
#9063 = EDGE_CURVE('',#9036,#8960,#9064,.T.);
#9064 = SURFACE_CURVE('',#9065,(#9070,#9081),.PCURVE_S1.);
#9065 = CIRCLE('',#9066,1.7);
#9066 = AXIS2_PLACEMENT_3D('',#9067,#9068,#9069);
#9067 = CARTESIAN_POINT('',(-15.,36.35,39.5));
#9068 = DIRECTION('',(0.,1.,0.));
#9069 = DIRECTION('',(0.,-0.,1.));
#9070 = PCURVE('',#8380,#9071);
#9071 = DEFINITIONAL_REPRESENTATION('',(#9072),#9080);
#9072 = ( BOUNDED_CURVE() B_SPLINE_CURVE(2,(#9073,#9074,#9075,#9076,
#9077,#9078,#9079),.UNSPECIFIED.,.T.,.F.) B_SPLINE_CURVE_WITH_KNOTS((1,2
    ,2,2,2,1),(-2.094395102393,0.,2.094395102393,4.188790204786,
6.28318530718,8.377580409573),.UNSPECIFIED.) CURVE() 
GEOMETRIC_REPRESENTATION_ITEM() RATIONAL_B_SPLINE_CURVE((1.,0.5,1.,0.5,
1.,0.5,1.)) REPRESENTATION_ITEM('') );
#9073 = CARTESIAN_POINT('',(-1.7,-7.5));
#9074 = CARTESIAN_POINT('',(-1.7,-4.555513627133));
#9075 = CARTESIAN_POINT('',(0.85,-6.027756813566));
#9076 = CARTESIAN_POINT('',(3.4,-7.5));
#9077 = CARTESIAN_POINT('',(0.85,-8.972243186434));
#9078 = CARTESIAN_POINT('',(-1.7,-10.44448637286));
#9079 = CARTESIAN_POINT('',(-1.7,-7.5));
#9080 = ( GEOMETRIC_REPRESENTATION_CONTEXT(2) 
PARAMETRIC_REPRESENTATION_CONTEXT() REPRESENTATION_CONTEXT('2D SPACE',''
  ) );
#9081 = PCURVE('',#9082,#9087);
#9082 = CYLINDRICAL_SURFACE('',#9083,1.7);
#9083 = AXIS2_PLACEMENT_3D('',#9084,#9085,#9086);
#9084 = CARTESIAN_POINT('',(-15.,23.5,39.5));
#9085 = DIRECTION('',(0.,1.,0.));
#9086 = DIRECTION('',(0.,-0.,1.));
#9087 = DEFINITIONAL_REPRESENTATION('',(#9088),#9092);
#9088 = LINE('',#9089,#9090);
#9089 = CARTESIAN_POINT('',(0.,12.85));
#9090 = VECTOR('',#9091,1.);
#9091 = DIRECTION('',(1.,0.));
#9092 = ( GEOMETRIC_REPRESENTATION_CONTEXT(2) 
PARAMETRIC_REPRESENTATION_CONTEXT() REPRESENTATION_CONTEXT('2D SPACE',''
  ) );
#9093 = ADVANCED_FACE('',(#9094),#8354,.F.);
#9094 = FACE_BOUND('',#9095,.F.);
#9095 = EDGE_LOOP('',(#9096,#9097,#9098,#9121,#9149,#9175,#9201,#9227));
#9096 = ORIENTED_EDGE('',*,*,#9012,.F.);
#9097 = ORIENTED_EDGE('',*,*,#8338,.T.);
#9098 = ORIENTED_EDGE('',*,*,#9099,.T.);
#9099 = EDGE_CURVE('',#8311,#9100,#9102,.T.);
#9100 = VERTEX_POINT('',#9101);
#9101 = CARTESIAN_POINT('',(-15.,23.65,44.5));
#9102 = SURFACE_CURVE('',#9103,(#9107,#9114),.PCURVE_S1.);
#9103 = LINE('',#9104,#9105);
#9104 = CARTESIAN_POINT('',(0.,23.65,44.5));
#9105 = VECTOR('',#9106,1.);
#9106 = DIRECTION('',(-1.,0.,0.));
#9107 = PCURVE('',#8354,#9108);
#9108 = DEFINITIONAL_REPRESENTATION('',(#9109),#9113);
#9109 = LINE('',#9110,#9111);
#9110 = CARTESIAN_POINT('',(0.,-12.7));
#9111 = VECTOR('',#9112,1.);
#9112 = DIRECTION('',(1.,0.));
#9113 = ( GEOMETRIC_REPRESENTATION_CONTEXT(2) 
PARAMETRIC_REPRESENTATION_CONTEXT() REPRESENTATION_CONTEXT('2D SPACE',''
  ) );
#9114 = PCURVE('',#8326,#9115);
#9115 = DEFINITIONAL_REPRESENTATION('',(#9116),#9120);
#9116 = LINE('',#9117,#9118);
#9117 = CARTESIAN_POINT('',(-5.,7.5));
#9118 = VECTOR('',#9119,1.);
#9119 = DIRECTION('',(0.,-1.));
#9120 = ( GEOMETRIC_REPRESENTATION_CONTEXT(2) 
PARAMETRIC_REPRESENTATION_CONTEXT() REPRESENTATION_CONTEXT('2D SPACE',''
  ) );
#9121 = ORIENTED_EDGE('',*,*,#9122,.F.);
#9122 = EDGE_CURVE('',#9123,#9100,#9125,.T.);
#9123 = VERTEX_POINT('',#9124);
#9124 = CARTESIAN_POINT('',(-15.,24.,44.5));
#9125 = SURFACE_CURVE('',#9126,(#9130,#9137),.PCURVE_S1.);
#9126 = LINE('',#9127,#9128);
#9127 = CARTESIAN_POINT('',(-15.,36.35,44.5));
#9128 = VECTOR('',#9129,1.);
#9129 = DIRECTION('',(0.,-1.,0.));
#9130 = PCURVE('',#8354,#9131);
#9131 = DEFINITIONAL_REPRESENTATION('',(#9132),#9136);
#9132 = LINE('',#9133,#9134);
#9133 = CARTESIAN_POINT('',(15.,0.));
#9134 = VECTOR('',#9135,1.);
#9135 = DIRECTION('',(0.,-1.));
#9136 = ( GEOMETRIC_REPRESENTATION_CONTEXT(2) 
PARAMETRIC_REPRESENTATION_CONTEXT() REPRESENTATION_CONTEXT('2D SPACE',''
  ) );
#9137 = PCURVE('',#9138,#9143);
#9138 = PLANE('',#9139);
#9139 = AXIS2_PLACEMENT_3D('',#9140,#9141,#9142);
#9140 = CARTESIAN_POINT('',(-15.,36.35,44.5));
#9141 = DIRECTION('',(1.,0.,0.));
#9142 = DIRECTION('',(0.,0.,-1.));
#9143 = DEFINITIONAL_REPRESENTATION('',(#9144),#9148);
#9144 = LINE('',#9145,#9146);
#9145 = CARTESIAN_POINT('',(0.,0.));
#9146 = VECTOR('',#9147,1.);
#9147 = DIRECTION('',(0.,-1.));
#9148 = ( GEOMETRIC_REPRESENTATION_CONTEXT(2) 
PARAMETRIC_REPRESENTATION_CONTEXT() REPRESENTATION_CONTEXT('2D SPACE',''
  ) );
#9149 = ORIENTED_EDGE('',*,*,#9150,.T.);
#9150 = EDGE_CURVE('',#9123,#9151,#9153,.T.);
#9151 = VERTEX_POINT('',#9152);
#9152 = CARTESIAN_POINT('',(-11.00500312891,24.,44.5));
#9153 = SURFACE_CURVE('',#9154,(#9158,#9164),.PCURVE_S1.);
#9154 = LINE('',#9155,#9156);
#9155 = CARTESIAN_POINT('',(-7.5,24.,44.5));
#9156 = VECTOR('',#9157,1.);
#9157 = DIRECTION('',(1.,0.,0.));
#9158 = PCURVE('',#8354,#9159);
#9159 = DEFINITIONAL_REPRESENTATION('',(#9160),#9163);
#9160 = B_SPLINE_CURVE_WITH_KNOTS('',1,(#9161,#9162),.UNSPECIFIED.,.F.,
  .F.,(2,2),(-7.5,-1.1),.PIECEWISE_BEZIER_KNOTS.);
#9161 = CARTESIAN_POINT('',(15.,-12.35));
#9162 = CARTESIAN_POINT('',(8.6,-12.35));
#9163 = ( GEOMETRIC_REPRESENTATION_CONTEXT(2) 
PARAMETRIC_REPRESENTATION_CONTEXT() REPRESENTATION_CONTEXT('2D SPACE',''
  ) );
#9164 = PCURVE('',#9165,#9170);
#9165 = PLANE('',#9166);
#9166 = AXIS2_PLACEMENT_3D('',#9167,#9168,#9169);
#9167 = CARTESIAN_POINT('',(-15.,24.,39.5));
#9168 = DIRECTION('',(0.,1.,0.));
#9169 = DIRECTION('',(0.,-0.,1.));
#9170 = DEFINITIONAL_REPRESENTATION('',(#9171),#9174);
#9171 = B_SPLINE_CURVE_WITH_KNOTS('',1,(#9172,#9173),.UNSPECIFIED.,.F.,
  .F.,(2,2),(-7.5,-1.1),.PIECEWISE_BEZIER_KNOTS.);
#9172 = CARTESIAN_POINT('',(5.,0.));
#9173 = CARTESIAN_POINT('',(5.,6.4));
#9174 = ( GEOMETRIC_REPRESENTATION_CONTEXT(2) 
PARAMETRIC_REPRESENTATION_CONTEXT() REPRESENTATION_CONTEXT('2D SPACE',''
  ) );
#9175 = ORIENTED_EDGE('',*,*,#9176,.T.);
#9176 = EDGE_CURVE('',#9151,#9177,#9179,.T.);
#9177 = VERTEX_POINT('',#9178);
#9178 = CARTESIAN_POINT('',(-11.00500312891,36.,44.5));
#9179 = SURFACE_CURVE('',#9180,(#9184,#9190),.PCURVE_S1.);
#9180 = LINE('',#9181,#9182);
#9181 = CARTESIAN_POINT('',(-11.00500312891,24.,44.5));
#9182 = VECTOR('',#9183,1.);
#9183 = DIRECTION('',(0.,1.,0.));
#9184 = PCURVE('',#8354,#9185);
#9185 = DEFINITIONAL_REPRESENTATION('',(#9186),#9189);
#9186 = B_SPLINE_CURVE_WITH_KNOTS('',1,(#9187,#9188),.UNSPECIFIED.,.F.,
  .F.,(2,2),(-5.999999999062E-07,12.0000006),.PIECEWISE_BEZIER_KNOTS.);
#9187 = CARTESIAN_POINT('',(11.005003128912,-12.3500006));
#9188 = CARTESIAN_POINT('',(11.005003128912,-0.3499994));
#9189 = ( GEOMETRIC_REPRESENTATION_CONTEXT(2) 
PARAMETRIC_REPRESENTATION_CONTEXT() REPRESENTATION_CONTEXT('2D SPACE',''
  ) );
#9190 = PCURVE('',#9191,#9196);
#9191 = CYLINDRICAL_SURFACE('',#9192,6.4);
#9192 = AXIS2_PLACEMENT_3D('',#9193,#9194,#9195);
#9193 = CARTESIAN_POINT('',(-15.,24.,39.5));
#9194 = DIRECTION('',(0.,1.,0.));
#9195 = DIRECTION('',(0.,-0.,1.));
#9196 = DEFINITIONAL_REPRESENTATION('',(#9197),#9200);
#9197 = B_SPLINE_CURVE_WITH_KNOTS('',1,(#9198,#9199),.UNSPECIFIED.,.F.,
  .F.,(2,2),(0.,12.),.PIECEWISE_BEZIER_KNOTS.);
#9198 = CARTESIAN_POINT('',(6.957315813847,0.));
#9199 = CARTESIAN_POINT('',(6.957315813847,12.));
#9200 = ( GEOMETRIC_REPRESENTATION_CONTEXT(2) 
PARAMETRIC_REPRESENTATION_CONTEXT() REPRESENTATION_CONTEXT('2D SPACE',''
  ) );
#9201 = ORIENTED_EDGE('',*,*,#9202,.F.);
#9202 = EDGE_CURVE('',#9203,#9177,#9205,.T.);
#9203 = VERTEX_POINT('',#9204);
#9204 = CARTESIAN_POINT('',(-15.,36.,44.5));
#9205 = SURFACE_CURVE('',#9206,(#9210,#9216),.PCURVE_S1.);
#9206 = LINE('',#9207,#9208);
#9207 = CARTESIAN_POINT('',(-7.5,36.,44.5));
#9208 = VECTOR('',#9209,1.);
#9209 = DIRECTION('',(1.,0.,0.));
#9210 = PCURVE('',#8354,#9211);
#9211 = DEFINITIONAL_REPRESENTATION('',(#9212),#9215);
#9212 = B_SPLINE_CURVE_WITH_KNOTS('',1,(#9213,#9214),.UNSPECIFIED.,.F.,
  .F.,(2,2),(-7.5,-1.1),.PIECEWISE_BEZIER_KNOTS.);
#9213 = CARTESIAN_POINT('',(15.,-0.35));
#9214 = CARTESIAN_POINT('',(8.6,-0.35));
#9215 = ( GEOMETRIC_REPRESENTATION_CONTEXT(2) 
PARAMETRIC_REPRESENTATION_CONTEXT() REPRESENTATION_CONTEXT('2D SPACE',''
  ) );
#9216 = PCURVE('',#9217,#9222);
#9217 = PLANE('',#9218);
#9218 = AXIS2_PLACEMENT_3D('',#9219,#9220,#9221);
#9219 = CARTESIAN_POINT('',(-15.,36.,39.5));
#9220 = DIRECTION('',(0.,1.,0.));
#9221 = DIRECTION('',(0.,-0.,1.));
#9222 = DEFINITIONAL_REPRESENTATION('',(#9223),#9226);
#9223 = B_SPLINE_CURVE_WITH_KNOTS('',1,(#9224,#9225),.UNSPECIFIED.,.F.,
  .F.,(2,2),(-7.5,-1.1),.PIECEWISE_BEZIER_KNOTS.);
#9224 = CARTESIAN_POINT('',(5.,0.));
#9225 = CARTESIAN_POINT('',(5.,6.4));
#9226 = ( GEOMETRIC_REPRESENTATION_CONTEXT(2) 
PARAMETRIC_REPRESENTATION_CONTEXT() REPRESENTATION_CONTEXT('2D SPACE',''
  ) );
#9227 = ORIENTED_EDGE('',*,*,#9228,.F.);
#9228 = EDGE_CURVE('',#9013,#9203,#9229,.T.);
#9229 = SURFACE_CURVE('',#9230,(#9234,#9241),.PCURVE_S1.);
#9230 = LINE('',#9231,#9232);
#9231 = CARTESIAN_POINT('',(-15.,36.35,44.5));
#9232 = VECTOR('',#9233,1.);
#9233 = DIRECTION('',(0.,-1.,0.));
#9234 = PCURVE('',#8354,#9235);
#9235 = DEFINITIONAL_REPRESENTATION('',(#9236),#9240);
#9236 = LINE('',#9237,#9238);
#9237 = CARTESIAN_POINT('',(15.,0.));
#9238 = VECTOR('',#9239,1.);
#9239 = DIRECTION('',(0.,-1.));
#9240 = ( GEOMETRIC_REPRESENTATION_CONTEXT(2) 
PARAMETRIC_REPRESENTATION_CONTEXT() REPRESENTATION_CONTEXT('2D SPACE',''
  ) );
#9241 = PCURVE('',#9051,#9242);
#9242 = DEFINITIONAL_REPRESENTATION('',(#9243),#9247);
#9243 = LINE('',#9244,#9245);
#9244 = CARTESIAN_POINT('',(0.,0.));
#9245 = VECTOR('',#9246,1.);
#9246 = DIRECTION('',(0.,-1.));
#9247 = ( GEOMETRIC_REPRESENTATION_CONTEXT(2) 
PARAMETRIC_REPRESENTATION_CONTEXT() REPRESENTATION_CONTEXT('2D SPACE',''
  ) );
#9248 = ADVANCED_FACE('',(#9249),#8326,.T.);
#9249 = FACE_BOUND('',#9250,.T.);
#9250 = EDGE_LOOP('',(#9251,#9281,#9302,#9303,#9304,#9305,#9328));
#9251 = ORIENTED_EDGE('',*,*,#9252,.T.);
#9252 = EDGE_CURVE('',#9253,#9255,#9257,.T.);
#9253 = VERTEX_POINT('',#9254);
#9254 = CARTESIAN_POINT('',(-15.,23.65,37.8));
#9255 = VERTEX_POINT('',#9256);
#9256 = CARTESIAN_POINT('',(-15.,23.65,34.5));
#9257 = SURFACE_CURVE('',#9258,(#9262,#9269),.PCURVE_S1.);
#9258 = LINE('',#9259,#9260);
#9259 = CARTESIAN_POINT('',(-15.,23.65,44.5));
#9260 = VECTOR('',#9261,1.);
#9261 = DIRECTION('',(0.,0.,-1.));
#9262 = PCURVE('',#8326,#9263);
#9263 = DEFINITIONAL_REPRESENTATION('',(#9264),#9268);
#9264 = LINE('',#9265,#9266);
#9265 = CARTESIAN_POINT('',(-5.,-7.5));
#9266 = VECTOR('',#9267,1.);
#9267 = DIRECTION('',(1.,0.));
#9268 = ( GEOMETRIC_REPRESENTATION_CONTEXT(2) 
PARAMETRIC_REPRESENTATION_CONTEXT() REPRESENTATION_CONTEXT('2D SPACE',''
  ) );
#9269 = PCURVE('',#9270,#9275);
#9270 = PLANE('',#9271);
#9271 = AXIS2_PLACEMENT_3D('',#9272,#9273,#9274);
#9272 = CARTESIAN_POINT('',(-15.,36.35,44.5));
#9273 = DIRECTION('',(1.,0.,0.));
#9274 = DIRECTION('',(0.,0.,-1.));
#9275 = DEFINITIONAL_REPRESENTATION('',(#9276),#9280);
#9276 = LINE('',#9277,#9278);
#9277 = CARTESIAN_POINT('',(0.,-12.7));
#9278 = VECTOR('',#9279,1.);
#9279 = DIRECTION('',(1.,0.));
#9280 = ( GEOMETRIC_REPRESENTATION_CONTEXT(2) 
PARAMETRIC_REPRESENTATION_CONTEXT() REPRESENTATION_CONTEXT('2D SPACE',''
  ) );
#9281 = ORIENTED_EDGE('',*,*,#9282,.T.);
#9282 = EDGE_CURVE('',#9255,#8831,#9283,.T.);
#9283 = SURFACE_CURVE('',#9284,(#9288,#9295),.PCURVE_S1.);
#9284 = LINE('',#9285,#9286);
#9285 = CARTESIAN_POINT('',(-15.,23.65,34.5));
#9286 = VECTOR('',#9287,1.);
#9287 = DIRECTION('',(1.,0.,0.));
#9288 = PCURVE('',#8326,#9289);
#9289 = DEFINITIONAL_REPRESENTATION('',(#9290),#9294);
#9290 = LINE('',#9291,#9292);
#9291 = CARTESIAN_POINT('',(5.,-7.5));
#9292 = VECTOR('',#9293,1.);
#9293 = DIRECTION('',(0.,1.));
#9294 = ( GEOMETRIC_REPRESENTATION_CONTEXT(2) 
PARAMETRIC_REPRESENTATION_CONTEXT() REPRESENTATION_CONTEXT('2D SPACE',''
  ) );
#9295 = PCURVE('',#8846,#9296);
#9296 = DEFINITIONAL_REPRESENTATION('',(#9297),#9301);
#9297 = LINE('',#9298,#9299);
#9298 = CARTESIAN_POINT('',(0.,-12.7));
#9299 = VECTOR('',#9300,1.);
#9300 = DIRECTION('',(1.,0.));
#9301 = ( GEOMETRIC_REPRESENTATION_CONTEXT(2) 
PARAMETRIC_REPRESENTATION_CONTEXT() REPRESENTATION_CONTEXT('2D SPACE',''
  ) );
#9302 = ORIENTED_EDGE('',*,*,#8858,.T.);
#9303 = ORIENTED_EDGE('',*,*,#8310,.T.);
#9304 = ORIENTED_EDGE('',*,*,#9099,.T.);
#9305 = ORIENTED_EDGE('',*,*,#9306,.T.);
#9306 = EDGE_CURVE('',#9100,#9307,#9309,.T.);
#9307 = VERTEX_POINT('',#9308);
#9308 = CARTESIAN_POINT('',(-15.,23.65,41.2));
#9309 = SURFACE_CURVE('',#9310,(#9314,#9321),.PCURVE_S1.);
#9310 = LINE('',#9311,#9312);
#9311 = CARTESIAN_POINT('',(-15.,23.65,44.5));
#9312 = VECTOR('',#9313,1.);
#9313 = DIRECTION('',(0.,0.,-1.));
#9314 = PCURVE('',#8326,#9315);
#9315 = DEFINITIONAL_REPRESENTATION('',(#9316),#9320);
#9316 = LINE('',#9317,#9318);
#9317 = CARTESIAN_POINT('',(-5.,-7.5));
#9318 = VECTOR('',#9319,1.);
#9319 = DIRECTION('',(1.,0.));
#9320 = ( GEOMETRIC_REPRESENTATION_CONTEXT(2) 
PARAMETRIC_REPRESENTATION_CONTEXT() REPRESENTATION_CONTEXT('2D SPACE',''
  ) );
#9321 = PCURVE('',#9138,#9322);
#9322 = DEFINITIONAL_REPRESENTATION('',(#9323),#9327);
#9323 = LINE('',#9324,#9325);
#9324 = CARTESIAN_POINT('',(0.,-12.7));
#9325 = VECTOR('',#9326,1.);
#9326 = DIRECTION('',(1.,0.));
#9327 = ( GEOMETRIC_REPRESENTATION_CONTEXT(2) 
PARAMETRIC_REPRESENTATION_CONTEXT() REPRESENTATION_CONTEXT('2D SPACE',''
  ) );
#9328 = ORIENTED_EDGE('',*,*,#9329,.T.);
#9329 = EDGE_CURVE('',#9307,#9253,#9330,.T.);
#9330 = SURFACE_CURVE('',#9331,(#9336,#9347),.PCURVE_S1.);
#9331 = CIRCLE('',#9332,1.7);
#9332 = AXIS2_PLACEMENT_3D('',#9333,#9334,#9335);
#9333 = CARTESIAN_POINT('',(-15.,23.65,39.5));
#9334 = DIRECTION('',(0.,1.,0.));
#9335 = DIRECTION('',(0.,-0.,1.));
#9336 = PCURVE('',#8326,#9337);
#9337 = DEFINITIONAL_REPRESENTATION('',(#9338),#9346);
#9338 = ( BOUNDED_CURVE() B_SPLINE_CURVE(2,(#9339,#9340,#9341,#9342,
#9343,#9344,#9345),.UNSPECIFIED.,.T.,.F.) B_SPLINE_CURVE_WITH_KNOTS((1,2
    ,2,2,2,1),(-2.094395102393,0.,2.094395102393,4.188790204786,
6.28318530718,8.377580409573),.UNSPECIFIED.) CURVE() 
GEOMETRIC_REPRESENTATION_ITEM() RATIONAL_B_SPLINE_CURVE((1.,0.5,1.,0.5,
1.,0.5,1.)) REPRESENTATION_ITEM('') );
#9339 = CARTESIAN_POINT('',(-1.7,-7.5));
#9340 = CARTESIAN_POINT('',(-1.7,-4.555513627133));
#9341 = CARTESIAN_POINT('',(0.85,-6.027756813566));
#9342 = CARTESIAN_POINT('',(3.4,-7.5));
#9343 = CARTESIAN_POINT('',(0.85,-8.972243186434));
#9344 = CARTESIAN_POINT('',(-1.7,-10.44448637286));
#9345 = CARTESIAN_POINT('',(-1.7,-7.5));
#9346 = ( GEOMETRIC_REPRESENTATION_CONTEXT(2) 
PARAMETRIC_REPRESENTATION_CONTEXT() REPRESENTATION_CONTEXT('2D SPACE',''
  ) );
#9347 = PCURVE('',#9082,#9348);
#9348 = DEFINITIONAL_REPRESENTATION('',(#9349),#9353);
#9349 = LINE('',#9350,#9351);
#9350 = CARTESIAN_POINT('',(0.,0.15));
#9351 = VECTOR('',#9352,1.);
#9352 = DIRECTION('',(1.,0.));
#9353 = ( GEOMETRIC_REPRESENTATION_CONTEXT(2) 
PARAMETRIC_REPRESENTATION_CONTEXT() REPRESENTATION_CONTEXT('2D SPACE',''
  ) );
#9354 = ADVANCED_FACE('',(#9355),#8297,.F.);
#9355 = FACE_BOUND('',#9356,.F.);
#9356 = EDGE_LOOP('',(#9357,#9387,#9408,#9409,#9410,#9433,#9461));
#9357 = ORIENTED_EDGE('',*,*,#9358,.T.);
#9358 = EDGE_CURVE('',#9359,#9361,#9363,.T.);
#9359 = VERTEX_POINT('',#9360);
#9360 = CARTESIAN_POINT('',(-15.,-23.65,37.8));
#9361 = VERTEX_POINT('',#9362);
#9362 = CARTESIAN_POINT('',(-15.,-23.65,34.5));
#9363 = SURFACE_CURVE('',#9364,(#9368,#9375),.PCURVE_S1.);
#9364 = LINE('',#9365,#9366);
#9365 = CARTESIAN_POINT('',(-15.,-23.65,44.5));
#9366 = VECTOR('',#9367,1.);
#9367 = DIRECTION('',(0.,0.,-1.));
#9368 = PCURVE('',#8297,#9369);
#9369 = DEFINITIONAL_REPRESENTATION('',(#9370),#9374);
#9370 = LINE('',#9371,#9372);
#9371 = CARTESIAN_POINT('',(-5.,-7.5));
#9372 = VECTOR('',#9373,1.);
#9373 = DIRECTION('',(1.,0.));
#9374 = ( GEOMETRIC_REPRESENTATION_CONTEXT(2) 
PARAMETRIC_REPRESENTATION_CONTEXT() REPRESENTATION_CONTEXT('2D SPACE',''
  ) );
#9375 = PCURVE('',#9376,#9381);
#9376 = PLANE('',#9377);
#9377 = AXIS2_PLACEMENT_3D('',#9378,#9379,#9380);
#9378 = CARTESIAN_POINT('',(-15.,-23.65,44.5));
#9379 = DIRECTION('',(1.,0.,0.));
#9380 = DIRECTION('',(0.,0.,-1.));
#9381 = DEFINITIONAL_REPRESENTATION('',(#9382),#9386);
#9382 = LINE('',#9383,#9384);
#9383 = CARTESIAN_POINT('',(0.,0.));
#9384 = VECTOR('',#9385,1.);
#9385 = DIRECTION('',(1.,0.));
#9386 = ( GEOMETRIC_REPRESENTATION_CONTEXT(2) 
PARAMETRIC_REPRESENTATION_CONTEXT() REPRESENTATION_CONTEXT('2D SPACE',''
  ) );
#9387 = ORIENTED_EDGE('',*,*,#9388,.T.);
#9388 = EDGE_CURVE('',#9361,#8884,#9389,.T.);
#9389 = SURFACE_CURVE('',#9390,(#9394,#9401),.PCURVE_S1.);
#9390 = LINE('',#9391,#9392);
#9391 = CARTESIAN_POINT('',(-15.,-23.65,34.5));
#9392 = VECTOR('',#9393,1.);
#9393 = DIRECTION('',(1.,0.,0.));
#9394 = PCURVE('',#8297,#9395);
#9395 = DEFINITIONAL_REPRESENTATION('',(#9396),#9400);
#9396 = LINE('',#9397,#9398);
#9397 = CARTESIAN_POINT('',(5.,-7.5));
#9398 = VECTOR('',#9399,1.);
#9399 = DIRECTION('',(0.,1.));
#9400 = ( GEOMETRIC_REPRESENTATION_CONTEXT(2) 
PARAMETRIC_REPRESENTATION_CONTEXT() REPRESENTATION_CONTEXT('2D SPACE',''
  ) );
#9401 = PCURVE('',#8922,#9402);
#9402 = DEFINITIONAL_REPRESENTATION('',(#9403),#9407);
#9403 = LINE('',#9404,#9405);
#9404 = CARTESIAN_POINT('',(0.,0.));
#9405 = VECTOR('',#9406,1.);
#9406 = DIRECTION('',(1.,0.));
#9407 = ( GEOMETRIC_REPRESENTATION_CONTEXT(2) 
PARAMETRIC_REPRESENTATION_CONTEXT() REPRESENTATION_CONTEXT('2D SPACE',''
  ) );
#9408 = ORIENTED_EDGE('',*,*,#8883,.T.);
#9409 = ORIENTED_EDGE('',*,*,#8283,.T.);
#9410 = ORIENTED_EDGE('',*,*,#9411,.T.);
#9411 = EDGE_CURVE('',#8256,#9412,#9414,.T.);
#9412 = VERTEX_POINT('',#9413);
#9413 = CARTESIAN_POINT('',(-15.,-23.65,44.5));
#9414 = SURFACE_CURVE('',#9415,(#9419,#9426),.PCURVE_S1.);
#9415 = LINE('',#9416,#9417);
#9416 = CARTESIAN_POINT('',(0.,-23.65,44.5));
#9417 = VECTOR('',#9418,1.);
#9418 = DIRECTION('',(-1.,0.,0.));
#9419 = PCURVE('',#8297,#9420);
#9420 = DEFINITIONAL_REPRESENTATION('',(#9421),#9425);
#9421 = LINE('',#9422,#9423);
#9422 = CARTESIAN_POINT('',(-5.,7.5));
#9423 = VECTOR('',#9424,1.);
#9424 = DIRECTION('',(0.,-1.));
#9425 = ( GEOMETRIC_REPRESENTATION_CONTEXT(2) 
PARAMETRIC_REPRESENTATION_CONTEXT() REPRESENTATION_CONTEXT('2D SPACE',''
  ) );
#9426 = PCURVE('',#8271,#9427);
#9427 = DEFINITIONAL_REPRESENTATION('',(#9428),#9432);
#9428 = LINE('',#9429,#9430);
#9429 = CARTESIAN_POINT('',(0.,0.));
#9430 = VECTOR('',#9431,1.);
#9431 = DIRECTION('',(1.,0.));
#9432 = ( GEOMETRIC_REPRESENTATION_CONTEXT(2) 
PARAMETRIC_REPRESENTATION_CONTEXT() REPRESENTATION_CONTEXT('2D SPACE',''
  ) );
#9433 = ORIENTED_EDGE('',*,*,#9434,.T.);
#9434 = EDGE_CURVE('',#9412,#9435,#9437,.T.);
#9435 = VERTEX_POINT('',#9436);
#9436 = CARTESIAN_POINT('',(-15.,-23.65,41.2));
#9437 = SURFACE_CURVE('',#9438,(#9442,#9449),.PCURVE_S1.);
#9438 = LINE('',#9439,#9440);
#9439 = CARTESIAN_POINT('',(-15.,-23.65,44.5));
#9440 = VECTOR('',#9441,1.);
#9441 = DIRECTION('',(0.,0.,-1.));
#9442 = PCURVE('',#8297,#9443);
#9443 = DEFINITIONAL_REPRESENTATION('',(#9444),#9448);
#9444 = LINE('',#9445,#9446);
#9445 = CARTESIAN_POINT('',(-5.,-7.5));
#9446 = VECTOR('',#9447,1.);
#9447 = DIRECTION('',(1.,0.));
#9448 = ( GEOMETRIC_REPRESENTATION_CONTEXT(2) 
PARAMETRIC_REPRESENTATION_CONTEXT() REPRESENTATION_CONTEXT('2D SPACE',''
  ) );
#9449 = PCURVE('',#9450,#9455);
#9450 = PLANE('',#9451);
#9451 = AXIS2_PLACEMENT_3D('',#9452,#9453,#9454);
#9452 = CARTESIAN_POINT('',(-15.,-23.65,44.5));
#9453 = DIRECTION('',(1.,0.,0.));
#9454 = DIRECTION('',(0.,0.,-1.));
#9455 = DEFINITIONAL_REPRESENTATION('',(#9456),#9460);
#9456 = LINE('',#9457,#9458);
#9457 = CARTESIAN_POINT('',(0.,0.));
#9458 = VECTOR('',#9459,1.);
#9459 = DIRECTION('',(1.,0.));
#9460 = ( GEOMETRIC_REPRESENTATION_CONTEXT(2) 
PARAMETRIC_REPRESENTATION_CONTEXT() REPRESENTATION_CONTEXT('2D SPACE',''
  ) );
#9461 = ORIENTED_EDGE('',*,*,#9462,.T.);
#9462 = EDGE_CURVE('',#9435,#9359,#9463,.T.);
#9463 = SURFACE_CURVE('',#9464,(#9469,#9480),.PCURVE_S1.);
#9464 = CIRCLE('',#9465,1.7);
#9465 = AXIS2_PLACEMENT_3D('',#9466,#9467,#9468);
#9466 = CARTESIAN_POINT('',(-15.,-23.65,39.5));
#9467 = DIRECTION('',(0.,1.,0.));
#9468 = DIRECTION('',(0.,-0.,1.));
#9469 = PCURVE('',#8297,#9470);
#9470 = DEFINITIONAL_REPRESENTATION('',(#9471),#9479);
#9471 = ( BOUNDED_CURVE() B_SPLINE_CURVE(2,(#9472,#9473,#9474,#9475,
#9476,#9477,#9478),.UNSPECIFIED.,.T.,.F.) B_SPLINE_CURVE_WITH_KNOTS((1,2
    ,2,2,2,1),(-2.094395102393,0.,2.094395102393,4.188790204786,
6.28318530718,8.377580409573),.UNSPECIFIED.) CURVE() 
GEOMETRIC_REPRESENTATION_ITEM() RATIONAL_B_SPLINE_CURVE((1.,0.5,1.,0.5,
1.,0.5,1.)) REPRESENTATION_ITEM('') );
#9472 = CARTESIAN_POINT('',(-1.7,-7.5));
#9473 = CARTESIAN_POINT('',(-1.7,-4.555513627133));
#9474 = CARTESIAN_POINT('',(0.85,-6.027756813566));
#9475 = CARTESIAN_POINT('',(3.4,-7.5));
#9476 = CARTESIAN_POINT('',(0.85,-8.972243186434));
#9477 = CARTESIAN_POINT('',(-1.7,-10.44448637286));
#9478 = CARTESIAN_POINT('',(-1.7,-7.5));
#9479 = ( GEOMETRIC_REPRESENTATION_CONTEXT(2) 
PARAMETRIC_REPRESENTATION_CONTEXT() REPRESENTATION_CONTEXT('2D SPACE',''
  ) );
#9480 = PCURVE('',#9481,#9486);
#9481 = CYLINDRICAL_SURFACE('',#9482,1.7);
#9482 = AXIS2_PLACEMENT_3D('',#9483,#9484,#9485);
#9483 = CARTESIAN_POINT('',(-15.,-36.5,39.5));
#9484 = DIRECTION('',(0.,1.,0.));
#9485 = DIRECTION('',(0.,-0.,1.));
#9486 = DEFINITIONAL_REPRESENTATION('',(#9487),#9491);
#9487 = LINE('',#9488,#9489);
#9488 = CARTESIAN_POINT('',(0.,12.85));
#9489 = VECTOR('',#9490,1.);
#9490 = DIRECTION('',(1.,0.));
#9491 = ( GEOMETRIC_REPRESENTATION_CONTEXT(2) 
PARAMETRIC_REPRESENTATION_CONTEXT() REPRESENTATION_CONTEXT('2D SPACE',''
  ) );
#9492 = ADVANCED_FACE('',(#9493),#8271,.F.);
#9493 = FACE_BOUND('',#9494,.F.);
#9494 = EDGE_LOOP('',(#9495,#9496,#9497,#9520,#9548,#9574,#9600,#9626));
#9495 = ORIENTED_EDGE('',*,*,#9411,.F.);
#9496 = ORIENTED_EDGE('',*,*,#8255,.T.);
#9497 = ORIENTED_EDGE('',*,*,#9498,.T.);
#9498 = EDGE_CURVE('',#8228,#9499,#9501,.T.);
#9499 = VERTEX_POINT('',#9500);
#9500 = CARTESIAN_POINT('',(-15.,-36.35,44.5));
#9501 = SURFACE_CURVE('',#9502,(#9506,#9513),.PCURVE_S1.);
#9502 = LINE('',#9503,#9504);
#9503 = CARTESIAN_POINT('',(0.,-36.35,44.5));
#9504 = VECTOR('',#9505,1.);
#9505 = DIRECTION('',(-1.,0.,0.));
#9506 = PCURVE('',#8271,#9507);
#9507 = DEFINITIONAL_REPRESENTATION('',(#9508),#9512);
#9508 = LINE('',#9509,#9510);
#9509 = CARTESIAN_POINT('',(0.,-12.7));
#9510 = VECTOR('',#9511,1.);
#9511 = DIRECTION('',(1.,0.));
#9512 = ( GEOMETRIC_REPRESENTATION_CONTEXT(2) 
PARAMETRIC_REPRESENTATION_CONTEXT() REPRESENTATION_CONTEXT('2D SPACE',''
  ) );
#9513 = PCURVE('',#8243,#9514);
#9514 = DEFINITIONAL_REPRESENTATION('',(#9515),#9519);
#9515 = LINE('',#9516,#9517);
#9516 = CARTESIAN_POINT('',(-5.,7.5));
#9517 = VECTOR('',#9518,1.);
#9518 = DIRECTION('',(0.,-1.));
#9519 = ( GEOMETRIC_REPRESENTATION_CONTEXT(2) 
PARAMETRIC_REPRESENTATION_CONTEXT() REPRESENTATION_CONTEXT('2D SPACE',''
  ) );
#9520 = ORIENTED_EDGE('',*,*,#9521,.F.);
#9521 = EDGE_CURVE('',#9522,#9499,#9524,.T.);
#9522 = VERTEX_POINT('',#9523);
#9523 = CARTESIAN_POINT('',(-15.,-36.,44.5));
#9524 = SURFACE_CURVE('',#9525,(#9529,#9536),.PCURVE_S1.);
#9525 = LINE('',#9526,#9527);
#9526 = CARTESIAN_POINT('',(-15.,-23.65,44.5));
#9527 = VECTOR('',#9528,1.);
#9528 = DIRECTION('',(0.,-1.,0.));
#9529 = PCURVE('',#8271,#9530);
#9530 = DEFINITIONAL_REPRESENTATION('',(#9531),#9535);
#9531 = LINE('',#9532,#9533);
#9532 = CARTESIAN_POINT('',(15.,0.));
#9533 = VECTOR('',#9534,1.);
#9534 = DIRECTION('',(0.,-1.));
#9535 = ( GEOMETRIC_REPRESENTATION_CONTEXT(2) 
PARAMETRIC_REPRESENTATION_CONTEXT() REPRESENTATION_CONTEXT('2D SPACE',''
  ) );
#9536 = PCURVE('',#9537,#9542);
#9537 = PLANE('',#9538);
#9538 = AXIS2_PLACEMENT_3D('',#9539,#9540,#9541);
#9539 = CARTESIAN_POINT('',(-15.,-23.65,44.5));
#9540 = DIRECTION('',(1.,0.,0.));
#9541 = DIRECTION('',(0.,0.,-1.));
#9542 = DEFINITIONAL_REPRESENTATION('',(#9543),#9547);
#9543 = LINE('',#9544,#9545);
#9544 = CARTESIAN_POINT('',(0.,0.));
#9545 = VECTOR('',#9546,1.);
#9546 = DIRECTION('',(0.,-1.));
#9547 = ( GEOMETRIC_REPRESENTATION_CONTEXT(2) 
PARAMETRIC_REPRESENTATION_CONTEXT() REPRESENTATION_CONTEXT('2D SPACE',''
  ) );
#9548 = ORIENTED_EDGE('',*,*,#9549,.T.);
#9549 = EDGE_CURVE('',#9522,#9550,#9552,.T.);
#9550 = VERTEX_POINT('',#9551);
#9551 = CARTESIAN_POINT('',(-11.00500312891,-36.,44.5));
#9552 = SURFACE_CURVE('',#9553,(#9557,#9563),.PCURVE_S1.);
#9553 = LINE('',#9554,#9555);
#9554 = CARTESIAN_POINT('',(-7.5,-36.,44.5));
#9555 = VECTOR('',#9556,1.);
#9556 = DIRECTION('',(1.,0.,0.));
#9557 = PCURVE('',#8271,#9558);
#9558 = DEFINITIONAL_REPRESENTATION('',(#9559),#9562);
#9559 = B_SPLINE_CURVE_WITH_KNOTS('',1,(#9560,#9561),.UNSPECIFIED.,.F.,
  .F.,(2,2),(-7.5,-1.1),.PIECEWISE_BEZIER_KNOTS.);
#9560 = CARTESIAN_POINT('',(15.,-12.35));
#9561 = CARTESIAN_POINT('',(8.6,-12.35));
#9562 = ( GEOMETRIC_REPRESENTATION_CONTEXT(2) 
PARAMETRIC_REPRESENTATION_CONTEXT() REPRESENTATION_CONTEXT('2D SPACE',''
  ) );
#9563 = PCURVE('',#9564,#9569);
#9564 = PLANE('',#9565);
#9565 = AXIS2_PLACEMENT_3D('',#9566,#9567,#9568);
#9566 = CARTESIAN_POINT('',(-15.,-36.,39.5));
#9567 = DIRECTION('',(0.,1.,0.));
#9568 = DIRECTION('',(0.,-0.,1.));
#9569 = DEFINITIONAL_REPRESENTATION('',(#9570),#9573);
#9570 = B_SPLINE_CURVE_WITH_KNOTS('',1,(#9571,#9572),.UNSPECIFIED.,.F.,
  .F.,(2,2),(-7.5,-1.1),.PIECEWISE_BEZIER_KNOTS.);
#9571 = CARTESIAN_POINT('',(5.,0.));
#9572 = CARTESIAN_POINT('',(5.,6.4));
#9573 = ( GEOMETRIC_REPRESENTATION_CONTEXT(2) 
PARAMETRIC_REPRESENTATION_CONTEXT() REPRESENTATION_CONTEXT('2D SPACE',''
  ) );
#9574 = ORIENTED_EDGE('',*,*,#9575,.T.);
#9575 = EDGE_CURVE('',#9550,#9576,#9578,.T.);
#9576 = VERTEX_POINT('',#9577);
#9577 = CARTESIAN_POINT('',(-11.00500312891,-24.,44.5));
#9578 = SURFACE_CURVE('',#9579,(#9583,#9589),.PCURVE_S1.);
#9579 = LINE('',#9580,#9581);
#9580 = CARTESIAN_POINT('',(-11.00500312891,-36.,44.5));
#9581 = VECTOR('',#9582,1.);
#9582 = DIRECTION('',(0.,1.,0.));
#9583 = PCURVE('',#8271,#9584);
#9584 = DEFINITIONAL_REPRESENTATION('',(#9585),#9588);
#9585 = B_SPLINE_CURVE_WITH_KNOTS('',1,(#9586,#9587),.UNSPECIFIED.,.F.,
  .F.,(2,2),(-5.999999999062E-07,12.0000006),.PIECEWISE_BEZIER_KNOTS.);
#9586 = CARTESIAN_POINT('',(11.005003128912,-12.3500006));
#9587 = CARTESIAN_POINT('',(11.005003128912,-0.3499994));
#9588 = ( GEOMETRIC_REPRESENTATION_CONTEXT(2) 
PARAMETRIC_REPRESENTATION_CONTEXT() REPRESENTATION_CONTEXT('2D SPACE',''
  ) );
#9589 = PCURVE('',#9590,#9595);
#9590 = CYLINDRICAL_SURFACE('',#9591,6.4);
#9591 = AXIS2_PLACEMENT_3D('',#9592,#9593,#9594);
#9592 = CARTESIAN_POINT('',(-15.,-36.,39.5));
#9593 = DIRECTION('',(0.,1.,0.));
#9594 = DIRECTION('',(0.,-0.,1.));
#9595 = DEFINITIONAL_REPRESENTATION('',(#9596),#9599);
#9596 = B_SPLINE_CURVE_WITH_KNOTS('',1,(#9597,#9598),.UNSPECIFIED.,.F.,
  .F.,(2,2),(0.,12.),.PIECEWISE_BEZIER_KNOTS.);
#9597 = CARTESIAN_POINT('',(6.957315813847,0.));
#9598 = CARTESIAN_POINT('',(6.957315813847,12.));
#9599 = ( GEOMETRIC_REPRESENTATION_CONTEXT(2) 
PARAMETRIC_REPRESENTATION_CONTEXT() REPRESENTATION_CONTEXT('2D SPACE',''
  ) );
#9600 = ORIENTED_EDGE('',*,*,#9601,.F.);
#9601 = EDGE_CURVE('',#9602,#9576,#9604,.T.);
#9602 = VERTEX_POINT('',#9603);
#9603 = CARTESIAN_POINT('',(-15.,-24.,44.5));
#9604 = SURFACE_CURVE('',#9605,(#9609,#9615),.PCURVE_S1.);
#9605 = LINE('',#9606,#9607);
#9606 = CARTESIAN_POINT('',(-7.5,-24.,44.5));
#9607 = VECTOR('',#9608,1.);
#9608 = DIRECTION('',(1.,0.,0.));
#9609 = PCURVE('',#8271,#9610);
#9610 = DEFINITIONAL_REPRESENTATION('',(#9611),#9614);
#9611 = B_SPLINE_CURVE_WITH_KNOTS('',1,(#9612,#9613),.UNSPECIFIED.,.F.,
  .F.,(2,2),(-7.5,-1.1),.PIECEWISE_BEZIER_KNOTS.);
#9612 = CARTESIAN_POINT('',(15.,-0.35));
#9613 = CARTESIAN_POINT('',(8.6,-0.35));
#9614 = ( GEOMETRIC_REPRESENTATION_CONTEXT(2) 
PARAMETRIC_REPRESENTATION_CONTEXT() REPRESENTATION_CONTEXT('2D SPACE',''
  ) );
#9615 = PCURVE('',#9616,#9621);
#9616 = PLANE('',#9617);
#9617 = AXIS2_PLACEMENT_3D('',#9618,#9619,#9620);
#9618 = CARTESIAN_POINT('',(-15.,-24.,39.5));
#9619 = DIRECTION('',(0.,1.,0.));
#9620 = DIRECTION('',(0.,-0.,1.));
#9621 = DEFINITIONAL_REPRESENTATION('',(#9622),#9625);
#9622 = B_SPLINE_CURVE_WITH_KNOTS('',1,(#9623,#9624),.UNSPECIFIED.,.F.,
  .F.,(2,2),(-7.5,-1.1),.PIECEWISE_BEZIER_KNOTS.);
#9623 = CARTESIAN_POINT('',(5.,0.));
#9624 = CARTESIAN_POINT('',(5.,6.4));
#9625 = ( GEOMETRIC_REPRESENTATION_CONTEXT(2) 
PARAMETRIC_REPRESENTATION_CONTEXT() REPRESENTATION_CONTEXT('2D SPACE',''
  ) );
#9626 = ORIENTED_EDGE('',*,*,#9627,.F.);
#9627 = EDGE_CURVE('',#9412,#9602,#9628,.T.);
#9628 = SURFACE_CURVE('',#9629,(#9633,#9640),.PCURVE_S1.);
#9629 = LINE('',#9630,#9631);
#9630 = CARTESIAN_POINT('',(-15.,-23.65,44.5));
#9631 = VECTOR('',#9632,1.);
#9632 = DIRECTION('',(0.,-1.,0.));
#9633 = PCURVE('',#8271,#9634);
#9634 = DEFINITIONAL_REPRESENTATION('',(#9635),#9639);
#9635 = LINE('',#9636,#9637);
#9636 = CARTESIAN_POINT('',(15.,0.));
#9637 = VECTOR('',#9638,1.);
#9638 = DIRECTION('',(0.,-1.));
#9639 = ( GEOMETRIC_REPRESENTATION_CONTEXT(2) 
PARAMETRIC_REPRESENTATION_CONTEXT() REPRESENTATION_CONTEXT('2D SPACE',''
  ) );
#9640 = PCURVE('',#9450,#9641);
#9641 = DEFINITIONAL_REPRESENTATION('',(#9642),#9646);
#9642 = LINE('',#9643,#9644);
#9643 = CARTESIAN_POINT('',(0.,0.));
#9644 = VECTOR('',#9645,1.);
#9645 = DIRECTION('',(0.,-1.));
#9646 = ( GEOMETRIC_REPRESENTATION_CONTEXT(2) 
PARAMETRIC_REPRESENTATION_CONTEXT() REPRESENTATION_CONTEXT('2D SPACE',''
  ) );
#9647 = ADVANCED_FACE('',(#9648),#8243,.T.);
#9648 = FACE_BOUND('',#9649,.T.);
#9649 = EDGE_LOOP('',(#9650,#9680,#9701,#9702,#9703,#9704,#9727));
#9650 = ORIENTED_EDGE('',*,*,#9651,.T.);
#9651 = EDGE_CURVE('',#9652,#9654,#9656,.T.);
#9652 = VERTEX_POINT('',#9653);
#9653 = CARTESIAN_POINT('',(-15.,-36.35,37.8));
#9654 = VERTEX_POINT('',#9655);
#9655 = CARTESIAN_POINT('',(-15.,-36.35,34.5));
#9656 = SURFACE_CURVE('',#9657,(#9661,#9668),.PCURVE_S1.);
#9657 = LINE('',#9658,#9659);
#9658 = CARTESIAN_POINT('',(-15.,-36.35,44.5));
#9659 = VECTOR('',#9660,1.);
#9660 = DIRECTION('',(0.,0.,-1.));
#9661 = PCURVE('',#8243,#9662);
#9662 = DEFINITIONAL_REPRESENTATION('',(#9663),#9667);
#9663 = LINE('',#9664,#9665);
#9664 = CARTESIAN_POINT('',(-5.,-7.5));
#9665 = VECTOR('',#9666,1.);
#9666 = DIRECTION('',(1.,0.));
#9667 = ( GEOMETRIC_REPRESENTATION_CONTEXT(2) 
PARAMETRIC_REPRESENTATION_CONTEXT() REPRESENTATION_CONTEXT('2D SPACE',''
  ) );
#9668 = PCURVE('',#9669,#9674);
#9669 = PLANE('',#9670);
#9670 = AXIS2_PLACEMENT_3D('',#9671,#9672,#9673);
#9671 = CARTESIAN_POINT('',(-15.,-23.65,44.5));
#9672 = DIRECTION('',(1.,0.,0.));
#9673 = DIRECTION('',(0.,0.,-1.));
#9674 = DEFINITIONAL_REPRESENTATION('',(#9675),#9679);
#9675 = LINE('',#9676,#9677);
#9676 = CARTESIAN_POINT('',(0.,-12.7));
#9677 = VECTOR('',#9678,1.);
#9678 = DIRECTION('',(1.,0.));
#9679 = ( GEOMETRIC_REPRESENTATION_CONTEXT(2) 
PARAMETRIC_REPRESENTATION_CONTEXT() REPRESENTATION_CONTEXT('2D SPACE',''
  ) );
#9680 = ORIENTED_EDGE('',*,*,#9681,.T.);
#9681 = EDGE_CURVE('',#9654,#8907,#9682,.T.);
#9682 = SURFACE_CURVE('',#9683,(#9687,#9694),.PCURVE_S1.);
#9683 = LINE('',#9684,#9685);
#9684 = CARTESIAN_POINT('',(-15.,-36.35,34.5));
#9685 = VECTOR('',#9686,1.);
#9686 = DIRECTION('',(1.,0.,0.));
#9687 = PCURVE('',#8243,#9688);
#9688 = DEFINITIONAL_REPRESENTATION('',(#9689),#9693);
#9689 = LINE('',#9690,#9691);
#9690 = CARTESIAN_POINT('',(5.,-7.5));
#9691 = VECTOR('',#9692,1.);
#9692 = DIRECTION('',(0.,1.));
#9693 = ( GEOMETRIC_REPRESENTATION_CONTEXT(2) 
PARAMETRIC_REPRESENTATION_CONTEXT() REPRESENTATION_CONTEXT('2D SPACE',''
  ) );
#9694 = PCURVE('',#8922,#9695);
#9695 = DEFINITIONAL_REPRESENTATION('',(#9696),#9700);
#9696 = LINE('',#9697,#9698);
#9697 = CARTESIAN_POINT('',(0.,-12.7));
#9698 = VECTOR('',#9699,1.);
#9699 = DIRECTION('',(1.,0.));
#9700 = ( GEOMETRIC_REPRESENTATION_CONTEXT(2) 
PARAMETRIC_REPRESENTATION_CONTEXT() REPRESENTATION_CONTEXT('2D SPACE',''
  ) );
#9701 = ORIENTED_EDGE('',*,*,#8934,.T.);
#9702 = ORIENTED_EDGE('',*,*,#8227,.T.);
#9703 = ORIENTED_EDGE('',*,*,#9498,.T.);
#9704 = ORIENTED_EDGE('',*,*,#9705,.T.);
#9705 = EDGE_CURVE('',#9499,#9706,#9708,.T.);
#9706 = VERTEX_POINT('',#9707);
#9707 = CARTESIAN_POINT('',(-15.,-36.35,41.2));
#9708 = SURFACE_CURVE('',#9709,(#9713,#9720),.PCURVE_S1.);
#9709 = LINE('',#9710,#9711);
#9710 = CARTESIAN_POINT('',(-15.,-36.35,44.5));
#9711 = VECTOR('',#9712,1.);
#9712 = DIRECTION('',(0.,0.,-1.));
#9713 = PCURVE('',#8243,#9714);
#9714 = DEFINITIONAL_REPRESENTATION('',(#9715),#9719);
#9715 = LINE('',#9716,#9717);
#9716 = CARTESIAN_POINT('',(-5.,-7.5));
#9717 = VECTOR('',#9718,1.);
#9718 = DIRECTION('',(1.,0.));
#9719 = ( GEOMETRIC_REPRESENTATION_CONTEXT(2) 
PARAMETRIC_REPRESENTATION_CONTEXT() REPRESENTATION_CONTEXT('2D SPACE',''
  ) );
#9720 = PCURVE('',#9537,#9721);
#9721 = DEFINITIONAL_REPRESENTATION('',(#9722),#9726);
#9722 = LINE('',#9723,#9724);
#9723 = CARTESIAN_POINT('',(0.,-12.7));
#9724 = VECTOR('',#9725,1.);
#9725 = DIRECTION('',(1.,0.));
#9726 = ( GEOMETRIC_REPRESENTATION_CONTEXT(2) 
PARAMETRIC_REPRESENTATION_CONTEXT() REPRESENTATION_CONTEXT('2D SPACE',''
  ) );
#9727 = ORIENTED_EDGE('',*,*,#9728,.T.);
#9728 = EDGE_CURVE('',#9706,#9652,#9729,.T.);
#9729 = SURFACE_CURVE('',#9730,(#9735,#9746),.PCURVE_S1.);
#9730 = CIRCLE('',#9731,1.7);
#9731 = AXIS2_PLACEMENT_3D('',#9732,#9733,#9734);
#9732 = CARTESIAN_POINT('',(-15.,-36.35,39.5));
#9733 = DIRECTION('',(0.,1.,0.));
#9734 = DIRECTION('',(0.,-0.,1.));
#9735 = PCURVE('',#8243,#9736);
#9736 = DEFINITIONAL_REPRESENTATION('',(#9737),#9745);
#9737 = ( BOUNDED_CURVE() B_SPLINE_CURVE(2,(#9738,#9739,#9740,#9741,
#9742,#9743,#9744),.UNSPECIFIED.,.T.,.F.) B_SPLINE_CURVE_WITH_KNOTS((1,2
    ,2,2,2,1),(-2.094395102393,0.,2.094395102393,4.188790204786,
6.28318530718,8.377580409573),.UNSPECIFIED.) CURVE() 
GEOMETRIC_REPRESENTATION_ITEM() RATIONAL_B_SPLINE_CURVE((1.,0.5,1.,0.5,
1.,0.5,1.)) REPRESENTATION_ITEM('') );
#9738 = CARTESIAN_POINT('',(-1.7,-7.5));
#9739 = CARTESIAN_POINT('',(-1.7,-4.555513627133));
#9740 = CARTESIAN_POINT('',(0.85,-6.027756813566));
#9741 = CARTESIAN_POINT('',(3.4,-7.5));
#9742 = CARTESIAN_POINT('',(0.85,-8.972243186434));
#9743 = CARTESIAN_POINT('',(-1.7,-10.44448637286));
#9744 = CARTESIAN_POINT('',(-1.7,-7.5));
#9745 = ( GEOMETRIC_REPRESENTATION_CONTEXT(2) 
PARAMETRIC_REPRESENTATION_CONTEXT() REPRESENTATION_CONTEXT('2D SPACE',''
  ) );
#9746 = PCURVE('',#9481,#9747);
#9747 = DEFINITIONAL_REPRESENTATION('',(#9748),#9752);
#9748 = LINE('',#9749,#9750);
#9749 = CARTESIAN_POINT('',(0.,0.15));
#9750 = VECTOR('',#9751,1.);
#9751 = DIRECTION('',(1.,0.));
#9752 = ( GEOMETRIC_REPRESENTATION_CONTEXT(2) 
PARAMETRIC_REPRESENTATION_CONTEXT() REPRESENTATION_CONTEXT('2D SPACE',''
  ) );
#9753 = ADVANCED_FACE('',(#9754),#8622,.T.);
#9754 = FACE_BOUND('',#9755,.T.);
#9755 = EDGE_LOOP('',(#9756,#9757,#9779));
#9756 = ORIENTED_EDGE('',*,*,#8607,.F.);
#9757 = ORIENTED_EDGE('',*,*,#9758,.T.);
#9758 = EDGE_CURVE('',#8580,#8660,#9759,.T.);
#9759 = SURFACE_CURVE('',#9760,(#9765,#9772),.PCURVE_S1.);
#9760 = CIRCLE('',#9761,3.);
#9761 = AXIS2_PLACEMENT_3D('',#9762,#9763,#9764);
#9762 = CARTESIAN_POINT('',(5.,32.16,49.6));
#9763 = DIRECTION('',(0.,-1.,0.));
#9764 = DIRECTION('',(1.,0.,0.));
#9765 = PCURVE('',#8622,#9766);
#9766 = DEFINITIONAL_REPRESENTATION('',(#9767),#9771);
#9767 = CIRCLE('',#9768,3.);
#9768 = AXIS2_PLACEMENT_2D('',#9769,#9770);
#9769 = CARTESIAN_POINT('',(0.,0.));
#9770 = DIRECTION('',(0.,1.));
#9771 = ( GEOMETRIC_REPRESENTATION_CONTEXT(2) 
PARAMETRIC_REPRESENTATION_CONTEXT() REPRESENTATION_CONTEXT('2D SPACE',''
  ) );
#9772 = PCURVE('',#8595,#9773);
#9773 = DEFINITIONAL_REPRESENTATION('',(#9774),#9778);
#9774 = LINE('',#9775,#9776);
#9775 = CARTESIAN_POINT('',(-0.,0.));
#9776 = VECTOR('',#9777,1.);
#9777 = DIRECTION('',(-1.,0.));
#9778 = ( GEOMETRIC_REPRESENTATION_CONTEXT(2) 
PARAMETRIC_REPRESENTATION_CONTEXT() REPRESENTATION_CONTEXT('2D SPACE',''
  ) );
#9779 = ORIENTED_EDGE('',*,*,#8659,.F.);
#9780 = ADVANCED_FACE('',(#9781),#8595,.F.);
#9781 = FACE_BOUND('',#9782,.T.);
#9782 = EDGE_LOOP('',(#9783,#9784,#9785,#9813,#9839,#9861));
#9783 = ORIENTED_EDGE('',*,*,#9758,.F.);
#9784 = ORIENTED_EDGE('',*,*,#8579,.T.);
#9785 = ORIENTED_EDGE('',*,*,#9786,.F.);
#9786 = EDGE_CURVE('',#9787,#8554,#9789,.T.);
#9787 = VERTEX_POINT('',#9788);
#9788 = CARTESIAN_POINT('',(7.95803989155,29.1,50.1));
#9789 = SURFACE_CURVE('',#9790,(#9795,#9802),.PCURVE_S1.);
#9790 = CIRCLE('',#9791,3.);
#9791 = AXIS2_PLACEMENT_3D('',#9792,#9793,#9794);
#9792 = CARTESIAN_POINT('',(5.,29.1,49.6));
#9793 = DIRECTION('',(-0.,1.,0.));
#9794 = DIRECTION('',(1.,0.,0.));
#9795 = PCURVE('',#8595,#9796);
#9796 = DEFINITIONAL_REPRESENTATION('',(#9797),#9801);
#9797 = LINE('',#9798,#9799);
#9798 = CARTESIAN_POINT('',(-6.28318530718,-3.06));
#9799 = VECTOR('',#9800,1.);
#9800 = DIRECTION('',(1.,-0.));
#9801 = ( GEOMETRIC_REPRESENTATION_CONTEXT(2) 
PARAMETRIC_REPRESENTATION_CONTEXT() REPRESENTATION_CONTEXT('2D SPACE',''
  ) );
#9802 = PCURVE('',#8568,#9803);
#9803 = DEFINITIONAL_REPRESENTATION('',(#9804),#9812);
#9804 = ( BOUNDED_CURVE() B_SPLINE_CURVE(2,(#9805,#9806,#9807,#9808,
#9809,#9810,#9811),.UNSPECIFIED.,.T.,.F.) B_SPLINE_CURVE_WITH_KNOTS((1,2
    ,2,2,2,1),(-2.094395102393,0.,2.094395102393,4.188790204786,
6.28318530718,8.377580409573),.UNSPECIFIED.) CURVE() 
GEOMETRIC_REPRESENTATION_ITEM() RATIONAL_B_SPLINE_CURVE((1.,0.5,1.,0.5,
1.,0.5,1.)) REPRESENTATION_ITEM('') );
#9805 = CARTESIAN_POINT('',(0.,-1.5));
#9806 = CARTESIAN_POINT('',(5.196152422707,-1.5));
#9807 = CARTESIAN_POINT('',(2.598076211353,-6.));
#9808 = CARTESIAN_POINT('',(7.347880794884E-16,-10.5));
#9809 = CARTESIAN_POINT('',(-2.598076211353,-6.));
#9810 = CARTESIAN_POINT('',(-5.196152422707,-1.5));
#9811 = CARTESIAN_POINT('',(0.,-1.5));
#9812 = ( GEOMETRIC_REPRESENTATION_CONTEXT(2) 
PARAMETRIC_REPRESENTATION_CONTEXT() REPRESENTATION_CONTEXT('2D SPACE',''
  ) );
#9813 = ORIENTED_EDGE('',*,*,#9814,.F.);
#9814 = EDGE_CURVE('',#9815,#9787,#9817,.T.);
#9815 = VERTEX_POINT('',#9816);
#9816 = CARTESIAN_POINT('',(7.95803989155,22.16,50.1));
#9817 = SURFACE_CURVE('',#9818,(#9822,#9828),.PCURVE_S1.);
#9818 = LINE('',#9819,#9820);
#9819 = CARTESIAN_POINT('',(7.95803989155,32.16,50.1));
#9820 = VECTOR('',#9821,1.);
#9821 = DIRECTION('',(-0.,1.,-0.));
#9822 = PCURVE('',#8595,#9823);
#9823 = DEFINITIONAL_REPRESENTATION('',(#9824),#9827);
#9824 = B_SPLINE_CURVE_WITH_KNOTS('',1,(#9825,#9826),.UNSPECIFIED.,.F.,
  .F.,(2,2),(-10.0000006,5.999999999062E-07),.PIECEWISE_BEZIER_KNOTS.);
#9825 = CARTESIAN_POINT('',(-0.16744807922,-10.0000006));
#9826 = CARTESIAN_POINT('',(-0.16744807922,5.999999999062E-07));
#9827 = ( GEOMETRIC_REPRESENTATION_CONTEXT(2) 
PARAMETRIC_REPRESENTATION_CONTEXT() REPRESENTATION_CONTEXT('2D SPACE',''
  ) );
#9828 = PCURVE('',#9829,#9834);
#9829 = PLANE('',#9830);
#9830 = AXIS2_PLACEMENT_3D('',#9831,#9832,#9833);
#9831 = CARTESIAN_POINT('',(12.,29.1,50.1));
#9832 = DIRECTION('',(-0.,-0.,-1.));
#9833 = DIRECTION('',(-1.,0.,0.));
#9834 = DEFINITIONAL_REPRESENTATION('',(#9835),#9838);
#9835 = B_SPLINE_CURVE_WITH_KNOTS('',1,(#9836,#9837),.UNSPECIFIED.,.F.,
  .F.,(2,2),(-10.0000006,5.999999999062E-07),.PIECEWISE_BEZIER_KNOTS.);
#9836 = CARTESIAN_POINT('',(4.04196010845,-6.9400006));
#9837 = CARTESIAN_POINT('',(4.04196010845,3.0600006));
#9838 = ( GEOMETRIC_REPRESENTATION_CONTEXT(2) 
PARAMETRIC_REPRESENTATION_CONTEXT() REPRESENTATION_CONTEXT('2D SPACE',''
  ) );
#9839 = ORIENTED_EDGE('',*,*,#9840,.T.);
#9840 = EDGE_CURVE('',#9815,#8681,#9841,.T.);
#9841 = SURFACE_CURVE('',#9842,(#9847,#9854),.PCURVE_S1.);
#9842 = CIRCLE('',#9843,3.);
#9843 = AXIS2_PLACEMENT_3D('',#9844,#9845,#9846);
#9844 = CARTESIAN_POINT('',(5.,22.16,49.6));
#9845 = DIRECTION('',(0.,-1.,0.));
#9846 = DIRECTION('',(1.,0.,0.));
#9847 = PCURVE('',#8595,#9848);
#9848 = DEFINITIONAL_REPRESENTATION('',(#9849),#9853);
#9849 = LINE('',#9850,#9851);
#9850 = CARTESIAN_POINT('',(-0.,-10.));
#9851 = VECTOR('',#9852,1.);
#9852 = DIRECTION('',(-1.,0.));
#9853 = ( GEOMETRIC_REPRESENTATION_CONTEXT(2) 
PARAMETRIC_REPRESENTATION_CONTEXT() REPRESENTATION_CONTEXT('2D SPACE',''
  ) );
#9854 = PCURVE('',#8464,#9855);
#9855 = DEFINITIONAL_REPRESENTATION('',(#9856),#9860);
#9856 = CIRCLE('',#9857,3.);
#9857 = AXIS2_PLACEMENT_2D('',#9858,#9859);
#9858 = CARTESIAN_POINT('',(0.,0.));
#9859 = DIRECTION('',(0.,1.));
#9860 = ( GEOMETRIC_REPRESENTATION_CONTEXT(2) 
PARAMETRIC_REPRESENTATION_CONTEXT() REPRESENTATION_CONTEXT('2D SPACE',''
  ) );
#9861 = ORIENTED_EDGE('',*,*,#8680,.T.);
#9862 = ADVANCED_FACE('',(#9863),#8568,.T.);
#9863 = FACE_BOUND('',#9864,.T.);
#9864 = EDGE_LOOP('',(#9865,#9866,#9889,#9910));
#9865 = ORIENTED_EDGE('',*,*,#8553,.F.);
#9866 = ORIENTED_EDGE('',*,*,#9867,.T.);
#9867 = EDGE_CURVE('',#8528,#9868,#9870,.T.);
#9868 = VERTEX_POINT('',#9869);
#9869 = CARTESIAN_POINT('',(12.,29.1,50.1));
#9870 = SURFACE_CURVE('',#9871,(#9875,#9882),.PCURVE_S1.);
#9871 = LINE('',#9872,#9873);
#9872 = CARTESIAN_POINT('',(12.,29.1,49.1));
#9873 = VECTOR('',#9874,1.);
#9874 = DIRECTION('',(0.,0.,1.));
#9875 = PCURVE('',#8568,#9876);
#9876 = DEFINITIONAL_REPRESENTATION('',(#9877),#9881);
#9877 = LINE('',#9878,#9879);
#9878 = CARTESIAN_POINT('',(0.5,2.5));
#9879 = VECTOR('',#9880,1.);
#9880 = DIRECTION('',(-1.,0.));
#9881 = ( GEOMETRIC_REPRESENTATION_CONTEXT(2) 
PARAMETRIC_REPRESENTATION_CONTEXT() REPRESENTATION_CONTEXT('2D SPACE',''
  ) );
#9882 = PCURVE('',#8542,#9883);
#9883 = DEFINITIONAL_REPRESENTATION('',(#9884),#9888);
#9884 = LINE('',#9885,#9886);
#9885 = CARTESIAN_POINT('',(0.,0.));
#9886 = VECTOR('',#9887,1.);
#9887 = DIRECTION('',(1.,0.));
#9888 = ( GEOMETRIC_REPRESENTATION_CONTEXT(2) 
PARAMETRIC_REPRESENTATION_CONTEXT() REPRESENTATION_CONTEXT('2D SPACE',''
  ) );
#9889 = ORIENTED_EDGE('',*,*,#9890,.T.);
#9890 = EDGE_CURVE('',#9868,#9787,#9891,.T.);
#9891 = SURFACE_CURVE('',#9892,(#9896,#9903),.PCURVE_S1.);
#9892 = LINE('',#9893,#9894);
#9893 = CARTESIAN_POINT('',(12.,29.1,50.1));
#9894 = VECTOR('',#9895,1.);
#9895 = DIRECTION('',(-1.,0.,0.));
#9896 = PCURVE('',#8568,#9897);
#9897 = DEFINITIONAL_REPRESENTATION('',(#9898),#9902);
#9898 = LINE('',#9899,#9900);
#9899 = CARTESIAN_POINT('',(-0.5,2.5));
#9900 = VECTOR('',#9901,1.);
#9901 = DIRECTION('',(0.,-1.));
#9902 = ( GEOMETRIC_REPRESENTATION_CONTEXT(2) 
PARAMETRIC_REPRESENTATION_CONTEXT() REPRESENTATION_CONTEXT('2D SPACE',''
  ) );
#9903 = PCURVE('',#9829,#9904);
#9904 = DEFINITIONAL_REPRESENTATION('',(#9905),#9909);
#9905 = LINE('',#9906,#9907);
#9906 = CARTESIAN_POINT('',(0.,0.));
#9907 = VECTOR('',#9908,1.);
#9908 = DIRECTION('',(1.,0.));
#9909 = ( GEOMETRIC_REPRESENTATION_CONTEXT(2) 
PARAMETRIC_REPRESENTATION_CONTEXT() REPRESENTATION_CONTEXT('2D SPACE',''
  ) );
#9910 = ORIENTED_EDGE('',*,*,#9786,.T.);
#9911 = ADVANCED_FACE('',(#9912),#8542,.T.);
#9912 = FACE_BOUND('',#9913,.T.);
#9913 = EDGE_LOOP('',(#9914,#9915,#9916,#9939));
#9914 = ORIENTED_EDGE('',*,*,#9867,.F.);
#9915 = ORIENTED_EDGE('',*,*,#8527,.F.);
#9916 = ORIENTED_EDGE('',*,*,#9917,.T.);
#9917 = EDGE_CURVE('',#8502,#9918,#9920,.T.);
#9918 = VERTEX_POINT('',#9919);
#9919 = CARTESIAN_POINT('',(12.,-29.1,50.1));
#9920 = SURFACE_CURVE('',#9921,(#9925,#9932),.PCURVE_S1.);
#9921 = LINE('',#9922,#9923);
#9922 = CARTESIAN_POINT('',(12.,-29.1,49.1));
#9923 = VECTOR('',#9924,1.);
#9924 = DIRECTION('',(0.,0.,1.));
#9925 = PCURVE('',#8542,#9926);
#9926 = DEFINITIONAL_REPRESENTATION('',(#9927),#9931);
#9927 = LINE('',#9928,#9929);
#9928 = CARTESIAN_POINT('',(0.,-58.2));
#9929 = VECTOR('',#9930,1.);
#9930 = DIRECTION('',(1.,0.));
#9931 = ( GEOMETRIC_REPRESENTATION_CONTEXT(2) 
PARAMETRIC_REPRESENTATION_CONTEXT() REPRESENTATION_CONTEXT('2D SPACE',''
  ) );
#9932 = PCURVE('',#8516,#9933);
#9933 = DEFINITIONAL_REPRESENTATION('',(#9934),#9938);
#9934 = LINE('',#9935,#9936);
#9935 = CARTESIAN_POINT('',(0.5,2.5));
#9936 = VECTOR('',#9937,1.);
#9937 = DIRECTION('',(-1.,0.));
#9938 = ( GEOMETRIC_REPRESENTATION_CONTEXT(2) 
PARAMETRIC_REPRESENTATION_CONTEXT() REPRESENTATION_CONTEXT('2D SPACE',''
  ) );
#9939 = ORIENTED_EDGE('',*,*,#9940,.F.);
#9940 = EDGE_CURVE('',#9868,#9918,#9941,.T.);
#9941 = SURFACE_CURVE('',#9942,(#9946,#9953),.PCURVE_S1.);
#9942 = LINE('',#9943,#9944);
#9943 = CARTESIAN_POINT('',(12.,29.1,50.1));
#9944 = VECTOR('',#9945,1.);
#9945 = DIRECTION('',(0.,-1.,0.));
#9946 = PCURVE('',#8542,#9947);
#9947 = DEFINITIONAL_REPRESENTATION('',(#9948),#9952);
#9948 = LINE('',#9949,#9950);
#9949 = CARTESIAN_POINT('',(1.,0.));
#9950 = VECTOR('',#9951,1.);
#9951 = DIRECTION('',(0.,-1.));
#9952 = ( GEOMETRIC_REPRESENTATION_CONTEXT(2) 
PARAMETRIC_REPRESENTATION_CONTEXT() REPRESENTATION_CONTEXT('2D SPACE',''
  ) );
#9953 = PCURVE('',#9829,#9954);
#9954 = DEFINITIONAL_REPRESENTATION('',(#9955),#9959);
#9955 = LINE('',#9956,#9957);
#9956 = CARTESIAN_POINT('',(0.,0.));
#9957 = VECTOR('',#9958,1.);
#9958 = DIRECTION('',(0.,-1.));
#9959 = ( GEOMETRIC_REPRESENTATION_CONTEXT(2) 
PARAMETRIC_REPRESENTATION_CONTEXT() REPRESENTATION_CONTEXT('2D SPACE',''
  ) );
#9960 = ADVANCED_FACE('',(#9961),#8516,.F.);
#9961 = FACE_BOUND('',#9962,.F.);
#9962 = EDGE_LOOP('',(#9963,#9986,#9987,#9988));
#9963 = ORIENTED_EDGE('',*,*,#9964,.T.);
#9964 = EDGE_CURVE('',#9965,#8476,#9967,.T.);
#9965 = VERTEX_POINT('',#9966);
#9966 = CARTESIAN_POINT('',(7.,-29.1,50.1));
#9967 = SURFACE_CURVE('',#9968,(#9972,#9979),.PCURVE_S1.);
#9968 = LINE('',#9969,#9970);
#9969 = CARTESIAN_POINT('',(7.,-29.1,50.1));
#9970 = VECTOR('',#9971,1.);
#9971 = DIRECTION('',(0.,0.,-1.));
#9972 = PCURVE('',#8516,#9973);
#9973 = DEFINITIONAL_REPRESENTATION('',(#9974),#9978);
#9974 = LINE('',#9975,#9976);
#9975 = CARTESIAN_POINT('',(-0.5,-2.5));
#9976 = VECTOR('',#9977,1.);
#9977 = DIRECTION('',(1.,0.));
#9978 = ( GEOMETRIC_REPRESENTATION_CONTEXT(2) 
PARAMETRIC_REPRESENTATION_CONTEXT() REPRESENTATION_CONTEXT('2D SPACE',''
  ) );
#9979 = PCURVE('',#8490,#9980);
#9980 = DEFINITIONAL_REPRESENTATION('',(#9981),#9985);
#9981 = LINE('',#9982,#9983);
#9982 = CARTESIAN_POINT('',(0.,-58.2));
#9983 = VECTOR('',#9984,1.);
#9984 = DIRECTION('',(1.,0.));
#9985 = ( GEOMETRIC_REPRESENTATION_CONTEXT(2) 
PARAMETRIC_REPRESENTATION_CONTEXT() REPRESENTATION_CONTEXT('2D SPACE',''
  ) );
#9986 = ORIENTED_EDGE('',*,*,#8501,.F.);
#9987 = ORIENTED_EDGE('',*,*,#9917,.T.);
#9988 = ORIENTED_EDGE('',*,*,#9989,.T.);
#9989 = EDGE_CURVE('',#9918,#9965,#9990,.T.);
#9990 = SURFACE_CURVE('',#9991,(#9995,#10002),.PCURVE_S1.);
#9991 = LINE('',#9992,#9993);
#9992 = CARTESIAN_POINT('',(12.,-29.1,50.1));
#9993 = VECTOR('',#9994,1.);
#9994 = DIRECTION('',(-1.,0.,0.));
#9995 = PCURVE('',#8516,#9996);
#9996 = DEFINITIONAL_REPRESENTATION('',(#9997),#10001);
#9997 = LINE('',#9998,#9999);
#9998 = CARTESIAN_POINT('',(-0.5,2.5));
#9999 = VECTOR('',#10000,1.);
#10000 = DIRECTION('',(0.,-1.));
#10001 = ( GEOMETRIC_REPRESENTATION_CONTEXT(2) 
PARAMETRIC_REPRESENTATION_CONTEXT() REPRESENTATION_CONTEXT('2D SPACE',''
  ) );
#10002 = PCURVE('',#9829,#10003);
#10003 = DEFINITIONAL_REPRESENTATION('',(#10004),#10008);
#10004 = LINE('',#10005,#10006);
#10005 = CARTESIAN_POINT('',(0.,-58.2));
#10006 = VECTOR('',#10007,1.);
#10007 = DIRECTION('',(1.,0.));
#10008 = ( GEOMETRIC_REPRESENTATION_CONTEXT(2) 
PARAMETRIC_REPRESENTATION_CONTEXT() REPRESENTATION_CONTEXT('2D SPACE',''
  ) );
#10009 = ADVANCED_FACE('',(#10010),#8490,.T.);
#10010 = FACE_BOUND('',#10011,.T.);
#10011 = EDGE_LOOP('',(#10012,#10033,#10054,#10055));
#10012 = ORIENTED_EDGE('',*,*,#10013,.T.);
#10013 = EDGE_CURVE('',#8450,#10014,#10016,.T.);
#10014 = VERTEX_POINT('',#10015);
#10015 = CARTESIAN_POINT('',(7.,22.16,50.1));
#10016 = SURFACE_CURVE('',#10017,(#10021,#10027),.PCURVE_S1.);
#10017 = LINE('',#10018,#10019);
#10018 = CARTESIAN_POINT('',(7.,22.16,49.85));
#10019 = VECTOR('',#10020,1.);
#10020 = DIRECTION('',(0.,0.,1.));
#10021 = PCURVE('',#8490,#10022);
#10022 = DEFINITIONAL_REPRESENTATION('',(#10023),#10026);
#10023 = B_SPLINE_CURVE_WITH_KNOTS('',1,(#10024,#10025),.UNSPECIFIED.,
  .F.,.F.,(2,2),(-0.75,0.25),.PIECEWISE_BEZIER_KNOTS.);
#10024 = CARTESIAN_POINT('',(1.,-6.94));
#10025 = CARTESIAN_POINT('',(0.,-6.94));
#10026 = ( GEOMETRIC_REPRESENTATION_CONTEXT(2) 
PARAMETRIC_REPRESENTATION_CONTEXT() REPRESENTATION_CONTEXT('2D SPACE',''
  ) );
#10027 = PCURVE('',#8464,#10028);
#10028 = DEFINITIONAL_REPRESENTATION('',(#10029),#10032);
#10029 = B_SPLINE_CURVE_WITH_KNOTS('',1,(#10030,#10031),.UNSPECIFIED.,
  .F.,.F.,(2,2),(-0.75,0.25),.PIECEWISE_BEZIER_KNOTS.);
#10030 = CARTESIAN_POINT('',(0.5,2.));
#10031 = CARTESIAN_POINT('',(-0.5,2.));
#10032 = ( GEOMETRIC_REPRESENTATION_CONTEXT(2) 
PARAMETRIC_REPRESENTATION_CONTEXT() REPRESENTATION_CONTEXT('2D SPACE',''
  ) );
#10033 = ORIENTED_EDGE('',*,*,#10034,.T.);
#10034 = EDGE_CURVE('',#10014,#9965,#10035,.T.);
#10035 = SURFACE_CURVE('',#10036,(#10040,#10047),.PCURVE_S1.);
#10036 = LINE('',#10037,#10038);
#10037 = CARTESIAN_POINT('',(7.,29.1,50.1));
#10038 = VECTOR('',#10039,1.);
#10039 = DIRECTION('',(0.,-1.,0.));
#10040 = PCURVE('',#8490,#10041);
#10041 = DEFINITIONAL_REPRESENTATION('',(#10042),#10046);
#10042 = LINE('',#10043,#10044);
#10043 = CARTESIAN_POINT('',(0.,0.));
#10044 = VECTOR('',#10045,1.);
#10045 = DIRECTION('',(0.,-1.));
#10046 = ( GEOMETRIC_REPRESENTATION_CONTEXT(2) 
PARAMETRIC_REPRESENTATION_CONTEXT() REPRESENTATION_CONTEXT('2D SPACE',''
  ) );
#10047 = PCURVE('',#9829,#10048);
#10048 = DEFINITIONAL_REPRESENTATION('',(#10049),#10053);
#10049 = LINE('',#10050,#10051);
#10050 = CARTESIAN_POINT('',(5.,0.));
#10051 = VECTOR('',#10052,1.);
#10052 = DIRECTION('',(0.,-1.));
#10053 = ( GEOMETRIC_REPRESENTATION_CONTEXT(2) 
PARAMETRIC_REPRESENTATION_CONTEXT() REPRESENTATION_CONTEXT('2D SPACE',''
  ) );
#10054 = ORIENTED_EDGE('',*,*,#9964,.T.);
#10055 = ORIENTED_EDGE('',*,*,#8475,.F.);
#10056 = ADVANCED_FACE('',(#10057),#8464,.F.);
#10057 = FACE_BOUND('',#10058,.F.);
#10058 = EDGE_LOOP('',(#10059,#10060,#10061,#10080,#10081));
#10059 = ORIENTED_EDGE('',*,*,#8449,.F.);
#10060 = ORIENTED_EDGE('',*,*,#10013,.T.);
#10061 = ORIENTED_EDGE('',*,*,#10062,.T.);
#10062 = EDGE_CURVE('',#10014,#9815,#10063,.T.);
#10063 = SURFACE_CURVE('',#10064,(#10068,#10074),.PCURVE_S1.);
#10064 = LINE('',#10065,#10066);
#10065 = CARTESIAN_POINT('',(8.5,22.16,50.1));
#10066 = VECTOR('',#10067,1.);
#10067 = DIRECTION('',(1.,0.,0.));
#10068 = PCURVE('',#8464,#10069);
#10069 = DEFINITIONAL_REPRESENTATION('',(#10070),#10073);
#10070 = B_SPLINE_CURVE_WITH_KNOTS('',1,(#10071,#10072),.UNSPECIFIED.,
  .F.,.F.,(2,2),(-1.5,-0.5),.PIECEWISE_BEZIER_KNOTS.);
#10071 = CARTESIAN_POINT('',(-0.5,2.));
#10072 = CARTESIAN_POINT('',(-0.5,3.));
#10073 = ( GEOMETRIC_REPRESENTATION_CONTEXT(2) 
PARAMETRIC_REPRESENTATION_CONTEXT() REPRESENTATION_CONTEXT('2D SPACE',''
  ) );
#10074 = PCURVE('',#9829,#10075);
#10075 = DEFINITIONAL_REPRESENTATION('',(#10076),#10079);
#10076 = B_SPLINE_CURVE_WITH_KNOTS('',1,(#10077,#10078),.UNSPECIFIED.,
  .F.,.F.,(2,2),(-1.5,-0.5),.PIECEWISE_BEZIER_KNOTS.);
#10077 = CARTESIAN_POINT('',(5.,-6.94));
#10078 = CARTESIAN_POINT('',(4.,-6.94));
#10079 = ( GEOMETRIC_REPRESENTATION_CONTEXT(2) 
PARAMETRIC_REPRESENTATION_CONTEXT() REPRESENTATION_CONTEXT('2D SPACE',''
  ) );
#10080 = ORIENTED_EDGE('',*,*,#9840,.T.);
#10081 = ORIENTED_EDGE('',*,*,#8701,.F.);
#10082 = ADVANCED_FACE('',(#10083),#8846,.F.);
#10083 = FACE_BOUND('',#10084,.F.);
#10084 = EDGE_LOOP('',(#10085,#10086,#10109,#10130,#10151,#10172,#10193,
    #10194));
#10085 = ORIENTED_EDGE('',*,*,#8989,.F.);
#10086 = ORIENTED_EDGE('',*,*,#10087,.T.);
#10087 = EDGE_CURVE('',#8962,#10088,#10090,.T.);
#10088 = VERTEX_POINT('',#10089);
#10089 = CARTESIAN_POINT('',(-15.,36.,34.5));
#10090 = SURFACE_CURVE('',#10091,(#10095,#10102),.PCURVE_S1.);
#10091 = LINE('',#10092,#10093);
#10092 = CARTESIAN_POINT('',(-15.,36.35,34.5));
#10093 = VECTOR('',#10094,1.);
#10094 = DIRECTION('',(0.,-1.,0.));
#10095 = PCURVE('',#8846,#10096);
#10096 = DEFINITIONAL_REPRESENTATION('',(#10097),#10101);
#10097 = LINE('',#10098,#10099);
#10098 = CARTESIAN_POINT('',(0.,0.));
#10099 = VECTOR('',#10100,1.);
#10100 = DIRECTION('',(0.,-1.));
#10101 = ( GEOMETRIC_REPRESENTATION_CONTEXT(2) 
PARAMETRIC_REPRESENTATION_CONTEXT() REPRESENTATION_CONTEXT('2D SPACE',''
  ) );
#10102 = PCURVE('',#8977,#10103);
#10103 = DEFINITIONAL_REPRESENTATION('',(#10104),#10108);
#10104 = LINE('',#10105,#10106);
#10105 = CARTESIAN_POINT('',(10.,0.));
#10106 = VECTOR('',#10107,1.);
#10107 = DIRECTION('',(0.,-1.));
#10108 = ( GEOMETRIC_REPRESENTATION_CONTEXT(2) 
PARAMETRIC_REPRESENTATION_CONTEXT() REPRESENTATION_CONTEXT('2D SPACE',''
  ) );
#10109 = ORIENTED_EDGE('',*,*,#10110,.F.);
#10110 = EDGE_CURVE('',#10111,#10088,#10113,.T.);
#10111 = VERTEX_POINT('',#10112);
#10112 = CARTESIAN_POINT('',(-11.00500312891,36.,34.5));
#10113 = SURFACE_CURVE('',#10114,(#10118,#10124),.PCURVE_S1.);
#10114 = LINE('',#10115,#10116);
#10115 = CARTESIAN_POINT('',(-15.,36.,34.5));
#10116 = VECTOR('',#10117,1.);
#10117 = DIRECTION('',(-1.,0.,-0.));
#10118 = PCURVE('',#8846,#10119);
#10119 = DEFINITIONAL_REPRESENTATION('',(#10120),#10123);
#10120 = B_SPLINE_CURVE_WITH_KNOTS('',1,(#10121,#10122),.UNSPECIFIED.,
  .F.,.F.,(2,2),(-6.4,0.),.PIECEWISE_BEZIER_KNOTS.);
#10121 = CARTESIAN_POINT('',(6.4,-0.35));
#10122 = CARTESIAN_POINT('',(0.,-0.35));
#10123 = ( GEOMETRIC_REPRESENTATION_CONTEXT(2) 
PARAMETRIC_REPRESENTATION_CONTEXT() REPRESENTATION_CONTEXT('2D SPACE',''
  ) );
#10124 = PCURVE('',#9217,#10125);
#10125 = DEFINITIONAL_REPRESENTATION('',(#10126),#10129);
#10126 = B_SPLINE_CURVE_WITH_KNOTS('',1,(#10127,#10128),.UNSPECIFIED.,
  .F.,.F.,(2,2),(-6.4,0.),.PIECEWISE_BEZIER_KNOTS.);
#10127 = CARTESIAN_POINT('',(-5.,6.4));
#10128 = CARTESIAN_POINT('',(-5.,0.));
#10129 = ( GEOMETRIC_REPRESENTATION_CONTEXT(2) 
PARAMETRIC_REPRESENTATION_CONTEXT() REPRESENTATION_CONTEXT('2D SPACE',''
  ) );
#10130 = ORIENTED_EDGE('',*,*,#10131,.F.);
#10131 = EDGE_CURVE('',#10132,#10111,#10134,.T.);
#10132 = VERTEX_POINT('',#10133);
#10133 = CARTESIAN_POINT('',(-11.00500312891,24.,34.5));
#10134 = SURFACE_CURVE('',#10135,(#10139,#10145),.PCURVE_S1.);
#10135 = LINE('',#10136,#10137);
#10136 = CARTESIAN_POINT('',(-11.00500312891,24.,34.5));
#10137 = VECTOR('',#10138,1.);
#10138 = DIRECTION('',(0.,1.,0.));
#10139 = PCURVE('',#8846,#10140);
#10140 = DEFINITIONAL_REPRESENTATION('',(#10141),#10144);
#10141 = B_SPLINE_CURVE_WITH_KNOTS('',1,(#10142,#10143),.UNSPECIFIED.,
  .F.,.F.,(2,2),(-5.999999999062E-07,12.0000006),
  .PIECEWISE_BEZIER_KNOTS.);
#10142 = CARTESIAN_POINT('',(3.994996871088,-12.3500006));
#10143 = CARTESIAN_POINT('',(3.994996871088,-0.3499994));
#10144 = ( GEOMETRIC_REPRESENTATION_CONTEXT(2) 
PARAMETRIC_REPRESENTATION_CONTEXT() REPRESENTATION_CONTEXT('2D SPACE',''
  ) );
#10145 = PCURVE('',#9191,#10146);
#10146 = DEFINITIONAL_REPRESENTATION('',(#10147),#10150);
#10147 = B_SPLINE_CURVE_WITH_KNOTS('',1,(#10148,#10149),.UNSPECIFIED.,
  .F.,.F.,(2,2),(0.,12.),.PIECEWISE_BEZIER_KNOTS.);
#10148 = CARTESIAN_POINT('',(2.467462146922,0.));
#10149 = CARTESIAN_POINT('',(2.467462146922,12.));
#10150 = ( GEOMETRIC_REPRESENTATION_CONTEXT(2) 
PARAMETRIC_REPRESENTATION_CONTEXT() REPRESENTATION_CONTEXT('2D SPACE',''
  ) );
#10151 = ORIENTED_EDGE('',*,*,#10152,.T.);
#10152 = EDGE_CURVE('',#10132,#10153,#10155,.T.);
#10153 = VERTEX_POINT('',#10154);
#10154 = CARTESIAN_POINT('',(-15.,24.,34.5));
#10155 = SURFACE_CURVE('',#10156,(#10160,#10166),.PCURVE_S1.);
#10156 = LINE('',#10157,#10158);
#10157 = CARTESIAN_POINT('',(-15.,24.,34.5));
#10158 = VECTOR('',#10159,1.);
#10159 = DIRECTION('',(-1.,0.,-0.));
#10160 = PCURVE('',#8846,#10161);
#10161 = DEFINITIONAL_REPRESENTATION('',(#10162),#10165);
#10162 = B_SPLINE_CURVE_WITH_KNOTS('',1,(#10163,#10164),.UNSPECIFIED.,
  .F.,.F.,(2,2),(-6.4,0.),.PIECEWISE_BEZIER_KNOTS.);
#10163 = CARTESIAN_POINT('',(6.4,-12.35));
#10164 = CARTESIAN_POINT('',(0.,-12.35));
#10165 = ( GEOMETRIC_REPRESENTATION_CONTEXT(2) 
PARAMETRIC_REPRESENTATION_CONTEXT() REPRESENTATION_CONTEXT('2D SPACE',''
  ) );
#10166 = PCURVE('',#9165,#10167);
#10167 = DEFINITIONAL_REPRESENTATION('',(#10168),#10171);
#10168 = B_SPLINE_CURVE_WITH_KNOTS('',1,(#10169,#10170),.UNSPECIFIED.,
  .F.,.F.,(2,2),(-6.4,0.),.PIECEWISE_BEZIER_KNOTS.);
#10169 = CARTESIAN_POINT('',(-5.,6.4));
#10170 = CARTESIAN_POINT('',(-5.,0.));
#10171 = ( GEOMETRIC_REPRESENTATION_CONTEXT(2) 
PARAMETRIC_REPRESENTATION_CONTEXT() REPRESENTATION_CONTEXT('2D SPACE',''
  ) );
#10172 = ORIENTED_EDGE('',*,*,#10173,.T.);
#10173 = EDGE_CURVE('',#10153,#9255,#10174,.T.);
#10174 = SURFACE_CURVE('',#10175,(#10179,#10186),.PCURVE_S1.);
#10175 = LINE('',#10176,#10177);
#10176 = CARTESIAN_POINT('',(-15.,36.35,34.5));
#10177 = VECTOR('',#10178,1.);
#10178 = DIRECTION('',(0.,-1.,0.));
#10179 = PCURVE('',#8846,#10180);
#10180 = DEFINITIONAL_REPRESENTATION('',(#10181),#10185);
#10181 = LINE('',#10182,#10183);
#10182 = CARTESIAN_POINT('',(0.,0.));
#10183 = VECTOR('',#10184,1.);
#10184 = DIRECTION('',(0.,-1.));
#10185 = ( GEOMETRIC_REPRESENTATION_CONTEXT(2) 
PARAMETRIC_REPRESENTATION_CONTEXT() REPRESENTATION_CONTEXT('2D SPACE',''
  ) );
#10186 = PCURVE('',#9270,#10187);
#10187 = DEFINITIONAL_REPRESENTATION('',(#10188),#10192);
#10188 = LINE('',#10189,#10190);
#10189 = CARTESIAN_POINT('',(10.,0.));
#10190 = VECTOR('',#10191,1.);
#10191 = DIRECTION('',(0.,-1.));
#10192 = ( GEOMETRIC_REPRESENTATION_CONTEXT(2) 
PARAMETRIC_REPRESENTATION_CONTEXT() REPRESENTATION_CONTEXT('2D SPACE',''
  ) );
#10193 = ORIENTED_EDGE('',*,*,#9282,.T.);
#10194 = ORIENTED_EDGE('',*,*,#8830,.F.);
#10195 = ADVANCED_FACE('',(#10196),#8922,.F.);
#10196 = FACE_BOUND('',#10197,.F.);
#10197 = EDGE_LOOP('',(#10198,#10199,#10222,#10243,#10264,#10285,#10306,
    #10307));
#10198 = ORIENTED_EDGE('',*,*,#9388,.F.);
#10199 = ORIENTED_EDGE('',*,*,#10200,.T.);
#10200 = EDGE_CURVE('',#9361,#10201,#10203,.T.);
#10201 = VERTEX_POINT('',#10202);
#10202 = CARTESIAN_POINT('',(-15.,-24.,34.5));
#10203 = SURFACE_CURVE('',#10204,(#10208,#10215),.PCURVE_S1.);
#10204 = LINE('',#10205,#10206);
#10205 = CARTESIAN_POINT('',(-15.,-23.65,34.5));
#10206 = VECTOR('',#10207,1.);
#10207 = DIRECTION('',(0.,-1.,0.));
#10208 = PCURVE('',#8922,#10209);
#10209 = DEFINITIONAL_REPRESENTATION('',(#10210),#10214);
#10210 = LINE('',#10211,#10212);
#10211 = CARTESIAN_POINT('',(0.,0.));
#10212 = VECTOR('',#10213,1.);
#10213 = DIRECTION('',(0.,-1.));
#10214 = ( GEOMETRIC_REPRESENTATION_CONTEXT(2) 
PARAMETRIC_REPRESENTATION_CONTEXT() REPRESENTATION_CONTEXT('2D SPACE',''
  ) );
#10215 = PCURVE('',#9376,#10216);
#10216 = DEFINITIONAL_REPRESENTATION('',(#10217),#10221);
#10217 = LINE('',#10218,#10219);
#10218 = CARTESIAN_POINT('',(10.,0.));
#10219 = VECTOR('',#10220,1.);
#10220 = DIRECTION('',(0.,-1.));
#10221 = ( GEOMETRIC_REPRESENTATION_CONTEXT(2) 
PARAMETRIC_REPRESENTATION_CONTEXT() REPRESENTATION_CONTEXT('2D SPACE',''
  ) );
#10222 = ORIENTED_EDGE('',*,*,#10223,.F.);
#10223 = EDGE_CURVE('',#10224,#10201,#10226,.T.);
#10224 = VERTEX_POINT('',#10225);
#10225 = CARTESIAN_POINT('',(-11.00500312891,-24.,34.5));
#10226 = SURFACE_CURVE('',#10227,(#10231,#10237),.PCURVE_S1.);
#10227 = LINE('',#10228,#10229);
#10228 = CARTESIAN_POINT('',(-15.,-24.,34.5));
#10229 = VECTOR('',#10230,1.);
#10230 = DIRECTION('',(-1.,0.,-0.));
#10231 = PCURVE('',#8922,#10232);
#10232 = DEFINITIONAL_REPRESENTATION('',(#10233),#10236);
#10233 = B_SPLINE_CURVE_WITH_KNOTS('',1,(#10234,#10235),.UNSPECIFIED.,
  .F.,.F.,(2,2),(-6.4,0.),.PIECEWISE_BEZIER_KNOTS.);
#10234 = CARTESIAN_POINT('',(6.4,-0.35));
#10235 = CARTESIAN_POINT('',(0.,-0.35));
#10236 = ( GEOMETRIC_REPRESENTATION_CONTEXT(2) 
PARAMETRIC_REPRESENTATION_CONTEXT() REPRESENTATION_CONTEXT('2D SPACE',''
  ) );
#10237 = PCURVE('',#9616,#10238);
#10238 = DEFINITIONAL_REPRESENTATION('',(#10239),#10242);
#10239 = B_SPLINE_CURVE_WITH_KNOTS('',1,(#10240,#10241),.UNSPECIFIED.,
  .F.,.F.,(2,2),(-6.4,0.),.PIECEWISE_BEZIER_KNOTS.);
#10240 = CARTESIAN_POINT('',(-5.,6.4));
#10241 = CARTESIAN_POINT('',(-5.,0.));
#10242 = ( GEOMETRIC_REPRESENTATION_CONTEXT(2) 
PARAMETRIC_REPRESENTATION_CONTEXT() REPRESENTATION_CONTEXT('2D SPACE',''
  ) );
#10243 = ORIENTED_EDGE('',*,*,#10244,.F.);
#10244 = EDGE_CURVE('',#10245,#10224,#10247,.T.);
#10245 = VERTEX_POINT('',#10246);
#10246 = CARTESIAN_POINT('',(-11.00500312891,-36.,34.5));
#10247 = SURFACE_CURVE('',#10248,(#10252,#10258),.PCURVE_S1.);
#10248 = LINE('',#10249,#10250);
#10249 = CARTESIAN_POINT('',(-11.00500312891,-36.,34.5));
#10250 = VECTOR('',#10251,1.);
#10251 = DIRECTION('',(0.,1.,0.));
#10252 = PCURVE('',#8922,#10253);
#10253 = DEFINITIONAL_REPRESENTATION('',(#10254),#10257);
#10254 = B_SPLINE_CURVE_WITH_KNOTS('',1,(#10255,#10256),.UNSPECIFIED.,
  .F.,.F.,(2,2),(-5.999999999062E-07,12.0000006),
  .PIECEWISE_BEZIER_KNOTS.);
#10255 = CARTESIAN_POINT('',(3.994996871088,-12.3500006));
#10256 = CARTESIAN_POINT('',(3.994996871088,-0.3499994));
#10257 = ( GEOMETRIC_REPRESENTATION_CONTEXT(2) 
PARAMETRIC_REPRESENTATION_CONTEXT() REPRESENTATION_CONTEXT('2D SPACE',''
  ) );
#10258 = PCURVE('',#9590,#10259);
#10259 = DEFINITIONAL_REPRESENTATION('',(#10260),#10263);
#10260 = B_SPLINE_CURVE_WITH_KNOTS('',1,(#10261,#10262),.UNSPECIFIED.,
  .F.,.F.,(2,2),(0.,12.),.PIECEWISE_BEZIER_KNOTS.);
#10261 = CARTESIAN_POINT('',(2.467462146922,0.));
#10262 = CARTESIAN_POINT('',(2.467462146922,12.));
#10263 = ( GEOMETRIC_REPRESENTATION_CONTEXT(2) 
PARAMETRIC_REPRESENTATION_CONTEXT() REPRESENTATION_CONTEXT('2D SPACE',''
  ) );
#10264 = ORIENTED_EDGE('',*,*,#10265,.T.);
#10265 = EDGE_CURVE('',#10245,#10266,#10268,.T.);
#10266 = VERTEX_POINT('',#10267);
#10267 = CARTESIAN_POINT('',(-15.,-36.,34.5));
#10268 = SURFACE_CURVE('',#10269,(#10273,#10279),.PCURVE_S1.);
#10269 = LINE('',#10270,#10271);
#10270 = CARTESIAN_POINT('',(-15.,-36.,34.5));
#10271 = VECTOR('',#10272,1.);
#10272 = DIRECTION('',(-1.,0.,-0.));
#10273 = PCURVE('',#8922,#10274);
#10274 = DEFINITIONAL_REPRESENTATION('',(#10275),#10278);
#10275 = B_SPLINE_CURVE_WITH_KNOTS('',1,(#10276,#10277),.UNSPECIFIED.,
  .F.,.F.,(2,2),(-6.4,0.),.PIECEWISE_BEZIER_KNOTS.);
#10276 = CARTESIAN_POINT('',(6.4,-12.35));
#10277 = CARTESIAN_POINT('',(0.,-12.35));
#10278 = ( GEOMETRIC_REPRESENTATION_CONTEXT(2) 
PARAMETRIC_REPRESENTATION_CONTEXT() REPRESENTATION_CONTEXT('2D SPACE',''
  ) );
#10279 = PCURVE('',#9564,#10280);
#10280 = DEFINITIONAL_REPRESENTATION('',(#10281),#10284);
#10281 = B_SPLINE_CURVE_WITH_KNOTS('',1,(#10282,#10283),.UNSPECIFIED.,
  .F.,.F.,(2,2),(-6.4,0.),.PIECEWISE_BEZIER_KNOTS.);
#10282 = CARTESIAN_POINT('',(-5.,6.4));
#10283 = CARTESIAN_POINT('',(-5.,0.));
#10284 = ( GEOMETRIC_REPRESENTATION_CONTEXT(2) 
PARAMETRIC_REPRESENTATION_CONTEXT() REPRESENTATION_CONTEXT('2D SPACE',''
  ) );
#10285 = ORIENTED_EDGE('',*,*,#10286,.T.);
#10286 = EDGE_CURVE('',#10266,#9654,#10287,.T.);
#10287 = SURFACE_CURVE('',#10288,(#10292,#10299),.PCURVE_S1.);
#10288 = LINE('',#10289,#10290);
#10289 = CARTESIAN_POINT('',(-15.,-23.65,34.5));
#10290 = VECTOR('',#10291,1.);
#10291 = DIRECTION('',(0.,-1.,0.));
#10292 = PCURVE('',#8922,#10293);
#10293 = DEFINITIONAL_REPRESENTATION('',(#10294),#10298);
#10294 = LINE('',#10295,#10296);
#10295 = CARTESIAN_POINT('',(0.,0.));
#10296 = VECTOR('',#10297,1.);
#10297 = DIRECTION('',(0.,-1.));
#10298 = ( GEOMETRIC_REPRESENTATION_CONTEXT(2) 
PARAMETRIC_REPRESENTATION_CONTEXT() REPRESENTATION_CONTEXT('2D SPACE',''
  ) );
#10299 = PCURVE('',#9669,#10300);
#10300 = DEFINITIONAL_REPRESENTATION('',(#10301),#10305);
#10301 = LINE('',#10302,#10303);
#10302 = CARTESIAN_POINT('',(10.,0.));
#10303 = VECTOR('',#10304,1.);
#10304 = DIRECTION('',(0.,-1.));
#10305 = ( GEOMETRIC_REPRESENTATION_CONTEXT(2) 
PARAMETRIC_REPRESENTATION_CONTEXT() REPRESENTATION_CONTEXT('2D SPACE',''
  ) );
#10306 = ORIENTED_EDGE('',*,*,#9681,.T.);
#10307 = ORIENTED_EDGE('',*,*,#8906,.F.);
#10308 = ADVANCED_FACE('',(#10309),#8977,.F.);
#10309 = FACE_BOUND('',#10310,.F.);
#10310 = EDGE_LOOP('',(#10311,#10312,#10333,#10352));
#10311 = ORIENTED_EDGE('',*,*,#8959,.F.);
#10312 = ORIENTED_EDGE('',*,*,#10313,.F.);
#10313 = EDGE_CURVE('',#10314,#8960,#10316,.T.);
#10314 = VERTEX_POINT('',#10315);
#10315 = CARTESIAN_POINT('',(-15.,36.,37.8));
#10316 = SURFACE_CURVE('',#10317,(#10321,#10327),.PCURVE_S1.);
#10317 = LINE('',#10318,#10319);
#10318 = CARTESIAN_POINT('',(-15.,23.5,37.8));
#10319 = VECTOR('',#10320,1.);
#10320 = DIRECTION('',(0.,1.,0.));
#10321 = PCURVE('',#8977,#10322);
#10322 = DEFINITIONAL_REPRESENTATION('',(#10323),#10326);
#10323 = B_SPLINE_CURVE_WITH_KNOTS('',1,(#10324,#10325),.UNSPECIFIED.,
  .F.,.F.,(2,2),(12.465,12.885),.PIECEWISE_BEZIER_KNOTS.);
#10324 = CARTESIAN_POINT('',(6.7,-0.385));
#10325 = CARTESIAN_POINT('',(6.7,3.5E-02));
#10326 = ( GEOMETRIC_REPRESENTATION_CONTEXT(2) 
PARAMETRIC_REPRESENTATION_CONTEXT() REPRESENTATION_CONTEXT('2D SPACE',''
  ) );
#10327 = PCURVE('',#9082,#10328);
#10328 = DEFINITIONAL_REPRESENTATION('',(#10329),#10332);
#10329 = B_SPLINE_CURVE_WITH_KNOTS('',1,(#10330,#10331),.UNSPECIFIED.,
  .F.,.F.,(2,2),(12.465,12.885),.PIECEWISE_BEZIER_KNOTS.);
#10330 = CARTESIAN_POINT('',(3.14159265359,12.465));
#10331 = CARTESIAN_POINT('',(3.14159265359,12.885));
#10332 = ( GEOMETRIC_REPRESENTATION_CONTEXT(2) 
PARAMETRIC_REPRESENTATION_CONTEXT() REPRESENTATION_CONTEXT('2D SPACE',''
  ) );
#10333 = ORIENTED_EDGE('',*,*,#10334,.F.);
#10334 = EDGE_CURVE('',#10088,#10314,#10335,.T.);
#10335 = SURFACE_CURVE('',#10336,(#10340,#10346),.PCURVE_S1.);
#10336 = LINE('',#10337,#10338);
#10337 = CARTESIAN_POINT('',(-15.,36.,42.));
#10338 = VECTOR('',#10339,1.);
#10339 = DIRECTION('',(0.,0.,1.));
#10340 = PCURVE('',#8977,#10341);
#10341 = DEFINITIONAL_REPRESENTATION('',(#10342),#10345);
#10342 = B_SPLINE_CURVE_WITH_KNOTS('',1,(#10343,#10344),.UNSPECIFIED.,
  .F.,.F.,(2,2),(-7.5,2.5),.PIECEWISE_BEZIER_KNOTS.);
#10343 = CARTESIAN_POINT('',(10.,-0.35));
#10344 = CARTESIAN_POINT('',(0.,-0.35));
#10345 = ( GEOMETRIC_REPRESENTATION_CONTEXT(2) 
PARAMETRIC_REPRESENTATION_CONTEXT() REPRESENTATION_CONTEXT('2D SPACE',''
  ) );
#10346 = PCURVE('',#9217,#10347);
#10347 = DEFINITIONAL_REPRESENTATION('',(#10348),#10351);
#10348 = B_SPLINE_CURVE_WITH_KNOTS('',1,(#10349,#10350),.UNSPECIFIED.,
  .F.,.F.,(2,2),(-7.5,2.5),.PIECEWISE_BEZIER_KNOTS.);
#10349 = CARTESIAN_POINT('',(-5.,0.));
#10350 = CARTESIAN_POINT('',(5.,0.));
#10351 = ( GEOMETRIC_REPRESENTATION_CONTEXT(2) 
PARAMETRIC_REPRESENTATION_CONTEXT() REPRESENTATION_CONTEXT('2D SPACE',''
  ) );
#10352 = ORIENTED_EDGE('',*,*,#10087,.F.);
#10353 = ADVANCED_FACE('',(#10354),#9082,.F.);
#10354 = FACE_BOUND('',#10355,.F.);
#10355 = EDGE_LOOP('',(#10356,#10357,#10380,#10403,#10424,#10425,#10446,
    #10468,#10469,#10491));
#10356 = ORIENTED_EDGE('',*,*,#9063,.F.);
#10357 = ORIENTED_EDGE('',*,*,#10358,.F.);
#10358 = EDGE_CURVE('',#10359,#9036,#10361,.T.);
#10359 = VERTEX_POINT('',#10360);
#10360 = CARTESIAN_POINT('',(-15.,36.,41.2));
#10361 = SURFACE_CURVE('',#10362,(#10366,#10373),.PCURVE_S1.);
#10362 = LINE('',#10363,#10364);
#10363 = CARTESIAN_POINT('',(-15.,23.5,41.2));
#10364 = VECTOR('',#10365,1.);
#10365 = DIRECTION('',(0.,1.,0.));
#10366 = PCURVE('',#9082,#10367);
#10367 = DEFINITIONAL_REPRESENTATION('',(#10368),#10372);
#10368 = LINE('',#10369,#10370);
#10369 = CARTESIAN_POINT('',(0.,-0.));
#10370 = VECTOR('',#10371,1.);
#10371 = DIRECTION('',(0.,1.));
#10372 = ( GEOMETRIC_REPRESENTATION_CONTEXT(2) 
PARAMETRIC_REPRESENTATION_CONTEXT() REPRESENTATION_CONTEXT('2D SPACE',''
  ) );
#10373 = PCURVE('',#9051,#10374);
#10374 = DEFINITIONAL_REPRESENTATION('',(#10375),#10379);
#10375 = LINE('',#10376,#10377);
#10376 = CARTESIAN_POINT('',(3.3,-12.85));
#10377 = VECTOR('',#10378,1.);
#10378 = DIRECTION('',(0.,1.));
#10379 = ( GEOMETRIC_REPRESENTATION_CONTEXT(2) 
PARAMETRIC_REPRESENTATION_CONTEXT() REPRESENTATION_CONTEXT('2D SPACE',''
  ) );
#10380 = ORIENTED_EDGE('',*,*,#10381,.F.);
#10381 = EDGE_CURVE('',#10382,#10359,#10384,.T.);
#10382 = VERTEX_POINT('',#10383);
#10383 = CARTESIAN_POINT('',(-15.,24.,41.2));
#10384 = SEAM_CURVE('',#10385,(#10389,#10396),.PCURVE_S1.);
#10385 = LINE('',#10386,#10387);
#10386 = CARTESIAN_POINT('',(-15.,23.5,41.2));
#10387 = VECTOR('',#10388,1.);
#10388 = DIRECTION('',(0.,1.,0.));
#10389 = PCURVE('',#9082,#10390);
#10390 = DEFINITIONAL_REPRESENTATION('',(#10391),#10395);
#10391 = LINE('',#10392,#10393);
#10392 = CARTESIAN_POINT('',(6.28318530718,-0.));
#10393 = VECTOR('',#10394,1.);
#10394 = DIRECTION('',(0.,1.));
#10395 = ( GEOMETRIC_REPRESENTATION_CONTEXT(2) 
PARAMETRIC_REPRESENTATION_CONTEXT() REPRESENTATION_CONTEXT('2D SPACE',''
  ) );
#10396 = PCURVE('',#9082,#10397);
#10397 = DEFINITIONAL_REPRESENTATION('',(#10398),#10402);
#10398 = LINE('',#10399,#10400);
#10399 = CARTESIAN_POINT('',(0.,-0.));
#10400 = VECTOR('',#10401,1.);
#10401 = DIRECTION('',(0.,1.));
#10402 = ( GEOMETRIC_REPRESENTATION_CONTEXT(2) 
PARAMETRIC_REPRESENTATION_CONTEXT() REPRESENTATION_CONTEXT('2D SPACE',''
  ) );
#10403 = ORIENTED_EDGE('',*,*,#10404,.F.);
#10404 = EDGE_CURVE('',#9307,#10382,#10405,.T.);
#10405 = SURFACE_CURVE('',#10406,(#10410,#10417),.PCURVE_S1.);
#10406 = LINE('',#10407,#10408);
#10407 = CARTESIAN_POINT('',(-15.,23.5,41.2));
#10408 = VECTOR('',#10409,1.);
#10409 = DIRECTION('',(0.,1.,0.));
#10410 = PCURVE('',#9082,#10411);
#10411 = DEFINITIONAL_REPRESENTATION('',(#10412),#10416);
#10412 = LINE('',#10413,#10414);
#10413 = CARTESIAN_POINT('',(0.,-0.));
#10414 = VECTOR('',#10415,1.);
#10415 = DIRECTION('',(0.,1.));
#10416 = ( GEOMETRIC_REPRESENTATION_CONTEXT(2) 
PARAMETRIC_REPRESENTATION_CONTEXT() REPRESENTATION_CONTEXT('2D SPACE',''
  ) );
#10417 = PCURVE('',#9138,#10418);
#10418 = DEFINITIONAL_REPRESENTATION('',(#10419),#10423);
#10419 = LINE('',#10420,#10421);
#10420 = CARTESIAN_POINT('',(3.3,-12.85));
#10421 = VECTOR('',#10422,1.);
#10422 = DIRECTION('',(0.,1.));
#10423 = ( GEOMETRIC_REPRESENTATION_CONTEXT(2) 
PARAMETRIC_REPRESENTATION_CONTEXT() REPRESENTATION_CONTEXT('2D SPACE',''
  ) );
#10424 = ORIENTED_EDGE('',*,*,#9329,.T.);
#10425 = ORIENTED_EDGE('',*,*,#10426,.T.);
#10426 = EDGE_CURVE('',#9253,#10427,#10429,.T.);
#10427 = VERTEX_POINT('',#10428);
#10428 = CARTESIAN_POINT('',(-15.,24.,37.8));
#10429 = SURFACE_CURVE('',#10430,(#10434,#10440),.PCURVE_S1.);
#10430 = LINE('',#10431,#10432);
#10431 = CARTESIAN_POINT('',(-15.,23.5,37.8));
#10432 = VECTOR('',#10433,1.);
#10433 = DIRECTION('',(0.,1.,0.));
#10434 = PCURVE('',#9082,#10435);
#10435 = DEFINITIONAL_REPRESENTATION('',(#10436),#10439);
#10436 = B_SPLINE_CURVE_WITH_KNOTS('',1,(#10437,#10438),.UNSPECIFIED.,
  .F.,.F.,(2,2),(0.115,0.535),.PIECEWISE_BEZIER_KNOTS.);
#10437 = CARTESIAN_POINT('',(3.14159265359,0.115));
#10438 = CARTESIAN_POINT('',(3.14159265359,0.535));
#10439 = ( GEOMETRIC_REPRESENTATION_CONTEXT(2) 
PARAMETRIC_REPRESENTATION_CONTEXT() REPRESENTATION_CONTEXT('2D SPACE',''
  ) );
#10440 = PCURVE('',#9270,#10441);
#10441 = DEFINITIONAL_REPRESENTATION('',(#10442),#10445);
#10442 = B_SPLINE_CURVE_WITH_KNOTS('',1,(#10443,#10444),.UNSPECIFIED.,
  .F.,.F.,(2,2),(0.115,0.535),.PIECEWISE_BEZIER_KNOTS.);
#10443 = CARTESIAN_POINT('',(6.7,-12.735));
#10444 = CARTESIAN_POINT('',(6.7,-12.315));
#10445 = ( GEOMETRIC_REPRESENTATION_CONTEXT(2) 
PARAMETRIC_REPRESENTATION_CONTEXT() REPRESENTATION_CONTEXT('2D SPACE',''
  ) );
#10446 = ORIENTED_EDGE('',*,*,#10447,.T.);
#10447 = EDGE_CURVE('',#10427,#10382,#10448,.T.);
#10448 = SURFACE_CURVE('',#10449,(#10454,#10461),.PCURVE_S1.);
#10449 = CIRCLE('',#10450,1.7);
#10450 = AXIS2_PLACEMENT_3D('',#10451,#10452,#10453);
#10451 = CARTESIAN_POINT('',(-15.,24.,39.5));
#10452 = DIRECTION('',(0.,1.,0.));
#10453 = DIRECTION('',(0.,-0.,1.));
#10454 = PCURVE('',#9082,#10455);
#10455 = DEFINITIONAL_REPRESENTATION('',(#10456),#10460);
#10456 = LINE('',#10457,#10458);
#10457 = CARTESIAN_POINT('',(0.,0.5));
#10458 = VECTOR('',#10459,1.);
#10459 = DIRECTION('',(1.,0.));
#10460 = ( GEOMETRIC_REPRESENTATION_CONTEXT(2) 
PARAMETRIC_REPRESENTATION_CONTEXT() REPRESENTATION_CONTEXT('2D SPACE',''
  ) );
#10461 = PCURVE('',#9165,#10462);
#10462 = DEFINITIONAL_REPRESENTATION('',(#10463),#10467);
#10463 = CIRCLE('',#10464,1.7);
#10464 = AXIS2_PLACEMENT_2D('',#10465,#10466);
#10465 = CARTESIAN_POINT('',(0.,0.));
#10466 = DIRECTION('',(1.,0.));
#10467 = ( GEOMETRIC_REPRESENTATION_CONTEXT(2) 
PARAMETRIC_REPRESENTATION_CONTEXT() REPRESENTATION_CONTEXT('2D SPACE',''
  ) );
#10468 = ORIENTED_EDGE('',*,*,#10381,.T.);
#10469 = ORIENTED_EDGE('',*,*,#10470,.F.);
#10470 = EDGE_CURVE('',#10314,#10359,#10471,.T.);
#10471 = SURFACE_CURVE('',#10472,(#10477,#10484),.PCURVE_S1.);
#10472 = CIRCLE('',#10473,1.7);
#10473 = AXIS2_PLACEMENT_3D('',#10474,#10475,#10476);
#10474 = CARTESIAN_POINT('',(-15.,36.,39.5));
#10475 = DIRECTION('',(0.,1.,0.));
#10476 = DIRECTION('',(0.,-0.,1.));
#10477 = PCURVE('',#9082,#10478);
#10478 = DEFINITIONAL_REPRESENTATION('',(#10479),#10483);
#10479 = LINE('',#10480,#10481);
#10480 = CARTESIAN_POINT('',(0.,12.5));
#10481 = VECTOR('',#10482,1.);
#10482 = DIRECTION('',(1.,0.));
#10483 = ( GEOMETRIC_REPRESENTATION_CONTEXT(2) 
PARAMETRIC_REPRESENTATION_CONTEXT() REPRESENTATION_CONTEXT('2D SPACE',''
  ) );
#10484 = PCURVE('',#9217,#10485);
#10485 = DEFINITIONAL_REPRESENTATION('',(#10486),#10490);
#10486 = CIRCLE('',#10487,1.7);
#10487 = AXIS2_PLACEMENT_2D('',#10488,#10489);
#10488 = CARTESIAN_POINT('',(0.,0.));
#10489 = DIRECTION('',(1.,0.));
#10490 = ( GEOMETRIC_REPRESENTATION_CONTEXT(2) 
PARAMETRIC_REPRESENTATION_CONTEXT() REPRESENTATION_CONTEXT('2D SPACE',''
  ) );
#10491 = ORIENTED_EDGE('',*,*,#10313,.T.);
#10492 = ADVANCED_FACE('',(#10493),#9051,.F.);
#10493 = FACE_BOUND('',#10494,.F.);
#10494 = EDGE_LOOP('',(#10495,#10496,#10497,#10516));
#10495 = ORIENTED_EDGE('',*,*,#9035,.F.);
#10496 = ORIENTED_EDGE('',*,*,#9228,.T.);
#10497 = ORIENTED_EDGE('',*,*,#10498,.F.);
#10498 = EDGE_CURVE('',#10359,#9203,#10499,.T.);
#10499 = SURFACE_CURVE('',#10500,(#10504,#10510),.PCURVE_S1.);
#10500 = LINE('',#10501,#10502);
#10501 = CARTESIAN_POINT('',(-15.,36.,42.));
#10502 = VECTOR('',#10503,1.);
#10503 = DIRECTION('',(0.,0.,1.));
#10504 = PCURVE('',#9051,#10505);
#10505 = DEFINITIONAL_REPRESENTATION('',(#10506),#10509);
#10506 = B_SPLINE_CURVE_WITH_KNOTS('',1,(#10507,#10508),.UNSPECIFIED.,
  .F.,.F.,(2,2),(-7.5,2.5),.PIECEWISE_BEZIER_KNOTS.);
#10507 = CARTESIAN_POINT('',(10.,-0.35));
#10508 = CARTESIAN_POINT('',(0.,-0.35));
#10509 = ( GEOMETRIC_REPRESENTATION_CONTEXT(2) 
PARAMETRIC_REPRESENTATION_CONTEXT() REPRESENTATION_CONTEXT('2D SPACE',''
  ) );
#10510 = PCURVE('',#9217,#10511);
#10511 = DEFINITIONAL_REPRESENTATION('',(#10512),#10515);
#10512 = B_SPLINE_CURVE_WITH_KNOTS('',1,(#10513,#10514),.UNSPECIFIED.,
  .F.,.F.,(2,2),(-7.5,2.5),.PIECEWISE_BEZIER_KNOTS.);
#10513 = CARTESIAN_POINT('',(-5.,0.));
#10514 = CARTESIAN_POINT('',(5.,0.));
#10515 = ( GEOMETRIC_REPRESENTATION_CONTEXT(2) 
PARAMETRIC_REPRESENTATION_CONTEXT() REPRESENTATION_CONTEXT('2D SPACE',''
  ) );
#10516 = ORIENTED_EDGE('',*,*,#10358,.T.);
#10517 = ADVANCED_FACE('',(#10518),#9217,.T.);
#10518 = FACE_BOUND('',#10519,.T.);
#10519 = EDGE_LOOP('',(#10520,#10521,#10543,#10544,#10545,#10546));
#10520 = ORIENTED_EDGE('',*,*,#10110,.F.);
#10521 = ORIENTED_EDGE('',*,*,#10522,.T.);
#10522 = EDGE_CURVE('',#10111,#9177,#10523,.T.);
#10523 = SURFACE_CURVE('',#10524,(#10529,#10536),.PCURVE_S1.);
#10524 = CIRCLE('',#10525,6.4);
#10525 = AXIS2_PLACEMENT_3D('',#10526,#10527,#10528);
#10526 = CARTESIAN_POINT('',(-15.,36.,39.5));
#10527 = DIRECTION('',(0.,1.,0.));
#10528 = DIRECTION('',(0.624218261107,0.,-0.78125));
#10529 = PCURVE('',#9217,#10530);
#10530 = DEFINITIONAL_REPRESENTATION('',(#10531),#10535);
#10531 = CIRCLE('',#10532,6.4);
#10532 = AXIS2_PLACEMENT_2D('',#10533,#10534);
#10533 = CARTESIAN_POINT('',(0.,0.));
#10534 = DIRECTION('',(-0.78125,0.624218261107));
#10535 = ( GEOMETRIC_REPRESENTATION_CONTEXT(2) 
PARAMETRIC_REPRESENTATION_CONTEXT() REPRESENTATION_CONTEXT('2D SPACE',''
  ) );
#10536 = PCURVE('',#9191,#10537);
#10537 = DEFINITIONAL_REPRESENTATION('',(#10538),#10542);
#10538 = LINE('',#10539,#10540);
#10539 = CARTESIAN_POINT('',(2.467462146922,12.));
#10540 = VECTOR('',#10541,1.);
#10541 = DIRECTION('',(1.,0.));
#10542 = ( GEOMETRIC_REPRESENTATION_CONTEXT(2) 
PARAMETRIC_REPRESENTATION_CONTEXT() REPRESENTATION_CONTEXT('2D SPACE',''
  ) );
#10543 = ORIENTED_EDGE('',*,*,#9202,.F.);
#10544 = ORIENTED_EDGE('',*,*,#10498,.F.);
#10545 = ORIENTED_EDGE('',*,*,#10470,.F.);
#10546 = ORIENTED_EDGE('',*,*,#10334,.F.);
#10547 = ADVANCED_FACE('',(#10548),#9191,.T.);
#10548 = FACE_BOUND('',#10549,.T.);
#10549 = EDGE_LOOP('',(#10550,#10551,#10552,#10574));
#10550 = ORIENTED_EDGE('',*,*,#10522,.F.);
#10551 = ORIENTED_EDGE('',*,*,#10131,.F.);
#10552 = ORIENTED_EDGE('',*,*,#10553,.T.);
#10553 = EDGE_CURVE('',#10132,#9151,#10554,.T.);
#10554 = SURFACE_CURVE('',#10555,(#10560,#10567),.PCURVE_S1.);
#10555 = CIRCLE('',#10556,6.4);
#10556 = AXIS2_PLACEMENT_3D('',#10557,#10558,#10559);
#10557 = CARTESIAN_POINT('',(-15.,24.,39.5));
#10558 = DIRECTION('',(0.,1.,0.));
#10559 = DIRECTION('',(0.624218261107,0.,-0.78125));
#10560 = PCURVE('',#9191,#10561);
#10561 = DEFINITIONAL_REPRESENTATION('',(#10562),#10566);
#10562 = LINE('',#10563,#10564);
#10563 = CARTESIAN_POINT('',(2.467462146922,0.));
#10564 = VECTOR('',#10565,1.);
#10565 = DIRECTION('',(1.,0.));
#10566 = ( GEOMETRIC_REPRESENTATION_CONTEXT(2) 
PARAMETRIC_REPRESENTATION_CONTEXT() REPRESENTATION_CONTEXT('2D SPACE',''
  ) );
#10567 = PCURVE('',#9165,#10568);
#10568 = DEFINITIONAL_REPRESENTATION('',(#10569),#10573);
#10569 = CIRCLE('',#10570,6.4);
#10570 = AXIS2_PLACEMENT_2D('',#10571,#10572);
#10571 = CARTESIAN_POINT('',(0.,0.));
#10572 = DIRECTION('',(-0.78125,0.624218261107));
#10573 = ( GEOMETRIC_REPRESENTATION_CONTEXT(2) 
PARAMETRIC_REPRESENTATION_CONTEXT() REPRESENTATION_CONTEXT('2D SPACE',''
  ) );
#10574 = ORIENTED_EDGE('',*,*,#9176,.T.);
#10575 = ADVANCED_FACE('',(#10576),#9165,.F.);
#10576 = FACE_BOUND('',#10577,.F.);
#10577 = EDGE_LOOP('',(#10578,#10579,#10580,#10581,#10600,#10601));
#10578 = ORIENTED_EDGE('',*,*,#10152,.F.);
#10579 = ORIENTED_EDGE('',*,*,#10553,.T.);
#10580 = ORIENTED_EDGE('',*,*,#9150,.F.);
#10581 = ORIENTED_EDGE('',*,*,#10582,.F.);
#10582 = EDGE_CURVE('',#10382,#9123,#10583,.T.);
#10583 = SURFACE_CURVE('',#10584,(#10588,#10594),.PCURVE_S1.);
#10584 = LINE('',#10585,#10586);
#10585 = CARTESIAN_POINT('',(-15.,24.,42.));
#10586 = VECTOR('',#10587,1.);
#10587 = DIRECTION('',(0.,0.,1.));
#10588 = PCURVE('',#9165,#10589);
#10589 = DEFINITIONAL_REPRESENTATION('',(#10590),#10593);
#10590 = B_SPLINE_CURVE_WITH_KNOTS('',1,(#10591,#10592),.UNSPECIFIED.,
  .F.,.F.,(2,2),(-7.5,2.5),.PIECEWISE_BEZIER_KNOTS.);
#10591 = CARTESIAN_POINT('',(-5.,0.));
#10592 = CARTESIAN_POINT('',(5.,0.));
#10593 = ( GEOMETRIC_REPRESENTATION_CONTEXT(2) 
PARAMETRIC_REPRESENTATION_CONTEXT() REPRESENTATION_CONTEXT('2D SPACE',''
  ) );
#10594 = PCURVE('',#9138,#10595);
#10595 = DEFINITIONAL_REPRESENTATION('',(#10596),#10599);
#10596 = B_SPLINE_CURVE_WITH_KNOTS('',1,(#10597,#10598),.UNSPECIFIED.,
  .F.,.F.,(2,2),(-7.5,2.5),.PIECEWISE_BEZIER_KNOTS.);
#10597 = CARTESIAN_POINT('',(10.,-12.35));
#10598 = CARTESIAN_POINT('',(0.,-12.35));
#10599 = ( GEOMETRIC_REPRESENTATION_CONTEXT(2) 
PARAMETRIC_REPRESENTATION_CONTEXT() REPRESENTATION_CONTEXT('2D SPACE',''
  ) );
#10600 = ORIENTED_EDGE('',*,*,#10447,.F.);
#10601 = ORIENTED_EDGE('',*,*,#10602,.F.);
#10602 = EDGE_CURVE('',#10153,#10427,#10603,.T.);
#10603 = SURFACE_CURVE('',#10604,(#10608,#10614),.PCURVE_S1.);
#10604 = LINE('',#10605,#10606);
#10605 = CARTESIAN_POINT('',(-15.,24.,42.));
#10606 = VECTOR('',#10607,1.);
#10607 = DIRECTION('',(0.,0.,1.));
#10608 = PCURVE('',#9165,#10609);
#10609 = DEFINITIONAL_REPRESENTATION('',(#10610),#10613);
#10610 = B_SPLINE_CURVE_WITH_KNOTS('',1,(#10611,#10612),.UNSPECIFIED.,
  .F.,.F.,(2,2),(-7.5,2.5),.PIECEWISE_BEZIER_KNOTS.);
#10611 = CARTESIAN_POINT('',(-5.,0.));
#10612 = CARTESIAN_POINT('',(5.,0.));
#10613 = ( GEOMETRIC_REPRESENTATION_CONTEXT(2) 
PARAMETRIC_REPRESENTATION_CONTEXT() REPRESENTATION_CONTEXT('2D SPACE',''
  ) );
#10614 = PCURVE('',#9270,#10615);
#10615 = DEFINITIONAL_REPRESENTATION('',(#10616),#10619);
#10616 = B_SPLINE_CURVE_WITH_KNOTS('',1,(#10617,#10618),.UNSPECIFIED.,
  .F.,.F.,(2,2),(-7.5,2.5),.PIECEWISE_BEZIER_KNOTS.);
#10617 = CARTESIAN_POINT('',(10.,-12.35));
#10618 = CARTESIAN_POINT('',(0.,-12.35));
#10619 = ( GEOMETRIC_REPRESENTATION_CONTEXT(2) 
PARAMETRIC_REPRESENTATION_CONTEXT() REPRESENTATION_CONTEXT('2D SPACE',''
  ) );
#10620 = ADVANCED_FACE('',(#10621),#9138,.F.);
#10621 = FACE_BOUND('',#10622,.F.);
#10622 = EDGE_LOOP('',(#10623,#10624,#10625,#10626));
#10623 = ORIENTED_EDGE('',*,*,#10404,.T.);
#10624 = ORIENTED_EDGE('',*,*,#10582,.T.);
#10625 = ORIENTED_EDGE('',*,*,#9122,.T.);
#10626 = ORIENTED_EDGE('',*,*,#9306,.T.);
#10627 = ADVANCED_FACE('',(#10628),#9270,.F.);
#10628 = FACE_BOUND('',#10629,.F.);
#10629 = EDGE_LOOP('',(#10630,#10631,#10632,#10633));
#10630 = ORIENTED_EDGE('',*,*,#10602,.T.);
#10631 = ORIENTED_EDGE('',*,*,#10426,.F.);
#10632 = ORIENTED_EDGE('',*,*,#9252,.T.);
#10633 = ORIENTED_EDGE('',*,*,#10173,.F.);
#10634 = ADVANCED_FACE('',(#10635),#9376,.F.);
#10635 = FACE_BOUND('',#10636,.F.);
#10636 = EDGE_LOOP('',(#10637,#10638,#10659,#10678));
#10637 = ORIENTED_EDGE('',*,*,#9358,.F.);
#10638 = ORIENTED_EDGE('',*,*,#10639,.F.);
#10639 = EDGE_CURVE('',#10640,#9359,#10642,.T.);
#10640 = VERTEX_POINT('',#10641);
#10641 = CARTESIAN_POINT('',(-15.,-24.,37.8));
#10642 = SURFACE_CURVE('',#10643,(#10647,#10653),.PCURVE_S1.);
#10643 = LINE('',#10644,#10645);
#10644 = CARTESIAN_POINT('',(-15.,-36.5,37.8));
#10645 = VECTOR('',#10646,1.);
#10646 = DIRECTION('',(0.,1.,0.));
#10647 = PCURVE('',#9376,#10648);
#10648 = DEFINITIONAL_REPRESENTATION('',(#10649),#10652);
#10649 = B_SPLINE_CURVE_WITH_KNOTS('',1,(#10650,#10651),.UNSPECIFIED.,
  .F.,.F.,(2,2),(12.465,12.885),.PIECEWISE_BEZIER_KNOTS.);
#10650 = CARTESIAN_POINT('',(6.7,-0.385));
#10651 = CARTESIAN_POINT('',(6.7,3.5E-02));
#10652 = ( GEOMETRIC_REPRESENTATION_CONTEXT(2) 
PARAMETRIC_REPRESENTATION_CONTEXT() REPRESENTATION_CONTEXT('2D SPACE',''
  ) );
#10653 = PCURVE('',#9481,#10654);
#10654 = DEFINITIONAL_REPRESENTATION('',(#10655),#10658);
#10655 = B_SPLINE_CURVE_WITH_KNOTS('',1,(#10656,#10657),.UNSPECIFIED.,
  .F.,.F.,(2,2),(12.465,12.885),.PIECEWISE_BEZIER_KNOTS.);
#10656 = CARTESIAN_POINT('',(3.14159265359,12.465));
#10657 = CARTESIAN_POINT('',(3.14159265359,12.885));
#10658 = ( GEOMETRIC_REPRESENTATION_CONTEXT(2) 
PARAMETRIC_REPRESENTATION_CONTEXT() REPRESENTATION_CONTEXT('2D SPACE',''
  ) );
#10659 = ORIENTED_EDGE('',*,*,#10660,.F.);
#10660 = EDGE_CURVE('',#10201,#10640,#10661,.T.);
#10661 = SURFACE_CURVE('',#10662,(#10666,#10672),.PCURVE_S1.);
#10662 = LINE('',#10663,#10664);
#10663 = CARTESIAN_POINT('',(-15.,-24.,42.));
#10664 = VECTOR('',#10665,1.);
#10665 = DIRECTION('',(0.,0.,1.));
#10666 = PCURVE('',#9376,#10667);
#10667 = DEFINITIONAL_REPRESENTATION('',(#10668),#10671);
#10668 = B_SPLINE_CURVE_WITH_KNOTS('',1,(#10669,#10670),.UNSPECIFIED.,
  .F.,.F.,(2,2),(-7.5,2.5),.PIECEWISE_BEZIER_KNOTS.);
#10669 = CARTESIAN_POINT('',(10.,-0.35));
#10670 = CARTESIAN_POINT('',(0.,-0.35));
#10671 = ( GEOMETRIC_REPRESENTATION_CONTEXT(2) 
PARAMETRIC_REPRESENTATION_CONTEXT() REPRESENTATION_CONTEXT('2D SPACE',''
  ) );
#10672 = PCURVE('',#9616,#10673);
#10673 = DEFINITIONAL_REPRESENTATION('',(#10674),#10677);
#10674 = B_SPLINE_CURVE_WITH_KNOTS('',1,(#10675,#10676),.UNSPECIFIED.,
  .F.,.F.,(2,2),(-7.5,2.5),.PIECEWISE_BEZIER_KNOTS.);
#10675 = CARTESIAN_POINT('',(-5.,0.));
#10676 = CARTESIAN_POINT('',(5.,0.));
#10677 = ( GEOMETRIC_REPRESENTATION_CONTEXT(2) 
PARAMETRIC_REPRESENTATION_CONTEXT() REPRESENTATION_CONTEXT('2D SPACE',''
  ) );
#10678 = ORIENTED_EDGE('',*,*,#10200,.F.);
#10679 = ADVANCED_FACE('',(#10680),#9481,.F.);
#10680 = FACE_BOUND('',#10681,.F.);
#10681 = EDGE_LOOP('',(#10682,#10683,#10706,#10729,#10750,#10751,#10772,
    #10794,#10795,#10817));
#10682 = ORIENTED_EDGE('',*,*,#9462,.F.);
#10683 = ORIENTED_EDGE('',*,*,#10684,.F.);
#10684 = EDGE_CURVE('',#10685,#9435,#10687,.T.);
#10685 = VERTEX_POINT('',#10686);
#10686 = CARTESIAN_POINT('',(-15.,-24.,41.2));
#10687 = SURFACE_CURVE('',#10688,(#10692,#10699),.PCURVE_S1.);
#10688 = LINE('',#10689,#10690);
#10689 = CARTESIAN_POINT('',(-15.,-36.5,41.2));
#10690 = VECTOR('',#10691,1.);
#10691 = DIRECTION('',(0.,1.,0.));
#10692 = PCURVE('',#9481,#10693);
#10693 = DEFINITIONAL_REPRESENTATION('',(#10694),#10698);
#10694 = LINE('',#10695,#10696);
#10695 = CARTESIAN_POINT('',(0.,-0.));
#10696 = VECTOR('',#10697,1.);
#10697 = DIRECTION('',(0.,1.));
#10698 = ( GEOMETRIC_REPRESENTATION_CONTEXT(2) 
PARAMETRIC_REPRESENTATION_CONTEXT() REPRESENTATION_CONTEXT('2D SPACE',''
  ) );
#10699 = PCURVE('',#9450,#10700);
#10700 = DEFINITIONAL_REPRESENTATION('',(#10701),#10705);
#10701 = LINE('',#10702,#10703);
#10702 = CARTESIAN_POINT('',(3.3,-12.85));
#10703 = VECTOR('',#10704,1.);
#10704 = DIRECTION('',(0.,1.));
#10705 = ( GEOMETRIC_REPRESENTATION_CONTEXT(2) 
PARAMETRIC_REPRESENTATION_CONTEXT() REPRESENTATION_CONTEXT('2D SPACE',''
  ) );
#10706 = ORIENTED_EDGE('',*,*,#10707,.F.);
#10707 = EDGE_CURVE('',#10708,#10685,#10710,.T.);
#10708 = VERTEX_POINT('',#10709);
#10709 = CARTESIAN_POINT('',(-15.,-36.,41.2));
#10710 = SEAM_CURVE('',#10711,(#10715,#10722),.PCURVE_S1.);
#10711 = LINE('',#10712,#10713);
#10712 = CARTESIAN_POINT('',(-15.,-36.5,41.2));
#10713 = VECTOR('',#10714,1.);
#10714 = DIRECTION('',(0.,1.,0.));
#10715 = PCURVE('',#9481,#10716);
#10716 = DEFINITIONAL_REPRESENTATION('',(#10717),#10721);
#10717 = LINE('',#10718,#10719);
#10718 = CARTESIAN_POINT('',(6.28318530718,-0.));
#10719 = VECTOR('',#10720,1.);
#10720 = DIRECTION('',(0.,1.));
#10721 = ( GEOMETRIC_REPRESENTATION_CONTEXT(2) 
PARAMETRIC_REPRESENTATION_CONTEXT() REPRESENTATION_CONTEXT('2D SPACE',''
  ) );
#10722 = PCURVE('',#9481,#10723);
#10723 = DEFINITIONAL_REPRESENTATION('',(#10724),#10728);
#10724 = LINE('',#10725,#10726);
#10725 = CARTESIAN_POINT('',(0.,-0.));
#10726 = VECTOR('',#10727,1.);
#10727 = DIRECTION('',(0.,1.));
#10728 = ( GEOMETRIC_REPRESENTATION_CONTEXT(2) 
PARAMETRIC_REPRESENTATION_CONTEXT() REPRESENTATION_CONTEXT('2D SPACE',''
  ) );
#10729 = ORIENTED_EDGE('',*,*,#10730,.F.);
#10730 = EDGE_CURVE('',#9706,#10708,#10731,.T.);
#10731 = SURFACE_CURVE('',#10732,(#10736,#10743),.PCURVE_S1.);
#10732 = LINE('',#10733,#10734);
#10733 = CARTESIAN_POINT('',(-15.,-36.5,41.2));
#10734 = VECTOR('',#10735,1.);
#10735 = DIRECTION('',(0.,1.,0.));
#10736 = PCURVE('',#9481,#10737);
#10737 = DEFINITIONAL_REPRESENTATION('',(#10738),#10742);
#10738 = LINE('',#10739,#10740);
#10739 = CARTESIAN_POINT('',(0.,-0.));
#10740 = VECTOR('',#10741,1.);
#10741 = DIRECTION('',(0.,1.));
#10742 = ( GEOMETRIC_REPRESENTATION_CONTEXT(2) 
PARAMETRIC_REPRESENTATION_CONTEXT() REPRESENTATION_CONTEXT('2D SPACE',''
  ) );
#10743 = PCURVE('',#9537,#10744);
#10744 = DEFINITIONAL_REPRESENTATION('',(#10745),#10749);
#10745 = LINE('',#10746,#10747);
#10746 = CARTESIAN_POINT('',(3.3,-12.85));
#10747 = VECTOR('',#10748,1.);
#10748 = DIRECTION('',(0.,1.));
#10749 = ( GEOMETRIC_REPRESENTATION_CONTEXT(2) 
PARAMETRIC_REPRESENTATION_CONTEXT() REPRESENTATION_CONTEXT('2D SPACE',''
  ) );
#10750 = ORIENTED_EDGE('',*,*,#9728,.T.);
#10751 = ORIENTED_EDGE('',*,*,#10752,.T.);
#10752 = EDGE_CURVE('',#9652,#10753,#10755,.T.);
#10753 = VERTEX_POINT('',#10754);
#10754 = CARTESIAN_POINT('',(-15.,-36.,37.8));
#10755 = SURFACE_CURVE('',#10756,(#10760,#10766),.PCURVE_S1.);
#10756 = LINE('',#10757,#10758);
#10757 = CARTESIAN_POINT('',(-15.,-36.5,37.8));
#10758 = VECTOR('',#10759,1.);
#10759 = DIRECTION('',(0.,1.,0.));
#10760 = PCURVE('',#9481,#10761);
#10761 = DEFINITIONAL_REPRESENTATION('',(#10762),#10765);
#10762 = B_SPLINE_CURVE_WITH_KNOTS('',1,(#10763,#10764),.UNSPECIFIED.,
  .F.,.F.,(2,2),(0.115,0.535),.PIECEWISE_BEZIER_KNOTS.);
#10763 = CARTESIAN_POINT('',(3.14159265359,0.115));
#10764 = CARTESIAN_POINT('',(3.14159265359,0.535));
#10765 = ( GEOMETRIC_REPRESENTATION_CONTEXT(2) 
PARAMETRIC_REPRESENTATION_CONTEXT() REPRESENTATION_CONTEXT('2D SPACE',''
  ) );
#10766 = PCURVE('',#9669,#10767);
#10767 = DEFINITIONAL_REPRESENTATION('',(#10768),#10771);
#10768 = B_SPLINE_CURVE_WITH_KNOTS('',1,(#10769,#10770),.UNSPECIFIED.,
  .F.,.F.,(2,2),(0.115,0.535),.PIECEWISE_BEZIER_KNOTS.);
#10769 = CARTESIAN_POINT('',(6.7,-12.735));
#10770 = CARTESIAN_POINT('',(6.7,-12.315));
#10771 = ( GEOMETRIC_REPRESENTATION_CONTEXT(2) 
PARAMETRIC_REPRESENTATION_CONTEXT() REPRESENTATION_CONTEXT('2D SPACE',''
  ) );
#10772 = ORIENTED_EDGE('',*,*,#10773,.T.);
#10773 = EDGE_CURVE('',#10753,#10708,#10774,.T.);
#10774 = SURFACE_CURVE('',#10775,(#10780,#10787),.PCURVE_S1.);
#10775 = CIRCLE('',#10776,1.7);
#10776 = AXIS2_PLACEMENT_3D('',#10777,#10778,#10779);
#10777 = CARTESIAN_POINT('',(-15.,-36.,39.5));
#10778 = DIRECTION('',(0.,1.,0.));
#10779 = DIRECTION('',(0.,-0.,1.));
#10780 = PCURVE('',#9481,#10781);
#10781 = DEFINITIONAL_REPRESENTATION('',(#10782),#10786);
#10782 = LINE('',#10783,#10784);
#10783 = CARTESIAN_POINT('',(0.,0.5));
#10784 = VECTOR('',#10785,1.);
#10785 = DIRECTION('',(1.,0.));
#10786 = ( GEOMETRIC_REPRESENTATION_CONTEXT(2) 
PARAMETRIC_REPRESENTATION_CONTEXT() REPRESENTATION_CONTEXT('2D SPACE',''
  ) );
#10787 = PCURVE('',#9564,#10788);
#10788 = DEFINITIONAL_REPRESENTATION('',(#10789),#10793);
#10789 = CIRCLE('',#10790,1.7);
#10790 = AXIS2_PLACEMENT_2D('',#10791,#10792);
#10791 = CARTESIAN_POINT('',(0.,0.));
#10792 = DIRECTION('',(1.,0.));
#10793 = ( GEOMETRIC_REPRESENTATION_CONTEXT(2) 
PARAMETRIC_REPRESENTATION_CONTEXT() REPRESENTATION_CONTEXT('2D SPACE',''
  ) );
#10794 = ORIENTED_EDGE('',*,*,#10707,.T.);
#10795 = ORIENTED_EDGE('',*,*,#10796,.F.);
#10796 = EDGE_CURVE('',#10640,#10685,#10797,.T.);
#10797 = SURFACE_CURVE('',#10798,(#10803,#10810),.PCURVE_S1.);
#10798 = CIRCLE('',#10799,1.7);
#10799 = AXIS2_PLACEMENT_3D('',#10800,#10801,#10802);
#10800 = CARTESIAN_POINT('',(-15.,-24.,39.5));
#10801 = DIRECTION('',(0.,1.,0.));
#10802 = DIRECTION('',(0.,-0.,1.));
#10803 = PCURVE('',#9481,#10804);
#10804 = DEFINITIONAL_REPRESENTATION('',(#10805),#10809);
#10805 = LINE('',#10806,#10807);
#10806 = CARTESIAN_POINT('',(0.,12.5));
#10807 = VECTOR('',#10808,1.);
#10808 = DIRECTION('',(1.,0.));
#10809 = ( GEOMETRIC_REPRESENTATION_CONTEXT(2) 
PARAMETRIC_REPRESENTATION_CONTEXT() REPRESENTATION_CONTEXT('2D SPACE',''
  ) );
#10810 = PCURVE('',#9616,#10811);
#10811 = DEFINITIONAL_REPRESENTATION('',(#10812),#10816);
#10812 = CIRCLE('',#10813,1.7);
#10813 = AXIS2_PLACEMENT_2D('',#10814,#10815);
#10814 = CARTESIAN_POINT('',(0.,0.));
#10815 = DIRECTION('',(1.,0.));
#10816 = ( GEOMETRIC_REPRESENTATION_CONTEXT(2) 
PARAMETRIC_REPRESENTATION_CONTEXT() REPRESENTATION_CONTEXT('2D SPACE',''
  ) );
#10817 = ORIENTED_EDGE('',*,*,#10639,.T.);
#10818 = ADVANCED_FACE('',(#10819),#9450,.F.);
#10819 = FACE_BOUND('',#10820,.F.);
#10820 = EDGE_LOOP('',(#10821,#10822,#10823,#10842));
#10821 = ORIENTED_EDGE('',*,*,#9434,.F.);
#10822 = ORIENTED_EDGE('',*,*,#9627,.T.);
#10823 = ORIENTED_EDGE('',*,*,#10824,.F.);
#10824 = EDGE_CURVE('',#10685,#9602,#10825,.T.);
#10825 = SURFACE_CURVE('',#10826,(#10830,#10836),.PCURVE_S1.);
#10826 = LINE('',#10827,#10828);
#10827 = CARTESIAN_POINT('',(-15.,-24.,42.));
#10828 = VECTOR('',#10829,1.);
#10829 = DIRECTION('',(0.,0.,1.));
#10830 = PCURVE('',#9450,#10831);
#10831 = DEFINITIONAL_REPRESENTATION('',(#10832),#10835);
#10832 = B_SPLINE_CURVE_WITH_KNOTS('',1,(#10833,#10834),.UNSPECIFIED.,
  .F.,.F.,(2,2),(-7.5,2.5),.PIECEWISE_BEZIER_KNOTS.);
#10833 = CARTESIAN_POINT('',(10.,-0.35));
#10834 = CARTESIAN_POINT('',(0.,-0.35));
#10835 = ( GEOMETRIC_REPRESENTATION_CONTEXT(2) 
PARAMETRIC_REPRESENTATION_CONTEXT() REPRESENTATION_CONTEXT('2D SPACE',''
  ) );
#10836 = PCURVE('',#9616,#10837);
#10837 = DEFINITIONAL_REPRESENTATION('',(#10838),#10841);
#10838 = B_SPLINE_CURVE_WITH_KNOTS('',1,(#10839,#10840),.UNSPECIFIED.,
  .F.,.F.,(2,2),(-7.5,2.5),.PIECEWISE_BEZIER_KNOTS.);
#10839 = CARTESIAN_POINT('',(-5.,0.));
#10840 = CARTESIAN_POINT('',(5.,0.));
#10841 = ( GEOMETRIC_REPRESENTATION_CONTEXT(2) 
PARAMETRIC_REPRESENTATION_CONTEXT() REPRESENTATION_CONTEXT('2D SPACE',''
  ) );
#10842 = ORIENTED_EDGE('',*,*,#10684,.T.);
#10843 = ADVANCED_FACE('',(#10844),#9616,.T.);
#10844 = FACE_BOUND('',#10845,.T.);
#10845 = EDGE_LOOP('',(#10846,#10847,#10869,#10870,#10871,#10872));
#10846 = ORIENTED_EDGE('',*,*,#10223,.F.);
#10847 = ORIENTED_EDGE('',*,*,#10848,.T.);
#10848 = EDGE_CURVE('',#10224,#9576,#10849,.T.);
#10849 = SURFACE_CURVE('',#10850,(#10855,#10862),.PCURVE_S1.);
#10850 = CIRCLE('',#10851,6.4);
#10851 = AXIS2_PLACEMENT_3D('',#10852,#10853,#10854);
#10852 = CARTESIAN_POINT('',(-15.,-24.,39.5));
#10853 = DIRECTION('',(0.,1.,0.));
#10854 = DIRECTION('',(0.624218261107,0.,-0.78125));
#10855 = PCURVE('',#9616,#10856);
#10856 = DEFINITIONAL_REPRESENTATION('',(#10857),#10861);
#10857 = CIRCLE('',#10858,6.4);
#10858 = AXIS2_PLACEMENT_2D('',#10859,#10860);
#10859 = CARTESIAN_POINT('',(0.,0.));
#10860 = DIRECTION('',(-0.78125,0.624218261107));
#10861 = ( GEOMETRIC_REPRESENTATION_CONTEXT(2) 
PARAMETRIC_REPRESENTATION_CONTEXT() REPRESENTATION_CONTEXT('2D SPACE',''
  ) );
#10862 = PCURVE('',#9590,#10863);
#10863 = DEFINITIONAL_REPRESENTATION('',(#10864),#10868);
#10864 = LINE('',#10865,#10866);
#10865 = CARTESIAN_POINT('',(2.467462146922,12.));
#10866 = VECTOR('',#10867,1.);
#10867 = DIRECTION('',(1.,0.));
#10868 = ( GEOMETRIC_REPRESENTATION_CONTEXT(2) 
PARAMETRIC_REPRESENTATION_CONTEXT() REPRESENTATION_CONTEXT('2D SPACE',''
  ) );
#10869 = ORIENTED_EDGE('',*,*,#9601,.F.);
#10870 = ORIENTED_EDGE('',*,*,#10824,.F.);
#10871 = ORIENTED_EDGE('',*,*,#10796,.F.);
#10872 = ORIENTED_EDGE('',*,*,#10660,.F.);
#10873 = ADVANCED_FACE('',(#10874),#9590,.T.);
#10874 = FACE_BOUND('',#10875,.T.);
#10875 = EDGE_LOOP('',(#10876,#10877,#10878,#10900));
#10876 = ORIENTED_EDGE('',*,*,#10848,.F.);
#10877 = ORIENTED_EDGE('',*,*,#10244,.F.);
#10878 = ORIENTED_EDGE('',*,*,#10879,.T.);
#10879 = EDGE_CURVE('',#10245,#9550,#10880,.T.);
#10880 = SURFACE_CURVE('',#10881,(#10886,#10893),.PCURVE_S1.);
#10881 = CIRCLE('',#10882,6.4);
#10882 = AXIS2_PLACEMENT_3D('',#10883,#10884,#10885);
#10883 = CARTESIAN_POINT('',(-15.,-36.,39.5));
#10884 = DIRECTION('',(0.,1.,0.));
#10885 = DIRECTION('',(0.624218261107,0.,-0.78125));
#10886 = PCURVE('',#9590,#10887);
#10887 = DEFINITIONAL_REPRESENTATION('',(#10888),#10892);
#10888 = LINE('',#10889,#10890);
#10889 = CARTESIAN_POINT('',(2.467462146922,0.));
#10890 = VECTOR('',#10891,1.);
#10891 = DIRECTION('',(1.,0.));
#10892 = ( GEOMETRIC_REPRESENTATION_CONTEXT(2) 
PARAMETRIC_REPRESENTATION_CONTEXT() REPRESENTATION_CONTEXT('2D SPACE',''
  ) );
#10893 = PCURVE('',#9564,#10894);
#10894 = DEFINITIONAL_REPRESENTATION('',(#10895),#10899);
#10895 = CIRCLE('',#10896,6.4);
#10896 = AXIS2_PLACEMENT_2D('',#10897,#10898);
#10897 = CARTESIAN_POINT('',(0.,0.));
#10898 = DIRECTION('',(-0.78125,0.624218261107));
#10899 = ( GEOMETRIC_REPRESENTATION_CONTEXT(2) 
PARAMETRIC_REPRESENTATION_CONTEXT() REPRESENTATION_CONTEXT('2D SPACE',''
  ) );
#10900 = ORIENTED_EDGE('',*,*,#9575,.T.);
#10901 = ADVANCED_FACE('',(#10902),#9564,.F.);
#10902 = FACE_BOUND('',#10903,.F.);
#10903 = EDGE_LOOP('',(#10904,#10905,#10906,#10907,#10926,#10927));
#10904 = ORIENTED_EDGE('',*,*,#10265,.F.);
#10905 = ORIENTED_EDGE('',*,*,#10879,.T.);
#10906 = ORIENTED_EDGE('',*,*,#9549,.F.);
#10907 = ORIENTED_EDGE('',*,*,#10908,.F.);
#10908 = EDGE_CURVE('',#10708,#9522,#10909,.T.);
#10909 = SURFACE_CURVE('',#10910,(#10914,#10920),.PCURVE_S1.);
#10910 = LINE('',#10911,#10912);
#10911 = CARTESIAN_POINT('',(-15.,-36.,42.));
#10912 = VECTOR('',#10913,1.);
#10913 = DIRECTION('',(0.,0.,1.));
#10914 = PCURVE('',#9564,#10915);
#10915 = DEFINITIONAL_REPRESENTATION('',(#10916),#10919);
#10916 = B_SPLINE_CURVE_WITH_KNOTS('',1,(#10917,#10918),.UNSPECIFIED.,
  .F.,.F.,(2,2),(-7.5,2.5),.PIECEWISE_BEZIER_KNOTS.);
#10917 = CARTESIAN_POINT('',(-5.,0.));
#10918 = CARTESIAN_POINT('',(5.,0.));
#10919 = ( GEOMETRIC_REPRESENTATION_CONTEXT(2) 
PARAMETRIC_REPRESENTATION_CONTEXT() REPRESENTATION_CONTEXT('2D SPACE',''
  ) );
#10920 = PCURVE('',#9537,#10921);
#10921 = DEFINITIONAL_REPRESENTATION('',(#10922),#10925);
#10922 = B_SPLINE_CURVE_WITH_KNOTS('',1,(#10923,#10924),.UNSPECIFIED.,
  .F.,.F.,(2,2),(-7.5,2.5),.PIECEWISE_BEZIER_KNOTS.);
#10923 = CARTESIAN_POINT('',(10.,-12.35));
#10924 = CARTESIAN_POINT('',(0.,-12.35));
#10925 = ( GEOMETRIC_REPRESENTATION_CONTEXT(2) 
PARAMETRIC_REPRESENTATION_CONTEXT() REPRESENTATION_CONTEXT('2D SPACE',''
  ) );
#10926 = ORIENTED_EDGE('',*,*,#10773,.F.);
#10927 = ORIENTED_EDGE('',*,*,#10928,.F.);
#10928 = EDGE_CURVE('',#10266,#10753,#10929,.T.);
#10929 = SURFACE_CURVE('',#10930,(#10934,#10940),.PCURVE_S1.);
#10930 = LINE('',#10931,#10932);
#10931 = CARTESIAN_POINT('',(-15.,-36.,42.));
#10932 = VECTOR('',#10933,1.);
#10933 = DIRECTION('',(0.,0.,1.));
#10934 = PCURVE('',#9564,#10935);
#10935 = DEFINITIONAL_REPRESENTATION('',(#10936),#10939);
#10936 = B_SPLINE_CURVE_WITH_KNOTS('',1,(#10937,#10938),.UNSPECIFIED.,
  .F.,.F.,(2,2),(-7.5,2.5),.PIECEWISE_BEZIER_KNOTS.);
#10937 = CARTESIAN_POINT('',(-5.,0.));
#10938 = CARTESIAN_POINT('',(5.,0.));
#10939 = ( GEOMETRIC_REPRESENTATION_CONTEXT(2) 
PARAMETRIC_REPRESENTATION_CONTEXT() REPRESENTATION_CONTEXT('2D SPACE',''
  ) );
#10940 = PCURVE('',#9669,#10941);
#10941 = DEFINITIONAL_REPRESENTATION('',(#10942),#10945);
#10942 = B_SPLINE_CURVE_WITH_KNOTS('',1,(#10943,#10944),.UNSPECIFIED.,
  .F.,.F.,(2,2),(-7.5,2.5),.PIECEWISE_BEZIER_KNOTS.);
#10943 = CARTESIAN_POINT('',(10.,-12.35));
#10944 = CARTESIAN_POINT('',(0.,-12.35));
#10945 = ( GEOMETRIC_REPRESENTATION_CONTEXT(2) 
PARAMETRIC_REPRESENTATION_CONTEXT() REPRESENTATION_CONTEXT('2D SPACE',''
  ) );
#10946 = ADVANCED_FACE('',(#10947),#9537,.F.);
#10947 = FACE_BOUND('',#10948,.F.);
#10948 = EDGE_LOOP('',(#10949,#10950,#10951,#10952));
#10949 = ORIENTED_EDGE('',*,*,#10730,.T.);
#10950 = ORIENTED_EDGE('',*,*,#10908,.T.);
#10951 = ORIENTED_EDGE('',*,*,#9521,.T.);
#10952 = ORIENTED_EDGE('',*,*,#9705,.T.);
#10953 = ADVANCED_FACE('',(#10954),#9669,.F.);
#10954 = FACE_BOUND('',#10955,.F.);
#10955 = EDGE_LOOP('',(#10956,#10957,#10958,#10959));
#10956 = ORIENTED_EDGE('',*,*,#10928,.T.);
#10957 = ORIENTED_EDGE('',*,*,#10752,.F.);
#10958 = ORIENTED_EDGE('',*,*,#9651,.T.);
#10959 = ORIENTED_EDGE('',*,*,#10286,.F.);
#10960 = ADVANCED_FACE('',(#10961),#9829,.T.);
#10961 = FACE_BOUND('',#10962,.T.);
#10962 = EDGE_LOOP('',(#10963,#10964,#10965,#10966,#10967,#10968));
#10963 = ORIENTED_EDGE('',*,*,#9890,.F.);
#10964 = ORIENTED_EDGE('',*,*,#9940,.T.);
#10965 = ORIENTED_EDGE('',*,*,#9989,.T.);
#10966 = ORIENTED_EDGE('',*,*,#10034,.F.);
#10967 = ORIENTED_EDGE('',*,*,#10062,.T.);
#10968 = ORIENTED_EDGE('',*,*,#9814,.T.);
#10969 = ( GEOMETRIC_REPRESENTATION_CONTEXT(3) 
GLOBAL_UNCERTAINTY_ASSIGNED_CONTEXT((#10973)) 
GLOBAL_UNIT_ASSIGNED_CONTEXT((#10970,#10971,#10972)) 
REPRESENTATION_CONTEXT('Context #1',
  '3D Context with UNIT and UNCERTAINTY') );
#10970 = ( LENGTH_UNIT() NAMED_UNIT(*) SI_UNIT(.MILLI.,.METRE.) );
#10971 = ( NAMED_UNIT(*) PLANE_ANGLE_UNIT() SI_UNIT($,.RADIAN.) );
#10972 = ( NAMED_UNIT(*) SI_UNIT($,.STERADIAN.) SOLID_ANGLE_UNIT() );
#10973 = UNCERTAINTY_MEASURE_WITH_UNIT(LENGTH_MEASURE(1.E-07),#10970,
  'distance_accuracy_value','confusion accuracy');
#10974 = CONTEXT_DEPENDENT_SHAPE_REPRESENTATION(#10975,#10977);
#10975 = ( REPRESENTATION_RELATIONSHIP('','',#7111,#10) 
REPRESENTATION_RELATIONSHIP_WITH_TRANSFORMATION(#10976) 
SHAPE_REPRESENTATION_RELATIONSHIP() );
#10976 = ITEM_DEFINED_TRANSFORMATION('','',#11,#23);
#10977 = PRODUCT_DEFINITION_SHAPE('Placement','Placement of an item',
  #10978);
#10978 = NEXT_ASSEMBLY_USAGE_OCCURRENCE('7','','',#5,#7106,$);
#10979 = PRODUCT_RELATED_PRODUCT_CATEGORY('part',$,(#7108));
ENDSEC;
END-ISO-10303-21;
